{"features":[{"geometry":{"coordinates":[81.3,8.486111],"type":"Point"},"id":"wattlas-plant-gemplant-l100000103519","properties":{"aliases":["Sampur power station","Unit 1","Unit 2","Unit 3","Unit 4","Unit 5","Unit 6"],"canonicalAnchor":"gemplant:L100000103519","canonicalCountryKey":"LK","capacityMw":0.0,"country":"LK","externalIdAliases":{"gemUnit":["G100000108772","G100000108773","G100000108774","G100000108775","G100000108776","G100000108777"]},"externalIds":{"gemPlant":"L100000103519","gemUnit":"G100000108777"},"geographyId":"LK-99731895B51072878877669","id":"wattlas-plant-gemplant-l100000103519","lifecycleCounts":{"cancelled":6},"locationPrecision":"exact","name":"Sampur power station","operatingCapacityCoverage":{"coveragePercent":0.0,"knownUnitCount":0,"method":"unavailable","totalUnitCount":0},"operatingCapacityMw":0.0,"operatingCapacityMwByTechnology":{},"plannedCapacityCoverage":{"coveragePercent":0.0,"knownUnitCount":0,"method":"unavailable","totalUnitCount":0},"plannedCapacityMw":0.0,"plannedCapacityMwByTechnology":{},"recordCount":6,"recordIds":["wattlas-record-gemunit-g100000108772","wattlas-record-gemunit-g100000108773","wattlas-record-gemunit-g100000108774","wattlas-record-gemunit-g100000108775","wattlas-record-gemunit-g100000108776","wattlas-record-gemunit-g100000108777"],"sourceIds":["gem-global-integrated-power-tracker"],"technologies":["coal"],"technologyMixMw":{"coal":0.0},"unitCount":6,"unitIds":["gem-unit-G100000108772","gem-unit-G100000108773","gem-unit-G100000108774","gem-unit-G100000108775","gem-unit-G100000108776","gem-unit-G100000108777"]},"type":"Feature"},{"geometry":{"coordinates":[79.961319,6.961286],"type":"Point"},"id":"wattlas-plant-gemplant-l100000408415","properties":{"aliases":["1-1:4","2-1:8","Sapugaskanda power station"],"canonicalAnchor":"gemplant:L100000408415","canonicalCountryKey":"LK","capacityMw":160.0,"country":"LK","externalIdAliases":{"gemUnit":["G100000411724","G100000411725"]},"externalIds":{"gemPlant":"L100000408415","gemUnit":"G100000411724"},"geographyId":"LK-99731895B46623695729728","id":"wattlas-plant-gemplant-l100000408415","lifecycleCounts":{"operational":2},"locationPrecision":"exact","name":"Sapugaskanda power station","operatingCapacityCoverage":{"coveragePercent":100.0,"knownUnitCount":2,"method":"complete_unit_sum","provenance":{"evidenceCount":0,"recordIds":["wattlas-record-gemunit-g100000411724","wattlas-record-gemunit-g100000411725"],"sourceIds":["gem-global-integrated-power-tracker"],"sourceTypes":["research_verified"],"valueKind":"reported"},"totalUnitCount":2},"operatingCapacityMw":160.0,"operatingCapacityMwByTechnology":{"gas":160.0},"plannedCapacityCoverage":{"coveragePercent":0.0,"knownUnitCount":0,"method":"unavailable","totalUnitCount":0},"plannedCapacityMw":0.0,"plannedCapacityMwByTechnology":{},"recordCount":2,"recordIds":["wattlas-record-gemunit-g100000411724","wattlas-record-gemunit-g100000411725"],"sourceIds":["gem-global-integrated-power-tracker"],"technologies":["gas"],"technologyMixMw":{"gas":160.0},"unitCount":2,"unitIds":["gem-unit-G100000411724","gem-unit-G100000411725"]},"type":"Feature"},{"geometry":{"coordinates":[80.849308,6.285029],"type":"Point"},"id":"wattlas-plant-gemplant-l100000408419","properties":{"aliases":["1:14","Ace Embilipitiya power station"],"canonicalAnchor":"gemplant:L100000408419","canonicalCountryKey":"LK","capacityMw":105.0,"country":"LK","externalIds":{"gemPlant":"L100000408419","gemUnit":"G100000411737"},"geographyId":"LK-99731895B16804022686405","id":"wattlas-plant-gemplant-l100000408419","lifecycleCounts":{"operational":1},"locationPrecision":"exact","name":"Ace Embilipitiya power station","operatingCapacityCoverage":{"coveragePercent":100.0,"knownUnitCount":1,"method":"complete_unit_sum","provenance":{"evidenceCount":0,"recordIds":["wattlas-record-gemunit-g100000411737"],"sourceIds":["gem-global-integrated-power-tracker"],"sourceTypes":["research_verified"],"valueKind":"reported"},"totalUnitCount":1},"operatingCapacityMw":105.0,"operatingCapacityMwByTechnology":{"oil":105.0},"plannedCapacityCoverage":{"coveragePercent":0.0,"knownUnitCount":0,"method":"unavailable","totalUnitCount":0},"plannedCapacityMw":0.0,"plannedCapacityMwByTechnology":{},"recordCount":1,"recordIds":["wattlas-record-gemunit-g100000411737"],"sourceIds":["gem-global-integrated-power-tracker"],"technologies":["oil"],"technologyMixMw":{"oil":105.0},"unitCount":1,"unitIds":["gem-unit-G100000411737"]},"type":"Feature"},{"geometry":{"coordinates":[80.5959,7.0585],"type":"Point"},"id":"wattlas-plant-gemplant-l100000603400","properties":{"aliases":["Kotmale hydroelectric plant"],"canonicalAnchor":"gemplant:L100000603400","canonicalCountryKey":"LK","capacityMw":201.0,"country":"LK","externalIds":{"gemPlant":"L100000603400","gemUnit":"G100000603435"},"geographyId":"LK-99731895B28050807675820","id":"wattlas-plant-gemplant-l100000603400","lifecycleCounts":{"operational":1},"locationPrecision":"exact","name":"Kotmale hydroelectric plant","operatingCapacityCoverage":{"coveragePercent":100.0,"knownUnitCount":1,"method":"complete_unit_sum","provenance":{"evidenceCount":0,"recordIds":["wattlas-record-gemunit-g100000603435"],"sourceIds":["gem-global-integrated-power-tracker"],"sourceTypes":["research_verified"],"valueKind":"reported"},"totalUnitCount":1},"operatingCapacityMw":201.0,"operatingCapacityMwByTechnology":{"hydro":201.0},"plannedCapacityCoverage":{"coveragePercent":0.0,"knownUnitCount":0,"method":"unavailable","totalUnitCount":0},"plannedCapacityMw":0.0,"plannedCapacityMwByTechnology":{},"recordCount":1,"recordIds":["wattlas-record-gemunit-g100000603435"],"sourceIds":["gem-global-integrated-power-tracker"],"technologies":["hydro"],"technologyMixMw":{"hydro":201.0},"unitCount":1,"unitIds":["gem-unit-G100000603435"]},"type":"Feature"},{"geometry":{"coordinates":[80.2846,6.6038],"type":"Point"},"id":"wattlas-plant-gemplant-l100000603401","properties":{"aliases":["Kukule Ganga hydroelectric plant"],"canonicalAnchor":"gemplant:L100000603401","canonicalCountryKey":"LK","capacityMw":70.0,"country":"LK","externalIds":{"gemPlant":"L100000603401","gemUnit":"G100000603436"},"geographyId":"LK-99731895B16804022686405","id":"wattlas-plant-gemplant-l100000603401","lifecycleCounts":{"operational":1},"locationPrecision":"exact","name":"Kukule Ganga hydroelectric plant","operatingCapacityCoverage":{"coveragePercent":100.0,"knownUnitCount":1,"method":"complete_unit_sum","provenance":{"evidenceCount":0,"recordIds":["wattlas-record-gemunit-g100000603436"],"sourceIds":["gem-global-integrated-power-tracker"],"sourceTypes":["research_verified"],"valueKind":"reported"},"totalUnitCount":1},"operatingCapacityMw":70.0,"operatingCapacityMwByTechnology":{"hydro":70.0},"plannedCapacityCoverage":{"coveragePercent":0.0,"knownUnitCount":0,"method":"unavailable","totalUnitCount":0},"plannedCapacityMw":0.0,"plannedCapacityMwByTechnology":{},"recordCount":1,"recordIds":["wattlas-record-gemunit-g100000603436"],"sourceIds":["gem-global-integrated-power-tracker"],"technologies":["hydro"],"technologyMixMw":{"hydro":70.0},"unitCount":1,"unitIds":["gem-unit-G100000603436"]},"type":"Feature"},{"geometry":{"coordinates":[80.4566,6.978],"type":"Point"},"id":"wattlas-plant-gemplant-l100000603403","properties":{"aliases":["Polpitiya hydroelectric plant"],"canonicalAnchor":"gemplant:L100000603403","canonicalCountryKey":"LK","capacityMw":75.0,"country":"LK","externalIds":{"gemPlant":"L100000603403","gemUnit":"G100000603438"},"geographyId":"LK-99731895B16804022686405","id":"wattlas-plant-gemplant-l100000603403","lifecycleCounts":{"operational":1},"locationPrecision":"exact","name":"Polpitiya hydroelectric plant","operatingCapacityCoverage":{"coveragePercent":100.0,"knownUnitCount":1,"method":"complete_unit_sum","provenance":{"evidenceCount":0,"recordIds":["wattlas-record-gemunit-g100000603438"],"sourceIds":["gem-global-integrated-power-tracker"],"sourceTypes":["research_verified"],"valueKind":"reported"},"totalUnitCount":1},"operatingCapacityMw":75.0,"operatingCapacityMwByTechnology":{"hydro":75.0},"plannedCapacityCoverage":{"coveragePercent":0.0,"knownUnitCount":0,"method":"unavailable","totalUnitCount":0},"plannedCapacityMw":0.0,"plannedCapacityMwByTechnology":{},"recordCount":1,"recordIds":["wattlas-record-gemunit-g100000603438"],"sourceIds":["gem-global-integrated-power-tracker"],"technologies":["hydro"],"technologyMixMw":{"hydro":75.0},"unitCount":1,"unitIds":["gem-unit-G100000603438"]},"type":"Feature"},{"geometry":{"coordinates":[80.9268,7.2021],"type":"Point"},"id":"wattlas-plant-gemplant-l100000603404","properties":{"aliases":["Randenigala hydroelectric plant"],"canonicalAnchor":"gemplant:L100000603404","canonicalCountryKey":"LK","capacityMw":122.0,"country":"LK","externalIds":{"gemPlant":"L100000603404","gemUnit":"G100000603439"},"geographyId":"LK-99731895B28050807675820","id":"wattlas-plant-gemplant-l100000603404","lifecycleCounts":{"operational":1},"locationPrecision":"exact","name":"Randenigala hydroelectric plant","operatingCapacityCoverage":{"coveragePercent":100.0,"knownUnitCount":1,"method":"complete_unit_sum","provenance":{"evidenceCount":0,"recordIds":["wattlas-record-gemunit-g100000603439"],"sourceIds":["gem-global-integrated-power-tracker"],"sourceTypes":["research_verified"],"valueKind":"reported"},"totalUnitCount":1},"operatingCapacityMw":122.0,"operatingCapacityMwByTechnology":{"hydro":122.0},"plannedCapacityCoverage":{"coveragePercent":0.0,"knownUnitCount":0,"method":"unavailable","totalUnitCount":0},"plannedCapacityMw":0.0,"plannedCapacityMwByTechnology":{},"recordCount":1,"recordIds":["wattlas-record-gemunit-g100000603439"],"sourceIds":["gem-global-integrated-power-tracker"],"technologies":["hydro"],"technologyMixMw":{"hydro":122.0},"unitCount":1,"unitIds":["gem-unit-G100000603439"]},"type":"Feature"},{"geometry":{"coordinates":[80.7993,6.6808],"type":"Point"},"id":"wattlas-plant-gemplant-l100000603405","properties":{"aliases":["Samanalawewa hydroelectric plant"],"canonicalAnchor":"gemplant:L100000603405","canonicalCountryKey":"LK","capacityMw":120.0,"country":"LK","externalIds":{"gemPlant":"L100000603405","gemUnit":"G100000603440"},"geographyId":"LK-99731895B16804022686405","id":"wattlas-plant-gemplant-l100000603405","lifecycleCounts":{"operational":1},"locationPrecision":"exact","name":"Samanalawewa hydroelectric plant","operatingCapacityCoverage":{"coveragePercent":100.0,"knownUnitCount":1,"method":"complete_unit_sum","provenance":{"evidenceCount":0,"recordIds":["wattlas-record-gemunit-g100000603440"],"sourceIds":["gem-global-integrated-power-tracker"],"sourceTypes":["research_verified"],"valueKind":"reported"},"totalUnitCount":1},"operatingCapacityMw":120.0,"operatingCapacityMwByTechnology":{"hydro":120.0},"plannedCapacityCoverage":{"coveragePercent":0.0,"knownUnitCount":0,"method":"unavailable","totalUnitCount":0},"plannedCapacityMw":0.0,"plannedCapacityMwByTechnology":{},"recordCount":1,"recordIds":["wattlas-record-gemunit-g100000603440"],"sourceIds":["gem-global-integrated-power-tracker"],"technologies":["hydro"],"technologyMixMw":{"hydro":120.0},"unitCount":1,"unitIds":["gem-unit-G100000603440"]},"type":"Feature"},{"geometry":{"coordinates":[80.9333,6.914],"type":"Point"},"id":"wattlas-plant-gemplant-l100000603406","properties":{"aliases":["Uma Oya hydroelectric plant"],"canonicalAnchor":"gemplant:L100000603406","canonicalCountryKey":"LK","capacityMw":120.0,"country":"LK","externalIds":{"gemPlant":"L100000603406","gemUnit":"G100000604904"},"geographyId":"LK-99731895B77537271836321","id":"wattlas-plant-gemplant-l100000603406","lifecycleCounts":{"operational":1},"locationPrecision":"exact","name":"Uma Oya hydroelectric plant","operatingCapacityCoverage":{"coveragePercent":100.0,"knownUnitCount":1,"method":"complete_unit_sum","provenance":{"evidenceCount":0,"recordIds":["wattlas-record-gemunit-g100000604904"],"sourceIds":["gem-global-integrated-power-tracker"],"sourceTypes":["research_verified"],"valueKind":"reported"},"totalUnitCount":1},"operatingCapacityMw":120.0,"operatingCapacityMwByTechnology":{"hydro":120.0},"plannedCapacityCoverage":{"coveragePercent":0.0,"knownUnitCount":0,"method":"unavailable","totalUnitCount":0},"plannedCapacityMw":0.0,"plannedCapacityMwByTechnology":{},"recordCount":1,"recordIds":["wattlas-record-gemunit-g100000604904"],"sourceIds":["gem-global-integrated-power-tracker"],"technologies":["hydro"],"technologyMixMw":{"hydro":120.0},"unitCount":1,"unitIds":["gem-unit-G100000604904"]},"type":"Feature"},{"geometry":{"coordinates":[80.6639,6.9415],"type":"Point"},"id":"wattlas-plant-gemplant-l100000603407","properties":{"aliases":["Upper Kotmale hydroelectric plant"],"canonicalAnchor":"gemplant:L100000603407","canonicalCountryKey":"LK","capacityMw":150.0,"country":"LK","externalIds":{"gemPlant":"L100000603407","gemUnit":"G100000603442"},"geographyId":"LK-99731895B28050807675820","id":"wattlas-plant-gemplant-l100000603407","lifecycleCounts":{"operational":1},"locationPrecision":"exact","name":"Upper Kotmale hydroelectric plant","operatingCapacityCoverage":{"coveragePercent":100.0,"knownUnitCount":1,"method":"complete_unit_sum","provenance":{"evidenceCount":0,"recordIds":["wattlas-record-gemunit-g100000603442"],"sourceIds":["gem-global-integrated-power-tracker"],"sourceTypes":["research_verified"],"valueKind":"reported"},"totalUnitCount":1},"operatingCapacityMw":150.0,"operatingCapacityMwByTechnology":{"hydro":150.0},"plannedCapacityCoverage":{"coveragePercent":0.0,"knownUnitCount":0,"method":"unavailable","totalUnitCount":0},"plannedCapacityMw":0.0,"plannedCapacityMwByTechnology":{},"recordCount":1,"recordIds":["wattlas-record-gemunit-g100000603442"],"sourceIds":["gem-global-integrated-power-tracker"],"technologies":["hydro"],"technologyMixMw":{"hydro":150.0},"unitCount":1,"unitIds":["gem-unit-G100000603442"]},"type":"Feature"},{"geometry":{"coordinates":[80.8062,7.2001],"type":"Point"},"id":"wattlas-plant-gemplant-l100000603408","properties":{"aliases":["Sri Lanka Victoria hydroelectric plant"],"canonicalAnchor":"gemplant:L100000603408","canonicalCountryKey":"LK","capacityMw":210.0,"country":"LK","externalIds":{"gemPlant":"L100000603408","gemUnit":"G100000603443"},"geographyId":"LK-99731895B28050807675820","id":"wattlas-plant-gemplant-l100000603408","lifecycleCounts":{"operational":1},"locationPrecision":"exact","name":"Sri Lanka Victoria hydroelectric plant","operatingCapacityCoverage":{"coveragePercent":100.0,"knownUnitCount":1,"method":"complete_unit_sum","provenance":{"evidenceCount":0,"recordIds":["wattlas-record-gemunit-g100000603443"],"sourceIds":["gem-global-integrated-power-tracker"],"sourceTypes":["research_verified"],"valueKind":"reported"},"totalUnitCount":1},"operatingCapacityMw":210.0,"operatingCapacityMwByTechnology":{"hydro":210.0},"plannedCapacityCoverage":{"coveragePercent":0.0,"knownUnitCount":0,"method":"unavailable","totalUnitCount":0},"plannedCapacityMw":0.0,"plannedCapacityMwByTechnology":{},"recordCount":1,"recordIds":["wattlas-record-gemunit-g100000603443"],"sourceIds":["gem-global-integrated-power-tracker"],"technologies":["hydro"],"technologyMixMw":{"hydro":210.0},"unitCount":1,"unitIds":["gem-unit-G100000603443"]},"type":"Feature"},{"geometry":{"coordinates":[81.0853,6.2312],"type":"Point"},"id":"wattlas-plant-gemplant-l100000801108","properties":{"aliases":["--","Laugfs solar farm"],"canonicalAnchor":"gemplant:L100000801108","canonicalCountryKey":"LK","capacityMw":20.0,"country":"LK","externalIds":{"gemPlant":"L100000801108","gemUnit":"G100000801274"},"geographyId":"LK-99731895B60977758614393","id":"wattlas-plant-gemplant-l100000801108","lifecycleCounts":{"operational":1},"locationPrecision":"exact","name":"Laugfs solar farm","operatingCapacityCoverage":{"coveragePercent":100.0,"knownUnitCount":1,"method":"complete_unit_sum","provenance":{"evidenceCount":0,"recordIds":["wattlas-record-gemunit-g100000801274"],"sourceIds":["gem-global-integrated-power-tracker"],"sourceTypes":["research_verified"],"valueKind":"reported"},"totalUnitCount":1},"operatingCapacityMw":20.0,"operatingCapacityMwByTechnology":{"solar":20.0},"plannedCapacityCoverage":{"coveragePercent":0.0,"knownUnitCount":0,"method":"unavailable","totalUnitCount":0},"plannedCapacityMw":0.0,"plannedCapacityMwByTechnology":{},"recordCount":1,"recordIds":["wattlas-record-gemunit-g100000801274"],"sourceIds":["gem-global-integrated-power-tracker"],"technologies":["solar"],"technologyMixMw":{"solar":20.0},"unitCount":1,"unitIds":["gem-unit-G100000801274"]},"type":"Feature"},{"geometry":{"coordinates":[81.5012,6.7525],"type":"Point"},"id":"wattlas-plant-gemplant-l100000801391","properties":{"aliases":["--","Rividhanavi solar farm"],"canonicalAnchor":"gemplant:L100000801391","canonicalCountryKey":"LK","capacityMw":100.0,"country":"LK","externalIds":{"gemPlant":"L100000801391","gemUnit":"G100000801595"},"geographyId":"LK-99731895B77537271836321","id":"wattlas-plant-gemplant-l100000801391","lifecycleCounts":{"under_construction":1},"locationPrecision":"exact","name":"Rividhanavi solar farm","operatingCapacityCoverage":{"coveragePercent":0.0,"knownUnitCount":0,"method":"unavailable","totalUnitCount":0},"operatingCapacityMw":0.0,"operatingCapacityMwByTechnology":{},"plannedCapacityCoverage":{"coveragePercent":100.0,"knownUnitCount":1,"method":"complete_unit_sum","provenance":{"evidenceCount":0,"recordIds":["wattlas-record-gemunit-g100000801595"],"sourceIds":["gem-global-integrated-power-tracker"],"sourceTypes":["research_verified"],"valueKind":"reported"},"totalUnitCount":1},"plannedCapacityMw":100.0,"plannedCapacityMwByTechnology":{"solar":100.0},"recordCount":1,"recordIds":["wattlas-record-gemunit-g100000801595"],"sourceIds":["gem-global-integrated-power-tracker"],"technologies":["solar"],"technologyMixMw":{"solar":100.0},"unitCount":1,"unitIds":["gem-unit-G100000801595"]},"type":"Feature"},{"geometry":{"coordinates":[81.2361,7.9758],"type":"Point"},"id":"wattlas-plant-gemplant-l100000831019","properties":{"aliases":["--","Magul Pokuna solar project"],"canonicalAnchor":"gemplant:L100000831019","canonicalCountryKey":"LK","capacityMw":13.4,"country":"LK","externalIds":{"gemPlant":"L100000831019","gemUnit":"G100000834914"},"geographyId":"LK-99731895B66209916164902","id":"wattlas-plant-gemplant-l100000831019","lifecycleCounts":{"operational":1},"locationPrecision":"exact","name":"Magul Pokuna solar project","operatingCapacityCoverage":{"coveragePercent":100.0,"knownUnitCount":1,"method":"complete_unit_sum","provenance":{"evidenceCount":0,"recordIds":["wattlas-record-gemunit-g100000834914"],"sourceIds":["gem-global-integrated-power-tracker"],"sourceTypes":["research_verified"],"valueKind":"reported"},"totalUnitCount":1},"operatingCapacityMw":13.4,"operatingCapacityMwByTechnology":{"solar":13.4},"plannedCapacityCoverage":{"coveragePercent":0.0,"knownUnitCount":0,"method":"unavailable","totalUnitCount":0},"plannedCapacityMw":0.0,"plannedCapacityMwByTechnology":{},"recordCount":1,"recordIds":["wattlas-record-gemunit-g100000834914"],"sourceIds":["gem-global-integrated-power-tracker"],"technologies":["solar"],"technologyMixMw":{"solar":13.4},"unitCount":1,"unitIds":["gem-unit-G100000834914"]},"type":"Feature"},{"geometry":{"coordinates":[79.7281,8.0096],"type":"Point"},"id":"wattlas-plant-gemplant-l100000901011-9ffbd9e0e5","properties":{"aliases":["2.0","3.0","Mampuri wind farm"],"canonicalAnchor":"gemplant:L100000901011","canonicalCountryKey":"LK","capacityMw":20.0,"country":"LK","externalIdAliases":{"gemUnit":["G100000901167","G100000901168"]},"externalIds":{"gemPlant":"L100000901011","gemUnit":"G100000901168"},"geographyId":"LK-99731895B5260290378804","id":"wattlas-plant-gemplant-l100000901011-9ffbd9e0e5","idAliases":["wattlas-plant-gemplant-l100000901011"],"lifecycleCounts":{"operational":2},"locationPrecision":"exact","name":"Mampuri wind farm","operatingCapacityCoverage":{"coveragePercent":100.0,"knownUnitCount":2,"method":"complete_unit_sum","provenance":{"evidenceCount":0,"recordIds":["wattlas-record-gemunit-g100000901167","wattlas-record-gemunit-g100000901168"],"sourceIds":["gem-global-integrated-power-tracker"],"sourceTypes":["research_verified"],"valueKind":"reported"},"totalUnitCount":2},"operatingCapacityMw":20.0,"operatingCapacityMwByTechnology":{"wind":20.0},"plannedCapacityCoverage":{"coveragePercent":0.0,"knownUnitCount":0,"method":"unavailable","totalUnitCount":0},"plannedCapacityMw":0.0,"plannedCapacityMwByTechnology":{},"recordCount":2,"recordIds":["wattlas-record-gemunit-g100000901167","wattlas-record-gemunit-g100000901168"],"sourceIds":["gem-global-integrated-power-tracker"],"technologies":["wind"],"technologyMixMw":{"wind":20.0},"unitCount":2,"unitIds":["gem-unit-G100000901167","gem-unit-G100000901168"]},"type":"Feature"},{"geometry":{"coordinates":[79.7411,7.9543],"type":"Point"},"id":"wattlas-plant-gemplant-l100000901051","properties":{"aliases":["--","Nirmalpura wind farm"],"canonicalAnchor":"gemplant:L100000901051","canonicalCountryKey":"LK","capacityMw":10.0,"country":"LK","externalIds":{"gemPlant":"L100000901051","gemUnit":"G100000901225"},"geographyId":"LK-99731895B5260290378804","id":"wattlas-plant-gemplant-l100000901051","lifecycleCounts":{"operational":1},"locationPrecision":"exact","name":"Nirmalpura wind farm","operatingCapacityCoverage":{"coveragePercent":100.0,"knownUnitCount":1,"method":"complete_unit_sum","provenance":{"evidenceCount":0,"recordIds":["wattlas-record-gemunit-g100000901225"],"sourceIds":["gem-global-integrated-power-tracker"],"sourceTypes":["research_verified"],"valueKind":"reported"},"totalUnitCount":1},"operatingCapacityMw":10.0,"operatingCapacityMwByTechnology":{"wind":10.0},"plannedCapacityCoverage":{"coveragePercent":0.0,"knownUnitCount":0,"method":"unavailable","totalUnitCount":0},"plannedCapacityMw":0.0,"plannedCapacityMwByTechnology":{},"recordCount":1,"recordIds":["wattlas-record-gemunit-g100000901225"],"sourceIds":["gem-global-integrated-power-tracker"],"technologies":["wind"],"technologyMixMw":{"wind":10.0},"unitCount":1,"unitIds":["gem-unit-G100000901225"]},"type":"Feature"},{"geometry":{"coordinates":[80.3422,9.5676],"type":"Point"},"id":"wattlas-plant-gemplant-l100000901052","properties":{"aliases":["--","Pollupalai wind farm"],"canonicalAnchor":"gemplant:L100000901052","canonicalCountryKey":"LK","capacityMw":10.0,"country":"LK","externalIds":{"gemPlant":"L100000901052","gemUnit":"G100000901226"},"geographyId":"LK-99731895B93054189817547","id":"wattlas-plant-gemplant-l100000901052","lifecycleCounts":{"operational":1},"locationPrecision":"exact","name":"Pollupalai wind farm","operatingCapacityCoverage":{"coveragePercent":100.0,"knownUnitCount":1,"method":"complete_unit_sum","provenance":{"evidenceCount":0,"recordIds":["wattlas-record-gemunit-g100000901226"],"sourceIds":["gem-global-integrated-power-tracker"],"sourceTypes":["research_verified"],"valueKind":"reported"},"totalUnitCount":1},"operatingCapacityMw":10.0,"operatingCapacityMwByTechnology":{"wind":10.0},"plannedCapacityCoverage":{"coveragePercent":0.0,"knownUnitCount":0,"method":"unavailable","totalUnitCount":0},"plannedCapacityMw":0.0,"plannedCapacityMwByTechnology":{},"recordCount":1,"recordIds":["wattlas-record-gemunit-g100000901226"],"sourceIds":["gem-global-integrated-power-tracker"],"technologies":["wind"],"technologyMixMw":{"wind":10.0},"unitCount":1,"unitIds":["gem-unit-G100000901226"]},"type":"Feature"},{"geometry":{"coordinates":[79.7759,7.9813],"type":"Point"},"id":"wattlas-plant-gemplant-l100000901053","properties":{"aliases":["--","Powergen Lank wind farm"],"canonicalAnchor":"gemplant:L100000901053","canonicalCountryKey":"LK","capacityMw":10.0,"country":"LK","externalIds":{"gemPlant":"L100000901053","gemUnit":"G100000901227"},"geographyId":"LK-99731895B5260290378804","id":"wattlas-plant-gemplant-l100000901053","lifecycleCounts":{"operational":1},"locationPrecision":"exact","name":"Powergen Lank wind farm","operatingCapacityCoverage":{"coveragePercent":100.0,"knownUnitCount":1,"method":"complete_unit_sum","provenance":{"evidenceCount":0,"recordIds":["wattlas-record-gemunit-g100000901227"],"sourceIds":["gem-global-integrated-power-tracker"],"sourceTypes":["research_verified"],"valueKind":"reported"},"totalUnitCount":1},"operatingCapacityMw":10.0,"operatingCapacityMwByTechnology":{"wind":10.0},"plannedCapacityCoverage":{"coveragePercent":0.0,"knownUnitCount":0,"method":"unavailable","totalUnitCount":0},"plannedCapacityMw":0.0,"plannedCapacityMwByTechnology":{},"recordCount":1,"recordIds":["wattlas-record-gemunit-g100000901227"],"sourceIds":["gem-global-integrated-power-tracker"],"technologies":["wind"],"technologyMixMw":{"wind":10.0},"unitCount":1,"unitIds":["gem-unit-G100000901227"]},"type":"Feature"},{"geometry":{"coordinates":[79.8034,8.0584],"type":"Point"},"id":"wattlas-plant-gemplant-l100000901054","properties":{"aliases":["--","Seguwantivu wind farm"],"canonicalAnchor":"gemplant:L100000901054","canonicalCountryKey":"LK","capacityMw":10.0,"country":"LK","externalIds":{"gemPlant":"L100000901054","gemUnit":"G100000901228"},"geographyId":"LK-99731895B5260290378804","id":"wattlas-plant-gemplant-l100000901054","lifecycleCounts":{"operational":1},"locationPrecision":"exact","name":"Seguwantivu wind farm","operatingCapacityCoverage":{"coveragePercent":100.0,"knownUnitCount":1,"method":"complete_unit_sum","provenance":{"evidenceCount":0,"recordIds":["wattlas-record-gemunit-g100000901228"],"sourceIds":["gem-global-integrated-power-tracker"],"sourceTypes":["research_verified"],"valueKind":"reported"},"totalUnitCount":1},"operatingCapacityMw":10.0,"operatingCapacityMwByTechnology":{"wind":10.0},"plannedCapacityCoverage":{"coveragePercent":0.0,"knownUnitCount":0,"method":"unavailable","totalUnitCount":0},"plannedCapacityMw":0.0,"plannedCapacityMwByTechnology":{},"recordCount":1,"recordIds":["wattlas-record-gemunit-g100000901228"],"sourceIds":["gem-global-integrated-power-tracker"],"technologies":["wind"],"technologyMixMw":{"wind":10.0},"unitCount":1,"unitIds":["gem-unit-G100000901228"]},"type":"Feature"},{"geometry":{"coordinates":[79.8058,8.0567],"type":"Point"},"id":"wattlas-plant-gemplant-l100000901056","properties":{"aliases":["--","Vidatamunai wind farm"],"canonicalAnchor":"gemplant:L100000901056","canonicalCountryKey":"LK","capacityMw":10.0,"country":"LK","externalIds":{"gemPlant":"L100000901056","gemUnit":"G100000901230"},"geographyId":"LK-99731895B5260290378804","id":"wattlas-plant-gemplant-l100000901056","lifecycleCounts":{"operational":1},"locationPrecision":"exact","name":"Vidatamunai wind farm","operatingCapacityCoverage":{"coveragePercent":100.0,"knownUnitCount":1,"method":"complete_unit_sum","provenance":{"evidenceCount":0,"recordIds":["wattlas-record-gemunit-g100000901230"],"sourceIds":["gem-global-integrated-power-tracker"],"sourceTypes":["research_verified"],"valueKind":"reported"},"totalUnitCount":1},"operatingCapacityMw":10.0,"operatingCapacityMwByTechnology":{"wind":10.0},"plannedCapacityCoverage":{"coveragePercent":0.0,"knownUnitCount":0,"method":"unavailable","totalUnitCount":0},"plannedCapacityMw":0.0,"plannedCapacityMwByTechnology":{},"recordCount":1,"recordIds":["wattlas-record-gemunit-g100000901230"],"sourceIds":["gem-global-integrated-power-tracker"],"technologies":["wind"],"technologyMixMw":{"wind":10.0},"unitCount":1,"unitIds":["gem-unit-G100000901230"]},"type":"Feature"},{"geometry":{"coordinates":[79.7878,9.0505],"type":"Point"},"id":"wattlas-plant-gemplant-l100000901098","properties":{"aliases":["1.0","2.0","3.0","Mannar wind farm"],"canonicalAnchor":"gemplant:L100000901098","canonicalCountryKey":"LK","capacityMw":300.0,"country":"LK","externalIdAliases":{"gemUnit":["G100000901279","G100001051207","G100001051211"]},"externalIds":{"gemPlant":"L100000901098","gemUnit":"G100001051211"},"geographyId":"LK-99731895B93054189817547","id":"wattlas-plant-gemplant-l100000901098","lifecycleCounts":{"announced":2,"operational":1},"locationPrecision":"exact","name":"Mannar wind farm","operatingCapacityCoverage":{"coveragePercent":100.0,"knownUnitCount":1,"method":"complete_unit_sum","provenance":{"evidenceCount":0,"recordIds":["wattlas-record-gemunit-g100000901279"],"sourceIds":["gem-global-integrated-power-tracker"],"sourceTypes":["research_verified"],"valueKind":"reported"},"totalUnitCount":1},"operatingCapacityMw":100.0,"operatingCapacityMwByTechnology":{"wind":100.0},"plannedCapacityCoverage":{"coveragePercent":100.0,"knownUnitCount":2,"method":"complete_unit_sum","provenance":{"evidenceCount":0,"recordIds":["wattlas-record-gemunit-g100001051207","wattlas-record-gemunit-g100001051211"],"sourceIds":["gem-global-integrated-power-tracker"],"sourceTypes":["research_verified"],"valueKind":"reported"},"totalUnitCount":2},"plannedCapacityMw":200.0,"plannedCapacityMwByTechnology":{"wind":200.0},"recordCount":3,"recordIds":["wattlas-record-gemunit-g100000901279","wattlas-record-gemunit-g100001051207","wattlas-record-gemunit-g100001051211"],"sourceIds":["gem-global-integrated-power-tracker"],"technologies":["wind"],"technologyMixMw":{"wind":300.0},"unitCount":3,"unitIds":["gem-unit-G100000901279","gem-unit-G100001051207","gem-unit-G100001051211"]},"type":"Feature"},{"geometry":{"coordinates":[79.7427,8.2199],"type":"Point"},"id":"wattlas-plant-gemplant-l100000922162","properties":{"aliases":["--","Musalpetti wind farm"],"canonicalAnchor":"gemplant:L100000922162","canonicalCountryKey":"LK","capacityMw":10.0,"country":"LK","externalIds":{"gemPlant":"L100000922162","gemUnit":"G100000927642"},"geographyId":"LK-99731895B5260290378804","id":"wattlas-plant-gemplant-l100000922162","lifecycleCounts":{"operational":1},"locationPrecision":"exact","name":"Musalpetti wind farm","operatingCapacityCoverage":{"coveragePercent":100.0,"knownUnitCount":1,"method":"complete_unit_sum","provenance":{"evidenceCount":0,"recordIds":["wattlas-record-gemunit-g100000927642"],"sourceIds":["gem-global-integrated-power-tracker"],"sourceTypes":["research_verified"],"valueKind":"reported"},"totalUnitCount":1},"operatingCapacityMw":10.0,"operatingCapacityMwByTechnology":{"wind":10.0},"plannedCapacityCoverage":{"coveragePercent":0.0,"knownUnitCount":0,"method":"unavailable","totalUnitCount":0},"plannedCapacityMw":0.0,"plannedCapacityMwByTechnology":{},"recordCount":1,"recordIds":["wattlas-record-gemunit-g100000927642"],"sourceIds":["gem-global-integrated-power-tracker"],"technologies":["wind"],"technologyMixMw":{"wind":10.0},"unitCount":1,"unitIds":["gem-unit-G100000927642"]},"type":"Feature"},{"geometry":{"coordinates":[80.5277,6.8691],"type":"Point"},"id":"wattlas-plant-gemplant-l100001023244","properties":{"aliases":["Canyon hydroelectric plant"],"canonicalAnchor":"gemplant:L100001023244","canonicalCountryKey":"LK","capacityMw":60.0,"country":"LK","externalIds":{"gemPlant":"L100001023244","gemUnit":"G100001027449"},"geographyId":"LK-99731895B28050807675820","id":"wattlas-plant-gemplant-l100001023244","lifecycleCounts":{"operational":1},"locationPrecision":"exact","name":"Canyon hydroelectric plant","operatingCapacityCoverage":{"coveragePercent":100.0,"knownUnitCount":1,"method":"complete_unit_sum","provenance":{"evidenceCount":0,"recordIds":["wattlas-record-gemunit-g100001027449"],"sourceIds":["gem-global-integrated-power-tracker"],"sourceTypes":["research_verified"],"valueKind":"reported"},"totalUnitCount":1},"operatingCapacityMw":60.0,"operatingCapacityMwByTechnology":{"hydro":60.0},"plannedCapacityCoverage":{"coveragePercent":0.0,"knownUnitCount":0,"method":"unavailable","totalUnitCount":0},"plannedCapacityMw":0.0,"plannedCapacityMwByTechnology":{},"recordCount":1,"recordIds":["wattlas-record-gemunit-g100001027449"],"sourceIds":["gem-global-integrated-power-tracker"],"technologies":["hydro"],"technologyMixMw":{"hydro":60.0},"unitCount":1,"unitIds":["gem-unit-G100001027449"]},"type":"Feature"},{"geometry":{"coordinates":[80.9506,7.2013],"type":"Point"},"id":"wattlas-plant-gemplant-l100001023246","properties":{"aliases":["Rantembe hydroelectric plant"],"canonicalAnchor":"gemplant:L100001023246","canonicalCountryKey":"LK","capacityMw":52.0,"country":"LK","externalIds":{"gemPlant":"L100001023246","gemUnit":"G100001027451"},"geographyId":"LK-99731895B28050807675820","id":"wattlas-plant-gemplant-l100001023246","lifecycleCounts":{"operational":1},"locationPrecision":"exact","name":"Rantembe hydroelectric plant","operatingCapacityCoverage":{"coveragePercent":100.0,"knownUnitCount":1,"method":"complete_unit_sum","provenance":{"evidenceCount":0,"recordIds":["wattlas-record-gemunit-g100001027451"],"sourceIds":["gem-global-integrated-power-tracker"],"sourceTypes":["research_verified"],"valueKind":"reported"},"totalUnitCount":1},"operatingCapacityMw":52.0,"operatingCapacityMwByTechnology":{"hydro":52.0},"plannedCapacityCoverage":{"coveragePercent":0.0,"knownUnitCount":0,"method":"unavailable","totalUnitCount":0},"plannedCapacityMw":0.0,"plannedCapacityMwByTechnology":{},"recordCount":1,"recordIds":["wattlas-record-gemunit-g100001027451"],"sourceIds":["gem-global-integrated-power-tracker"],"technologies":["hydro"],"technologyMixMw":{"hydro":52.0},"unitCount":1,"unitIds":["gem-unit-G100001027451"]},"type":"Feature"},{"geometry":{"coordinates":[80.5247,6.9083],"type":"Point"},"id":"wattlas-plant-gemplant-l100001023247","properties":{"aliases":["Wimalasurendra hydroelectric plant"],"canonicalAnchor":"gemplant:L100001023247","canonicalCountryKey":"LK","capacityMw":50.0,"country":"LK","externalIds":{"gemPlant":"L100001023247","gemUnit":"G100001027452"},"geographyId":"LK-99731895B28050807675820","id":"wattlas-plant-gemplant-l100001023247","lifecycleCounts":{"operational":1},"locationPrecision":"exact","name":"Wimalasurendra hydroelectric plant","operatingCapacityCoverage":{"coveragePercent":100.0,"knownUnitCount":1,"method":"complete_unit_sum","provenance":{"evidenceCount":0,"recordIds":["wattlas-record-gemunit-g100001027452"],"sourceIds":["gem-global-integrated-power-tracker"],"sourceTypes":["research_verified"],"valueKind":"reported"},"totalUnitCount":1},"operatingCapacityMw":50.0,"operatingCapacityMwByTechnology":{"hydro":50.0},"plannedCapacityCoverage":{"coveragePercent":0.0,"knownUnitCount":0,"method":"unavailable","totalUnitCount":0},"plannedCapacityMw":0.0,"plannedCapacityMwByTechnology":{},"recordCount":1,"recordIds":["wattlas-record-gemunit-g100001027452"],"sourceIds":["gem-global-integrated-power-tracker"],"technologies":["hydro"],"technologyMixMw":{"hydro":50.0},"unitCount":1,"unitIds":["gem-unit-G100001027452"]},"type":"Feature"},{"geometry":{"coordinates":[80.17,9.524],"type":"Point"},"id":"wattlas-plant-gemplant-l100001045499","properties":{"aliases":["1.0","2.0","Pooneryn wind farm"],"canonicalAnchor":"gemplant:L100001045499","canonicalCountryKey":"LK","capacityMw":200.0,"country":"LK","externalIdAliases":{"gemUnit":["G100001051213","G100001051214"]},"externalIds":{"gemPlant":"L100001045499","gemUnit":"G100001051214"},"geographyId":"LK-99731895B93054189817547","id":"wattlas-plant-gemplant-l100001045499","lifecycleCounts":{"announced":2},"locationPrecision":"exact","name":"Pooneryn wind farm","operatingCapacityCoverage":{"coveragePercent":0.0,"knownUnitCount":0,"method":"unavailable","totalUnitCount":0},"operatingCapacityMw":0.0,"operatingCapacityMwByTechnology":{},"plannedCapacityCoverage":{"coveragePercent":100.0,"knownUnitCount":2,"method":"complete_unit_sum","provenance":{"evidenceCount":0,"recordIds":["wattlas-record-gemunit-g100001051213","wattlas-record-gemunit-g100001051214"],"sourceIds":["gem-global-integrated-power-tracker"],"sourceTypes":["research_verified"],"valueKind":"reported"},"totalUnitCount":2},"plannedCapacityMw":200.0,"plannedCapacityMwByTechnology":{"wind":200.0},"recordCount":2,"recordIds":["wattlas-record-gemunit-g100001051213","wattlas-record-gemunit-g100001051214"],"sourceIds":["gem-global-integrated-power-tracker"],"technologies":["wind"],"technologyMixMw":{"wind":200.0},"unitCount":2,"unitIds":["gem-unit-G100001051213","gem-unit-G100001051214"]},"type":"Feature"},{"geometry":{"coordinates":[81.197169,8.574907],"type":"Point"},"id":"wattlas-plant-gemplant-l100001047869","properties":{"aliases":["1.0","2.0","Trincomalee Biomass power station"],"canonicalAnchor":"gemplant:L100001047869","canonicalCountryKey":"LK","capacityMw":18.0,"country":"LK","externalIdAliases":{"gemUnit":["G100001054660","G100001054661"]},"externalIds":{"gemPlant":"L100001047869","gemUnit":"G100001054661"},"geographyId":"LK-99731895B51072878877669","id":"wattlas-plant-gemplant-l100001047869","lifecycleCounts":{"operational":2},"locationPrecision":"exact","name":"Trincomalee Biomass power station","operatingCapacityCoverage":{"coveragePercent":100.0,"knownUnitCount":2,"method":"complete_unit_sum","provenance":{"evidenceCount":0,"recordIds":["wattlas-record-gemunit-g100001054660","wattlas-record-gemunit-g100001054661"],"sourceIds":["gem-global-integrated-power-tracker"],"sourceTypes":["research_verified"],"valueKind":"reported"},"totalUnitCount":2},"operatingCapacityMw":18.0,"operatingCapacityMwByTechnology":{"biomass":18.0},"plannedCapacityCoverage":{"coveragePercent":0.0,"knownUnitCount":0,"method":"unavailable","totalUnitCount":0},"plannedCapacityMw":0.0,"plannedCapacityMwByTechnology":{},"recordCount":2,"recordIds":["wattlas-record-gemunit-g100001054660","wattlas-record-gemunit-g100001054661"],"sourceIds":["gem-global-integrated-power-tracker"],"technologies":["biomass"],"technologyMixMw":{"biomass":18.0},"unitCount":2,"unitIds":["gem-unit-G100001054660","gem-unit-G100001054661"]},"type":"Feature"},{"geometry":{"coordinates":[81.294752,6.821423],"type":"Point"},"id":"wattlas-plant-gemplant-l100001047871","properties":{"aliases":["--","Dendro Biomass power station"],"canonicalAnchor":"gemplant:L100001047871","canonicalCountryKey":"LK","capacityMw":10.0,"country":"LK","externalIds":{"gemPlant":"L100001047871","gemUnit":"G100001054665"},"geographyId":"LK-99731895B77537271836321","id":"wattlas-plant-gemplant-l100001047871","lifecycleCounts":{"operational":1},"locationPrecision":"exact","name":"Dendro Biomass power station","operatingCapacityCoverage":{"coveragePercent":100.0,"knownUnitCount":1,"method":"complete_unit_sum","provenance":{"evidenceCount":0,"recordIds":["wattlas-record-gemunit-g100001054665"],"sourceIds":["gem-global-integrated-power-tracker"],"sourceTypes":["research_verified"],"valueKind":"reported"},"totalUnitCount":1},"operatingCapacityMw":10.0,"operatingCapacityMwByTechnology":{"biomass":10.0},"plannedCapacityCoverage":{"coveragePercent":0.0,"knownUnitCount":0,"method":"unavailable","totalUnitCount":0},"plannedCapacityMw":0.0,"plannedCapacityMwByTechnology":{},"recordCount":1,"recordIds":["wattlas-record-gemunit-g100001054665"],"sourceIds":["gem-global-integrated-power-tracker"],"technologies":["biomass"],"technologyMixMw":{"biomass":10.0},"unitCount":1,"unitIds":["gem-unit-G100001054665"]},"type":"Feature"},{"geometry":{"coordinates":[80.6772,7.6642],"type":"Point"},"id":"wattlas-plant-gemplant-l100001054844","properties":{"aliases":["Bowatenna hydroelectric plant"],"canonicalAnchor":"gemplant:L100001054844","canonicalCountryKey":"LK","capacityMw":40.0,"country":"LK","externalIds":{"gemPlant":"L100001054844","gemUnit":"G100001062736"},"geographyId":"LK-99731895B28050807675820","id":"wattlas-plant-gemplant-l100001054844","lifecycleCounts":{"operational":1},"locationPrecision":"exact","name":"Bowatenna hydroelectric plant","operatingCapacityCoverage":{"coveragePercent":100.0,"knownUnitCount":1,"method":"complete_unit_sum","provenance":{"evidenceCount":0,"recordIds":["wattlas-record-gemunit-g100001062736"],"sourceIds":["gem-global-integrated-power-tracker"],"sourceTypes":["research_verified"],"valueKind":"reported"},"totalUnitCount":1},"operatingCapacityMw":40.0,"operatingCapacityMwByTechnology":{"hydro":40.0},"plannedCapacityCoverage":{"coveragePercent":0.0,"knownUnitCount":0,"method":"unavailable","totalUnitCount":0},"plannedCapacityMw":0.0,"plannedCapacityMwByTechnology":{},"recordCount":1,"recordIds":["wattlas-record-gemunit-g100001062736"],"sourceIds":["gem-global-integrated-power-tracker"],"technologies":["hydro"],"technologyMixMw":{"hydro":40.0},"unitCount":1,"unitIds":["gem-unit-G100001062736"]},"type":"Feature"},{"geometry":{"coordinates":[80.4242,6.9847],"type":"Point"},"id":"wattlas-plant-gemplant-l100001054845","properties":{"aliases":["Broadlands hydroelectric plant"],"canonicalAnchor":"gemplant:L100001054845","canonicalCountryKey":"LK","capacityMw":35.0,"country":"LK","externalIds":{"gemPlant":"L100001054845","gemUnit":"G100001062737"},"geographyId":"LK-99731895B16804022686405","id":"wattlas-plant-gemplant-l100001054845","lifecycleCounts":{"operational":1},"locationPrecision":"exact","name":"Broadlands hydroelectric plant","operatingCapacityCoverage":{"coveragePercent":100.0,"knownUnitCount":1,"method":"complete_unit_sum","provenance":{"evidenceCount":0,"recordIds":["wattlas-record-gemunit-g100001062737"],"sourceIds":["gem-global-integrated-power-tracker"],"sourceTypes":["research_verified"],"valueKind":"reported"},"totalUnitCount":1},"operatingCapacityMw":35.0,"operatingCapacityMwByTechnology":{"hydro":35.0},"plannedCapacityCoverage":{"coveragePercent":0.0,"knownUnitCount":0,"method":"unavailable","totalUnitCount":0},"plannedCapacityMw":0.0,"plannedCapacityMwByTechnology":{},"recordCount":1,"recordIds":["wattlas-record-gemunit-g100001062737"],"sourceIds":["gem-global-integrated-power-tracker"],"technologies":["hydro"],"technologyMixMw":{"hydro":35.0},"unitCount":1,"unitIds":["gem-unit-G100001062737"]},"type":"Feature"},{"geometry":{"coordinates":[80.6522,7.3989],"type":"Point"},"id":"wattlas-plant-gemplant-l100001054846","properties":{"aliases":["Ukuwela hydroelectric plant"],"canonicalAnchor":"gemplant:L100001054846","canonicalCountryKey":"LK","capacityMw":40.0,"country":"LK","externalIds":{"gemPlant":"L100001054846","gemUnit":"G100001062738"},"geographyId":"LK-99731895B28050807675820","id":"wattlas-plant-gemplant-l100001054846","lifecycleCounts":{"operational":1},"locationPrecision":"exact","name":"Ukuwela hydroelectric plant","operatingCapacityCoverage":{"coveragePercent":100.0,"knownUnitCount":1,"method":"complete_unit_sum","provenance":{"evidenceCount":0,"recordIds":["wattlas-record-gemunit-g100001062738"],"sourceIds":["gem-global-integrated-power-tracker"],"sourceTypes":["research_verified"],"valueKind":"reported"},"totalUnitCount":1},"operatingCapacityMw":40.0,"operatingCapacityMwByTechnology":{"hydro":40.0},"plannedCapacityCoverage":{"coveragePercent":0.0,"knownUnitCount":0,"method":"unavailable","totalUnitCount":0},"plannedCapacityMw":0.0,"plannedCapacityMwByTechnology":{},"recordCount":1,"recordIds":["wattlas-record-gemunit-g100001062738"],"sourceIds":["gem-global-integrated-power-tracker"],"technologies":["hydro"],"technologyMixMw":{"hydro":40.0},"unitCount":1,"unitIds":["gem-unit-G100001062738"]},"type":"Feature"},{"geometry":{"coordinates":[80.5713,7.1076],"type":"Point"},"id":"wattlas-plant-gemplant-l100001063342","properties":{"aliases":["Moragolla hydroelectric plant"],"canonicalAnchor":"gemplant:L100001063342","canonicalCountryKey":"LK","capacityMw":31.0,"country":"LK","externalIds":{"gemPlant":"L100001063342","gemUnit":"G100001072769"},"geographyId":"LK-99731895B28050807675820","id":"wattlas-plant-gemplant-l100001063342","lifecycleCounts":{"under_construction":1},"locationPrecision":"exact","name":"Moragolla hydroelectric plant","operatingCapacityCoverage":{"coveragePercent":0.0,"knownUnitCount":0,"method":"unavailable","totalUnitCount":0},"operatingCapacityMw":0.0,"operatingCapacityMwByTechnology":{},"plannedCapacityCoverage":{"coveragePercent":100.0,"knownUnitCount":1,"method":"complete_unit_sum","provenance":{"evidenceCount":0,"recordIds":["wattlas-record-gemunit-g100001072769"],"sourceIds":["gem-global-integrated-power-tracker"],"sourceTypes":["research_verified"],"valueKind":"reported"},"totalUnitCount":1},"plannedCapacityMw":31.0,"plannedCapacityMwByTechnology":{"hydro":31.0},"recordCount":1,"recordIds":["wattlas-record-gemunit-g100001072769"],"sourceIds":["gem-global-integrated-power-tracker"],"technologies":["hydro"],"technologyMixMw":{"hydro":31.0},"unitCount":1,"unitIds":["gem-unit-G100001072769"]},"type":"Feature"},{"geometry":{"coordinates":[81.08,6.2277],"type":"Point"},"id":"wattlas-plant-gemplant-l100001068720","properties":{"aliases":["--","Anorchi Lanka (Baruthankanda) solar project"],"canonicalAnchor":"gemplant:L100001068720","canonicalCountryKey":"LK","capacityMw":10.0,"country":"LK","externalIds":{"gemPlant":"L100001068720","gemUnit":"G100001078506"},"geographyId":"LK-99731895B60977758614393","id":"wattlas-plant-gemplant-l100001068720","lifecycleCounts":{"operational":1},"locationPrecision":"exact","name":"Anorchi Lanka (Baruthankanda) solar project","operatingCapacityCoverage":{"coveragePercent":100.0,"knownUnitCount":1,"method":"complete_unit_sum","provenance":{"evidenceCount":0,"recordIds":["wattlas-record-gemunit-g100001078506"],"sourceIds":["gem-global-integrated-power-tracker"],"sourceTypes":["research_verified"],"valueKind":"reported"},"totalUnitCount":1},"operatingCapacityMw":10.0,"operatingCapacityMwByTechnology":{"solar":10.0},"plannedCapacityCoverage":{"coveragePercent":0.0,"knownUnitCount":0,"method":"unavailable","totalUnitCount":0},"plannedCapacityMw":0.0,"plannedCapacityMwByTechnology":{},"recordCount":1,"recordIds":["wattlas-record-gemunit-g100001078506"],"sourceIds":["gem-global-integrated-power-tracker"],"technologies":["solar"],"technologyMixMw":{"solar":10.0},"unitCount":1,"unitIds":["gem-unit-G100001078506"]},"type":"Feature"},{"geometry":{"coordinates":[81.0777,6.2324],"type":"Point"},"id":"wattlas-plant-gemplant-l100001068721","properties":{"aliases":["--","Iris (Baruthankanda) solar project"],"canonicalAnchor":"gemplant:L100001068721","canonicalCountryKey":"LK","capacityMw":10.0,"country":"LK","externalIds":{"gemPlant":"L100001068721","gemUnit":"G100001078507"},"geographyId":"LK-99731895B60977758614393","id":"wattlas-plant-gemplant-l100001068721","lifecycleCounts":{"operational":1},"locationPrecision":"exact","name":"Iris (Baruthankanda) solar project","operatingCapacityCoverage":{"coveragePercent":100.0,"knownUnitCount":1,"method":"complete_unit_sum","provenance":{"evidenceCount":0,"recordIds":["wattlas-record-gemunit-g100001078507"],"sourceIds":["gem-global-integrated-power-tracker"],"sourceTypes":["research_verified"],"valueKind":"reported"},"totalUnitCount":1},"operatingCapacityMw":10.0,"operatingCapacityMwByTechnology":{"solar":10.0},"plannedCapacityCoverage":{"coveragePercent":0.0,"knownUnitCount":0,"method":"unavailable","totalUnitCount":0},"plannedCapacityMw":0.0,"plannedCapacityMwByTechnology":{},"recordCount":1,"recordIds":["wattlas-record-gemunit-g100001078507"],"sourceIds":["gem-global-integrated-power-tracker"],"technologies":["solar"],"technologyMixMw":{"solar":10.0},"unitCount":1,"unitIds":["gem-unit-G100001078507"]},"type":"Feature"},{"geometry":{"coordinates":[81.64,7.71],"type":"Point"},"id":"wattlas-plant-gemplant-l100001068722","properties":{"aliases":["--","Vavunathivu solar project"],"canonicalAnchor":"gemplant:L100001068722","canonicalCountryKey":"LK","capacityMw":10.0,"country":"LK","externalIds":{"gemPlant":"L100001068722","gemUnit":"G100001078508"},"geographyId":"LK-99731895B51072878877669","id":"wattlas-plant-gemplant-l100001068722","lifecycleCounts":{"operational":1},"locationPrecision":"exact","name":"Vavunathivu solar project","operatingCapacityCoverage":{"coveragePercent":100.0,"knownUnitCount":1,"method":"complete_unit_sum","provenance":{"evidenceCount":0,"recordIds":["wattlas-record-gemunit-g100001078508"],"sourceIds":["gem-global-integrated-power-tracker"],"sourceTypes":["research_verified"],"valueKind":"reported"},"totalUnitCount":1},"operatingCapacityMw":10.0,"operatingCapacityMwByTechnology":{"solar":10.0},"plannedCapacityCoverage":{"coveragePercent":0.0,"knownUnitCount":0,"method":"unavailable","totalUnitCount":0},"plannedCapacityMw":0.0,"plannedCapacityMwByTechnology":{},"recordCount":1,"recordIds":["wattlas-record-gemunit-g100001078508"],"sourceIds":["gem-global-integrated-power-tracker"],"technologies":["solar"],"technologyMixMw":{"solar":10.0},"unitCount":1,"unitIds":["gem-unit-G100001078508"]},"type":"Feature"},{"geometry":{"coordinates":[80.53,8.77],"type":"Point"},"id":"wattlas-plant-gemplant-l100001068723","properties":{"aliases":["--","Nedunkulam Solar Thermal Power Plant"],"canonicalAnchor":"gemplant:L100001068723","canonicalCountryKey":"LK","capacityMw":10.0,"country":"LK","externalIds":{"gemPlant":"L100001068723","gemUnit":"G100001078509"},"geographyId":"LK-99731895B93054189817547","id":"wattlas-plant-gemplant-l100001068723","lifecycleCounts":{"operational":1},"locationPrecision":"exact","name":"Nedunkulam Solar Thermal Power Plant","operatingCapacityCoverage":{"coveragePercent":100.0,"knownUnitCount":1,"method":"complete_unit_sum","provenance":{"evidenceCount":0,"recordIds":["wattlas-record-gemunit-g100001078509"],"sourceIds":["gem-global-integrated-power-tracker"],"sourceTypes":["research_verified"],"valueKind":"reported"},"totalUnitCount":1},"operatingCapacityMw":10.0,"operatingCapacityMwByTechnology":{"solar":10.0},"plannedCapacityCoverage":{"coveragePercent":0.0,"knownUnitCount":0,"method":"unavailable","totalUnitCount":0},"plannedCapacityMw":0.0,"plannedCapacityMwByTechnology":{},"recordCount":1,"recordIds":["wattlas-record-gemunit-g100001078509"],"sourceIds":["gem-global-integrated-power-tracker"],"technologies":["solar"],"technologyMixMw":{"solar":10.0},"unitCount":1,"unitIds":["gem-unit-G100001078509"]},"type":"Feature"},{"geometry":{"coordinates":[80.6697,8.6409],"type":"Point"},"id":"wattlas-plant-gemplant-l100001068724","properties":{"aliases":["--","Kebithigollewa solar project"],"canonicalAnchor":"gemplant:L100001068724","canonicalCountryKey":"LK","capacityMw":10.0,"country":"LK","externalIds":{"gemPlant":"L100001068724","gemUnit":"G100001078510"},"geographyId":"LK-99731895B66209916164902","id":"wattlas-plant-gemplant-l100001068724","lifecycleCounts":{"operational":1},"locationPrecision":"exact","name":"Kebithigollewa solar project","operatingCapacityCoverage":{"coveragePercent":100.0,"knownUnitCount":1,"method":"complete_unit_sum","provenance":{"evidenceCount":0,"recordIds":["wattlas-record-gemunit-g100001078510"],"sourceIds":["gem-global-integrated-power-tracker"],"sourceTypes":["research_verified"],"valueKind":"reported"},"totalUnitCount":1},"operatingCapacityMw":10.0,"operatingCapacityMwByTechnology":{"solar":10.0},"plannedCapacityCoverage":{"coveragePercent":0.0,"knownUnitCount":0,"method":"unavailable","totalUnitCount":0},"plannedCapacityMw":0.0,"plannedCapacityMwByTechnology":{},"recordCount":1,"recordIds":["wattlas-record-gemunit-g100001078510"],"sourceIds":["gem-global-integrated-power-tracker"],"technologies":["solar"],"technologyMixMw":{"solar":10.0},"unitCount":1,"unitIds":["gem-unit-G100001078510"]},"type":"Feature"},{"geometry":{"coordinates":[81.14,8.537],"type":"Point"},"id":"wattlas-plant-gemplant-l100001068725","properties":{"aliases":["--","Trincomalee 4,5,6,7 solar project"],"canonicalAnchor":"gemplant:L100001068725","canonicalCountryKey":"LK","capacityMw":1.0,"country":"LK","externalIds":{"gemPlant":"L100001068725","gemUnit":"G100001078511"},"geographyId":"LK-99731895B51072878877669","id":"wattlas-plant-gemplant-l100001068725","lifecycleCounts":{"operational":1},"locationPrecision":"exact","name":"Trincomalee 4,5,6,7 solar project","operatingCapacityCoverage":{"coveragePercent":100.0,"knownUnitCount":1,"method":"complete_unit_sum","provenance":{"evidenceCount":0,"recordIds":["wattlas-record-gemunit-g100001078511"],"sourceIds":["gem-global-integrated-power-tracker"],"sourceTypes":["research_verified"],"valueKind":"reported"},"totalUnitCount":1},"operatingCapacityMw":1.0,"operatingCapacityMwByTechnology":{"solar":1.0},"plannedCapacityCoverage":{"coveragePercent":0.0,"knownUnitCount":0,"method":"unavailable","totalUnitCount":0},"plannedCapacityMw":0.0,"plannedCapacityMwByTechnology":{},"recordCount":1,"recordIds":["wattlas-record-gemunit-g100001078511"],"sourceIds":["gem-global-integrated-power-tracker"],"technologies":["solar"],"technologyMixMw":{"solar":1.0},"unitCount":1,"unitIds":["gem-unit-G100001078511"]},"type":"Feature"},{"geometry":{"coordinates":[80.5344,8.7933],"type":"Point"},"id":"wattlas-plant-gemplant-l100001068726","properties":{"aliases":["--","Vavuniya 3 solar project"],"canonicalAnchor":"gemplant:L100001068726","canonicalCountryKey":"LK","capacityMw":1.0,"country":"LK","externalIds":{"gemPlant":"L100001068726","gemUnit":"G100001078512"},"geographyId":"LK-99731895B93054189817547","id":"wattlas-plant-gemplant-l100001068726","lifecycleCounts":{"operational":1},"locationPrecision":"exact","name":"Vavuniya 3 solar project","operatingCapacityCoverage":{"coveragePercent":100.0,"knownUnitCount":1,"method":"complete_unit_sum","provenance":{"evidenceCount":0,"recordIds":["wattlas-record-gemunit-g100001078512"],"sourceIds":["gem-global-integrated-power-tracker"],"sourceTypes":["research_verified"],"valueKind":"reported"},"totalUnitCount":1},"operatingCapacityMw":1.0,"operatingCapacityMwByTechnology":{"solar":1.0},"plannedCapacityCoverage":{"coveragePercent":0.0,"knownUnitCount":0,"method":"unavailable","totalUnitCount":0},"plannedCapacityMw":0.0,"plannedCapacityMwByTechnology":{},"recordCount":1,"recordIds":["wattlas-record-gemunit-g100001078512"],"sourceIds":["gem-global-integrated-power-tracker"],"technologies":["solar"],"technologyMixMw":{"solar":1.0},"unitCount":1,"unitIds":["gem-unit-G100001078512"]},"type":"Feature"},{"geometry":{"coordinates":[80.5344,8.7934],"type":"Point"},"id":"wattlas-plant-gemplant-l100001068727","properties":{"aliases":["--","Vavuniya 2 solar project"],"canonicalAnchor":"gemplant:L100001068727","canonicalCountryKey":"LK","capacityMw":1.0,"country":"LK","externalIds":{"gemPlant":"L100001068727","gemUnit":"G100001078513"},"geographyId":"LK-99731895B93054189817547","id":"wattlas-plant-gemplant-l100001068727","lifecycleCounts":{"operational":1},"locationPrecision":"exact","name":"Vavuniya 2 solar project","operatingCapacityCoverage":{"coveragePercent":100.0,"knownUnitCount":1,"method":"complete_unit_sum","provenance":{"evidenceCount":0,"recordIds":["wattlas-record-gemunit-g100001078513"],"sourceIds":["gem-global-integrated-power-tracker"],"sourceTypes":["research_verified"],"valueKind":"reported"},"totalUnitCount":1},"operatingCapacityMw":1.0,"operatingCapacityMwByTechnology":{"solar":1.0},"plannedCapacityCoverage":{"coveragePercent":0.0,"knownUnitCount":0,"method":"unavailable","totalUnitCount":0},"plannedCapacityMw":0.0,"plannedCapacityMwByTechnology":{},"recordCount":1,"recordIds":["wattlas-record-gemunit-g100001078513"],"sourceIds":["gem-global-integrated-power-tracker"],"technologies":["solar"],"technologyMixMw":{"solar":1.0},"unitCount":1,"unitIds":["gem-unit-G100001078513"]},"type":"Feature"},{"geometry":{"coordinates":[80.8586,6.2802],"type":"Point"},"id":"wattlas-plant-gemplant-l100001068728","properties":{"aliases":["--","Embilipitiya 3 solar project"],"canonicalAnchor":"gemplant:L100001068728","canonicalCountryKey":"LK","capacityMw":1.0,"country":"LK","externalIds":{"gemPlant":"L100001068728","gemUnit":"G100001078514"},"geographyId":"LK-99731895B16804022686405","id":"wattlas-plant-gemplant-l100001068728","lifecycleCounts":{"operational":1},"locationPrecision":"exact","name":"Embilipitiya 3 solar project","operatingCapacityCoverage":{"coveragePercent":100.0,"knownUnitCount":1,"method":"complete_unit_sum","provenance":{"evidenceCount":0,"recordIds":["wattlas-record-gemunit-g100001078514"],"sourceIds":["gem-global-integrated-power-tracker"],"sourceTypes":["research_verified"],"valueKind":"reported"},"totalUnitCount":1},"operatingCapacityMw":1.0,"operatingCapacityMwByTechnology":{"solar":1.0},"plannedCapacityCoverage":{"coveragePercent":0.0,"knownUnitCount":0,"method":"unavailable","totalUnitCount":0},"plannedCapacityMw":0.0,"plannedCapacityMwByTechnology":{},"recordCount":1,"recordIds":["wattlas-record-gemunit-g100001078514"],"sourceIds":["gem-global-integrated-power-tracker"],"technologies":["solar"],"technologyMixMw":{"solar":1.0},"unitCount":1,"unitIds":["gem-unit-G100001078514"]},"type":"Feature"},{"geometry":{"coordinates":[80.8573,6.2807],"type":"Point"},"id":"wattlas-plant-gemplant-l100001068729","properties":{"aliases":["--","Embilipitiya 2 solar project"],"canonicalAnchor":"gemplant:L100001068729","canonicalCountryKey":"LK","capacityMw":1.0,"country":"LK","externalIds":{"gemPlant":"L100001068729","gemUnit":"G100001078515"},"geographyId":"LK-99731895B16804022686405","id":"wattlas-plant-gemplant-l100001068729","lifecycleCounts":{"operational":1},"locationPrecision":"exact","name":"Embilipitiya 2 solar project","operatingCapacityCoverage":{"coveragePercent":100.0,"knownUnitCount":1,"method":"complete_unit_sum","provenance":{"evidenceCount":0,"recordIds":["wattlas-record-gemunit-g100001078515"],"sourceIds":["gem-global-integrated-power-tracker"],"sourceTypes":["research_verified"],"valueKind":"reported"},"totalUnitCount":1},"operatingCapacityMw":1.0,"operatingCapacityMwByTechnology":{"solar":1.0},"plannedCapacityCoverage":{"coveragePercent":0.0,"knownUnitCount":0,"method":"unavailable","totalUnitCount":0},"plannedCapacityMw":0.0,"plannedCapacityMwByTechnology":{},"recordCount":1,"recordIds":["wattlas-record-gemunit-g100001078515"],"sourceIds":["gem-global-integrated-power-tracker"],"technologies":["solar"],"technologyMixMw":{"solar":1.0},"unitCount":1,"unitIds":["gem-unit-G100001078515"]},"type":"Feature"},{"geometry":{"coordinates":[80.1034,6.8043],"type":"Point"},"id":"wattlas-plant-gemplant-l100001068730","properties":{"aliases":["--","Horana 2 solar project"],"canonicalAnchor":"gemplant:L100001068730","canonicalCountryKey":"LK","capacityMw":1.0,"country":"LK","externalIds":{"gemPlant":"L100001068730","gemUnit":"G100001078516"},"geographyId":"LK-99731895B46623695729728","id":"wattlas-plant-gemplant-l100001068730","lifecycleCounts":{"operational":1},"locationPrecision":"exact","name":"Horana 2 solar project","operatingCapacityCoverage":{"coveragePercent":100.0,"knownUnitCount":1,"method":"complete_unit_sum","provenance":{"evidenceCount":0,"recordIds":["wattlas-record-gemunit-g100001078516"],"sourceIds":["gem-global-integrated-power-tracker"],"sourceTypes":["research_verified"],"valueKind":"reported"},"totalUnitCount":1},"operatingCapacityMw":1.0,"operatingCapacityMwByTechnology":{"solar":1.0},"plannedCapacityCoverage":{"coveragePercent":0.0,"knownUnitCount":0,"method":"unavailable","totalUnitCount":0},"plannedCapacityMw":0.0,"plannedCapacityMwByTechnology":{},"recordCount":1,"recordIds":["wattlas-record-gemunit-g100001078516"],"sourceIds":["gem-global-integrated-power-tracker"],"technologies":["solar"],"technologyMixMw":{"solar":1.0},"unitCount":1,"unitIds":["gem-unit-G100001078516"]},"type":"Feature"},{"geometry":{"coordinates":[80.2187,7.8781],"type":"Point"},"id":"wattlas-plant-gemplant-l100001068731","properties":{"aliases":["--","Maho 3 solar project"],"canonicalAnchor":"gemplant:L100001068731","canonicalCountryKey":"LK","capacityMw":1.0,"country":"LK","externalIds":{"gemPlant":"L100001068731","gemUnit":"G100001078517"},"geographyId":"LK-99731895B5260290378804","id":"wattlas-plant-gemplant-l100001068731","lifecycleCounts":{"operational":1},"locationPrecision":"exact","name":"Maho 3 solar project","operatingCapacityCoverage":{"coveragePercent":100.0,"knownUnitCount":1,"method":"complete_unit_sum","provenance":{"evidenceCount":0,"recordIds":["wattlas-record-gemunit-g100001078517"],"sourceIds":["gem-global-integrated-power-tracker"],"sourceTypes":["research_verified"],"valueKind":"reported"},"totalUnitCount":1},"operatingCapacityMw":1.0,"operatingCapacityMwByTechnology":{"solar":1.0},"plannedCapacityCoverage":{"coveragePercent":0.0,"knownUnitCount":0,"method":"unavailable","totalUnitCount":0},"plannedCapacityMw":0.0,"plannedCapacityMwByTechnology":{},"recordCount":1,"recordIds":["wattlas-record-gemunit-g100001078517"],"sourceIds":["gem-global-integrated-power-tracker"],"technologies":["solar"],"technologyMixMw":{"solar":1.0},"unitCount":1,"unitIds":["gem-unit-G100001078517"]},"type":"Feature"},{"geometry":{"coordinates":[80.375,7.4919],"type":"Point"},"id":"wattlas-plant-gemplant-l100001068732","properties":{"aliases":["--","Pannala 1 solar project"],"canonicalAnchor":"gemplant:L100001068732","canonicalCountryKey":"LK","capacityMw":1.0,"country":"LK","externalIds":{"gemPlant":"L100001068732","gemUnit":"G100001078518"},"geographyId":"LK-99731895B5260290378804","id":"wattlas-plant-gemplant-l100001068732","lifecycleCounts":{"operational":1},"locationPrecision":"exact","name":"Pannala 1 solar project","operatingCapacityCoverage":{"coveragePercent":100.0,"knownUnitCount":1,"method":"complete_unit_sum","provenance":{"evidenceCount":0,"recordIds":["wattlas-record-gemunit-g100001078518"],"sourceIds":["gem-global-integrated-power-tracker"],"sourceTypes":["research_verified"],"valueKind":"reported"},"totalUnitCount":1},"operatingCapacityMw":1.0,"operatingCapacityMwByTechnology":{"solar":1.0},"plannedCapacityCoverage":{"coveragePercent":0.0,"knownUnitCount":0,"method":"unavailable","totalUnitCount":0},"plannedCapacityMw":0.0,"plannedCapacityMwByTechnology":{},"recordCount":1,"recordIds":["wattlas-record-gemunit-g100001078518"],"sourceIds":["gem-global-integrated-power-tracker"],"technologies":["solar"],"technologyMixMw":{"solar":1.0},"unitCount":1,"unitIds":["gem-unit-G100001078518"]},"type":"Feature"},{"geometry":{"coordinates":[80.3524,8.2588],"type":"Point"},"id":"wattlas-plant-gemplant-l100001068733","properties":{"aliases":["--","Anuradhapura 1 solar project"],"canonicalAnchor":"gemplant:L100001068733","canonicalCountryKey":"LK","capacityMw":1.0,"country":"LK","externalIds":{"gemPlant":"L100001068733","gemUnit":"G100001078519"},"geographyId":"LK-99731895B66209916164902","id":"wattlas-plant-gemplant-l100001068733","lifecycleCounts":{"operational":1},"locationPrecision":"exact","name":"Anuradhapura 1 solar project","operatingCapacityCoverage":{"coveragePercent":100.0,"knownUnitCount":1,"method":"complete_unit_sum","provenance":{"evidenceCount":0,"recordIds":["wattlas-record-gemunit-g100001078519"],"sourceIds":["gem-global-integrated-power-tracker"],"sourceTypes":["research_verified"],"valueKind":"reported"},"totalUnitCount":1},"operatingCapacityMw":1.0,"operatingCapacityMwByTechnology":{"solar":1.0},"plannedCapacityCoverage":{"coveragePercent":0.0,"knownUnitCount":0,"method":"unavailable","totalUnitCount":0},"plannedCapacityMw":0.0,"plannedCapacityMwByTechnology":{},"recordCount":1,"recordIds":["wattlas-record-gemunit-g100001078519"],"sourceIds":["gem-global-integrated-power-tracker"],"technologies":["solar"],"technologyMixMw":{"solar":1.0},"unitCount":1,"unitIds":["gem-unit-G100001078519"]},"type":"Feature"},{"geometry":{"coordinates":[80.4696,8.27],"type":"Point"},"id":"wattlas-plant-gemplant-l100001068734","properties":{"aliases":["--","Anuradhapura 2 solar project"],"canonicalAnchor":"gemplant:L100001068734","canonicalCountryKey":"LK","capacityMw":1.0,"country":"LK","externalIds":{"gemPlant":"L100001068734","gemUnit":"G100001078520"},"geographyId":"LK-99731895B66209916164902","id":"wattlas-plant-gemplant-l100001068734","lifecycleCounts":{"operational":1},"locationPrecision":"exact","name":"Anuradhapura 2 solar project","operatingCapacityCoverage":{"coveragePercent":100.0,"knownUnitCount":1,"method":"complete_unit_sum","provenance":{"evidenceCount":0,"recordIds":["wattlas-record-gemunit-g100001078520"],"sourceIds":["gem-global-integrated-power-tracker"],"sourceTypes":["research_verified"],"valueKind":"reported"},"totalUnitCount":1},"operatingCapacityMw":1.0,"operatingCapacityMwByTechnology":{"solar":1.0},"plannedCapacityCoverage":{"coveragePercent":0.0,"knownUnitCount":0,"method":"unavailable","totalUnitCount":0},"plannedCapacityMw":0.0,"plannedCapacityMwByTechnology":{},"recordCount":1,"recordIds":["wattlas-record-gemunit-g100001078520"],"sourceIds":["gem-global-integrated-power-tracker"],"technologies":["solar"],"technologyMixMw":{"solar":1.0},"unitCount":1,"unitIds":["gem-unit-G100001078520"]},"type":"Feature"},{"geometry":{"coordinates":[80.105,6.4113],"type":"Point"},"id":"wattlas-plant-gemplant-l100001068735","properties":{"aliases":["--","Mathugama 1 solar project"],"canonicalAnchor":"gemplant:L100001068735","canonicalCountryKey":"LK","capacityMw":1.0,"country":"LK","externalIds":{"gemPlant":"L100001068735","gemUnit":"G100001078521"},"geographyId":"LK-99731895B46623695729728","id":"wattlas-plant-gemplant-l100001068735","lifecycleCounts":{"operational":1},"locationPrecision":"exact","name":"Mathugama 1 solar project","operatingCapacityCoverage":{"coveragePercent":100.0,"knownUnitCount":1,"method":"complete_unit_sum","provenance":{"evidenceCount":0,"recordIds":["wattlas-record-gemunit-g100001078521"],"sourceIds":["gem-global-integrated-power-tracker"],"sourceTypes":["research_verified"],"valueKind":"reported"},"totalUnitCount":1},"operatingCapacityMw":1.0,"operatingCapacityMwByTechnology":{"solar":1.0},"plannedCapacityCoverage":{"coveragePercent":0.0,"knownUnitCount":0,"method":"unavailable","totalUnitCount":0},"plannedCapacityMw":0.0,"plannedCapacityMwByTechnology":{},"recordCount":1,"recordIds":["wattlas-record-gemunit-g100001078521"],"sourceIds":["gem-global-integrated-power-tracker"],"technologies":["solar"],"technologyMixMw":{"solar":1.0},"unitCount":1,"unitIds":["gem-unit-G100001078521"]},"type":"Feature"},{"geometry":{"coordinates":[80.105,6.4113],"type":"Point"},"id":"wattlas-plant-gemplant-l100001068736","properties":{"aliases":["--","Mathugama 3 solar project"],"canonicalAnchor":"gemplant:L100001068736","canonicalCountryKey":"LK","capacityMw":1.0,"country":"LK","externalIds":{"gemPlant":"L100001068736","gemUnit":"G100001078522"},"geographyId":"LK-99731895B46623695729728","id":"wattlas-plant-gemplant-l100001068736","lifecycleCounts":{"operational":1},"locationPrecision":"exact","name":"Mathugama 3 solar project","operatingCapacityCoverage":{"coveragePercent":100.0,"knownUnitCount":1,"method":"complete_unit_sum","provenance":{"evidenceCount":0,"recordIds":["wattlas-record-gemunit-g100001078522"],"sourceIds":["gem-global-integrated-power-tracker"],"sourceTypes":["research_verified"],"valueKind":"reported"},"totalUnitCount":1},"operatingCapacityMw":1.0,"operatingCapacityMwByTechnology":{"solar":1.0},"plannedCapacityCoverage":{"coveragePercent":0.0,"knownUnitCount":0,"method":"unavailable","totalUnitCount":0},"plannedCapacityMw":0.0,"plannedCapacityMwByTechnology":{},"recordCount":1,"recordIds":["wattlas-record-gemunit-g100001078522"],"sourceIds":["gem-global-integrated-power-tracker"],"technologies":["solar"],"technologyMixMw":{"solar":1.0},"unitCount":1,"unitIds":["gem-unit-G100001078522"]},"type":"Feature"},{"geometry":{"coordinates":[80.3061,6.0731],"type":"Point"},"id":"wattlas-plant-gemplant-l100001068737","properties":{"aliases":["--","Galle 2 solar project"],"canonicalAnchor":"gemplant:L100001068737","canonicalCountryKey":"LK","capacityMw":1.0,"country":"LK","externalIds":{"gemPlant":"L100001068737","gemUnit":"G100001078523"},"geographyId":"LK-99731895B60977758614393","id":"wattlas-plant-gemplant-l100001068737","lifecycleCounts":{"operational":1},"locationPrecision":"exact","name":"Galle 2 solar project","operatingCapacityCoverage":{"coveragePercent":100.0,"knownUnitCount":1,"method":"complete_unit_sum","provenance":{"evidenceCount":0,"recordIds":["wattlas-record-gemunit-g100001078523"],"sourceIds":["gem-global-integrated-power-tracker"],"sourceTypes":["research_verified"],"valueKind":"reported"},"totalUnitCount":1},"operatingCapacityMw":1.0,"operatingCapacityMwByTechnology":{"solar":1.0},"plannedCapacityCoverage":{"coveragePercent":0.0,"knownUnitCount":0,"method":"unavailable","totalUnitCount":0},"plannedCapacityMw":0.0,"plannedCapacityMwByTechnology":{},"recordCount":1,"recordIds":["wattlas-record-gemunit-g100001078523"],"sourceIds":["gem-global-integrated-power-tracker"],"technologies":["solar"],"technologyMixMw":{"solar":1.0},"unitCount":1,"unitIds":["gem-unit-G100001078523"]},"type":"Feature"},{"geometry":{"coordinates":[80.3038,6.0725],"type":"Point"},"id":"wattlas-plant-gemplant-l100001068738","properties":{"aliases":["--","Galle 3 solar project"],"canonicalAnchor":"gemplant:L100001068738","canonicalCountryKey":"LK","capacityMw":1.0,"country":"LK","externalIds":{"gemPlant":"L100001068738","gemUnit":"G100001078524"},"geographyId":"LK-99731895B60977758614393","id":"wattlas-plant-gemplant-l100001068738","lifecycleCounts":{"operational":1},"locationPrecision":"exact","name":"Galle 3 solar project","operatingCapacityCoverage":{"coveragePercent":100.0,"knownUnitCount":1,"method":"complete_unit_sum","provenance":{"evidenceCount":0,"recordIds":["wattlas-record-gemunit-g100001078524"],"sourceIds":["gem-global-integrated-power-tracker"],"sourceTypes":["research_verified"],"valueKind":"reported"},"totalUnitCount":1},"operatingCapacityMw":1.0,"operatingCapacityMwByTechnology":{"solar":1.0},"plannedCapacityCoverage":{"coveragePercent":0.0,"knownUnitCount":0,"method":"unavailable","totalUnitCount":0},"plannedCapacityMw":0.0,"plannedCapacityMwByTechnology":{},"recordCount":1,"recordIds":["wattlas-record-gemunit-g100001078524"],"sourceIds":["gem-global-integrated-power-tracker"],"technologies":["solar"],"technologyMixMw":{"solar":1.0},"unitCount":1,"unitIds":["gem-unit-G100001078524"]},"type":"Feature"},{"geometry":{"coordinates":[80.2609,8.7623],"type":"Point"},"id":"wattlas-plant-gemplant-l100001068739","properties":{"aliases":["--","Vavuniya 1 solar project"],"canonicalAnchor":"gemplant:L100001068739","canonicalCountryKey":"LK","capacityMw":1.0,"country":"LK","externalIds":{"gemPlant":"L100001068739","gemUnit":"G100001078525"},"geographyId":"LK-99731895B93054189817547","id":"wattlas-plant-gemplant-l100001068739","lifecycleCounts":{"operational":1},"locationPrecision":"exact","name":"Vavuniya 1 solar project","operatingCapacityCoverage":{"coveragePercent":100.0,"knownUnitCount":1,"method":"complete_unit_sum","provenance":{"evidenceCount":0,"recordIds":["wattlas-record-gemunit-g100001078525"],"sourceIds":["gem-global-integrated-power-tracker"],"sourceTypes":["research_verified"],"valueKind":"reported"},"totalUnitCount":1},"operatingCapacityMw":1.0,"operatingCapacityMwByTechnology":{"solar":1.0},"plannedCapacityCoverage":{"coveragePercent":0.0,"knownUnitCount":0,"method":"unavailable","totalUnitCount":0},"plannedCapacityMw":0.0,"plannedCapacityMwByTechnology":{},"recordCount":1,"recordIds":["wattlas-record-gemunit-g100001078525"],"sourceIds":["gem-global-integrated-power-tracker"],"technologies":["solar"],"technologyMixMw":{"solar":1.0},"unitCount":1,"unitIds":["gem-unit-G100001078525"]},"type":"Feature"},{"geometry":{"coordinates":[80.1823,6.5171],"type":"Point"},"id":"wattlas-plant-gemplant-l100001068740","properties":{"aliases":["--","Mathugama 2 solar project"],"canonicalAnchor":"gemplant:L100001068740","canonicalCountryKey":"LK","capacityMw":1.0,"country":"LK","externalIds":{"gemPlant":"L100001068740","gemUnit":"G100001078526"},"geographyId":"LK-99731895B46623695729728","id":"wattlas-plant-gemplant-l100001068740","lifecycleCounts":{"operational":1},"locationPrecision":"exact","name":"Mathugama 2 solar project","operatingCapacityCoverage":{"coveragePercent":100.0,"knownUnitCount":1,"method":"complete_unit_sum","provenance":{"evidenceCount":0,"recordIds":["wattlas-record-gemunit-g100001078526"],"sourceIds":["gem-global-integrated-power-tracker"],"sourceTypes":["research_verified"],"valueKind":"reported"},"totalUnitCount":1},"operatingCapacityMw":1.0,"operatingCapacityMwByTechnology":{"solar":1.0},"plannedCapacityCoverage":{"coveragePercent":0.0,"knownUnitCount":0,"method":"unavailable","totalUnitCount":0},"plannedCapacityMw":0.0,"plannedCapacityMwByTechnology":{},"recordCount":1,"recordIds":["wattlas-record-gemunit-g100001078526"],"sourceIds":["gem-global-integrated-power-tracker"],"technologies":["solar"],"technologyMixMw":{"solar":1.0},"unitCount":1,"unitIds":["gem-unit-G100001078526"]},"type":"Feature"},{"geometry":{"coordinates":[80.5795,5.9691],"type":"Point"},"id":"wattlas-plant-gemplant-l100001068741","properties":{"aliases":["--","Matara 1 solar project"],"canonicalAnchor":"gemplant:L100001068741","canonicalCountryKey":"LK","capacityMw":1.0,"country":"LK","externalIds":{"gemPlant":"L100001068741","gemUnit":"G100001078527"},"geographyId":"LK-99731895B60977758614393","id":"wattlas-plant-gemplant-l100001068741","lifecycleCounts":{"operational":1},"locationPrecision":"exact","name":"Matara 1 solar project","operatingCapacityCoverage":{"coveragePercent":100.0,"knownUnitCount":1,"method":"complete_unit_sum","provenance":{"evidenceCount":0,"recordIds":["wattlas-record-gemunit-g100001078527"],"sourceIds":["gem-global-integrated-power-tracker"],"sourceTypes":["research_verified"],"valueKind":"reported"},"totalUnitCount":1},"operatingCapacityMw":1.0,"operatingCapacityMwByTechnology":{"solar":1.0},"plannedCapacityCoverage":{"coveragePercent":0.0,"knownUnitCount":0,"method":"unavailable","totalUnitCount":0},"plannedCapacityMw":0.0,"plannedCapacityMwByTechnology":{},"recordCount":1,"recordIds":["wattlas-record-gemunit-g100001078527"],"sourceIds":["gem-global-integrated-power-tracker"],"technologies":["solar"],"technologyMixMw":{"solar":1.0},"unitCount":1,"unitIds":["gem-unit-G100001078527"]},"type":"Feature"},{"geometry":{"coordinates":[80.6208,8.3683],"type":"Point"},"id":"wattlas-plant-gemplant-l100001068742","properties":{"aliases":["--","Anuradhapura 3 solar project"],"canonicalAnchor":"gemplant:L100001068742","canonicalCountryKey":"LK","capacityMw":1.0,"country":"LK","externalIds":{"gemPlant":"L100001068742","gemUnit":"G100001078528"},"geographyId":"LK-99731895B66209916164902","id":"wattlas-plant-gemplant-l100001068742","lifecycleCounts":{"operational":1},"locationPrecision":"exact","name":"Anuradhapura 3 solar project","operatingCapacityCoverage":{"coveragePercent":100.0,"knownUnitCount":1,"method":"complete_unit_sum","provenance":{"evidenceCount":0,"recordIds":["wattlas-record-gemunit-g100001078528"],"sourceIds":["gem-global-integrated-power-tracker"],"sourceTypes":["research_verified"],"valueKind":"reported"},"totalUnitCount":1},"operatingCapacityMw":1.0,"operatingCapacityMwByTechnology":{"solar":1.0},"plannedCapacityCoverage":{"coveragePercent":0.0,"knownUnitCount":0,"method":"unavailable","totalUnitCount":0},"plannedCapacityMw":0.0,"plannedCapacityMwByTechnology":{},"recordCount":1,"recordIds":["wattlas-record-gemunit-g100001078528"],"sourceIds":["gem-global-integrated-power-tracker"],"technologies":["solar"],"technologyMixMw":{"solar":1.0},"unitCount":1,"unitIds":["gem-unit-G100001078528"]},"type":"Feature"},{"geometry":{"coordinates":[81.0165,8.0327],"type":"Point"},"id":"wattlas-plant-gemplant-l100001068743","properties":{"aliases":["--","Polonnaruwa 1 solar project"],"canonicalAnchor":"gemplant:L100001068743","canonicalCountryKey":"LK","capacityMw":1.0,"country":"LK","externalIds":{"gemPlant":"L100001068743","gemUnit":"G100001078529"},"geographyId":"LK-99731895B66209916164902","id":"wattlas-plant-gemplant-l100001068743","lifecycleCounts":{"operational":1},"locationPrecision":"exact","name":"Polonnaruwa 1 solar project","operatingCapacityCoverage":{"coveragePercent":100.0,"knownUnitCount":1,"method":"complete_unit_sum","provenance":{"evidenceCount":0,"recordIds":["wattlas-record-gemunit-g100001078529"],"sourceIds":["gem-global-integrated-power-tracker"],"sourceTypes":["research_verified"],"valueKind":"reported"},"totalUnitCount":1},"operatingCapacityMw":1.0,"operatingCapacityMwByTechnology":{"solar":1.0},"plannedCapacityCoverage":{"coveragePercent":0.0,"knownUnitCount":0,"method":"unavailable","totalUnitCount":0},"plannedCapacityMw":0.0,"plannedCapacityMwByTechnology":{},"recordCount":1,"recordIds":["wattlas-record-gemunit-g100001078529"],"sourceIds":["gem-global-integrated-power-tracker"],"technologies":["solar"],"technologyMixMw":{"solar":1.0},"unitCount":1,"unitIds":["gem-unit-G100001078529"]},"type":"Feature"},{"geometry":{"coordinates":[80.2228,7.8776],"type":"Point"},"id":"wattlas-plant-gemplant-l100001068744","properties":{"aliases":["--","Maho 5 solar project"],"canonicalAnchor":"gemplant:L100001068744","canonicalCountryKey":"LK","capacityMw":1.0,"country":"LK","externalIds":{"gemPlant":"L100001068744","gemUnit":"G100001078530"},"geographyId":"LK-99731895B5260290378804","id":"wattlas-plant-gemplant-l100001068744","lifecycleCounts":{"operational":1},"locationPrecision":"exact","name":"Maho 5 solar project","operatingCapacityCoverage":{"coveragePercent":100.0,"knownUnitCount":1,"method":"complete_unit_sum","provenance":{"evidenceCount":0,"recordIds":["wattlas-record-gemunit-g100001078530"],"sourceIds":["gem-global-integrated-power-tracker"],"sourceTypes":["research_verified"],"valueKind":"reported"},"totalUnitCount":1},"operatingCapacityMw":1.0,"operatingCapacityMwByTechnology":{"solar":1.0},"plannedCapacityCoverage":{"coveragePercent":0.0,"knownUnitCount":0,"method":"unavailable","totalUnitCount":0},"plannedCapacityMw":0.0,"plannedCapacityMwByTechnology":{},"recordCount":1,"recordIds":["wattlas-record-gemunit-g100001078530"],"sourceIds":["gem-global-integrated-power-tracker"],"technologies":["solar"],"technologyMixMw":{"solar":1.0},"unitCount":1,"unitIds":["gem-unit-G100001078530"]},"type":"Feature"},{"geometry":{"coordinates":[80.7346,6.0845],"type":"Point"},"id":"wattlas-plant-gemplant-l100001068745","properties":{"aliases":["--","Beliatta 1 solar project"],"canonicalAnchor":"gemplant:L100001068745","canonicalCountryKey":"LK","capacityMw":1.0,"country":"LK","externalIds":{"gemPlant":"L100001068745","gemUnit":"G100001078531"},"geographyId":"LK-99731895B60977758614393","id":"wattlas-plant-gemplant-l100001068745","lifecycleCounts":{"operational":1},"locationPrecision":"exact","name":"Beliatta 1 solar project","operatingCapacityCoverage":{"coveragePercent":100.0,"knownUnitCount":1,"method":"complete_unit_sum","provenance":{"evidenceCount":0,"recordIds":["wattlas-record-gemunit-g100001078531"],"sourceIds":["gem-global-integrated-power-tracker"],"sourceTypes":["research_verified"],"valueKind":"reported"},"totalUnitCount":1},"operatingCapacityMw":1.0,"operatingCapacityMwByTechnology":{"solar":1.0},"plannedCapacityCoverage":{"coveragePercent":0.0,"knownUnitCount":0,"method":"unavailable","totalUnitCount":0},"plannedCapacityMw":0.0,"plannedCapacityMwByTechnology":{},"recordCount":1,"recordIds":["wattlas-record-gemunit-g100001078531"],"sourceIds":["gem-global-integrated-power-tracker"],"technologies":["solar"],"technologyMixMw":{"solar":1.0},"unitCount":1,"unitIds":["gem-unit-G100001078531"]},"type":"Feature"},{"geometry":{"coordinates":[80.2188,7.884],"type":"Point"},"id":"wattlas-plant-gemplant-l100001068746","properties":{"aliases":["--","Maho 1 solar project"],"canonicalAnchor":"gemplant:L100001068746","canonicalCountryKey":"LK","capacityMw":1.0,"country":"LK","externalIds":{"gemPlant":"L100001068746","gemUnit":"G100001078532"},"geographyId":"LK-99731895B5260290378804","id":"wattlas-plant-gemplant-l100001068746","lifecycleCounts":{"operational":1},"locationPrecision":"exact","name":"Maho 1 solar project","operatingCapacityCoverage":{"coveragePercent":100.0,"knownUnitCount":1,"method":"complete_unit_sum","provenance":{"evidenceCount":0,"recordIds":["wattlas-record-gemunit-g100001078532"],"sourceIds":["gem-global-integrated-power-tracker"],"sourceTypes":["research_verified"],"valueKind":"reported"},"totalUnitCount":1},"operatingCapacityMw":1.0,"operatingCapacityMwByTechnology":{"solar":1.0},"plannedCapacityCoverage":{"coveragePercent":0.0,"knownUnitCount":0,"method":"unavailable","totalUnitCount":0},"plannedCapacityMw":0.0,"plannedCapacityMwByTechnology":{},"recordCount":1,"recordIds":["wattlas-record-gemunit-g100001078532"],"sourceIds":["gem-global-integrated-power-tracker"],"technologies":["solar"],"technologyMixMw":{"solar":1.0},"unitCount":1,"unitIds":["gem-unit-G100001078532"]},"type":"Feature"},{"geometry":{"coordinates":[80.5791,5.9694],"type":"Point"},"id":"wattlas-plant-gemplant-l100001068747","properties":{"aliases":["--","Matara 2 solar project"],"canonicalAnchor":"gemplant:L100001068747","canonicalCountryKey":"LK","capacityMw":1.0,"country":"LK","externalIds":{"gemPlant":"L100001068747","gemUnit":"G100001078533"},"geographyId":"LK-99731895B60977758614393","id":"wattlas-plant-gemplant-l100001068747","lifecycleCounts":{"operational":1},"locationPrecision":"exact","name":"Matara 2 solar project","operatingCapacityCoverage":{"coveragePercent":100.0,"knownUnitCount":1,"method":"complete_unit_sum","provenance":{"evidenceCount":0,"recordIds":["wattlas-record-gemunit-g100001078533"],"sourceIds":["gem-global-integrated-power-tracker"],"sourceTypes":["research_verified"],"valueKind":"reported"},"totalUnitCount":1},"operatingCapacityMw":1.0,"operatingCapacityMwByTechnology":{"solar":1.0},"plannedCapacityCoverage":{"coveragePercent":0.0,"knownUnitCount":0,"method":"unavailable","totalUnitCount":0},"plannedCapacityMw":0.0,"plannedCapacityMwByTechnology":{},"recordCount":1,"recordIds":["wattlas-record-gemunit-g100001078533"],"sourceIds":["gem-global-integrated-power-tracker"],"technologies":["solar"],"technologyMixMw":{"solar":1.0},"unitCount":1,"unitIds":["gem-unit-G100001078533"]},"type":"Feature"},{"geometry":{"coordinates":[80.5808,5.9676],"type":"Point"},"id":"wattlas-plant-gemplant-l100001068748","properties":{"aliases":["--","Matara 3 solar project"],"canonicalAnchor":"gemplant:L100001068748","canonicalCountryKey":"LK","capacityMw":1.0,"country":"LK","externalIds":{"gemPlant":"L100001068748","gemUnit":"G100001078534"},"geographyId":"LK-99731895B60977758614393","id":"wattlas-plant-gemplant-l100001068748","lifecycleCounts":{"operational":1},"locationPrecision":"exact","name":"Matara 3 solar project","operatingCapacityCoverage":{"coveragePercent":100.0,"knownUnitCount":1,"method":"complete_unit_sum","provenance":{"evidenceCount":0,"recordIds":["wattlas-record-gemunit-g100001078534"],"sourceIds":["gem-global-integrated-power-tracker"],"sourceTypes":["research_verified"],"valueKind":"reported"},"totalUnitCount":1},"operatingCapacityMw":1.0,"operatingCapacityMwByTechnology":{"solar":1.0},"plannedCapacityCoverage":{"coveragePercent":0.0,"knownUnitCount":0,"method":"unavailable","totalUnitCount":0},"plannedCapacityMw":0.0,"plannedCapacityMwByTechnology":{},"recordCount":1,"recordIds":["wattlas-record-gemunit-g100001078534"],"sourceIds":["gem-global-integrated-power-tracker"],"technologies":["solar"],"technologyMixMw":{"solar":1.0},"unitCount":1,"unitIds":["gem-unit-G100001078534"]},"type":"Feature"},{"geometry":{"coordinates":[80.0011,6.6834],"type":"Point"},"id":"wattlas-plant-gemplant-l100001068749","properties":{"aliases":["--","Horana 3 solar project"],"canonicalAnchor":"gemplant:L100001068749","canonicalCountryKey":"LK","capacityMw":1.0,"country":"LK","externalIds":{"gemPlant":"L100001068749","gemUnit":"G100001078535"},"geographyId":"LK-99731895B46623695729728","id":"wattlas-plant-gemplant-l100001068749","lifecycleCounts":{"operational":1},"locationPrecision":"exact","name":"Horana 3 solar project","operatingCapacityCoverage":{"coveragePercent":100.0,"knownUnitCount":1,"method":"complete_unit_sum","provenance":{"evidenceCount":0,"recordIds":["wattlas-record-gemunit-g100001078535"],"sourceIds":["gem-global-integrated-power-tracker"],"sourceTypes":["research_verified"],"valueKind":"reported"},"totalUnitCount":1},"operatingCapacityMw":1.0,"operatingCapacityMwByTechnology":{"solar":1.0},"plannedCapacityCoverage":{"coveragePercent":0.0,"knownUnitCount":0,"method":"unavailable","totalUnitCount":0},"plannedCapacityMw":0.0,"plannedCapacityMwByTechnology":{},"recordCount":1,"recordIds":["wattlas-record-gemunit-g100001078535"],"sourceIds":["gem-global-integrated-power-tracker"],"technologies":["solar"],"technologyMixMw":{"solar":1.0},"unitCount":1,"unitIds":["gem-unit-G100001078535"]},"type":"Feature"},{"geometry":{"coordinates":[80.2238,7.8806],"type":"Point"},"id":"wattlas-plant-gemplant-l100001068750","properties":{"aliases":["--","Maho 6 solar project"],"canonicalAnchor":"gemplant:L100001068750","canonicalCountryKey":"LK","capacityMw":1.0,"country":"LK","externalIds":{"gemPlant":"L100001068750","gemUnit":"G100001078536"},"geographyId":"LK-99731895B5260290378804","id":"wattlas-plant-gemplant-l100001068750","lifecycleCounts":{"operational":1},"locationPrecision":"exact","name":"Maho 6 solar project","operatingCapacityCoverage":{"coveragePercent":100.0,"knownUnitCount":1,"method":"complete_unit_sum","provenance":{"evidenceCount":0,"recordIds":["wattlas-record-gemunit-g100001078536"],"sourceIds":["gem-global-integrated-power-tracker"],"sourceTypes":["research_verified"],"valueKind":"reported"},"totalUnitCount":1},"operatingCapacityMw":1.0,"operatingCapacityMwByTechnology":{"solar":1.0},"plannedCapacityCoverage":{"coveragePercent":0.0,"knownUnitCount":0,"method":"unavailable","totalUnitCount":0},"plannedCapacityMw":0.0,"plannedCapacityMwByTechnology":{},"recordCount":1,"recordIds":["wattlas-record-gemunit-g100001078536"],"sourceIds":["gem-global-integrated-power-tracker"],"technologies":["solar"],"technologyMixMw":{"solar":1.0},"unitCount":1,"unitIds":["gem-unit-G100001078536"]},"type":"Feature"},{"geometry":{"coordinates":[80.2238,7.8806],"type":"Point"},"id":"wattlas-plant-gemplant-l100001068751","properties":{"aliases":["--","Maho 7 solar project"],"canonicalAnchor":"gemplant:L100001068751","canonicalCountryKey":"LK","capacityMw":1.0,"country":"LK","externalIds":{"gemPlant":"L100001068751","gemUnit":"G100001078537"},"geographyId":"LK-99731895B5260290378804","id":"wattlas-plant-gemplant-l100001068751","lifecycleCounts":{"operational":1},"locationPrecision":"exact","name":"Maho 7 solar project","operatingCapacityCoverage":{"coveragePercent":100.0,"knownUnitCount":1,"method":"complete_unit_sum","provenance":{"evidenceCount":0,"recordIds":["wattlas-record-gemunit-g100001078537"],"sourceIds":["gem-global-integrated-power-tracker"],"sourceTypes":["research_verified"],"valueKind":"reported"},"totalUnitCount":1},"operatingCapacityMw":1.0,"operatingCapacityMwByTechnology":{"solar":1.0},"plannedCapacityCoverage":{"coveragePercent":0.0,"knownUnitCount":0,"method":"unavailable","totalUnitCount":0},"plannedCapacityMw":0.0,"plannedCapacityMwByTechnology":{},"recordCount":1,"recordIds":["wattlas-record-gemunit-g100001078537"],"sourceIds":["gem-global-integrated-power-tracker"],"technologies":["solar"],"technologyMixMw":{"solar":1.0},"unitCount":1,"unitIds":["gem-unit-G100001078537"]},"type":"Feature"},{"geometry":{"coordinates":[80.7992,6.0684],"type":"Point"},"id":"wattlas-plant-gemplant-l100001068752","properties":{"aliases":["--","Beliatta 2 solar project"],"canonicalAnchor":"gemplant:L100001068752","canonicalCountryKey":"LK","capacityMw":1.0,"country":"LK","externalIds":{"gemPlant":"L100001068752","gemUnit":"G100001078538"},"geographyId":"LK-99731895B60977758614393","id":"wattlas-plant-gemplant-l100001068752","lifecycleCounts":{"operational":1},"locationPrecision":"exact","name":"Beliatta 2 solar project","operatingCapacityCoverage":{"coveragePercent":100.0,"knownUnitCount":1,"method":"complete_unit_sum","provenance":{"evidenceCount":0,"recordIds":["wattlas-record-gemunit-g100001078538"],"sourceIds":["gem-global-integrated-power-tracker"],"sourceTypes":["research_verified"],"valueKind":"reported"},"totalUnitCount":1},"operatingCapacityMw":1.0,"operatingCapacityMwByTechnology":{"solar":1.0},"plannedCapacityCoverage":{"coveragePercent":0.0,"knownUnitCount":0,"method":"unavailable","totalUnitCount":0},"plannedCapacityMw":0.0,"plannedCapacityMwByTechnology":{},"recordCount":1,"recordIds":["wattlas-record-gemunit-g100001078538"],"sourceIds":["gem-global-integrated-power-tracker"],"technologies":["solar"],"technologyMixMw":{"solar":1.0},"unitCount":1,"unitIds":["gem-unit-G100001078538"]},"type":"Feature"},{"geometry":{"coordinates":[80.787,7.3302],"type":"Point"},"id":"wattlas-plant-gemplant-l100001068753","properties":{"aliases":["--","Pallekele 1 solar project"],"canonicalAnchor":"gemplant:L100001068753","canonicalCountryKey":"LK","capacityMw":1.0,"country":"LK","externalIds":{"gemPlant":"L100001068753","gemUnit":"G100001078539"},"geographyId":"LK-99731895B28050807675820","id":"wattlas-plant-gemplant-l100001068753","lifecycleCounts":{"operational":1},"locationPrecision":"exact","name":"Pallekele 1 solar project","operatingCapacityCoverage":{"coveragePercent":100.0,"knownUnitCount":1,"method":"complete_unit_sum","provenance":{"evidenceCount":0,"recordIds":["wattlas-record-gemunit-g100001078539"],"sourceIds":["gem-global-integrated-power-tracker"],"sourceTypes":["research_verified"],"valueKind":"reported"},"totalUnitCount":1},"operatingCapacityMw":1.0,"operatingCapacityMwByTechnology":{"solar":1.0},"plannedCapacityCoverage":{"coveragePercent":0.0,"knownUnitCount":0,"method":"unavailable","totalUnitCount":0},"plannedCapacityMw":0.0,"plannedCapacityMwByTechnology":{},"recordCount":1,"recordIds":["wattlas-record-gemunit-g100001078539"],"sourceIds":["gem-global-integrated-power-tracker"],"technologies":["solar"],"technologyMixMw":{"solar":1.0},"unitCount":1,"unitIds":["gem-unit-G100001078539"]},"type":"Feature"},{"geometry":{"coordinates":[80.4613,9.1159],"type":"Point"},"id":"wattlas-plant-gemplant-l100001068754","properties":{"aliases":["--","Kilinochchi 1 solar project"],"canonicalAnchor":"gemplant:L100001068754","canonicalCountryKey":"LK","capacityMw":1.0,"country":"LK","externalIds":{"gemPlant":"L100001068754","gemUnit":"G100001078540"},"geographyId":"LK-99731895B93054189817547","id":"wattlas-plant-gemplant-l100001068754","lifecycleCounts":{"operational":1},"locationPrecision":"exact","name":"Kilinochchi 1 solar project","operatingCapacityCoverage":{"coveragePercent":100.0,"knownUnitCount":1,"method":"complete_unit_sum","provenance":{"evidenceCount":0,"recordIds":["wattlas-record-gemunit-g100001078540"],"sourceIds":["gem-global-integrated-power-tracker"],"sourceTypes":["research_verified"],"valueKind":"reported"},"totalUnitCount":1},"operatingCapacityMw":1.0,"operatingCapacityMwByTechnology":{"solar":1.0},"plannedCapacityCoverage":{"coveragePercent":0.0,"knownUnitCount":0,"method":"unavailable","totalUnitCount":0},"plannedCapacityMw":0.0,"plannedCapacityMwByTechnology":{},"recordCount":1,"recordIds":["wattlas-record-gemunit-g100001078540"],"sourceIds":["gem-global-integrated-power-tracker"],"technologies":["solar"],"technologyMixMw":{"solar":1.0},"unitCount":1,"unitIds":["gem-unit-G100001078540"]},"type":"Feature"},{"geometry":{"coordinates":[80.4614,9.1159],"type":"Point"},"id":"wattlas-plant-gemplant-l100001068755","properties":{"aliases":["--","Kilinochchi 2 solar project"],"canonicalAnchor":"gemplant:L100001068755","canonicalCountryKey":"LK","capacityMw":1.0,"country":"LK","externalIds":{"gemPlant":"L100001068755","gemUnit":"G100001078541"},"geographyId":"LK-99731895B93054189817547","id":"wattlas-plant-gemplant-l100001068755","lifecycleCounts":{"operational":1},"locationPrecision":"exact","name":"Kilinochchi 2 solar project","operatingCapacityCoverage":{"coveragePercent":100.0,"knownUnitCount":1,"method":"complete_unit_sum","provenance":{"evidenceCount":0,"recordIds":["wattlas-record-gemunit-g100001078541"],"sourceIds":["gem-global-integrated-power-tracker"],"sourceTypes":["research_verified"],"valueKind":"reported"},"totalUnitCount":1},"operatingCapacityMw":1.0,"operatingCapacityMwByTechnology":{"solar":1.0},"plannedCapacityCoverage":{"coveragePercent":0.0,"knownUnitCount":0,"method":"unavailable","totalUnitCount":0},"plannedCapacityMw":0.0,"plannedCapacityMwByTechnology":{},"recordCount":1,"recordIds":["wattlas-record-gemunit-g100001078541"],"sourceIds":["gem-global-integrated-power-tracker"],"technologies":["solar"],"technologyMixMw":{"solar":1.0},"unitCount":1,"unitIds":["gem-unit-G100001078541"]},"type":"Feature"},{"geometry":{"coordinates":[80.4613,9.1159],"type":"Point"},"id":"wattlas-plant-gemplant-l100001068756","properties":{"aliases":["--","Kilinochchi 3 solar project"],"canonicalAnchor":"gemplant:L100001068756","canonicalCountryKey":"LK","capacityMw":1.0,"country":"LK","externalIds":{"gemPlant":"L100001068756","gemUnit":"G100001078542"},"geographyId":"LK-99731895B93054189817547","id":"wattlas-plant-gemplant-l100001068756","lifecycleCounts":{"operational":1},"locationPrecision":"exact","name":"Kilinochchi 3 solar project","operatingCapacityCoverage":{"coveragePercent":100.0,"knownUnitCount":1,"method":"complete_unit_sum","provenance":{"evidenceCount":0,"recordIds":["wattlas-record-gemunit-g100001078542"],"sourceIds":["gem-global-integrated-power-tracker"],"sourceTypes":["research_verified"],"valueKind":"reported"},"totalUnitCount":1},"operatingCapacityMw":1.0,"operatingCapacityMwByTechnology":{"solar":1.0},"plannedCapacityCoverage":{"coveragePercent":0.0,"knownUnitCount":0,"method":"unavailable","totalUnitCount":0},"plannedCapacityMw":0.0,"plannedCapacityMwByTechnology":{},"recordCount":1,"recordIds":["wattlas-record-gemunit-g100001078542"],"sourceIds":["gem-global-integrated-power-tracker"],"technologies":["solar"],"technologyMixMw":{"solar":1.0},"unitCount":1,"unitIds":["gem-unit-G100001078542"]},"type":"Feature"},{"geometry":{"coordinates":[80.05,7.492],"type":"Point"},"id":"wattlas-plant-gemplant-l100001068757","properties":{"aliases":["--","Pannala 2 solar project"],"canonicalAnchor":"gemplant:L100001068757","canonicalCountryKey":"LK","capacityMw":1.0,"country":"LK","externalIds":{"gemPlant":"L100001068757","gemUnit":"G100001078543"},"geographyId":"LK-99731895B5260290378804","id":"wattlas-plant-gemplant-l100001068757","lifecycleCounts":{"operational":1},"locationPrecision":"exact","name":"Pannala 2 solar project","operatingCapacityCoverage":{"coveragePercent":100.0,"knownUnitCount":1,"method":"complete_unit_sum","provenance":{"evidenceCount":0,"recordIds":["wattlas-record-gemunit-g100001078543"],"sourceIds":["gem-global-integrated-power-tracker"],"sourceTypes":["research_verified"],"valueKind":"reported"},"totalUnitCount":1},"operatingCapacityMw":1.0,"operatingCapacityMwByTechnology":{"solar":1.0},"plannedCapacityCoverage":{"coveragePercent":0.0,"knownUnitCount":0,"method":"unavailable","totalUnitCount":0},"plannedCapacityMw":0.0,"plannedCapacityMwByTechnology":{},"recordCount":1,"recordIds":["wattlas-record-gemunit-g100001078543"],"sourceIds":["gem-global-integrated-power-tracker"],"technologies":["solar"],"technologyMixMw":{"solar":1.0},"unitCount":1,"unitIds":["gem-unit-G100001078543"]},"type":"Feature"},{"geometry":{"coordinates":[80.53,8.797],"type":"Point"},"id":"wattlas-plant-gemplant-l100001068758","properties":{"aliases":["--","Vavuniya 4 solar project"],"canonicalAnchor":"gemplant:L100001068758","canonicalCountryKey":"LK","capacityMw":1.0,"country":"LK","externalIds":{"gemPlant":"L100001068758","gemUnit":"G100001078544"},"geographyId":"LK-99731895B93054189817547","id":"wattlas-plant-gemplant-l100001068758","lifecycleCounts":{"operational":1},"locationPrecision":"exact","name":"Vavuniya 4 solar project","operatingCapacityCoverage":{"coveragePercent":100.0,"knownUnitCount":1,"method":"complete_unit_sum","provenance":{"evidenceCount":0,"recordIds":["wattlas-record-gemunit-g100001078544"],"sourceIds":["gem-global-integrated-power-tracker"],"sourceTypes":["research_verified"],"valueKind":"reported"},"totalUnitCount":1},"operatingCapacityMw":1.0,"operatingCapacityMwByTechnology":{"solar":1.0},"plannedCapacityCoverage":{"coveragePercent":0.0,"knownUnitCount":0,"method":"unavailable","totalUnitCount":0},"plannedCapacityMw":0.0,"plannedCapacityMwByTechnology":{},"recordCount":1,"recordIds":["wattlas-record-gemunit-g100001078544"],"sourceIds":["gem-global-integrated-power-tracker"],"technologies":["solar"],"technologyMixMw":{"solar":1.0},"unitCount":1,"unitIds":["gem-unit-G100001078544"]},"type":"Feature"},{"geometry":{"coordinates":[80.74,7.265],"type":"Point"},"id":"wattlas-plant-gemplant-l100001068759","properties":{"aliases":["--","Pallekelle 1 solar project"],"canonicalAnchor":"gemplant:L100001068759","canonicalCountryKey":"LK","capacityMw":1.0,"country":"LK","externalIds":{"gemPlant":"L100001068759","gemUnit":"G100001078545"},"geographyId":"LK-99731895B28050807675820","id":"wattlas-plant-gemplant-l100001068759","lifecycleCounts":{"operational":1},"locationPrecision":"exact","name":"Pallekelle 1 solar project","operatingCapacityCoverage":{"coveragePercent":100.0,"knownUnitCount":1,"method":"complete_unit_sum","provenance":{"evidenceCount":0,"recordIds":["wattlas-record-gemunit-g100001078545"],"sourceIds":["gem-global-integrated-power-tracker"],"sourceTypes":["research_verified"],"valueKind":"reported"},"totalUnitCount":1},"operatingCapacityMw":1.0,"operatingCapacityMwByTechnology":{"solar":1.0},"plannedCapacityCoverage":{"coveragePercent":0.0,"knownUnitCount":0,"method":"unavailable","totalUnitCount":0},"plannedCapacityMw":0.0,"plannedCapacityMwByTechnology":{},"recordCount":1,"recordIds":["wattlas-record-gemunit-g100001078545"],"sourceIds":["gem-global-integrated-power-tracker"],"technologies":["solar"],"technologyMixMw":{"solar":1.0},"unitCount":1,"unitIds":["gem-unit-G100001078545"]},"type":"Feature"},{"geometry":{"coordinates":[81.49,7.944],"type":"Point"},"id":"wattlas-plant-gemplant-l100001068760","properties":{"aliases":["--","Valachchenai (New) 1 solar project"],"canonicalAnchor":"gemplant:L100001068760","canonicalCountryKey":"LK","capacityMw":1.0,"country":"LK","externalIds":{"gemPlant":"L100001068760","gemUnit":"G100001078546"},"geographyId":"LK-99731895B51072878877669","id":"wattlas-plant-gemplant-l100001068760","lifecycleCounts":{"operational":1},"locationPrecision":"exact","name":"Valachchenai (New) 1 solar project","operatingCapacityCoverage":{"coveragePercent":100.0,"knownUnitCount":1,"method":"complete_unit_sum","provenance":{"evidenceCount":0,"recordIds":["wattlas-record-gemunit-g100001078546"],"sourceIds":["gem-global-integrated-power-tracker"],"sourceTypes":["research_verified"],"valueKind":"reported"},"totalUnitCount":1},"operatingCapacityMw":1.0,"operatingCapacityMwByTechnology":{"solar":1.0},"plannedCapacityCoverage":{"coveragePercent":0.0,"knownUnitCount":0,"method":"unavailable","totalUnitCount":0},"plannedCapacityMw":0.0,"plannedCapacityMwByTechnology":{},"recordCount":1,"recordIds":["wattlas-record-gemunit-g100001078546"],"sourceIds":["gem-global-integrated-power-tracker"],"technologies":["solar"],"technologyMixMw":{"solar":1.0},"unitCount":1,"unitIds":["gem-unit-G100001078546"]},"type":"Feature"},{"geometry":{"coordinates":[80.06,6.5],"type":"Point"},"id":"wattlas-plant-gemplant-l100001068761","properties":{"aliases":["--","Mathugama 4 solar project"],"canonicalAnchor":"gemplant:L100001068761","canonicalCountryKey":"LK","capacityMw":1.0,"country":"LK","externalIds":{"gemPlant":"L100001068761","gemUnit":"G100001078547"},"geographyId":"LK-99731895B46623695729728","id":"wattlas-plant-gemplant-l100001068761","lifecycleCounts":{"operational":1},"locationPrecision":"exact","name":"Mathugama 4 solar project","operatingCapacityCoverage":{"coveragePercent":100.0,"knownUnitCount":1,"method":"complete_unit_sum","provenance":{"evidenceCount":0,"recordIds":["wattlas-record-gemunit-g100001078547"],"sourceIds":["gem-global-integrated-power-tracker"],"sourceTypes":["research_verified"],"valueKind":"reported"},"totalUnitCount":1},"operatingCapacityMw":1.0,"operatingCapacityMwByTechnology":{"solar":1.0},"plannedCapacityCoverage":{"coveragePercent":0.0,"knownUnitCount":0,"method":"unavailable","totalUnitCount":0},"plannedCapacityMw":0.0,"plannedCapacityMwByTechnology":{},"recordCount":1,"recordIds":["wattlas-record-gemunit-g100001078547"],"sourceIds":["gem-global-integrated-power-tracker"],"technologies":["solar"],"technologyMixMw":{"solar":1.0},"unitCount":1,"unitIds":["gem-unit-G100001078547"]},"type":"Feature"},{"geometry":{"coordinates":[79.96,6.63],"type":"Point"},"id":"wattlas-plant-gemplant-l100001068762","properties":{"aliases":["--","Panadura 1 solar project"],"canonicalAnchor":"gemplant:L100001068762","canonicalCountryKey":"LK","capacityMw":1.0,"country":"LK","externalIds":{"gemPlant":"L100001068762","gemUnit":"G100001078548"},"geographyId":"LK-99731895B46623695729728","id":"wattlas-plant-gemplant-l100001068762","lifecycleCounts":{"operational":1},"locationPrecision":"exact","name":"Panadura 1 solar project","operatingCapacityCoverage":{"coveragePercent":100.0,"knownUnitCount":1,"method":"complete_unit_sum","provenance":{"evidenceCount":0,"recordIds":["wattlas-record-gemunit-g100001078548"],"sourceIds":["gem-global-integrated-power-tracker"],"sourceTypes":["research_verified"],"valueKind":"reported"},"totalUnitCount":1},"operatingCapacityMw":1.0,"operatingCapacityMwByTechnology":{"solar":1.0},"plannedCapacityCoverage":{"coveragePercent":0.0,"knownUnitCount":0,"method":"unavailable","totalUnitCount":0},"plannedCapacityMw":0.0,"plannedCapacityMwByTechnology":{},"recordCount":1,"recordIds":["wattlas-record-gemunit-g100001078548"],"sourceIds":["gem-global-integrated-power-tracker"],"technologies":["solar"],"technologyMixMw":{"solar":1.0},"unitCount":1,"unitIds":["gem-unit-G100001078548"]},"type":"Feature"},{"geometry":{"coordinates":[81.39,6.771],"type":"Point"},"id":"wattlas-plant-gemplant-l100001068763","properties":{"aliases":["--","Monaragala 1 solar project"],"canonicalAnchor":"gemplant:L100001068763","canonicalCountryKey":"LK","capacityMw":1.0,"country":"LK","externalIds":{"gemPlant":"L100001068763","gemUnit":"G100001078549"},"geographyId":"LK-99731895B77537271836321","id":"wattlas-plant-gemplant-l100001068763","lifecycleCounts":{"operational":1},"locationPrecision":"exact","name":"Monaragala 1 solar project","operatingCapacityCoverage":{"coveragePercent":100.0,"knownUnitCount":1,"method":"complete_unit_sum","provenance":{"evidenceCount":0,"recordIds":["wattlas-record-gemunit-g100001078549"],"sourceIds":["gem-global-integrated-power-tracker"],"sourceTypes":["research_verified"],"valueKind":"reported"},"totalUnitCount":1},"operatingCapacityMw":1.0,"operatingCapacityMwByTechnology":{"solar":1.0},"plannedCapacityCoverage":{"coveragePercent":0.0,"knownUnitCount":0,"method":"unavailable","totalUnitCount":0},"plannedCapacityMw":0.0,"plannedCapacityMwByTechnology":{},"recordCount":1,"recordIds":["wattlas-record-gemunit-g100001078549"],"sourceIds":["gem-global-integrated-power-tracker"],"technologies":["solar"],"technologyMixMw":{"solar":1.0},"unitCount":1,"unitIds":["gem-unit-G100001078549"]},"type":"Feature"},{"geometry":{"coordinates":[81.63,6.949],"type":"Point"},"id":"wattlas-plant-gemplant-l100001068764","properties":{"aliases":["--","Ampara 1 solar project"],"canonicalAnchor":"gemplant:L100001068764","canonicalCountryKey":"LK","capacityMw":1.0,"country":"LK","externalIds":{"gemPlant":"L100001068764","gemUnit":"G100001078550"},"geographyId":"LK-99731895B77537271836321","id":"wattlas-plant-gemplant-l100001068764","lifecycleCounts":{"operational":1},"locationPrecision":"exact","name":"Ampara 1 solar project","operatingCapacityCoverage":{"coveragePercent":100.0,"knownUnitCount":1,"method":"complete_unit_sum","provenance":{"evidenceCount":0,"recordIds":["wattlas-record-gemunit-g100001078550"],"sourceIds":["gem-global-integrated-power-tracker"],"sourceTypes":["research_verified"],"valueKind":"reported"},"totalUnitCount":1},"operatingCapacityMw":1.0,"operatingCapacityMwByTechnology":{"solar":1.0},"plannedCapacityCoverage":{"coveragePercent":0.0,"knownUnitCount":0,"method":"unavailable","totalUnitCount":0},"plannedCapacityMw":0.0,"plannedCapacityMwByTechnology":{},"recordCount":1,"recordIds":["wattlas-record-gemunit-g100001078550"],"sourceIds":["gem-global-integrated-power-tracker"],"technologies":["solar"],"technologyMixMw":{"solar":1.0},"unitCount":1,"unitIds":["gem-unit-G100001078550"]},"type":"Feature"},{"geometry":{"coordinates":[80.38,7.981],"type":"Point"},"id":"wattlas-plant-gemplant-l100001068765","properties":{"aliases":["--","Maho 2 solar project"],"canonicalAnchor":"gemplant:L100001068765","canonicalCountryKey":"LK","capacityMw":1.0,"country":"LK","externalIds":{"gemPlant":"L100001068765","gemUnit":"G100001078551"},"geographyId":"LK-99731895B5260290378804","id":"wattlas-plant-gemplant-l100001068765","lifecycleCounts":{"operational":1},"locationPrecision":"exact","name":"Maho 2 solar project","operatingCapacityCoverage":{"coveragePercent":100.0,"knownUnitCount":1,"method":"complete_unit_sum","provenance":{"evidenceCount":0,"recordIds":["wattlas-record-gemunit-g100001078551"],"sourceIds":["gem-global-integrated-power-tracker"],"sourceTypes":["research_verified"],"valueKind":"reported"},"totalUnitCount":1},"operatingCapacityMw":1.0,"operatingCapacityMwByTechnology":{"solar":1.0},"plannedCapacityCoverage":{"coveragePercent":0.0,"knownUnitCount":0,"method":"unavailable","totalUnitCount":0},"plannedCapacityMw":0.0,"plannedCapacityMwByTechnology":{},"recordCount":1,"recordIds":["wattlas-record-gemunit-g100001078551"],"sourceIds":["gem-global-integrated-power-tracker"],"technologies":["solar"],"technologyMixMw":{"solar":1.0},"unitCount":1,"unitIds":["gem-unit-G100001078551"]},"type":"Feature"},{"geometry":{"coordinates":[81.04,7.432],"type":"Point"},"id":"wattlas-plant-gemplant-l100001068766","properties":{"aliases":["--","Mahiyanganaya 1 solar project"],"canonicalAnchor":"gemplant:L100001068766","canonicalCountryKey":"LK","capacityMw":1.0,"country":"LK","externalIds":{"gemPlant":"L100001068766","gemUnit":"G100001078552"},"geographyId":"LK-99731895B77537271836321","id":"wattlas-plant-gemplant-l100001068766","lifecycleCounts":{"operational":1},"locationPrecision":"exact","name":"Mahiyanganaya 1 solar project","operatingCapacityCoverage":{"coveragePercent":100.0,"knownUnitCount":1,"method":"complete_unit_sum","provenance":{"evidenceCount":0,"recordIds":["wattlas-record-gemunit-g100001078552"],"sourceIds":["gem-global-integrated-power-tracker"],"sourceTypes":["research_verified"],"valueKind":"reported"},"totalUnitCount":1},"operatingCapacityMw":1.0,"operatingCapacityMwByTechnology":{"solar":1.0},"plannedCapacityCoverage":{"coveragePercent":0.0,"knownUnitCount":0,"method":"unavailable","totalUnitCount":0},"plannedCapacityMw":0.0,"plannedCapacityMwByTechnology":{},"recordCount":1,"recordIds":["wattlas-record-gemunit-g100001078552"],"sourceIds":["gem-global-integrated-power-tracker"],"technologies":["solar"],"technologyMixMw":{"solar":1.0},"unitCount":1,"unitIds":["gem-unit-G100001078552"]},"type":"Feature"},{"geometry":{"coordinates":[81.04,7.432],"type":"Point"},"id":"wattlas-plant-gemplant-l100001068767","properties":{"aliases":["--","Mahiyanganaya 2 solar project"],"canonicalAnchor":"gemplant:L100001068767","canonicalCountryKey":"LK","capacityMw":1.0,"country":"LK","externalIds":{"gemPlant":"L100001068767","gemUnit":"G100001078553"},"geographyId":"LK-99731895B77537271836321","id":"wattlas-plant-gemplant-l100001068767","lifecycleCounts":{"operational":1},"locationPrecision":"exact","name":"Mahiyanganaya 2 solar project","operatingCapacityCoverage":{"coveragePercent":100.0,"knownUnitCount":1,"method":"complete_unit_sum","provenance":{"evidenceCount":0,"recordIds":["wattlas-record-gemunit-g100001078553"],"sourceIds":["gem-global-integrated-power-tracker"],"sourceTypes":["research_verified"],"valueKind":"reported"},"totalUnitCount":1},"operatingCapacityMw":1.0,"operatingCapacityMwByTechnology":{"solar":1.0},"plannedCapacityCoverage":{"coveragePercent":0.0,"knownUnitCount":0,"method":"unavailable","totalUnitCount":0},"plannedCapacityMw":0.0,"plannedCapacityMwByTechnology":{},"recordCount":1,"recordIds":["wattlas-record-gemunit-g100001078553"],"sourceIds":["gem-global-integrated-power-tracker"],"technologies":["solar"],"technologyMixMw":{"solar":1.0},"unitCount":1,"unitIds":["gem-unit-G100001078553"]},"type":"Feature"},{"geometry":{"coordinates":[81.04,7.432],"type":"Point"},"id":"wattlas-plant-gemplant-l100001068768","properties":{"aliases":["--","Mahiyanganaya 3 solar project"],"canonicalAnchor":"gemplant:L100001068768","canonicalCountryKey":"LK","capacityMw":1.0,"country":"LK","externalIds":{"gemPlant":"L100001068768","gemUnit":"G100001078554"},"geographyId":"LK-99731895B77537271836321","id":"wattlas-plant-gemplant-l100001068768","lifecycleCounts":{"operational":1},"locationPrecision":"exact","name":"Mahiyanganaya 3 solar project","operatingCapacityCoverage":{"coveragePercent":100.0,"knownUnitCount":1,"method":"complete_unit_sum","provenance":{"evidenceCount":0,"recordIds":["wattlas-record-gemunit-g100001078554"],"sourceIds":["gem-global-integrated-power-tracker"],"sourceTypes":["research_verified"],"valueKind":"reported"},"totalUnitCount":1},"operatingCapacityMw":1.0,"operatingCapacityMwByTechnology":{"solar":1.0},"plannedCapacityCoverage":{"coveragePercent":0.0,"knownUnitCount":0,"method":"unavailable","totalUnitCount":0},"plannedCapacityMw":0.0,"plannedCapacityMwByTechnology":{},"recordCount":1,"recordIds":["wattlas-record-gemunit-g100001078554"],"sourceIds":["gem-global-integrated-power-tracker"],"technologies":["solar"],"technologyMixMw":{"solar":1.0},"unitCount":1,"unitIds":["gem-unit-G100001078554"]},"type":"Feature"},{"geometry":{"coordinates":[81.31,6.849],"type":"Point"},"id":"wattlas-plant-gemplant-l100001068769","properties":{"aliases":["--","Monaragala 2 solar project"],"canonicalAnchor":"gemplant:L100001068769","canonicalCountryKey":"LK","capacityMw":1.0,"country":"LK","externalIds":{"gemPlant":"L100001068769","gemUnit":"G100001078555"},"geographyId":"LK-99731895B77537271836321","id":"wattlas-plant-gemplant-l100001068769","lifecycleCounts":{"operational":1},"locationPrecision":"exact","name":"Monaragala 2 solar project","operatingCapacityCoverage":{"coveragePercent":100.0,"knownUnitCount":1,"method":"complete_unit_sum","provenance":{"evidenceCount":0,"recordIds":["wattlas-record-gemunit-g100001078555"],"sourceIds":["gem-global-integrated-power-tracker"],"sourceTypes":["research_verified"],"valueKind":"reported"},"totalUnitCount":1},"operatingCapacityMw":1.0,"operatingCapacityMwByTechnology":{"solar":1.0},"plannedCapacityCoverage":{"coveragePercent":0.0,"knownUnitCount":0,"method":"unavailable","totalUnitCount":0},"plannedCapacityMw":0.0,"plannedCapacityMwByTechnology":{},"recordCount":1,"recordIds":["wattlas-record-gemunit-g100001078555"],"sourceIds":["gem-global-integrated-power-tracker"],"technologies":["solar"],"technologyMixMw":{"solar":1.0},"unitCount":1,"unitIds":["gem-unit-G100001078555"]},"type":"Feature"},{"geometry":{"coordinates":[81.31,6.849],"type":"Point"},"id":"wattlas-plant-gemplant-l100001068770","properties":{"aliases":["--","Monaragala 3 solar project"],"canonicalAnchor":"gemplant:L100001068770","canonicalCountryKey":"LK","capacityMw":1.0,"country":"LK","externalIds":{"gemPlant":"L100001068770","gemUnit":"G100001078556"},"geographyId":"LK-99731895B77537271836321","id":"wattlas-plant-gemplant-l100001068770","lifecycleCounts":{"operational":1},"locationPrecision":"exact","name":"Monaragala 3 solar project","operatingCapacityCoverage":{"coveragePercent":100.0,"knownUnitCount":1,"method":"complete_unit_sum","provenance":{"evidenceCount":0,"recordIds":["wattlas-record-gemunit-g100001078556"],"sourceIds":["gem-global-integrated-power-tracker"],"sourceTypes":["research_verified"],"valueKind":"reported"},"totalUnitCount":1},"operatingCapacityMw":1.0,"operatingCapacityMwByTechnology":{"solar":1.0},"plannedCapacityCoverage":{"coveragePercent":0.0,"knownUnitCount":0,"method":"unavailable","totalUnitCount":0},"plannedCapacityMw":0.0,"plannedCapacityMwByTechnology":{},"recordCount":1,"recordIds":["wattlas-record-gemunit-g100001078556"],"sourceIds":["gem-global-integrated-power-tracker"],"technologies":["solar"],"technologyMixMw":{"solar":1.0},"unitCount":1,"unitIds":["gem-unit-G100001078556"]},"type":"Feature"},{"geometry":{"coordinates":[80.8,6.068],"type":"Point"},"id":"wattlas-plant-gemplant-l100001068771","properties":{"aliases":["--","Beliatta 3 solar project"],"canonicalAnchor":"gemplant:L100001068771","canonicalCountryKey":"LK","capacityMw":1.0,"country":"LK","externalIds":{"gemPlant":"L100001068771","gemUnit":"G100001078557"},"geographyId":"LK-99731895B60977758614393","id":"wattlas-plant-gemplant-l100001068771","lifecycleCounts":{"operational":1},"locationPrecision":"exact","name":"Beliatta 3 solar project","operatingCapacityCoverage":{"coveragePercent":100.0,"knownUnitCount":1,"method":"complete_unit_sum","provenance":{"evidenceCount":0,"recordIds":["wattlas-record-gemunit-g100001078557"],"sourceIds":["gem-global-integrated-power-tracker"],"sourceTypes":["research_verified"],"valueKind":"reported"},"totalUnitCount":1},"operatingCapacityMw":1.0,"operatingCapacityMwByTechnology":{"solar":1.0},"plannedCapacityCoverage":{"coveragePercent":0.0,"knownUnitCount":0,"method":"unavailable","totalUnitCount":0},"plannedCapacityMw":0.0,"plannedCapacityMwByTechnology":{},"recordCount":1,"recordIds":["wattlas-record-gemunit-g100001078557"],"sourceIds":["gem-global-integrated-power-tracker"],"technologies":["solar"],"technologyMixMw":{"solar":1.0},"unitCount":1,"unitIds":["gem-unit-G100001078557"]},"type":"Feature"},{"geometry":{"coordinates":[80.21,7.903],"type":"Point"},"id":"wattlas-plant-gemplant-l100001068772","properties":{"aliases":["--","Maho 4 solar project"],"canonicalAnchor":"gemplant:L100001068772","canonicalCountryKey":"LK","capacityMw":1.0,"country":"LK","externalIds":{"gemPlant":"L100001068772","gemUnit":"G100001078558"},"geographyId":"LK-99731895B5260290378804","id":"wattlas-plant-gemplant-l100001068772","lifecycleCounts":{"operational":1},"locationPrecision":"exact","name":"Maho 4 solar project","operatingCapacityCoverage":{"coveragePercent":100.0,"knownUnitCount":1,"method":"complete_unit_sum","provenance":{"evidenceCount":0,"recordIds":["wattlas-record-gemunit-g100001078558"],"sourceIds":["gem-global-integrated-power-tracker"],"sourceTypes":["research_verified"],"valueKind":"reported"},"totalUnitCount":1},"operatingCapacityMw":1.0,"operatingCapacityMwByTechnology":{"solar":1.0},"plannedCapacityCoverage":{"coveragePercent":0.0,"knownUnitCount":0,"method":"unavailable","totalUnitCount":0},"plannedCapacityMw":0.0,"plannedCapacityMwByTechnology":{},"recordCount":1,"recordIds":["wattlas-record-gemunit-g100001078558"],"sourceIds":["gem-global-integrated-power-tracker"],"technologies":["solar"],"technologyMixMw":{"solar":1.0},"unitCount":1,"unitIds":["gem-unit-G100001078558"]},"type":"Feature"},{"geometry":{"coordinates":[80.36,6.033],"type":"Point"},"id":"wattlas-plant-gemplant-l100001068773","properties":{"aliases":["--","Galle 1 solar project"],"canonicalAnchor":"gemplant:L100001068773","canonicalCountryKey":"LK","capacityMw":1.0,"country":"LK","externalIds":{"gemPlant":"L100001068773","gemUnit":"G100001078559"},"geographyId":"LK-99731895B60977758614393","id":"wattlas-plant-gemplant-l100001068773","lifecycleCounts":{"operational":1},"locationPrecision":"exact","name":"Galle 1 solar project","operatingCapacityCoverage":{"coveragePercent":100.0,"knownUnitCount":1,"method":"complete_unit_sum","provenance":{"evidenceCount":0,"recordIds":["wattlas-record-gemunit-g100001078559"],"sourceIds":["gem-global-integrated-power-tracker"],"sourceTypes":["research_verified"],"valueKind":"reported"},"totalUnitCount":1},"operatingCapacityMw":1.0,"operatingCapacityMwByTechnology":{"solar":1.0},"plannedCapacityCoverage":{"coveragePercent":0.0,"knownUnitCount":0,"method":"unavailable","totalUnitCount":0},"plannedCapacityMw":0.0,"plannedCapacityMwByTechnology":{},"recordCount":1,"recordIds":["wattlas-record-gemunit-g100001078559"],"sourceIds":["gem-global-integrated-power-tracker"],"technologies":["solar"],"technologyMixMw":{"solar":1.0},"unitCount":1,"unitIds":["gem-unit-G100001078559"]},"type":"Feature"},{"geometry":{"coordinates":[80.47,8.271],"type":"Point"},"id":"wattlas-plant-gemplant-l100001068774","properties":{"aliases":["--","Anuradhapura 4 solar project"],"canonicalAnchor":"gemplant:L100001068774","canonicalCountryKey":"LK","capacityMw":1.0,"country":"LK","externalIds":{"gemPlant":"L100001068774","gemUnit":"G100001078560"},"geographyId":"LK-99731895B66209916164902","id":"wattlas-plant-gemplant-l100001068774","lifecycleCounts":{"operational":1},"locationPrecision":"exact","name":"Anuradhapura 4 solar project","operatingCapacityCoverage":{"coveragePercent":100.0,"knownUnitCount":1,"method":"complete_unit_sum","provenance":{"evidenceCount":0,"recordIds":["wattlas-record-gemunit-g100001078560"],"sourceIds":["gem-global-integrated-power-tracker"],"sourceTypes":["research_verified"],"valueKind":"reported"},"totalUnitCount":1},"operatingCapacityMw":1.0,"operatingCapacityMwByTechnology":{"solar":1.0},"plannedCapacityCoverage":{"coveragePercent":0.0,"knownUnitCount":0,"method":"unavailable","totalUnitCount":0},"plannedCapacityMw":0.0,"plannedCapacityMwByTechnology":{},"recordCount":1,"recordIds":["wattlas-record-gemunit-g100001078560"],"sourceIds":["gem-global-integrated-power-tracker"],"technologies":["solar"],"technologyMixMw":{"solar":1.0},"unitCount":1,"unitIds":["gem-unit-G100001078560"]},"type":"Feature"},{"geometry":{"coordinates":[81.48,7.941],"type":"Point"},"id":"wattlas-plant-gemplant-l100001068775","properties":{"aliases":["--","Valachchenai (New) 2 solar project"],"canonicalAnchor":"gemplant:L100001068775","canonicalCountryKey":"LK","capacityMw":1.0,"country":"LK","externalIds":{"gemPlant":"L100001068775","gemUnit":"G100001078561"},"geographyId":"LK-99731895B51072878877669","id":"wattlas-plant-gemplant-l100001068775","lifecycleCounts":{"operational":1},"locationPrecision":"exact","name":"Valachchenai (New) 2 solar project","operatingCapacityCoverage":{"coveragePercent":100.0,"knownUnitCount":1,"method":"complete_unit_sum","provenance":{"evidenceCount":0,"recordIds":["wattlas-record-gemunit-g100001078561"],"sourceIds":["gem-global-integrated-power-tracker"],"sourceTypes":["research_verified"],"valueKind":"reported"},"totalUnitCount":1},"operatingCapacityMw":1.0,"operatingCapacityMwByTechnology":{"solar":1.0},"plannedCapacityCoverage":{"coveragePercent":0.0,"knownUnitCount":0,"method":"unavailable","totalUnitCount":0},"plannedCapacityMw":0.0,"plannedCapacityMwByTechnology":{},"recordCount":1,"recordIds":["wattlas-record-gemunit-g100001078561"],"sourceIds":["gem-global-integrated-power-tracker"],"technologies":["solar"],"technologyMixMw":{"solar":1.0},"unitCount":1,"unitIds":["gem-unit-G100001078561"]},"type":"Feature"},{"geometry":{"coordinates":[81.48,7.943],"type":"Point"},"id":"wattlas-plant-gemplant-l100001068776","properties":{"aliases":["--","Valachchenai (New) 3 solar project"],"canonicalAnchor":"gemplant:L100001068776","canonicalCountryKey":"LK","capacityMw":1.0,"country":"LK","externalIds":{"gemPlant":"L100001068776","gemUnit":"G100001078562"},"geographyId":"LK-99731895B51072878877669","id":"wattlas-plant-gemplant-l100001068776","lifecycleCounts":{"operational":1},"locationPrecision":"exact","name":"Valachchenai (New) 3 solar project","operatingCapacityCoverage":{"coveragePercent":100.0,"knownUnitCount":1,"method":"complete_unit_sum","provenance":{"evidenceCount":0,"recordIds":["wattlas-record-gemunit-g100001078562"],"sourceIds":["gem-global-integrated-power-tracker"],"sourceTypes":["research_verified"],"valueKind":"reported"},"totalUnitCount":1},"operatingCapacityMw":1.0,"operatingCapacityMwByTechnology":{"solar":1.0},"plannedCapacityCoverage":{"coveragePercent":0.0,"knownUnitCount":0,"method":"unavailable","totalUnitCount":0},"plannedCapacityMw":0.0,"plannedCapacityMwByTechnology":{},"recordCount":1,"recordIds":["wattlas-record-gemunit-g100001078562"],"sourceIds":["gem-global-integrated-power-tracker"],"technologies":["solar"],"technologyMixMw":{"solar":1.0},"unitCount":1,"unitIds":["gem-unit-G100001078562"]},"type":"Feature"},{"geometry":{"coordinates":[80.05,7.492],"type":"Point"},"id":"wattlas-plant-gemplant-l100001068777","properties":{"aliases":["--","Pannala 4 solar project"],"canonicalAnchor":"gemplant:L100001068777","canonicalCountryKey":"LK","capacityMw":1.0,"country":"LK","externalIds":{"gemPlant":"L100001068777","gemUnit":"G100001078563"},"geographyId":"LK-99731895B5260290378804","id":"wattlas-plant-gemplant-l100001068777","lifecycleCounts":{"operational":1},"locationPrecision":"exact","name":"Pannala 4 solar project","operatingCapacityCoverage":{"coveragePercent":100.0,"knownUnitCount":1,"method":"complete_unit_sum","provenance":{"evidenceCount":0,"recordIds":["wattlas-record-gemunit-g100001078563"],"sourceIds":["gem-global-integrated-power-tracker"],"sourceTypes":["research_verified"],"valueKind":"reported"},"totalUnitCount":1},"operatingCapacityMw":1.0,"operatingCapacityMwByTechnology":{"solar":1.0},"plannedCapacityCoverage":{"coveragePercent":0.0,"knownUnitCount":0,"method":"unavailable","totalUnitCount":0},"plannedCapacityMw":0.0,"plannedCapacityMwByTechnology":{},"recordCount":1,"recordIds":["wattlas-record-gemunit-g100001078563"],"sourceIds":["gem-global-integrated-power-tracker"],"technologies":["solar"],"technologyMixMw":{"solar":1.0},"unitCount":1,"unitIds":["gem-unit-G100001078563"]},"type":"Feature"},{"geometry":{"coordinates":[80.05,7.493],"type":"Point"},"id":"wattlas-plant-gemplant-l100001068778","properties":{"aliases":["--","Pannala 5 solar project"],"canonicalAnchor":"gemplant:L100001068778","canonicalCountryKey":"LK","capacityMw":1.0,"country":"LK","externalIds":{"gemPlant":"L100001068778","gemUnit":"G100001078564"},"geographyId":"LK-99731895B5260290378804","id":"wattlas-plant-gemplant-l100001068778","lifecycleCounts":{"operational":1},"locationPrecision":"exact","name":"Pannala 5 solar project","operatingCapacityCoverage":{"coveragePercent":100.0,"knownUnitCount":1,"method":"complete_unit_sum","provenance":{"evidenceCount":0,"recordIds":["wattlas-record-gemunit-g100001078564"],"sourceIds":["gem-global-integrated-power-tracker"],"sourceTypes":["research_verified"],"valueKind":"reported"},"totalUnitCount":1},"operatingCapacityMw":1.0,"operatingCapacityMwByTechnology":{"solar":1.0},"plannedCapacityCoverage":{"coveragePercent":0.0,"knownUnitCount":0,"method":"unavailable","totalUnitCount":0},"plannedCapacityMw":0.0,"plannedCapacityMwByTechnology":{},"recordCount":1,"recordIds":["wattlas-record-gemunit-g100001078564"],"sourceIds":["gem-global-integrated-power-tracker"],"technologies":["solar"],"technologyMixMw":{"solar":1.0},"unitCount":1,"unitIds":["gem-unit-G100001078564"]},"type":"Feature"},{"geometry":{"coordinates":[81.13,7.259],"type":"Point"},"id":"wattlas-plant-gemplant-l100001068779","properties":{"aliases":["--","Mahiyanganaya 4 solar project"],"canonicalAnchor":"gemplant:L100001068779","canonicalCountryKey":"LK","capacityMw":1.0,"country":"LK","externalIds":{"gemPlant":"L100001068779","gemUnit":"G100001078565"},"geographyId":"LK-99731895B77537271836321","id":"wattlas-plant-gemplant-l100001068779","lifecycleCounts":{"operational":1},"locationPrecision":"exact","name":"Mahiyanganaya 4 solar project","operatingCapacityCoverage":{"coveragePercent":100.0,"knownUnitCount":1,"method":"complete_unit_sum","provenance":{"evidenceCount":0,"recordIds":["wattlas-record-gemunit-g100001078565"],"sourceIds":["gem-global-integrated-power-tracker"],"sourceTypes":["research_verified"],"valueKind":"reported"},"totalUnitCount":1},"operatingCapacityMw":1.0,"operatingCapacityMwByTechnology":{"solar":1.0},"plannedCapacityCoverage":{"coveragePercent":0.0,"knownUnitCount":0,"method":"unavailable","totalUnitCount":0},"plannedCapacityMw":0.0,"plannedCapacityMwByTechnology":{},"recordCount":1,"recordIds":["wattlas-record-gemunit-g100001078565"],"sourceIds":["gem-global-integrated-power-tracker"],"technologies":["solar"],"technologyMixMw":{"solar":1.0},"unitCount":1,"unitIds":["gem-unit-G100001078565"]},"type":"Feature"},{"geometry":{"coordinates":[81.13,7.258],"type":"Point"},"id":"wattlas-plant-gemplant-l100001068780","properties":{"aliases":["--","Mahiyanganaya 5 solar project"],"canonicalAnchor":"gemplant:L100001068780","canonicalCountryKey":"LK","capacityMw":1.0,"country":"LK","externalIds":{"gemPlant":"L100001068780","gemUnit":"G100001078566"},"geographyId":"LK-99731895B77537271836321","id":"wattlas-plant-gemplant-l100001068780","lifecycleCounts":{"operational":1},"locationPrecision":"exact","name":"Mahiyanganaya 5 solar project","operatingCapacityCoverage":{"coveragePercent":100.0,"knownUnitCount":1,"method":"complete_unit_sum","provenance":{"evidenceCount":0,"recordIds":["wattlas-record-gemunit-g100001078566"],"sourceIds":["gem-global-integrated-power-tracker"],"sourceTypes":["research_verified"],"valueKind":"reported"},"totalUnitCount":1},"operatingCapacityMw":1.0,"operatingCapacityMwByTechnology":{"solar":1.0},"plannedCapacityCoverage":{"coveragePercent":0.0,"knownUnitCount":0,"method":"unavailable","totalUnitCount":0},"plannedCapacityMw":0.0,"plannedCapacityMwByTechnology":{},"recordCount":1,"recordIds":["wattlas-record-gemunit-g100001078566"],"sourceIds":["gem-global-integrated-power-tracker"],"technologies":["solar"],"technologyMixMw":{"solar":1.0},"unitCount":1,"unitIds":["gem-unit-G100001078566"]},"type":"Feature"},{"geometry":{"coordinates":[81.13,7.26],"type":"Point"},"id":"wattlas-plant-gemplant-l100001068781","properties":{"aliases":["--","Mahiyanganaya 6 solar project"],"canonicalAnchor":"gemplant:L100001068781","canonicalCountryKey":"LK","capacityMw":1.0,"country":"LK","externalIds":{"gemPlant":"L100001068781","gemUnit":"G100001078567"},"geographyId":"LK-99731895B77537271836321","id":"wattlas-plant-gemplant-l100001068781","lifecycleCounts":{"operational":1},"locationPrecision":"exact","name":"Mahiyanganaya 6 solar project","operatingCapacityCoverage":{"coveragePercent":100.0,"knownUnitCount":1,"method":"complete_unit_sum","provenance":{"evidenceCount":0,"recordIds":["wattlas-record-gemunit-g100001078567"],"sourceIds":["gem-global-integrated-power-tracker"],"sourceTypes":["research_verified"],"valueKind":"reported"},"totalUnitCount":1},"operatingCapacityMw":1.0,"operatingCapacityMwByTechnology":{"solar":1.0},"plannedCapacityCoverage":{"coveragePercent":0.0,"knownUnitCount":0,"method":"unavailable","totalUnitCount":0},"plannedCapacityMw":0.0,"plannedCapacityMwByTechnology":{},"recordCount":1,"recordIds":["wattlas-record-gemunit-g100001078567"],"sourceIds":["gem-global-integrated-power-tracker"],"technologies":["solar"],"technologyMixMw":{"solar":1.0},"unitCount":1,"unitIds":["gem-unit-G100001078567"]},"type":"Feature"},{"geometry":{"coordinates":[81.13,7.26],"type":"Point"},"id":"wattlas-plant-gemplant-l100001068782","properties":{"aliases":["--","Mahiyanganaya 7 solar project"],"canonicalAnchor":"gemplant:L100001068782","canonicalCountryKey":"LK","capacityMw":1.0,"country":"LK","externalIds":{"gemPlant":"L100001068782","gemUnit":"G100001078568"},"geographyId":"LK-99731895B77537271836321","id":"wattlas-plant-gemplant-l100001068782","lifecycleCounts":{"operational":1},"locationPrecision":"exact","name":"Mahiyanganaya 7 solar project","operatingCapacityCoverage":{"coveragePercent":100.0,"knownUnitCount":1,"method":"complete_unit_sum","provenance":{"evidenceCount":0,"recordIds":["wattlas-record-gemunit-g100001078568"],"sourceIds":["gem-global-integrated-power-tracker"],"sourceTypes":["research_verified"],"valueKind":"reported"},"totalUnitCount":1},"operatingCapacityMw":1.0,"operatingCapacityMwByTechnology":{"solar":1.0},"plannedCapacityCoverage":{"coveragePercent":0.0,"knownUnitCount":0,"method":"unavailable","totalUnitCount":0},"plannedCapacityMw":0.0,"plannedCapacityMwByTechnology":{},"recordCount":1,"recordIds":["wattlas-record-gemunit-g100001078568"],"sourceIds":["gem-global-integrated-power-tracker"],"technologies":["solar"],"technologyMixMw":{"solar":1.0},"unitCount":1,"unitIds":["gem-unit-G100001078568"]},"type":"Feature"},{"geometry":{"coordinates":[81.13,7.259],"type":"Point"},"id":"wattlas-plant-gemplant-l100001068783","properties":{"aliases":["--","Mahiyanganaya 8 solar project"],"canonicalAnchor":"gemplant:L100001068783","canonicalCountryKey":"LK","capacityMw":1.0,"country":"LK","externalIds":{"gemPlant":"L100001068783","gemUnit":"G100001078569"},"geographyId":"LK-99731895B77537271836321","id":"wattlas-plant-gemplant-l100001068783","lifecycleCounts":{"operational":1},"locationPrecision":"exact","name":"Mahiyanganaya 8 solar project","operatingCapacityCoverage":{"coveragePercent":100.0,"knownUnitCount":1,"method":"complete_unit_sum","provenance":{"evidenceCount":0,"recordIds":["wattlas-record-gemunit-g100001078569"],"sourceIds":["gem-global-integrated-power-tracker"],"sourceTypes":["research_verified"],"valueKind":"reported"},"totalUnitCount":1},"operatingCapacityMw":1.0,"operatingCapacityMwByTechnology":{"solar":1.0},"plannedCapacityCoverage":{"coveragePercent":0.0,"knownUnitCount":0,"method":"unavailable","totalUnitCount":0},"plannedCapacityMw":0.0,"plannedCapacityMwByTechnology":{},"recordCount":1,"recordIds":["wattlas-record-gemunit-g100001078569"],"sourceIds":["gem-global-integrated-power-tracker"],"technologies":["solar"],"technologyMixMw":{"solar":1.0},"unitCount":1,"unitIds":["gem-unit-G100001078569"]},"type":"Feature"},{"geometry":{"coordinates":[81.13,7.26],"type":"Point"},"id":"wattlas-plant-gemplant-l100001068784","properties":{"aliases":["--","Mahiyanganaya 9 solar project"],"canonicalAnchor":"gemplant:L100001068784","canonicalCountryKey":"LK","capacityMw":1.0,"country":"LK","externalIds":{"gemPlant":"L100001068784","gemUnit":"G100001078570"},"geographyId":"LK-99731895B77537271836321","id":"wattlas-plant-gemplant-l100001068784","lifecycleCounts":{"operational":1},"locationPrecision":"exact","name":"Mahiyanganaya 9 solar project","operatingCapacityCoverage":{"coveragePercent":100.0,"knownUnitCount":1,"method":"complete_unit_sum","provenance":{"evidenceCount":0,"recordIds":["wattlas-record-gemunit-g100001078570"],"sourceIds":["gem-global-integrated-power-tracker"],"sourceTypes":["research_verified"],"valueKind":"reported"},"totalUnitCount":1},"operatingCapacityMw":1.0,"operatingCapacityMwByTechnology":{"solar":1.0},"plannedCapacityCoverage":{"coveragePercent":0.0,"knownUnitCount":0,"method":"unavailable","totalUnitCount":0},"plannedCapacityMw":0.0,"plannedCapacityMwByTechnology":{},"recordCount":1,"recordIds":["wattlas-record-gemunit-g100001078570"],"sourceIds":["gem-global-integrated-power-tracker"],"technologies":["solar"],"technologyMixMw":{"solar":1.0},"unitCount":1,"unitIds":["gem-unit-G100001078570"]},"type":"Feature"},{"geometry":{"coordinates":[80.35,8.26],"type":"Point"},"id":"wattlas-plant-gemplant-l100001068785","properties":{"aliases":["--","Anuradhapura 5 solar project"],"canonicalAnchor":"gemplant:L100001068785","canonicalCountryKey":"LK","capacityMw":1.0,"country":"LK","externalIds":{"gemPlant":"L100001068785","gemUnit":"G100001078571"},"geographyId":"LK-99731895B66209916164902","id":"wattlas-plant-gemplant-l100001068785","lifecycleCounts":{"operational":1},"locationPrecision":"exact","name":"Anuradhapura 5 solar project","operatingCapacityCoverage":{"coveragePercent":100.0,"knownUnitCount":1,"method":"complete_unit_sum","provenance":{"evidenceCount":0,"recordIds":["wattlas-record-gemunit-g100001078571"],"sourceIds":["gem-global-integrated-power-tracker"],"sourceTypes":["research_verified"],"valueKind":"reported"},"totalUnitCount":1},"operatingCapacityMw":1.0,"operatingCapacityMwByTechnology":{"solar":1.0},"plannedCapacityCoverage":{"coveragePercent":0.0,"knownUnitCount":0,"method":"unavailable","totalUnitCount":0},"plannedCapacityMw":0.0,"plannedCapacityMwByTechnology":{},"recordCount":1,"recordIds":["wattlas-record-gemunit-g100001078571"],"sourceIds":["gem-global-integrated-power-tracker"],"technologies":["solar"],"technologyMixMw":{"solar":1.0},"unitCount":1,"unitIds":["gem-unit-G100001078571"]},"type":"Feature"},{"geometry":{"coordinates":[79.9971,7.3211],"type":"Point"},"id":"wattlas-plant-gemplant-l100001068786","properties":{"aliases":["--","Pannala 3 solar project"],"canonicalAnchor":"gemplant:L100001068786","canonicalCountryKey":"LK","capacityMw":1.0,"country":"LK","externalIds":{"gemPlant":"L100001068786","gemUnit":"G100001078572"},"geographyId":"LK-99731895B5260290378804","id":"wattlas-plant-gemplant-l100001068786","lifecycleCounts":{"operational":1},"locationPrecision":"exact","name":"Pannala 3 solar project","operatingCapacityCoverage":{"coveragePercent":100.0,"knownUnitCount":1,"method":"complete_unit_sum","provenance":{"evidenceCount":0,"recordIds":["wattlas-record-gemunit-g100001078572"],"sourceIds":["gem-global-integrated-power-tracker"],"sourceTypes":["research_verified"],"valueKind":"reported"},"totalUnitCount":1},"operatingCapacityMw":1.0,"operatingCapacityMwByTechnology":{"solar":1.0},"plannedCapacityCoverage":{"coveragePercent":0.0,"knownUnitCount":0,"method":"unavailable","totalUnitCount":0},"plannedCapacityMw":0.0,"plannedCapacityMwByTechnology":{},"recordCount":1,"recordIds":["wattlas-record-gemunit-g100001078572"],"sourceIds":["gem-global-integrated-power-tracker"],"technologies":["solar"],"technologyMixMw":{"solar":1.0},"unitCount":1,"unitIds":["gem-unit-G100001078572"]},"type":"Feature"},{"geometry":{"coordinates":[80.81,7.191],"type":"Point"},"id":"wattlas-plant-gemplant-l100001068787","properties":{"aliases":["--","Pallekele 2 solar project"],"canonicalAnchor":"gemplant:L100001068787","canonicalCountryKey":"LK","capacityMw":1.0,"country":"LK","externalIds":{"gemPlant":"L100001068787","gemUnit":"G100001078573"},"geographyId":"LK-99731895B28050807675820","id":"wattlas-plant-gemplant-l100001068787","lifecycleCounts":{"operational":1},"locationPrecision":"exact","name":"Pallekele 2 solar project","operatingCapacityCoverage":{"coveragePercent":100.0,"knownUnitCount":1,"method":"complete_unit_sum","provenance":{"evidenceCount":0,"recordIds":["wattlas-record-gemunit-g100001078573"],"sourceIds":["gem-global-integrated-power-tracker"],"sourceTypes":["research_verified"],"valueKind":"reported"},"totalUnitCount":1},"operatingCapacityMw":1.0,"operatingCapacityMwByTechnology":{"solar":1.0},"plannedCapacityCoverage":{"coveragePercent":0.0,"knownUnitCount":0,"method":"unavailable","totalUnitCount":0},"plannedCapacityMw":0.0,"plannedCapacityMwByTechnology":{},"recordCount":1,"recordIds":["wattlas-record-gemunit-g100001078573"],"sourceIds":["gem-global-integrated-power-tracker"],"technologies":["solar"],"technologyMixMw":{"solar":1.0},"unitCount":1,"unitIds":["gem-unit-G100001078573"]},"type":"Feature"},{"geometry":{"coordinates":[80.81,7.192],"type":"Point"},"id":"wattlas-plant-gemplant-l100001068788","properties":{"aliases":["--","Pallekele 3 solar project"],"canonicalAnchor":"gemplant:L100001068788","canonicalCountryKey":"LK","capacityMw":1.0,"country":"LK","externalIds":{"gemPlant":"L100001068788","gemUnit":"G100001078574"},"geographyId":"LK-99731895B28050807675820","id":"wattlas-plant-gemplant-l100001068788","lifecycleCounts":{"operational":1},"locationPrecision":"exact","name":"Pallekele 3 solar project","operatingCapacityCoverage":{"coveragePercent":100.0,"knownUnitCount":1,"method":"complete_unit_sum","provenance":{"evidenceCount":0,"recordIds":["wattlas-record-gemunit-g100001078574"],"sourceIds":["gem-global-integrated-power-tracker"],"sourceTypes":["research_verified"],"valueKind":"reported"},"totalUnitCount":1},"operatingCapacityMw":1.0,"operatingCapacityMwByTechnology":{"solar":1.0},"plannedCapacityCoverage":{"coveragePercent":0.0,"knownUnitCount":0,"method":"unavailable","totalUnitCount":0},"plannedCapacityMw":0.0,"plannedCapacityMwByTechnology":{},"recordCount":1,"recordIds":["wattlas-record-gemunit-g100001078574"],"sourceIds":["gem-global-integrated-power-tracker"],"technologies":["solar"],"technologyMixMw":{"solar":1.0},"unitCount":1,"unitIds":["gem-unit-G100001078574"]},"type":"Feature"},{"geometry":{"coordinates":[80.787,7.33],"type":"Point"},"id":"wattlas-plant-gemplant-l100001068789","properties":{"aliases":["--","Pallekele 4, 5 solar project"],"canonicalAnchor":"gemplant:L100001068789","canonicalCountryKey":"LK","capacityMw":1.0,"country":"LK","externalIds":{"gemPlant":"L100001068789","gemUnit":"G100001078575"},"geographyId":"LK-99731895B28050807675820","id":"wattlas-plant-gemplant-l100001068789","lifecycleCounts":{"operational":1},"locationPrecision":"exact","name":"Pallekele 4, 5 solar project","operatingCapacityCoverage":{"coveragePercent":100.0,"knownUnitCount":1,"method":"complete_unit_sum","provenance":{"evidenceCount":0,"recordIds":["wattlas-record-gemunit-g100001078575"],"sourceIds":["gem-global-integrated-power-tracker"],"sourceTypes":["research_verified"],"valueKind":"reported"},"totalUnitCount":1},"operatingCapacityMw":1.0,"operatingCapacityMwByTechnology":{"solar":1.0},"plannedCapacityCoverage":{"coveragePercent":0.0,"knownUnitCount":0,"method":"unavailable","totalUnitCount":0},"plannedCapacityMw":0.0,"plannedCapacityMwByTechnology":{},"recordCount":1,"recordIds":["wattlas-record-gemunit-g100001078575"],"sourceIds":["gem-global-integrated-power-tracker"],"technologies":["solar"],"technologyMixMw":{"solar":1.0},"unitCount":1,"unitIds":["gem-unit-G100001078575"]},"type":"Feature"},{"geometry":{"coordinates":[80.54,8.822],"type":"Point"},"id":"wattlas-plant-gemplant-l100001068790","properties":{"aliases":["--","Vavuniya 5 solar project"],"canonicalAnchor":"gemplant:L100001068790","canonicalCountryKey":"LK","capacityMw":1.0,"country":"LK","externalIds":{"gemPlant":"L100001068790","gemUnit":"G100001078576"},"geographyId":"LK-99731895B93054189817547","id":"wattlas-plant-gemplant-l100001068790","lifecycleCounts":{"operational":1},"locationPrecision":"exact","name":"Vavuniya 5 solar project","operatingCapacityCoverage":{"coveragePercent":100.0,"knownUnitCount":1,"method":"complete_unit_sum","provenance":{"evidenceCount":0,"recordIds":["wattlas-record-gemunit-g100001078576"],"sourceIds":["gem-global-integrated-power-tracker"],"sourceTypes":["research_verified"],"valueKind":"reported"},"totalUnitCount":1},"operatingCapacityMw":1.0,"operatingCapacityMwByTechnology":{"solar":1.0},"plannedCapacityCoverage":{"coveragePercent":0.0,"knownUnitCount":0,"method":"unavailable","totalUnitCount":0},"plannedCapacityMw":0.0,"plannedCapacityMwByTechnology":{},"recordCount":1,"recordIds":["wattlas-record-gemunit-g100001078576"],"sourceIds":["gem-global-integrated-power-tracker"],"technologies":["solar"],"technologyMixMw":{"solar":1.0},"unitCount":1,"unitIds":["gem-unit-G100001078576"]},"type":"Feature"},{"geometry":{"coordinates":[80.7472,8.0209],"type":"Point"},"id":"wattlas-plant-gemplant-l100001068791","properties":{"aliases":["--","Habarana 3 solar project"],"canonicalAnchor":"gemplant:L100001068791","canonicalCountryKey":"LK","capacityMw":1.0,"country":"LK","externalIds":{"gemPlant":"L100001068791","gemUnit":"G100001078577"},"geographyId":"LK-99731895B66209916164902","id":"wattlas-plant-gemplant-l100001068791","lifecycleCounts":{"operational":1},"locationPrecision":"exact","name":"Habarana 3 solar project","operatingCapacityCoverage":{"coveragePercent":100.0,"knownUnitCount":1,"method":"complete_unit_sum","provenance":{"evidenceCount":0,"recordIds":["wattlas-record-gemunit-g100001078577"],"sourceIds":["gem-global-integrated-power-tracker"],"sourceTypes":["research_verified"],"valueKind":"reported"},"totalUnitCount":1},"operatingCapacityMw":1.0,"operatingCapacityMwByTechnology":{"solar":1.0},"plannedCapacityCoverage":{"coveragePercent":0.0,"knownUnitCount":0,"method":"unavailable","totalUnitCount":0},"plannedCapacityMw":0.0,"plannedCapacityMwByTechnology":{},"recordCount":1,"recordIds":["wattlas-record-gemunit-g100001078577"],"sourceIds":["gem-global-integrated-power-tracker"],"technologies":["solar"],"technologyMixMw":{"solar":1.0},"unitCount":1,"unitIds":["gem-unit-G100001078577"]},"type":"Feature"},{"geometry":{"coordinates":[80.19,6.807],"type":"Point"},"id":"wattlas-plant-gemplant-l100001068792","properties":{"aliases":["--","Horana 1 solar project"],"canonicalAnchor":"gemplant:L100001068792","canonicalCountryKey":"LK","capacityMw":1.0,"country":"LK","externalIds":{"gemPlant":"L100001068792","gemUnit":"G100001078578"},"geographyId":"LK-99731895B16804022686405","id":"wattlas-plant-gemplant-l100001068792","lifecycleCounts":{"operational":1},"locationPrecision":"exact","name":"Horana 1 solar project","operatingCapacityCoverage":{"coveragePercent":100.0,"knownUnitCount":1,"method":"complete_unit_sum","provenance":{"evidenceCount":0,"recordIds":["wattlas-record-gemunit-g100001078578"],"sourceIds":["gem-global-integrated-power-tracker"],"sourceTypes":["research_verified"],"valueKind":"reported"},"totalUnitCount":1},"operatingCapacityMw":1.0,"operatingCapacityMwByTechnology":{"solar":1.0},"plannedCapacityCoverage":{"coveragePercent":0.0,"knownUnitCount":0,"method":"unavailable","totalUnitCount":0},"plannedCapacityMw":0.0,"plannedCapacityMwByTechnology":{},"recordCount":1,"recordIds":["wattlas-record-gemunit-g100001078578"],"sourceIds":["gem-global-integrated-power-tracker"],"technologies":["solar"],"technologyMixMw":{"solar":1.0},"unitCount":1,"unitIds":["gem-unit-G100001078578"]},"type":"Feature"},{"geometry":{"coordinates":[80.3694,7.9807],"type":"Point"},"id":"wattlas-plant-gemplant-l100001068793","properties":{"aliases":["--","Maho 8 solar project"],"canonicalAnchor":"gemplant:L100001068793","canonicalCountryKey":"LK","capacityMw":1.0,"country":"LK","externalIds":{"gemPlant":"L100001068793","gemUnit":"G100001078579"},"geographyId":"LK-99731895B5260290378804","id":"wattlas-plant-gemplant-l100001068793","lifecycleCounts":{"operational":1},"locationPrecision":"exact","name":"Maho 8 solar project","operatingCapacityCoverage":{"coveragePercent":100.0,"knownUnitCount":1,"method":"complete_unit_sum","provenance":{"evidenceCount":0,"recordIds":["wattlas-record-gemunit-g100001078579"],"sourceIds":["gem-global-integrated-power-tracker"],"sourceTypes":["research_verified"],"valueKind":"reported"},"totalUnitCount":1},"operatingCapacityMw":1.0,"operatingCapacityMwByTechnology":{"solar":1.0},"plannedCapacityCoverage":{"coveragePercent":0.0,"knownUnitCount":0,"method":"unavailable","totalUnitCount":0},"plannedCapacityMw":0.0,"plannedCapacityMwByTechnology":{},"recordCount":1,"recordIds":["wattlas-record-gemunit-g100001078579"],"sourceIds":["gem-global-integrated-power-tracker"],"technologies":["solar"],"technologyMixMw":{"solar":1.0},"unitCount":1,"unitIds":["gem-unit-G100001078579"]},"type":"Feature"},{"geometry":{"coordinates":[81.63,6.949],"type":"Point"},"id":"wattlas-plant-gemplant-l100001068794","properties":{"aliases":["--","Ampara 2 solar project"],"canonicalAnchor":"gemplant:L100001068794","canonicalCountryKey":"LK","capacityMw":1.0,"country":"LK","externalIds":{"gemPlant":"L100001068794","gemUnit":"G100001078580"},"geographyId":"LK-99731895B77537271836321","id":"wattlas-plant-gemplant-l100001068794","lifecycleCounts":{"operational":1},"locationPrecision":"exact","name":"Ampara 2 solar project","operatingCapacityCoverage":{"coveragePercent":100.0,"knownUnitCount":1,"method":"complete_unit_sum","provenance":{"evidenceCount":0,"recordIds":["wattlas-record-gemunit-g100001078580"],"sourceIds":["gem-global-integrated-power-tracker"],"sourceTypes":["research_verified"],"valueKind":"reported"},"totalUnitCount":1},"operatingCapacityMw":1.0,"operatingCapacityMwByTechnology":{"solar":1.0},"plannedCapacityCoverage":{"coveragePercent":0.0,"knownUnitCount":0,"method":"unavailable","totalUnitCount":0},"plannedCapacityMw":0.0,"plannedCapacityMwByTechnology":{},"recordCount":1,"recordIds":["wattlas-record-gemunit-g100001078580"],"sourceIds":["gem-global-integrated-power-tracker"],"technologies":["solar"],"technologyMixMw":{"solar":1.0},"unitCount":1,"unitIds":["gem-unit-G100001078580"]},"type":"Feature"},{"geometry":{"coordinates":[80.8758,6.2835],"type":"Point"},"id":"wattlas-plant-gemplant-l100001068795","properties":{"aliases":["--","Embilipitiya 1 solar project"],"canonicalAnchor":"gemplant:L100001068795","canonicalCountryKey":"LK","capacityMw":1.0,"country":"LK","externalIds":{"gemPlant":"L100001068795","gemUnit":"G100001078581"},"geographyId":"LK-99731895B16804022686405","id":"wattlas-plant-gemplant-l100001068795","lifecycleCounts":{"operational":1},"locationPrecision":"exact","name":"Embilipitiya 1 solar project","operatingCapacityCoverage":{"coveragePercent":100.0,"knownUnitCount":1,"method":"complete_unit_sum","provenance":{"evidenceCount":0,"recordIds":["wattlas-record-gemunit-g100001078581"],"sourceIds":["gem-global-integrated-power-tracker"],"sourceTypes":["research_verified"],"valueKind":"reported"},"totalUnitCount":1},"operatingCapacityMw":1.0,"operatingCapacityMwByTechnology":{"solar":1.0},"plannedCapacityCoverage":{"coveragePercent":0.0,"knownUnitCount":0,"method":"unavailable","totalUnitCount":0},"plannedCapacityMw":0.0,"plannedCapacityMwByTechnology":{},"recordCount":1,"recordIds":["wattlas-record-gemunit-g100001078581"],"sourceIds":["gem-global-integrated-power-tracker"],"technologies":["solar"],"technologyMixMw":{"solar":1.0},"unitCount":1,"unitIds":["gem-unit-G100001078581"]},"type":"Feature"},{"geometry":{"coordinates":[80.850894,6.431685],"type":"Point"},"id":"wattlas-plant-osm-node-2110079119","properties":{"aliases":["Udawalawa Hydro Power Station"],"canonicalAnchor":"osm:node/2110079119","canonicalCountryKey":"LK","capacityMw":6.0,"country":"LK","externalIds":{"osm":"node/2110079119"},"geographyId":"LK-99731895B16804022686405","id":"wattlas-plant-osm-node-2110079119","lifecycleCounts":{"operational":1},"locationPrecision":"exact","name":"Udawalawa Hydro Power Station","operatingCapacityCoverage":{"coveragePercent":100.0,"knownUnitCount":0,"method":"plant_aggregate","provenance":{"evidenceCount":0,"recordIds":["wattlas-record-osm-node-2110079119"],"sourceIds":["openstreetmap-power"],"sourceTypes":["community_mapped"],"valueKind":"reported"},"totalUnitCount":0},"operatingCapacityMw":6.0,"operatingCapacityMwByTechnology":{"hydro":6.0},"plannedCapacityCoverage":{"coveragePercent":0.0,"knownUnitCount":0,"method":"unavailable","totalUnitCount":0},"plannedCapacityMw":0.0,"plannedCapacityMwByTechnology":{},"recordCount":1,"recordIds":["wattlas-record-osm-node-2110079119"],"sourceIds":["openstreetmap-power"],"technologies":["hydro"],"technologyMixMw":{"hydro":6.0},"unitCount":0,"unitIds":[]},"type":"Feature"},{"geometry":{"coordinates":[79.713533,8.094556],"type":"Point"},"id":"wattlas-plant-osm-relation-17412547","properties":{"aliases":["Nala Dhanavi wind farm"],"canonicalAnchor":"osm:relation/17412547","canonicalCountryKey":"LK","capacityMw":4.8,"country":"LK","externalIds":{"osm":"relation/17412547"},"geographyId":"LK-99731895B5260290378804","id":"wattlas-plant-osm-relation-17412547","lifecycleCounts":{"operational":1},"locationPrecision":"exact","name":"Nala Dhanavi wind farm","operatingCapacityCoverage":{"coveragePercent":100.0,"knownUnitCount":0,"method":"plant_aggregate","provenance":{"evidenceCount":0,"recordIds":["wattlas-record-osm-relation-17412547"],"sourceIds":["openstreetmap-power"],"sourceTypes":["community_mapped"],"valueKind":"reported"},"totalUnitCount":0},"operatingCapacityMw":4.8,"operatingCapacityMwByTechnology":{"wind":4.8},"plannedCapacityCoverage":{"coveragePercent":0.0,"knownUnitCount":0,"method":"unavailable","totalUnitCount":0},"plannedCapacityMw":0.0,"plannedCapacityMwByTechnology":{},"recordCount":1,"recordIds":["wattlas-record-osm-relation-17412547"],"sourceIds":["openstreetmap-power"],"technologies":["wind"],"technologyMixMw":{"wind":4.8},"unitCount":0,"unitIds":[]},"type":"Feature"},{"geometry":{"coordinates":[79.783788,7.979401],"type":"Point"},"id":"wattlas-plant-osm-relation-6152843","properties":{"aliases":["Uppudaluwa Wind Farm"],"canonicalAnchor":"osm:relation/6152843","canonicalCountryKey":"LK","capacityMw":10.5,"country":"LK","externalIds":{"osm":"relation/6152843"},"geographyId":"LK-99731895B5260290378804","id":"wattlas-plant-osm-relation-6152843","lifecycleCounts":{"operational":1},"locationPrecision":"exact","name":"Uppudaluwa Wind Farm","operatingCapacityCoverage":{"coveragePercent":100.0,"knownUnitCount":0,"method":"plant_aggregate","provenance":{"evidenceCount":0,"recordIds":["wattlas-record-osm-relation-6152843"],"sourceIds":["openstreetmap-power"],"sourceTypes":["community_mapped"],"valueKind":"reported"},"totalUnitCount":0},"operatingCapacityMw":10.5,"operatingCapacityMwByTechnology":{"wind":10.5},"plannedCapacityCoverage":{"coveragePercent":0.0,"knownUnitCount":0,"method":"unavailable","totalUnitCount":0},"plannedCapacityMw":0.0,"plannedCapacityMwByTechnology":{},"recordCount":1,"recordIds":["wattlas-record-osm-relation-6152843"],"sourceIds":["openstreetmap-power"],"technologies":["wind"],"technologyMixMw":{"wind":10.5},"unitCount":0,"unitIds":[]},"type":"Feature"},{"geometry":{"coordinates":[81.058704,7.034302],"type":"Point"},"id":"wattlas-plant-osm-way-1060180720","properties":{"aliases":["Mini Hydropower plant"],"canonicalAnchor":"osm:way/1060180720","canonicalCountryKey":"LK","capacityMw":0.0,"country":"LK","externalIds":{"osm":"way/1060180720"},"geographyId":"LK-99731895B77537271836321","id":"wattlas-plant-osm-way-1060180720","lifecycleCounts":{"operational":1},"locationPrecision":"exact","name":"Mini Hydropower plant","operatingCapacityCoverage":{"coveragePercent":0.0,"knownUnitCount":0,"method":"unavailable","totalUnitCount":0},"operatingCapacityMw":0.0,"operatingCapacityMwByTechnology":{},"plannedCapacityCoverage":{"coveragePercent":0.0,"knownUnitCount":0,"method":"unavailable","totalUnitCount":0},"plannedCapacityMw":0.0,"plannedCapacityMwByTechnology":{},"recordCount":1,"recordIds":["wattlas-record-osm-way-1060180720"],"sourceIds":["openstreetmap-power"],"technologies":["hydro"],"technologyMixMw":{"hydro":0.0},"unitCount":0,"unitIds":[]},"type":"Feature"},{"geometry":{"coordinates":[80.305149,6.072881],"type":"Point"},"id":"wattlas-plant-osm-way-1065394020","properties":{"aliases":["Mathugama Solar Power Projects 1&2"],"canonicalAnchor":"osm:way/1065394020","canonicalCountryKey":"LK","capacityMw":2.0,"country":"LK","externalIds":{"osm":"way/1065394020"},"geographyId":"LK-99731895B60977758614393","id":"wattlas-plant-osm-way-1065394020","lifecycleCounts":{"operational":1},"locationPrecision":"exact","name":"Mathugama Solar Power Projects 1&2","operatingCapacityCoverage":{"coveragePercent":100.0,"knownUnitCount":0,"method":"plant_aggregate","provenance":{"evidenceCount":0,"recordIds":["wattlas-record-osm-way-1065394020"],"sourceIds":["openstreetmap-power"],"sourceTypes":["community_mapped"],"valueKind":"reported"},"totalUnitCount":0},"operatingCapacityMw":2.0,"operatingCapacityMwByTechnology":{"solar":2.0},"plannedCapacityCoverage":{"coveragePercent":0.0,"knownUnitCount":0,"method":"unavailable","totalUnitCount":0},"plannedCapacityMw":0.0,"plannedCapacityMwByTechnology":{},"recordCount":1,"recordIds":["wattlas-record-osm-way-1065394020"],"sourceIds":["openstreetmap-power"],"technologies":["solar"],"technologyMixMw":{"solar":2.0},"unitCount":0,"unitIds":[]},"type":"Feature"},{"geometry":{"coordinates":[81.294781,6.821805],"type":"Point"},"id":"wattlas-plant-osm-way-1078017455","properties":{"aliases":["Kalawaaragama Power Plant"],"canonicalAnchor":"osm:way/1078017455","canonicalCountryKey":"LK","capacityMw":0.0,"country":"LK","externalIds":{"osm":"way/1078017455"},"geographyId":"LK-99731895B77537271836321","id":"wattlas-plant-osm-way-1078017455","lifecycleCounts":{"operational":1},"locationPrecision":"exact","name":"Kalawaaragama Power Plant","operatingCapacityCoverage":{"coveragePercent":0.0,"knownUnitCount":0,"method":"unavailable","totalUnitCount":0},"operatingCapacityMw":0.0,"operatingCapacityMwByTechnology":{},"plannedCapacityCoverage":{"coveragePercent":0.0,"knownUnitCount":0,"method":"unavailable","totalUnitCount":0},"plannedCapacityMw":0.0,"plannedCapacityMwByTechnology":{},"recordCount":1,"recordIds":["wattlas-record-osm-way-1078017455"],"sourceIds":["openstreetmap-power"],"technologies":["gas"],"technologyMixMw":{"gas":0.0},"unitCount":0,"unitIds":[]},"type":"Feature"},{"geometry":{"coordinates":[80.808358,6.58424],"type":"Point"},"id":"wattlas-plant-osm-way-1206495954","properties":{"aliases":["Samanalaweva Hydroelectrical plant"],"canonicalAnchor":"osm:way/1206495954","canonicalCountryKey":"LK","capacityMw":0.0,"country":"LK","externalIds":{"osm":"way/1206495954"},"geographyId":"LK-99731895B16804022686405","id":"wattlas-plant-osm-way-1206495954","lifecycleCounts":{"operational":1},"locationPrecision":"exact","name":"Samanalaweva Hydroelectrical plant","operatingCapacityCoverage":{"coveragePercent":0.0,"knownUnitCount":0,"method":"unavailable","totalUnitCount":0},"operatingCapacityMw":0.0,"operatingCapacityMwByTechnology":{},"plannedCapacityCoverage":{"coveragePercent":0.0,"knownUnitCount":0,"method":"unavailable","totalUnitCount":0},"plannedCapacityMw":0.0,"plannedCapacityMwByTechnology":{},"recordCount":1,"recordIds":["wattlas-record-osm-way-1206495954"],"sourceIds":["openstreetmap-power"],"technologies":["hydro"],"technologyMixMw":{"hydro":0.0},"unitCount":0,"unitIds":[]},"type":"Feature"},{"geometry":{"coordinates":[80.644458,7.564695],"type":"Point"},"id":"wattlas-plant-osm-way-1206745231","properties":{"aliases":["Mapped power plant · OSM 1206745231"],"canonicalAnchor":"osm:way/1206745231","canonicalCountryKey":"LK","capacityMw":4.5,"country":"LK","externalIds":{"osm":"way/1206745231"},"geographyId":"LK-99731895B28050807675820","id":"wattlas-plant-osm-way-1206745231","lifecycleCounts":{"operational":1},"locationPrecision":"exact","name":"Mapped power plant · OSM 1206745231","operatingCapacityCoverage":{"coveragePercent":100.0,"knownUnitCount":0,"method":"plant_aggregate","provenance":{"evidenceCount":0,"recordIds":["wattlas-record-osm-way-1206745231"],"sourceIds":["openstreetmap-power"],"sourceTypes":["community_mapped"],"valueKind":"reported"},"totalUnitCount":0},"operatingCapacityMw":4.5,"operatingCapacityMwByTechnology":{"hydro":4.5},"plannedCapacityCoverage":{"coveragePercent":0.0,"knownUnitCount":0,"method":"unavailable","totalUnitCount":0},"plannedCapacityMw":0.0,"plannedCapacityMwByTechnology":{},"recordCount":1,"recordIds":["wattlas-record-osm-way-1206745231"],"sourceIds":["openstreetmap-power"],"technologies":["hydro"],"technologyMixMw":{"hydro":4.5},"unitCount":0,"unitIds":[]},"type":"Feature"},{"geometry":{"coordinates":[80.665266,7.615363],"type":"Point"},"id":"wattlas-plant-osm-way-1206745234","properties":{"aliases":["Rajjammana Mini Hydro-Power Plant"],"canonicalAnchor":"osm:way/1206745234","canonicalCountryKey":"LK","capacityMw":0.0,"country":"LK","externalIds":{"osm":"way/1206745234"},"geographyId":"LK-99731895B28050807675820","id":"wattlas-plant-osm-way-1206745234","lifecycleCounts":{"operational":1},"locationPrecision":"exact","name":"Rajjammana Mini Hydro-Power Plant","operatingCapacityCoverage":{"coveragePercent":0.0,"knownUnitCount":0,"method":"unavailable","totalUnitCount":0},"operatingCapacityMw":0.0,"operatingCapacityMwByTechnology":{},"plannedCapacityCoverage":{"coveragePercent":0.0,"knownUnitCount":0,"method":"unavailable","totalUnitCount":0},"plannedCapacityMw":0.0,"plannedCapacityMwByTechnology":{},"recordCount":1,"recordIds":["wattlas-record-osm-way-1206745234"],"sourceIds":["openstreetmap-power"],"technologies":["hydro"],"technologyMixMw":{"hydro":0.0},"unitCount":0,"unitIds":[]},"type":"Feature"},{"geometry":{"coordinates":[80.730045,6.938253],"type":"Point"},"id":"wattlas-plant-osm-way-1206745235","properties":{"aliases":["Mini Hydro Power Plant"],"canonicalAnchor":"osm:way/1206745235","canonicalCountryKey":"LK","capacityMw":0.0,"country":"LK","externalIds":{"osm":"way/1206745235"},"geographyId":"LK-99731895B28050807675820","id":"wattlas-plant-osm-way-1206745235","lifecycleCounts":{"operational":1},"locationPrecision":"exact","name":"Mini Hydro Power Plant","operatingCapacityCoverage":{"coveragePercent":0.0,"knownUnitCount":0,"method":"unavailable","totalUnitCount":0},"operatingCapacityMw":0.0,"operatingCapacityMwByTechnology":{},"plannedCapacityCoverage":{"coveragePercent":0.0,"knownUnitCount":0,"method":"unavailable","totalUnitCount":0},"plannedCapacityMw":0.0,"plannedCapacityMwByTechnology":{},"recordCount":1,"recordIds":["wattlas-record-osm-way-1206745235"],"sourceIds":["openstreetmap-power"],"technologies":["hydro"],"technologyMixMw":{"hydro":0.0},"unitCount":0,"unitIds":[]},"type":"Feature"},{"geometry":{"coordinates":[80.556478,6.091089],"type":"Point"},"id":"wattlas-plant-osm-way-1268965037","properties":{"aliases":["Vidul Matara 3 MW Solar Plant"],"canonicalAnchor":"osm:way/1268965037","canonicalCountryKey":"LK","capacityMw":3.0,"country":"LK","externalIds":{"osm":"way/1268965037"},"geographyId":"LK-99731895B60977758614393","id":"wattlas-plant-osm-way-1268965037","lifecycleCounts":{"operational":1},"locationPrecision":"exact","name":"Vidul Matara 3 MW Solar Plant","operatingCapacityCoverage":{"coveragePercent":100.0,"knownUnitCount":0,"method":"plant_aggregate","provenance":{"evidenceCount":0,"recordIds":["wattlas-record-osm-way-1268965037"],"sourceIds":["openstreetmap-power"],"sourceTypes":["community_mapped"],"valueKind":"reported"},"totalUnitCount":0},"operatingCapacityMw":3.0,"operatingCapacityMwByTechnology":{"solar":3.0},"plannedCapacityCoverage":{"coveragePercent":0.0,"knownUnitCount":0,"method":"unavailable","totalUnitCount":0},"plannedCapacityMw":0.0,"plannedCapacityMwByTechnology":{},"recordCount":1,"recordIds":["wattlas-record-osm-way-1268965037"],"sourceIds":["openstreetmap-power"],"technologies":["solar"],"technologyMixMw":{"solar":3.0},"unitCount":0,"unitIds":[]},"type":"Feature"},{"geometry":{"coordinates":[79.808333,7.61951],"type":"Point"},"id":"wattlas-plant-osm-way-1269045638","properties":{"aliases":["Vidul Madampe 6 MW Solar Plant"],"canonicalAnchor":"osm:way/1269045638","canonicalCountryKey":"LK","capacityMw":6.0,"country":"LK","externalIds":{"osm":"way/1269045638"},"geographyId":"LK-99731895B5260290378804","id":"wattlas-plant-osm-way-1269045638","lifecycleCounts":{"operational":1},"locationPrecision":"exact","name":"Vidul Madampe 6 MW Solar Plant","operatingCapacityCoverage":{"coveragePercent":100.0,"knownUnitCount":0,"method":"plant_aggregate","provenance":{"evidenceCount":0,"recordIds":["wattlas-record-osm-way-1269045638"],"sourceIds":["openstreetmap-power"],"sourceTypes":["community_mapped"],"valueKind":"reported"},"totalUnitCount":0},"operatingCapacityMw":6.0,"operatingCapacityMwByTechnology":{"solar":6.0},"plannedCapacityCoverage":{"coveragePercent":0.0,"knownUnitCount":0,"method":"unavailable","totalUnitCount":0},"plannedCapacityMw":0.0,"plannedCapacityMwByTechnology":{},"recordCount":1,"recordIds":["wattlas-record-osm-way-1269045638"],"sourceIds":["openstreetmap-power"],"technologies":["solar"],"technologyMixMw":{"solar":6.0},"unitCount":0,"unitIds":[]},"type":"Feature"},{"geometry":{"coordinates":[80.080983,6.733845],"type":"Point"},"id":"wattlas-plant-osm-way-1269049689","properties":{"aliases":["Vidul 2 MW Solar Power Plant"],"canonicalAnchor":"osm:way/1269049689","canonicalCountryKey":"LK","capacityMw":2.0,"country":"LK","externalIds":{"osm":"way/1269049689"},"geographyId":"LK-99731895B46623695729728","id":"wattlas-plant-osm-way-1269049689","lifecycleCounts":{"operational":1},"locationPrecision":"exact","name":"Vidul 2 MW Solar Power Plant","operatingCapacityCoverage":{"coveragePercent":100.0,"knownUnitCount":0,"method":"plant_aggregate","provenance":{"evidenceCount":0,"recordIds":["wattlas-record-osm-way-1269049689"],"sourceIds":["openstreetmap-power"],"sourceTypes":["community_mapped"],"valueKind":"reported"},"totalUnitCount":0},"operatingCapacityMw":2.0,"operatingCapacityMwByTechnology":{"solar":2.0},"plannedCapacityCoverage":{"coveragePercent":0.0,"knownUnitCount":0,"method":"unavailable","totalUnitCount":0},"plannedCapacityMw":0.0,"plannedCapacityMwByTechnology":{},"recordCount":1,"recordIds":["wattlas-record-osm-way-1269049689"],"sourceIds":["openstreetmap-power"],"technologies":["solar"],"technologyMixMw":{"solar":2.0},"unitCount":0,"unitIds":[]},"type":"Feature"},{"geometry":{"coordinates":[80.080563,6.735925],"type":"Point"},"id":"wattlas-plant-osm-way-1269049690","properties":{"aliases":["Horana 2 MW Solar Power Plant"],"canonicalAnchor":"osm:way/1269049690","canonicalCountryKey":"LK","capacityMw":2.0,"country":"LK","externalIds":{"osm":"way/1269049690"},"geographyId":"LK-99731895B46623695729728","id":"wattlas-plant-osm-way-1269049690","lifecycleCounts":{"operational":1},"locationPrecision":"exact","name":"Horana 2 MW Solar Power Plant","operatingCapacityCoverage":{"coveragePercent":100.0,"knownUnitCount":0,"method":"plant_aggregate","provenance":{"evidenceCount":0,"recordIds":["wattlas-record-osm-way-1269049690"],"sourceIds":["openstreetmap-power"],"sourceTypes":["community_mapped"],"valueKind":"reported"},"totalUnitCount":0},"operatingCapacityMw":2.0,"operatingCapacityMwByTechnology":{"solar":2.0},"plannedCapacityCoverage":{"coveragePercent":0.0,"knownUnitCount":0,"method":"unavailable","totalUnitCount":0},"plannedCapacityMw":0.0,"plannedCapacityMwByTechnology":{},"recordCount":1,"recordIds":["wattlas-record-osm-way-1269049690"],"sourceIds":["openstreetmap-power"],"technologies":["solar"],"technologyMixMw":{"solar":2.0},"unitCount":0,"unitIds":[]},"type":"Feature"},{"geometry":{"coordinates":[80.854931,7.094145],"type":"Point"},"id":"wattlas-plant-osm-way-1313536465","properties":{"aliases":["Kurundu Oya Hydro Power Plant"],"canonicalAnchor":"osm:way/1313536465","canonicalCountryKey":"LK","capacityMw":5.0,"country":"LK","externalIds":{"osm":"way/1313536465"},"geographyId":"LK-99731895B28050807675820","id":"wattlas-plant-osm-way-1313536465","lifecycleCounts":{"operational":1},"locationPrecision":"exact","name":"Kurundu Oya Hydro Power Plant","operatingCapacityCoverage":{"coveragePercent":100.0,"knownUnitCount":0,"method":"plant_aggregate","provenance":{"evidenceCount":0,"recordIds":["wattlas-record-osm-way-1313536465"],"sourceIds":["openstreetmap-power"],"sourceTypes":["community_mapped"],"valueKind":"reported"},"totalUnitCount":0},"operatingCapacityMw":5.0,"operatingCapacityMwByTechnology":{"hydro":5.0},"plannedCapacityCoverage":{"coveragePercent":0.0,"knownUnitCount":0,"method":"unavailable","totalUnitCount":0},"plannedCapacityMw":0.0,"plannedCapacityMwByTechnology":{},"recordCount":1,"recordIds":["wattlas-record-osm-way-1313536465"],"sourceIds":["openstreetmap-power"],"technologies":["hydro"],"technologyMixMw":{"hydro":5.0},"unitCount":0,"unitIds":[]},"type":"Feature"},{"geometry":{"coordinates":[80.866977,7.113059],"type":"Point"},"id":"wattlas-plant-osm-way-1316313068","properties":{"aliases":["Manelwala MHP"],"canonicalAnchor":"osm:way/1316313068","canonicalCountryKey":"LK","capacityMw":4.5,"country":"LK","externalIds":{"osm":"way/1316313068"},"geographyId":"LK-99731895B28050807675820","id":"wattlas-plant-osm-way-1316313068","lifecycleCounts":{"operational":1},"locationPrecision":"exact","name":"Manelwala MHP","operatingCapacityCoverage":{"coveragePercent":100.0,"knownUnitCount":0,"method":"plant_aggregate","provenance":{"evidenceCount":0,"recordIds":["wattlas-record-osm-way-1316313068"],"sourceIds":["openstreetmap-power"],"sourceTypes":["community_mapped"],"valueKind":"reported"},"totalUnitCount":0},"operatingCapacityMw":4.5,"operatingCapacityMwByTechnology":{"hydro":4.5},"plannedCapacityCoverage":{"coveragePercent":0.0,"knownUnitCount":0,"method":"unavailable","totalUnitCount":0},"plannedCapacityMw":0.0,"plannedCapacityMwByTechnology":{},"recordCount":1,"recordIds":["wattlas-record-osm-way-1316313068"],"sourceIds":["openstreetmap-power"],"technologies":["hydro"],"technologyMixMw":{"hydro":4.5},"unitCount":0,"unitIds":[]},"type":"Feature"},{"geometry":{"coordinates":[80.677396,7.664],"type":"Point"},"id":"wattlas-plant-osm-way-1354807915","properties":{"aliases":["Bowathenna Power Station"],"canonicalAnchor":"osm:way/1354807915","canonicalCountryKey":"LK","capacityMw":40.0,"country":"LK","externalIds":{"osm":"way/1354807915"},"geographyId":"LK-99731895B28050807675820","id":"wattlas-plant-osm-way-1354807915","lifecycleCounts":{"operational":1},"locationPrecision":"exact","name":"Bowathenna Power Station","operatingCapacityCoverage":{"coveragePercent":100.0,"knownUnitCount":0,"method":"plant_aggregate","provenance":{"evidenceCount":0,"recordIds":["wattlas-record-osm-way-1354807915"],"sourceIds":["openstreetmap-power"],"sourceTypes":["community_mapped"],"valueKind":"reported"},"totalUnitCount":0},"operatingCapacityMw":40.0,"operatingCapacityMwByTechnology":{"hydro":40.0},"plannedCapacityCoverage":{"coveragePercent":0.0,"knownUnitCount":0,"method":"unavailable","totalUnitCount":0},"plannedCapacityMw":0.0,"plannedCapacityMwByTechnology":{},"recordCount":1,"recordIds":["wattlas-record-osm-way-1354807915"],"sourceIds":["openstreetmap-power"],"technologies":["hydro"],"technologyMixMw":{"hydro":40.0},"unitCount":0,"unitIds":[]},"type":"Feature"},{"geometry":{"coordinates":[80.964507,6.380616],"type":"Point"},"id":"wattlas-plant-osm-way-1455464869","properties":{"aliases":["Mapped power plant · OSM 1455464869"],"canonicalAnchor":"osm:way/1455464869","canonicalCountryKey":"LK","capacityMw":1.0,"country":"LK","externalIds":{"osm":"way/1455464869"},"geographyId":"LK-99731895B77537271836321","id":"wattlas-plant-osm-way-1455464869","lifecycleCounts":{"operational":1},"locationPrecision":"exact","name":"Mapped power plant · OSM 1455464869","operatingCapacityCoverage":{"coveragePercent":100.0,"knownUnitCount":0,"method":"plant_aggregate","provenance":{"evidenceCount":0,"recordIds":["wattlas-record-osm-way-1455464869"],"sourceIds":["openstreetmap-power"],"sourceTypes":["community_mapped"],"valueKind":"reported"},"totalUnitCount":0},"operatingCapacityMw":1.0,"operatingCapacityMwByTechnology":{"solar":1.0},"plannedCapacityCoverage":{"coveragePercent":0.0,"knownUnitCount":0,"method":"unavailable","totalUnitCount":0},"plannedCapacityMw":0.0,"plannedCapacityMwByTechnology":{},"recordCount":1,"recordIds":["wattlas-record-osm-way-1455464869"],"sourceIds":["openstreetmap-power"],"technologies":["solar"],"technologyMixMw":{"solar":1.0},"unitCount":0,"unitIds":[]},"type":"Feature"},{"geometry":{"coordinates":[80.862024,6.294861],"type":"Point"},"id":"wattlas-plant-osm-way-1455467369","properties":{"aliases":["Mapped power plant · OSM 1455467369"],"canonicalAnchor":"osm:way/1455467369","canonicalCountryKey":"LK","capacityMw":1.0,"country":"LK","externalIds":{"osm":"way/1455467369"},"geographyId":"LK-99731895B16804022686405","id":"wattlas-plant-osm-way-1455467369","lifecycleCounts":{"operational":1},"locationPrecision":"exact","name":"Mapped power plant · OSM 1455467369","operatingCapacityCoverage":{"coveragePercent":100.0,"knownUnitCount":0,"method":"plant_aggregate","provenance":{"evidenceCount":0,"recordIds":["wattlas-record-osm-way-1455467369"],"sourceIds":["openstreetmap-power"],"sourceTypes":["community_mapped"],"valueKind":"reported"},"totalUnitCount":0},"operatingCapacityMw":1.0,"operatingCapacityMwByTechnology":{"solar":1.0},"plannedCapacityCoverage":{"coveragePercent":0.0,"knownUnitCount":0,"method":"unavailable","totalUnitCount":0},"plannedCapacityMw":0.0,"plannedCapacityMwByTechnology":{},"recordCount":1,"recordIds":["wattlas-record-osm-way-1455467369"],"sourceIds":["openstreetmap-power"],"technologies":["solar"],"technologyMixMw":{"solar":1.0},"unitCount":0,"unitIds":[]},"type":"Feature"},{"geometry":{"coordinates":[80.455398,6.976916],"type":"Point"},"id":"wattlas-plant-osm-way-1463910399","properties":{"aliases":["Maskelioya"],"canonicalAnchor":"osm:way/1463910399","canonicalCountryKey":"LK","capacityMw":0.0,"country":"LK","externalIds":{"osm":"way/1463910399"},"geographyId":"LK-99731895B16804022686405","id":"wattlas-plant-osm-way-1463910399","lifecycleCounts":{"operational":1},"locationPrecision":"exact","name":"Maskelioya","operatingCapacityCoverage":{"coveragePercent":0.0,"knownUnitCount":0,"method":"unavailable","totalUnitCount":0},"operatingCapacityMw":0.0,"operatingCapacityMwByTechnology":{},"plannedCapacityCoverage":{"coveragePercent":0.0,"knownUnitCount":0,"method":"unavailable","totalUnitCount":0},"plannedCapacityMw":0.0,"plannedCapacityMwByTechnology":{},"recordCount":1,"recordIds":["wattlas-record-osm-way-1463910399"],"sourceIds":["openstreetmap-power"],"technologies":["hydro"],"technologyMixMw":{"hydro":0.0},"unitCount":0,"unitIds":[]},"type":"Feature"},{"geometry":{"coordinates":[80.652384,7.398848],"type":"Point"},"id":"wattlas-plant-osm-way-397114498","properties":{"aliases":["Ukuwela Power Station"],"canonicalAnchor":"osm:way/397114498","canonicalCountryKey":"LK","capacityMw":40.0,"country":"LK","externalIds":{"osm":"way/397114498"},"geographyId":"LK-99731895B28050807675820","id":"wattlas-plant-osm-way-397114498","lifecycleCounts":{"operational":1},"locationPrecision":"exact","name":"Ukuwela Power Station","operatingCapacityCoverage":{"coveragePercent":100.0,"knownUnitCount":0,"method":"plant_aggregate","provenance":{"evidenceCount":0,"recordIds":["wattlas-record-osm-way-397114498"],"sourceIds":["openstreetmap-power"],"sourceTypes":["community_mapped"],"valueKind":"reported"},"totalUnitCount":0},"operatingCapacityMw":40.0,"operatingCapacityMwByTechnology":{"hydro":40.0},"plannedCapacityCoverage":{"coveragePercent":0.0,"knownUnitCount":0,"method":"unavailable","totalUnitCount":0},"plannedCapacityMw":0.0,"plannedCapacityMwByTechnology":{},"recordCount":1,"recordIds":["wattlas-record-osm-way-397114498"],"sourceIds":["openstreetmap-power"],"technologies":["hydro"],"technologyMixMw":{"hydro":40.0},"unitCount":0,"unitIds":[]},"type":"Feature"},{"geometry":{"coordinates":[80.563668,5.985199],"type":"Point"},"id":"wattlas-plant-osm-way-427700669","properties":{"aliases":["Ace Power Matara"],"canonicalAnchor":"osm:way/427700669","canonicalCountryKey":"LK","capacityMw":0.0,"country":"LK","externalIds":{"osm":"way/427700669"},"geographyId":"LK-99731895B60977758614393","id":"wattlas-plant-osm-way-427700669","lifecycleCounts":{"operational":1},"locationPrecision":"exact","name":"Ace Power Matara","operatingCapacityCoverage":{"coveragePercent":0.0,"knownUnitCount":0,"method":"unavailable","totalUnitCount":0},"operatingCapacityMw":0.0,"operatingCapacityMwByTechnology":{},"plannedCapacityCoverage":{"coveragePercent":0.0,"knownUnitCount":0,"method":"unavailable","totalUnitCount":0},"plannedCapacityMw":0.0,"plannedCapacityMwByTechnology":{},"recordCount":1,"recordIds":["wattlas-record-osm-way-427700669"],"sourceIds":["openstreetmap-power"],"technologies":["oil"],"technologyMixMw":{"oil":0.0},"unitCount":0,"unitIds":[]},"type":"Feature"},{"geometry":{"coordinates":[80.452027,6.702975],"type":"Point"},"id":"wattlas-plant-osm-way-526857573","properties":{"aliases":["Mini Power Station"],"canonicalAnchor":"osm:way/526857573","canonicalCountryKey":"LK","capacityMw":0.0,"country":"LK","externalIds":{"osm":"way/526857573"},"geographyId":"LK-99731895B16804022686405","id":"wattlas-plant-osm-way-526857573","lifecycleCounts":{"operational":1},"locationPrecision":"exact","name":"Mini Power Station","operatingCapacityCoverage":{"coveragePercent":0.0,"knownUnitCount":0,"method":"unavailable","totalUnitCount":0},"operatingCapacityMw":0.0,"operatingCapacityMwByTechnology":{},"plannedCapacityCoverage":{"coveragePercent":0.0,"knownUnitCount":0,"method":"unavailable","totalUnitCount":0},"plannedCapacityMw":0.0,"plannedCapacityMwByTechnology":{},"recordCount":1,"recordIds":["wattlas-record-osm-way-526857573"],"sourceIds":["openstreetmap-power"],"technologies":["hydro"],"technologyMixMw":{"hydro":0.0},"unitCount":0,"unitIds":[]},"type":"Feature"},{"geometry":{"coordinates":[80.251621,6.647561],"type":"Point"},"id":"wattlas-plant-osm-way-548271590","properties":{"aliases":["Mini Water Generator"],"canonicalAnchor":"osm:way/548271590","canonicalCountryKey":"LK","capacityMw":0.0,"country":"LK","externalIds":{"osm":"way/548271590"},"geographyId":"LK-99731895B16804022686405","id":"wattlas-plant-osm-way-548271590","lifecycleCounts":{"operational":1},"locationPrecision":"exact","name":"Mini Water Generator","operatingCapacityCoverage":{"coveragePercent":0.0,"knownUnitCount":0,"method":"unavailable","totalUnitCount":0},"operatingCapacityMw":0.0,"operatingCapacityMwByTechnology":{},"plannedCapacityCoverage":{"coveragePercent":0.0,"knownUnitCount":0,"method":"unavailable","totalUnitCount":0},"plannedCapacityMw":0.0,"plannedCapacityMwByTechnology":{},"recordCount":1,"recordIds":["wattlas-record-osm-way-548271590"],"sourceIds":["openstreetmap-power"],"technologies":["hydro"],"technologyMixMw":{"hydro":0.0},"unitCount":0,"unitIds":[]},"type":"Feature"},{"geometry":{"coordinates":[80.852299,6.724369],"type":"Point"},"id":"wattlas-plant-osm-way-552411148","properties":{"aliases":["Mini Turbine Generator"],"canonicalAnchor":"osm:way/552411148","canonicalCountryKey":"LK","capacityMw":0.0,"country":"LK","externalIds":{"osm":"way/552411148"},"geographyId":"LK-99731895B77537271836321","id":"wattlas-plant-osm-way-552411148","lifecycleCounts":{"operational":1},"locationPrecision":"exact","name":"Mini Turbine Generator","operatingCapacityCoverage":{"coveragePercent":0.0,"knownUnitCount":0,"method":"unavailable","totalUnitCount":0},"operatingCapacityMw":0.0,"operatingCapacityMwByTechnology":{},"plannedCapacityCoverage":{"coveragePercent":0.0,"knownUnitCount":0,"method":"unavailable","totalUnitCount":0},"plannedCapacityMw":0.0,"plannedCapacityMwByTechnology":{},"recordCount":1,"recordIds":["wattlas-record-osm-way-552411148"],"sourceIds":["openstreetmap-power"],"technologies":["hydro"],"technologyMixMw":{"hydro":0.0},"unitCount":0,"unitIds":[]},"type":"Feature"},{"geometry":{"coordinates":[80.635835,6.821934],"type":"Point"},"id":"wattlas-plant-osm-way-587619427","properties":{"aliases":["BOGO Power Mini Hydro-Plant"],"canonicalAnchor":"osm:way/587619427","canonicalCountryKey":"LK","capacityMw":0.0,"country":"LK","externalIds":{"osm":"way/587619427"},"geographyId":"LK-99731895B28050807675820","id":"wattlas-plant-osm-way-587619427","lifecycleCounts":{"operational":1},"locationPrecision":"exact","name":"BOGO Power Mini Hydro-Plant","operatingCapacityCoverage":{"coveragePercent":0.0,"knownUnitCount":0,"method":"unavailable","totalUnitCount":0},"operatingCapacityMw":0.0,"operatingCapacityMwByTechnology":{},"plannedCapacityCoverage":{"coveragePercent":0.0,"knownUnitCount":0,"method":"unavailable","totalUnitCount":0},"plannedCapacityMw":0.0,"plannedCapacityMwByTechnology":{},"recordCount":1,"recordIds":["wattlas-record-osm-way-587619427"],"sourceIds":["openstreetmap-power"],"technologies":["hydro"],"technologyMixMw":{"hydro":0.0},"unitCount":0,"unitIds":[]},"type":"Feature"},{"geometry":{"coordinates":[80.806891,7.118902],"type":"Point"},"id":"wattlas-plant-osm-way-807985948","properties":{"aliases":["Padiyapalalla MHP"],"canonicalAnchor":"osm:way/807985948","canonicalCountryKey":"LK","capacityMw":3.5,"country":"LK","externalIds":{"osm":"way/807985948"},"geographyId":"LK-99731895B28050807675820","id":"wattlas-plant-osm-way-807985948","lifecycleCounts":{"operational":1},"locationPrecision":"exact","name":"Padiyapalalla MHP","operatingCapacityCoverage":{"coveragePercent":100.0,"knownUnitCount":0,"method":"plant_aggregate","provenance":{"evidenceCount":0,"recordIds":["wattlas-record-osm-way-807985948"],"sourceIds":["openstreetmap-power"],"sourceTypes":["community_mapped"],"valueKind":"reported"},"totalUnitCount":0},"operatingCapacityMw":3.5,"operatingCapacityMwByTechnology":{"hydro":3.5},"plannedCapacityCoverage":{"coveragePercent":0.0,"knownUnitCount":0,"method":"unavailable","totalUnitCount":0},"plannedCapacityMw":0.0,"plannedCapacityMwByTechnology":{},"recordCount":1,"recordIds":["wattlas-record-osm-way-807985948"],"sourceIds":["openstreetmap-power"],"technologies":["hydro"],"technologyMixMw":{"hydro":3.5},"unitCount":0,"unitIds":[]},"type":"Feature"},{"geometry":{"coordinates":[80.279793,6.615714],"type":"Point"},"id":"wattlas-plant-osm-way-822809366","properties":{"aliases":["Kukule Ganga Hydroelectric Power Plant"],"canonicalAnchor":"osm:way/822809366","canonicalCountryKey":"LK","capacityMw":70.0,"country":"LK","externalIds":{"osm":"way/822809366"},"geographyId":"LK-99731895B16804022686405","id":"wattlas-plant-osm-way-822809366","lifecycleCounts":{"operational":1},"locationPrecision":"exact","name":"Kukule Ganga Hydroelectric Power Plant","operatingCapacityCoverage":{"coveragePercent":100.0,"knownUnitCount":0,"method":"plant_aggregate","provenance":{"evidenceCount":0,"recordIds":["wattlas-record-osm-way-822809366"],"sourceIds":["openstreetmap-power"],"sourceTypes":["community_mapped"],"valueKind":"reported"},"totalUnitCount":0},"operatingCapacityMw":70.0,"operatingCapacityMwByTechnology":{"hydro":70.0},"plannedCapacityCoverage":{"coveragePercent":0.0,"knownUnitCount":0,"method":"unavailable","totalUnitCount":0},"plannedCapacityMw":0.0,"plannedCapacityMwByTechnology":{},"recordCount":1,"recordIds":["wattlas-record-osm-way-822809366"],"sourceIds":["openstreetmap-power"],"technologies":["hydro"],"technologyMixMw":{"hydro":70.0},"unitCount":0,"unitIds":[]},"type":"Feature"},{"geometry":{"coordinates":[80.42441,6.984734],"type":"Point"},"id":"wattlas-plant-osm-way-836493190","properties":{"aliases":["Broadland Power Station"],"canonicalAnchor":"osm:way/836493190","canonicalCountryKey":"LK","capacityMw":35.0,"country":"LK","externalIds":{"osm":"way/836493190"},"geographyId":"LK-99731895B16804022686405","id":"wattlas-plant-osm-way-836493190","lifecycleCounts":{"operational":1},"locationPrecision":"exact","name":"Broadland Power Station","operatingCapacityCoverage":{"coveragePercent":100.0,"knownUnitCount":0,"method":"plant_aggregate","provenance":{"evidenceCount":0,"recordIds":["wattlas-record-osm-way-836493190"],"sourceIds":["openstreetmap-power"],"sourceTypes":["community_mapped"],"valueKind":"reported"},"totalUnitCount":0},"operatingCapacityMw":35.0,"operatingCapacityMwByTechnology":{"hydro":35.0},"plannedCapacityCoverage":{"coveragePercent":0.0,"knownUnitCount":0,"method":"unavailable","totalUnitCount":0},"plannedCapacityMw":0.0,"plannedCapacityMwByTechnology":{},"recordCount":1,"recordIds":["wattlas-record-osm-way-836493190"],"sourceIds":["openstreetmap-power"],"technologies":["hydro"],"technologyMixMw":{"hydro":35.0},"unitCount":0,"unitIds":[]},"type":"Feature"},{"geometry":{"coordinates":[80.6537,7.57973],"type":"Point"},"id":"wattlas-plant-osm-way-932287622","properties":{"aliases":["Escas Ankanda Mini Hydro-Power Plant"],"canonicalAnchor":"osm:way/932287622","canonicalCountryKey":"LK","capacityMw":6.5,"country":"LK","externalIds":{"osm":"way/932287622"},"geographyId":"LK-99731895B28050807675820","id":"wattlas-plant-osm-way-932287622","lifecycleCounts":{"operational":1},"locationPrecision":"exact","name":"Escas Ankanda Mini Hydro-Power Plant","operatingCapacityCoverage":{"coveragePercent":100.0,"knownUnitCount":0,"method":"plant_aggregate","provenance":{"evidenceCount":0,"recordIds":["wattlas-record-osm-way-932287622"],"sourceIds":["openstreetmap-power"],"sourceTypes":["community_mapped"],"valueKind":"reported"},"totalUnitCount":0},"operatingCapacityMw":6.5,"operatingCapacityMwByTechnology":{"hydro":6.5},"plannedCapacityCoverage":{"coveragePercent":0.0,"knownUnitCount":0,"method":"unavailable","totalUnitCount":0},"plannedCapacityMw":0.0,"plannedCapacityMwByTechnology":{},"recordCount":1,"recordIds":["wattlas-record-osm-way-932287622"],"sourceIds":["openstreetmap-power"],"technologies":["hydro"],"technologyMixMw":{"hydro":6.5},"unitCount":0,"unitIds":[]},"type":"Feature"},{"geometry":{"coordinates":[80.643024,7.517861],"type":"Point"},"id":"wattlas-plant-osm-way-932289267","properties":{"aliases":["Escas Owala Mini Hydro-Power Plant"],"canonicalAnchor":"osm:way/932289267","canonicalCountryKey":"LK","capacityMw":2.8,"country":"LK","externalIds":{"osm":"way/932289267"},"geographyId":"LK-99731895B28050807675820","id":"wattlas-plant-osm-way-932289267","lifecycleCounts":{"operational":1},"locationPrecision":"exact","name":"Escas Owala Mini Hydro-Power Plant","operatingCapacityCoverage":{"coveragePercent":100.0,"knownUnitCount":0,"method":"plant_aggregate","provenance":{"evidenceCount":0,"recordIds":["wattlas-record-osm-way-932289267"],"sourceIds":["openstreetmap-power"],"sourceTypes":["community_mapped"],"valueKind":"reported"},"totalUnitCount":0},"operatingCapacityMw":2.8,"operatingCapacityMwByTechnology":{"hydro":2.8},"plannedCapacityCoverage":{"coveragePercent":0.0,"knownUnitCount":0,"method":"unavailable","totalUnitCount":0},"plannedCapacityMw":0.0,"plannedCapacityMwByTechnology":{},"recordCount":1,"recordIds":["wattlas-record-osm-way-932289267"],"sourceIds":["openstreetmap-power"],"technologies":["hydro"],"technologyMixMw":{"hydro":2.8},"unitCount":0,"unitIds":[]},"type":"Feature"},{"geometry":{"coordinates":[80.456597,6.977915],"type":"Point"},"id":"wattlas-plant-wikidata-q15830743","properties":{"aliases":["Samanala Power Station"],"canonicalAnchor":"wikidata:Q15830743","canonicalCountryKey":"LK","capacityMw":75.0,"country":"LK","externalIds":{"osm":"way/535700633","wikidata":"Q15830743"},"geographyId":"LK-99731895B16804022686405","id":"wattlas-plant-wikidata-q15830743","idAliases":["wattlas-plant-osm-way-535700633"],"lifecycleCounts":{"operational":1},"locationPrecision":"exact","name":"Samanala Power Station","operatingCapacityCoverage":{"coveragePercent":100.0,"knownUnitCount":0,"method":"plant_aggregate","provenance":{"evidenceCount":0,"recordIds":["wattlas-record-osm-way-535700633"],"sourceIds":["openstreetmap-power"],"sourceTypes":["community_mapped"],"valueKind":"reported"},"totalUnitCount":0},"operatingCapacityMw":75.0,"operatingCapacityMwByTechnology":{"hydro":75.0},"plannedCapacityCoverage":{"coveragePercent":0.0,"knownUnitCount":0,"method":"unavailable","totalUnitCount":0},"plannedCapacityMw":0.0,"plannedCapacityMwByTechnology":{},"recordCount":1,"recordIds":["wattlas-record-osm-way-535700633"],"sourceIds":["openstreetmap-power"],"technologies":["hydro"],"technologyMixMw":{"hydro":75.0},"unitCount":0,"unitIds":[]},"type":"Feature"},{"geometry":{"coordinates":[80.525124,6.908676],"type":"Point"},"id":"wattlas-plant-wikidata-q15838226","properties":{"aliases":["Wimalasurendra Power Station"],"canonicalAnchor":"wikidata:Q15838226","canonicalCountryKey":"LK","capacityMw":50.0,"country":"LK","externalIds":{"osm":"way/1206745230","wikidata":"Q15838226"},"geographyId":"LK-99731895B28050807675820","id":"wattlas-plant-wikidata-q15838226","idAliases":["wattlas-plant-osm-way-1206745230"],"lifecycleCounts":{"operational":1},"locationPrecision":"exact","name":"Wimalasurendra Power Station","operatingCapacityCoverage":{"coveragePercent":100.0,"knownUnitCount":0,"method":"plant_aggregate","provenance":{"evidenceCount":0,"recordIds":["wattlas-record-osm-way-1206745230"],"sourceIds":["openstreetmap-power"],"sourceTypes":["community_mapped"],"valueKind":"reported"},"totalUnitCount":0},"operatingCapacityMw":50.0,"operatingCapacityMwByTechnology":{"hydro":50.0},"plannedCapacityCoverage":{"coveragePercent":0.0,"knownUnitCount":0,"method":"unavailable","totalUnitCount":0},"plannedCapacityMw":0.0,"plannedCapacityMwByTechnology":{},"recordCount":1,"recordIds":["wattlas-record-osm-way-1206745230"],"sourceIds":["openstreetmap-power"],"technologies":["hydro"],"technologyMixMw":{"hydro":50.0},"unitCount":0,"unitIds":[]},"type":"Feature"},{"geometry":{"coordinates":[79.960052,6.961749],"type":"Point"},"id":"wattlas-plant-wikidata-q15978585","properties":{"aliases":["Sapugaskanda Power Station"],"canonicalAnchor":"wikidata:Q15978585","canonicalCountryKey":"LK","capacityMw":160.0,"country":"LK","externalIds":{"osm":"way/173553542","wikidata":"Q15978585"},"geographyId":"LK-99731895B46623695729728","id":"wattlas-plant-wikidata-q15978585","idAliases":["wattlas-plant-osm-way-173553542"],"lifecycleCounts":{"operational":1},"locationPrecision":"exact","name":"Sapugaskanda Power Station","operatingCapacityCoverage":{"coveragePercent":100.0,"knownUnitCount":0,"method":"plant_aggregate","provenance":{"evidenceCount":0,"recordIds":["wattlas-record-osm-way-173553542"],"sourceIds":["openstreetmap-power"],"sourceTypes":["community_mapped"],"valueKind":"reported"},"totalUnitCount":0},"operatingCapacityMw":160.0,"operatingCapacityMwByTechnology":{"other":160.0},"plannedCapacityCoverage":{"coveragePercent":0.0,"knownUnitCount":0,"method":"unavailable","totalUnitCount":0},"plannedCapacityMw":0.0,"plannedCapacityMwByTechnology":{},"recordCount":1,"recordIds":["wattlas-record-osm-way-173553542"],"sourceIds":["openstreetmap-power"],"technologies":["other"],"technologyMixMw":{"other":160.0},"unitCount":0,"unitIds":[]},"type":"Feature"},{"geometry":{"coordinates":[80.949715,7.200373],"type":"Point"},"id":"wattlas-plant-wikidata-q17053576","properties":{"aliases":["Rantembe Power Station"],"canonicalAnchor":"wikidata:Q17053576","canonicalCountryKey":"LK","capacityMw":50.0,"country":"LK","externalIds":{"osm":"way/1206745228","wikidata":"Q17053576"},"geographyId":"LK-99731895B28050807675820","id":"wattlas-plant-wikidata-q17053576","idAliases":["wattlas-plant-osm-way-1206745228"],"lifecycleCounts":{"operational":1},"locationPrecision":"exact","name":"Rantembe Power Station","operatingCapacityCoverage":{"coveragePercent":100.0,"knownUnitCount":0,"method":"plant_aggregate","provenance":{"evidenceCount":0,"recordIds":["wattlas-record-osm-way-1206745228"],"sourceIds":["openstreetmap-power"],"sourceTypes":["community_mapped"],"valueKind":"reported"},"totalUnitCount":0},"operatingCapacityMw":50.0,"operatingCapacityMwByTechnology":{"hydro":50.0},"plannedCapacityCoverage":{"coveragePercent":0.0,"knownUnitCount":0,"method":"unavailable","totalUnitCount":0},"plannedCapacityMw":0.0,"plannedCapacityMwByTechnology":{},"recordCount":1,"recordIds":["wattlas-record-osm-way-1206745228"],"sourceIds":["openstreetmap-power"],"technologies":["hydro"],"technologyMixMw":{"hydro":50.0},"unitCount":0,"unitIds":[]},"type":"Feature"},{"geometry":{"coordinates":[80.805784,7.200133],"type":"Point"},"id":"wattlas-plant-wikidata-q24326443","properties":{"aliases":["Victoria Power Station"],"canonicalAnchor":"wikidata:Q24326443","canonicalCountryKey":"LK","capacityMw":210.0,"country":"LK","externalIds":{"osm":"way/535700636","wikidata":"Q24326443"},"geographyId":"LK-99731895B28050807675820","id":"wattlas-plant-wikidata-q24326443","idAliases":["wattlas-plant-osm-way-535700636"],"lifecycleCounts":{"operational":1},"locationPrecision":"exact","name":"Victoria Power Station","operatingCapacityCoverage":{"coveragePercent":100.0,"knownUnitCount":0,"method":"plant_aggregate","provenance":{"evidenceCount":0,"recordIds":["wattlas-record-osm-way-535700636"],"sourceIds":["openstreetmap-power"],"sourceTypes":["community_mapped"],"valueKind":"reported"},"totalUnitCount":0},"operatingCapacityMw":210.0,"operatingCapacityMwByTechnology":{"hydro":210.0},"plannedCapacityCoverage":{"coveragePercent":0.0,"knownUnitCount":0,"method":"unavailable","totalUnitCount":0},"plannedCapacityMw":0.0,"plannedCapacityMwByTechnology":{},"recordCount":1,"recordIds":["wattlas-record-osm-way-535700636"],"sourceIds":["openstreetmap-power"],"technologies":["hydro"],"technologyMixMw":{"hydro":210.0},"unitCount":0,"unitIds":[]},"type":"Feature"},{"geometry":{"coordinates":[80.848812,6.284997],"type":"Point"},"id":"wattlas-plant-wikidata-q25056880","properties":{"aliases":["Ace Embilipitiya Power Station"],"canonicalAnchor":"wikidata:Q25056880","canonicalCountryKey":"LK","capacityMw":100.0,"country":"LK","externalIds":{"osm":"way/686570247","wikidata":"Q25056880","wikipedia":"en:Ace Embilipitiya Power Station"},"geographyId":"LK-99731895B16804022686405","id":"wattlas-plant-wikidata-q25056880","idAliases":["wattlas-plant-osm-way-686570247","wattlas-plant-wikipedia-en-ace-embilipitiya-power-station"],"lifecycleCounts":{"operational":1},"locationPrecision":"exact","name":"Ace Embilipitiya Power Station","operatingCapacityCoverage":{"coveragePercent":100.0,"knownUnitCount":0,"method":"plant_aggregate","provenance":{"evidenceCount":0,"recordIds":["wattlas-record-osm-way-686570247"],"sourceIds":["openstreetmap-power"],"sourceTypes":["community_mapped"],"valueKind":"reported"},"totalUnitCount":0},"operatingCapacityMw":100.0,"operatingCapacityMwByTechnology":{"oil":100.0},"plannedCapacityCoverage":{"coveragePercent":0.0,"knownUnitCount":0,"method":"unavailable","totalUnitCount":0},"plannedCapacityMw":0.0,"plannedCapacityMwByTechnology":{},"recordCount":1,"recordIds":["wattlas-record-osm-way-686570247"],"sourceIds":["openstreetmap-power"],"technologies":["oil"],"technologyMixMw":{"oil":100.0},"unitCount":0,"unitIds":[]},"type":"Feature"},{"geometry":{"coordinates":[79.948273,6.956109],"type":"Point"},"id":"wattlas-plant-wikidata-q25056881","properties":{"aliases":["Asia Power Sapugaskanda Power Station"],"canonicalAnchor":"wikidata:Q25056881","canonicalCountryKey":"LK","capacityMw":50.0,"country":"LK","externalIds":{"osm":"way/704348363","wikidata":"Q25056881"},"geographyId":"LK-99731895B46623695729728","id":"wattlas-plant-wikidata-q25056881","idAliases":["wattlas-plant-osm-way-704348363"],"lifecycleCounts":{"operational":1},"locationPrecision":"exact","name":"Asia Power Sapugaskanda Power Station","operatingCapacityCoverage":{"coveragePercent":100.0,"knownUnitCount":0,"method":"plant_aggregate","provenance":{"evidenceCount":0,"recordIds":["wattlas-record-osm-way-704348363"],"sourceIds":["openstreetmap-power"],"sourceTypes":["community_mapped"],"valueKind":"reported"},"totalUnitCount":0},"operatingCapacityMw":50.0,"operatingCapacityMwByTechnology":{"oil":50.0},"plannedCapacityCoverage":{"coveragePercent":0.0,"knownUnitCount":0,"method":"unavailable","totalUnitCount":0},"plannedCapacityMw":0.0,"plannedCapacityMwByTechnology":{},"recordCount":1,"recordIds":["wattlas-record-osm-way-704348363"],"sourceIds":["openstreetmap-power"],"technologies":["oil"],"technologyMixMw":{"oil":50.0},"unitCount":0,"unitIds":[]},"type":"Feature"},{"geometry":{"coordinates":[80.033274,9.740959],"type":"Point"},"id":"wattlas-plant-wikidata-q25058343","properties":{"aliases":["Uthuru Janani Power Station"],"canonicalAnchor":"wikidata:Q25058343","canonicalCountryKey":"LK","capacityMw":24.0,"country":"LK","externalIds":{"osm":"way/1206745239","wikidata":"Q25058343","wikipedia":"en:Uthuru Janani Power Station"},"geographyId":"LK-99731895B93054189817547","id":"wattlas-plant-wikidata-q25058343","idAliases":["wattlas-plant-osm-way-1206745239","wattlas-plant-wikipedia-en-uthuru-janani-power-station"],"lifecycleCounts":{"operational":1},"locationPrecision":"exact","name":"Uthuru Janani Power Station","operatingCapacityCoverage":{"coveragePercent":100.0,"knownUnitCount":0,"method":"plant_aggregate","provenance":{"evidenceCount":0,"recordIds":["wattlas-record-osm-way-1206745239"],"sourceIds":["openstreetmap-power"],"sourceTypes":["community_mapped"],"valueKind":"reported"},"totalUnitCount":0},"operatingCapacityMw":24.0,"operatingCapacityMwByTechnology":{"other":24.0},"plannedCapacityCoverage":{"coveragePercent":0.0,"knownUnitCount":0,"method":"unavailable","totalUnitCount":0},"plannedCapacityMw":0.0,"plannedCapacityMwByTechnology":{},"recordCount":1,"recordIds":["wattlas-record-osm-way-1206745239"],"sourceIds":["openstreetmap-power"],"technologies":["other"],"technologyMixMw":{"other":24.0},"unitCount":0,"unitIds":[]},"type":"Feature"},{"geometry":{"coordinates":[80.034219,9.738786],"type":"Point"},"id":"wattlas-plant-wikidata-q25203535","properties":{"aliases":["Northern Power Station"],"canonicalAnchor":"wikidata:Q25203535","canonicalCountryKey":"LK","capacityMw":14.0,"country":"LK","externalIds":{"osm":"way/1206745229","wikidata":"Q25203535","wikipedia":"en:Northern Power Station (Sri Lanka)"},"geographyId":"LK-99731895B93054189817547","id":"wattlas-plant-wikidata-q25203535","idAliases":["wattlas-plant-osm-way-1206745229","wattlas-plant-wikipedia-en-northern-power-station-sri-lanka"],"lifecycleCounts":{"operational":1},"locationPrecision":"exact","name":"Northern Power Station","operatingCapacityCoverage":{"coveragePercent":100.0,"knownUnitCount":0,"method":"plant_aggregate","provenance":{"evidenceCount":0,"recordIds":["wattlas-record-osm-way-1206745229"],"sourceIds":["openstreetmap-power"],"sourceTypes":["community_mapped"],"valueKind":"reported"},"totalUnitCount":0},"operatingCapacityMw":14.0,"operatingCapacityMwByTechnology":{"other":14.0},"plannedCapacityCoverage":{"coveragePercent":0.0,"knownUnitCount":0,"method":"unavailable","totalUnitCount":0},"plannedCapacityMw":0.0,"plannedCapacityMwByTechnology":{},"recordCount":1,"recordIds":["wattlas-record-osm-way-1206745229"],"sourceIds":["openstreetmap-power"],"technologies":["other"],"technologyMixMw":{"other":14.0},"unitCount":0,"unitIds":[]},"type":"Feature"},{"geometry":{"coordinates":[80.799704,6.898526],"type":"Point"},"id":"wattlas-plant-wikidata-q4741385","properties":{"aliases":["Ambewela Aitken Spence Wind Farm"],"canonicalAnchor":"wikidata:Q4741385","canonicalCountryKey":"LK","capacityMw":3.0,"country":"LK","externalIds":{"osm":"relation/9759232","wikidata":"Q4741385","wikipedia":"en:Ambewela Aitken Spence Wind Farm"},"geographyId":"LK-99731895B77537271836321","id":"wattlas-plant-wikidata-q4741385","idAliases":["wattlas-plant-osm-relation-9759232","wattlas-plant-wikipedia-en-ambewela-aitken-spence-wind-farm"],"lifecycleCounts":{"operational":1},"locationPrecision":"exact","name":"Ambewela Aitken Spence Wind Farm","operatingCapacityCoverage":{"coveragePercent":100.0,"knownUnitCount":0,"method":"plant_aggregate","provenance":{"evidenceCount":0,"recordIds":["wattlas-record-osm-relation-9759232"],"sourceIds":["openstreetmap-power"],"sourceTypes":["community_mapped"],"valueKind":"reported"},"totalUnitCount":0},"operatingCapacityMw":3.0,"operatingCapacityMwByTechnology":{"wind":3.0},"plannedCapacityCoverage":{"coveragePercent":0.0,"knownUnitCount":0,"method":"unavailable","totalUnitCount":0},"plannedCapacityMw":0.0,"plannedCapacityMwByTechnology":{},"recordCount":1,"recordIds":["wattlas-record-osm-relation-9759232"],"sourceIds":["openstreetmap-power"],"technologies":["wind"],"technologyMixMw":{"wind":3.0},"unitCount":0,"unitIds":[]},"type":"Feature"},{"geometry":{"coordinates":[80.580811,7.121589],"type":"Point"},"id":"wattlas-plant-wikidata-q6434138","properties":{"aliases":["Kotmale Power Station"],"canonicalAnchor":"wikidata:Q6434138","canonicalCountryKey":"LK","capacityMw":201.0,"country":"LK","externalIds":{"osm":"node/11182186246","wikidata":"Q6434138"},"geographyId":"LK-99731895B28050807675820","id":"wattlas-plant-wikidata-q6434138","idAliases":["wattlas-plant-osm-node-11182186246"],"lifecycleCounts":{"operational":1},"locationPrecision":"exact","name":"Kotmale Power Station","operatingCapacityCoverage":{"coveragePercent":100.0,"knownUnitCount":0,"method":"plant_aggregate","provenance":{"evidenceCount":0,"recordIds":["wattlas-record-osm-node-11182186246"],"sourceIds":["openstreetmap-power"],"sourceTypes":["community_mapped"],"valueKind":"reported"},"totalUnitCount":0},"operatingCapacityMw":201.0,"operatingCapacityMwByTechnology":{"other":201.0},"plannedCapacityCoverage":{"coveragePercent":0.0,"knownUnitCount":0,"method":"unavailable","totalUnitCount":0},"plannedCapacityMw":0.0,"plannedCapacityMwByTechnology":{},"recordCount":1,"recordIds":["wattlas-record-osm-node-11182186246"],"sourceIds":["openstreetmap-power"],"technologies":["other"],"technologyMixMw":{"other":201.0},"unitCount":0,"unitIds":[]},"type":"Feature"},{"geometry":{"coordinates":[80.926188,7.202378],"type":"Point"},"id":"wattlas-plant-wikidata-q7291667","properties":{"aliases":["Randenigala Hydropower Plant"],"canonicalAnchor":"wikidata:Q7291667","canonicalCountryKey":"LK","capacityMw":126.0,"country":"LK","externalIds":{"osm":"way/535700637","wikidata":"Q7291667"},"geographyId":"LK-99731895B28050807675820","id":"wattlas-plant-wikidata-q7291667","idAliases":["wattlas-plant-osm-way-535700637"],"lifecycleCounts":{"operational":1},"locationPrecision":"exact","name":"Randenigala Hydropower Plant","operatingCapacityCoverage":{"coveragePercent":100.0,"knownUnitCount":0,"method":"plant_aggregate","provenance":{"evidenceCount":0,"recordIds":["wattlas-record-osm-way-535700637"],"sourceIds":["openstreetmap-power"],"sourceTypes":["community_mapped"],"valueKind":"reported"},"totalUnitCount":0},"operatingCapacityMw":126.0,"operatingCapacityMwByTechnology":{"hydro":126.0},"plannedCapacityCoverage":{"coveragePercent":0.0,"knownUnitCount":0,"method":"unavailable","totalUnitCount":0},"plannedCapacityMw":0.0,"plannedCapacityMwByTechnology":{},"recordCount":1,"recordIds":["wattlas-record-osm-way-535700637"],"sourceIds":["openstreetmap-power"],"technologies":["hydro"],"technologyMixMw":{"hydro":126.0},"unitCount":0,"unitIds":[]},"type":"Feature"},{"geometry":{"coordinates":[80.657598,7.042354],"type":"Point"},"id":"wattlas-plant-wikidata-q7898727","properties":{"aliases":["Upper Kotmale Power Station"],"canonicalAnchor":"wikidata:Q7898727","canonicalCountryKey":"LK","capacityMw":150.0,"country":"LK","externalIds":{"osm":"node/11182186245","wikidata":"Q7898727"},"geographyId":"LK-99731895B28050807675820","id":"wattlas-plant-wikidata-q7898727","idAliases":["wattlas-plant-osm-node-11182186245"],"lifecycleCounts":{"operational":1},"locationPrecision":"exact","name":"Upper Kotmale Power Station","operatingCapacityCoverage":{"coveragePercent":100.0,"knownUnitCount":0,"method":"plant_aggregate","provenance":{"evidenceCount":0,"recordIds":["wattlas-record-osm-node-11182186245"],"sourceIds":["openstreetmap-power"],"sourceTypes":["community_mapped"],"valueKind":"reported"},"totalUnitCount":0},"operatingCapacityMw":150.0,"operatingCapacityMwByTechnology":{"hydro":150.0},"plannedCapacityCoverage":{"coveragePercent":0.0,"knownUnitCount":0,"method":"unavailable","totalUnitCount":0},"plannedCapacityMw":0.0,"plannedCapacityMwByTechnology":{},"recordCount":1,"recordIds":["wattlas-record-osm-node-11182186245"],"sourceIds":["openstreetmap-power"],"technologies":["hydro"],"technologyMixMw":{"hydro":150.0},"unitCount":0,"unitIds":[]},"type":"Feature"},{"geometry":{"coordinates":[80.52793,6.869174],"type":"Point"},"id":"wattlas-plant-wikidata-q84761141","properties":{"aliases":["Canyon Hydroelectric Power Station"],"canonicalAnchor":"wikidata:Q84761141","canonicalCountryKey":"LK","capacityMw":60.0,"country":"LK","externalIds":{"osm":"way/535700632","wikidata":"Q84761141"},"geographyId":"LK-99731895B28050807675820","id":"wattlas-plant-wikidata-q84761141","idAliases":["wattlas-plant-osm-way-535700632"],"lifecycleCounts":{"operational":1},"locationPrecision":"exact","name":"Canyon Hydroelectric Power Station","operatingCapacityCoverage":{"coveragePercent":100.0,"knownUnitCount":0,"method":"plant_aggregate","provenance":{"evidenceCount":0,"recordIds":["wattlas-record-osm-way-535700632"],"sourceIds":["openstreetmap-power"],"sourceTypes":["community_mapped"],"valueKind":"reported"},"totalUnitCount":0},"operatingCapacityMw":60.0,"operatingCapacityMwByTechnology":{"hydro":60.0},"plannedCapacityCoverage":{"coveragePercent":0.0,"knownUnitCount":0,"method":"unavailable","totalUnitCount":0},"plannedCapacityMw":0.0,"plannedCapacityMwByTechnology":{},"recordCount":1,"recordIds":["wattlas-record-osm-way-535700632"],"sourceIds":["openstreetmap-power"],"technologies":["hydro"],"technologyMixMw":{"hydro":60.0},"unitCount":0,"unitIds":[]},"type":"Feature"}],"type":"FeatureCollection"}