{"features":[{"geometry":{"coordinates":[18.114444,44.089722],"type":"Point"},"id":"wattlas-plant-gemplant-l100000100097-8fac2d726a","properties":{"aliases":["Kakanj Thermal Power Plant","Unit 5","Unit 6","Unit 7","Unit 8","Unit 9"],"canonicalAnchor":"gemplant:L100000100097","canonicalCountryKey":"BA","capacityMw":450.0,"country":"BA","externalIdAliases":{"gemUnit":["G100000105453","G100000105454","G100000105455","G100000105456","G100000105457"]},"externalIds":{"gemPlant":"L100000100097","gemUnit":"G100000105457"},"gemWikiUrl":"https://www.gem.wiki/Kakanj_Thermal_Power_Plant","geographyId":"BA-54001226B17629474923252","id":"wattlas-plant-gemplant-l100000100097-8fac2d726a","lifecycleCounts":{"cancelled":2,"operational":3},"locationPrecision":"exact","name":"Kakanj Thermal Power Plant","operatingCapacityCoverage":{"coveragePercent":100.0,"knownUnitCount":3,"method":"complete_unit_sum","provenance":{"evidenceCount":0,"recordIds":["wattlas-record-gemunit-g100000105453","wattlas-record-gemunit-g100000105454","wattlas-record-gemunit-g100000105455"],"sourceIds":["gem-global-integrated-power-tracker"],"sourceTypes":["research_verified"],"valueKind":"reported"},"totalUnitCount":3},"operatingCapacityMw":450.0,"operatingCapacityMwByTechnology":{"coal":450.0},"plannedCapacityCoverage":{"coveragePercent":0.0,"knownUnitCount":0,"method":"unavailable","totalUnitCount":0},"plannedCapacityMw":0.0,"plannedCapacityMwByTechnology":{},"recordCount":5,"recordIds":["wattlas-record-gemunit-g100000105453","wattlas-record-gemunit-g100000105454","wattlas-record-gemunit-g100000105455","wattlas-record-gemunit-g100000105456","wattlas-record-gemunit-g100000105457"],"sourceIds":["gem-global-integrated-power-tracker"],"sourceUrl":"https://www.gem.wiki/Kakanj_Thermal_Power_Plant","technologies":["coal"],"technologyMixMw":{"coal":450.0},"unitCount":5,"unitIds":["gem-unit-G100000105453","gem-unit-G100000105454","gem-unit-G100000105455","gem-unit-G100000105456","gem-unit-G100000105457"]},"type":"Feature"},{"geometry":{"coordinates":[18.606111,44.52],"type":"Point"},"id":"wattlas-plant-gemplant-l100000100100","properties":{"aliases":["3, timepoint 2","Tuzla Thermal Power Plant","Unit 3, timepoint 1","Unit 4","Unit 5","Unit 6","Unit 7","Unit 8"],"canonicalAnchor":"gemplant:L100000100100","canonicalCountryKey":"BA","capacityMw":640.0,"country":"BA","externalIdAliases":{"gemUnit":["G100000110402","G100000110403","G100000110404","G100000110405","G100000110406","G100000110407","G100000202517"]},"externalIds":{"gemPlant":"L100000100100","gemUnit":"G100000110407"},"gemWikiUrl":"https://www.gem.wiki/Tuzla_Thermal_Power_Plant","geographyId":"BA-54001226B17629474923252","id":"wattlas-plant-gemplant-l100000100100","lifecycleCounts":{"cancelled":2,"operational":3,"paused":2},"locationPrecision":"exact","name":"Tuzla Thermal Power Plant","operatingCapacityCoverage":{"coveragePercent":100.0,"knownUnitCount":3,"method":"complete_unit_sum","provenance":{"evidenceCount":0,"recordIds":["wattlas-record-gemunit-g100000110403","wattlas-record-gemunit-g100000110404","wattlas-record-gemunit-g100000110405"],"sourceIds":["gem-global-integrated-power-tracker"],"sourceTypes":["research_verified"],"valueKind":"reported"},"totalUnitCount":3},"operatingCapacityMw":640.0,"operatingCapacityMwByTechnology":{"coal":640.0},"plannedCapacityCoverage":{"coveragePercent":0.0,"knownUnitCount":0,"method":"unavailable","totalUnitCount":0},"plannedCapacityMw":0.0,"plannedCapacityMwByTechnology":{},"recordCount":7,"recordIds":["wattlas-record-gemunit-g100000110402","wattlas-record-gemunit-g100000110403","wattlas-record-gemunit-g100000110404","wattlas-record-gemunit-g100000110405","wattlas-record-gemunit-g100000110406","wattlas-record-gemunit-g100000110407","wattlas-record-gemunit-g100000202517"],"sourceIds":["gem-global-integrated-power-tracker"],"sourceUrl":"https://www.gem.wiki/Tuzla_Thermal_Power_Plant","technologies":["biomass","coal"],"technologyMixMw":{"coal":640.0},"unitCount":7,"unitIds":["gem-unit-G100000110402","gem-unit-G100000110403","gem-unit-G100000110404","gem-unit-G100000110405","gem-unit-G100000110406","gem-unit-G100000110407","gem-unit-G100000202517"]},"type":"Feature"},{"geometry":{"coordinates":[18.512728,43.172259],"type":"Point"},"id":"wattlas-plant-gemplant-l100000100101","properties":{"aliases":["Gacko Thermal Power Plant","Unit 1","Unit 2"],"canonicalAnchor":"gemplant:L100000100101","canonicalCountryKey":"BA","capacityMw":650.0,"country":"BA","externalIdAliases":{"gemUnit":["G100000102880","G100000102881"]},"externalIds":{"gemPlant":"L100000100101","gemUnit":"G100000102881"},"gemWikiUrl":"https://www.gem.wiki/Gacko_Thermal_Power_Plant","geographyId":"BA-54001226B66267900922909","id":"wattlas-plant-gemplant-l100000100101","lifecycleCounts":{"announced":1,"operational":1},"locationPrecision":"exact","name":"Gacko Thermal Power Plant","operatingCapacityCoverage":{"coveragePercent":100.0,"knownUnitCount":1,"method":"complete_unit_sum","provenance":{"evidenceCount":0,"recordIds":["wattlas-record-gemunit-g100000102880"],"sourceIds":["gem-global-integrated-power-tracker"],"sourceTypes":["research_verified"],"valueKind":"reported"},"totalUnitCount":1},"operatingCapacityMw":300.0,"operatingCapacityMwByTechnology":{"coal":300.0},"plannedCapacityCoverage":{"coveragePercent":100.0,"knownUnitCount":1,"method":"complete_unit_sum","provenance":{"evidenceCount":0,"recordIds":["wattlas-record-gemunit-g100000102881"],"sourceIds":["gem-global-integrated-power-tracker"],"sourceTypes":["research_verified"],"valueKind":"reported"},"totalUnitCount":1},"plannedCapacityMw":350.0,"plannedCapacityMwByTechnology":{"coal":350.0},"recordCount":2,"recordIds":["wattlas-record-gemunit-g100000102880","wattlas-record-gemunit-g100000102881"],"sourceIds":["gem-global-integrated-power-tracker"],"sourceUrl":"https://www.gem.wiki/Gacko_Thermal_Power_Plant","technologies":["coal"],"technologyMixMw":{"coal":650.0},"unitCount":2,"unitIds":["gem-unit-G100000102880","gem-unit-G100000102881"]},"type":"Feature"},{"geometry":{"coordinates":[17.792444,44.753861],"type":"Point"},"id":"wattlas-plant-gemplant-l100000100103","properties":{"aliases":["--","Stanari Thermal Power Plant"],"canonicalAnchor":"gemplant:L100000100103","canonicalCountryKey":"BA","capacityMw":300.0,"country":"BA","externalIds":{"gemPlant":"L100000100103","gemUnit":"G100000109595"},"gemWikiUrl":"https://www.gem.wiki/Stanari_Thermal_Power_Plant","geographyId":"BA-54001226B66267900922909","id":"wattlas-plant-gemplant-l100000100103","lifecycleCounts":{"operational":1},"locationPrecision":"exact","name":"Stanari Thermal Power Plant","operatingCapacityCoverage":{"coveragePercent":100.0,"knownUnitCount":1,"method":"complete_unit_sum","provenance":{"evidenceCount":0,"recordIds":["wattlas-record-gemunit-g100000109595"],"sourceIds":["gem-global-integrated-power-tracker"],"sourceTypes":["research_verified"],"valueKind":"reported"},"totalUnitCount":1},"operatingCapacityMw":300.0,"operatingCapacityMwByTechnology":{"coal":300.0},"plannedCapacityCoverage":{"coveragePercent":0.0,"knownUnitCount":0,"method":"unavailable","totalUnitCount":0},"plannedCapacityMw":0.0,"plannedCapacityMwByTechnology":{},"recordCount":1,"recordIds":["wattlas-record-gemunit-g100000109595"],"sourceIds":["gem-global-integrated-power-tracker"],"sourceUrl":"https://www.gem.wiki/Stanari_Thermal_Power_Plant","technologies":["coal"],"technologyMixMw":{"coal":300.0},"unitCount":1,"unitIds":["gem-unit-G100000109595"]},"type":"Feature"},{"geometry":{"coordinates":[18.967371,44.682187],"type":"Point"},"id":"wattlas-plant-gemplant-l100000100104","properties":{"aliases":["Expansion Unit 1","Expansion Unit 2","Ugljevik power station","Unit 1"],"canonicalAnchor":"gemplant:L100000100104","canonicalCountryKey":"BA","capacityMw":1000.0,"country":"BA","externalIdAliases":{"gemUnit":["G100000110433","G100000110434","G100000110435"]},"externalIds":{"gemPlant":"L100000100104","gemUnit":"G100000110433"},"gemWikiUrl":"https://www.gem.wiki/Ugljevik_power_station","geographyId":"BA-54001226B66267900922909","id":"wattlas-plant-gemplant-l100000100104","lifecycleCounts":{"announced":2,"operational":1},"locationPrecision":"exact","name":"Ugljevik power station","operatingCapacityCoverage":{"coveragePercent":100.0,"knownUnitCount":1,"method":"complete_unit_sum","provenance":{"evidenceCount":0,"recordIds":["wattlas-record-gemunit-g100000110433"],"sourceIds":["gem-global-integrated-power-tracker"],"sourceTypes":["research_verified"],"valueKind":"reported"},"totalUnitCount":1},"operatingCapacityMw":300.0,"operatingCapacityMwByTechnology":{"coal":300.0},"plannedCapacityCoverage":{"coveragePercent":100.0,"knownUnitCount":2,"method":"complete_unit_sum","provenance":{"evidenceCount":0,"recordIds":["wattlas-record-gemunit-g100000110434","wattlas-record-gemunit-g100000110435"],"sourceIds":["gem-global-integrated-power-tracker"],"sourceTypes":["research_verified"],"valueKind":"reported"},"totalUnitCount":2},"plannedCapacityMw":700.0,"plannedCapacityMwByTechnology":{"coal":700.0},"recordCount":3,"recordIds":["wattlas-record-gemunit-g100000110433","wattlas-record-gemunit-g100000110434","wattlas-record-gemunit-g100000110435"],"sourceIds":["gem-global-integrated-power-tracker"],"sourceUrl":"https://www.gem.wiki/Ugljevik_power_station","technologies":["coal"],"technologyMixMw":{"coal":1000.0},"unitCount":3,"unitIds":["gem-unit-G100000110433","gem-unit-G100000110434","gem-unit-G100000110435"]},"type":"Feature"},{"geometry":{"coordinates":[19.197247,44.526897],"type":"Point"},"id":"wattlas-plant-gemplant-l100000406722","properties":{"aliases":["1-1","2-1","Loznica CHP power station"],"canonicalAnchor":"gemplant:L100000406722","canonicalCountryKey":"BA","capacityMw":0.0,"country":"BA","externalIdAliases":{"gemUnit":["G100000406991","G100000406992"]},"externalIds":{"gemPlant":"L100000406722","gemUnit":"G100000406991"},"gemWikiUrl":"https://www.gem.wiki/Loznica_CHP_power_station","geographyId":"BA-54001226B66267900922909","id":"wattlas-plant-gemplant-l100000406722","lifecycleCounts":{"cancelled":2},"locationPrecision":"exact","name":"Loznica CHP power station","operatingCapacityCoverage":{"coveragePercent":0.0,"knownUnitCount":0,"method":"unavailable","totalUnitCount":0},"operatingCapacityMw":0.0,"operatingCapacityMwByTechnology":{},"plannedCapacityCoverage":{"coveragePercent":0.0,"knownUnitCount":0,"method":"unavailable","totalUnitCount":0},"plannedCapacityMw":0.0,"plannedCapacityMwByTechnology":{},"recordCount":2,"recordIds":["wattlas-record-gemunit-g100000406991","wattlas-record-gemunit-g100000406992"],"sourceIds":["gem-global-integrated-power-tracker"],"sourceUrl":"https://www.gem.wiki/Loznica_CHP_power_station","technologies":["gas"],"technologyMixMw":{"gas":0.0},"unitCount":2,"unitIds":["gem-unit-G100000406991","gem-unit-G100000406992"]},"type":"Feature"},{"geometry":{"coordinates":[17.1614,44.5083],"type":"Point"},"id":"wattlas-plant-gemplant-l100000600193","properties":{"aliases":["Bočac hydroelectric plant"],"canonicalAnchor":"gemplant:L100000600193","canonicalCountryKey":"BA","capacityMw":110.0,"country":"BA","externalIds":{"gemPlant":"L100000600193","gemUnit":"G100000600193"},"gemWikiUrl":"https://www.gem.wiki/Bočac_hydroelectric_plant","geographyId":"BA-54001226B66267900922909","id":"wattlas-plant-gemplant-l100000600193","lifecycleCounts":{"operational":1},"locationPrecision":"exact","name":"Bočac hydroelectric plant","operatingCapacityCoverage":{"coveragePercent":100.0,"knownUnitCount":1,"method":"complete_unit_sum","provenance":{"evidenceCount":0,"recordIds":["wattlas-record-gemunit-g100000600193"],"sourceIds":["gem-global-integrated-power-tracker"],"sourceTypes":["research_verified"],"valueKind":"reported"},"totalUnitCount":1},"operatingCapacityMw":110.0,"operatingCapacityMwByTechnology":{"hydro":110.0},"plannedCapacityCoverage":{"coveragePercent":0.0,"knownUnitCount":0,"method":"unavailable","totalUnitCount":0},"plannedCapacityMw":0.0,"plannedCapacityMwByTechnology":{},"recordCount":1,"recordIds":["wattlas-record-gemunit-g100000600193"],"sourceIds":["gem-global-integrated-power-tracker"],"sourceUrl":"https://www.gem.wiki/Bočac_hydroelectric_plant","technologies":["hydro"],"technologyMixMw":{"hydro":110.0},"unitCount":1,"unitIds":["gem-unit-G100000600193"]},"type":"Feature"},{"geometry":{"coordinates":[18.765,43.4272],"type":"Point"},"id":"wattlas-plant-gemplant-l100000600194","properties":{"aliases":["Buk Bijela hydroelectric plant"],"canonicalAnchor":"gemplant:L100000600194","canonicalCountryKey":"BA","capacityMw":115.0,"country":"BA","externalIds":{"gemPlant":"L100000600194","gemUnit":"G100000604274"},"gemWikiUrl":"https://www.gem.wiki/Buk_Bijela_hydroelectric_plant","geographyId":"BA-54001226B66267900922909","id":"wattlas-plant-gemplant-l100000600194","lifecycleCounts":{"announced":1},"locationPrecision":"exact","name":"Buk Bijela hydroelectric plant","operatingCapacityCoverage":{"coveragePercent":0.0,"knownUnitCount":0,"method":"unavailable","totalUnitCount":0},"operatingCapacityMw":0.0,"operatingCapacityMwByTechnology":{},"plannedCapacityCoverage":{"coveragePercent":100.0,"knownUnitCount":1,"method":"complete_unit_sum","provenance":{"evidenceCount":0,"recordIds":["wattlas-record-gemunit-g100000604274"],"sourceIds":["gem-global-integrated-power-tracker"],"sourceTypes":["research_verified"],"valueKind":"reported"},"totalUnitCount":1},"plannedCapacityMw":115.0,"plannedCapacityMwByTechnology":{"hydro":115.0},"recordCount":1,"recordIds":["wattlas-record-gemunit-g100000604274"],"sourceIds":["gem-global-integrated-power-tracker"],"sourceUrl":"https://www.gem.wiki/Buk_Bijela_hydroelectric_plant","technologies":["hydro"],"technologyMixMw":{"hydro":115.0},"unitCount":1,"unitIds":["gem-unit-G100000604274"]},"type":"Feature"},{"geometry":{"coordinates":[17.8028,43.0134],"type":"Point"},"id":"wattlas-plant-gemplant-l100000600195","properties":{"aliases":["Čapljina hydroelectric plant"],"canonicalAnchor":"gemplant:L100000600195","canonicalCountryKey":"BA","capacityMw":440.0,"country":"BA","externalIds":{"gemPlant":"L100000600195","gemUnit":"G100000600195"},"gemWikiUrl":"https://www.gem.wiki/Čapljina_hydroelectric_plant","geographyId":"BA-54001226B17629474923252","id":"wattlas-plant-gemplant-l100000600195","lifecycleCounts":{"operational":1},"locationPrecision":"exact","name":"Čapljina hydroelectric plant","operatingCapacityCoverage":{"coveragePercent":100.0,"knownUnitCount":1,"method":"complete_unit_sum","provenance":{"evidenceCount":0,"recordIds":["wattlas-record-gemunit-g100000600195"],"sourceIds":["gem-global-integrated-power-tracker"],"sourceTypes":["research_verified"],"valueKind":"reported"},"totalUnitCount":1},"operatingCapacityMw":440.0,"operatingCapacityMwByTechnology":{"hydro":440.0},"plannedCapacityCoverage":{"coveragePercent":0.0,"knownUnitCount":0,"method":"unavailable","totalUnitCount":0},"plannedCapacityMw":0.0,"plannedCapacityMwByTechnology":{},"recordCount":1,"recordIds":["wattlas-record-gemunit-g100000600195"],"sourceIds":["gem-global-integrated-power-tracker"],"sourceUrl":"https://www.gem.wiki/Čapljina_hydroelectric_plant","technologies":["hydro"],"technologyMixMw":{"hydro":440.0},"unitCount":1,"unitIds":["gem-unit-G100000600195"]},"type":"Feature"},{"geometry":{"coordinates":[17.7193,43.5868],"type":"Point"},"id":"wattlas-plant-gemplant-l100000600198","properties":{"aliases":["Grabovica hydroelectric plant"],"canonicalAnchor":"gemplant:L100000600198","canonicalCountryKey":"BA","capacityMw":114.0,"country":"BA","externalIds":{"gemPlant":"L100000600198","gemUnit":"G100000600198"},"gemWikiUrl":"https://www.gem.wiki/Grabovica_hydroelectric_plant","geographyId":"BA-54001226B17629474923252","id":"wattlas-plant-gemplant-l100000600198","lifecycleCounts":{"operational":1},"locationPrecision":"exact","name":"Grabovica hydroelectric plant","operatingCapacityCoverage":{"coveragePercent":100.0,"knownUnitCount":1,"method":"complete_unit_sum","provenance":{"evidenceCount":0,"recordIds":["wattlas-record-gemunit-g100000600198"],"sourceIds":["gem-global-integrated-power-tracker"],"sourceTypes":["research_verified"],"valueKind":"reported"},"totalUnitCount":1},"operatingCapacityMw":114.0,"operatingCapacityMwByTechnology":{"hydro":114.0},"plannedCapacityCoverage":{"coveragePercent":0.0,"knownUnitCount":0,"method":"unavailable","totalUnitCount":0},"plannedCapacityMw":0.0,"plannedCapacityMwByTechnology":{},"recordCount":1,"recordIds":["wattlas-record-gemunit-g100000600198"],"sourceIds":["gem-global-integrated-power-tracker"],"sourceUrl":"https://www.gem.wiki/Grabovica_hydroelectric_plant","technologies":["hydro"],"technologyMixMw":{"hydro":114.0},"unitCount":1,"unitIds":["gem-unit-G100000600198"]},"type":"Feature"},{"geometry":{"coordinates":[17.7323,43.6924],"type":"Point"},"id":"wattlas-plant-gemplant-l100000600199","properties":{"aliases":["Jablanica hydroelectric plant"],"canonicalAnchor":"gemplant:L100000600199","canonicalCountryKey":"BA","capacityMw":180.0,"country":"BA","externalIds":{"gemPlant":"L100000600199","gemUnit":"G100000600199"},"gemWikiUrl":"https://www.gem.wiki/Jablanica_hydroelectric_plant","geographyId":"BA-54001226B17629474923252","id":"wattlas-plant-gemplant-l100000600199","lifecycleCounts":{"operational":1},"locationPrecision":"exact","name":"Jablanica hydroelectric plant","operatingCapacityCoverage":{"coveragePercent":100.0,"knownUnitCount":1,"method":"complete_unit_sum","provenance":{"evidenceCount":0,"recordIds":["wattlas-record-gemunit-g100000600199"],"sourceIds":["gem-global-integrated-power-tracker"],"sourceTypes":["research_verified"],"valueKind":"reported"},"totalUnitCount":1},"operatingCapacityMw":180.0,"operatingCapacityMwByTechnology":{"hydro":180.0},"plannedCapacityCoverage":{"coveragePercent":0.0,"knownUnitCount":0,"method":"unavailable","totalUnitCount":0},"plannedCapacityMw":0.0,"plannedCapacityMwByTechnology":{},"recordCount":1,"recordIds":["wattlas-record-gemunit-g100000600199"],"sourceIds":["gem-global-integrated-power-tracker"],"sourceUrl":"https://www.gem.wiki/Jablanica_hydroelectric_plant","technologies":["hydro"],"technologyMixMw":{"hydro":180.0},"unitCount":1,"unitIds":["gem-unit-G100000600199"]},"type":"Feature"},{"geometry":{"coordinates":[17.6759,43.7467],"type":"Point"},"id":"wattlas-plant-gemplant-l100000600200","properties":{"aliases":["Rama hydroelectric plant"],"canonicalAnchor":"gemplant:L100000600200","canonicalCountryKey":"BA","capacityMw":160.0,"country":"BA","externalIds":{"gemPlant":"L100000600200","gemUnit":"G100000600200"},"gemWikiUrl":"https://www.gem.wiki/Rama_hydroelectric_plant","geographyId":"BA-54001226B17629474923252","id":"wattlas-plant-gemplant-l100000600200","lifecycleCounts":{"operational":1},"locationPrecision":"exact","name":"Rama hydroelectric plant","operatingCapacityCoverage":{"coveragePercent":100.0,"knownUnitCount":1,"method":"complete_unit_sum","provenance":{"evidenceCount":0,"recordIds":["wattlas-record-gemunit-g100000600200"],"sourceIds":["gem-global-integrated-power-tracker"],"sourceTypes":["research_verified"],"valueKind":"reported"},"totalUnitCount":1},"operatingCapacityMw":160.0,"operatingCapacityMwByTechnology":{"hydro":160.0},"plannedCapacityCoverage":{"coveragePercent":0.0,"knownUnitCount":0,"method":"unavailable","totalUnitCount":0},"plannedCapacityMw":0.0,"plannedCapacityMwByTechnology":{},"recordCount":1,"recordIds":["wattlas-record-gemunit-g100000600200"],"sourceIds":["gem-global-integrated-power-tracker"],"sourceUrl":"https://www.gem.wiki/Rama_hydroelectric_plant","technologies":["hydro"],"technologyMixMw":{"hydro":160.0},"unitCount":1,"unitIds":["gem-unit-G100000600200"]},"type":"Feature"},{"geometry":{"coordinates":[17.8371,43.4482],"type":"Point"},"id":"wattlas-plant-gemplant-l100000600201","properties":{"aliases":["Salakovac hydroelectric plant"],"canonicalAnchor":"gemplant:L100000600201","canonicalCountryKey":"BA","capacityMw":210.0,"country":"BA","externalIds":{"gemPlant":"L100000600201","gemUnit":"G100000600201"},"gemWikiUrl":"https://www.gem.wiki/Salakovac_hydroelectric_plant","geographyId":"BA-54001226B17629474923252","id":"wattlas-plant-gemplant-l100000600201","lifecycleCounts":{"operational":1},"locationPrecision":"exact","name":"Salakovac hydroelectric plant","operatingCapacityCoverage":{"coveragePercent":100.0,"knownUnitCount":1,"method":"complete_unit_sum","provenance":{"evidenceCount":0,"recordIds":["wattlas-record-gemunit-g100000600201"],"sourceIds":["gem-global-integrated-power-tracker"],"sourceTypes":["research_verified"],"valueKind":"reported"},"totalUnitCount":1},"operatingCapacityMw":210.0,"operatingCapacityMwByTechnology":{"hydro":210.0},"plannedCapacityCoverage":{"coveragePercent":0.0,"knownUnitCount":0,"method":"unavailable","totalUnitCount":0},"plannedCapacityMw":0.0,"plannedCapacityMwByTechnology":{},"recordCount":1,"recordIds":["wattlas-record-gemunit-g100000600201"],"sourceIds":["gem-global-integrated-power-tracker"],"sourceUrl":"https://www.gem.wiki/Salakovac_hydroelectric_plant","technologies":["hydro"],"technologyMixMw":{"hydro":210.0},"unitCount":1,"unitIds":["gem-unit-G100000600201"]},"type":"Feature"},{"geometry":{"coordinates":[18.497,42.7337],"type":"Point"},"id":"wattlas-plant-gemplant-l100000600202","properties":{"aliases":["Trebinje I hydroelectric plant"],"canonicalAnchor":"gemplant:L100000600202","canonicalCountryKey":"BA","capacityMw":100.0,"country":"BA","externalIds":{"gemPlant":"L100000600202","gemUnit":"G100000600202"},"gemWikiUrl":"https://www.gem.wiki/Trebinje_I_hydroelectric_plant","geographyId":"BA-54001226B66267900922909","id":"wattlas-plant-gemplant-l100000600202","lifecycleCounts":{"operational":1},"locationPrecision":"exact","name":"Trebinje I hydroelectric plant","operatingCapacityCoverage":{"coveragePercent":100.0,"knownUnitCount":1,"method":"complete_unit_sum","provenance":{"evidenceCount":0,"recordIds":["wattlas-record-gemunit-g100000600202"],"sourceIds":["gem-global-integrated-power-tracker"],"sourceTypes":["research_verified"],"valueKind":"reported"},"totalUnitCount":1},"operatingCapacityMw":100.0,"operatingCapacityMwByTechnology":{"hydro":100.0},"plannedCapacityCoverage":{"coveragePercent":0.0,"knownUnitCount":0,"method":"unavailable","totalUnitCount":0},"plannedCapacityMw":0.0,"plannedCapacityMwByTechnology":{},"recordCount":1,"recordIds":["wattlas-record-gemunit-g100000600202"],"sourceIds":["gem-global-integrated-power-tracker"],"sourceUrl":"https://www.gem.wiki/Trebinje_I_hydroelectric_plant","technologies":["hydro"],"technologyMixMw":{"hydro":100.0},"unitCount":1,"unitIds":["gem-unit-G100000600202"]},"type":"Feature"},{"geometry":{"coordinates":[19.289,43.7614],"type":"Point"},"id":"wattlas-plant-gemplant-l100000600203","properties":{"aliases":["Višegrad hydroelectric plant"],"canonicalAnchor":"gemplant:L100000600203","canonicalCountryKey":"BA","capacityMw":315.0,"country":"BA","externalIds":{"gemPlant":"L100000600203","gemUnit":"G100000600203"},"gemWikiUrl":"https://www.gem.wiki/Višegrad_hydroelectric_plant","geographyId":"BA-54001226B66267900922909","id":"wattlas-plant-gemplant-l100000600203","lifecycleCounts":{"operational":1},"locationPrecision":"exact","name":"Višegrad hydroelectric plant","operatingCapacityCoverage":{"coveragePercent":100.0,"knownUnitCount":1,"method":"complete_unit_sum","provenance":{"evidenceCount":0,"recordIds":["wattlas-record-gemunit-g100000600203"],"sourceIds":["gem-global-integrated-power-tracker"],"sourceTypes":["research_verified"],"valueKind":"reported"},"totalUnitCount":1},"operatingCapacityMw":315.0,"operatingCapacityMwByTechnology":{"hydro":315.0},"plannedCapacityCoverage":{"coveragePercent":0.0,"knownUnitCount":0,"method":"unavailable","totalUnitCount":0},"plannedCapacityMw":0.0,"plannedCapacityMwByTechnology":{},"recordCount":1,"recordIds":["wattlas-record-gemunit-g100000600203"],"sourceIds":["gem-global-integrated-power-tracker"],"sourceUrl":"https://www.gem.wiki/Višegrad_hydroelectric_plant","technologies":["hydro"],"technologyMixMw":{"hydro":315.0},"unitCount":1,"unitIds":["gem-unit-G100000600203"]},"type":"Feature"},{"geometry":{"coordinates":[18.8424,43.2728],"type":"Point"},"id":"wattlas-plant-gemplant-l100000602495","properties":{"aliases":["Mratinje hydroelectric plant"],"canonicalAnchor":"gemplant:L100000602495","canonicalCountryKey":"BA","capacityMw":342.0,"country":"BA","externalIds":{"gemPlant":"L100000602495","gemUnit":"G100000602526"},"gemWikiUrl":"https://www.gem.wiki/Mratinje_hydroelectric_plant","geographyId":"BA-54001226B66267900922909","id":"wattlas-plant-gemplant-l100000602495","lifecycleCounts":{"operational":1},"locationPrecision":"exact","name":"Mratinje hydroelectric plant","operatingCapacityCoverage":{"coveragePercent":100.0,"knownUnitCount":1,"method":"complete_unit_sum","provenance":{"evidenceCount":0,"recordIds":["wattlas-record-gemunit-g100000602526"],"sourceIds":["gem-global-integrated-power-tracker"],"sourceTypes":["research_verified"],"valueKind":"reported"},"totalUnitCount":1},"operatingCapacityMw":342.0,"operatingCapacityMwByTechnology":{"hydro":342.0},"plannedCapacityCoverage":{"coveragePercent":0.0,"knownUnitCount":0,"method":"unavailable","totalUnitCount":0},"plannedCapacityMw":0.0,"plannedCapacityMwByTechnology":{},"recordCount":1,"recordIds":["wattlas-record-gemunit-g100000602526"],"sourceIds":["gem-global-integrated-power-tracker"],"sourceUrl":"https://www.gem.wiki/Mratinje_hydroelectric_plant","technologies":["hydro"],"technologyMixMw":{"hydro":342.0},"unitCount":1,"unitIds":["gem-unit-G100000602526"]},"type":"Feature"},{"geometry":{"coordinates":[19.1068,44.368],"type":"Point"},"id":"wattlas-plant-gemplant-l100000603303","properties":{"aliases":["Zvornik hydroelectric plant"],"canonicalAnchor":"gemplant:L100000603303","canonicalCountryKey":"BA","capacityMw":126.0,"country":"BA","externalIds":{"gemPlant":"L100000603303","gemUnit":"G100000603338"},"gemWikiUrl":"https://www.gem.wiki/Zvornik_hydroelectric_plant","geographyId":"BA-54001226B66267900922909","id":"wattlas-plant-gemplant-l100000603303","lifecycleCounts":{"operational":1},"locationPrecision":"exact","name":"Zvornik hydroelectric plant","operatingCapacityCoverage":{"coveragePercent":100.0,"knownUnitCount":1,"method":"complete_unit_sum","provenance":{"evidenceCount":0,"recordIds":["wattlas-record-gemunit-g100000603338"],"sourceIds":["gem-global-integrated-power-tracker"],"sourceTypes":["research_verified"],"valueKind":"reported"},"totalUnitCount":1},"operatingCapacityMw":126.0,"operatingCapacityMwByTechnology":{"hydro":126.0},"plannedCapacityCoverage":{"coveragePercent":0.0,"knownUnitCount":0,"method":"unavailable","totalUnitCount":0},"plannedCapacityMw":0.0,"plannedCapacityMwByTechnology":{},"recordCount":1,"recordIds":["wattlas-record-gemunit-g100000603338"],"sourceIds":["gem-global-integrated-power-tracker"],"sourceUrl":"https://www.gem.wiki/Zvornik_hydroelectric_plant","technologies":["hydro"],"technologyMixMw":{"hydro":126.0},"unitCount":1,"unitIds":["gem-unit-G100000603338"]},"type":"Feature"},{"geometry":{"coordinates":[18.8395,43.3459],"type":"Point"},"id":"wattlas-plant-gemplant-l100000604259","properties":{"aliases":["Kruševo hydroelectric plant"],"canonicalAnchor":"gemplant:L100000604259","canonicalCountryKey":"BA","capacityMw":120.0,"country":"BA","externalIds":{"gemPlant":"L100000604259","gemUnit":"G100000604524"},"gemWikiUrl":"https://www.gem.wiki/Kruševo_hydroelectric_plant","geographyId":"BA-54001226B66267900922909","id":"wattlas-plant-gemplant-l100000604259","lifecycleCounts":{"announced":1},"locationPrecision":"exact","name":"Kruševo hydroelectric plant","operatingCapacityCoverage":{"coveragePercent":0.0,"knownUnitCount":0,"method":"unavailable","totalUnitCount":0},"operatingCapacityMw":0.0,"operatingCapacityMwByTechnology":{},"plannedCapacityCoverage":{"coveragePercent":100.0,"knownUnitCount":1,"method":"complete_unit_sum","provenance":{"evidenceCount":0,"recordIds":["wattlas-record-gemunit-g100000604524"],"sourceIds":["gem-global-integrated-power-tracker"],"sourceTypes":["research_verified"],"valueKind":"reported"},"totalUnitCount":1},"plannedCapacityMw":120.0,"plannedCapacityMwByTechnology":{"hydro":120.0},"recordCount":1,"recordIds":["wattlas-record-gemunit-g100000604524"],"sourceIds":["gem-global-integrated-power-tracker"],"sourceUrl":"https://www.gem.wiki/Kruševo_hydroelectric_plant","technologies":["hydro"],"technologyMixMw":{"hydro":120.0},"unitCount":1,"unitIds":["gem-unit-G100000604524"]},"type":"Feature"},{"geometry":{"coordinates":[18.4219,42.7896],"type":"Point"},"id":"wattlas-plant-gemplant-l100000806233","properties":{"aliases":["--","Skrobotno solar farm"],"canonicalAnchor":"gemplant:L100000806233","canonicalCountryKey":"BA","capacityMw":60.0,"country":"BA","externalIds":{"gemPlant":"L100000806233","gemUnit":"G100000807165"},"gemWikiUrl":"https://www.gem.wiki/Bileća_solar_farm","geographyId":"BA-54001226B66267900922909","id":"wattlas-plant-gemplant-l100000806233","lifecycleCounts":{"operational":1},"locationPrecision":"exact","name":"Skrobotno solar farm","operatingCapacityCoverage":{"coveragePercent":100.0,"knownUnitCount":1,"method":"complete_unit_sum","provenance":{"evidenceCount":0,"recordIds":["wattlas-record-gemunit-g100000807165"],"sourceIds":["gem-global-integrated-power-tracker"],"sourceTypes":["research_verified"],"valueKind":"reported"},"totalUnitCount":1},"operatingCapacityMw":60.0,"operatingCapacityMwByTechnology":{"solar":60.0},"plannedCapacityCoverage":{"coveragePercent":0.0,"knownUnitCount":0,"method":"unavailable","totalUnitCount":0},"plannedCapacityMw":0.0,"plannedCapacityMwByTechnology":{},"recordCount":1,"recordIds":["wattlas-record-gemunit-g100000807165"],"sourceIds":["gem-global-integrated-power-tracker"],"sourceUrl":"https://www.gem.wiki/Bileća_solar_farm","technologies":["solar"],"technologyMixMw":{"solar":60.0},"unitCount":1,"unitIds":["gem-unit-G100000807165"]},"type":"Feature"},{"geometry":{"coordinates":[17.1159,43.4969],"type":"Point"},"id":"wattlas-plant-gemplant-l100000806296","properties":{"aliases":["--","Proložac solar farm"],"canonicalAnchor":"gemplant:L100000806296","canonicalCountryKey":"BA","capacityMw":0.0,"country":"BA","externalIds":{"gemPlant":"L100000806296","gemUnit":"G100000807231"},"gemWikiUrl":"https://www.gem.wiki/Proložac_solar_farm","geographyId":"BA-54001226B17629474923252","id":"wattlas-plant-gemplant-l100000806296","lifecycleCounts":{"paused":1},"locationPrecision":"exact","name":"Proložac solar farm","operatingCapacityCoverage":{"coveragePercent":0.0,"knownUnitCount":0,"method":"unavailable","totalUnitCount":0},"operatingCapacityMw":0.0,"operatingCapacityMwByTechnology":{},"plannedCapacityCoverage":{"coveragePercent":0.0,"knownUnitCount":0,"method":"unavailable","totalUnitCount":0},"plannedCapacityMw":0.0,"plannedCapacityMwByTechnology":{},"recordCount":1,"recordIds":["wattlas-record-gemunit-g100000807231"],"sourceIds":["gem-global-integrated-power-tracker"],"sourceUrl":"https://www.gem.wiki/Proložac_solar_farm","technologies":["solar"],"technologyMixMw":{"solar":0.0},"unitCount":1,"unitIds":["gem-unit-G100000807231"]},"type":"Feature"},{"geometry":{"coordinates":[17.3509,43.3389],"type":"Point"},"id":"wattlas-plant-gemplant-l100000815909","properties":{"aliases":["--","Petjnik solar farm"],"canonicalAnchor":"gemplant:L100000815909","canonicalCountryKey":"BA","capacityMw":45.0,"country":"BA","externalIds":{"gemPlant":"L100000815909","gemUnit":"G100000818814"},"gemWikiUrl":"https://www.gem.wiki/Petjnik_solar_farm","geographyId":"BA-54001226B17629474923252","id":"wattlas-plant-gemplant-l100000815909","lifecycleCounts":{"operational":1},"locationPrecision":"exact","name":"Petjnik solar farm","operatingCapacityCoverage":{"coveragePercent":100.0,"knownUnitCount":1,"method":"complete_unit_sum","provenance":{"evidenceCount":0,"recordIds":["wattlas-record-gemunit-g100000818814"],"sourceIds":["gem-global-integrated-power-tracker"],"sourceTypes":["research_verified"],"valueKind":"reported"},"totalUnitCount":1},"operatingCapacityMw":45.0,"operatingCapacityMwByTechnology":{"solar":45.0},"plannedCapacityCoverage":{"coveragePercent":0.0,"knownUnitCount":0,"method":"unavailable","totalUnitCount":0},"plannedCapacityMw":0.0,"plannedCapacityMwByTechnology":{},"recordCount":1,"recordIds":["wattlas-record-gemunit-g100000818814"],"sourceIds":["gem-global-integrated-power-tracker"],"sourceUrl":"https://www.gem.wiki/Petjnik_solar_farm","technologies":["solar"],"technologyMixMw":{"solar":45.0},"unitCount":1,"unitIds":["gem-unit-G100000818814"]},"type":"Feature"},{"geometry":{"coordinates":[17.8626,43.3436],"type":"Point"},"id":"wattlas-plant-gemplant-l100000912498-81654e7922","properties":{"aliases":["1.0","Podvelezje wind farm"],"canonicalAnchor":"gemplant:L100000912498","canonicalCountryKey":"BA","capacityMw":48.0,"country":"BA","externalIds":{"gemPlant":"L100000912498","gemUnit":"G100000918225"},"gemWikiUrl":"https://www.gem.wiki/Podvelezje_wind_farm","geographyId":"BA-54001226B17629474923252","id":"wattlas-plant-gemplant-l100000912498-81654e7922","idAliases":["wattlas-plant-gemplant-l100000912498"],"lifecycleCounts":{"operational":1},"locationPrecision":"exact","name":"Podvelezje wind farm","operatingCapacityCoverage":{"coveragePercent":100.0,"knownUnitCount":1,"method":"complete_unit_sum","provenance":{"evidenceCount":0,"recordIds":["wattlas-record-gemunit-g100000918225"],"sourceIds":["gem-global-integrated-power-tracker"],"sourceTypes":["research_verified"],"valueKind":"reported"},"totalUnitCount":1},"operatingCapacityMw":48.0,"operatingCapacityMwByTechnology":{"wind":48.0},"plannedCapacityCoverage":{"coveragePercent":0.0,"knownUnitCount":0,"method":"unavailable","totalUnitCount":0},"plannedCapacityMw":0.0,"plannedCapacityMwByTechnology":{},"recordCount":1,"recordIds":["wattlas-record-gemunit-g100000918225"],"sourceIds":["gem-global-integrated-power-tracker"],"sourceUrl":"https://www.gem.wiki/Podvelezje_wind_farm","technologies":["wind"],"technologyMixMw":{"wind":48.0},"unitCount":1,"unitIds":["gem-unit-G100000918225"]},"type":"Feature"},{"geometry":{"coordinates":[17.1452,43.7509],"type":"Point"},"id":"wattlas-plant-gemplant-l100000913891","properties":{"aliases":["--","Jelovaca wind farm"],"canonicalAnchor":"gemplant:L100000913891","canonicalCountryKey":"BA","capacityMw":36.0,"country":"BA","externalIds":{"gemPlant":"L100000913891","gemUnit":"G100000917247"},"gemWikiUrl":"https://www.gem.wiki/Jelovaca_wind_farm","geographyId":"BA-54001226B17629474923252","id":"wattlas-plant-gemplant-l100000913891","lifecycleCounts":{"operational":1},"locationPrecision":"exact","name":"Jelovaca wind farm","operatingCapacityCoverage":{"coveragePercent":100.0,"knownUnitCount":1,"method":"complete_unit_sum","provenance":{"evidenceCount":0,"recordIds":["wattlas-record-gemunit-g100000917247"],"sourceIds":["gem-global-integrated-power-tracker"],"sourceTypes":["research_verified"],"valueKind":"reported"},"totalUnitCount":1},"operatingCapacityMw":36.0,"operatingCapacityMwByTechnology":{"wind":36.0},"plannedCapacityCoverage":{"coveragePercent":0.0,"knownUnitCount":0,"method":"unavailable","totalUnitCount":0},"plannedCapacityMw":0.0,"plannedCapacityMwByTechnology":{},"recordCount":1,"recordIds":["wattlas-record-gemunit-g100000917247"],"sourceIds":["gem-global-integrated-power-tracker"],"sourceUrl":"https://www.gem.wiki/Jelovaca_wind_farm","technologies":["wind"],"technologyMixMw":{"wind":36.0},"unitCount":1,"unitIds":["gem-unit-G100000917247"]},"type":"Feature"},{"geometry":{"coordinates":[17.2328,43.6142],"type":"Point"},"id":"wattlas-plant-gemplant-l100000915104","properties":{"aliases":["--","Mesihovina wind farm"],"canonicalAnchor":"gemplant:L100000915104","canonicalCountryKey":"BA","capacityMw":51.0,"country":"BA","externalIds":{"gemPlant":"L100000915104","gemUnit":"G100000918702"},"gemWikiUrl":"https://www.gem.wiki/Mesihovina_wind_farm","geographyId":"BA-54001226B17629474923252","id":"wattlas-plant-gemplant-l100000915104","lifecycleCounts":{"operational":1},"locationPrecision":"exact","name":"Mesihovina wind farm","operatingCapacityCoverage":{"coveragePercent":100.0,"knownUnitCount":1,"method":"complete_unit_sum","provenance":{"evidenceCount":0,"recordIds":["wattlas-record-gemunit-g100000918702"],"sourceIds":["gem-global-integrated-power-tracker"],"sourceTypes":["research_verified"],"valueKind":"reported"},"totalUnitCount":1},"operatingCapacityMw":51.0,"operatingCapacityMwByTechnology":{"wind":51.0},"plannedCapacityCoverage":{"coveragePercent":0.0,"knownUnitCount":0,"method":"unavailable","totalUnitCount":0},"plannedCapacityMw":0.0,"plannedCapacityMwByTechnology":{},"recordCount":1,"recordIds":["wattlas-record-gemunit-g100000918702"],"sourceIds":["gem-global-integrated-power-tracker"],"sourceUrl":"https://www.gem.wiki/Mesihovina_wind_farm","technologies":["wind"],"technologyMixMw":{"wind":51.0},"unitCount":1,"unitIds":["gem-unit-G100000918702"]},"type":"Feature"},{"geometry":{"coordinates":[17.1302,43.7825],"type":"Point"},"id":"wattlas-plant-gemplant-l100000915565","properties":{"aliases":["--","Ivovik wind farm"],"canonicalAnchor":"gemplant:L100000915565","canonicalCountryKey":"BA","capacityMw":84.0,"country":"BA","externalIds":{"gemPlant":"L100000915565","gemUnit":"G100000919248"},"gemWikiUrl":"https://www.gem.wiki/Ivovik_wind_farm","geographyId":"BA-54001226B17629474923252","id":"wattlas-plant-gemplant-l100000915565","lifecycleCounts":{"operational":1},"locationPrecision":"exact","name":"Ivovik wind farm","operatingCapacityCoverage":{"coveragePercent":100.0,"knownUnitCount":1,"method":"complete_unit_sum","provenance":{"evidenceCount":0,"recordIds":["wattlas-record-gemunit-g100000919248"],"sourceIds":["gem-global-integrated-power-tracker"],"sourceTypes":["research_verified"],"valueKind":"reported"},"totalUnitCount":1},"operatingCapacityMw":84.0,"operatingCapacityMwByTechnology":{"wind":84.0},"plannedCapacityCoverage":{"coveragePercent":0.0,"knownUnitCount":0,"method":"unavailable","totalUnitCount":0},"plannedCapacityMw":0.0,"plannedCapacityMwByTechnology":{},"recordCount":1,"recordIds":["wattlas-record-gemunit-g100000919248"],"sourceIds":["gem-global-integrated-power-tracker"],"sourceUrl":"https://www.gem.wiki/Ivovik_wind_farm","technologies":["wind"],"technologyMixMw":{"wind":84.0},"unitCount":1,"unitIds":["gem-unit-G100000919248"]},"type":"Feature"},{"geometry":{"coordinates":[16.2878,44.2242],"type":"Point"},"id":"wattlas-plant-gemplant-l100000915587","properties":{"aliases":["--","Derale wind farm"],"canonicalAnchor":"gemplant:L100000915587","canonicalCountryKey":"BA","capacityMw":0.0,"country":"BA","externalIds":{"gemPlant":"L100000915587","gemUnit":"G100000919276"},"gemWikiUrl":"https://www.gem.wiki/Derale_wind_farm","geographyId":"BA-54001226B17629474923252","id":"wattlas-plant-gemplant-l100000915587","lifecycleCounts":{"cancelled":1},"locationPrecision":"exact","name":"Derale wind farm","operatingCapacityCoverage":{"coveragePercent":0.0,"knownUnitCount":0,"method":"unavailable","totalUnitCount":0},"operatingCapacityMw":0.0,"operatingCapacityMwByTechnology":{},"plannedCapacityCoverage":{"coveragePercent":0.0,"knownUnitCount":0,"method":"unavailable","totalUnitCount":0},"plannedCapacityMw":0.0,"plannedCapacityMwByTechnology":{},"recordCount":1,"recordIds":["wattlas-record-gemunit-g100000919276"],"sourceIds":["gem-global-integrated-power-tracker"],"sourceUrl":"https://www.gem.wiki/Derale_wind_farm","technologies":["wind"],"technologyMixMw":{"wind":0.0},"unitCount":1,"unitIds":["gem-unit-G100000919276"]},"type":"Feature"},{"geometry":{"coordinates":[17.7658,43.2053],"type":"Point"},"id":"wattlas-plant-gemplant-l100001005392","properties":{"aliases":["--","Local Community Kruševo City Of Mostar solar project"],"canonicalAnchor":"gemplant:L100001005392","canonicalCountryKey":"BA","capacityMw":4.7,"country":"BA","externalIds":{"gemPlant":"L100001005392","gemUnit":"G100001006429"},"gemWikiUrl":"https://www.gem.wiki/Local_Community_Kruševo_City_Of_Mostar_solar_project","geographyId":"BA-54001226B17629474923252","id":"wattlas-plant-gemplant-l100001005392","lifecycleCounts":{"operational":1},"locationPrecision":"exact","name":"Local Community Kruševo City Of Mostar solar project","operatingCapacityCoverage":{"coveragePercent":100.0,"knownUnitCount":1,"method":"complete_unit_sum","provenance":{"evidenceCount":0,"recordIds":["wattlas-record-gemunit-g100001006429"],"sourceIds":["gem-global-integrated-power-tracker"],"sourceTypes":["research_verified"],"valueKind":"reported"},"totalUnitCount":1},"operatingCapacityMw":4.7,"operatingCapacityMwByTechnology":{"solar":4.7},"plannedCapacityCoverage":{"coveragePercent":0.0,"knownUnitCount":0,"method":"unavailable","totalUnitCount":0},"plannedCapacityMw":0.0,"plannedCapacityMwByTechnology":{},"recordCount":1,"recordIds":["wattlas-record-gemunit-g100001006429"],"sourceIds":["gem-global-integrated-power-tracker"],"sourceUrl":"https://www.gem.wiki/Local_Community_Kruševo_City_Of_Mostar_solar_project","technologies":["solar"],"technologyMixMw":{"solar":4.7},"unitCount":1,"unitIds":["gem-unit-G100001006429"]},"type":"Feature"},{"geometry":{"coordinates":[17.6805,43.0768],"type":"Point"},"id":"wattlas-plant-gemplant-l100001005393","properties":{"aliases":["--","City Of Čapljina solar project I"],"canonicalAnchor":"gemplant:L100001005393","canonicalCountryKey":"BA","capacityMw":1.5,"country":"BA","externalIds":{"gemPlant":"L100001005393","gemUnit":"G100001006430"},"gemWikiUrl":"https://www.gem.wiki/City_Of_Čapljina_solar_project_I","geographyId":"BA-54001226B17629474923252","id":"wattlas-plant-gemplant-l100001005393","lifecycleCounts":{"operational":1},"locationPrecision":"exact","name":"City Of Čapljina solar project I","operatingCapacityCoverage":{"coveragePercent":100.0,"knownUnitCount":1,"method":"complete_unit_sum","provenance":{"evidenceCount":0,"recordIds":["wattlas-record-gemunit-g100001006430"],"sourceIds":["gem-global-integrated-power-tracker"],"sourceTypes":["research_verified"],"valueKind":"reported"},"totalUnitCount":1},"operatingCapacityMw":1.5,"operatingCapacityMwByTechnology":{"solar":1.5},"plannedCapacityCoverage":{"coveragePercent":0.0,"knownUnitCount":0,"method":"unavailable","totalUnitCount":0},"plannedCapacityMw":0.0,"plannedCapacityMwByTechnology":{},"recordCount":1,"recordIds":["wattlas-record-gemunit-g100001006430"],"sourceIds":["gem-global-integrated-power-tracker"],"sourceUrl":"https://www.gem.wiki/City_Of_Čapljina_solar_project_I","technologies":["solar"],"technologyMixMw":{"solar":1.5},"unitCount":1,"unitIds":["gem-unit-G100001006430"]},"type":"Feature"},{"geometry":{"coordinates":[18.3969,42.6385],"type":"Point"},"id":"wattlas-plant-gemplant-l100001005394","properties":{"aliases":["--","City Of Trebinje solar project"],"canonicalAnchor":"gemplant:L100001005394","canonicalCountryKey":"BA","capacityMw":4.4,"country":"BA","externalIds":{"gemPlant":"L100001005394","gemUnit":"G100001006431"},"gemWikiUrl":"https://www.gem.wiki/City_Of_Trebinje_solar_project","geographyId":"BA-54001226B66267900922909","id":"wattlas-plant-gemplant-l100001005394","lifecycleCounts":{"operational":1},"locationPrecision":"exact","name":"City Of Trebinje solar project","operatingCapacityCoverage":{"coveragePercent":100.0,"knownUnitCount":1,"method":"complete_unit_sum","provenance":{"evidenceCount":0,"recordIds":["wattlas-record-gemunit-g100001006431"],"sourceIds":["gem-global-integrated-power-tracker"],"sourceTypes":["research_verified"],"valueKind":"reported"},"totalUnitCount":1},"operatingCapacityMw":4.4,"operatingCapacityMwByTechnology":{"solar":4.4},"plannedCapacityCoverage":{"coveragePercent":0.0,"knownUnitCount":0,"method":"unavailable","totalUnitCount":0},"plannedCapacityMw":0.0,"plannedCapacityMwByTechnology":{},"recordCount":1,"recordIds":["wattlas-record-gemunit-g100001006431"],"sourceIds":["gem-global-integrated-power-tracker"],"sourceUrl":"https://www.gem.wiki/City_Of_Trebinje_solar_project","technologies":["solar"],"technologyMixMw":{"solar":4.4},"unitCount":1,"unitIds":["gem-unit-G100001006431"]},"type":"Feature"},{"geometry":{"coordinates":[16.2788,44.5694],"type":"Point"},"id":"wattlas-plant-gemplant-l100001005395","properties":{"aliases":["--","Federation Of Bosnia And Herzegovina solar project I"],"canonicalAnchor":"gemplant:L100001005395","canonicalCountryKey":"BA","capacityMw":4.6,"country":"BA","externalIds":{"gemPlant":"L100001005395","gemUnit":"G100001006432"},"gemWikiUrl":"https://www.gem.wiki/Federation_Of_Bosnia_And_Herzegovina_solar_project_I","geographyId":"BA-54001226B17629474923252","id":"wattlas-plant-gemplant-l100001005395","lifecycleCounts":{"operational":1},"locationPrecision":"exact","name":"Federation Of Bosnia And Herzegovina solar project I","operatingCapacityCoverage":{"coveragePercent":100.0,"knownUnitCount":1,"method":"complete_unit_sum","provenance":{"evidenceCount":0,"recordIds":["wattlas-record-gemunit-g100001006432"],"sourceIds":["gem-global-integrated-power-tracker"],"sourceTypes":["research_verified"],"valueKind":"reported"},"totalUnitCount":1},"operatingCapacityMw":4.6,"operatingCapacityMwByTechnology":{"solar":4.6},"plannedCapacityCoverage":{"coveragePercent":0.0,"knownUnitCount":0,"method":"unavailable","totalUnitCount":0},"plannedCapacityMw":0.0,"plannedCapacityMwByTechnology":{},"recordCount":1,"recordIds":["wattlas-record-gemunit-g100001006432"],"sourceIds":["gem-global-integrated-power-tracker"],"sourceUrl":"https://www.gem.wiki/Federation_Of_Bosnia_And_Herzegovina_solar_project_I","technologies":["solar"],"technologyMixMw":{"solar":4.6},"unitCount":1,"unitIds":["gem-unit-G100001006432"]},"type":"Feature"},{"geometry":{"coordinates":[17.5825,43.1412],"type":"Point"},"id":"wattlas-plant-gemplant-l100001005396","properties":{"aliases":["--","Grad Ljubuški solar project I"],"canonicalAnchor":"gemplant:L100001005396","canonicalCountryKey":"BA","capacityMw":7.6,"country":"BA","externalIds":{"gemPlant":"L100001005396","gemUnit":"G100001006433"},"gemWikiUrl":"https://www.gem.wiki/Grad_Ljubuški_solar_project_I","geographyId":"BA-54001226B17629474923252","id":"wattlas-plant-gemplant-l100001005396","lifecycleCounts":{"operational":1},"locationPrecision":"exact","name":"Grad Ljubuški solar project I","operatingCapacityCoverage":{"coveragePercent":100.0,"knownUnitCount":1,"method":"complete_unit_sum","provenance":{"evidenceCount":0,"recordIds":["wattlas-record-gemunit-g100001006433"],"sourceIds":["gem-global-integrated-power-tracker"],"sourceTypes":["research_verified"],"valueKind":"reported"},"totalUnitCount":1},"operatingCapacityMw":7.6,"operatingCapacityMwByTechnology":{"solar":7.6},"plannedCapacityCoverage":{"coveragePercent":0.0,"knownUnitCount":0,"method":"unavailable","totalUnitCount":0},"plannedCapacityMw":0.0,"plannedCapacityMwByTechnology":{},"recordCount":1,"recordIds":["wattlas-record-gemunit-g100001006433"],"sourceIds":["gem-global-integrated-power-tracker"],"sourceUrl":"https://www.gem.wiki/Grad_Ljubuški_solar_project_I","technologies":["solar"],"technologyMixMw":{"solar":7.6},"unitCount":1,"unitIds":["gem-unit-G100001006433"]},"type":"Feature"},{"geometry":{"coordinates":[16.6999,44.7669],"type":"Point"},"id":"wattlas-plant-gemplant-l100001005397","properties":{"aliases":["--","Federation Of Bosnia And Herzegovina solar project II"],"canonicalAnchor":"gemplant:L100001005397","canonicalCountryKey":"BA","capacityMw":2.3,"country":"BA","externalIds":{"gemPlant":"L100001005397","gemUnit":"G100001006434"},"gemWikiUrl":"https://www.gem.wiki/Federation_Of_Bosnia_And_Herzegovina_solar_project_II","geographyId":"BA-54001226B17629474923252","id":"wattlas-plant-gemplant-l100001005397","lifecycleCounts":{"operational":1},"locationPrecision":"exact","name":"Federation Of Bosnia And Herzegovina solar project II","operatingCapacityCoverage":{"coveragePercent":100.0,"knownUnitCount":1,"method":"complete_unit_sum","provenance":{"evidenceCount":0,"recordIds":["wattlas-record-gemunit-g100001006434"],"sourceIds":["gem-global-integrated-power-tracker"],"sourceTypes":["research_verified"],"valueKind":"reported"},"totalUnitCount":1},"operatingCapacityMw":2.3,"operatingCapacityMwByTechnology":{"solar":2.3},"plannedCapacityCoverage":{"coveragePercent":0.0,"knownUnitCount":0,"method":"unavailable","totalUnitCount":0},"plannedCapacityMw":0.0,"plannedCapacityMwByTechnology":{},"recordCount":1,"recordIds":["wattlas-record-gemunit-g100001006434"],"sourceIds":["gem-global-integrated-power-tracker"],"sourceUrl":"https://www.gem.wiki/Federation_Of_Bosnia_And_Herzegovina_solar_project_II","technologies":["solar"],"technologyMixMw":{"solar":2.3},"unitCount":1,"unitIds":["gem-unit-G100001006434"]},"type":"Feature"},{"geometry":{"coordinates":[17.4459,43.3279],"type":"Point"},"id":"wattlas-plant-gemplant-l100001005398","properties":{"aliases":["--","Grad Ljubuški solar project II"],"canonicalAnchor":"gemplant:L100001005398","canonicalCountryKey":"BA","capacityMw":5.7,"country":"BA","externalIds":{"gemPlant":"L100001005398","gemUnit":"G100001006435"},"gemWikiUrl":"https://www.gem.wiki/Grad_Ljubuški_solar_project_II","geographyId":"BA-54001226B17629474923252","id":"wattlas-plant-gemplant-l100001005398","lifecycleCounts":{"operational":1},"locationPrecision":"exact","name":"Grad Ljubuški solar project II","operatingCapacityCoverage":{"coveragePercent":100.0,"knownUnitCount":1,"method":"complete_unit_sum","provenance":{"evidenceCount":0,"recordIds":["wattlas-record-gemunit-g100001006435"],"sourceIds":["gem-global-integrated-power-tracker"],"sourceTypes":["research_verified"],"valueKind":"reported"},"totalUnitCount":1},"operatingCapacityMw":5.7,"operatingCapacityMwByTechnology":{"solar":5.7},"plannedCapacityCoverage":{"coveragePercent":0.0,"knownUnitCount":0,"method":"unavailable","totalUnitCount":0},"plannedCapacityMw":0.0,"plannedCapacityMwByTechnology":{},"recordCount":1,"recordIds":["wattlas-record-gemunit-g100001006435"],"sourceIds":["gem-global-integrated-power-tracker"],"sourceUrl":"https://www.gem.wiki/Grad_Ljubuški_solar_project_II","technologies":["solar"],"technologyMixMw":{"solar":5.7},"unitCount":1,"unitIds":["gem-unit-G100001006435"]},"type":"Feature"},{"geometry":{"coordinates":[17.3262,43.3788],"type":"Point"},"id":"wattlas-plant-gemplant-l100001005399","properties":{"aliases":["--","Federation Of Bosnia And Herzegovina solar project III"],"canonicalAnchor":"gemplant:L100001005399","canonicalCountryKey":"BA","capacityMw":5.1,"country":"BA","externalIds":{"gemPlant":"L100001005399","gemUnit":"G100001006436"},"gemWikiUrl":"https://www.gem.wiki/Federation_Of_Bosnia_And_Herzegovina_solar_project_III","geographyId":"BA-54001226B17629474923252","id":"wattlas-plant-gemplant-l100001005399","lifecycleCounts":{"operational":1},"locationPrecision":"exact","name":"Federation Of Bosnia And Herzegovina solar project III","operatingCapacityCoverage":{"coveragePercent":100.0,"knownUnitCount":1,"method":"complete_unit_sum","provenance":{"evidenceCount":0,"recordIds":["wattlas-record-gemunit-g100001006436"],"sourceIds":["gem-global-integrated-power-tracker"],"sourceTypes":["research_verified"],"valueKind":"reported"},"totalUnitCount":1},"operatingCapacityMw":5.1,"operatingCapacityMwByTechnology":{"solar":5.1},"plannedCapacityCoverage":{"coveragePercent":0.0,"knownUnitCount":0,"method":"unavailable","totalUnitCount":0},"plannedCapacityMw":0.0,"plannedCapacityMwByTechnology":{},"recordCount":1,"recordIds":["wattlas-record-gemunit-g100001006436"],"sourceIds":["gem-global-integrated-power-tracker"],"sourceUrl":"https://www.gem.wiki/Federation_Of_Bosnia_And_Herzegovina_solar_project_III","technologies":["solar"],"technologyMixMw":{"solar":5.1},"unitCount":1,"unitIds":["gem-unit-G100001006436"]},"type":"Feature"},{"geometry":{"coordinates":[18.2236,43.2583],"type":"Point"},"id":"wattlas-plant-gemplant-l100001005400","properties":{"aliases":["--","Republika Srpska solar project I"],"canonicalAnchor":"gemplant:L100001005400","canonicalCountryKey":"BA","capacityMw":3.5,"country":"BA","externalIds":{"gemPlant":"L100001005400","gemUnit":"G100001006437"},"gemWikiUrl":"https://www.gem.wiki/Republika_Srpska_solar_project_I","geographyId":"BA-54001226B66267900922909","id":"wattlas-plant-gemplant-l100001005400","lifecycleCounts":{"operational":1},"locationPrecision":"exact","name":"Republika Srpska solar project I","operatingCapacityCoverage":{"coveragePercent":100.0,"knownUnitCount":1,"method":"complete_unit_sum","provenance":{"evidenceCount":0,"recordIds":["wattlas-record-gemunit-g100001006437"],"sourceIds":["gem-global-integrated-power-tracker"],"sourceTypes":["research_verified"],"valueKind":"reported"},"totalUnitCount":1},"operatingCapacityMw":3.5,"operatingCapacityMwByTechnology":{"solar":3.5},"plannedCapacityCoverage":{"coveragePercent":0.0,"knownUnitCount":0,"method":"unavailable","totalUnitCount":0},"plannedCapacityMw":0.0,"plannedCapacityMwByTechnology":{},"recordCount":1,"recordIds":["wattlas-record-gemunit-g100001006437"],"sourceIds":["gem-global-integrated-power-tracker"],"sourceUrl":"https://www.gem.wiki/Republika_Srpska_solar_project_I","technologies":["solar"],"technologyMixMw":{"solar":3.5},"unitCount":1,"unitIds":["gem-unit-G100001006437"]},"type":"Feature"},{"geometry":{"coordinates":[18.1572,43.0919],"type":"Point"},"id":"wattlas-plant-gemplant-l100001005401","properties":{"aliases":["--","Republika Srpska solar project II"],"canonicalAnchor":"gemplant:L100001005401","canonicalCountryKey":"BA","capacityMw":3.7,"country":"BA","externalIds":{"gemPlant":"L100001005401","gemUnit":"G100001006438"},"gemWikiUrl":"https://www.gem.wiki/Republika_Srpska_solar_project_II","geographyId":"BA-54001226B66267900922909","id":"wattlas-plant-gemplant-l100001005401","lifecycleCounts":{"operational":1},"locationPrecision":"exact","name":"Republika Srpska solar project II","operatingCapacityCoverage":{"coveragePercent":100.0,"knownUnitCount":1,"method":"complete_unit_sum","provenance":{"evidenceCount":0,"recordIds":["wattlas-record-gemunit-g100001006438"],"sourceIds":["gem-global-integrated-power-tracker"],"sourceTypes":["research_verified"],"valueKind":"reported"},"totalUnitCount":1},"operatingCapacityMw":3.7,"operatingCapacityMwByTechnology":{"solar":3.7},"plannedCapacityCoverage":{"coveragePercent":0.0,"knownUnitCount":0,"method":"unavailable","totalUnitCount":0},"plannedCapacityMw":0.0,"plannedCapacityMwByTechnology":{},"recordCount":1,"recordIds":["wattlas-record-gemunit-g100001006438"],"sourceIds":["gem-global-integrated-power-tracker"],"sourceUrl":"https://www.gem.wiki/Republika_Srpska_solar_project_II","technologies":["solar"],"technologyMixMw":{"solar":3.7},"unitCount":1,"unitIds":["gem-unit-G100001006438"]},"type":"Feature"},{"geometry":{"coordinates":[18.2003,43.2189],"type":"Point"},"id":"wattlas-plant-gemplant-l100001005402","properties":{"aliases":["--","Republika Srpska solar project III"],"canonicalAnchor":"gemplant:L100001005402","canonicalCountryKey":"BA","capacityMw":4.4,"country":"BA","externalIds":{"gemPlant":"L100001005402","gemUnit":"G100001006439"},"gemWikiUrl":"https://www.gem.wiki/Republika_Srpska_solar_project_III","geographyId":"BA-54001226B66267900922909","id":"wattlas-plant-gemplant-l100001005402","lifecycleCounts":{"operational":1},"locationPrecision":"exact","name":"Republika Srpska solar project III","operatingCapacityCoverage":{"coveragePercent":100.0,"knownUnitCount":1,"method":"complete_unit_sum","provenance":{"evidenceCount":0,"recordIds":["wattlas-record-gemunit-g100001006439"],"sourceIds":["gem-global-integrated-power-tracker"],"sourceTypes":["research_verified"],"valueKind":"reported"},"totalUnitCount":1},"operatingCapacityMw":4.4,"operatingCapacityMwByTechnology":{"solar":4.4},"plannedCapacityCoverage":{"coveragePercent":0.0,"knownUnitCount":0,"method":"unavailable","totalUnitCount":0},"plannedCapacityMw":0.0,"plannedCapacityMwByTechnology":{},"recordCount":1,"recordIds":["wattlas-record-gemunit-g100001006439"],"sourceIds":["gem-global-integrated-power-tracker"],"sourceUrl":"https://www.gem.wiki/Republika_Srpska_solar_project_III","technologies":["solar"],"technologyMixMw":{"solar":4.4},"unitCount":1,"unitIds":["gem-unit-G100001006439"]},"type":"Feature"},{"geometry":{"coordinates":[17.6446,43.1755],"type":"Point"},"id":"wattlas-plant-gemplant-l100001005404","properties":{"aliases":["--","City Of Čapljina solar project II"],"canonicalAnchor":"gemplant:L100001005404","canonicalCountryKey":"BA","capacityMw":9.0,"country":"BA","externalIds":{"gemPlant":"L100001005404","gemUnit":"G100001006441"},"gemWikiUrl":"https://www.gem.wiki/City_Of_Čapljina_solar_project_II","geographyId":"BA-54001226B17629474923252","id":"wattlas-plant-gemplant-l100001005404","lifecycleCounts":{"operational":1},"locationPrecision":"exact","name":"City Of Čapljina solar project II","operatingCapacityCoverage":{"coveragePercent":100.0,"knownUnitCount":1,"method":"complete_unit_sum","provenance":{"evidenceCount":0,"recordIds":["wattlas-record-gemunit-g100001006441"],"sourceIds":["gem-global-integrated-power-tracker"],"sourceTypes":["research_verified"],"valueKind":"reported"},"totalUnitCount":1},"operatingCapacityMw":9.0,"operatingCapacityMwByTechnology":{"solar":9.0},"plannedCapacityCoverage":{"coveragePercent":0.0,"knownUnitCount":0,"method":"unavailable","totalUnitCount":0},"plannedCapacityMw":0.0,"plannedCapacityMwByTechnology":{},"recordCount":1,"recordIds":["wattlas-record-gemunit-g100001006441"],"sourceIds":["gem-global-integrated-power-tracker"],"sourceUrl":"https://www.gem.wiki/City_Of_Čapljina_solar_project_II","technologies":["solar"],"technologyMixMw":{"solar":9.0},"unitCount":1,"unitIds":["gem-unit-G100001006441"]},"type":"Feature"},{"geometry":{"coordinates":[17.8243,43.2941],"type":"Point"},"id":"wattlas-plant-gemplant-l100001005406","properties":{"aliases":["--","Local Community Rodoč I City Of Mostar solar project"],"canonicalAnchor":"gemplant:L100001005406","canonicalCountryKey":"BA","capacityMw":6.8,"country":"BA","externalIds":{"gemPlant":"L100001005406","gemUnit":"G100001006443"},"gemWikiUrl":"https://www.gem.wiki/Local_Community_Rodoč_I_City_Of_Mostar_solar_project","geographyId":"BA-54001226B17629474923252","id":"wattlas-plant-gemplant-l100001005406","lifecycleCounts":{"operational":1},"locationPrecision":"exact","name":"Local Community Rodoč I City Of Mostar solar project","operatingCapacityCoverage":{"coveragePercent":100.0,"knownUnitCount":1,"method":"complete_unit_sum","provenance":{"evidenceCount":0,"recordIds":["wattlas-record-gemunit-g100001006443"],"sourceIds":["gem-global-integrated-power-tracker"],"sourceTypes":["research_verified"],"valueKind":"reported"},"totalUnitCount":1},"operatingCapacityMw":6.8,"operatingCapacityMwByTechnology":{"solar":6.8},"plannedCapacityCoverage":{"coveragePercent":0.0,"knownUnitCount":0,"method":"unavailable","totalUnitCount":0},"plannedCapacityMw":0.0,"plannedCapacityMwByTechnology":{},"recordCount":1,"recordIds":["wattlas-record-gemunit-g100001006443"],"sourceIds":["gem-global-integrated-power-tracker"],"sourceUrl":"https://www.gem.wiki/Local_Community_Rodoč_I_City_Of_Mostar_solar_project","technologies":["solar"],"technologyMixMw":{"solar":6.8},"unitCount":1,"unitIds":["gem-unit-G100001006443"]},"type":"Feature"},{"geometry":{"coordinates":[17.498,45.0598],"type":"Point"},"id":"wattlas-plant-gemplant-l100001005407","properties":{"aliases":["--","Republika Srpska solar project IV"],"canonicalAnchor":"gemplant:L100001005407","canonicalCountryKey":"BA","capacityMw":3.8,"country":"BA","externalIds":{"gemPlant":"L100001005407","gemUnit":"G100001006444"},"gemWikiUrl":"https://www.gem.wiki/Republika_Srpska_solar_project_IV","geographyId":"BA-54001226B66267900922909","id":"wattlas-plant-gemplant-l100001005407","lifecycleCounts":{"operational":1},"locationPrecision":"exact","name":"Republika Srpska solar project IV","operatingCapacityCoverage":{"coveragePercent":100.0,"knownUnitCount":1,"method":"complete_unit_sum","provenance":{"evidenceCount":0,"recordIds":["wattlas-record-gemunit-g100001006444"],"sourceIds":["gem-global-integrated-power-tracker"],"sourceTypes":["research_verified"],"valueKind":"reported"},"totalUnitCount":1},"operatingCapacityMw":3.8,"operatingCapacityMwByTechnology":{"solar":3.8},"plannedCapacityCoverage":{"coveragePercent":0.0,"knownUnitCount":0,"method":"unavailable","totalUnitCount":0},"plannedCapacityMw":0.0,"plannedCapacityMwByTechnology":{},"recordCount":1,"recordIds":["wattlas-record-gemunit-g100001006444"],"sourceIds":["gem-global-integrated-power-tracker"],"sourceUrl":"https://www.gem.wiki/Republika_Srpska_solar_project_IV","technologies":["solar"],"technologyMixMw":{"solar":3.8},"unitCount":1,"unitIds":["gem-unit-G100001006444"]},"type":"Feature"},{"geometry":{"coordinates":[17.2816,44.3774],"type":"Point"},"id":"wattlas-plant-gemplant-l100001022875","properties":{"aliases":["Jajce I hydroelectric plant"],"canonicalAnchor":"gemplant:L100001022875","canonicalCountryKey":"BA","capacityMw":48.0,"country":"BA","externalIds":{"gemPlant":"L100001022875","gemUnit":"G100001027080"},"gemWikiUrl":"https://www.gem.wiki/Jajce_I_hydroelectric_plant","geographyId":"BA-54001226B17629474923252","id":"wattlas-plant-gemplant-l100001022875","lifecycleCounts":{"operational":1},"locationPrecision":"exact","name":"Jajce I hydroelectric plant","operatingCapacityCoverage":{"coveragePercent":100.0,"knownUnitCount":1,"method":"complete_unit_sum","provenance":{"evidenceCount":0,"recordIds":["wattlas-record-gemunit-g100001027080"],"sourceIds":["gem-global-integrated-power-tracker"],"sourceTypes":["research_verified"],"valueKind":"reported"},"totalUnitCount":1},"operatingCapacityMw":48.0,"operatingCapacityMwByTechnology":{"hydro":48.0},"plannedCapacityCoverage":{"coveragePercent":0.0,"knownUnitCount":0,"method":"unavailable","totalUnitCount":0},"plannedCapacityMw":0.0,"plannedCapacityMwByTechnology":{},"recordCount":1,"recordIds":["wattlas-record-gemunit-g100001027080"],"sourceIds":["gem-global-integrated-power-tracker"],"sourceUrl":"https://www.gem.wiki/Jajce_I_hydroelectric_plant","technologies":["hydro"],"technologyMixMw":{"hydro":48.0},"unitCount":1,"unitIds":["gem-unit-G100001027080"]},"type":"Feature"},{"geometry":{"coordinates":[17.794,43.2989],"type":"Point"},"id":"wattlas-plant-gemplant-l100001022877","properties":{"aliases":["Mostarsko Blato hydroelectric plant"],"canonicalAnchor":"gemplant:L100001022877","canonicalCountryKey":"BA","capacityMw":60.0,"country":"BA","externalIds":{"gemPlant":"L100001022877","gemUnit":"G100001027082"},"gemWikiUrl":"https://www.gem.wiki/Mostarsko_Blato_hydroelectric_plant","geographyId":"BA-54001226B17629474923252","id":"wattlas-plant-gemplant-l100001022877","lifecycleCounts":{"operational":1},"locationPrecision":"exact","name":"Mostarsko Blato hydroelectric plant","operatingCapacityCoverage":{"coveragePercent":100.0,"knownUnitCount":1,"method":"complete_unit_sum","provenance":{"evidenceCount":0,"recordIds":["wattlas-record-gemunit-g100001027082"],"sourceIds":["gem-global-integrated-power-tracker"],"sourceTypes":["research_verified"],"valueKind":"reported"},"totalUnitCount":1},"operatingCapacityMw":60.0,"operatingCapacityMwByTechnology":{"hydro":60.0},"plannedCapacityCoverage":{"coveragePercent":0.0,"knownUnitCount":0,"method":"unavailable","totalUnitCount":0},"plannedCapacityMw":0.0,"plannedCapacityMwByTechnology":{},"recordCount":1,"recordIds":["wattlas-record-gemunit-g100001027082"],"sourceIds":["gem-global-integrated-power-tracker"],"sourceUrl":"https://www.gem.wiki/Mostarsko_Blato_hydroelectric_plant","technologies":["hydro"],"technologyMixMw":{"hydro":60.0},"unitCount":1,"unitIds":["gem-unit-G100001027082"]},"type":"Feature"},{"geometry":{"coordinates":[18.1458,43.2244],"type":"Point"},"id":"wattlas-plant-gemplant-l100001025644","properties":{"aliases":["Nevesinje hydroelectric plant"],"canonicalAnchor":"gemplant:L100001025644","canonicalCountryKey":"BA","capacityMw":0.0,"country":"BA","externalIds":{"gemPlant":"L100001025644","gemUnit":"G100001030429"},"gemWikiUrl":"https://www.gem.wiki/Nevesinje_hydroelectric_plant","geographyId":"BA-54001226B66267900922909","id":"wattlas-plant-gemplant-l100001025644","lifecycleCounts":{"paused":1},"locationPrecision":"exact","name":"Nevesinje hydroelectric plant","operatingCapacityCoverage":{"coveragePercent":0.0,"knownUnitCount":0,"method":"unavailable","totalUnitCount":0},"operatingCapacityMw":0.0,"operatingCapacityMwByTechnology":{},"plannedCapacityCoverage":{"coveragePercent":0.0,"knownUnitCount":0,"method":"unavailable","totalUnitCount":0},"plannedCapacityMw":0.0,"plannedCapacityMwByTechnology":{},"recordCount":1,"recordIds":["wattlas-record-gemunit-g100001030429"],"sourceIds":["gem-global-integrated-power-tracker"],"sourceUrl":"https://www.gem.wiki/Nevesinje_hydroelectric_plant","technologies":["hydro"],"technologyMixMw":{"hydro":0.0},"unitCount":1,"unitIds":["gem-unit-G100001030429"]},"type":"Feature"},{"geometry":{"coordinates":[17.8451,43.3776],"type":"Point"},"id":"wattlas-plant-gemplant-l100001025917","properties":{"aliases":["Mostar hydroelectric plant"],"canonicalAnchor":"gemplant:L100001025917","canonicalCountryKey":"BA","capacityMw":72.0,"country":"BA","externalIds":{"gemPlant":"L100001025917","gemUnit":"G100001031064"},"gemWikiUrl":"https://www.gem.wiki/Mostar_hydroelectric_plant","geographyId":"BA-54001226B17629474923252","id":"wattlas-plant-gemplant-l100001025917","lifecycleCounts":{"operational":1},"locationPrecision":"exact","name":"Mostar hydroelectric plant","operatingCapacityCoverage":{"coveragePercent":100.0,"knownUnitCount":1,"method":"complete_unit_sum","provenance":{"evidenceCount":0,"recordIds":["wattlas-record-gemunit-g100001031064"],"sourceIds":["gem-global-integrated-power-tracker"],"sourceTypes":["research_verified"],"valueKind":"reported"},"totalUnitCount":1},"operatingCapacityMw":72.0,"operatingCapacityMwByTechnology":{"hydro":72.0},"plannedCapacityCoverage":{"coveragePercent":0.0,"knownUnitCount":0,"method":"unavailable","totalUnitCount":0},"plannedCapacityMw":0.0,"plannedCapacityMwByTechnology":{},"recordCount":1,"recordIds":["wattlas-record-gemunit-g100001031064"],"sourceIds":["gem-global-integrated-power-tracker"],"sourceUrl":"https://www.gem.wiki/Mostar_hydroelectric_plant","technologies":["hydro"],"technologyMixMw":{"hydro":72.0},"unitCount":1,"unitIds":["gem-unit-G100001031064"]},"type":"Feature"},{"geometry":{"coordinates":[17.8737,43.1486],"type":"Point"},"id":"wattlas-plant-gemplant-l100001049948","properties":{"aliases":["--","Stolac Solarni solar farm"],"canonicalAnchor":"gemplant:L100001049948","canonicalCountryKey":"BA","capacityMw":64.0,"country":"BA","externalIds":{"gemPlant":"L100001049948","gemUnit":"G100001057607"},"gemWikiUrl":"https://www.gem.wiki/Stolac_Solarni_solar_farm","geographyId":"BA-54001226B17629474923252","id":"wattlas-plant-gemplant-l100001049948","lifecycleCounts":{"operational":1},"locationPrecision":"exact","name":"Stolac Solarni solar farm","operatingCapacityCoverage":{"coveragePercent":100.0,"knownUnitCount":1,"method":"complete_unit_sum","provenance":{"evidenceCount":0,"recordIds":["wattlas-record-gemunit-g100001057607"],"sourceIds":["gem-global-integrated-power-tracker"],"sourceTypes":["research_verified"],"valueKind":"reported"},"totalUnitCount":1},"operatingCapacityMw":64.0,"operatingCapacityMwByTechnology":{"solar":64.0},"plannedCapacityCoverage":{"coveragePercent":0.0,"knownUnitCount":0,"method":"unavailable","totalUnitCount":0},"plannedCapacityMw":0.0,"plannedCapacityMwByTechnology":{},"recordCount":1,"recordIds":["wattlas-record-gemunit-g100001057607"],"sourceIds":["gem-global-integrated-power-tracker"],"sourceUrl":"https://www.gem.wiki/Stolac_Solarni_solar_farm","technologies":["solar"],"technologyMixMw":{"solar":64.0},"unitCount":1,"unitIds":["gem-unit-G100001057607"]},"type":"Feature"},{"geometry":{"coordinates":[17.9009,43.1282],"type":"Point"},"id":"wattlas-plant-gemplant-l100001049953","properties":{"aliases":["--","Hodovo solar farm"],"canonicalAnchor":"gemplant:L100001049953","canonicalCountryKey":"BA","capacityMw":92.5,"country":"BA","externalIds":{"gemPlant":"L100001049953","gemUnit":"G100001057611"},"gemWikiUrl":"https://www.gem.wiki/Hodovo_solar_farm","geographyId":"BA-54001226B17629474923252","id":"wattlas-plant-gemplant-l100001049953","lifecycleCounts":{"operational":1},"locationPrecision":"exact","name":"Hodovo solar farm","operatingCapacityCoverage":{"coveragePercent":100.0,"knownUnitCount":1,"method":"complete_unit_sum","provenance":{"evidenceCount":0,"recordIds":["wattlas-record-gemunit-g100001057611"],"sourceIds":["gem-global-integrated-power-tracker"],"sourceTypes":["research_verified"],"valueKind":"reported"},"totalUnitCount":1},"operatingCapacityMw":92.5,"operatingCapacityMwByTechnology":{"solar":92.5},"plannedCapacityCoverage":{"coveragePercent":0.0,"knownUnitCount":0,"method":"unavailable","totalUnitCount":0},"plannedCapacityMw":0.0,"plannedCapacityMwByTechnology":{},"recordCount":1,"recordIds":["wattlas-record-gemunit-g100001057611"],"sourceIds":["gem-global-integrated-power-tracker"],"sourceUrl":"https://www.gem.wiki/Hodovo_solar_farm","technologies":["solar"],"technologyMixMw":{"solar":92.5},"unitCount":1,"unitIds":["gem-unit-G100001057611"]},"type":"Feature"},{"geometry":{"coordinates":[17.3416,44.9813],"type":"Point"},"id":"wattlas-plant-gemplant-l100001052681","properties":{"aliases":["--","Town Of Laktaši solar project I"],"canonicalAnchor":"gemplant:L100001052681","canonicalCountryKey":"BA","capacityMw":3.6,"country":"BA","externalIds":{"gemPlant":"L100001052681","gemUnit":"G100001060475"},"gemWikiUrl":"https://www.gem.wiki/Town_Of_Laktaši_solar_project_I","geographyId":"BA-54001226B66267900922909","id":"wattlas-plant-gemplant-l100001052681","lifecycleCounts":{"operational":1},"locationPrecision":"exact","name":"Town Of Laktaši solar project I","operatingCapacityCoverage":{"coveragePercent":100.0,"knownUnitCount":1,"method":"complete_unit_sum","provenance":{"evidenceCount":0,"recordIds":["wattlas-record-gemunit-g100001060475"],"sourceIds":["gem-global-integrated-power-tracker"],"sourceTypes":["research_verified"],"valueKind":"reported"},"totalUnitCount":1},"operatingCapacityMw":3.6,"operatingCapacityMwByTechnology":{"solar":3.6},"plannedCapacityCoverage":{"coveragePercent":0.0,"knownUnitCount":0,"method":"unavailable","totalUnitCount":0},"plannedCapacityMw":0.0,"plannedCapacityMwByTechnology":{},"recordCount":1,"recordIds":["wattlas-record-gemunit-g100001060475"],"sourceIds":["gem-global-integrated-power-tracker"],"sourceUrl":"https://www.gem.wiki/Town_Of_Laktaši_solar_project_I","technologies":["solar"],"technologyMixMw":{"solar":3.6},"unitCount":1,"unitIds":["gem-unit-G100001060475"]},"type":"Feature"},{"geometry":{"coordinates":[17.77,43.2903],"type":"Point"},"id":"wattlas-plant-gemplant-l100001052682","properties":{"aliases":["--","Local Community Kruševo City Of Mostar solar project I"],"canonicalAnchor":"gemplant:L100001052682","canonicalCountryKey":"BA","capacityMw":4.1,"country":"BA","externalIds":{"gemPlant":"L100001052682","gemUnit":"G100001060476"},"gemWikiUrl":"https://www.gem.wiki/Local_Community_Kruševo_City_Of_Mostar_solar_project_I","geographyId":"BA-54001226B17629474923252","id":"wattlas-plant-gemplant-l100001052682","lifecycleCounts":{"operational":1},"locationPrecision":"exact","name":"Local Community Kruševo City Of Mostar solar project I","operatingCapacityCoverage":{"coveragePercent":100.0,"knownUnitCount":1,"method":"complete_unit_sum","provenance":{"evidenceCount":0,"recordIds":["wattlas-record-gemunit-g100001060476"],"sourceIds":["gem-global-integrated-power-tracker"],"sourceTypes":["research_verified"],"valueKind":"reported"},"totalUnitCount":1},"operatingCapacityMw":4.1,"operatingCapacityMwByTechnology":{"solar":4.1},"plannedCapacityCoverage":{"coveragePercent":0.0,"knownUnitCount":0,"method":"unavailable","totalUnitCount":0},"plannedCapacityMw":0.0,"plannedCapacityMwByTechnology":{},"recordCount":1,"recordIds":["wattlas-record-gemunit-g100001060476"],"sourceIds":["gem-global-integrated-power-tracker"],"sourceUrl":"https://www.gem.wiki/Local_Community_Kruševo_City_Of_Mostar_solar_project_I","technologies":["solar"],"technologyMixMw":{"solar":4.1},"unitCount":1,"unitIds":["gem-unit-G100001060476"]},"type":"Feature"},{"geometry":{"coordinates":[18.1409,43.3349],"type":"Point"},"id":"wattlas-plant-gemplant-l100001052683","properties":{"aliases":["--","Republika Srpska solar project V"],"canonicalAnchor":"gemplant:L100001052683","canonicalCountryKey":"BA","capacityMw":1.0,"country":"BA","externalIds":{"gemPlant":"L100001052683","gemUnit":"G100001060477"},"gemWikiUrl":"https://www.gem.wiki/Republika_Srpska_solar_project_V","geographyId":"BA-54001226B66267900922909","id":"wattlas-plant-gemplant-l100001052683","lifecycleCounts":{"operational":1},"locationPrecision":"exact","name":"Republika Srpska solar project V","operatingCapacityCoverage":{"coveragePercent":100.0,"knownUnitCount":1,"method":"complete_unit_sum","provenance":{"evidenceCount":0,"recordIds":["wattlas-record-gemunit-g100001060477"],"sourceIds":["gem-global-integrated-power-tracker"],"sourceTypes":["research_verified"],"valueKind":"reported"},"totalUnitCount":1},"operatingCapacityMw":1.0,"operatingCapacityMwByTechnology":{"solar":1.0},"plannedCapacityCoverage":{"coveragePercent":0.0,"knownUnitCount":0,"method":"unavailable","totalUnitCount":0},"plannedCapacityMw":0.0,"plannedCapacityMwByTechnology":{},"recordCount":1,"recordIds":["wattlas-record-gemunit-g100001060477"],"sourceIds":["gem-global-integrated-power-tracker"],"sourceUrl":"https://www.gem.wiki/Republika_Srpska_solar_project_V","technologies":["solar"],"technologyMixMw":{"solar":1.0},"unitCount":1,"unitIds":["gem-unit-G100001060477"]},"type":"Feature"},{"geometry":{"coordinates":[17.3262,45.0782],"type":"Point"},"id":"wattlas-plant-gemplant-l100001052684","properties":{"aliases":["--","Town Of Gradiška solar project I"],"canonicalAnchor":"gemplant:L100001052684","canonicalCountryKey":"BA","capacityMw":1.7,"country":"BA","externalIds":{"gemPlant":"L100001052684","gemUnit":"G100001060478"},"gemWikiUrl":"https://www.gem.wiki/Town_Of_Gradiška_solar_project_I","geographyId":"BA-54001226B66267900922909","id":"wattlas-plant-gemplant-l100001052684","lifecycleCounts":{"operational":1},"locationPrecision":"exact","name":"Town Of Gradiška solar project I","operatingCapacityCoverage":{"coveragePercent":100.0,"knownUnitCount":1,"method":"complete_unit_sum","provenance":{"evidenceCount":0,"recordIds":["wattlas-record-gemunit-g100001060478"],"sourceIds":["gem-global-integrated-power-tracker"],"sourceTypes":["research_verified"],"valueKind":"reported"},"totalUnitCount":1},"operatingCapacityMw":1.7,"operatingCapacityMwByTechnology":{"solar":1.7},"plannedCapacityCoverage":{"coveragePercent":0.0,"knownUnitCount":0,"method":"unavailable","totalUnitCount":0},"plannedCapacityMw":0.0,"plannedCapacityMwByTechnology":{},"recordCount":1,"recordIds":["wattlas-record-gemunit-g100001060478"],"sourceIds":["gem-global-integrated-power-tracker"],"sourceUrl":"https://www.gem.wiki/Town_Of_Gradiška_solar_project_I","technologies":["solar"],"technologyMixMw":{"solar":1.7},"unitCount":1,"unitIds":["gem-unit-G100001060478"]},"type":"Feature"},{"geometry":{"coordinates":[17.6294,43.3776],"type":"Point"},"id":"wattlas-plant-gemplant-l100001052685","properties":{"aliases":["--","City Of Široki Brijeg solar project I"],"canonicalAnchor":"gemplant:L100001052685","canonicalCountryKey":"BA","capacityMw":1.4,"country":"BA","externalIds":{"gemPlant":"L100001052685","gemUnit":"G100001060479"},"gemWikiUrl":"https://www.gem.wiki/City_Of_Široki_Brijeg_solar_project_I","geographyId":"BA-54001226B17629474923252","id":"wattlas-plant-gemplant-l100001052685","lifecycleCounts":{"operational":1},"locationPrecision":"exact","name":"City Of Široki Brijeg solar project I","operatingCapacityCoverage":{"coveragePercent":100.0,"knownUnitCount":1,"method":"complete_unit_sum","provenance":{"evidenceCount":0,"recordIds":["wattlas-record-gemunit-g100001060479"],"sourceIds":["gem-global-integrated-power-tracker"],"sourceTypes":["research_verified"],"valueKind":"reported"},"totalUnitCount":1},"operatingCapacityMw":1.4,"operatingCapacityMwByTechnology":{"solar":1.4},"plannedCapacityCoverage":{"coveragePercent":0.0,"knownUnitCount":0,"method":"unavailable","totalUnitCount":0},"plannedCapacityMw":0.0,"plannedCapacityMwByTechnology":{},"recordCount":1,"recordIds":["wattlas-record-gemunit-g100001060479"],"sourceIds":["gem-global-integrated-power-tracker"],"sourceUrl":"https://www.gem.wiki/City_Of_Široki_Brijeg_solar_project_I","technologies":["solar"],"technologyMixMw":{"solar":1.4},"unitCount":1,"unitIds":["gem-unit-G100001060479"]},"type":"Feature"},{"geometry":{"coordinates":[17.6136,43.1953],"type":"Point"},"id":"wattlas-plant-gemplant-l100001052686","properties":{"aliases":["--","Grad Ljubuški solar project III"],"canonicalAnchor":"gemplant:L100001052686","canonicalCountryKey":"BA","capacityMw":1.0,"country":"BA","externalIds":{"gemPlant":"L100001052686","gemUnit":"G100001060480"},"gemWikiUrl":"https://www.gem.wiki/Grad_Ljubuški_solar_project_III","geographyId":"BA-54001226B17629474923252","id":"wattlas-plant-gemplant-l100001052686","lifecycleCounts":{"operational":1},"locationPrecision":"exact","name":"Grad Ljubuški solar project III","operatingCapacityCoverage":{"coveragePercent":100.0,"knownUnitCount":1,"method":"complete_unit_sum","provenance":{"evidenceCount":0,"recordIds":["wattlas-record-gemunit-g100001060480"],"sourceIds":["gem-global-integrated-power-tracker"],"sourceTypes":["research_verified"],"valueKind":"reported"},"totalUnitCount":1},"operatingCapacityMw":1.0,"operatingCapacityMwByTechnology":{"solar":1.0},"plannedCapacityCoverage":{"coveragePercent":0.0,"knownUnitCount":0,"method":"unavailable","totalUnitCount":0},"plannedCapacityMw":0.0,"plannedCapacityMwByTechnology":{},"recordCount":1,"recordIds":["wattlas-record-gemunit-g100001060480"],"sourceIds":["gem-global-integrated-power-tracker"],"sourceUrl":"https://www.gem.wiki/Grad_Ljubuški_solar_project_III","technologies":["solar"],"technologyMixMw":{"solar":1.0},"unitCount":1,"unitIds":["gem-unit-G100001060480"]},"type":"Feature"},{"geometry":{"coordinates":[17.8627,43.1627],"type":"Point"},"id":"wattlas-plant-gemplant-l100001052687","properties":{"aliases":["--","Town Of Stolac solar project"],"canonicalAnchor":"gemplant:L100001052687","canonicalCountryKey":"BA","capacityMw":4.5,"country":"BA","externalIds":{"gemPlant":"L100001052687","gemUnit":"G100001060481"},"gemWikiUrl":"https://www.gem.wiki/Town_Of_Stolac_solar_project","geographyId":"BA-54001226B17629474923252","id":"wattlas-plant-gemplant-l100001052687","lifecycleCounts":{"operational":1},"locationPrecision":"exact","name":"Town Of Stolac solar project","operatingCapacityCoverage":{"coveragePercent":100.0,"knownUnitCount":1,"method":"complete_unit_sum","provenance":{"evidenceCount":0,"recordIds":["wattlas-record-gemunit-g100001060481"],"sourceIds":["gem-global-integrated-power-tracker"],"sourceTypes":["research_verified"],"valueKind":"reported"},"totalUnitCount":1},"operatingCapacityMw":4.5,"operatingCapacityMwByTechnology":{"solar":4.5},"plannedCapacityCoverage":{"coveragePercent":0.0,"knownUnitCount":0,"method":"unavailable","totalUnitCount":0},"plannedCapacityMw":0.0,"plannedCapacityMwByTechnology":{},"recordCount":1,"recordIds":["wattlas-record-gemunit-g100001060481"],"sourceIds":["gem-global-integrated-power-tracker"],"sourceUrl":"https://www.gem.wiki/Town_Of_Stolac_solar_project","technologies":["solar"],"technologyMixMw":{"solar":4.5},"unitCount":1,"unitIds":["gem-unit-G100001060481"]},"type":"Feature"},{"geometry":{"coordinates":[17.1417,45.0606],"type":"Point"},"id":"wattlas-plant-gemplant-l100001052688","properties":{"aliases":["--","Town Of Gradiška solar project II"],"canonicalAnchor":"gemplant:L100001052688","canonicalCountryKey":"BA","capacityMw":2.0,"country":"BA","externalIds":{"gemPlant":"L100001052688","gemUnit":"G100001060482"},"gemWikiUrl":"https://www.gem.wiki/Town_Of_Gradiška_solar_project_II","geographyId":"BA-54001226B66267900922909","id":"wattlas-plant-gemplant-l100001052688","lifecycleCounts":{"operational":1},"locationPrecision":"exact","name":"Town Of Gradiška solar project II","operatingCapacityCoverage":{"coveragePercent":100.0,"knownUnitCount":1,"method":"complete_unit_sum","provenance":{"evidenceCount":0,"recordIds":["wattlas-record-gemunit-g100001060482"],"sourceIds":["gem-global-integrated-power-tracker"],"sourceTypes":["research_verified"],"valueKind":"reported"},"totalUnitCount":1},"operatingCapacityMw":2.0,"operatingCapacityMwByTechnology":{"solar":2.0},"plannedCapacityCoverage":{"coveragePercent":0.0,"knownUnitCount":0,"method":"unavailable","totalUnitCount":0},"plannedCapacityMw":0.0,"plannedCapacityMwByTechnology":{},"recordCount":1,"recordIds":["wattlas-record-gemunit-g100001060482"],"sourceIds":["gem-global-integrated-power-tracker"],"sourceUrl":"https://www.gem.wiki/Town_Of_Gradiška_solar_project_II","technologies":["solar"],"technologyMixMw":{"solar":2.0},"unitCount":1,"unitIds":["gem-unit-G100001060482"]},"type":"Feature"},{"geometry":{"coordinates":[17.6268,43.7903],"type":"Point"},"id":"wattlas-plant-gemplant-l100001052689","properties":{"aliases":["--","Federation Of Bosnia And Herzegovina solar project IV"],"canonicalAnchor":"gemplant:L100001052689","canonicalCountryKey":"BA","capacityMw":1.0,"country":"BA","externalIds":{"gemPlant":"L100001052689","gemUnit":"G100001060483"},"gemWikiUrl":"https://www.gem.wiki/Federation_Of_Bosnia_And_Herzegovina_solar_project_IV","geographyId":"BA-54001226B17629474923252","id":"wattlas-plant-gemplant-l100001052689","lifecycleCounts":{"operational":1},"locationPrecision":"exact","name":"Federation Of Bosnia And Herzegovina solar project IV","operatingCapacityCoverage":{"coveragePercent":100.0,"knownUnitCount":1,"method":"complete_unit_sum","provenance":{"evidenceCount":0,"recordIds":["wattlas-record-gemunit-g100001060483"],"sourceIds":["gem-global-integrated-power-tracker"],"sourceTypes":["research_verified"],"valueKind":"reported"},"totalUnitCount":1},"operatingCapacityMw":1.0,"operatingCapacityMwByTechnology":{"solar":1.0},"plannedCapacityCoverage":{"coveragePercent":0.0,"knownUnitCount":0,"method":"unavailable","totalUnitCount":0},"plannedCapacityMw":0.0,"plannedCapacityMwByTechnology":{},"recordCount":1,"recordIds":["wattlas-record-gemunit-g100001060483"],"sourceIds":["gem-global-integrated-power-tracker"],"sourceUrl":"https://www.gem.wiki/Federation_Of_Bosnia_And_Herzegovina_solar_project_IV","technologies":["solar"],"technologyMixMw":{"solar":1.0},"unitCount":1,"unitIds":["gem-unit-G100001060483"]},"type":"Feature"},{"geometry":{"coordinates":[17.3634,43.4433],"type":"Point"},"id":"wattlas-plant-gemplant-l100001052690","properties":{"aliases":["--","Federation Of Bosnia And Herzegovina solar project V"],"canonicalAnchor":"gemplant:L100001052690","canonicalCountryKey":"BA","capacityMw":1.0,"country":"BA","externalIds":{"gemPlant":"L100001052690","gemUnit":"G100001060484"},"gemWikiUrl":"https://www.gem.wiki/Federation_Of_Bosnia_And_Herzegovina_solar_project_V","geographyId":"BA-54001226B17629474923252","id":"wattlas-plant-gemplant-l100001052690","lifecycleCounts":{"operational":1},"locationPrecision":"exact","name":"Federation Of Bosnia And Herzegovina solar project V","operatingCapacityCoverage":{"coveragePercent":100.0,"knownUnitCount":1,"method":"complete_unit_sum","provenance":{"evidenceCount":0,"recordIds":["wattlas-record-gemunit-g100001060484"],"sourceIds":["gem-global-integrated-power-tracker"],"sourceTypes":["research_verified"],"valueKind":"reported"},"totalUnitCount":1},"operatingCapacityMw":1.0,"operatingCapacityMwByTechnology":{"solar":1.0},"plannedCapacityCoverage":{"coveragePercent":0.0,"knownUnitCount":0,"method":"unavailable","totalUnitCount":0},"plannedCapacityMw":0.0,"plannedCapacityMwByTechnology":{},"recordCount":1,"recordIds":["wattlas-record-gemunit-g100001060484"],"sourceIds":["gem-global-integrated-power-tracker"],"sourceUrl":"https://www.gem.wiki/Federation_Of_Bosnia_And_Herzegovina_solar_project_V","technologies":["solar"],"technologyMixMw":{"solar":1.0},"unitCount":1,"unitIds":["gem-unit-G100001060484"]},"type":"Feature"},{"geometry":{"coordinates":[16.65,45.0222],"type":"Point"},"id":"wattlas-plant-gemplant-l100001052691","properties":{"aliases":["--","Mz Brezičani City Of Prijedor solar project"],"canonicalAnchor":"gemplant:L100001052691","canonicalCountryKey":"BA","capacityMw":1.8,"country":"BA","externalIds":{"gemPlant":"L100001052691","gemUnit":"G100001060485"},"gemWikiUrl":"https://www.gem.wiki/Mz_Brezičani_City_Of_Prijedor_solar_project","geographyId":"BA-54001226B66267900922909","id":"wattlas-plant-gemplant-l100001052691","lifecycleCounts":{"operational":1},"locationPrecision":"exact","name":"Mz Brezičani City Of Prijedor solar project","operatingCapacityCoverage":{"coveragePercent":100.0,"knownUnitCount":1,"method":"complete_unit_sum","provenance":{"evidenceCount":0,"recordIds":["wattlas-record-gemunit-g100001060485"],"sourceIds":["gem-global-integrated-power-tracker"],"sourceTypes":["research_verified"],"valueKind":"reported"},"totalUnitCount":1},"operatingCapacityMw":1.8,"operatingCapacityMwByTechnology":{"solar":1.8},"plannedCapacityCoverage":{"coveragePercent":0.0,"knownUnitCount":0,"method":"unavailable","totalUnitCount":0},"plannedCapacityMw":0.0,"plannedCapacityMwByTechnology":{},"recordCount":1,"recordIds":["wattlas-record-gemunit-g100001060485"],"sourceIds":["gem-global-integrated-power-tracker"],"sourceUrl":"https://www.gem.wiki/Mz_Brezičani_City_Of_Prijedor_solar_project","technologies":["solar"],"technologyMixMw":{"solar":1.8},"unitCount":1,"unitIds":["gem-unit-G100001060485"]},"type":"Feature"},{"geometry":{"coordinates":[17.7937,43.2321],"type":"Point"},"id":"wattlas-plant-gemplant-l100001052692","properties":{"aliases":["--","Local Community Slipčići City Of Mostar solar project I"],"canonicalAnchor":"gemplant:L100001052692","canonicalCountryKey":"BA","capacityMw":10.6,"country":"BA","externalIds":{"gemPlant":"L100001052692","gemUnit":"G100001060486"},"gemWikiUrl":"https://www.gem.wiki/Local_Community_Slipčići_City_Of_Mostar_solar_project_I","geographyId":"BA-54001226B17629474923252","id":"wattlas-plant-gemplant-l100001052692","lifecycleCounts":{"operational":1},"locationPrecision":"exact","name":"Local Community Slipčići City Of Mostar solar project I","operatingCapacityCoverage":{"coveragePercent":100.0,"knownUnitCount":1,"method":"complete_unit_sum","provenance":{"evidenceCount":0,"recordIds":["wattlas-record-gemunit-g100001060486"],"sourceIds":["gem-global-integrated-power-tracker"],"sourceTypes":["research_verified"],"valueKind":"reported"},"totalUnitCount":1},"operatingCapacityMw":10.6,"operatingCapacityMwByTechnology":{"solar":10.6},"plannedCapacityCoverage":{"coveragePercent":0.0,"knownUnitCount":0,"method":"unavailable","totalUnitCount":0},"plannedCapacityMw":0.0,"plannedCapacityMwByTechnology":{},"recordCount":1,"recordIds":["wattlas-record-gemunit-g100001060486"],"sourceIds":["gem-global-integrated-power-tracker"],"sourceUrl":"https://www.gem.wiki/Local_Community_Slipčići_City_Of_Mostar_solar_project_I","technologies":["solar"],"technologyMixMw":{"solar":10.6},"unitCount":1,"unitIds":["gem-unit-G100001060486"]},"type":"Feature"},{"geometry":{"coordinates":[16.7088,44.5668],"type":"Point"},"id":"wattlas-plant-gemplant-l100001052693","properties":{"aliases":["--","Federation Of Bosnia And Herzegovina solar project VI"],"canonicalAnchor":"gemplant:L100001052693","canonicalCountryKey":"BA","capacityMw":3.4,"country":"BA","externalIds":{"gemPlant":"L100001052693","gemUnit":"G100001060487"},"gemWikiUrl":"https://www.gem.wiki/Federation_Of_Bosnia_And_Herzegovina_solar_project_VI","geographyId":"BA-54001226B17629474923252","id":"wattlas-plant-gemplant-l100001052693","lifecycleCounts":{"operational":1},"locationPrecision":"exact","name":"Federation Of Bosnia And Herzegovina solar project VI","operatingCapacityCoverage":{"coveragePercent":100.0,"knownUnitCount":1,"method":"complete_unit_sum","provenance":{"evidenceCount":0,"recordIds":["wattlas-record-gemunit-g100001060487"],"sourceIds":["gem-global-integrated-power-tracker"],"sourceTypes":["research_verified"],"valueKind":"reported"},"totalUnitCount":1},"operatingCapacityMw":3.4,"operatingCapacityMwByTechnology":{"solar":3.4},"plannedCapacityCoverage":{"coveragePercent":0.0,"knownUnitCount":0,"method":"unavailable","totalUnitCount":0},"plannedCapacityMw":0.0,"plannedCapacityMwByTechnology":{},"recordCount":1,"recordIds":["wattlas-record-gemunit-g100001060487"],"sourceIds":["gem-global-integrated-power-tracker"],"sourceUrl":"https://www.gem.wiki/Federation_Of_Bosnia_And_Herzegovina_solar_project_VI","technologies":["solar"],"technologyMixMw":{"solar":3.4},"unitCount":1,"unitIds":["gem-unit-G100001060487"]},"type":"Feature"},{"geometry":{"coordinates":[17.7136,44.8582],"type":"Point"},"id":"wattlas-plant-gemplant-l100001052694","properties":{"aliases":["--","Town Of Prnjavor solar project"],"canonicalAnchor":"gemplant:L100001052694","canonicalCountryKey":"BA","capacityMw":3.6,"country":"BA","externalIds":{"gemPlant":"L100001052694","gemUnit":"G100001060488"},"gemWikiUrl":"https://www.gem.wiki/Town_Of_Prnjavor_solar_project","geographyId":"BA-54001226B66267900922909","id":"wattlas-plant-gemplant-l100001052694","lifecycleCounts":{"operational":1},"locationPrecision":"exact","name":"Town Of Prnjavor solar project","operatingCapacityCoverage":{"coveragePercent":100.0,"knownUnitCount":1,"method":"complete_unit_sum","provenance":{"evidenceCount":0,"recordIds":["wattlas-record-gemunit-g100001060488"],"sourceIds":["gem-global-integrated-power-tracker"],"sourceTypes":["research_verified"],"valueKind":"reported"},"totalUnitCount":1},"operatingCapacityMw":3.6,"operatingCapacityMwByTechnology":{"solar":3.6},"plannedCapacityCoverage":{"coveragePercent":0.0,"knownUnitCount":0,"method":"unavailable","totalUnitCount":0},"plannedCapacityMw":0.0,"plannedCapacityMwByTechnology":{},"recordCount":1,"recordIds":["wattlas-record-gemunit-g100001060488"],"sourceIds":["gem-global-integrated-power-tracker"],"sourceUrl":"https://www.gem.wiki/Town_Of_Prnjavor_solar_project","technologies":["solar"],"technologyMixMw":{"solar":3.6},"unitCount":1,"unitIds":["gem-unit-G100001060488"]},"type":"Feature"},{"geometry":{"coordinates":[17.3199,45.0791],"type":"Point"},"id":"wattlas-plant-gemplant-l100001052695","properties":{"aliases":["--","Town Of Gradiška solar project III"],"canonicalAnchor":"gemplant:L100001052695","canonicalCountryKey":"BA","capacityMw":1.4,"country":"BA","externalIds":{"gemPlant":"L100001052695","gemUnit":"G100001060489"},"gemWikiUrl":"https://www.gem.wiki/Town_Of_Gradiška_solar_project_III","geographyId":"BA-54001226B66267900922909","id":"wattlas-plant-gemplant-l100001052695","lifecycleCounts":{"operational":1},"locationPrecision":"exact","name":"Town Of Gradiška solar project III","operatingCapacityCoverage":{"coveragePercent":100.0,"knownUnitCount":1,"method":"complete_unit_sum","provenance":{"evidenceCount":0,"recordIds":["wattlas-record-gemunit-g100001060489"],"sourceIds":["gem-global-integrated-power-tracker"],"sourceTypes":["research_verified"],"valueKind":"reported"},"totalUnitCount":1},"operatingCapacityMw":1.4,"operatingCapacityMwByTechnology":{"solar":1.4},"plannedCapacityCoverage":{"coveragePercent":0.0,"knownUnitCount":0,"method":"unavailable","totalUnitCount":0},"plannedCapacityMw":0.0,"plannedCapacityMwByTechnology":{},"recordCount":1,"recordIds":["wattlas-record-gemunit-g100001060489"],"sourceIds":["gem-global-integrated-power-tracker"],"sourceUrl":"https://www.gem.wiki/Town_Of_Gradiška_solar_project_III","technologies":["solar"],"technologyMixMw":{"solar":1.4},"unitCount":1,"unitIds":["gem-unit-G100001060489"]},"type":"Feature"},{"geometry":{"coordinates":[18.4212,42.8714],"type":"Point"},"id":"wattlas-plant-gemplant-l100001052696","properties":{"aliases":["--","Republika Srpska solar project VI"],"canonicalAnchor":"gemplant:L100001052696","canonicalCountryKey":"BA","capacityMw":1.2,"country":"BA","externalIds":{"gemPlant":"L100001052696","gemUnit":"G100001060490"},"gemWikiUrl":"https://www.gem.wiki/Republika_Srpska_solar_project_VI","geographyId":"BA-54001226B66267900922909","id":"wattlas-plant-gemplant-l100001052696","lifecycleCounts":{"operational":1},"locationPrecision":"exact","name":"Republika Srpska solar project VI","operatingCapacityCoverage":{"coveragePercent":100.0,"knownUnitCount":1,"method":"complete_unit_sum","provenance":{"evidenceCount":0,"recordIds":["wattlas-record-gemunit-g100001060490"],"sourceIds":["gem-global-integrated-power-tracker"],"sourceTypes":["research_verified"],"valueKind":"reported"},"totalUnitCount":1},"operatingCapacityMw":1.2,"operatingCapacityMwByTechnology":{"solar":1.2},"plannedCapacityCoverage":{"coveragePercent":0.0,"knownUnitCount":0,"method":"unavailable","totalUnitCount":0},"plannedCapacityMw":0.0,"plannedCapacityMwByTechnology":{},"recordCount":1,"recordIds":["wattlas-record-gemunit-g100001060490"],"sourceIds":["gem-global-integrated-power-tracker"],"sourceUrl":"https://www.gem.wiki/Republika_Srpska_solar_project_VI","technologies":["solar"],"technologyMixMw":{"solar":1.2},"unitCount":1,"unitIds":["gem-unit-G100001060490"]},"type":"Feature"},{"geometry":{"coordinates":[18.4802,43.1603],"type":"Point"},"id":"wattlas-plant-gemplant-l100001052697","properties":{"aliases":["--","Republika Srpska solar project VII"],"canonicalAnchor":"gemplant:L100001052697","canonicalCountryKey":"BA","capacityMw":2.2,"country":"BA","externalIds":{"gemPlant":"L100001052697","gemUnit":"G100001060491"},"gemWikiUrl":"https://www.gem.wiki/Republika_Srpska_solar_project_VII","geographyId":"BA-54001226B66267900922909","id":"wattlas-plant-gemplant-l100001052697","lifecycleCounts":{"operational":1},"locationPrecision":"exact","name":"Republika Srpska solar project VII","operatingCapacityCoverage":{"coveragePercent":100.0,"knownUnitCount":1,"method":"complete_unit_sum","provenance":{"evidenceCount":0,"recordIds":["wattlas-record-gemunit-g100001060491"],"sourceIds":["gem-global-integrated-power-tracker"],"sourceTypes":["research_verified"],"valueKind":"reported"},"totalUnitCount":1},"operatingCapacityMw":2.2,"operatingCapacityMwByTechnology":{"solar":2.2},"plannedCapacityCoverage":{"coveragePercent":0.0,"knownUnitCount":0,"method":"unavailable","totalUnitCount":0},"plannedCapacityMw":0.0,"plannedCapacityMwByTechnology":{},"recordCount":1,"recordIds":["wattlas-record-gemunit-g100001060491"],"sourceIds":["gem-global-integrated-power-tracker"],"sourceUrl":"https://www.gem.wiki/Republika_Srpska_solar_project_VII","technologies":["solar"],"technologyMixMw":{"solar":2.2},"unitCount":1,"unitIds":["gem-unit-G100001060491"]},"type":"Feature"},{"geometry":{"coordinates":[17.2284,43.5069],"type":"Point"},"id":"wattlas-plant-gemplant-l100001052699","properties":{"aliases":["--","Federation Of Bosnia And Herzegovina solar project VII"],"canonicalAnchor":"gemplant:L100001052699","canonicalCountryKey":"BA","capacityMw":1.2,"country":"BA","externalIds":{"gemPlant":"L100001052699","gemUnit":"G100001060493"},"gemWikiUrl":"https://www.gem.wiki/Federation_Of_Bosnia_And_Herzegovina_solar_project_VII","geographyId":"BA-54001226B17629474923252","id":"wattlas-plant-gemplant-l100001052699","lifecycleCounts":{"operational":1},"locationPrecision":"exact","name":"Federation Of Bosnia And Herzegovina solar project VII","operatingCapacityCoverage":{"coveragePercent":100.0,"knownUnitCount":1,"method":"complete_unit_sum","provenance":{"evidenceCount":0,"recordIds":["wattlas-record-gemunit-g100001060493"],"sourceIds":["gem-global-integrated-power-tracker"],"sourceTypes":["research_verified"],"valueKind":"reported"},"totalUnitCount":1},"operatingCapacityMw":1.2,"operatingCapacityMwByTechnology":{"solar":1.2},"plannedCapacityCoverage":{"coveragePercent":0.0,"knownUnitCount":0,"method":"unavailable","totalUnitCount":0},"plannedCapacityMw":0.0,"plannedCapacityMwByTechnology":{},"recordCount":1,"recordIds":["wattlas-record-gemunit-g100001060493"],"sourceIds":["gem-global-integrated-power-tracker"],"sourceUrl":"https://www.gem.wiki/Federation_Of_Bosnia_And_Herzegovina_solar_project_VII","technologies":["solar"],"technologyMixMw":{"solar":1.2},"unitCount":1,"unitIds":["gem-unit-G100001060493"]},"type":"Feature"},{"geometry":{"coordinates":[17.8159,43.3838],"type":"Point"},"id":"wattlas-plant-gemplant-l100001052700","properties":{"aliases":["--","Local Community Raštani City Of Mostar solar project"],"canonicalAnchor":"gemplant:L100001052700","canonicalCountryKey":"BA","capacityMw":13.3,"country":"BA","externalIds":{"gemPlant":"L100001052700","gemUnit":"G100001060494"},"gemWikiUrl":"https://www.gem.wiki/Local_Community_Raštani_City_Of_Mostar_solar_project","geographyId":"BA-54001226B17629474923252","id":"wattlas-plant-gemplant-l100001052700","lifecycleCounts":{"operational":1},"locationPrecision":"exact","name":"Local Community Raštani City Of Mostar solar project","operatingCapacityCoverage":{"coveragePercent":100.0,"knownUnitCount":1,"method":"complete_unit_sum","provenance":{"evidenceCount":0,"recordIds":["wattlas-record-gemunit-g100001060494"],"sourceIds":["gem-global-integrated-power-tracker"],"sourceTypes":["research_verified"],"valueKind":"reported"},"totalUnitCount":1},"operatingCapacityMw":13.3,"operatingCapacityMwByTechnology":{"solar":13.3},"plannedCapacityCoverage":{"coveragePercent":0.0,"knownUnitCount":0,"method":"unavailable","totalUnitCount":0},"plannedCapacityMw":0.0,"plannedCapacityMwByTechnology":{},"recordCount":1,"recordIds":["wattlas-record-gemunit-g100001060494"],"sourceIds":["gem-global-integrated-power-tracker"],"sourceUrl":"https://www.gem.wiki/Local_Community_Raštani_City_Of_Mostar_solar_project","technologies":["solar"],"technologyMixMw":{"solar":13.3},"unitCount":1,"unitIds":["gem-unit-G100001060494"]},"type":"Feature"},{"geometry":{"coordinates":[17.6636,42.9119],"type":"Point"},"id":"wattlas-plant-gemplant-l100001052701","properties":{"aliases":["--","Federation Of Bosnia And Herzegovina solar project VIII"],"canonicalAnchor":"gemplant:L100001052701","canonicalCountryKey":"BA","capacityMw":2.9,"country":"BA","externalIds":{"gemPlant":"L100001052701","gemUnit":"G100001060495"},"gemWikiUrl":"https://www.gem.wiki/Federation_Of_Bosnia_And_Herzegovina_solar_project_VIII","geographyId":"BA-54001226B17629474923252","id":"wattlas-plant-gemplant-l100001052701","lifecycleCounts":{"operational":1},"locationPrecision":"exact","name":"Federation Of Bosnia And Herzegovina solar project VIII","operatingCapacityCoverage":{"coveragePercent":100.0,"knownUnitCount":1,"method":"complete_unit_sum","provenance":{"evidenceCount":0,"recordIds":["wattlas-record-gemunit-g100001060495"],"sourceIds":["gem-global-integrated-power-tracker"],"sourceTypes":["research_verified"],"valueKind":"reported"},"totalUnitCount":1},"operatingCapacityMw":2.9,"operatingCapacityMwByTechnology":{"solar":2.9},"plannedCapacityCoverage":{"coveragePercent":0.0,"knownUnitCount":0,"method":"unavailable","totalUnitCount":0},"plannedCapacityMw":0.0,"plannedCapacityMwByTechnology":{},"recordCount":1,"recordIds":["wattlas-record-gemunit-g100001060495"],"sourceIds":["gem-global-integrated-power-tracker"],"sourceUrl":"https://www.gem.wiki/Federation_Of_Bosnia_And_Herzegovina_solar_project_VIII","technologies":["solar"],"technologyMixMw":{"solar":2.9},"unitCount":1,"unitIds":["gem-unit-G100001060495"]},"type":"Feature"},{"geometry":{"coordinates":[17.6876,43.2147],"type":"Point"},"id":"wattlas-plant-gemplant-l100001052702","properties":{"aliases":["--","Federation Of Bosnia And Herzegovina solar project IX"],"canonicalAnchor":"gemplant:L100001052702","canonicalCountryKey":"BA","capacityMw":2.3,"country":"BA","externalIds":{"gemPlant":"L100001052702","gemUnit":"G100001060496"},"gemWikiUrl":"https://www.gem.wiki/Federation_Of_Bosnia_And_Herzegovina_solar_project_IX","geographyId":"BA-54001226B17629474923252","id":"wattlas-plant-gemplant-l100001052702","lifecycleCounts":{"operational":1},"locationPrecision":"exact","name":"Federation Of Bosnia And Herzegovina solar project IX","operatingCapacityCoverage":{"coveragePercent":100.0,"knownUnitCount":1,"method":"complete_unit_sum","provenance":{"evidenceCount":0,"recordIds":["wattlas-record-gemunit-g100001060496"],"sourceIds":["gem-global-integrated-power-tracker"],"sourceTypes":["research_verified"],"valueKind":"reported"},"totalUnitCount":1},"operatingCapacityMw":2.3,"operatingCapacityMwByTechnology":{"solar":2.3},"plannedCapacityCoverage":{"coveragePercent":0.0,"knownUnitCount":0,"method":"unavailable","totalUnitCount":0},"plannedCapacityMw":0.0,"plannedCapacityMwByTechnology":{},"recordCount":1,"recordIds":["wattlas-record-gemunit-g100001060496"],"sourceIds":["gem-global-integrated-power-tracker"],"sourceUrl":"https://www.gem.wiki/Federation_Of_Bosnia_And_Herzegovina_solar_project_IX","technologies":["solar"],"technologyMixMw":{"solar":2.3},"unitCount":1,"unitIds":["gem-unit-G100001060496"]},"type":"Feature"},{"geometry":{"coordinates":[17.332,44.9384],"type":"Point"},"id":"wattlas-plant-gemplant-l100001052703","properties":{"aliases":["--","Town Of Laktaši solar project II"],"canonicalAnchor":"gemplant:L100001052703","canonicalCountryKey":"BA","capacityMw":1.0,"country":"BA","externalIds":{"gemPlant":"L100001052703","gemUnit":"G100001060497"},"gemWikiUrl":"https://www.gem.wiki/Town_Of_Laktaši_solar_project_II","geographyId":"BA-54001226B66267900922909","id":"wattlas-plant-gemplant-l100001052703","lifecycleCounts":{"operational":1},"locationPrecision":"exact","name":"Town Of Laktaši solar project II","operatingCapacityCoverage":{"coveragePercent":100.0,"knownUnitCount":1,"method":"complete_unit_sum","provenance":{"evidenceCount":0,"recordIds":["wattlas-record-gemunit-g100001060497"],"sourceIds":["gem-global-integrated-power-tracker"],"sourceTypes":["research_verified"],"valueKind":"reported"},"totalUnitCount":1},"operatingCapacityMw":1.0,"operatingCapacityMwByTechnology":{"solar":1.0},"plannedCapacityCoverage":{"coveragePercent":0.0,"knownUnitCount":0,"method":"unavailable","totalUnitCount":0},"plannedCapacityMw":0.0,"plannedCapacityMwByTechnology":{},"recordCount":1,"recordIds":["wattlas-record-gemunit-g100001060497"],"sourceIds":["gem-global-integrated-power-tracker"],"sourceUrl":"https://www.gem.wiki/Town_Of_Laktaši_solar_project_II","technologies":["solar"],"technologyMixMw":{"solar":1.0},"unitCount":1,"unitIds":["gem-unit-G100001060497"]},"type":"Feature"},{"geometry":{"coordinates":[17.4831,45.0637],"type":"Point"},"id":"wattlas-plant-gemplant-l100001052704","properties":{"aliases":["--","Republika Srpska solar project IX"],"canonicalAnchor":"gemplant:L100001052704","canonicalCountryKey":"BA","capacityMw":3.9,"country":"BA","externalIds":{"gemPlant":"L100001052704","gemUnit":"G100001060498"},"gemWikiUrl":"https://www.gem.wiki/Republika_Srpska_solar_project_IX","geographyId":"BA-54001226B66267900922909","id":"wattlas-plant-gemplant-l100001052704","lifecycleCounts":{"operational":1},"locationPrecision":"exact","name":"Republika Srpska solar project IX","operatingCapacityCoverage":{"coveragePercent":100.0,"knownUnitCount":1,"method":"complete_unit_sum","provenance":{"evidenceCount":0,"recordIds":["wattlas-record-gemunit-g100001060498"],"sourceIds":["gem-global-integrated-power-tracker"],"sourceTypes":["research_verified"],"valueKind":"reported"},"totalUnitCount":1},"operatingCapacityMw":3.9,"operatingCapacityMwByTechnology":{"solar":3.9},"plannedCapacityCoverage":{"coveragePercent":0.0,"knownUnitCount":0,"method":"unavailable","totalUnitCount":0},"plannedCapacityMw":0.0,"plannedCapacityMwByTechnology":{},"recordCount":1,"recordIds":["wattlas-record-gemunit-g100001060498"],"sourceIds":["gem-global-integrated-power-tracker"],"sourceUrl":"https://www.gem.wiki/Republika_Srpska_solar_project_IX","technologies":["solar"],"technologyMixMw":{"solar":3.9},"unitCount":1,"unitIds":["gem-unit-G100001060498"]},"type":"Feature"},{"geometry":{"coordinates":[18.4153,42.9024],"type":"Point"},"id":"wattlas-plant-gemplant-l100001052705","properties":{"aliases":["--","Republika Srpska solar project X"],"canonicalAnchor":"gemplant:L100001052705","canonicalCountryKey":"BA","capacityMw":5.8,"country":"BA","externalIds":{"gemPlant":"L100001052705","gemUnit":"G100001060499"},"gemWikiUrl":"https://www.gem.wiki/Republika_Srpska_solar_project_X","geographyId":"BA-54001226B66267900922909","id":"wattlas-plant-gemplant-l100001052705","lifecycleCounts":{"operational":1},"locationPrecision":"exact","name":"Republika Srpska solar project X","operatingCapacityCoverage":{"coveragePercent":100.0,"knownUnitCount":1,"method":"complete_unit_sum","provenance":{"evidenceCount":0,"recordIds":["wattlas-record-gemunit-g100001060499"],"sourceIds":["gem-global-integrated-power-tracker"],"sourceTypes":["research_verified"],"valueKind":"reported"},"totalUnitCount":1},"operatingCapacityMw":5.8,"operatingCapacityMwByTechnology":{"solar":5.8},"plannedCapacityCoverage":{"coveragePercent":0.0,"knownUnitCount":0,"method":"unavailable","totalUnitCount":0},"plannedCapacityMw":0.0,"plannedCapacityMwByTechnology":{},"recordCount":1,"recordIds":["wattlas-record-gemunit-g100001060499"],"sourceIds":["gem-global-integrated-power-tracker"],"sourceUrl":"https://www.gem.wiki/Republika_Srpska_solar_project_X","technologies":["solar"],"technologyMixMw":{"solar":5.8},"unitCount":1,"unitIds":["gem-unit-G100001060499"]},"type":"Feature"},{"geometry":{"coordinates":[18.1469,43.2465],"type":"Point"},"id":"wattlas-plant-gemplant-l100001052706","properties":{"aliases":["--","Republika Srpska solar project XI"],"canonicalAnchor":"gemplant:L100001052706","canonicalCountryKey":"BA","capacityMw":4.8,"country":"BA","externalIds":{"gemPlant":"L100001052706","gemUnit":"G100001060500"},"gemWikiUrl":"https://www.gem.wiki/Republika_Srpska_solar_project_XI","geographyId":"BA-54001226B66267900922909","id":"wattlas-plant-gemplant-l100001052706","lifecycleCounts":{"operational":1},"locationPrecision":"exact","name":"Republika Srpska solar project XI","operatingCapacityCoverage":{"coveragePercent":100.0,"knownUnitCount":1,"method":"complete_unit_sum","provenance":{"evidenceCount":0,"recordIds":["wattlas-record-gemunit-g100001060500"],"sourceIds":["gem-global-integrated-power-tracker"],"sourceTypes":["research_verified"],"valueKind":"reported"},"totalUnitCount":1},"operatingCapacityMw":4.8,"operatingCapacityMwByTechnology":{"solar":4.8},"plannedCapacityCoverage":{"coveragePercent":0.0,"knownUnitCount":0,"method":"unavailable","totalUnitCount":0},"plannedCapacityMw":0.0,"plannedCapacityMwByTechnology":{},"recordCount":1,"recordIds":["wattlas-record-gemunit-g100001060500"],"sourceIds":["gem-global-integrated-power-tracker"],"sourceUrl":"https://www.gem.wiki/Republika_Srpska_solar_project_XI","technologies":["solar"],"technologyMixMw":{"solar":4.8},"unitCount":1,"unitIds":["gem-unit-G100001060500"]},"type":"Feature"},{"geometry":{"coordinates":[17.3306,44.9591],"type":"Point"},"id":"wattlas-plant-gemplant-l100001052707","properties":{"aliases":["--","Town Of Laktaši solar project III"],"canonicalAnchor":"gemplant:L100001052707","canonicalCountryKey":"BA","capacityMw":1.1,"country":"BA","externalIds":{"gemPlant":"L100001052707","gemUnit":"G100001060501"},"gemWikiUrl":"https://www.gem.wiki/Town_Of_Laktaši_solar_project_III","geographyId":"BA-54001226B66267900922909","id":"wattlas-plant-gemplant-l100001052707","lifecycleCounts":{"operational":1},"locationPrecision":"exact","name":"Town Of Laktaši solar project III","operatingCapacityCoverage":{"coveragePercent":100.0,"knownUnitCount":1,"method":"complete_unit_sum","provenance":{"evidenceCount":0,"recordIds":["wattlas-record-gemunit-g100001060501"],"sourceIds":["gem-global-integrated-power-tracker"],"sourceTypes":["research_verified"],"valueKind":"reported"},"totalUnitCount":1},"operatingCapacityMw":1.1,"operatingCapacityMwByTechnology":{"solar":1.1},"plannedCapacityCoverage":{"coveragePercent":0.0,"knownUnitCount":0,"method":"unavailable","totalUnitCount":0},"plannedCapacityMw":0.0,"plannedCapacityMwByTechnology":{},"recordCount":1,"recordIds":["wattlas-record-gemunit-g100001060501"],"sourceIds":["gem-global-integrated-power-tracker"],"sourceUrl":"https://www.gem.wiki/Town_Of_Laktaši_solar_project_III","technologies":["solar"],"technologyMixMw":{"solar":1.1},"unitCount":1,"unitIds":["gem-unit-G100001060501"]},"type":"Feature"},{"geometry":{"coordinates":[18.4383,42.8896],"type":"Point"},"id":"wattlas-plant-gemplant-l100001052708","properties":{"aliases":["--","Republika Srpska solar project XII"],"canonicalAnchor":"gemplant:L100001052708","canonicalCountryKey":"BA","capacityMw":2.5,"country":"BA","externalIds":{"gemPlant":"L100001052708","gemUnit":"G100001060502"},"gemWikiUrl":"https://www.gem.wiki/Republika_Srpska_solar_project_XII","geographyId":"BA-54001226B66267900922909","id":"wattlas-plant-gemplant-l100001052708","lifecycleCounts":{"operational":1},"locationPrecision":"exact","name":"Republika Srpska solar project XII","operatingCapacityCoverage":{"coveragePercent":100.0,"knownUnitCount":1,"method":"complete_unit_sum","provenance":{"evidenceCount":0,"recordIds":["wattlas-record-gemunit-g100001060502"],"sourceIds":["gem-global-integrated-power-tracker"],"sourceTypes":["research_verified"],"valueKind":"reported"},"totalUnitCount":1},"operatingCapacityMw":2.5,"operatingCapacityMwByTechnology":{"solar":2.5},"plannedCapacityCoverage":{"coveragePercent":0.0,"knownUnitCount":0,"method":"unavailable","totalUnitCount":0},"plannedCapacityMw":0.0,"plannedCapacityMwByTechnology":{},"recordCount":1,"recordIds":["wattlas-record-gemunit-g100001060502"],"sourceIds":["gem-global-integrated-power-tracker"],"sourceUrl":"https://www.gem.wiki/Republika_Srpska_solar_project_XII","technologies":["solar"],"technologyMixMw":{"solar":2.5},"unitCount":1,"unitIds":["gem-unit-G100001060502"]},"type":"Feature"},{"geometry":{"coordinates":[17.7006,43.1989],"type":"Point"},"id":"wattlas-plant-gemplant-l100001052709","properties":{"aliases":["--","Federation Of Bosnia And Herzegovina solar project X"],"canonicalAnchor":"gemplant:L100001052709","canonicalCountryKey":"BA","capacityMw":1.8,"country":"BA","externalIds":{"gemPlant":"L100001052709","gemUnit":"G100001060503"},"gemWikiUrl":"https://www.gem.wiki/Federation_Of_Bosnia_And_Herzegovina_solar_project_X","geographyId":"BA-54001226B17629474923252","id":"wattlas-plant-gemplant-l100001052709","lifecycleCounts":{"operational":1},"locationPrecision":"exact","name":"Federation Of Bosnia And Herzegovina solar project X","operatingCapacityCoverage":{"coveragePercent":100.0,"knownUnitCount":1,"method":"complete_unit_sum","provenance":{"evidenceCount":0,"recordIds":["wattlas-record-gemunit-g100001060503"],"sourceIds":["gem-global-integrated-power-tracker"],"sourceTypes":["research_verified"],"valueKind":"reported"},"totalUnitCount":1},"operatingCapacityMw":1.8,"operatingCapacityMwByTechnology":{"solar":1.8},"plannedCapacityCoverage":{"coveragePercent":0.0,"knownUnitCount":0,"method":"unavailable","totalUnitCount":0},"plannedCapacityMw":0.0,"plannedCapacityMwByTechnology":{},"recordCount":1,"recordIds":["wattlas-record-gemunit-g100001060503"],"sourceIds":["gem-global-integrated-power-tracker"],"sourceUrl":"https://www.gem.wiki/Federation_Of_Bosnia_And_Herzegovina_solar_project_X","technologies":["solar"],"technologyMixMw":{"solar":1.8},"unitCount":1,"unitIds":["gem-unit-G100001060503"]},"type":"Feature"},{"geometry":{"coordinates":[16.25,44.6174],"type":"Point"},"id":"wattlas-plant-gemplant-l100001052710","properties":{"aliases":["--","Federation Of Bosnia And Herzegovina solar project XI"],"canonicalAnchor":"gemplant:L100001052710","canonicalCountryKey":"BA","capacityMw":4.9,"country":"BA","externalIds":{"gemPlant":"L100001052710","gemUnit":"G100001060504"},"gemWikiUrl":"https://www.gem.wiki/Federation_Of_Bosnia_And_Herzegovina_solar_project_XI","geographyId":"BA-54001226B17629474923252","id":"wattlas-plant-gemplant-l100001052710","lifecycleCounts":{"operational":1},"locationPrecision":"exact","name":"Federation Of Bosnia And Herzegovina solar project XI","operatingCapacityCoverage":{"coveragePercent":100.0,"knownUnitCount":1,"method":"complete_unit_sum","provenance":{"evidenceCount":0,"recordIds":["wattlas-record-gemunit-g100001060504"],"sourceIds":["gem-global-integrated-power-tracker"],"sourceTypes":["research_verified"],"valueKind":"reported"},"totalUnitCount":1},"operatingCapacityMw":4.9,"operatingCapacityMwByTechnology":{"solar":4.9},"plannedCapacityCoverage":{"coveragePercent":0.0,"knownUnitCount":0,"method":"unavailable","totalUnitCount":0},"plannedCapacityMw":0.0,"plannedCapacityMwByTechnology":{},"recordCount":1,"recordIds":["wattlas-record-gemunit-g100001060504"],"sourceIds":["gem-global-integrated-power-tracker"],"sourceUrl":"https://www.gem.wiki/Federation_Of_Bosnia_And_Herzegovina_solar_project_XI","technologies":["solar"],"technologyMixMw":{"solar":4.9},"unitCount":1,"unitIds":["gem-unit-G100001060504"]},"type":"Feature"},{"geometry":{"coordinates":[17.1055,45.1031],"type":"Point"},"id":"wattlas-plant-gemplant-l100001052711","properties":{"aliases":["--","Town Of Gradiška solar project IV"],"canonicalAnchor":"gemplant:L100001052711","canonicalCountryKey":"BA","capacityMw":1.4,"country":"BA","externalIds":{"gemPlant":"L100001052711","gemUnit":"G100001060505"},"gemWikiUrl":"https://www.gem.wiki/Town_Of_Gradiška_solar_project_IV","geographyId":"BA-54001226B66267900922909","id":"wattlas-plant-gemplant-l100001052711","lifecycleCounts":{"operational":1},"locationPrecision":"exact","name":"Town Of Gradiška solar project IV","operatingCapacityCoverage":{"coveragePercent":100.0,"knownUnitCount":1,"method":"complete_unit_sum","provenance":{"evidenceCount":0,"recordIds":["wattlas-record-gemunit-g100001060505"],"sourceIds":["gem-global-integrated-power-tracker"],"sourceTypes":["research_verified"],"valueKind":"reported"},"totalUnitCount":1},"operatingCapacityMw":1.4,"operatingCapacityMwByTechnology":{"solar":1.4},"plannedCapacityCoverage":{"coveragePercent":0.0,"knownUnitCount":0,"method":"unavailable","totalUnitCount":0},"plannedCapacityMw":0.0,"plannedCapacityMwByTechnology":{},"recordCount":1,"recordIds":["wattlas-record-gemunit-g100001060505"],"sourceIds":["gem-global-integrated-power-tracker"],"sourceUrl":"https://www.gem.wiki/Town_Of_Gradiška_solar_project_IV","technologies":["solar"],"technologyMixMw":{"solar":1.4},"unitCount":1,"unitIds":["gem-unit-G100001060505"]},"type":"Feature"},{"geometry":{"coordinates":[17.7841,43.2374],"type":"Point"},"id":"wattlas-plant-gemplant-l100001052712","properties":{"aliases":["--","Local Community Slipčići City Of Mostar solar project II"],"canonicalAnchor":"gemplant:L100001052712","canonicalCountryKey":"BA","capacityMw":6.4,"country":"BA","externalIds":{"gemPlant":"L100001052712","gemUnit":"G100001060506"},"gemWikiUrl":"https://www.gem.wiki/Local_Community_Slipčići_City_Of_Mostar_solar_project_II","geographyId":"BA-54001226B17629474923252","id":"wattlas-plant-gemplant-l100001052712","lifecycleCounts":{"operational":1},"locationPrecision":"exact","name":"Local Community Slipčići City Of Mostar solar project II","operatingCapacityCoverage":{"coveragePercent":100.0,"knownUnitCount":1,"method":"complete_unit_sum","provenance":{"evidenceCount":0,"recordIds":["wattlas-record-gemunit-g100001060506"],"sourceIds":["gem-global-integrated-power-tracker"],"sourceTypes":["research_verified"],"valueKind":"reported"},"totalUnitCount":1},"operatingCapacityMw":6.4,"operatingCapacityMwByTechnology":{"solar":6.4},"plannedCapacityCoverage":{"coveragePercent":0.0,"knownUnitCount":0,"method":"unavailable","totalUnitCount":0},"plannedCapacityMw":0.0,"plannedCapacityMwByTechnology":{},"recordCount":1,"recordIds":["wattlas-record-gemunit-g100001060506"],"sourceIds":["gem-global-integrated-power-tracker"],"sourceUrl":"https://www.gem.wiki/Local_Community_Slipčići_City_Of_Mostar_solar_project_II","technologies":["solar"],"technologyMixMw":{"solar":6.4},"unitCount":1,"unitIds":["gem-unit-G100001060506"]},"type":"Feature"},{"geometry":{"coordinates":[18.3772,44.9807],"type":"Point"},"id":"wattlas-plant-gemplant-l100001052713","properties":{"aliases":["--","Republika Srpska solar project XIII"],"canonicalAnchor":"gemplant:L100001052713","canonicalCountryKey":"BA","capacityMw":2.3,"country":"BA","externalIds":{"gemPlant":"L100001052713","gemUnit":"G100001060507"},"gemWikiUrl":"https://www.gem.wiki/Republika_Srpska_solar_project_XIII","geographyId":"BA-54001226B66267900922909","id":"wattlas-plant-gemplant-l100001052713","lifecycleCounts":{"operational":1},"locationPrecision":"exact","name":"Republika Srpska solar project XIII","operatingCapacityCoverage":{"coveragePercent":100.0,"knownUnitCount":1,"method":"complete_unit_sum","provenance":{"evidenceCount":0,"recordIds":["wattlas-record-gemunit-g100001060507"],"sourceIds":["gem-global-integrated-power-tracker"],"sourceTypes":["research_verified"],"valueKind":"reported"},"totalUnitCount":1},"operatingCapacityMw":2.3,"operatingCapacityMwByTechnology":{"solar":2.3},"plannedCapacityCoverage":{"coveragePercent":0.0,"knownUnitCount":0,"method":"unavailable","totalUnitCount":0},"plannedCapacityMw":0.0,"plannedCapacityMwByTechnology":{},"recordCount":1,"recordIds":["wattlas-record-gemunit-g100001060507"],"sourceIds":["gem-global-integrated-power-tracker"],"sourceUrl":"https://www.gem.wiki/Republika_Srpska_solar_project_XIII","technologies":["solar"],"technologyMixMw":{"solar":2.3},"unitCount":1,"unitIds":["gem-unit-G100001060507"]},"type":"Feature"},{"geometry":{"coordinates":[17.9212,43.2778],"type":"Point"},"id":"wattlas-plant-gemplant-l100001052714","properties":{"aliases":["--","City Of Mostar solar project I"],"canonicalAnchor":"gemplant:L100001052714","canonicalCountryKey":"BA","capacityMw":1.3,"country":"BA","externalIds":{"gemPlant":"L100001052714","gemUnit":"G100001060508"},"gemWikiUrl":"https://www.gem.wiki/City_Of_Mostar_solar_project_I","geographyId":"BA-54001226B17629474923252","id":"wattlas-plant-gemplant-l100001052714","lifecycleCounts":{"operational":1},"locationPrecision":"exact","name":"City Of Mostar solar project I","operatingCapacityCoverage":{"coveragePercent":100.0,"knownUnitCount":1,"method":"complete_unit_sum","provenance":{"evidenceCount":0,"recordIds":["wattlas-record-gemunit-g100001060508"],"sourceIds":["gem-global-integrated-power-tracker"],"sourceTypes":["research_verified"],"valueKind":"reported"},"totalUnitCount":1},"operatingCapacityMw":1.3,"operatingCapacityMwByTechnology":{"solar":1.3},"plannedCapacityCoverage":{"coveragePercent":0.0,"knownUnitCount":0,"method":"unavailable","totalUnitCount":0},"plannedCapacityMw":0.0,"plannedCapacityMwByTechnology":{},"recordCount":1,"recordIds":["wattlas-record-gemunit-g100001060508"],"sourceIds":["gem-global-integrated-power-tracker"],"sourceUrl":"https://www.gem.wiki/City_Of_Mostar_solar_project_I","technologies":["solar"],"technologyMixMw":{"solar":1.3},"unitCount":1,"unitIds":["gem-unit-G100001060508"]},"type":"Feature"},{"geometry":{"coordinates":[17.4885,44.0711],"type":"Point"},"id":"wattlas-plant-gemplant-l100001052715","properties":{"aliases":["--","Federation Of Bosnia And Herzegovina solar project XII"],"canonicalAnchor":"gemplant:L100001052715","canonicalCountryKey":"BA","capacityMw":1.3,"country":"BA","externalIds":{"gemPlant":"L100001052715","gemUnit":"G100001060509"},"gemWikiUrl":"https://www.gem.wiki/Federation_Of_Bosnia_And_Herzegovina_solar_project_XII","geographyId":"BA-54001226B17629474923252","id":"wattlas-plant-gemplant-l100001052715","lifecycleCounts":{"operational":1},"locationPrecision":"exact","name":"Federation Of Bosnia And Herzegovina solar project XII","operatingCapacityCoverage":{"coveragePercent":100.0,"knownUnitCount":1,"method":"complete_unit_sum","provenance":{"evidenceCount":0,"recordIds":["wattlas-record-gemunit-g100001060509"],"sourceIds":["gem-global-integrated-power-tracker"],"sourceTypes":["research_verified"],"valueKind":"reported"},"totalUnitCount":1},"operatingCapacityMw":1.3,"operatingCapacityMwByTechnology":{"solar":1.3},"plannedCapacityCoverage":{"coveragePercent":0.0,"knownUnitCount":0,"method":"unavailable","totalUnitCount":0},"plannedCapacityMw":0.0,"plannedCapacityMwByTechnology":{},"recordCount":1,"recordIds":["wattlas-record-gemunit-g100001060509"],"sourceIds":["gem-global-integrated-power-tracker"],"sourceUrl":"https://www.gem.wiki/Federation_Of_Bosnia_And_Herzegovina_solar_project_XII","technologies":["solar"],"technologyMixMw":{"solar":1.3},"unitCount":1,"unitIds":["gem-unit-G100001060509"]},"type":"Feature"},{"geometry":{"coordinates":[18.4498,42.8437],"type":"Point"},"id":"wattlas-plant-gemplant-l100001052716","properties":{"aliases":["--","Republika Srpska solar project XIV"],"canonicalAnchor":"gemplant:L100001052716","canonicalCountryKey":"BA","capacityMw":3.5,"country":"BA","externalIds":{"gemPlant":"L100001052716","gemUnit":"G100001060510"},"gemWikiUrl":"https://www.gem.wiki/Republika_Srpska_solar_project_XIV","geographyId":"BA-54001226B66267900922909","id":"wattlas-plant-gemplant-l100001052716","lifecycleCounts":{"operational":1},"locationPrecision":"exact","name":"Republika Srpska solar project XIV","operatingCapacityCoverage":{"coveragePercent":100.0,"knownUnitCount":1,"method":"complete_unit_sum","provenance":{"evidenceCount":0,"recordIds":["wattlas-record-gemunit-g100001060510"],"sourceIds":["gem-global-integrated-power-tracker"],"sourceTypes":["research_verified"],"valueKind":"reported"},"totalUnitCount":1},"operatingCapacityMw":3.5,"operatingCapacityMwByTechnology":{"solar":3.5},"plannedCapacityCoverage":{"coveragePercent":0.0,"knownUnitCount":0,"method":"unavailable","totalUnitCount":0},"plannedCapacityMw":0.0,"plannedCapacityMwByTechnology":{},"recordCount":1,"recordIds":["wattlas-record-gemunit-g100001060510"],"sourceIds":["gem-global-integrated-power-tracker"],"sourceUrl":"https://www.gem.wiki/Republika_Srpska_solar_project_XIV","technologies":["solar"],"technologyMixMw":{"solar":3.5},"unitCount":1,"unitIds":["gem-unit-G100001060510"]},"type":"Feature"},{"geometry":{"coordinates":[17.7709,43.2999],"type":"Point"},"id":"wattlas-plant-gemplant-l100001052717","properties":{"aliases":["--","Local Community Kruševo City Of Mostar solar project II"],"canonicalAnchor":"gemplant:L100001052717","canonicalCountryKey":"BA","capacityMw":6.3,"country":"BA","externalIds":{"gemPlant":"L100001052717","gemUnit":"G100001060511"},"gemWikiUrl":"https://www.gem.wiki/Local_Community_Kruševo_City_Of_Mostar_solar_project_II","geographyId":"BA-54001226B17629474923252","id":"wattlas-plant-gemplant-l100001052717","lifecycleCounts":{"operational":1},"locationPrecision":"exact","name":"Local Community Kruševo City Of Mostar solar project II","operatingCapacityCoverage":{"coveragePercent":100.0,"knownUnitCount":1,"method":"complete_unit_sum","provenance":{"evidenceCount":0,"recordIds":["wattlas-record-gemunit-g100001060511"],"sourceIds":["gem-global-integrated-power-tracker"],"sourceTypes":["research_verified"],"valueKind":"reported"},"totalUnitCount":1},"operatingCapacityMw":6.3,"operatingCapacityMwByTechnology":{"solar":6.3},"plannedCapacityCoverage":{"coveragePercent":0.0,"knownUnitCount":0,"method":"unavailable","totalUnitCount":0},"plannedCapacityMw":0.0,"plannedCapacityMwByTechnology":{},"recordCount":1,"recordIds":["wattlas-record-gemunit-g100001060511"],"sourceIds":["gem-global-integrated-power-tracker"],"sourceUrl":"https://www.gem.wiki/Local_Community_Kruševo_City_Of_Mostar_solar_project_II","technologies":["solar"],"technologyMixMw":{"solar":6.3},"unitCount":1,"unitIds":["gem-unit-G100001060511"]},"type":"Feature"},{"geometry":{"coordinates":[18.929,44.6025],"type":"Point"},"id":"wattlas-plant-gemplant-l100001052718","properties":{"aliases":["--","Republika Srpska solar project XV"],"canonicalAnchor":"gemplant:L100001052718","canonicalCountryKey":"BA","capacityMw":1.3,"country":"BA","externalIds":{"gemPlant":"L100001052718","gemUnit":"G100001060512"},"gemWikiUrl":"https://www.gem.wiki/Republika_Srpska_solar_project_XV","geographyId":"BA-54001226B66267900922909","id":"wattlas-plant-gemplant-l100001052718","lifecycleCounts":{"operational":1},"locationPrecision":"exact","name":"Republika Srpska solar project XV","operatingCapacityCoverage":{"coveragePercent":100.0,"knownUnitCount":1,"method":"complete_unit_sum","provenance":{"evidenceCount":0,"recordIds":["wattlas-record-gemunit-g100001060512"],"sourceIds":["gem-global-integrated-power-tracker"],"sourceTypes":["research_verified"],"valueKind":"reported"},"totalUnitCount":1},"operatingCapacityMw":1.3,"operatingCapacityMwByTechnology":{"solar":1.3},"plannedCapacityCoverage":{"coveragePercent":0.0,"knownUnitCount":0,"method":"unavailable","totalUnitCount":0},"plannedCapacityMw":0.0,"plannedCapacityMwByTechnology":{},"recordCount":1,"recordIds":["wattlas-record-gemunit-g100001060512"],"sourceIds":["gem-global-integrated-power-tracker"],"sourceUrl":"https://www.gem.wiki/Republika_Srpska_solar_project_XV","technologies":["solar"],"technologyMixMw":{"solar":1.3},"unitCount":1,"unitIds":["gem-unit-G100001060512"]},"type":"Feature"},{"geometry":{"coordinates":[17.5629,43.1938],"type":"Point"},"id":"wattlas-plant-gemplant-l100001052719","properties":{"aliases":["--","Grad Ljubuški solar project IV"],"canonicalAnchor":"gemplant:L100001052719","canonicalCountryKey":"BA","capacityMw":1.4,"country":"BA","externalIds":{"gemPlant":"L100001052719","gemUnit":"G100001060513"},"gemWikiUrl":"https://www.gem.wiki/Grad_Ljubuški_solar_project_IV","geographyId":"BA-54001226B17629474923252","id":"wattlas-plant-gemplant-l100001052719","lifecycleCounts":{"operational":1},"locationPrecision":"exact","name":"Grad Ljubuški solar project IV","operatingCapacityCoverage":{"coveragePercent":100.0,"knownUnitCount":1,"method":"complete_unit_sum","provenance":{"evidenceCount":0,"recordIds":["wattlas-record-gemunit-g100001060513"],"sourceIds":["gem-global-integrated-power-tracker"],"sourceTypes":["research_verified"],"valueKind":"reported"},"totalUnitCount":1},"operatingCapacityMw":1.4,"operatingCapacityMwByTechnology":{"solar":1.4},"plannedCapacityCoverage":{"coveragePercent":0.0,"knownUnitCount":0,"method":"unavailable","totalUnitCount":0},"plannedCapacityMw":0.0,"plannedCapacityMwByTechnology":{},"recordCount":1,"recordIds":["wattlas-record-gemunit-g100001060513"],"sourceIds":["gem-global-integrated-power-tracker"],"sourceUrl":"https://www.gem.wiki/Grad_Ljubuški_solar_project_IV","technologies":["solar"],"technologyMixMw":{"solar":1.4},"unitCount":1,"unitIds":["gem-unit-G100001060513"]},"type":"Feature"},{"geometry":{"coordinates":[17.6231,43.3758],"type":"Point"},"id":"wattlas-plant-gemplant-l100001052720","properties":{"aliases":["--","City Of Široki Brijeg solar project II"],"canonicalAnchor":"gemplant:L100001052720","canonicalCountryKey":"BA","capacityMw":1.5,"country":"BA","externalIds":{"gemPlant":"L100001052720","gemUnit":"G100001060514"},"gemWikiUrl":"https://www.gem.wiki/City_Of_Široki_Brijeg_solar_project_II","geographyId":"BA-54001226B17629474923252","id":"wattlas-plant-gemplant-l100001052720","lifecycleCounts":{"operational":1},"locationPrecision":"exact","name":"City Of Široki Brijeg solar project II","operatingCapacityCoverage":{"coveragePercent":100.0,"knownUnitCount":1,"method":"complete_unit_sum","provenance":{"evidenceCount":0,"recordIds":["wattlas-record-gemunit-g100001060514"],"sourceIds":["gem-global-integrated-power-tracker"],"sourceTypes":["research_verified"],"valueKind":"reported"},"totalUnitCount":1},"operatingCapacityMw":1.5,"operatingCapacityMwByTechnology":{"solar":1.5},"plannedCapacityCoverage":{"coveragePercent":0.0,"knownUnitCount":0,"method":"unavailable","totalUnitCount":0},"plannedCapacityMw":0.0,"plannedCapacityMwByTechnology":{},"recordCount":1,"recordIds":["wattlas-record-gemunit-g100001060514"],"sourceIds":["gem-global-integrated-power-tracker"],"sourceUrl":"https://www.gem.wiki/City_Of_Široki_Brijeg_solar_project_II","technologies":["solar"],"technologyMixMw":{"solar":1.5},"unitCount":1,"unitIds":["gem-unit-G100001060514"]},"type":"Feature"},{"geometry":{"coordinates":[18.133,43.8546],"type":"Point"},"id":"wattlas-plant-gemplant-l100001052721","properties":{"aliases":["--","Federation Of Bosnia And Herzegovina solar project XIII"],"canonicalAnchor":"gemplant:L100001052721","canonicalCountryKey":"BA","capacityMw":1.0,"country":"BA","externalIds":{"gemPlant":"L100001052721","gemUnit":"G100001060515"},"gemWikiUrl":"https://www.gem.wiki/Federation_Of_Bosnia_And_Herzegovina_solar_project_XIII","geographyId":"BA-54001226B17629474923252","id":"wattlas-plant-gemplant-l100001052721","lifecycleCounts":{"operational":1},"locationPrecision":"exact","name":"Federation Of Bosnia And Herzegovina solar project XIII","operatingCapacityCoverage":{"coveragePercent":100.0,"knownUnitCount":1,"method":"complete_unit_sum","provenance":{"evidenceCount":0,"recordIds":["wattlas-record-gemunit-g100001060515"],"sourceIds":["gem-global-integrated-power-tracker"],"sourceTypes":["research_verified"],"valueKind":"reported"},"totalUnitCount":1},"operatingCapacityMw":1.0,"operatingCapacityMwByTechnology":{"solar":1.0},"plannedCapacityCoverage":{"coveragePercent":0.0,"knownUnitCount":0,"method":"unavailable","totalUnitCount":0},"plannedCapacityMw":0.0,"plannedCapacityMwByTechnology":{},"recordCount":1,"recordIds":["wattlas-record-gemunit-g100001060515"],"sourceIds":["gem-global-integrated-power-tracker"],"sourceUrl":"https://www.gem.wiki/Federation_Of_Bosnia_And_Herzegovina_solar_project_XIII","technologies":["solar"],"technologyMixMw":{"solar":1.0},"unitCount":1,"unitIds":["gem-unit-G100001060515"]},"type":"Feature"},{"geometry":{"coordinates":[18.0614,43.9608],"type":"Point"},"id":"wattlas-plant-gemplant-l100001052722","properties":{"aliases":["--","Federation Of Bosnia And Herzegovina solar project XIV"],"canonicalAnchor":"gemplant:L100001052722","canonicalCountryKey":"BA","capacityMw":1.0,"country":"BA","externalIds":{"gemPlant":"L100001052722","gemUnit":"G100001060516"},"gemWikiUrl":"https://www.gem.wiki/Federation_Of_Bosnia_And_Herzegovina_solar_project_XIV","geographyId":"BA-54001226B17629474923252","id":"wattlas-plant-gemplant-l100001052722","lifecycleCounts":{"operational":1},"locationPrecision":"exact","name":"Federation Of Bosnia And Herzegovina solar project XIV","operatingCapacityCoverage":{"coveragePercent":100.0,"knownUnitCount":1,"method":"complete_unit_sum","provenance":{"evidenceCount":0,"recordIds":["wattlas-record-gemunit-g100001060516"],"sourceIds":["gem-global-integrated-power-tracker"],"sourceTypes":["research_verified"],"valueKind":"reported"},"totalUnitCount":1},"operatingCapacityMw":1.0,"operatingCapacityMwByTechnology":{"solar":1.0},"plannedCapacityCoverage":{"coveragePercent":0.0,"knownUnitCount":0,"method":"unavailable","totalUnitCount":0},"plannedCapacityMw":0.0,"plannedCapacityMwByTechnology":{},"recordCount":1,"recordIds":["wattlas-record-gemunit-g100001060516"],"sourceIds":["gem-global-integrated-power-tracker"],"sourceUrl":"https://www.gem.wiki/Federation_Of_Bosnia_And_Herzegovina_solar_project_XIV","technologies":["solar"],"technologyMixMw":{"solar":1.0},"unitCount":1,"unitIds":["gem-unit-G100001060516"]},"type":"Feature"},{"geometry":{"coordinates":[18.1435,43.2586],"type":"Point"},"id":"wattlas-plant-gemplant-l100001052723","properties":{"aliases":["--","Republika Srpska solar project XVI"],"canonicalAnchor":"gemplant:L100001052723","canonicalCountryKey":"BA","capacityMw":1.1,"country":"BA","externalIds":{"gemPlant":"L100001052723","gemUnit":"G100001060517"},"gemWikiUrl":"https://www.gem.wiki/Republika_Srpska_solar_project_XVI","geographyId":"BA-54001226B66267900922909","id":"wattlas-plant-gemplant-l100001052723","lifecycleCounts":{"operational":1},"locationPrecision":"exact","name":"Republika Srpska solar project XVI","operatingCapacityCoverage":{"coveragePercent":100.0,"knownUnitCount":1,"method":"complete_unit_sum","provenance":{"evidenceCount":0,"recordIds":["wattlas-record-gemunit-g100001060517"],"sourceIds":["gem-global-integrated-power-tracker"],"sourceTypes":["research_verified"],"valueKind":"reported"},"totalUnitCount":1},"operatingCapacityMw":1.1,"operatingCapacityMwByTechnology":{"solar":1.1},"plannedCapacityCoverage":{"coveragePercent":0.0,"knownUnitCount":0,"method":"unavailable","totalUnitCount":0},"plannedCapacityMw":0.0,"plannedCapacityMwByTechnology":{},"recordCount":1,"recordIds":["wattlas-record-gemunit-g100001060517"],"sourceIds":["gem-global-integrated-power-tracker"],"sourceUrl":"https://www.gem.wiki/Republika_Srpska_solar_project_XVI","technologies":["solar"],"technologyMixMw":{"solar":1.1},"unitCount":1,"unitIds":["gem-unit-G100001060517"]},"type":"Feature"},{"geometry":{"coordinates":[18.3841,42.904],"type":"Point"},"id":"wattlas-plant-gemplant-l100001052724","properties":{"aliases":["--","Republika Srpska solar project XVII"],"canonicalAnchor":"gemplant:L100001052724","canonicalCountryKey":"BA","capacityMw":1.6,"country":"BA","externalIds":{"gemPlant":"L100001052724","gemUnit":"G100001060518"},"gemWikiUrl":"https://www.gem.wiki/Republika_Srpska_solar_project_XVII","geographyId":"BA-54001226B66267900922909","id":"wattlas-plant-gemplant-l100001052724","lifecycleCounts":{"operational":1},"locationPrecision":"exact","name":"Republika Srpska solar project XVII","operatingCapacityCoverage":{"coveragePercent":100.0,"knownUnitCount":1,"method":"complete_unit_sum","provenance":{"evidenceCount":0,"recordIds":["wattlas-record-gemunit-g100001060518"],"sourceIds":["gem-global-integrated-power-tracker"],"sourceTypes":["research_verified"],"valueKind":"reported"},"totalUnitCount":1},"operatingCapacityMw":1.6,"operatingCapacityMwByTechnology":{"solar":1.6},"plannedCapacityCoverage":{"coveragePercent":0.0,"knownUnitCount":0,"method":"unavailable","totalUnitCount":0},"plannedCapacityMw":0.0,"plannedCapacityMwByTechnology":{},"recordCount":1,"recordIds":["wattlas-record-gemunit-g100001060518"],"sourceIds":["gem-global-integrated-power-tracker"],"sourceUrl":"https://www.gem.wiki/Republika_Srpska_solar_project_XVII","technologies":["solar"],"technologyMixMw":{"solar":1.6},"unitCount":1,"unitIds":["gem-unit-G100001060518"]},"type":"Feature"},{"geometry":{"coordinates":[18.5817,44.8993],"type":"Point"},"id":"wattlas-plant-gemplant-l100001052725","properties":{"aliases":["--","Republika Srpska solar project XVIII"],"canonicalAnchor":"gemplant:L100001052725","canonicalCountryKey":"BA","capacityMw":2.5,"country":"BA","externalIds":{"gemPlant":"L100001052725","gemUnit":"G100001060519"},"gemWikiUrl":"https://www.gem.wiki/Republika_Srpska_solar_project_XVIII","geographyId":"BA-54001226B66267900922909","id":"wattlas-plant-gemplant-l100001052725","lifecycleCounts":{"operational":1},"locationPrecision":"exact","name":"Republika Srpska solar project XVIII","operatingCapacityCoverage":{"coveragePercent":100.0,"knownUnitCount":1,"method":"complete_unit_sum","provenance":{"evidenceCount":0,"recordIds":["wattlas-record-gemunit-g100001060519"],"sourceIds":["gem-global-integrated-power-tracker"],"sourceTypes":["research_verified"],"valueKind":"reported"},"totalUnitCount":1},"operatingCapacityMw":2.5,"operatingCapacityMwByTechnology":{"solar":2.5},"plannedCapacityCoverage":{"coveragePercent":0.0,"knownUnitCount":0,"method":"unavailable","totalUnitCount":0},"plannedCapacityMw":0.0,"plannedCapacityMwByTechnology":{},"recordCount":1,"recordIds":["wattlas-record-gemunit-g100001060519"],"sourceIds":["gem-global-integrated-power-tracker"],"sourceUrl":"https://www.gem.wiki/Republika_Srpska_solar_project_XVIII","technologies":["solar"],"technologyMixMw":{"solar":2.5},"unitCount":1,"unitIds":["gem-unit-G100001060519"]},"type":"Feature"},{"geometry":{"coordinates":[17.5023,43.3876],"type":"Point"},"id":"wattlas-plant-gemplant-l100001052726","properties":{"aliases":["--","City Of Široki Brijeg solar project III"],"canonicalAnchor":"gemplant:L100001052726","canonicalCountryKey":"BA","capacityMw":1.0,"country":"BA","externalIds":{"gemPlant":"L100001052726","gemUnit":"G100001060520"},"gemWikiUrl":"https://www.gem.wiki/City_Of_Široki_Brijeg_solar_project_III","geographyId":"BA-54001226B17629474923252","id":"wattlas-plant-gemplant-l100001052726","lifecycleCounts":{"operational":1},"locationPrecision":"exact","name":"City Of Široki Brijeg solar project III","operatingCapacityCoverage":{"coveragePercent":100.0,"knownUnitCount":1,"method":"complete_unit_sum","provenance":{"evidenceCount":0,"recordIds":["wattlas-record-gemunit-g100001060520"],"sourceIds":["gem-global-integrated-power-tracker"],"sourceTypes":["research_verified"],"valueKind":"reported"},"totalUnitCount":1},"operatingCapacityMw":1.0,"operatingCapacityMwByTechnology":{"solar":1.0},"plannedCapacityCoverage":{"coveragePercent":0.0,"knownUnitCount":0,"method":"unavailable","totalUnitCount":0},"plannedCapacityMw":0.0,"plannedCapacityMwByTechnology":{},"recordCount":1,"recordIds":["wattlas-record-gemunit-g100001060520"],"sourceIds":["gem-global-integrated-power-tracker"],"sourceUrl":"https://www.gem.wiki/City_Of_Široki_Brijeg_solar_project_III","technologies":["solar"],"technologyMixMw":{"solar":1.0},"unitCount":1,"unitIds":["gem-unit-G100001060520"]},"type":"Feature"},{"geometry":{"coordinates":[17.3701,43.4408],"type":"Point"},"id":"wattlas-plant-gemplant-l100001052727","properties":{"aliases":["--","Federation Of Bosnia And Herzegovina solar project XV"],"canonicalAnchor":"gemplant:L100001052727","canonicalCountryKey":"BA","capacityMw":1.8,"country":"BA","externalIds":{"gemPlant":"L100001052727","gemUnit":"G100001060521"},"gemWikiUrl":"https://www.gem.wiki/Federation_Of_Bosnia_And_Herzegovina_solar_project_XV","geographyId":"BA-54001226B17629474923252","id":"wattlas-plant-gemplant-l100001052727","lifecycleCounts":{"operational":1},"locationPrecision":"exact","name":"Federation Of Bosnia And Herzegovina solar project XV","operatingCapacityCoverage":{"coveragePercent":100.0,"knownUnitCount":1,"method":"complete_unit_sum","provenance":{"evidenceCount":0,"recordIds":["wattlas-record-gemunit-g100001060521"],"sourceIds":["gem-global-integrated-power-tracker"],"sourceTypes":["research_verified"],"valueKind":"reported"},"totalUnitCount":1},"operatingCapacityMw":1.8,"operatingCapacityMwByTechnology":{"solar":1.8},"plannedCapacityCoverage":{"coveragePercent":0.0,"knownUnitCount":0,"method":"unavailable","totalUnitCount":0},"plannedCapacityMw":0.0,"plannedCapacityMwByTechnology":{},"recordCount":1,"recordIds":["wattlas-record-gemunit-g100001060521"],"sourceIds":["gem-global-integrated-power-tracker"],"sourceUrl":"https://www.gem.wiki/Federation_Of_Bosnia_And_Herzegovina_solar_project_XV","technologies":["solar"],"technologyMixMw":{"solar":1.8},"unitCount":1,"unitIds":["gem-unit-G100001060521"]},"type":"Feature"},{"geometry":{"coordinates":[16.38,44.5271],"type":"Point"},"id":"wattlas-plant-gemplant-l100001052728","properties":{"aliases":["--","Federation Of Bosnia And Herzegovina solar project XVI"],"canonicalAnchor":"gemplant:L100001052728","canonicalCountryKey":"BA","capacityMw":1.4,"country":"BA","externalIds":{"gemPlant":"L100001052728","gemUnit":"G100001060522"},"gemWikiUrl":"https://www.gem.wiki/Federation_Of_Bosnia_And_Herzegovina_solar_project_XVI","geographyId":"BA-54001226B17629474923252","id":"wattlas-plant-gemplant-l100001052728","lifecycleCounts":{"operational":1},"locationPrecision":"exact","name":"Federation Of Bosnia And Herzegovina solar project XVI","operatingCapacityCoverage":{"coveragePercent":100.0,"knownUnitCount":1,"method":"complete_unit_sum","provenance":{"evidenceCount":0,"recordIds":["wattlas-record-gemunit-g100001060522"],"sourceIds":["gem-global-integrated-power-tracker"],"sourceTypes":["research_verified"],"valueKind":"reported"},"totalUnitCount":1},"operatingCapacityMw":1.4,"operatingCapacityMwByTechnology":{"solar":1.4},"plannedCapacityCoverage":{"coveragePercent":0.0,"knownUnitCount":0,"method":"unavailable","totalUnitCount":0},"plannedCapacityMw":0.0,"plannedCapacityMwByTechnology":{},"recordCount":1,"recordIds":["wattlas-record-gemunit-g100001060522"],"sourceIds":["gem-global-integrated-power-tracker"],"sourceUrl":"https://www.gem.wiki/Federation_Of_Bosnia_And_Herzegovina_solar_project_XVI","technologies":["solar"],"technologyMixMw":{"solar":1.4},"unitCount":1,"unitIds":["gem-unit-G100001060522"]},"type":"Feature"},{"geometry":{"coordinates":[17.0657,45.1077],"type":"Point"},"id":"wattlas-plant-gemplant-l100001052729","properties":{"aliases":["--","Town Of Gradiška solar project V"],"canonicalAnchor":"gemplant:L100001052729","canonicalCountryKey":"BA","capacityMw":1.1,"country":"BA","externalIds":{"gemPlant":"L100001052729","gemUnit":"G100001060523"},"gemWikiUrl":"https://www.gem.wiki/Town_Of_Gradiška_solar_project_V","geographyId":"BA-54001226B66267900922909","id":"wattlas-plant-gemplant-l100001052729","lifecycleCounts":{"operational":1},"locationPrecision":"exact","name":"Town Of Gradiška solar project V","operatingCapacityCoverage":{"coveragePercent":100.0,"knownUnitCount":1,"method":"complete_unit_sum","provenance":{"evidenceCount":0,"recordIds":["wattlas-record-gemunit-g100001060523"],"sourceIds":["gem-global-integrated-power-tracker"],"sourceTypes":["research_verified"],"valueKind":"reported"},"totalUnitCount":1},"operatingCapacityMw":1.1,"operatingCapacityMwByTechnology":{"solar":1.1},"plannedCapacityCoverage":{"coveragePercent":0.0,"knownUnitCount":0,"method":"unavailable","totalUnitCount":0},"plannedCapacityMw":0.0,"plannedCapacityMwByTechnology":{},"recordCount":1,"recordIds":["wattlas-record-gemunit-g100001060523"],"sourceIds":["gem-global-integrated-power-tracker"],"sourceUrl":"https://www.gem.wiki/Town_Of_Gradiška_solar_project_V","technologies":["solar"],"technologyMixMw":{"solar":1.1},"unitCount":1,"unitIds":["gem-unit-G100001060523"]},"type":"Feature"},{"geometry":{"coordinates":[18.0341,44.7932],"type":"Point"},"id":"wattlas-plant-gemplant-l100001052730","properties":{"aliases":["--","City Of Doboj solar project"],"canonicalAnchor":"gemplant:L100001052730","canonicalCountryKey":"BA","capacityMw":3.6,"country":"BA","externalIds":{"gemPlant":"L100001052730","gemUnit":"G100001060524"},"gemWikiUrl":"https://www.gem.wiki/City_Of_Doboj_solar_project","geographyId":"BA-54001226B66267900922909","id":"wattlas-plant-gemplant-l100001052730","lifecycleCounts":{"operational":1},"locationPrecision":"exact","name":"City Of Doboj solar project","operatingCapacityCoverage":{"coveragePercent":100.0,"knownUnitCount":1,"method":"complete_unit_sum","provenance":{"evidenceCount":0,"recordIds":["wattlas-record-gemunit-g100001060524"],"sourceIds":["gem-global-integrated-power-tracker"],"sourceTypes":["research_verified"],"valueKind":"reported"},"totalUnitCount":1},"operatingCapacityMw":3.6,"operatingCapacityMwByTechnology":{"solar":3.6},"plannedCapacityCoverage":{"coveragePercent":0.0,"knownUnitCount":0,"method":"unavailable","totalUnitCount":0},"plannedCapacityMw":0.0,"plannedCapacityMwByTechnology":{},"recordCount":1,"recordIds":["wattlas-record-gemunit-g100001060524"],"sourceIds":["gem-global-integrated-power-tracker"],"sourceUrl":"https://www.gem.wiki/City_Of_Doboj_solar_project","technologies":["solar"],"technologyMixMw":{"solar":3.6},"unitCount":1,"unitIds":["gem-unit-G100001060524"]},"type":"Feature"},{"geometry":{"coordinates":[17.9648,44.0679],"type":"Point"},"id":"wattlas-plant-gemplant-l100001052731","properties":{"aliases":["--","Federation Of Bosnia And Herzegovina solar project XVII"],"canonicalAnchor":"gemplant:L100001052731","canonicalCountryKey":"BA","capacityMw":3.7,"country":"BA","externalIds":{"gemPlant":"L100001052731","gemUnit":"G100001060525"},"gemWikiUrl":"https://www.gem.wiki/Federation_Of_Bosnia_And_Herzegovina_solar_project_XVII","geographyId":"BA-54001226B17629474923252","id":"wattlas-plant-gemplant-l100001052731","lifecycleCounts":{"operational":1},"locationPrecision":"exact","name":"Federation Of Bosnia And Herzegovina solar project XVII","operatingCapacityCoverage":{"coveragePercent":100.0,"knownUnitCount":1,"method":"complete_unit_sum","provenance":{"evidenceCount":0,"recordIds":["wattlas-record-gemunit-g100001060525"],"sourceIds":["gem-global-integrated-power-tracker"],"sourceTypes":["research_verified"],"valueKind":"reported"},"totalUnitCount":1},"operatingCapacityMw":3.7,"operatingCapacityMwByTechnology":{"solar":3.7},"plannedCapacityCoverage":{"coveragePercent":0.0,"knownUnitCount":0,"method":"unavailable","totalUnitCount":0},"plannedCapacityMw":0.0,"plannedCapacityMwByTechnology":{},"recordCount":1,"recordIds":["wattlas-record-gemunit-g100001060525"],"sourceIds":["gem-global-integrated-power-tracker"],"sourceUrl":"https://www.gem.wiki/Federation_Of_Bosnia_And_Herzegovina_solar_project_XVII","technologies":["solar"],"technologyMixMw":{"solar":3.7},"unitCount":1,"unitIds":["gem-unit-G100001060525"]},"type":"Feature"},{"geometry":{"coordinates":[17.8274,43.2061],"type":"Point"},"id":"wattlas-plant-gemplant-l100001052732","properties":{"aliases":["--","City Of Mostar solar project II"],"canonicalAnchor":"gemplant:L100001052732","canonicalCountryKey":"BA","capacityMw":2.0,"country":"BA","externalIds":{"gemPlant":"L100001052732","gemUnit":"G100001060526"},"gemWikiUrl":"https://www.gem.wiki/City_Of_Mostar_solar_project_II","geographyId":"BA-54001226B17629474923252","id":"wattlas-plant-gemplant-l100001052732","lifecycleCounts":{"operational":1},"locationPrecision":"exact","name":"City Of Mostar solar project II","operatingCapacityCoverage":{"coveragePercent":100.0,"knownUnitCount":1,"method":"complete_unit_sum","provenance":{"evidenceCount":0,"recordIds":["wattlas-record-gemunit-g100001060526"],"sourceIds":["gem-global-integrated-power-tracker"],"sourceTypes":["research_verified"],"valueKind":"reported"},"totalUnitCount":1},"operatingCapacityMw":2.0,"operatingCapacityMwByTechnology":{"solar":2.0},"plannedCapacityCoverage":{"coveragePercent":0.0,"knownUnitCount":0,"method":"unavailable","totalUnitCount":0},"plannedCapacityMw":0.0,"plannedCapacityMwByTechnology":{},"recordCount":1,"recordIds":["wattlas-record-gemunit-g100001060526"],"sourceIds":["gem-global-integrated-power-tracker"],"sourceUrl":"https://www.gem.wiki/City_Of_Mostar_solar_project_II","technologies":["solar"],"technologyMixMw":{"solar":2.0},"unitCount":1,"unitIds":["gem-unit-G100001060526"]},"type":"Feature"},{"geometry":{"coordinates":[17.9539,43.237],"type":"Point"},"id":"wattlas-plant-gemplant-l100001052733","properties":{"aliases":["--","City Of Mostar solar project III"],"canonicalAnchor":"gemplant:L100001052733","canonicalCountryKey":"BA","capacityMw":1.7,"country":"BA","externalIds":{"gemPlant":"L100001052733","gemUnit":"G100001060527"},"gemWikiUrl":"https://www.gem.wiki/City_Of_Mostar_solar_project_III","geographyId":"BA-54001226B66267900922909","id":"wattlas-plant-gemplant-l100001052733","lifecycleCounts":{"operational":1},"locationPrecision":"exact","name":"City Of Mostar solar project III","operatingCapacityCoverage":{"coveragePercent":100.0,"knownUnitCount":1,"method":"complete_unit_sum","provenance":{"evidenceCount":0,"recordIds":["wattlas-record-gemunit-g100001060527"],"sourceIds":["gem-global-integrated-power-tracker"],"sourceTypes":["research_verified"],"valueKind":"reported"},"totalUnitCount":1},"operatingCapacityMw":1.7,"operatingCapacityMwByTechnology":{"solar":1.7},"plannedCapacityCoverage":{"coveragePercent":0.0,"knownUnitCount":0,"method":"unavailable","totalUnitCount":0},"plannedCapacityMw":0.0,"plannedCapacityMwByTechnology":{},"recordCount":1,"recordIds":["wattlas-record-gemunit-g100001060527"],"sourceIds":["gem-global-integrated-power-tracker"],"sourceUrl":"https://www.gem.wiki/City_Of_Mostar_solar_project_III","technologies":["solar"],"technologyMixMw":{"solar":1.7},"unitCount":1,"unitIds":["gem-unit-G100001060527"]},"type":"Feature"},{"geometry":{"coordinates":[17.3412,45.1254],"type":"Point"},"id":"wattlas-plant-gemplant-l100001052734","properties":{"aliases":["--","Town Of Gradiška solar project VI"],"canonicalAnchor":"gemplant:L100001052734","canonicalCountryKey":"BA","capacityMw":1.6,"country":"BA","externalIds":{"gemPlant":"L100001052734","gemUnit":"G100001060528"},"gemWikiUrl":"https://www.gem.wiki/Town_Of_Gradiška_solar_project_VI","geographyId":"BA-54001226B66267900922909","id":"wattlas-plant-gemplant-l100001052734","lifecycleCounts":{"operational":1},"locationPrecision":"exact","name":"Town Of Gradiška solar project VI","operatingCapacityCoverage":{"coveragePercent":100.0,"knownUnitCount":1,"method":"complete_unit_sum","provenance":{"evidenceCount":0,"recordIds":["wattlas-record-gemunit-g100001060528"],"sourceIds":["gem-global-integrated-power-tracker"],"sourceTypes":["research_verified"],"valueKind":"reported"},"totalUnitCount":1},"operatingCapacityMw":1.6,"operatingCapacityMwByTechnology":{"solar":1.6},"plannedCapacityCoverage":{"coveragePercent":0.0,"knownUnitCount":0,"method":"unavailable","totalUnitCount":0},"plannedCapacityMw":0.0,"plannedCapacityMwByTechnology":{},"recordCount":1,"recordIds":["wattlas-record-gemunit-g100001060528"],"sourceIds":["gem-global-integrated-power-tracker"],"sourceUrl":"https://www.gem.wiki/Town_Of_Gradiška_solar_project_VI","technologies":["solar"],"technologyMixMw":{"solar":1.6},"unitCount":1,"unitIds":["gem-unit-G100001060528"]},"type":"Feature"},{"geometry":{"coordinates":[17.0544,45.0536],"type":"Point"},"id":"wattlas-plant-gemplant-l100001052735","properties":{"aliases":["--","Town Of Gradiška solar project VII"],"canonicalAnchor":"gemplant:L100001052735","canonicalCountryKey":"BA","capacityMw":1.7,"country":"BA","externalIds":{"gemPlant":"L100001052735","gemUnit":"G100001060529"},"gemWikiUrl":"https://www.gem.wiki/Town_Of_Gradiška_solar_project_VII","geographyId":"BA-54001226B66267900922909","id":"wattlas-plant-gemplant-l100001052735","lifecycleCounts":{"operational":1},"locationPrecision":"exact","name":"Town Of Gradiška solar project VII","operatingCapacityCoverage":{"coveragePercent":100.0,"knownUnitCount":1,"method":"complete_unit_sum","provenance":{"evidenceCount":0,"recordIds":["wattlas-record-gemunit-g100001060529"],"sourceIds":["gem-global-integrated-power-tracker"],"sourceTypes":["research_verified"],"valueKind":"reported"},"totalUnitCount":1},"operatingCapacityMw":1.7,"operatingCapacityMwByTechnology":{"solar":1.7},"plannedCapacityCoverage":{"coveragePercent":0.0,"knownUnitCount":0,"method":"unavailable","totalUnitCount":0},"plannedCapacityMw":0.0,"plannedCapacityMwByTechnology":{},"recordCount":1,"recordIds":["wattlas-record-gemunit-g100001060529"],"sourceIds":["gem-global-integrated-power-tracker"],"sourceUrl":"https://www.gem.wiki/Town_Of_Gradiška_solar_project_VII","technologies":["solar"],"technologyMixMw":{"solar":1.7},"unitCount":1,"unitIds":["gem-unit-G100001060529"]},"type":"Feature"},{"geometry":{"coordinates":[17.2404,44.4279],"type":"Point"},"id":"wattlas-plant-gemplant-l100001054554","properties":{"aliases":["Jajce II hydroelectric plant"],"canonicalAnchor":"gemplant:L100001054554","canonicalCountryKey":"BA","capacityMw":30.0,"country":"BA","externalIds":{"gemPlant":"L100001054554","gemUnit":"G100001062446"},"gemWikiUrl":"https://www.gem.wiki/Jajce_II_hydroelectric_plant","geographyId":"BA-54001226B17629474923252","id":"wattlas-plant-gemplant-l100001054554","lifecycleCounts":{"operational":1},"locationPrecision":"exact","name":"Jajce II hydroelectric plant","operatingCapacityCoverage":{"coveragePercent":100.0,"knownUnitCount":1,"method":"complete_unit_sum","provenance":{"evidenceCount":0,"recordIds":["wattlas-record-gemunit-g100001062446"],"sourceIds":["gem-global-integrated-power-tracker"],"sourceTypes":["research_verified"],"valueKind":"reported"},"totalUnitCount":1},"operatingCapacityMw":30.0,"operatingCapacityMwByTechnology":{"hydro":30.0},"plannedCapacityCoverage":{"coveragePercent":0.0,"knownUnitCount":0,"method":"unavailable","totalUnitCount":0},"plannedCapacityMw":0.0,"plannedCapacityMwByTechnology":{},"recordCount":1,"recordIds":["wattlas-record-gemunit-g100001062446"],"sourceIds":["gem-global-integrated-power-tracker"],"sourceUrl":"https://www.gem.wiki/Jajce_II_hydroelectric_plant","technologies":["hydro"],"technologyMixMw":{"hydro":30.0},"unitCount":1,"unitIds":["gem-unit-G100001062446"]},"type":"Feature"},{"geometry":{"coordinates":[17.3261,43.3375],"type":"Point"},"id":"wattlas-plant-gemplant-l100001054555","properties":{"aliases":["Peć Mlini hydroelectric plant"],"canonicalAnchor":"gemplant:L100001054555","canonicalCountryKey":"BA","capacityMw":30.0,"country":"BA","externalIds":{"gemPlant":"L100001054555","gemUnit":"G100001062447"},"gemWikiUrl":"https://www.gem.wiki/Peć_Mlini_hydroelectric_plant","geographyId":"BA-54001226B17629474923252","id":"wattlas-plant-gemplant-l100001054555","lifecycleCounts":{"operational":1},"locationPrecision":"exact","name":"Peć Mlini hydroelectric plant","operatingCapacityCoverage":{"coveragePercent":100.0,"knownUnitCount":1,"method":"complete_unit_sum","provenance":{"evidenceCount":0,"recordIds":["wattlas-record-gemunit-g100001062447"],"sourceIds":["gem-global-integrated-power-tracker"],"sourceTypes":["research_verified"],"valueKind":"reported"},"totalUnitCount":1},"operatingCapacityMw":30.0,"operatingCapacityMwByTechnology":{"hydro":30.0},"plannedCapacityCoverage":{"coveragePercent":0.0,"knownUnitCount":0,"method":"unavailable","totalUnitCount":0},"plannedCapacityMw":0.0,"plannedCapacityMwByTechnology":{},"recordCount":1,"recordIds":["wattlas-record-gemunit-g100001062447"],"sourceIds":["gem-global-integrated-power-tracker"],"sourceUrl":"https://www.gem.wiki/Peć_Mlini_hydroelectric_plant","technologies":["hydro"],"technologyMixMw":{"hydro":30.0},"unitCount":1,"unitIds":["gem-unit-G100001062447"]},"type":"Feature"},{"geometry":{"coordinates":[18.324,43.4754],"type":"Point"},"id":"wattlas-plant-gemplant-l100001081883","properties":{"aliases":["Ulog hydroelectric plant"],"canonicalAnchor":"gemplant:L100001081883","canonicalCountryKey":"BA","capacityMw":35.0,"country":"BA","externalIds":{"gemPlant":"L100001081883","gemUnit":"G100001092198"},"gemWikiUrl":"https://www.gem.wiki/Ulog_hydroelectric_plant","geographyId":"BA-54001226B66267900922909","id":"wattlas-plant-gemplant-l100001081883","lifecycleCounts":{"operational":1},"locationPrecision":"exact","name":"Ulog hydroelectric plant","operatingCapacityCoverage":{"coveragePercent":100.0,"knownUnitCount":1,"method":"complete_unit_sum","provenance":{"evidenceCount":0,"recordIds":["wattlas-record-gemunit-g100001092198"],"sourceIds":["gem-global-integrated-power-tracker"],"sourceTypes":["research_verified"],"valueKind":"reported"},"totalUnitCount":1},"operatingCapacityMw":35.0,"operatingCapacityMwByTechnology":{"hydro":35.0},"plannedCapacityCoverage":{"coveragePercent":0.0,"knownUnitCount":0,"method":"unavailable","totalUnitCount":0},"plannedCapacityMw":0.0,"plannedCapacityMwByTechnology":{},"recordCount":1,"recordIds":["wattlas-record-gemunit-g100001092198"],"sourceIds":["gem-global-integrated-power-tracker"],"sourceUrl":"https://www.gem.wiki/Ulog_hydroelectric_plant","technologies":["hydro"],"technologyMixMw":{"hydro":35.0},"unitCount":1,"unitIds":["gem-unit-G100001092198"]},"type":"Feature"},{"geometry":{"coordinates":[17.144177,43.751098],"type":"Point"},"id":"wattlas-plant-osm-relation-10723141","properties":{"aliases":["Vjetropark Jelovača"],"canonicalAnchor":"osm:relation/10723141","canonicalCountryKey":"BA","capacityMw":36.0,"country":"BA","externalIds":{"osm":"relation/10723141"},"geographyId":"BA-54001226B17629474923252","id":"wattlas-plant-osm-relation-10723141","lifecycleCounts":{"operational":1},"locationPrecision":"exact","name":"Vjetropark Jelovača","operatingCapacityCoverage":{"coveragePercent":100.0,"knownUnitCount":0,"method":"plant_aggregate","provenance":{"evidenceCount":0,"recordIds":["wattlas-record-osm-relation-10723141"],"sourceIds":["openstreetmap-power"],"sourceTypes":["community_mapped"],"valueKind":"reported"},"totalUnitCount":0},"operatingCapacityMw":36.0,"operatingCapacityMwByTechnology":{"wind":36.0},"plannedCapacityCoverage":{"coveragePercent":0.0,"knownUnitCount":0,"method":"unavailable","totalUnitCount":0},"plannedCapacityMw":0.0,"plannedCapacityMwByTechnology":{},"recordCount":1,"recordIds":["wattlas-record-osm-relation-10723141"],"sourceIds":["openstreetmap-power"],"sourceUrl":"https://www.openstreetmap.org/relation/10723141","technologies":["wind"],"technologyMixMw":{"wind":36.0},"unitCount":0,"unitIds":[]},"type":"Feature"},{"geometry":{"coordinates":[17.325751,43.378801],"type":"Point"},"id":"wattlas-plant-osm-relation-11846229","properties":{"aliases":["Solarna fotonaponska elektrana Krenica"],"canonicalAnchor":"osm:relation/11846229","canonicalCountryKey":"BA","capacityMw":0.0,"country":"BA","externalIds":{"osm":"relation/11846229"},"geographyId":"BA-54001226B17629474923252","id":"wattlas-plant-osm-relation-11846229","lifecycleCounts":{"operational":1},"locationPrecision":"exact","name":"Solarna fotonaponska elektrana Krenica","operatingCapacityCoverage":{"coveragePercent":0.0,"knownUnitCount":0,"method":"unavailable","totalUnitCount":0},"operatingCapacityMw":0.0,"operatingCapacityMwByTechnology":{},"plannedCapacityCoverage":{"coveragePercent":0.0,"knownUnitCount":0,"method":"unavailable","totalUnitCount":0},"plannedCapacityMw":0.0,"plannedCapacityMwByTechnology":{},"recordCount":1,"recordIds":["wattlas-record-osm-relation-11846229"],"sourceIds":["openstreetmap-power"],"sourceUrl":"https://www.openstreetmap.org/relation/11846229","technologies":["solar"],"technologyMixMw":{"solar":0.0},"unitCount":0,"unitIds":[]},"type":"Feature"},{"geometry":{"coordinates":[17.776154,44.16513],"type":"Point"},"id":"wattlas-plant-osm-relation-11914625","properties":{"aliases":["MHE Vitez-1"],"canonicalAnchor":"osm:relation/11914625","canonicalCountryKey":"BA","capacityMw":1.2,"country":"BA","externalIds":{"osm":"relation/11914625"},"geographyId":"BA-54001226B17629474923252","id":"wattlas-plant-osm-relation-11914625","lifecycleCounts":{"operational":1},"locationPrecision":"exact","name":"MHE Vitez-1","operatingCapacityCoverage":{"coveragePercent":100.0,"knownUnitCount":0,"method":"plant_aggregate","provenance":{"evidenceCount":0,"recordIds":["wattlas-record-osm-relation-11914625"],"sourceIds":["openstreetmap-power"],"sourceTypes":["community_mapped"],"valueKind":"reported"},"totalUnitCount":0},"operatingCapacityMw":1.2,"operatingCapacityMwByTechnology":{"hydro":1.2},"plannedCapacityCoverage":{"coveragePercent":0.0,"knownUnitCount":0,"method":"unavailable","totalUnitCount":0},"plannedCapacityMw":0.0,"plannedCapacityMwByTechnology":{},"recordCount":1,"recordIds":["wattlas-record-osm-relation-11914625"],"sourceIds":["openstreetmap-power"],"sourceUrl":"https://www.openstreetmap.org/relation/11914625","technologies":["hydro"],"technologyMixMw":{"hydro":1.2},"unitCount":0,"unitIds":[]},"type":"Feature"},{"geometry":{"coordinates":[17.86209,43.343569],"type":"Point"},"id":"wattlas-plant-osm-relation-13900743","properties":{"aliases":["Vjetroelektrana Podveležje"],"canonicalAnchor":"osm:relation/13900743","canonicalCountryKey":"BA","capacityMw":48.0,"country":"BA","externalIds":{"osm":"relation/13900743"},"geographyId":"BA-54001226B17629474923252","id":"wattlas-plant-osm-relation-13900743","lifecycleCounts":{"operational":1},"locationPrecision":"exact","name":"Vjetroelektrana Podveležje","operatingCapacityCoverage":{"coveragePercent":100.0,"knownUnitCount":0,"method":"plant_aggregate","provenance":{"evidenceCount":0,"recordIds":["wattlas-record-osm-relation-13900743"],"sourceIds":["openstreetmap-power"],"sourceTypes":["community_mapped"],"valueKind":"reported"},"totalUnitCount":0},"operatingCapacityMw":48.0,"operatingCapacityMwByTechnology":{"wind":48.0},"plannedCapacityCoverage":{"coveragePercent":0.0,"knownUnitCount":0,"method":"unavailable","totalUnitCount":0},"plannedCapacityMw":0.0,"plannedCapacityMwByTechnology":{},"recordCount":1,"recordIds":["wattlas-record-osm-relation-13900743"],"sourceIds":["openstreetmap-power"],"sourceUrl":"https://www.openstreetmap.org/relation/13900743","technologies":["wind"],"technologyMixMw":{"wind":48.0},"unitCount":0,"unitIds":[]},"type":"Feature"},{"geometry":{"coordinates":[17.675302,43.746543],"type":"Point"},"id":"wattlas-plant-osm-relation-17688669","properties":{"aliases":["HE Rama podzemna centrala"],"canonicalAnchor":"osm:relation/17688669","canonicalCountryKey":"BA","capacityMw":160.0,"country":"BA","externalIds":{"osm":"relation/17688669"},"geographyId":"BA-54001226B17629474923252","id":"wattlas-plant-osm-relation-17688669","lifecycleCounts":{"operational":1},"locationPrecision":"exact","name":"HE Rama podzemna centrala","operatingCapacityCoverage":{"coveragePercent":100.0,"knownUnitCount":0,"method":"plant_aggregate","provenance":{"evidenceCount":0,"recordIds":["wattlas-record-osm-relation-17688669"],"sourceIds":["openstreetmap-power"],"sourceTypes":["community_mapped"],"valueKind":"reported"},"totalUnitCount":0},"operatingCapacityMw":160.0,"operatingCapacityMwByTechnology":{"hydro":160.0},"plannedCapacityCoverage":{"coveragePercent":0.0,"knownUnitCount":0,"method":"unavailable","totalUnitCount":0},"plannedCapacityMw":0.0,"plannedCapacityMwByTechnology":{},"recordCount":1,"recordIds":["wattlas-record-osm-relation-17688669"],"sourceIds":["openstreetmap-power"],"sourceUrl":"https://www.openstreetmap.org/relation/17688669","technologies":["hydro"],"technologyMixMw":{"hydro":160.0},"unitCount":0,"unitIds":[]},"type":"Feature"},{"geometry":{"coordinates":[18.61779,43.493643],"type":"Point"},"id":"wattlas-plant-osm-way-1015397706","properties":{"aliases":["MHE Jeleč"],"canonicalAnchor":"osm:way/1015397706","canonicalCountryKey":"BA","capacityMw":0.0,"country":"BA","externalIds":{"osm":"way/1015397706"},"geographyId":"BA-54001226B66267900922909","id":"wattlas-plant-osm-way-1015397706","lifecycleCounts":{"operational":1},"locationPrecision":"exact","name":"MHE Jeleč","operatingCapacityCoverage":{"coveragePercent":0.0,"knownUnitCount":0,"method":"unavailable","totalUnitCount":0},"operatingCapacityMw":0.0,"operatingCapacityMwByTechnology":{},"plannedCapacityCoverage":{"coveragePercent":0.0,"knownUnitCount":0,"method":"unavailable","totalUnitCount":0},"plannedCapacityMw":0.0,"plannedCapacityMwByTechnology":{},"recordCount":1,"recordIds":["wattlas-record-osm-way-1015397706"],"sourceIds":["openstreetmap-power"],"sourceUrl":"https://www.openstreetmap.org/way/1015397706","technologies":["hydro"],"technologyMixMw":{"hydro":0.0},"unitCount":0,"unitIds":[]},"type":"Feature"},{"geometry":{"coordinates":[18.383791,43.853454],"type":"Point"},"id":"wattlas-plant-osm-way-112257389","properties":{"aliases":["Živko Jošilo"],"canonicalAnchor":"osm:way/112257389","canonicalCountryKey":"BA","capacityMw":0.0,"country":"BA","externalIds":{"osm":"way/112257389"},"geographyId":"BA-54001226B17629474923252","id":"wattlas-plant-osm-way-112257389","lifecycleCounts":{"operational":1},"locationPrecision":"exact","name":"Živko Jošilo","operatingCapacityCoverage":{"coveragePercent":0.0,"knownUnitCount":0,"method":"unavailable","totalUnitCount":0},"operatingCapacityMw":0.0,"operatingCapacityMwByTechnology":{},"plannedCapacityCoverage":{"coveragePercent":0.0,"knownUnitCount":0,"method":"unavailable","totalUnitCount":0},"plannedCapacityMw":0.0,"plannedCapacityMwByTechnology":{},"recordCount":1,"recordIds":["wattlas-record-osm-way-112257389"],"sourceIds":["openstreetmap-power"],"sourceUrl":"https://www.openstreetmap.org/way/112257389","technologies":["other"],"technologyMixMw":{"other":0.0},"unitCount":0,"unitIds":[]},"type":"Feature"},{"geometry":{"coordinates":[17.864435,43.34419],"type":"Point"},"id":"wattlas-plant-osm-way-1209997630","properties":{"aliases":["Vjetroelektrana Podveležje"],"canonicalAnchor":"osm:way/1209997630","canonicalCountryKey":"BA","capacityMw":48.0,"country":"BA","externalIds":{"osm":"way/1209997630"},"geographyId":"BA-54001226B17629474923252","id":"wattlas-plant-osm-way-1209997630","lifecycleCounts":{"operational":1},"locationPrecision":"exact","name":"Vjetroelektrana Podveležje","operatingCapacityCoverage":{"coveragePercent":100.0,"knownUnitCount":0,"method":"plant_aggregate","provenance":{"evidenceCount":0,"recordIds":["wattlas-record-osm-way-1209997630"],"sourceIds":["openstreetmap-power"],"sourceTypes":["community_mapped"],"valueKind":"reported"},"totalUnitCount":0},"operatingCapacityMw":48.0,"operatingCapacityMwByTechnology":{"wind":48.0},"plannedCapacityCoverage":{"coveragePercent":0.0,"knownUnitCount":0,"method":"unavailable","totalUnitCount":0},"plannedCapacityMw":0.0,"plannedCapacityMwByTechnology":{},"recordCount":1,"recordIds":["wattlas-record-osm-way-1209997630"],"sourceIds":["openstreetmap-power"],"sourceUrl":"https://www.openstreetmap.org/way/1209997630","technologies":["wind"],"technologyMixMw":{"wind":48.0},"unitCount":0,"unitIds":[]},"type":"Feature"},{"geometry":{"coordinates":[19.08523,44.789456],"type":"Point"},"id":"wattlas-plant-osm-way-1219689647","properties":{"aliases":["FNE \"Čađavica\""],"canonicalAnchor":"osm:way/1219689647","canonicalCountryKey":"BA","capacityMw":1.0,"country":"BA","externalIds":{"osm":"way/1219689647"},"geographyId":"BA-54001226B66267900922909","id":"wattlas-plant-osm-way-1219689647","lifecycleCounts":{"operational":1},"locationPrecision":"exact","name":"FNE \"Čađavica\"","operatingCapacityCoverage":{"coveragePercent":100.0,"knownUnitCount":0,"method":"plant_aggregate","provenance":{"evidenceCount":0,"recordIds":["wattlas-record-osm-way-1219689647"],"sourceIds":["openstreetmap-power"],"sourceTypes":["community_mapped"],"valueKind":"reported"},"totalUnitCount":0},"operatingCapacityMw":1.0,"operatingCapacityMwByTechnology":{"solar":1.0},"plannedCapacityCoverage":{"coveragePercent":0.0,"knownUnitCount":0,"method":"unavailable","totalUnitCount":0},"plannedCapacityMw":0.0,"plannedCapacityMwByTechnology":{},"recordCount":1,"recordIds":["wattlas-record-osm-way-1219689647"],"sourceIds":["openstreetmap-power"],"sourceUrl":"https://www.openstreetmap.org/way/1219689647","technologies":["solar"],"technologyMixMw":{"solar":1.0},"unitCount":0,"unitIds":[]},"type":"Feature"},{"geometry":{"coordinates":[18.450896,42.843292],"type":"Point"},"id":"wattlas-plant-osm-way-1293504197","properties":{"aliases":["Solarni paneli"],"canonicalAnchor":"osm:way/1293504197","canonicalCountryKey":"BA","capacityMw":0.0,"country":"BA","externalIds":{"osm":"way/1293504197"},"geographyId":"BA-54001226B66267900922909","id":"wattlas-plant-osm-way-1293504197","lifecycleCounts":{"operational":1},"locationPrecision":"exact","name":"Solarni paneli","operatingCapacityCoverage":{"coveragePercent":0.0,"knownUnitCount":0,"method":"unavailable","totalUnitCount":0},"operatingCapacityMw":0.0,"operatingCapacityMwByTechnology":{},"plannedCapacityCoverage":{"coveragePercent":0.0,"knownUnitCount":0,"method":"unavailable","totalUnitCount":0},"plannedCapacityMw":0.0,"plannedCapacityMwByTechnology":{},"recordCount":1,"recordIds":["wattlas-record-osm-way-1293504197"],"sourceIds":["openstreetmap-power"],"sourceUrl":"https://www.openstreetmap.org/way/1293504197","technologies":["solar"],"technologyMixMw":{"solar":0.0},"unitCount":0,"unitIds":[]},"type":"Feature"},{"geometry":{"coordinates":[18.448449,42.844171],"type":"Point"},"id":"wattlas-plant-osm-way-1293504198","properties":{"aliases":["Solarni paneli"],"canonicalAnchor":"osm:way/1293504198","canonicalCountryKey":"BA","capacityMw":0.0,"country":"BA","externalIds":{"osm":"way/1293504198"},"geographyId":"BA-54001226B66267900922909","id":"wattlas-plant-osm-way-1293504198","lifecycleCounts":{"operational":1},"locationPrecision":"exact","name":"Solarni paneli","operatingCapacityCoverage":{"coveragePercent":0.0,"knownUnitCount":0,"method":"unavailable","totalUnitCount":0},"operatingCapacityMw":0.0,"operatingCapacityMwByTechnology":{},"plannedCapacityCoverage":{"coveragePercent":0.0,"knownUnitCount":0,"method":"unavailable","totalUnitCount":0},"plannedCapacityMw":0.0,"plannedCapacityMwByTechnology":{},"recordCount":1,"recordIds":["wattlas-record-osm-way-1293504198"],"sourceIds":["openstreetmap-power"],"sourceUrl":"https://www.openstreetmap.org/way/1293504198","technologies":["solar"],"technologyMixMw":{"solar":0.0},"unitCount":0,"unitIds":[]},"type":"Feature"},{"geometry":{"coordinates":[17.214926,44.772071],"type":"Point"},"id":"wattlas-plant-osm-way-129377261","properties":{"aliases":["Toplana Banjaluka a.d."],"canonicalAnchor":"osm:way/129377261","canonicalCountryKey":"BA","capacityMw":0.0,"country":"BA","externalIds":{"osm":"way/129377261"},"geographyId":"BA-54001226B66267900922909","id":"wattlas-plant-osm-way-129377261","lifecycleCounts":{"operational":1},"locationPrecision":"exact","name":"Toplana Banjaluka a.d.","operatingCapacityCoverage":{"coveragePercent":0.0,"knownUnitCount":0,"method":"unavailable","totalUnitCount":0},"operatingCapacityMw":0.0,"operatingCapacityMwByTechnology":{},"plannedCapacityCoverage":{"coveragePercent":0.0,"knownUnitCount":0,"method":"unavailable","totalUnitCount":0},"plannedCapacityMw":0.0,"plannedCapacityMwByTechnology":{},"recordCount":1,"recordIds":["wattlas-record-osm-way-129377261"],"sourceIds":["openstreetmap-power"],"sourceUrl":"https://www.openstreetmap.org/way/129377261","technologies":["oil"],"technologyMixMw":{"oil":0.0},"unitCount":0,"unitIds":[]},"type":"Feature"},{"geometry":{"coordinates":[18.383953,42.904208],"type":"Point"},"id":"wattlas-plant-osm-way-1307459820","properties":{"aliases":["Solarni paneli"],"canonicalAnchor":"osm:way/1307459820","canonicalCountryKey":"BA","capacityMw":0.0,"country":"BA","externalIds":{"osm":"way/1307459820"},"geographyId":"BA-54001226B66267900922909","id":"wattlas-plant-osm-way-1307459820","lifecycleCounts":{"operational":1},"locationPrecision":"exact","name":"Solarni paneli","operatingCapacityCoverage":{"coveragePercent":0.0,"knownUnitCount":0,"method":"unavailable","totalUnitCount":0},"operatingCapacityMw":0.0,"operatingCapacityMwByTechnology":{},"plannedCapacityCoverage":{"coveragePercent":0.0,"knownUnitCount":0,"method":"unavailable","totalUnitCount":0},"plannedCapacityMw":0.0,"plannedCapacityMwByTechnology":{},"recordCount":1,"recordIds":["wattlas-record-osm-way-1307459820"],"sourceIds":["openstreetmap-power"],"sourceUrl":"https://www.openstreetmap.org/way/1307459820","technologies":["solar"],"technologyMixMw":{"solar":0.0},"unitCount":0,"unitIds":[]},"type":"Feature"},{"geometry":{"coordinates":[18.418759,42.904277],"type":"Point"},"id":"wattlas-plant-osm-way-1307595861","properties":{"aliases":["Solarni paneli"],"canonicalAnchor":"osm:way/1307595861","canonicalCountryKey":"BA","capacityMw":0.0,"country":"BA","externalIds":{"osm":"way/1307595861"},"geographyId":"BA-54001226B66267900922909","id":"wattlas-plant-osm-way-1307595861","lifecycleCounts":{"operational":1},"locationPrecision":"exact","name":"Solarni paneli","operatingCapacityCoverage":{"coveragePercent":0.0,"knownUnitCount":0,"method":"unavailable","totalUnitCount":0},"operatingCapacityMw":0.0,"operatingCapacityMwByTechnology":{},"plannedCapacityCoverage":{"coveragePercent":0.0,"knownUnitCount":0,"method":"unavailable","totalUnitCount":0},"plannedCapacityMw":0.0,"plannedCapacityMwByTechnology":{},"recordCount":1,"recordIds":["wattlas-record-osm-way-1307595861"],"sourceIds":["openstreetmap-power"],"sourceUrl":"https://www.openstreetmap.org/way/1307595861","technologies":["solar"],"technologyMixMw":{"solar":0.0},"unitCount":0,"unitIds":[]},"type":"Feature"},{"geometry":{"coordinates":[18.416222,42.900599],"type":"Point"},"id":"wattlas-plant-osm-way-1307595864","properties":{"aliases":["Solarni paneli"],"canonicalAnchor":"osm:way/1307595864","canonicalCountryKey":"BA","capacityMw":0.0,"country":"BA","externalIds":{"osm":"way/1307595864"},"geographyId":"BA-54001226B66267900922909","id":"wattlas-plant-osm-way-1307595864","lifecycleCounts":{"operational":1},"locationPrecision":"exact","name":"Solarni paneli","operatingCapacityCoverage":{"coveragePercent":0.0,"knownUnitCount":0,"method":"unavailable","totalUnitCount":0},"operatingCapacityMw":0.0,"operatingCapacityMwByTechnology":{},"plannedCapacityCoverage":{"coveragePercent":0.0,"knownUnitCount":0,"method":"unavailable","totalUnitCount":0},"plannedCapacityMw":0.0,"plannedCapacityMwByTechnology":{},"recordCount":1,"recordIds":["wattlas-record-osm-way-1307595864"],"sourceIds":["openstreetmap-power"],"sourceUrl":"https://www.openstreetmap.org/way/1307595864","technologies":["solar"],"technologyMixMw":{"solar":0.0},"unitCount":0,"unitIds":[]},"type":"Feature"},{"geometry":{"coordinates":[18.416492,42.902163],"type":"Point"},"id":"wattlas-plant-osm-way-1307595865","properties":{"aliases":["Solarni paneli"],"canonicalAnchor":"osm:way/1307595865","canonicalCountryKey":"BA","capacityMw":0.0,"country":"BA","externalIds":{"osm":"way/1307595865"},"geographyId":"BA-54001226B66267900922909","id":"wattlas-plant-osm-way-1307595865","lifecycleCounts":{"operational":1},"locationPrecision":"exact","name":"Solarni paneli","operatingCapacityCoverage":{"coveragePercent":0.0,"knownUnitCount":0,"method":"unavailable","totalUnitCount":0},"operatingCapacityMw":0.0,"operatingCapacityMwByTechnology":{},"plannedCapacityCoverage":{"coveragePercent":0.0,"knownUnitCount":0,"method":"unavailable","totalUnitCount":0},"plannedCapacityMw":0.0,"plannedCapacityMwByTechnology":{},"recordCount":1,"recordIds":["wattlas-record-osm-way-1307595865"],"sourceIds":["openstreetmap-power"],"sourceUrl":"https://www.openstreetmap.org/way/1307595865","technologies":["solar"],"technologyMixMw":{"solar":0.0},"unitCount":0,"unitIds":[]},"type":"Feature"},{"geometry":{"coordinates":[18.415527,42.903912],"type":"Point"},"id":"wattlas-plant-osm-way-1307595866","properties":{"aliases":["Solarni paneli"],"canonicalAnchor":"osm:way/1307595866","canonicalCountryKey":"BA","capacityMw":0.0,"country":"BA","externalIds":{"osm":"way/1307595866"},"geographyId":"BA-54001226B66267900922909","id":"wattlas-plant-osm-way-1307595866","lifecycleCounts":{"operational":1},"locationPrecision":"exact","name":"Solarni paneli","operatingCapacityCoverage":{"coveragePercent":0.0,"knownUnitCount":0,"method":"unavailable","totalUnitCount":0},"operatingCapacityMw":0.0,"operatingCapacityMwByTechnology":{},"plannedCapacityCoverage":{"coveragePercent":0.0,"knownUnitCount":0,"method":"unavailable","totalUnitCount":0},"plannedCapacityMw":0.0,"plannedCapacityMwByTechnology":{},"recordCount":1,"recordIds":["wattlas-record-osm-way-1307595866"],"sourceIds":["openstreetmap-power"],"sourceUrl":"https://www.openstreetmap.org/way/1307595866","technologies":["solar"],"technologyMixMw":{"solar":0.0},"unitCount":0,"unitIds":[]},"type":"Feature"},{"geometry":{"coordinates":[18.421143,42.871491],"type":"Point"},"id":"wattlas-plant-osm-way-1307761182","properties":{"aliases":["Solarni paneli"],"canonicalAnchor":"osm:way/1307761182","canonicalCountryKey":"BA","capacityMw":0.0,"country":"BA","externalIds":{"osm":"way/1307761182"},"geographyId":"BA-54001226B66267900922909","id":"wattlas-plant-osm-way-1307761182","lifecycleCounts":{"operational":1},"locationPrecision":"exact","name":"Solarni paneli","operatingCapacityCoverage":{"coveragePercent":0.0,"knownUnitCount":0,"method":"unavailable","totalUnitCount":0},"operatingCapacityMw":0.0,"operatingCapacityMwByTechnology":{},"plannedCapacityCoverage":{"coveragePercent":0.0,"knownUnitCount":0,"method":"unavailable","totalUnitCount":0},"plannedCapacityMw":0.0,"plannedCapacityMwByTechnology":{},"recordCount":1,"recordIds":["wattlas-record-osm-way-1307761182"],"sourceIds":["openstreetmap-power"],"sourceUrl":"https://www.openstreetmap.org/way/1307761182","technologies":["solar"],"technologyMixMw":{"solar":0.0},"unitCount":0,"unitIds":[]},"type":"Feature"},{"geometry":{"coordinates":[18.426526,42.790139],"type":"Point"},"id":"wattlas-plant-osm-way-1312112805","properties":{"aliases":["Skrbotno solar PV park"],"canonicalAnchor":"osm:way/1312112805","canonicalCountryKey":"BA","capacityMw":60.0,"country":"BA","externalIds":{"osm":"way/1312112805"},"geographyId":"BA-54001226B66267900922909","id":"wattlas-plant-osm-way-1312112805","lifecycleCounts":{"operational":1},"locationPrecision":"exact","name":"Skrbotno solar PV park","operatingCapacityCoverage":{"coveragePercent":100.0,"knownUnitCount":0,"method":"plant_aggregate","provenance":{"evidenceCount":0,"recordIds":["wattlas-record-osm-way-1312112805"],"sourceIds":["openstreetmap-power"],"sourceTypes":["community_mapped"],"valueKind":"reported"},"totalUnitCount":0},"operatingCapacityMw":60.0,"operatingCapacityMwByTechnology":{"solar":60.0},"plannedCapacityCoverage":{"coveragePercent":0.0,"knownUnitCount":0,"method":"unavailable","totalUnitCount":0},"plannedCapacityMw":0.0,"plannedCapacityMwByTechnology":{},"recordCount":1,"recordIds":["wattlas-record-osm-way-1312112805"],"sourceIds":["openstreetmap-power"],"sourceUrl":"https://www.openstreetmap.org/way/1312112805","technologies":["solar"],"technologyMixMw":{"solar":60.0},"unitCount":0,"unitIds":[]},"type":"Feature"},{"geometry":{"coordinates":[17.351629,43.339319],"type":"Point"},"id":"wattlas-plant-osm-way-1387487595","properties":{"aliases":["Petjnik"],"canonicalAnchor":"osm:way/1387487595","canonicalCountryKey":"BA","capacityMw":45.0,"country":"BA","externalIds":{"osm":"way/1387487595"},"geographyId":"BA-54001226B17629474923252","id":"wattlas-plant-osm-way-1387487595","lifecycleCounts":{"operational":1},"locationPrecision":"exact","name":"Petjnik","operatingCapacityCoverage":{"coveragePercent":100.0,"knownUnitCount":0,"method":"plant_aggregate","provenance":{"evidenceCount":0,"recordIds":["wattlas-record-osm-way-1387487595"],"sourceIds":["openstreetmap-power"],"sourceTypes":["community_mapped"],"valueKind":"reported"},"totalUnitCount":0},"operatingCapacityMw":45.0,"operatingCapacityMwByTechnology":{"solar":45.0},"plannedCapacityCoverage":{"coveragePercent":0.0,"knownUnitCount":0,"method":"unavailable","totalUnitCount":0},"plannedCapacityMw":0.0,"plannedCapacityMwByTechnology":{},"recordCount":1,"recordIds":["wattlas-record-osm-way-1387487595"],"sourceIds":["openstreetmap-power"],"sourceUrl":"https://www.openstreetmap.org/way/1387487595","technologies":["solar"],"technologyMixMw":{"solar":45.0},"unitCount":0,"unitIds":[]},"type":"Feature"},{"geometry":{"coordinates":[17.443773,43.32819],"type":"Point"},"id":"wattlas-plant-osm-way-1390325098","properties":{"aliases":["Grad Ljubuški solar project II"],"canonicalAnchor":"osm:way/1390325098","canonicalCountryKey":"BA","capacityMw":2.4,"country":"BA","externalIds":{"osm":"way/1390325098"},"geographyId":"BA-54001226B17629474923252","id":"wattlas-plant-osm-way-1390325098","lifecycleCounts":{"operational":1},"locationPrecision":"exact","name":"Grad Ljubuški solar project II","operatingCapacityCoverage":{"coveragePercent":100.0,"knownUnitCount":0,"method":"plant_aggregate","provenance":{"evidenceCount":0,"recordIds":["wattlas-record-osm-way-1390325098"],"sourceIds":["openstreetmap-power"],"sourceTypes":["community_mapped"],"valueKind":"reported"},"totalUnitCount":0},"operatingCapacityMw":2.4,"operatingCapacityMwByTechnology":{"solar":2.4},"plannedCapacityCoverage":{"coveragePercent":0.0,"knownUnitCount":0,"method":"unavailable","totalUnitCount":0},"plannedCapacityMw":0.0,"plannedCapacityMwByTechnology":{},"recordCount":1,"recordIds":["wattlas-record-osm-way-1390325098"],"sourceIds":["openstreetmap-power"],"sourceUrl":"https://www.openstreetmap.org/way/1390325098","technologies":["solar"],"technologyMixMw":{"solar":2.4},"unitCount":0,"unitIds":[]},"type":"Feature"},{"geometry":{"coordinates":[17.644955,43.176531],"type":"Point"},"id":"wattlas-plant-osm-way-1390335520","properties":{"aliases":["City Of Čapljina solar project II"],"canonicalAnchor":"osm:way/1390335520","canonicalCountryKey":"BA","capacityMw":5.5,"country":"BA","externalIds":{"osm":"way/1390335520"},"geographyId":"BA-54001226B17629474923252","id":"wattlas-plant-osm-way-1390335520","lifecycleCounts":{"operational":1},"locationPrecision":"exact","name":"City Of Čapljina solar project II","operatingCapacityCoverage":{"coveragePercent":100.0,"knownUnitCount":0,"method":"plant_aggregate","provenance":{"evidenceCount":0,"recordIds":["wattlas-record-osm-way-1390335520"],"sourceIds":["openstreetmap-power"],"sourceTypes":["community_mapped"],"valueKind":"reported"},"totalUnitCount":0},"operatingCapacityMw":5.5,"operatingCapacityMwByTechnology":{"solar":5.5},"plannedCapacityCoverage":{"coveragePercent":0.0,"knownUnitCount":0,"method":"unavailable","totalUnitCount":0},"plannedCapacityMw":0.0,"plannedCapacityMwByTechnology":{},"recordCount":1,"recordIds":["wattlas-record-osm-way-1390335520"],"sourceIds":["openstreetmap-power"],"sourceUrl":"https://www.openstreetmap.org/way/1390335520","technologies":["solar"],"technologyMixMw":{"solar":5.5},"unitCount":0,"unitIds":[]},"type":"Feature"},{"geometry":{"coordinates":[17.680387,43.076939],"type":"Point"},"id":"wattlas-plant-osm-way-1390338503","properties":{"aliases":["City Of Čapljina solar project I"],"canonicalAnchor":"osm:way/1390338503","canonicalCountryKey":"BA","capacityMw":1.2,"country":"BA","externalIds":{"osm":"way/1390338503"},"geographyId":"BA-54001226B17629474923252","id":"wattlas-plant-osm-way-1390338503","lifecycleCounts":{"operational":1},"locationPrecision":"exact","name":"City Of Čapljina solar project I","operatingCapacityCoverage":{"coveragePercent":100.0,"knownUnitCount":0,"method":"plant_aggregate","provenance":{"evidenceCount":0,"recordIds":["wattlas-record-osm-way-1390338503"],"sourceIds":["openstreetmap-power"],"sourceTypes":["community_mapped"],"valueKind":"reported"},"totalUnitCount":0},"operatingCapacityMw":1.2,"operatingCapacityMwByTechnology":{"solar":1.2},"plannedCapacityCoverage":{"coveragePercent":0.0,"knownUnitCount":0,"method":"unavailable","totalUnitCount":0},"plannedCapacityMw":0.0,"plannedCapacityMwByTechnology":{},"recordCount":1,"recordIds":["wattlas-record-osm-way-1390338503"],"sourceIds":["openstreetmap-power"],"sourceUrl":"https://www.openstreetmap.org/way/1390338503","technologies":["solar"],"technologyMixMw":{"solar":1.2},"unitCount":0,"unitIds":[]},"type":"Feature"},{"geometry":{"coordinates":[17.875571,43.148906],"type":"Point"},"id":"wattlas-plant-osm-way-1390356988","properties":{"aliases":["Town Of Stolac solar project"],"canonicalAnchor":"osm:way/1390356988","canonicalCountryKey":"BA","capacityMw":4.1,"country":"BA","externalIds":{"osm":"way/1390356988"},"geographyId":"BA-54001226B17629474923252","id":"wattlas-plant-osm-way-1390356988","lifecycleCounts":{"operational":1},"locationPrecision":"exact","name":"Town Of Stolac solar project","operatingCapacityCoverage":{"coveragePercent":100.0,"knownUnitCount":0,"method":"plant_aggregate","provenance":{"evidenceCount":0,"recordIds":["wattlas-record-osm-way-1390356988"],"sourceIds":["openstreetmap-power"],"sourceTypes":["community_mapped"],"valueKind":"reported"},"totalUnitCount":0},"operatingCapacityMw":4.1,"operatingCapacityMwByTechnology":{"solar":4.1},"plannedCapacityCoverage":{"coveragePercent":0.0,"knownUnitCount":0,"method":"unavailable","totalUnitCount":0},"plannedCapacityMw":0.0,"plannedCapacityMwByTechnology":{},"recordCount":1,"recordIds":["wattlas-record-osm-way-1390356988"],"sourceIds":["openstreetmap-power"],"sourceUrl":"https://www.openstreetmap.org/way/1390356988","technologies":["solar"],"technologyMixMw":{"solar":4.1},"unitCount":0,"unitIds":[]},"type":"Feature"},{"geometry":{"coordinates":[18.201951,43.220134],"type":"Point"},"id":"wattlas-plant-osm-way-1390363564","properties":{"aliases":["Republika Srpska solar project III"],"canonicalAnchor":"osm:way/1390363564","canonicalCountryKey":"BA","capacityMw":1.5,"country":"BA","externalIds":{"osm":"way/1390363564"},"geographyId":"BA-54001226B66267900922909","id":"wattlas-plant-osm-way-1390363564","lifecycleCounts":{"operational":1},"locationPrecision":"exact","name":"Republika Srpska solar project III","operatingCapacityCoverage":{"coveragePercent":100.0,"knownUnitCount":0,"method":"plant_aggregate","provenance":{"evidenceCount":0,"recordIds":["wattlas-record-osm-way-1390363564"],"sourceIds":["openstreetmap-power"],"sourceTypes":["community_mapped"],"valueKind":"reported"},"totalUnitCount":0},"operatingCapacityMw":1.5,"operatingCapacityMwByTechnology":{"solar":1.5},"plannedCapacityCoverage":{"coveragePercent":0.0,"knownUnitCount":0,"method":"unavailable","totalUnitCount":0},"plannedCapacityMw":0.0,"plannedCapacityMwByTechnology":{},"recordCount":1,"recordIds":["wattlas-record-osm-way-1390363564"],"sourceIds":["openstreetmap-power"],"sourceUrl":"https://www.openstreetmap.org/way/1390363564","technologies":["solar"],"technologyMixMw":{"solar":1.5},"unitCount":0,"unitIds":[]},"type":"Feature"},{"geometry":{"coordinates":[18.157128,43.091901],"type":"Point"},"id":"wattlas-plant-osm-way-1390367406","properties":{"aliases":["Republika Srpska solar project II"],"canonicalAnchor":"osm:way/1390367406","canonicalCountryKey":"BA","capacityMw":2.6,"country":"BA","externalIds":{"osm":"way/1390367406"},"geographyId":"BA-54001226B66267900922909","id":"wattlas-plant-osm-way-1390367406","lifecycleCounts":{"operational":1},"locationPrecision":"exact","name":"Republika Srpska solar project II","operatingCapacityCoverage":{"coveragePercent":100.0,"knownUnitCount":0,"method":"plant_aggregate","provenance":{"evidenceCount":0,"recordIds":["wattlas-record-osm-way-1390367406"],"sourceIds":["openstreetmap-power"],"sourceTypes":["community_mapped"],"valueKind":"reported"},"totalUnitCount":0},"operatingCapacityMw":2.6,"operatingCapacityMwByTechnology":{"solar":2.6},"plannedCapacityCoverage":{"coveragePercent":0.0,"knownUnitCount":0,"method":"unavailable","totalUnitCount":0},"plannedCapacityMw":0.0,"plannedCapacityMwByTechnology":{},"recordCount":1,"recordIds":["wattlas-record-osm-way-1390367406"],"sourceIds":["openstreetmap-power"],"sourceUrl":"https://www.openstreetmap.org/way/1390367406","technologies":["solar"],"technologyMixMw":{"solar":2.6},"unitCount":0,"unitIds":[]},"type":"Feature"},{"geometry":{"coordinates":[17.161902,44.507781],"type":"Point"},"id":"wattlas-plant-osm-way-1434504500","properties":{"aliases":["HE Bočac"],"canonicalAnchor":"osm:way/1434504500","canonicalCountryKey":"BA","capacityMw":110.0,"country":"BA","externalIds":{"osm":"way/1434504500"},"geographyId":"BA-54001226B66267900922909","id":"wattlas-plant-osm-way-1434504500","lifecycleCounts":{"operational":1},"locationPrecision":"exact","name":"HE Bočac","operatingCapacityCoverage":{"coveragePercent":100.0,"knownUnitCount":0,"method":"plant_aggregate","provenance":{"evidenceCount":0,"recordIds":["wattlas-record-osm-way-1434504500"],"sourceIds":["openstreetmap-power"],"sourceTypes":["community_mapped"],"valueKind":"reported"},"totalUnitCount":0},"operatingCapacityMw":110.0,"operatingCapacityMwByTechnology":{"hydro":110.0},"plannedCapacityCoverage":{"coveragePercent":0.0,"knownUnitCount":0,"method":"unavailable","totalUnitCount":0},"plannedCapacityMw":0.0,"plannedCapacityMwByTechnology":{},"recordCount":1,"recordIds":["wattlas-record-osm-way-1434504500"],"sourceIds":["openstreetmap-power"],"sourceUrl":"https://www.openstreetmap.org/way/1434504500","technologies":["hydro"],"technologyMixMw":{"hydro":110.0},"unitCount":0,"unitIds":[]},"type":"Feature"},{"geometry":{"coordinates":[19.035177,44.688856],"type":"Point"},"id":"wattlas-plant-osm-way-1457446155","properties":{"aliases":["FNE Ugljevička Obrijež - BK Energy"],"canonicalAnchor":"osm:way/1457446155","canonicalCountryKey":"BA","capacityMw":0.0,"country":"BA","externalIds":{"osm":"way/1457446155"},"geographyId":"BA-54001226B66267900922909","id":"wattlas-plant-osm-way-1457446155","lifecycleCounts":{"operational":1},"locationPrecision":"exact","name":"FNE Ugljevička Obrijež - BK Energy","operatingCapacityCoverage":{"coveragePercent":0.0,"knownUnitCount":0,"method":"unavailable","totalUnitCount":0},"operatingCapacityMw":0.0,"operatingCapacityMwByTechnology":{},"plannedCapacityCoverage":{"coveragePercent":0.0,"knownUnitCount":0,"method":"unavailable","totalUnitCount":0},"plannedCapacityMw":0.0,"plannedCapacityMwByTechnology":{},"recordCount":1,"recordIds":["wattlas-record-osm-way-1457446155"],"sourceIds":["openstreetmap-power"],"sourceUrl":"https://www.openstreetmap.org/way/1457446155","technologies":["solar"],"technologyMixMw":{"solar":0.0},"unitCount":0,"unitIds":[]},"type":"Feature"},{"geometry":{"coordinates":[19.052151,44.689483],"type":"Point"},"id":"wattlas-plant-osm-way-1457446156","properties":{"aliases":["FNE Ravno Polje - AB Solar"],"canonicalAnchor":"osm:way/1457446156","canonicalCountryKey":"BA","capacityMw":0.0,"country":"BA","externalIds":{"osm":"way/1457446156"},"geographyId":"BA-54001226B66267900922909","id":"wattlas-plant-osm-way-1457446156","lifecycleCounts":{"operational":1},"locationPrecision":"exact","name":"FNE Ravno Polje - AB Solar","operatingCapacityCoverage":{"coveragePercent":0.0,"knownUnitCount":0,"method":"unavailable","totalUnitCount":0},"operatingCapacityMw":0.0,"operatingCapacityMwByTechnology":{},"plannedCapacityCoverage":{"coveragePercent":0.0,"knownUnitCount":0,"method":"unavailable","totalUnitCount":0},"plannedCapacityMw":0.0,"plannedCapacityMwByTechnology":{},"recordCount":1,"recordIds":["wattlas-record-osm-way-1457446156"],"sourceIds":["openstreetmap-power"],"sourceUrl":"https://www.openstreetmap.org/way/1457446156","technologies":["solar"],"technologyMixMw":{"solar":0.0},"unitCount":0,"unitIds":[]},"type":"Feature"},{"geometry":{"coordinates":[18.95316,44.679448],"type":"Point"},"id":"wattlas-plant-osm-way-1457449854","properties":{"aliases":["FNE Energy nova"],"canonicalAnchor":"osm:way/1457449854","canonicalCountryKey":"BA","capacityMw":0.0,"country":"BA","externalIds":{"osm":"way/1457449854"},"geographyId":"BA-54001226B66267900922909","id":"wattlas-plant-osm-way-1457449854","lifecycleCounts":{"operational":1},"locationPrecision":"exact","name":"FNE Energy nova","operatingCapacityCoverage":{"coveragePercent":0.0,"knownUnitCount":0,"method":"unavailable","totalUnitCount":0},"operatingCapacityMw":0.0,"operatingCapacityMwByTechnology":{},"plannedCapacityCoverage":{"coveragePercent":0.0,"knownUnitCount":0,"method":"unavailable","totalUnitCount":0},"plannedCapacityMw":0.0,"plannedCapacityMwByTechnology":{},"recordCount":1,"recordIds":["wattlas-record-osm-way-1457449854"],"sourceIds":["openstreetmap-power"],"sourceUrl":"https://www.openstreetmap.org/way/1457449854","technologies":["solar"],"technologyMixMw":{"solar":0.0},"unitCount":0,"unitIds":[]},"type":"Feature"},{"geometry":{"coordinates":[18.998697,44.704564],"type":"Point"},"id":"wattlas-plant-osm-way-1457449855","properties":{"aliases":["FNE Zabrđe - VMR Energy"],"canonicalAnchor":"osm:way/1457449855","canonicalCountryKey":"BA","capacityMw":0.0,"country":"BA","externalIds":{"osm":"way/1457449855"},"geographyId":"BA-54001226B66267900922909","id":"wattlas-plant-osm-way-1457449855","lifecycleCounts":{"operational":1},"locationPrecision":"exact","name":"FNE Zabrđe - VMR Energy","operatingCapacityCoverage":{"coveragePercent":0.0,"knownUnitCount":0,"method":"unavailable","totalUnitCount":0},"operatingCapacityMw":0.0,"operatingCapacityMwByTechnology":{},"plannedCapacityCoverage":{"coveragePercent":0.0,"knownUnitCount":0,"method":"unavailable","totalUnitCount":0},"plannedCapacityMw":0.0,"plannedCapacityMwByTechnology":{},"recordCount":1,"recordIds":["wattlas-record-osm-way-1457449855"],"sourceIds":["openstreetmap-power"],"sourceUrl":"https://www.openstreetmap.org/way/1457449855","technologies":["solar"],"technologyMixMw":{"solar":0.0},"unitCount":0,"unitIds":[]},"type":"Feature"},{"geometry":{"coordinates":[18.943309,44.687692],"type":"Point"},"id":"wattlas-plant-osm-way-1457451552","properties":{"aliases":["Mapped power plant · OSM 1457451552"],"canonicalAnchor":"osm:way/1457451552","canonicalCountryKey":"BA","capacityMw":0.0,"country":"BA","externalIds":{"osm":"way/1457451552"},"geographyId":"BA-54001226B66267900922909","id":"wattlas-plant-osm-way-1457451552","lifecycleCounts":{"operational":1},"locationPrecision":"exact","name":"Mapped power plant · OSM 1457451552","operatingCapacityCoverage":{"coveragePercent":0.0,"knownUnitCount":0,"method":"unavailable","totalUnitCount":0},"operatingCapacityMw":0.0,"operatingCapacityMwByTechnology":{},"plannedCapacityCoverage":{"coveragePercent":0.0,"knownUnitCount":0,"method":"unavailable","totalUnitCount":0},"plannedCapacityMw":0.0,"plannedCapacityMwByTechnology":{},"recordCount":1,"recordIds":["wattlas-record-osm-way-1457451552"],"sourceIds":["openstreetmap-power"],"sourceUrl":"https://www.openstreetmap.org/way/1457451552","technologies":["solar"],"technologyMixMw":{"solar":0.0},"unitCount":0,"unitIds":[]},"type":"Feature"},{"geometry":{"coordinates":[18.981095,44.631982],"type":"Point"},"id":"wattlas-plant-osm-way-1459550273","properties":{"aliases":["FNE"],"canonicalAnchor":"osm:way/1459550273","canonicalCountryKey":"BA","capacityMw":0.0,"country":"BA","externalIds":{"osm":"way/1459550273"},"geographyId":"BA-54001226B66267900922909","id":"wattlas-plant-osm-way-1459550273","lifecycleCounts":{"operational":1},"locationPrecision":"exact","name":"FNE","operatingCapacityCoverage":{"coveragePercent":0.0,"knownUnitCount":0,"method":"unavailable","totalUnitCount":0},"operatingCapacityMw":0.0,"operatingCapacityMwByTechnology":{},"plannedCapacityCoverage":{"coveragePercent":0.0,"knownUnitCount":0,"method":"unavailable","totalUnitCount":0},"plannedCapacityMw":0.0,"plannedCapacityMwByTechnology":{},"recordCount":1,"recordIds":["wattlas-record-osm-way-1459550273"],"sourceIds":["openstreetmap-power"],"sourceUrl":"https://www.openstreetmap.org/way/1459550273","technologies":["solar"],"technologyMixMw":{"solar":0.0},"unitCount":0,"unitIds":[]},"type":"Feature"},{"geometry":{"coordinates":[18.954029,44.756119],"type":"Point"},"id":"wattlas-plant-osm-way-1461469750","properties":{"aliases":["FNE Korenita 1-4"],"canonicalAnchor":"osm:way/1461469750","canonicalCountryKey":"BA","capacityMw":0.0,"country":"BA","externalIds":{"osm":"way/1461469750"},"geographyId":"BA-54001226B66267900922909","id":"wattlas-plant-osm-way-1461469750","lifecycleCounts":{"operational":1},"locationPrecision":"exact","name":"FNE Korenita 1-4","operatingCapacityCoverage":{"coveragePercent":0.0,"knownUnitCount":0,"method":"unavailable","totalUnitCount":0},"operatingCapacityMw":0.0,"operatingCapacityMwByTechnology":{},"plannedCapacityCoverage":{"coveragePercent":0.0,"knownUnitCount":0,"method":"unavailable","totalUnitCount":0},"plannedCapacityMw":0.0,"plannedCapacityMwByTechnology":{},"recordCount":1,"recordIds":["wattlas-record-osm-way-1461469750"],"sourceIds":["openstreetmap-power"],"sourceUrl":"https://www.openstreetmap.org/way/1461469750","technologies":["solar"],"technologyMixMw":{"solar":0.0},"unitCount":0,"unitIds":[]},"type":"Feature"},{"geometry":{"coordinates":[17.860869,44.06873],"type":"Point"},"id":"wattlas-plant-osm-way-1470839891","properties":{"aliases":["MHE Ivančica"],"canonicalAnchor":"osm:way/1470839891","canonicalCountryKey":"BA","capacityMw":497.0,"country":"BA","externalIds":{"osm":"way/1470839891"},"geographyId":"BA-54001226B17629474923252","id":"wattlas-plant-osm-way-1470839891","lifecycleCounts":{"operational":1},"locationPrecision":"exact","name":"MHE Ivančica","operatingCapacityCoverage":{"coveragePercent":100.0,"knownUnitCount":0,"method":"plant_aggregate","provenance":{"evidenceCount":0,"recordIds":["wattlas-record-osm-way-1470839891"],"sourceIds":["openstreetmap-power"],"sourceTypes":["community_mapped"],"valueKind":"reported"},"totalUnitCount":0},"operatingCapacityMw":497.0,"operatingCapacityMwByTechnology":{"hydro":497.0},"plannedCapacityCoverage":{"coveragePercent":0.0,"knownUnitCount":0,"method":"unavailable","totalUnitCount":0},"plannedCapacityMw":0.0,"plannedCapacityMwByTechnology":{},"recordCount":1,"recordIds":["wattlas-record-osm-way-1470839891"],"sourceIds":["openstreetmap-power"],"sourceUrl":"https://www.openstreetmap.org/way/1470839891","technologies":["hydro"],"technologyMixMw":{"hydro":497.0},"unitCount":0,"unitIds":[]},"type":"Feature"},{"geometry":{"coordinates":[17.913906,44.134403],"type":"Point"},"id":"wattlas-plant-osm-way-1471595958","properties":{"aliases":["MHE Lašva Merdani"],"canonicalAnchor":"osm:way/1471595958","canonicalCountryKey":"BA","capacityMw":2.543,"country":"BA","externalIds":{"osm":"way/1471595958"},"geographyId":"BA-54001226B17629474923252","id":"wattlas-plant-osm-way-1471595958","lifecycleCounts":{"operational":1},"locationPrecision":"exact","name":"MHE Lašva Merdani","operatingCapacityCoverage":{"coveragePercent":100.0,"knownUnitCount":0,"method":"plant_aggregate","provenance":{"evidenceCount":0,"recordIds":["wattlas-record-osm-way-1471595958"],"sourceIds":["openstreetmap-power"],"sourceTypes":["community_mapped"],"valueKind":"reported"},"totalUnitCount":0},"operatingCapacityMw":2.543,"operatingCapacityMwByTechnology":{"hydro":2.543},"plannedCapacityCoverage":{"coveragePercent":0.0,"knownUnitCount":0,"method":"unavailable","totalUnitCount":0},"plannedCapacityMw":0.0,"plannedCapacityMwByTechnology":{},"recordCount":1,"recordIds":["wattlas-record-osm-way-1471595958"],"sourceIds":["openstreetmap-power"],"sourceUrl":"https://www.openstreetmap.org/way/1471595958","technologies":["hydro"],"technologyMixMw":{"hydro":2.543},"unitCount":0,"unitIds":[]},"type":"Feature"},{"geometry":{"coordinates":[18.018682,43.775576],"type":"Point"},"id":"wattlas-plant-osm-way-1525915566","properties":{"aliases":["VE Ivan Sedlo"],"canonicalAnchor":"osm:way/1525915566","canonicalCountryKey":"BA","capacityMw":25.0,"country":"BA","externalIds":{"osm":"way/1525915566"},"geographyId":"BA-54001226B17629474923252","id":"wattlas-plant-osm-way-1525915566","lifecycleCounts":{"operational":1},"locationPrecision":"exact","name":"VE Ivan Sedlo","operatingCapacityCoverage":{"coveragePercent":100.0,"knownUnitCount":0,"method":"plant_aggregate","provenance":{"evidenceCount":0,"recordIds":["wattlas-record-osm-way-1525915566"],"sourceIds":["openstreetmap-power"],"sourceTypes":["community_mapped"],"valueKind":"reported"},"totalUnitCount":0},"operatingCapacityMw":25.0,"operatingCapacityMwByTechnology":{"wind":25.0},"plannedCapacityCoverage":{"coveragePercent":0.0,"knownUnitCount":0,"method":"unavailable","totalUnitCount":0},"plannedCapacityMw":0.0,"plannedCapacityMwByTechnology":{},"recordCount":1,"recordIds":["wattlas-record-osm-way-1525915566"],"sourceIds":["openstreetmap-power"],"sourceUrl":"https://www.openstreetmap.org/way/1525915566","technologies":["wind"],"technologyMixMw":{"wind":25.0},"unitCount":0,"unitIds":[]},"type":"Feature"},{"geometry":{"coordinates":[18.49704,42.73369],"type":"Point"},"id":"wattlas-plant-osm-way-180233569","properties":{"aliases":["HE Trebinje I"],"canonicalAnchor":"osm:way/180233569","canonicalCountryKey":"BA","capacityMw":168.0,"country":"BA","externalIds":{"osm":"way/180233569"},"geographyId":"BA-54001226B66267900922909","id":"wattlas-plant-osm-way-180233569","lifecycleCounts":{"operational":1},"locationPrecision":"exact","name":"HE Trebinje I","operatingCapacityCoverage":{"coveragePercent":100.0,"knownUnitCount":0,"method":"plant_aggregate","provenance":{"evidenceCount":0,"recordIds":["wattlas-record-osm-way-180233569"],"sourceIds":["openstreetmap-power"],"sourceTypes":["community_mapped"],"valueKind":"reported"},"totalUnitCount":0},"operatingCapacityMw":168.0,"operatingCapacityMwByTechnology":{"hydro":168.0},"plannedCapacityCoverage":{"coveragePercent":0.0,"knownUnitCount":0,"method":"unavailable","totalUnitCount":0},"plannedCapacityMw":0.0,"plannedCapacityMwByTechnology":{},"recordCount":1,"recordIds":["wattlas-record-osm-way-180233569"],"sourceIds":["openstreetmap-power"],"sourceUrl":"https://www.openstreetmap.org/way/180233569","technologies":["hydro"],"technologyMixMw":{"hydro":168.0},"unitCount":0,"unitIds":[]},"type":"Feature"},{"geometry":{"coordinates":[18.406688,43.727457],"type":"Point"},"id":"wattlas-plant-osm-way-401925372","properties":{"aliases":["Bogatići SHPP"],"canonicalAnchor":"osm:way/401925372","canonicalCountryKey":"BA","capacityMw":10.0,"country":"BA","externalIds":{"osm":"way/401925372"},"geographyId":"BA-54001226B17629474923252","id":"wattlas-plant-osm-way-401925372","lifecycleCounts":{"operational":1},"locationPrecision":"exact","name":"Bogatići SHPP","operatingCapacityCoverage":{"coveragePercent":100.0,"knownUnitCount":0,"method":"plant_aggregate","provenance":{"evidenceCount":0,"recordIds":["wattlas-record-osm-way-401925372"],"sourceIds":["openstreetmap-power"],"sourceTypes":["community_mapped"],"valueKind":"reported"},"totalUnitCount":0},"operatingCapacityMw":10.0,"operatingCapacityMwByTechnology":{"hydro":10.0},"plannedCapacityCoverage":{"coveragePercent":0.0,"knownUnitCount":0,"method":"unavailable","totalUnitCount":0},"plannedCapacityMw":0.0,"plannedCapacityMwByTechnology":{},"recordCount":1,"recordIds":["wattlas-record-osm-way-401925372"],"sourceIds":["openstreetmap-power"],"sourceUrl":"https://www.openstreetmap.org/way/401925372","technologies":["hydro"],"technologyMixMw":{"hydro":10.0},"unitCount":0,"unitIds":[]},"type":"Feature"},{"geometry":{"coordinates":[19.077661,43.695835],"type":"Point"},"id":"wattlas-plant-osm-way-665821185","properties":{"aliases":["MHE Ustiprača"],"canonicalAnchor":"osm:way/665821185","canonicalCountryKey":"BA","capacityMw":6.8,"country":"BA","externalIds":{"osm":"way/665821185"},"geographyId":"BA-54001226B66267900922909","id":"wattlas-plant-osm-way-665821185","lifecycleCounts":{"operational":1},"locationPrecision":"exact","name":"MHE Ustiprača","operatingCapacityCoverage":{"coveragePercent":100.0,"knownUnitCount":0,"method":"plant_aggregate","provenance":{"evidenceCount":0,"recordIds":["wattlas-record-osm-way-665821185"],"sourceIds":["openstreetmap-power"],"sourceTypes":["community_mapped"],"valueKind":"reported"},"totalUnitCount":0},"operatingCapacityMw":6.8,"operatingCapacityMwByTechnology":{"hydro":6.8},"plannedCapacityCoverage":{"coveragePercent":0.0,"knownUnitCount":0,"method":"unavailable","totalUnitCount":0},"plannedCapacityMw":0.0,"plannedCapacityMwByTechnology":{},"recordCount":1,"recordIds":["wattlas-record-osm-way-665821185"],"sourceIds":["openstreetmap-power"],"sourceUrl":"https://www.openstreetmap.org/way/665821185","technologies":["hydro"],"technologyMixMw":{"hydro":6.8},"unitCount":0,"unitIds":[]},"type":"Feature"},{"geometry":{"coordinates":[18.324009,43.475387],"type":"Point"},"id":"wattlas-plant-osm-way-752676247","properties":{"aliases":["HE Ulog (mali)"],"canonicalAnchor":"osm:way/752676247","canonicalCountryKey":"BA","capacityMw":0.0,"country":"BA","externalIds":{"osm":"way/752676247"},"geographyId":"BA-54001226B66267900922909","id":"wattlas-plant-osm-way-752676247","lifecycleCounts":{"operational":1},"locationPrecision":"exact","name":"HE Ulog (mali)","operatingCapacityCoverage":{"coveragePercent":0.0,"knownUnitCount":0,"method":"unavailable","totalUnitCount":0},"operatingCapacityMw":0.0,"operatingCapacityMwByTechnology":{},"plannedCapacityCoverage":{"coveragePercent":0.0,"knownUnitCount":0,"method":"unavailable","totalUnitCount":0},"plannedCapacityMw":0.0,"plannedCapacityMwByTechnology":{},"recordCount":1,"recordIds":["wattlas-record-osm-way-752676247"],"sourceIds":["openstreetmap-power"],"sourceUrl":"https://www.openstreetmap.org/way/752676247","technologies":["hydro"],"technologyMixMw":{"hydro":0.0},"unitCount":0,"unitIds":[]},"type":"Feature"},{"geometry":{"coordinates":[19.003381,43.747856],"type":"Point"},"id":"wattlas-plant-osm-way-752828666","properties":{"aliases":["Brana MHE Dub"],"canonicalAnchor":"osm:way/752828666","canonicalCountryKey":"BA","capacityMw":0.0,"country":"BA","externalIds":{"osm":"way/752828666"},"geographyId":"BA-54001226B66267900922909","id":"wattlas-plant-osm-way-752828666","lifecycleCounts":{"operational":1},"locationPrecision":"exact","name":"Brana MHE Dub","operatingCapacityCoverage":{"coveragePercent":0.0,"knownUnitCount":0,"method":"unavailable","totalUnitCount":0},"operatingCapacityMw":0.0,"operatingCapacityMwByTechnology":{},"plannedCapacityCoverage":{"coveragePercent":0.0,"knownUnitCount":0,"method":"unavailable","totalUnitCount":0},"plannedCapacityMw":0.0,"plannedCapacityMwByTechnology":{},"recordCount":1,"recordIds":["wattlas-record-osm-way-752828666"],"sourceIds":["openstreetmap-power"],"sourceUrl":"https://www.openstreetmap.org/way/752828666","technologies":["hydro"],"technologyMixMw":{"hydro":0.0},"unitCount":0,"unitIds":[]},"type":"Feature"},{"geometry":{"coordinates":[18.980106,43.752249],"type":"Point"},"id":"wattlas-plant-osm-way-752841581","properties":{"aliases":["HE Mesići \"Slaviša Vajner Čiča\""],"canonicalAnchor":"osm:way/752841581","canonicalCountryKey":"BA","capacityMw":0.0,"country":"BA","externalIds":{"osm":"way/752841581"},"geographyId":"BA-54001226B66267900922909","id":"wattlas-plant-osm-way-752841581","lifecycleCounts":{"operational":1},"locationPrecision":"exact","name":"HE Mesići \"Slaviša Vajner Čiča\"","operatingCapacityCoverage":{"coveragePercent":0.0,"knownUnitCount":0,"method":"unavailable","totalUnitCount":0},"operatingCapacityMw":0.0,"operatingCapacityMwByTechnology":{},"plannedCapacityCoverage":{"coveragePercent":0.0,"knownUnitCount":0,"method":"unavailable","totalUnitCount":0},"plannedCapacityMw":0.0,"plannedCapacityMwByTechnology":{},"recordCount":1,"recordIds":["wattlas-record-osm-way-752841581"],"sourceIds":["openstreetmap-power"],"sourceUrl":"https://www.openstreetmap.org/way/752841581","technologies":["hydro"],"technologyMixMw":{"hydro":0.0},"unitCount":0,"unitIds":[]},"type":"Feature"},{"geometry":{"coordinates":[19.045691,43.71922],"type":"Point"},"id":"wattlas-plant-osm-way-752847430","properties":{"aliases":["MHE Dub"],"canonicalAnchor":"osm:way/752847430","canonicalCountryKey":"BA","capacityMw":9.4,"country":"BA","externalIds":{"osm":"way/752847430"},"geographyId":"BA-54001226B66267900922909","id":"wattlas-plant-osm-way-752847430","lifecycleCounts":{"operational":1},"locationPrecision":"exact","name":"MHE Dub","operatingCapacityCoverage":{"coveragePercent":100.0,"knownUnitCount":0,"method":"plant_aggregate","provenance":{"evidenceCount":0,"recordIds":["wattlas-record-osm-way-752847430"],"sourceIds":["openstreetmap-power"],"sourceTypes":["community_mapped"],"valueKind":"reported"},"totalUnitCount":0},"operatingCapacityMw":9.4,"operatingCapacityMwByTechnology":{"hydro":9.4},"plannedCapacityCoverage":{"coveragePercent":0.0,"knownUnitCount":0,"method":"unavailable","totalUnitCount":0},"plannedCapacityMw":0.0,"plannedCapacityMwByTechnology":{},"recordCount":1,"recordIds":["wattlas-record-osm-way-752847430"],"sourceIds":["openstreetmap-power"],"sourceUrl":"https://www.openstreetmap.org/way/752847430","technologies":["hydro"],"technologyMixMw":{"hydro":9.4},"unitCount":0,"unitIds":[]},"type":"Feature"},{"geometry":{"coordinates":[19.058357,43.718556],"type":"Point"},"id":"wattlas-plant-osm-way-752850445","properties":{"aliases":["Brana MHE Ustiprača"],"canonicalAnchor":"osm:way/752850445","canonicalCountryKey":"BA","capacityMw":0.0,"country":"BA","externalIds":{"osm":"way/752850445"},"geographyId":"BA-54001226B66267900922909","id":"wattlas-plant-osm-way-752850445","lifecycleCounts":{"operational":1},"locationPrecision":"exact","name":"Brana MHE Ustiprača","operatingCapacityCoverage":{"coveragePercent":0.0,"knownUnitCount":0,"method":"unavailable","totalUnitCount":0},"operatingCapacityMw":0.0,"operatingCapacityMwByTechnology":{},"plannedCapacityCoverage":{"coveragePercent":0.0,"knownUnitCount":0,"method":"unavailable","totalUnitCount":0},"plannedCapacityMw":0.0,"plannedCapacityMwByTechnology":{},"recordCount":1,"recordIds":["wattlas-record-osm-way-752850445"],"sourceIds":["openstreetmap-power"],"sourceUrl":"https://www.openstreetmap.org/way/752850445","technologies":["hydro"],"technologyMixMw":{"hydro":0.0},"unitCount":0,"unitIds":[]},"type":"Feature"},{"geometry":{"coordinates":[18.864223,43.76137],"type":"Point"},"id":"wattlas-plant-osm-way-752850848","properties":{"aliases":["MHE Kaljani"],"canonicalAnchor":"osm:way/752850848","canonicalCountryKey":"BA","capacityMw":1.45,"country":"BA","externalIds":{"osm":"way/752850848"},"geographyId":"BA-54001226B66267900922909","id":"wattlas-plant-osm-way-752850848","lifecycleCounts":{"operational":1},"locationPrecision":"exact","name":"MHE Kaljani","operatingCapacityCoverage":{"coveragePercent":100.0,"knownUnitCount":0,"method":"plant_aggregate","provenance":{"evidenceCount":0,"recordIds":["wattlas-record-osm-way-752850848"],"sourceIds":["openstreetmap-power"],"sourceTypes":["community_mapped"],"valueKind":"reported"},"totalUnitCount":0},"operatingCapacityMw":1.45,"operatingCapacityMwByTechnology":{"hydro":1.45},"plannedCapacityCoverage":{"coveragePercent":0.0,"knownUnitCount":0,"method":"unavailable","totalUnitCount":0},"plannedCapacityMw":0.0,"plannedCapacityMwByTechnology":{},"recordCount":1,"recordIds":["wattlas-record-osm-way-752850848"],"sourceIds":["openstreetmap-power"],"sourceUrl":"https://www.openstreetmap.org/way/752850848","technologies":["hydro"],"technologyMixMw":{"hydro":1.45},"unitCount":0,"unitIds":[]},"type":"Feature"},{"geometry":{"coordinates":[18.981308,43.752815],"type":"Point"},"id":"wattlas-plant-osm-way-752961218","properties":{"aliases":["MHE Mesići-Nova"],"canonicalAnchor":"osm:way/752961218","canonicalCountryKey":"BA","capacityMw":5.0,"country":"BA","externalIds":{"osm":"way/752961218"},"geographyId":"BA-54001226B66267900922909","id":"wattlas-plant-osm-way-752961218","lifecycleCounts":{"operational":1},"locationPrecision":"exact","name":"MHE Mesići-Nova","operatingCapacityCoverage":{"coveragePercent":100.0,"knownUnitCount":0,"method":"plant_aggregate","provenance":{"evidenceCount":0,"recordIds":["wattlas-record-osm-way-752961218"],"sourceIds":["openstreetmap-power"],"sourceTypes":["community_mapped"],"valueKind":"reported"},"totalUnitCount":0},"operatingCapacityMw":5.0,"operatingCapacityMwByTechnology":{"hydro":5.0},"plannedCapacityCoverage":{"coveragePercent":0.0,"knownUnitCount":0,"method":"unavailable","totalUnitCount":0},"plannedCapacityMw":0.0,"plannedCapacityMwByTechnology":{},"recordCount":1,"recordIds":["wattlas-record-osm-way-752961218"],"sourceIds":["openstreetmap-power"],"sourceUrl":"https://www.openstreetmap.org/way/752961218","technologies":["hydro"],"technologyMixMw":{"hydro":5.0},"unitCount":0,"unitIds":[]},"type":"Feature"},{"geometry":{"coordinates":[17.675282,43.746526],"type":"Point"},"id":"wattlas-plant-osm-way-753002400","properties":{"aliases":["HE Rama mašinska hala"],"canonicalAnchor":"osm:way/753002400","canonicalCountryKey":"BA","capacityMw":160.0,"country":"BA","externalIds":{"osm":"way/753002400"},"geographyId":"BA-54001226B17629474923252","id":"wattlas-plant-osm-way-753002400","lifecycleCounts":{"operational":1},"locationPrecision":"exact","name":"HE Rama mašinska hala","operatingCapacityCoverage":{"coveragePercent":100.0,"knownUnitCount":0,"method":"plant_aggregate","provenance":{"evidenceCount":0,"recordIds":["wattlas-record-osm-way-753002400"],"sourceIds":["openstreetmap-power"],"sourceTypes":["community_mapped"],"valueKind":"reported"},"totalUnitCount":0},"operatingCapacityMw":160.0,"operatingCapacityMwByTechnology":{"hydro":160.0},"plannedCapacityCoverage":{"coveragePercent":0.0,"knownUnitCount":0,"method":"unavailable","totalUnitCount":0},"plannedCapacityMw":0.0,"plannedCapacityMwByTechnology":{},"recordCount":1,"recordIds":["wattlas-record-osm-way-753002400"],"sourceIds":["openstreetmap-power"],"sourceUrl":"https://www.openstreetmap.org/way/753002400","technologies":["hydro"],"technologyMixMw":{"hydro":160.0},"unitCount":0,"unitIds":[]},"type":"Feature"},{"geometry":{"coordinates":[18.574498,43.813905],"type":"Point"},"id":"wattlas-plant-osm-way-755193572","properties":{"aliases":["Gradska toplana Pale"],"canonicalAnchor":"osm:way/755193572","canonicalCountryKey":"BA","capacityMw":0.0,"country":"BA","externalIds":{"osm":"way/755193572"},"geographyId":"BA-54001226B66267900922909","id":"wattlas-plant-osm-way-755193572","lifecycleCounts":{"operational":1},"locationPrecision":"exact","name":"Gradska toplana Pale","operatingCapacityCoverage":{"coveragePercent":0.0,"knownUnitCount":0,"method":"unavailable","totalUnitCount":0},"operatingCapacityMw":0.0,"operatingCapacityMwByTechnology":{},"plannedCapacityCoverage":{"coveragePercent":0.0,"knownUnitCount":0,"method":"unavailable","totalUnitCount":0},"plannedCapacityMw":0.0,"plannedCapacityMwByTechnology":{},"recordCount":1,"recordIds":["wattlas-record-osm-way-755193572"],"sourceIds":["openstreetmap-power"],"sourceUrl":"https://www.openstreetmap.org/way/755193572","technologies":["other"],"technologyMixMw":{"other":0.0},"unitCount":0,"unitIds":[]},"type":"Feature"},{"geometry":{"coordinates":[17.326147,43.338094],"type":"Point"},"id":"wattlas-plant-osm-way-810337971","properties":{"aliases":["Peć Mlini"],"canonicalAnchor":"osm:way/810337971","canonicalCountryKey":"BA","capacityMw":0.0,"country":"BA","externalIds":{"osm":"way/810337971"},"geographyId":"BA-54001226B17629474923252","id":"wattlas-plant-osm-way-810337971","lifecycleCounts":{"operational":1},"locationPrecision":"exact","name":"Peć Mlini","operatingCapacityCoverage":{"coveragePercent":0.0,"knownUnitCount":0,"method":"unavailable","totalUnitCount":0},"operatingCapacityMw":0.0,"operatingCapacityMwByTechnology":{},"plannedCapacityCoverage":{"coveragePercent":0.0,"knownUnitCount":0,"method":"unavailable","totalUnitCount":0},"plannedCapacityMw":0.0,"plannedCapacityMwByTechnology":{},"recordCount":1,"recordIds":["wattlas-record-osm-way-810337971"],"sourceIds":["openstreetmap-power"],"sourceUrl":"https://www.openstreetmap.org/way/810337971","technologies":["hydro"],"technologyMixMw":{"hydro":0.0},"unitCount":0,"unitIds":[]},"type":"Feature"},{"geometry":{"coordinates":[17.794179,43.298949],"type":"Point"},"id":"wattlas-plant-osm-way-810581776","properties":{"aliases":["Mapped power plant · OSM 810581776"],"canonicalAnchor":"osm:way/810581776","canonicalCountryKey":"BA","capacityMw":0.0,"country":"BA","externalIds":{"osm":"way/810581776"},"geographyId":"BA-54001226B17629474923252","id":"wattlas-plant-osm-way-810581776","lifecycleCounts":{"operational":1},"locationPrecision":"exact","name":"Mapped power plant · OSM 810581776","operatingCapacityCoverage":{"coveragePercent":0.0,"knownUnitCount":0,"method":"unavailable","totalUnitCount":0},"operatingCapacityMw":0.0,"operatingCapacityMwByTechnology":{},"plannedCapacityCoverage":{"coveragePercent":0.0,"knownUnitCount":0,"method":"unavailable","totalUnitCount":0},"plannedCapacityMw":0.0,"plannedCapacityMwByTechnology":{},"recordCount":1,"recordIds":["wattlas-record-osm-way-810581776"],"sourceIds":["openstreetmap-power"],"sourceUrl":"https://www.openstreetmap.org/way/810581776","technologies":["hydro"],"technologyMixMw":{"hydro":0.0},"unitCount":0,"unitIds":[]},"type":"Feature"},{"geometry":{"coordinates":[17.612735,43.371824],"type":"Point"},"id":"wattlas-plant-osm-way-816297606","properties":{"aliases":["Hidroelektrana"],"canonicalAnchor":"osm:way/816297606","canonicalCountryKey":"BA","capacityMw":0.0,"country":"BA","externalIds":{"osm":"way/816297606"},"geographyId":"BA-54001226B17629474923252","id":"wattlas-plant-osm-way-816297606","lifecycleCounts":{"operational":1},"locationPrecision":"exact","name":"Hidroelektrana","operatingCapacityCoverage":{"coveragePercent":0.0,"knownUnitCount":0,"method":"unavailable","totalUnitCount":0},"operatingCapacityMw":0.0,"operatingCapacityMwByTechnology":{},"plannedCapacityCoverage":{"coveragePercent":0.0,"knownUnitCount":0,"method":"unavailable","totalUnitCount":0},"plannedCapacityMw":0.0,"plannedCapacityMwByTechnology":{},"recordCount":1,"recordIds":["wattlas-record-osm-way-816297606"],"sourceIds":["openstreetmap-power"],"sourceUrl":"https://www.openstreetmap.org/way/816297606","technologies":["hydro"],"technologyMixMw":{"hydro":0.0},"unitCount":0,"unitIds":[]},"type":"Feature"},{"geometry":{"coordinates":[18.455407,43.758138],"type":"Point"},"id":"wattlas-plant-osm-way-829681025","properties":{"aliases":["MHE Podvič"],"canonicalAnchor":"osm:way/829681025","canonicalCountryKey":"BA","capacityMw":0.0,"country":"BA","externalIds":{"osm":"way/829681025"},"geographyId":"BA-54001226B66267900922909","id":"wattlas-plant-osm-way-829681025","lifecycleCounts":{"operational":1},"locationPrecision":"exact","name":"MHE Podvič","operatingCapacityCoverage":{"coveragePercent":0.0,"knownUnitCount":0,"method":"unavailable","totalUnitCount":0},"operatingCapacityMw":0.0,"operatingCapacityMwByTechnology":{},"plannedCapacityCoverage":{"coveragePercent":0.0,"knownUnitCount":0,"method":"unavailable","totalUnitCount":0},"plannedCapacityMw":0.0,"plannedCapacityMwByTechnology":{},"recordCount":1,"recordIds":["wattlas-record-osm-way-829681025"],"sourceIds":["openstreetmap-power"],"sourceUrl":"https://www.openstreetmap.org/way/829681025","technologies":["hydro"],"technologyMixMw":{"hydro":0.0},"unitCount":0,"unitIds":[]},"type":"Feature"},{"geometry":{"coordinates":[18.017938,43.07824],"type":"Point"},"id":"wattlas-plant-osm-way-829699892","properties":{"aliases":["MHE Do"],"canonicalAnchor":"osm:way/829699892","canonicalCountryKey":"BA","capacityMw":2.0,"country":"BA","externalIds":{"osm":"way/829699892"},"geographyId":"BA-54001226B66267900922909","id":"wattlas-plant-osm-way-829699892","lifecycleCounts":{"operational":1},"locationPrecision":"exact","name":"MHE Do","operatingCapacityCoverage":{"coveragePercent":100.0,"knownUnitCount":0,"method":"plant_aggregate","provenance":{"evidenceCount":0,"recordIds":["wattlas-record-osm-way-829699892"],"sourceIds":["openstreetmap-power"],"sourceTypes":["community_mapped"],"valueKind":"reported"},"totalUnitCount":0},"operatingCapacityMw":2.0,"operatingCapacityMwByTechnology":{"hydro":2.0},"plannedCapacityCoverage":{"coveragePercent":0.0,"knownUnitCount":0,"method":"unavailable","totalUnitCount":0},"plannedCapacityMw":0.0,"plannedCapacityMwByTechnology":{},"recordCount":1,"recordIds":["wattlas-record-osm-way-829699892"],"sourceIds":["openstreetmap-power"],"sourceUrl":"https://www.openstreetmap.org/way/829699892","technologies":["hydro"],"technologyMixMw":{"hydro":2.0},"unitCount":0,"unitIds":[]},"type":"Feature"},{"geometry":{"coordinates":[18.466613,43.602379],"type":"Point"},"id":"wattlas-plant-osm-way-829733166","properties":{"aliases":["MHE Bistrica B-5A"],"canonicalAnchor":"osm:way/829733166","canonicalCountryKey":"BA","capacityMw":0.0,"country":"BA","externalIds":{"osm":"way/829733166"},"geographyId":"BA-54001226B66267900922909","id":"wattlas-plant-osm-way-829733166","lifecycleCounts":{"operational":1},"locationPrecision":"exact","name":"MHE Bistrica B-5A","operatingCapacityCoverage":{"coveragePercent":0.0,"knownUnitCount":0,"method":"unavailable","totalUnitCount":0},"operatingCapacityMw":0.0,"operatingCapacityMwByTechnology":{},"plannedCapacityCoverage":{"coveragePercent":0.0,"knownUnitCount":0,"method":"unavailable","totalUnitCount":0},"plannedCapacityMw":0.0,"plannedCapacityMwByTechnology":{},"recordCount":1,"recordIds":["wattlas-record-osm-way-829733166"],"sourceIds":["openstreetmap-power"],"sourceUrl":"https://www.openstreetmap.org/way/829733166","technologies":["hydro"],"technologyMixMw":{"hydro":0.0},"unitCount":0,"unitIds":[]},"type":"Feature"},{"geometry":{"coordinates":[18.396946,42.638438],"type":"Point"},"id":"wattlas-plant-osm-way-834216882","properties":{"aliases":["City Of Trebinje solar project"],"canonicalAnchor":"osm:way/834216882","canonicalCountryKey":"BA","capacityMw":2.2,"country":"BA","externalIds":{"osm":"way/834216882"},"geographyId":"BA-54001226B66267900922909","id":"wattlas-plant-osm-way-834216882","lifecycleCounts":{"operational":1},"locationPrecision":"exact","name":"City Of Trebinje solar project","operatingCapacityCoverage":{"coveragePercent":100.0,"knownUnitCount":0,"method":"plant_aggregate","provenance":{"evidenceCount":0,"recordIds":["wattlas-record-osm-way-834216882"],"sourceIds":["openstreetmap-power"],"sourceTypes":["community_mapped"],"valueKind":"reported"},"totalUnitCount":0},"operatingCapacityMw":2.2,"operatingCapacityMwByTechnology":{"solar":2.2},"plannedCapacityCoverage":{"coveragePercent":0.0,"knownUnitCount":0,"method":"unavailable","totalUnitCount":0},"plannedCapacityMw":0.0,"plannedCapacityMwByTechnology":{},"recordCount":1,"recordIds":["wattlas-record-osm-way-834216882"],"sourceIds":["openstreetmap-power"],"sourceUrl":"https://www.openstreetmap.org/way/834216882","technologies":["solar"],"technologyMixMw":{"solar":2.2},"unitCount":0,"unitIds":[]},"type":"Feature"},{"geometry":{"coordinates":[17.900999,43.129135],"type":"Point"},"id":"wattlas-plant-osm-way-901990163","properties":{"aliases":["Solarna fotonaponska elektrana Hodovo I"],"canonicalAnchor":"osm:way/901990163","canonicalCountryKey":"BA","capacityMw":0.0,"country":"BA","externalIds":{"osm":"way/901990163"},"geographyId":"BA-54001226B17629474923252","id":"wattlas-plant-osm-way-901990163","lifecycleCounts":{"operational":1},"locationPrecision":"exact","name":"Solarna fotonaponska elektrana Hodovo I","operatingCapacityCoverage":{"coveragePercent":0.0,"knownUnitCount":0,"method":"unavailable","totalUnitCount":0},"operatingCapacityMw":0.0,"operatingCapacityMwByTechnology":{},"plannedCapacityCoverage":{"coveragePercent":0.0,"knownUnitCount":0,"method":"unavailable","totalUnitCount":0},"plannedCapacityMw":0.0,"plannedCapacityMwByTechnology":{},"recordCount":1,"recordIds":["wattlas-record-osm-way-901990163"],"sourceIds":["openstreetmap-power"],"sourceUrl":"https://www.openstreetmap.org/way/901990163","technologies":["solar"],"technologyMixMw":{"solar":0.0},"unitCount":0,"unitIds":[]},"type":"Feature"},{"geometry":{"coordinates":[18.181112,44.368807],"type":"Point"},"id":"wattlas-plant-osm-way-917593826","properties":{"aliases":["Mapped power plant · OSM 917593826"],"canonicalAnchor":"osm:way/917593826","canonicalCountryKey":"BA","capacityMw":0.0,"country":"BA","externalIds":{"osm":"way/917593826"},"geographyId":"BA-54001226B17629474923252","id":"wattlas-plant-osm-way-917593826","lifecycleCounts":{"operational":1},"locationPrecision":"exact","name":"Mapped power plant · OSM 917593826","operatingCapacityCoverage":{"coveragePercent":0.0,"knownUnitCount":0,"method":"unavailable","totalUnitCount":0},"operatingCapacityMw":0.0,"operatingCapacityMwByTechnology":{},"plannedCapacityCoverage":{"coveragePercent":0.0,"knownUnitCount":0,"method":"unavailable","totalUnitCount":0},"plannedCapacityMw":0.0,"plannedCapacityMwByTechnology":{},"recordCount":1,"recordIds":["wattlas-record-osm-way-917593826"],"sourceIds":["openstreetmap-power"],"sourceUrl":"https://www.openstreetmap.org/way/917593826","technologies":["hydro"],"technologyMixMw":{"hydro":0.0},"unitCount":0,"unitIds":[]},"type":"Feature"},{"geometry":{"coordinates":[17.607743,44.414876],"type":"Point"},"id":"wattlas-plant-osm-way-968914914","properties":{"aliases":["MHE Kruševo Brdo"],"canonicalAnchor":"osm:way/968914914","canonicalCountryKey":"BA","capacityMw":0.0,"country":"BA","externalIds":{"osm":"way/968914914"},"geographyId":"BA-54001226B66267900922909","id":"wattlas-plant-osm-way-968914914","lifecycleCounts":{"operational":1},"locationPrecision":"exact","name":"MHE Kruševo Brdo","operatingCapacityCoverage":{"coveragePercent":0.0,"knownUnitCount":0,"method":"unavailable","totalUnitCount":0},"operatingCapacityMw":0.0,"operatingCapacityMwByTechnology":{},"plannedCapacityCoverage":{"coveragePercent":0.0,"knownUnitCount":0,"method":"unavailable","totalUnitCount":0},"plannedCapacityMw":0.0,"plannedCapacityMwByTechnology":{},"recordCount":1,"recordIds":["wattlas-record-osm-way-968914914"],"sourceIds":["openstreetmap-power"],"sourceUrl":"https://www.openstreetmap.org/way/968914914","technologies":["hydro"],"technologyMixMw":{"hydro":0.0},"unitCount":0,"unitIds":[]},"type":"Feature"},{"geometry":{"coordinates":[17.134681,44.562771],"type":"Point"},"id":"wattlas-plant-wikidata-q110047712","properties":{"aliases":["MHE Bočac 2"],"canonicalAnchor":"wikidata:Q110047712","canonicalCountryKey":"BA","capacityMw":10.0,"country":"BA","externalIds":{"osm":"way/752979637","wikidata":"Q110047712","wikipedia":"sr:ХЕ Бочац 2"},"geographyId":"BA-54001226B66267900922909","id":"wattlas-plant-wikidata-q110047712","idAliases":["wattlas-plant-osm-way-752979637","wattlas-plant-wikipedia-sr-2"],"lifecycleCounts":{"operational":1},"locationPrecision":"exact","name":"MHE Bočac 2","operatingCapacityCoverage":{"coveragePercent":100.0,"knownUnitCount":0,"method":"plant_aggregate","provenance":{"evidenceCount":0,"recordIds":["wattlas-record-osm-way-752979637"],"sourceIds":["openstreetmap-power"],"sourceTypes":["community_mapped"],"valueKind":"reported"},"totalUnitCount":0},"operatingCapacityMw":10.0,"operatingCapacityMwByTechnology":{"hydro":10.0},"plannedCapacityCoverage":{"coveragePercent":0.0,"knownUnitCount":0,"method":"unavailable","totalUnitCount":0},"plannedCapacityMw":0.0,"plannedCapacityMwByTechnology":{},"recordCount":1,"recordIds":["wattlas-record-osm-way-752979637"],"sourceIds":["openstreetmap-power"],"sourceUrl":"https://www.openstreetmap.org/way/752979637","technologies":["hydro"],"technologyMixMw":{"hydro":10.0},"unitCount":0,"unitIds":[]},"type":"Feature"},{"geometry":{"coordinates":[17.836392,43.447366],"type":"Point"},"id":"wattlas-plant-wikidata-q11999146","properties":{"aliases":["Salakovac Hydroelectric Power Station"],"canonicalAnchor":"wikidata:Q11999146","canonicalCountryKey":"BA","capacityMw":208.5,"country":"BA","externalIds":{"osm":"relation/17646284","wikidata":"Q11999146","wikipedia":"bs:Hidroelektrana Salakovac"},"geographyId":"BA-54001226B17629474923252","id":"wattlas-plant-wikidata-q11999146","idAliases":["wattlas-plant-osm-relation-17646284","wattlas-plant-wikipedia-bs-hidroelektrana-salakovac"],"lifecycleCounts":{"operational":1},"locationPrecision":"exact","name":"Salakovac Hydroelectric Power Station","operatingCapacityCoverage":{"coveragePercent":100.0,"knownUnitCount":0,"method":"plant_aggregate","provenance":{"evidenceCount":0,"recordIds":["wattlas-record-osm-relation-17646284"],"sourceIds":["openstreetmap-power"],"sourceTypes":["community_mapped"],"valueKind":"reported"},"totalUnitCount":0},"operatingCapacityMw":208.5,"operatingCapacityMwByTechnology":{"hydro":208.5},"plannedCapacityCoverage":{"coveragePercent":0.0,"knownUnitCount":0,"method":"unavailable","totalUnitCount":0},"plannedCapacityMw":0.0,"plannedCapacityMwByTechnology":{},"recordCount":1,"recordIds":["wattlas-record-osm-relation-17646284"],"sourceIds":["openstreetmap-power"],"sourceUrl":"https://www.openstreetmap.org/relation/17646284","technologies":["hydro"],"technologyMixMw":{"hydro":208.5},"unitCount":0,"unitIds":[]},"type":"Feature"},{"geometry":{"coordinates":[19.106159,44.367603],"type":"Point"},"id":"wattlas-plant-wikidata-q12011284","properties":{"aliases":["ХЕ Зворник"],"canonicalAnchor":"wikidata:Q12011284","canonicalCountryKey":"BA","capacityMw":126.0,"country":"BA","externalIds":{"osm":"way/753131894","wikidata":"Q12011284"},"geographyId":"BA-54001226B66267900922909","id":"wattlas-plant-wikidata-q12011284","idAliases":["wattlas-plant-osm-way-753131894"],"lifecycleCounts":{"operational":1},"locationPrecision":"exact","name":"ХЕ Зворник","operatingCapacityCoverage":{"coveragePercent":100.0,"knownUnitCount":0,"method":"plant_aggregate","provenance":{"evidenceCount":0,"recordIds":["wattlas-record-osm-way-753131894"],"sourceIds":["openstreetmap-power"],"sourceTypes":["community_mapped"],"valueKind":"reported"},"totalUnitCount":0},"operatingCapacityMw":126.0,"operatingCapacityMwByTechnology":{"hydro":126.0},"plannedCapacityCoverage":{"coveragePercent":0.0,"knownUnitCount":0,"method":"unavailable","totalUnitCount":0},"plannedCapacityMw":0.0,"plannedCapacityMwByTechnology":{},"recordCount":1,"recordIds":["wattlas-record-osm-way-753131894"],"sourceIds":["openstreetmap-power"],"sourceUrl":"https://www.openstreetmap.org/way/753131894","technologies":["hydro"],"technologyMixMw":{"hydro":126.0},"unitCount":0,"unitIds":[]},"type":"Feature"},{"geometry":{"coordinates":[18.510443,43.170645],"type":"Point"},"id":"wattlas-plant-wikidata-q17775734","properties":{"aliases":["Termoelektrana Gacko"],"canonicalAnchor":"wikidata:Q17775734","canonicalCountryKey":"BA","capacityMw":300.0,"country":"BA","externalIds":{"osm":"way/184921049","wikidata":"Q17775734"},"geographyId":"BA-54001226B66267900922909","id":"wattlas-plant-wikidata-q17775734","idAliases":["wattlas-plant-osm-way-184921049"],"lifecycleCounts":{"operational":1},"locationPrecision":"exact","name":"Termoelektrana Gacko","operatingCapacityCoverage":{"coveragePercent":100.0,"knownUnitCount":0,"method":"plant_aggregate","provenance":{"evidenceCount":0,"recordIds":["wattlas-record-osm-way-184921049"],"sourceIds":["openstreetmap-power"],"sourceTypes":["community_mapped"],"valueKind":"reported"},"totalUnitCount":0},"operatingCapacityMw":300.0,"operatingCapacityMwByTechnology":{"coal":300.0},"plannedCapacityCoverage":{"coveragePercent":0.0,"knownUnitCount":0,"method":"unavailable","totalUnitCount":0},"plannedCapacityMw":0.0,"plannedCapacityMwByTechnology":{},"recordCount":1,"recordIds":["wattlas-record-osm-way-184921049"],"sourceIds":["openstreetmap-power"],"sourceUrl":"https://www.openstreetmap.org/way/184921049","technologies":["coal"],"technologyMixMw":{"coal":300.0},"unitCount":0,"unitIds":[]},"type":"Feature"},{"geometry":{"coordinates":[18.96928,44.68175],"type":"Point"},"id":"wattlas-plant-wikidata-q1780876","properties":{"aliases":["Termoelektrana Ugljevik"],"canonicalAnchor":"wikidata:Q1780876","canonicalCountryKey":"BA","capacityMw":279.0,"country":"BA","externalIds":{"osm":"way/195036560","wikidata":"Q1780876","wikipedia":"sr:Рудник и термоелектрана Угљевик"},"geographyId":"BA-54001226B66267900922909","id":"wattlas-plant-wikidata-q1780876","idAliases":["wattlas-plant-osm-way-195036560"],"lifecycleCounts":{"operational":1},"locationPrecision":"exact","name":"Termoelektrana Ugljevik","operatingCapacityCoverage":{"coveragePercent":100.0,"knownUnitCount":0,"method":"plant_aggregate","provenance":{"evidenceCount":0,"recordIds":["wattlas-record-osm-way-195036560"],"sourceIds":["openstreetmap-power"],"sourceTypes":["community_mapped"],"valueKind":"reported"},"totalUnitCount":0},"operatingCapacityMw":279.0,"operatingCapacityMwByTechnology":{"coal":279.0},"plannedCapacityCoverage":{"coveragePercent":0.0,"knownUnitCount":0,"method":"unavailable","totalUnitCount":0},"plannedCapacityMw":0.0,"plannedCapacityMwByTechnology":{},"recordCount":1,"recordIds":["wattlas-record-osm-way-195036560"],"sourceIds":["openstreetmap-power"],"sourceUrl":"https://www.openstreetmap.org/way/195036560","technologies":["coal"],"technologyMixMw":{"coal":279.0},"unitCount":0,"unitIds":[]},"type":"Feature"},{"geometry":{"coordinates":[18.114752,44.096575],"type":"Point"},"id":"wattlas-plant-wikidata-q1786135","properties":{"aliases":["Termoelektrana Kakanj"],"canonicalAnchor":"wikidata:Q1786135","canonicalCountryKey":"BA","capacityMw":450.0,"country":"BA","externalIds":{"osm":"relation/9870606","wikidata":"Q1786135"},"geographyId":"BA-54001226B17629474923252","id":"wattlas-plant-wikidata-q1786135","idAliases":["wattlas-plant-osm-relation-9870606"],"lifecycleCounts":{"operational":1},"locationPrecision":"exact","name":"Termoelektrana Kakanj","operatingCapacityCoverage":{"coveragePercent":100.0,"knownUnitCount":0,"method":"plant_aggregate","provenance":{"evidenceCount":0,"recordIds":["wattlas-record-osm-relation-9870606"],"sourceIds":["openstreetmap-power"],"sourceTypes":["community_mapped"],"valueKind":"reported"},"totalUnitCount":0},"operatingCapacityMw":450.0,"operatingCapacityMwByTechnology":{"coal":450.0},"plannedCapacityCoverage":{"coveragePercent":0.0,"knownUnitCount":0,"method":"unavailable","totalUnitCount":0},"plannedCapacityMw":0.0,"plannedCapacityMwByTechnology":{},"recordCount":1,"recordIds":["wattlas-record-osm-relation-9870606"],"sourceIds":["openstreetmap-power"],"sourceUrl":"https://www.openstreetmap.org/relation/9870606","technologies":["coal"],"technologyMixMw":{"coal":450.0},"unitCount":0,"unitIds":[]},"type":"Feature"},{"geometry":{"coordinates":[17.791293,44.753875],"type":"Point"},"id":"wattlas-plant-wikidata-q18392784","properties":{"aliases":["Termoelektrana Stanari"],"canonicalAnchor":"wikidata:Q18392784","canonicalCountryKey":"BA","capacityMw":300.0,"country":"BA","externalIds":{"osm":"way/747075449","wikidata":"Q18392784"},"geographyId":"BA-54001226B66267900922909","id":"wattlas-plant-wikidata-q18392784","idAliases":["wattlas-plant-osm-way-747075449"],"lifecycleCounts":{"operational":1},"locationPrecision":"exact","name":"Termoelektrana Stanari","operatingCapacityCoverage":{"coveragePercent":100.0,"knownUnitCount":0,"method":"plant_aggregate","provenance":{"evidenceCount":0,"recordIds":["wattlas-record-osm-way-747075449"],"sourceIds":["openstreetmap-power"],"sourceTypes":["community_mapped"],"valueKind":"reported"},"totalUnitCount":0},"operatingCapacityMw":300.0,"operatingCapacityMwByTechnology":{"coal":300.0},"plannedCapacityCoverage":{"coveragePercent":0.0,"knownUnitCount":0,"method":"unavailable","totalUnitCount":0},"plannedCapacityMw":0.0,"plannedCapacityMwByTechnology":{},"recordCount":1,"recordIds":["wattlas-record-osm-way-747075449"],"sourceIds":["openstreetmap-power"],"sourceUrl":"https://www.openstreetmap.org/way/747075449","technologies":["coal"],"technologyMixMw":{"coal":300.0},"unitCount":0,"unitIds":[]},"type":"Feature"},{"geometry":{"coordinates":[17.766402,43.663031],"type":"Point"},"id":"wattlas-plant-wikidata-q21743461","properties":{"aliases":["Powerhouse HE Jablanica"],"canonicalAnchor":"wikidata:Q21743461","canonicalCountryKey":"BA","capacityMw":180.0,"country":"BA","externalIds":{"osm":"way/1290371943","wikidata":"Q21743461"},"geographyId":"BA-54001226B17629474923252","id":"wattlas-plant-wikidata-q21743461","idAliases":["wattlas-plant-osm-way-1290371943"],"lifecycleCounts":{"operational":1},"locationPrecision":"exact","name":"Powerhouse HE Jablanica","operatingCapacityCoverage":{"coveragePercent":100.0,"knownUnitCount":0,"method":"plant_aggregate","provenance":{"evidenceCount":0,"recordIds":["wattlas-record-osm-way-1290371943"],"sourceIds":["openstreetmap-power"],"sourceTypes":["community_mapped"],"valueKind":"reported"},"totalUnitCount":0},"operatingCapacityMw":180.0,"operatingCapacityMwByTechnology":{"hydro":180.0},"plannedCapacityCoverage":{"coveragePercent":0.0,"knownUnitCount":0,"method":"unavailable","totalUnitCount":0},"plannedCapacityMw":0.0,"plannedCapacityMwByTechnology":{},"recordCount":1,"recordIds":["wattlas-record-osm-way-1290371943"],"sourceIds":["openstreetmap-power"],"sourceUrl":"https://www.openstreetmap.org/way/1290371943","technologies":["hydro"],"technologyMixMw":{"hydro":180.0},"unitCount":0,"unitIds":[]},"type":"Feature"},{"geometry":{"coordinates":[17.326089,43.338781],"type":"Point"},"id":"wattlas-plant-wikidata-q25500787","properties":{"aliases":["Hidroelektrana Peć Mlini"],"canonicalAnchor":"wikidata:Q25500787","canonicalCountryKey":"BA","capacityMw":30.6,"country":"BA","externalIds":{"osm":"way/810337946","wikidata":"Q25500787","wikipedia":"bs:Hidroelektrana Peć Mlini"},"geographyId":"BA-54001226B17629474923252","id":"wattlas-plant-wikidata-q25500787","idAliases":["wattlas-plant-osm-way-810337946","wattlas-plant-wikipedia-bs-hidroelektrana-pe-mlini"],"lifecycleCounts":{"operational":1},"locationPrecision":"exact","name":"Hidroelektrana Peć Mlini","operatingCapacityCoverage":{"coveragePercent":100.0,"knownUnitCount":0,"method":"plant_aggregate","provenance":{"evidenceCount":0,"recordIds":["wattlas-record-osm-way-810337946"],"sourceIds":["openstreetmap-power"],"sourceTypes":["community_mapped"],"valueKind":"reported"},"totalUnitCount":0},"operatingCapacityMw":30.6,"operatingCapacityMwByTechnology":{"hydro":30.6},"plannedCapacityCoverage":{"coveragePercent":0.0,"knownUnitCount":0,"method":"unavailable","totalUnitCount":0},"plannedCapacityMw":0.0,"plannedCapacityMwByTechnology":{},"recordCount":1,"recordIds":["wattlas-record-osm-way-810337946"],"sourceIds":["openstreetmap-power"],"sourceUrl":"https://www.openstreetmap.org/way/810337946","technologies":["hydro"],"technologyMixMw":{"hydro":30.6},"unitCount":0,"unitIds":[]},"type":"Feature"},{"geometry":{"coordinates":[17.84515,43.377491],"type":"Point"},"id":"wattlas-plant-wikidata-q25500795-c44c0322bc","properties":{"aliases":["HE Mostar"],"canonicalAnchor":"wikidata:Q25500795","canonicalCountryKey":"BA","capacityMw":72.0,"country":"BA","externalIds":{"osm":"way/752999100","wikidata":"Q25500795","wikipedia":"bs:Hidroelektrana Mostar"},"geographyId":"BA-54001226B17629474923252","id":"wattlas-plant-wikidata-q25500795-c44c0322bc","idAliases":["wattlas-plant-osm-way-752999100","wattlas-plant-wikidata-q25500795","wattlas-plant-wikipedia-bs-hidroelektrana-mostar"],"lifecycleCounts":{"operational":1},"locationPrecision":"exact","name":"HE Mostar","operatingCapacityCoverage":{"coveragePercent":100.0,"knownUnitCount":0,"method":"plant_aggregate","provenance":{"evidenceCount":0,"recordIds":["wattlas-record-osm-way-752999100"],"sourceIds":["openstreetmap-power"],"sourceTypes":["community_mapped"],"valueKind":"reported"},"totalUnitCount":0},"operatingCapacityMw":72.0,"operatingCapacityMwByTechnology":{"hydro":72.0},"plannedCapacityCoverage":{"coveragePercent":0.0,"knownUnitCount":0,"method":"unavailable","totalUnitCount":0},"plannedCapacityMw":0.0,"plannedCapacityMwByTechnology":{},"recordCount":1,"recordIds":["wattlas-record-osm-way-752999100"],"sourceIds":["openstreetmap-power"],"sourceUrl":"https://www.openstreetmap.org/way/752999100","technologies":["hydro"],"technologyMixMw":{"hydro":72.0},"unitCount":0,"unitIds":[]},"type":"Feature"},{"geometry":{"coordinates":[17.845176,43.377566],"type":"Point"},"id":"wattlas-plant-wikidata-q25500795-f4f6bcf87d","properties":{"aliases":["Mostar Hydroelectric Power Station"],"canonicalAnchor":"wikidata:Q25500795","canonicalCountryKey":"BA","capacityMw":72.0,"country":"BA","externalIds":{"osm":"relation/17702517","wikidata":"Q25500795","wikipedia":"bs:Hidroelektrana Mostar"},"geographyId":"BA-54001226B17629474923252","id":"wattlas-plant-wikidata-q25500795-f4f6bcf87d","idAliases":["wattlas-plant-osm-relation-17702517"],"lifecycleCounts":{"operational":1},"locationPrecision":"exact","name":"Mostar Hydroelectric Power Station","operatingCapacityCoverage":{"coveragePercent":100.0,"knownUnitCount":0,"method":"plant_aggregate","provenance":{"evidenceCount":0,"recordIds":["wattlas-record-osm-relation-17702517"],"sourceIds":["openstreetmap-power"],"sourceTypes":["community_mapped"],"valueKind":"reported"},"totalUnitCount":0},"operatingCapacityMw":72.0,"operatingCapacityMwByTechnology":{"hydro":72.0},"plannedCapacityCoverage":{"coveragePercent":0.0,"knownUnitCount":0,"method":"unavailable","totalUnitCount":0},"plannedCapacityMw":0.0,"plannedCapacityMwByTechnology":{},"recordCount":1,"recordIds":["wattlas-record-osm-relation-17702517"],"sourceIds":["openstreetmap-power"],"sourceUrl":"https://www.openstreetmap.org/relation/17702517","technologies":["hydro"],"technologyMixMw":{"hydro":72.0},"unitCount":0,"unitIds":[]},"type":"Feature"},{"geometry":{"coordinates":[18.842927,43.273438],"type":"Point"},"id":"wattlas-plant-wikidata-q30974244","properties":{"aliases":["Hidroelektrana Piva"],"canonicalAnchor":"wikidata:Q30974244","canonicalCountryKey":"BA","capacityMw":342.0,"country":"BA","externalIds":{"osm":"way/862549821","wikidata":"Q30974244"},"geographyId":"BA-54001226B66267900922909","id":"wattlas-plant-wikidata-q30974244","idAliases":["wattlas-plant-osm-way-862549821"],"lifecycleCounts":{"operational":1},"locationPrecision":"exact","name":"Hidroelektrana Piva","operatingCapacityCoverage":{"coveragePercent":100.0,"knownUnitCount":0,"method":"plant_aggregate","provenance":{"evidenceCount":0,"recordIds":["wattlas-record-osm-way-862549821"],"sourceIds":["openstreetmap-power"],"sourceTypes":["community_mapped"],"valueKind":"reported"},"totalUnitCount":0},"operatingCapacityMw":342.0,"operatingCapacityMwByTechnology":{"hydro":342.0},"plannedCapacityCoverage":{"coveragePercent":0.0,"knownUnitCount":0,"method":"unavailable","totalUnitCount":0},"plannedCapacityMw":0.0,"plannedCapacityMwByTechnology":{},"recordCount":1,"recordIds":["wattlas-record-osm-way-862549821"],"sourceIds":["openstreetmap-power"],"sourceUrl":"https://www.openstreetmap.org/way/862549821","technologies":["hydro"],"technologyMixMw":{"hydro":342.0},"unitCount":0,"unitIds":[]},"type":"Feature"},{"geometry":{"coordinates":[18.380818,42.706739],"type":"Point"},"id":"wattlas-plant-wikidata-q31082668","properties":{"aliases":["Hidroelektrana Trebinje II"],"canonicalAnchor":"wikidata:Q31082668","canonicalCountryKey":"BA","capacityMw":8.0,"country":"BA","externalIds":{"osm":"relation/19673243","wikidata":"Q31082668","wikipedia":"bs:Hidroelektrana Trebinje II"},"geographyId":"BA-54001226B66267900922909","id":"wattlas-plant-wikidata-q31082668","idAliases":["wattlas-plant-osm-relation-19673243","wattlas-plant-wikipedia-bs-hidroelektrana-trebinje-ii"],"lifecycleCounts":{"operational":1},"locationPrecision":"exact","name":"Hidroelektrana Trebinje II","operatingCapacityCoverage":{"coveragePercent":100.0,"knownUnitCount":0,"method":"plant_aggregate","provenance":{"evidenceCount":0,"recordIds":["wattlas-record-osm-relation-19673243"],"sourceIds":["openstreetmap-power"],"sourceTypes":["community_mapped"],"valueKind":"reported"},"totalUnitCount":0},"operatingCapacityMw":8.0,"operatingCapacityMwByTechnology":{"hydro":8.0},"plannedCapacityCoverage":{"coveragePercent":0.0,"knownUnitCount":0,"method":"unavailable","totalUnitCount":0},"plannedCapacityMw":0.0,"plannedCapacityMwByTechnology":{},"recordCount":1,"recordIds":["wattlas-record-osm-relation-19673243"],"sourceIds":["openstreetmap-power"],"sourceUrl":"https://www.openstreetmap.org/relation/19673243","technologies":["hydro"],"technologyMixMw":{"hydro":8.0},"unitCount":0,"unitIds":[]},"type":"Feature"},{"geometry":{"coordinates":[17.815653,42.975065],"type":"Point"},"id":"wattlas-plant-wikidata-q3438049","properties":{"aliases":["Crpna hidroelektrana Čapljina"],"canonicalAnchor":"wikidata:Q3438049","canonicalCountryKey":"BA","capacityMw":440.0,"country":"BA","externalIds":{"osm":"relation/16719077","wikidata":"Q3438049","wikipedia":"en:Čapljina Hydroelectric Power Station"},"geographyId":"BA-54001226B17629474923252","id":"wattlas-plant-wikidata-q3438049","idAliases":["wattlas-plant-osm-relation-16719077","wattlas-plant-wikipedia-en-apljina-hydroelectric-power-station"],"lifecycleCounts":{"operational":1},"locationPrecision":"exact","name":"Crpna hidroelektrana Čapljina","operatingCapacityCoverage":{"coveragePercent":100.0,"knownUnitCount":0,"method":"plant_aggregate","provenance":{"evidenceCount":0,"recordIds":["wattlas-record-osm-relation-16719077"],"sourceIds":["openstreetmap-power"],"sourceTypes":["community_mapped"],"valueKind":"reported"},"totalUnitCount":0},"operatingCapacityMw":440.0,"operatingCapacityMwByTechnology":{"hydro":440.0},"plannedCapacityCoverage":{"coveragePercent":0.0,"knownUnitCount":0,"method":"unavailable","totalUnitCount":0},"plannedCapacityMw":0.0,"plannedCapacityMwByTechnology":{},"recordCount":1,"recordIds":["wattlas-record-osm-relation-16719077"],"sourceIds":["openstreetmap-power"],"sourceUrl":"https://www.openstreetmap.org/relation/16719077","technologies":["hydro"],"technologyMixMw":{"hydro":440.0},"unitCount":0,"unitIds":[]},"type":"Feature"},{"geometry":{"coordinates":[17.16182,44.508201],"type":"Point"},"id":"wattlas-plant-wikidata-q4936137","properties":{"aliases":["HE Bočac"],"canonicalAnchor":"wikidata:Q4936137","canonicalCountryKey":"BA","capacityMw":110.0,"country":"BA","externalIds":{"osm":"relation/19665833","wikidata":"Q4936137","wikipedia":"bs:Hidroelektrana Bočac"},"geographyId":"BA-54001226B66267900922909","id":"wattlas-plant-wikidata-q4936137","idAliases":["wattlas-plant-osm-relation-19665833","wattlas-plant-wikipedia-bs-hidroelektrana-bo-ac"],"lifecycleCounts":{"operational":1},"locationPrecision":"exact","name":"HE Bočac","operatingCapacityCoverage":{"coveragePercent":100.0,"knownUnitCount":0,"method":"plant_aggregate","provenance":{"evidenceCount":0,"recordIds":["wattlas-record-osm-relation-19665833"],"sourceIds":["openstreetmap-power"],"sourceTypes":["community_mapped"],"valueKind":"reported"},"totalUnitCount":0},"operatingCapacityMw":110.0,"operatingCapacityMwByTechnology":{"hydro":110.0},"plannedCapacityCoverage":{"coveragePercent":0.0,"knownUnitCount":0,"method":"unavailable","totalUnitCount":0},"plannedCapacityMw":0.0,"plannedCapacityMwByTechnology":{},"recordCount":1,"recordIds":["wattlas-record-osm-relation-19665833"],"sourceIds":["openstreetmap-power"],"sourceUrl":"https://www.openstreetmap.org/relation/19665833","technologies":["hydro"],"technologyMixMw":{"hydro":110.0},"unitCount":0,"unitIds":[]},"type":"Feature"},{"geometry":{"coordinates":[17.718948,43.586595],"type":"Point"},"id":"wattlas-plant-wikidata-q5590735-2bab26bc5b","properties":{"aliases":["Grabovica Hydroelectric Power Station"],"canonicalAnchor":"wikidata:Q5590735","canonicalCountryKey":"BA","capacityMw":114.0,"country":"BA","externalIds":{"osm":"relation/17645418","wikidata":"Q5590735","wikipedia":"en:Grabovica Hydroelectric Power Station"},"geographyId":"BA-54001226B17629474923252","id":"wattlas-plant-wikidata-q5590735-2bab26bc5b","idAliases":["wattlas-plant-osm-relation-17645418","wattlas-plant-wikidata-q5590735","wattlas-plant-wikipedia-en-grabovica-hydroelectric-power-station"],"lifecycleCounts":{"operational":1},"locationPrecision":"exact","name":"Grabovica Hydroelectric Power Station","operatingCapacityCoverage":{"coveragePercent":100.0,"knownUnitCount":0,"method":"plant_aggregate","provenance":{"evidenceCount":0,"recordIds":["wattlas-record-osm-relation-17645418"],"sourceIds":["openstreetmap-power"],"sourceTypes":["community_mapped"],"valueKind":"reported"},"totalUnitCount":0},"operatingCapacityMw":114.0,"operatingCapacityMwByTechnology":{"hydro":114.0},"plannedCapacityCoverage":{"coveragePercent":0.0,"knownUnitCount":0,"method":"unavailable","totalUnitCount":0},"plannedCapacityMw":0.0,"plannedCapacityMwByTechnology":{},"recordCount":1,"recordIds":["wattlas-record-osm-relation-17645418"],"sourceIds":["openstreetmap-power"],"sourceUrl":"https://www.openstreetmap.org/relation/17645418","technologies":["hydro"],"technologyMixMw":{"hydro":114.0},"unitCount":0,"unitIds":[]},"type":"Feature"},{"geometry":{"coordinates":[17.718825,43.586785],"type":"Point"},"id":"wattlas-plant-wikidata-q5590735-7925d56f66","properties":{"aliases":["HE Grabovica"],"canonicalAnchor":"wikidata:Q5590735","canonicalCountryKey":"BA","capacityMw":117.0,"country":"BA","externalIds":{"osm":"way/752999697","wikidata":"Q5590735","wikipedia":"bs:Hidroelektrana Grabovica"},"geographyId":"BA-54001226B17629474923252","id":"wattlas-plant-wikidata-q5590735-7925d56f66","idAliases":["wattlas-plant-osm-way-752999697","wattlas-plant-wikipedia-bs-hidroelektrana-grabovica"],"lifecycleCounts":{"operational":1},"locationPrecision":"exact","name":"HE Grabovica","operatingCapacityCoverage":{"coveragePercent":100.0,"knownUnitCount":0,"method":"plant_aggregate","provenance":{"evidenceCount":0,"recordIds":["wattlas-record-osm-way-752999697"],"sourceIds":["openstreetmap-power"],"sourceTypes":["community_mapped"],"valueKind":"reported"},"totalUnitCount":0},"operatingCapacityMw":117.0,"operatingCapacityMwByTechnology":{"hydro":117.0},"plannedCapacityCoverage":{"coveragePercent":0.0,"knownUnitCount":0,"method":"unavailable","totalUnitCount":0},"plannedCapacityMw":0.0,"plannedCapacityMwByTechnology":{},"recordCount":1,"recordIds":["wattlas-record-osm-way-752999697"],"sourceIds":["openstreetmap-power"],"sourceUrl":"https://www.openstreetmap.org/way/752999697","technologies":["hydro"],"technologyMixMw":{"hydro":117.0},"unitCount":0,"unitIds":[]},"type":"Feature"},{"geometry":{"coordinates":[17.227065,43.613914],"type":"Point"},"id":"wattlas-plant-wikidata-q56026061","properties":{"aliases":["Vjetroelektrana Mesihovina"],"canonicalAnchor":"wikidata:Q56026061","canonicalCountryKey":"BA","capacityMw":50.6,"country":"BA","externalIds":{"osm":"relation/7391393","wikidata":"Q56026061","wikipedia":"hr:Vjetroelektrana Mesihovina"},"geographyId":"BA-54001226B17629474923252","id":"wattlas-plant-wikidata-q56026061","idAliases":["wattlas-plant-osm-relation-7391393","wattlas-plant-wikipedia-hr-vjetroelektrana-mesihovina"],"lifecycleCounts":{"operational":1},"locationPrecision":"exact","name":"Vjetroelektrana Mesihovina","operatingCapacityCoverage":{"coveragePercent":100.0,"knownUnitCount":0,"method":"plant_aggregate","provenance":{"evidenceCount":0,"recordIds":["wattlas-record-osm-relation-7391393"],"sourceIds":["openstreetmap-power"],"sourceTypes":["community_mapped"],"valueKind":"reported"},"totalUnitCount":0},"operatingCapacityMw":50.6,"operatingCapacityMwByTechnology":{"wind":50.6},"plannedCapacityCoverage":{"coveragePercent":0.0,"knownUnitCount":0,"method":"unavailable","totalUnitCount":0},"plannedCapacityMw":0.0,"plannedCapacityMwByTechnology":{},"recordCount":1,"recordIds":["wattlas-record-osm-relation-7391393"],"sourceIds":["openstreetmap-power"],"sourceUrl":"https://www.openstreetmap.org/relation/7391393","technologies":["wind"],"technologyMixMw":{"wind":50.6},"unitCount":0,"unitIds":[]},"type":"Feature"},{"geometry":{"coordinates":[17.793666,43.298829],"type":"Point"},"id":"wattlas-plant-wikidata-q6916907","properties":{"aliases":["HE Mostarsko Blato"],"canonicalAnchor":"wikidata:Q6916907","canonicalCountryKey":"BA","capacityMw":60.0,"country":"BA","externalIds":{"osm":"way/810581775","wikidata":"Q6916907","wikipedia":"bs:Hidroelektrana Mostarsko blato"},"geographyId":"BA-54001226B17629474923252","id":"wattlas-plant-wikidata-q6916907","idAliases":["wattlas-plant-osm-way-810581775","wattlas-plant-wikipedia-bs-hidroelektrana-mostarsko-blato"],"lifecycleCounts":{"operational":1},"locationPrecision":"exact","name":"HE Mostarsko Blato","operatingCapacityCoverage":{"coveragePercent":100.0,"knownUnitCount":0,"method":"plant_aggregate","provenance":{"evidenceCount":0,"recordIds":["wattlas-record-osm-way-810581775"],"sourceIds":["openstreetmap-power"],"sourceTypes":["community_mapped"],"valueKind":"reported"},"totalUnitCount":0},"operatingCapacityMw":60.0,"operatingCapacityMwByTechnology":{"hydro":60.0},"plannedCapacityCoverage":{"coveragePercent":0.0,"knownUnitCount":0,"method":"unavailable","totalUnitCount":0},"plannedCapacityMw":0.0,"plannedCapacityMwByTechnology":{},"recordCount":1,"recordIds":["wattlas-record-osm-way-810581775"],"sourceIds":["openstreetmap-power"],"sourceUrl":"https://www.openstreetmap.org/way/810581775","technologies":["hydro"],"technologyMixMw":{"hydro":60.0},"unitCount":0,"unitIds":[]},"type":"Feature"},{"geometry":{"coordinates":[18.497146,42.733424],"type":"Point"},"id":"wattlas-plant-wikidata-q7837375","properties":{"aliases":["Trebinje 1 Hydroelectric Power Station"],"canonicalAnchor":"wikidata:Q7837375","canonicalCountryKey":"BA","capacityMw":168.0,"country":"BA","externalIds":{"osm":"relation/17686264","wikidata":"Q7837375","wikipedia":"bs:Hidroelektrana Trebinje I"},"geographyId":"BA-54001226B66267900922909","id":"wattlas-plant-wikidata-q7837375","idAliases":["wattlas-plant-osm-relation-17686264","wattlas-plant-wikipedia-bs-hidroelektrana-trebinje-i"],"lifecycleCounts":{"operational":1},"locationPrecision":"exact","name":"Trebinje 1 Hydroelectric Power Station","operatingCapacityCoverage":{"coveragePercent":100.0,"knownUnitCount":0,"method":"plant_aggregate","provenance":{"evidenceCount":0,"recordIds":["wattlas-record-osm-relation-17686264"],"sourceIds":["openstreetmap-power"],"sourceTypes":["community_mapped"],"valueKind":"reported"},"totalUnitCount":0},"operatingCapacityMw":168.0,"operatingCapacityMwByTechnology":{"hydro":168.0},"plannedCapacityCoverage":{"coveragePercent":0.0,"knownUnitCount":0,"method":"unavailable","totalUnitCount":0},"plannedCapacityMw":0.0,"plannedCapacityMwByTechnology":{},"recordCount":1,"recordIds":["wattlas-record-osm-relation-17686264"],"sourceIds":["openstreetmap-power"],"sourceUrl":"https://www.openstreetmap.org/relation/17686264","technologies":["hydro"],"technologyMixMw":{"hydro":168.0},"unitCount":0,"unitIds":[]},"type":"Feature"},{"geometry":{"coordinates":[18.605869,44.520573],"type":"Point"},"id":"wattlas-plant-wikidata-q7857286","properties":{"aliases":["Termoelektrana Tuzla"],"canonicalAnchor":"wikidata:Q7857286","canonicalCountryKey":"BA","capacityMw":723.0,"country":"BA","externalIds":{"osm":"relation/12284469","wikidata":"Q7857286"},"geographyId":"BA-54001226B17629474923252","id":"wattlas-plant-wikidata-q7857286","idAliases":["wattlas-plant-osm-relation-12284469"],"lifecycleCounts":{"operational":1},"locationPrecision":"exact","name":"Termoelektrana Tuzla","operatingCapacityCoverage":{"coveragePercent":100.0,"knownUnitCount":0,"method":"plant_aggregate","provenance":{"evidenceCount":0,"recordIds":["wattlas-record-osm-relation-12284469"],"sourceIds":["openstreetmap-power"],"sourceTypes":["community_mapped"],"valueKind":"reported"},"totalUnitCount":0},"operatingCapacityMw":723.0,"operatingCapacityMwByTechnology":{"coal":723.0},"plannedCapacityCoverage":{"coveragePercent":0.0,"knownUnitCount":0,"method":"unavailable","totalUnitCount":0},"plannedCapacityMw":0.0,"plannedCapacityMwByTechnology":{},"recordCount":1,"recordIds":["wattlas-record-osm-relation-12284469"],"sourceIds":["openstreetmap-power"],"sourceUrl":"https://www.openstreetmap.org/relation/12284469","technologies":["coal"],"technologyMixMw":{"coal":723.0},"unitCount":0,"unitIds":[]},"type":"Feature"},{"geometry":{"coordinates":[19.28941,43.760516],"type":"Point"},"id":"wattlas-plant-wikidata-q7935902","properties":{"aliases":["HE Višegrad"],"canonicalAnchor":"wikidata:Q7935902","canonicalCountryKey":"BA","capacityMw":315.0,"country":"BA","externalIds":{"osm":"relation/11763638","wikidata":"Q7935902","wikipedia":"en:Višegrad Hydroelectric Power Station"},"geographyId":"BA-54001226B66267900922909","id":"wattlas-plant-wikidata-q7935902","idAliases":["wattlas-plant-osm-relation-11763638","wattlas-plant-wikipedia-en-vi-egrad-hydroelectric-power-station"],"lifecycleCounts":{"operational":1},"locationPrecision":"exact","name":"HE Višegrad","operatingCapacityCoverage":{"coveragePercent":100.0,"knownUnitCount":0,"method":"plant_aggregate","provenance":{"evidenceCount":0,"recordIds":["wattlas-record-osm-relation-11763638"],"sourceIds":["openstreetmap-power"],"sourceTypes":["community_mapped"],"valueKind":"reported"},"totalUnitCount":0},"operatingCapacityMw":315.0,"operatingCapacityMwByTechnology":{"hydro":315.0},"plannedCapacityCoverage":{"coveragePercent":0.0,"knownUnitCount":0,"method":"unavailable","totalUnitCount":0},"plannedCapacityMw":0.0,"plannedCapacityMwByTechnology":{},"recordCount":1,"recordIds":["wattlas-record-osm-relation-11763638"],"sourceIds":["openstreetmap-power"],"sourceUrl":"https://www.openstreetmap.org/relation/11763638","technologies":["hydro"],"technologyMixMw":{"hydro":315.0},"unitCount":0,"unitIds":[]},"type":"Feature"}],"type":"FeatureCollection"}