{"features":[{"geometry":{"coordinates":[25.193031,52.453863],"type":"Point"},"id":"wattlas-plant-gemplant-l100000406702","properties":{"aliases":["Berezovskaya (Belarus) power station","CC3","CC4","CC5","CC7","GT1","GT2","GT3","GT4","GT5"],"canonicalAnchor":"gemplant:L100000406702","canonicalCountryKey":"BY","capacityMw":1380.0,"country":"BY","externalIdAliases":{"gemUnit":["G100000407048","G100000407049","G100000407050","G100000407051","G100000407052","G100000407053","G100000407054","G100000407055","G100000407056"]},"externalIds":{"gemPlant":"L100000406702","gemUnit":"G100000407048"},"gemWikiUrl":"https://www.gem.wiki/Berezovskaya_(Belarus)_power_station","geographyId":"BY-45462678B29468378769629","id":"wattlas-plant-gemplant-l100000406702","lifecycleCounts":{"operational":9},"locationPrecision":"exact","name":"Berezovskaya (Belarus) power station","operatingCapacityCoverage":{"coveragePercent":100.0,"knownUnitCount":9,"method":"complete_unit_sum","provenance":{"evidenceCount":0,"recordIds":["wattlas-record-gemunit-g100000407048","wattlas-record-gemunit-g100000407049","wattlas-record-gemunit-g100000407050","wattlas-record-gemunit-g100000407051","wattlas-record-gemunit-g100000407052","wattlas-record-gemunit-g100000407053","wattlas-record-gemunit-g100000407054","wattlas-record-gemunit-g100000407055","wattlas-record-gemunit-g100000407056"],"sourceIds":["gem-global-integrated-power-tracker"],"sourceTypes":["research_verified"],"valueKind":"reported"},"totalUnitCount":9},"operatingCapacityMw":1380.0,"operatingCapacityMwByTechnology":{"gas":1380.0},"plannedCapacityCoverage":{"coveragePercent":0.0,"knownUnitCount":0,"method":"unavailable","totalUnitCount":0},"plannedCapacityMw":0.0,"plannedCapacityMwByTechnology":{},"recordCount":9,"recordIds":["wattlas-record-gemunit-g100000407048","wattlas-record-gemunit-g100000407049","wattlas-record-gemunit-g100000407050","wattlas-record-gemunit-g100000407051","wattlas-record-gemunit-g100000407052","wattlas-record-gemunit-g100000407053","wattlas-record-gemunit-g100000407054","wattlas-record-gemunit-g100000407055","wattlas-record-gemunit-g100000407056"],"sourceIds":["gem-global-integrated-power-tracker"],"sourceUrl":"https://www.gem.wiki/Berezovskaya_(Belarus)_power_station","technologies":["gas"],"technologyMixMw":{"gas":1380.0},"unitCount":9,"unitIds":["gem-unit-G100000407048","gem-unit-G100000407049","gem-unit-G100000407050","gem-unit-G100000407051","gem-unit-G100000407052","gem-unit-G100000407053","gem-unit-G100000407054","gem-unit-G100000407055","gem-unit-G100000407056"]},"type":"Feature"},{"geometry":{"coordinates":[29.205753,53.189504],"type":"Point"},"id":"wattlas-plant-gemplant-l100000406703","properties":{"aliases":["1-1","2-1","3-1","Bobruisk CHP-2 power station"],"canonicalAnchor":"gemplant:L100000406703","canonicalCountryKey":"BY","capacityMw":180.0,"country":"BY","externalIdAliases":{"gemUnit":["G100000407045","G100000407046","G100000407047"]},"externalIds":{"gemPlant":"L100000406703","gemUnit":"G100000407045"},"gemWikiUrl":"https://www.gem.wiki/Bobruisk_CHP-2_power_station","geographyId":"BY-45462678B58682879627750","id":"wattlas-plant-gemplant-l100000406703","lifecycleCounts":{"operational":3},"locationPrecision":"exact","name":"Bobruisk CHP-2 power station","operatingCapacityCoverage":{"coveragePercent":100.0,"knownUnitCount":3,"method":"complete_unit_sum","provenance":{"evidenceCount":0,"recordIds":["wattlas-record-gemunit-g100000407045","wattlas-record-gemunit-g100000407046","wattlas-record-gemunit-g100000407047"],"sourceIds":["gem-global-integrated-power-tracker"],"sourceTypes":["research_verified"],"valueKind":"reported"},"totalUnitCount":3},"operatingCapacityMw":180.0,"operatingCapacityMwByTechnology":{"gas":180.0},"plannedCapacityCoverage":{"coveragePercent":0.0,"knownUnitCount":0,"method":"unavailable","totalUnitCount":0},"plannedCapacityMw":0.0,"plannedCapacityMwByTechnology":{},"recordCount":3,"recordIds":["wattlas-record-gemunit-g100000407045","wattlas-record-gemunit-g100000407046","wattlas-record-gemunit-g100000407047"],"sourceIds":["gem-global-integrated-power-tracker"],"sourceUrl":"https://www.gem.wiki/Bobruisk_CHP-2_power_station","technologies":["gas"],"technologyMixMw":{"gas":180.0},"unitCount":3,"unitIds":["gem-unit-G100000407045","gem-unit-G100000407046","gem-unit-G100000407047"]},"type":"Feature"},{"geometry":{"coordinates":[30.817934,52.449302],"type":"Point"},"id":"wattlas-plant-gemplant-l100000406704","properties":{"aliases":["1-1","2-1","3-1","Gomel CHP-2 power station"],"canonicalAnchor":"gemplant:L100000406704","canonicalCountryKey":"BY","capacityMw":544.0,"country":"BY","externalIdAliases":{"gemUnit":["G100000407041","G100000407042","G100000407043"]},"externalIds":{"gemPlant":"L100000406704","gemUnit":"G100000407041"},"gemWikiUrl":"https://www.gem.wiki/Gomel_CHP-2_power_station","geographyId":"BY-45462678B94500211462696","id":"wattlas-plant-gemplant-l100000406704","lifecycleCounts":{"operational":3},"locationPrecision":"exact","name":"Gomel CHP-2 power station","operatingCapacityCoverage":{"coveragePercent":100.0,"knownUnitCount":3,"method":"complete_unit_sum","provenance":{"evidenceCount":0,"recordIds":["wattlas-record-gemunit-g100000407041","wattlas-record-gemunit-g100000407042","wattlas-record-gemunit-g100000407043"],"sourceIds":["gem-global-integrated-power-tracker"],"sourceTypes":["research_verified"],"valueKind":"reported"},"totalUnitCount":3},"operatingCapacityMw":544.0,"operatingCapacityMwByTechnology":{"gas":544.0},"plannedCapacityCoverage":{"coveragePercent":0.0,"knownUnitCount":0,"method":"unavailable","totalUnitCount":0},"plannedCapacityMw":0.0,"plannedCapacityMwByTechnology":{},"recordCount":3,"recordIds":["wattlas-record-gemunit-g100000407041","wattlas-record-gemunit-g100000407042","wattlas-record-gemunit-g100000407043"],"sourceIds":["gem-global-integrated-power-tracker"],"sourceUrl":"https://www.gem.wiki/Gomel_CHP-2_power_station","technologies":["gas"],"technologyMixMw":{"gas":544.0},"unitCount":3,"unitIds":["gem-unit-G100000407041","gem-unit-G100000407042","gem-unit-G100000407043"]},"type":"Feature"},{"geometry":{"coordinates":[28.486291,54.190048],"type":"Point"},"id":"wattlas-plant-gemplant-l100000406705","properties":{"aliases":["1-1","Borisov CHP power station"],"canonicalAnchor":"gemplant:L100000406705","canonicalCountryKey":"BY","capacityMw":65.0,"country":"BY","externalIds":{"gemPlant":"L100000406705","gemUnit":"G100000407044"},"gemWikiUrl":"https://www.gem.wiki/Borisov_CHP_power_station","geographyId":"BY-45462678B52111461583443","id":"wattlas-plant-gemplant-l100000406705","lifecycleCounts":{"operational":1},"locationPrecision":"exact","name":"Borisov CHP power station","operatingCapacityCoverage":{"coveragePercent":100.0,"knownUnitCount":1,"method":"complete_unit_sum","provenance":{"evidenceCount":0,"recordIds":["wattlas-record-gemunit-g100000407044"],"sourceIds":["gem-global-integrated-power-tracker"],"sourceTypes":["research_verified"],"valueKind":"reported"},"totalUnitCount":1},"operatingCapacityMw":65.0,"operatingCapacityMwByTechnology":{"gas":65.0},"plannedCapacityCoverage":{"coveragePercent":0.0,"knownUnitCount":0,"method":"unavailable","totalUnitCount":0},"plannedCapacityMw":0.0,"plannedCapacityMwByTechnology":{},"recordCount":1,"recordIds":["wattlas-record-gemunit-g100000407044"],"sourceIds":["gem-global-integrated-power-tracker"],"sourceUrl":"https://www.gem.wiki/Borisov_CHP_power_station","technologies":["gas"],"technologyMixMw":{"gas":65.0},"unitCount":1,"unitIds":["gem-unit-G100000407044"]},"type":"Feature"},{"geometry":{"coordinates":[23.927656,53.66726],"type":"Point"},"id":"wattlas-plant-gemplant-l100000406706","properties":{"aliases":["1-1","2-1","3-1","4-1","Grodno CHP-2 power station"],"canonicalAnchor":"gemplant:L100000406706","canonicalCountryKey":"BY","capacityMw":322.0,"country":"BY","externalIdAliases":{"gemUnit":["G100000407038","G100000407039","G100000407040","G100000410813"]},"externalIds":{"gemPlant":"L100000406706","gemUnit":"G100000407038"},"gemWikiUrl":"https://www.gem.wiki/Grodno_CHP-2_power_station","geographyId":"BY-45462678B41589714648574","id":"wattlas-plant-gemplant-l100000406706","lifecycleCounts":{"operational":4},"locationPrecision":"exact","name":"Grodno CHP-2 power station","operatingCapacityCoverage":{"coveragePercent":100.0,"knownUnitCount":4,"method":"complete_unit_sum","provenance":{"evidenceCount":0,"recordIds":["wattlas-record-gemunit-g100000407038","wattlas-record-gemunit-g100000407039","wattlas-record-gemunit-g100000407040","wattlas-record-gemunit-g100000410813"],"sourceIds":["gem-global-integrated-power-tracker"],"sourceTypes":["research_verified"],"valueKind":"reported"},"totalUnitCount":4},"operatingCapacityMw":322.0,"operatingCapacityMwByTechnology":{"gas":322.0},"plannedCapacityCoverage":{"coveragePercent":0.0,"knownUnitCount":0,"method":"unavailable","totalUnitCount":0},"plannedCapacityMw":0.0,"plannedCapacityMwByTechnology":{},"recordCount":4,"recordIds":["wattlas-record-gemunit-g100000407038","wattlas-record-gemunit-g100000407039","wattlas-record-gemunit-g100000407040","wattlas-record-gemunit-g100000410813"],"sourceIds":["gem-global-integrated-power-tracker"],"sourceUrl":"https://www.gem.wiki/Grodno_CHP-2_power_station","technologies":["gas"],"technologyMixMw":{"gas":322.0},"unitCount":4,"unitIds":["gem-unit-G100000407038","gem-unit-G100000407039","gem-unit-G100000407040","gem-unit-G100000410813"]},"type":"Feature"},{"geometry":{"coordinates":[29.13331,54.679953],"type":"Point"},"id":"wattlas-plant-gemplant-l100000406707","properties":{"aliases":["1-1","10-1","11-1","12-1","2-1","3-1","4-1","5-1","6-1","7-1","8-1","9-1","Lukoml GRES power station"],"canonicalAnchor":"gemplant:L100000406707","canonicalCountryKey":"BY","capacityMw":3038.0,"country":"BY","externalIdAliases":{"gemUnit":["G100000407026","G100000407027","G100000407028","G100000407029","G100000407030","G100000407031","G100000407032","G100000407033","G100000407034","G100000407035","G100000407036","G100000407037"]},"externalIds":{"gemPlant":"L100000406707","gemUnit":"G100000407029"},"gemWikiUrl":"https://www.gem.wiki/Lukoml_GRES_power_station","geographyId":"BY-45462678B24636394065255","id":"wattlas-plant-gemplant-l100000406707","lifecycleCounts":{"operational":12},"locationPrecision":"exact","name":"Lukoml GRES power station","operatingCapacityCoverage":{"coveragePercent":100.0,"knownUnitCount":12,"method":"complete_unit_sum","provenance":{"evidenceCount":0,"recordIds":["wattlas-record-gemunit-g100000407026","wattlas-record-gemunit-g100000407027","wattlas-record-gemunit-g100000407028","wattlas-record-gemunit-g100000407029","wattlas-record-gemunit-g100000407030","wattlas-record-gemunit-g100000407031","wattlas-record-gemunit-g100000407032","wattlas-record-gemunit-g100000407033","wattlas-record-gemunit-g100000407034","wattlas-record-gemunit-g100000407035","wattlas-record-gemunit-g100000407036","wattlas-record-gemunit-g100000407037"],"sourceIds":["gem-global-integrated-power-tracker"],"sourceTypes":["research_verified"],"valueKind":"reported"},"totalUnitCount":12},"operatingCapacityMw":3038.0,"operatingCapacityMwByTechnology":{"gas":3038.0},"plannedCapacityCoverage":{"coveragePercent":0.0,"knownUnitCount":0,"method":"unavailable","totalUnitCount":0},"plannedCapacityMw":0.0,"plannedCapacityMwByTechnology":{},"recordCount":12,"recordIds":["wattlas-record-gemunit-g100000407026","wattlas-record-gemunit-g100000407027","wattlas-record-gemunit-g100000407028","wattlas-record-gemunit-g100000407029","wattlas-record-gemunit-g100000407030","wattlas-record-gemunit-g100000407031","wattlas-record-gemunit-g100000407032","wattlas-record-gemunit-g100000407033","wattlas-record-gemunit-g100000407034","wattlas-record-gemunit-g100000407035","wattlas-record-gemunit-g100000407036","wattlas-record-gemunit-g100000407037"],"sourceIds":["gem-global-integrated-power-tracker"],"sourceUrl":"https://www.gem.wiki/Lukoml_GRES_power_station","technologies":["gas"],"technologyMixMw":{"gas":3038.0},"unitCount":12,"unitIds":["gem-unit-G100000407026","gem-unit-G100000407027","gem-unit-G100000407028","gem-unit-G100000407029","gem-unit-G100000407030","gem-unit-G100000407031","gem-unit-G100000407032","gem-unit-G100000407033","gem-unit-G100000407034","gem-unit-G100000407035","gem-unit-G100000407036","gem-unit-G100000407037"]},"type":"Feature"},{"geometry":{"coordinates":[27.649027,53.880102],"type":"Point"},"id":"wattlas-plant-gemplant-l100000406708","properties":{"aliases":["3-1","5-1","6-1","7-1","8-1","Minsk CHP-3 power station"],"canonicalAnchor":"gemplant:L100000406708","canonicalCountryKey":"BY","capacityMw":512.0,"country":"BY","externalIdAliases":{"gemUnit":["G100000407023","G100000409614","G100000409632","G100000410811","G100000410812"]},"externalIds":{"gemPlant":"L100000406708","gemUnit":"G100000409614"},"gemWikiUrl":"https://www.gem.wiki/Minsk_CHP-3_power_station","geographyId":"BY-45462678B57724394311820","id":"wattlas-plant-gemplant-l100000406708","lifecycleCounts":{"cancelled":1,"operational":4},"locationPrecision":"exact","name":"Minsk CHP-3 power station","operatingCapacityCoverage":{"coveragePercent":100.0,"knownUnitCount":4,"method":"complete_unit_sum","provenance":{"evidenceCount":0,"recordIds":["wattlas-record-gemunit-g100000407023","wattlas-record-gemunit-g100000409614","wattlas-record-gemunit-g100000409632","wattlas-record-gemunit-g100000410811"],"sourceIds":["gem-global-integrated-power-tracker"],"sourceTypes":["research_verified"],"valueKind":"reported"},"totalUnitCount":4},"operatingCapacityMw":512.0,"operatingCapacityMwByTechnology":{"gas":512.0},"plannedCapacityCoverage":{"coveragePercent":0.0,"knownUnitCount":0,"method":"unavailable","totalUnitCount":0},"plannedCapacityMw":0.0,"plannedCapacityMwByTechnology":{},"recordCount":5,"recordIds":["wattlas-record-gemunit-g100000407023","wattlas-record-gemunit-g100000409614","wattlas-record-gemunit-g100000409632","wattlas-record-gemunit-g100000410811","wattlas-record-gemunit-g100000410812"],"sourceIds":["gem-global-integrated-power-tracker"],"sourceUrl":"https://www.gem.wiki/Minsk_CHP-3_power_station","technologies":["gas"],"technologyMixMw":{"gas":512.0},"unitCount":5,"unitIds":["gem-unit-G100000407023","gem-unit-G100000409614","gem-unit-G100000409632","gem-unit-G100000410811","gem-unit-G100000410812"]},"type":"Feature"},{"geometry":{"coordinates":[27.574414,53.883435],"type":"Point"},"id":"wattlas-plant-gemplant-l100000406709","properties":{"aliases":["CC1","Minsk CHP-2 power station"],"canonicalAnchor":"gemplant:L100000406709","canonicalCountryKey":"BY","capacityMw":65.0,"country":"BY","externalIds":{"gemPlant":"L100000406709","gemUnit":"G100000407025"},"gemWikiUrl":"https://www.gem.wiki/Minsk_CHP-2_power_station","geographyId":"BY-45462678B57724394311820","id":"wattlas-plant-gemplant-l100000406709","lifecycleCounts":{"operational":1},"locationPrecision":"exact","name":"Minsk CHP-2 power station","operatingCapacityCoverage":{"coveragePercent":100.0,"knownUnitCount":1,"method":"complete_unit_sum","provenance":{"evidenceCount":0,"recordIds":["wattlas-record-gemunit-g100000407025"],"sourceIds":["gem-global-integrated-power-tracker"],"sourceTypes":["research_verified"],"valueKind":"reported"},"totalUnitCount":1},"operatingCapacityMw":65.0,"operatingCapacityMwByTechnology":{"gas":65.0},"plannedCapacityCoverage":{"coveragePercent":0.0,"knownUnitCount":0,"method":"unavailable","totalUnitCount":0},"plannedCapacityMw":0.0,"plannedCapacityMwByTechnology":{},"recordCount":1,"recordIds":["wattlas-record-gemunit-g100000407025"],"sourceIds":["gem-global-integrated-power-tracker"],"sourceUrl":"https://www.gem.wiki/Minsk_CHP-2_power_station","technologies":["gas"],"technologyMixMw":{"gas":65.0},"unitCount":1,"unitIds":["gem-unit-G100000407025"]},"type":"Feature"},{"geometry":{"coordinates":[27.402339,53.871934],"type":"Point"},"id":"wattlas-plant-gemplant-l100000406710","properties":{"aliases":["1-1","1R","2-1","3-1","4-1","5-1","6-1","Minsk CHP-4 power station"],"canonicalAnchor":"gemplant:L100000406710","canonicalCountryKey":"BY","capacityMw":1030.0,"country":"BY","externalIdAliases":{"gemUnit":["G100000407019","G100000407020","G100000407021","G100000407022","G100000409617","G100000409630","G100000409631"]},"externalIds":{"gemPlant":"L100000406710","gemUnit":"G100000407019"},"gemWikiUrl":"https://www.gem.wiki/Minsk_CHP-4_power_station","geographyId":"BY-45462678B52111461583443","id":"wattlas-plant-gemplant-l100000406710","lifecycleCounts":{"cancelled":1,"operational":6},"locationPrecision":"exact","name":"Minsk CHP-4 power station","operatingCapacityCoverage":{"coveragePercent":100.0,"knownUnitCount":6,"method":"complete_unit_sum","provenance":{"evidenceCount":0,"recordIds":["wattlas-record-gemunit-g100000407019","wattlas-record-gemunit-g100000407020","wattlas-record-gemunit-g100000407021","wattlas-record-gemunit-g100000407022","wattlas-record-gemunit-g100000409630","wattlas-record-gemunit-g100000409631"],"sourceIds":["gem-global-integrated-power-tracker"],"sourceTypes":["research_verified"],"valueKind":"reported"},"totalUnitCount":6},"operatingCapacityMw":1030.0,"operatingCapacityMwByTechnology":{"gas":1030.0},"plannedCapacityCoverage":{"coveragePercent":0.0,"knownUnitCount":0,"method":"unavailable","totalUnitCount":0},"plannedCapacityMw":0.0,"plannedCapacityMwByTechnology":{},"recordCount":7,"recordIds":["wattlas-record-gemunit-g100000407019","wattlas-record-gemunit-g100000407020","wattlas-record-gemunit-g100000407021","wattlas-record-gemunit-g100000407022","wattlas-record-gemunit-g100000409617","wattlas-record-gemunit-g100000409630","wattlas-record-gemunit-g100000409631"],"sourceIds":["gem-global-integrated-power-tracker"],"sourceUrl":"https://www.gem.wiki/Minsk_CHP-4_power_station","technologies":["gas"],"technologyMixMw":{"gas":1030.0},"unitCount":7,"unitIds":["gem-unit-G100000407019","gem-unit-G100000407020","gem-unit-G100000407021","gem-unit-G100000407022","gem-unit-G100000409617","gem-unit-G100000409630","gem-unit-G100000409631"]},"type":"Feature"},{"geometry":{"coordinates":[27.952824,53.610837],"type":"Point"},"id":"wattlas-plant-gemplant-l100000406711","properties":{"aliases":["CC2","GT1","GT2","GT3","GT4","GT5","GT6","Minsk CHP-5 power station","ST1"],"canonicalAnchor":"gemplant:L100000406711","canonicalCountryKey":"BY","capacityMw":1044.0,"country":"BY","externalIdAliases":{"gemUnit":["G100000407011","G100000407012","G100000407013","G100000407014","G100000407015","G100000407016","G100000407017","G100000407018"]},"externalIds":{"gemPlant":"L100000406711","gemUnit":"G100000407011"},"gemWikiUrl":"https://www.gem.wiki/Minsk_CHP-5_power_station","geographyId":"BY-45462678B52111461583443","id":"wattlas-plant-gemplant-l100000406711","lifecycleCounts":{"operational":8},"locationPrecision":"exact","name":"Minsk CHP-5 power station","operatingCapacityCoverage":{"coveragePercent":100.0,"knownUnitCount":8,"method":"complete_unit_sum","provenance":{"evidenceCount":0,"recordIds":["wattlas-record-gemunit-g100000407011","wattlas-record-gemunit-g100000407012","wattlas-record-gemunit-g100000407013","wattlas-record-gemunit-g100000407014","wattlas-record-gemunit-g100000407015","wattlas-record-gemunit-g100000407016","wattlas-record-gemunit-g100000407017","wattlas-record-gemunit-g100000407018"],"sourceIds":["gem-global-integrated-power-tracker"],"sourceTypes":["research_verified"],"valueKind":"reported"},"totalUnitCount":8},"operatingCapacityMw":1044.0,"operatingCapacityMwByTechnology":{"gas":1044.0},"plannedCapacityCoverage":{"coveragePercent":0.0,"knownUnitCount":0,"method":"unavailable","totalUnitCount":0},"plannedCapacityMw":0.0,"plannedCapacityMwByTechnology":{},"recordCount":8,"recordIds":["wattlas-record-gemunit-g100000407011","wattlas-record-gemunit-g100000407012","wattlas-record-gemunit-g100000407013","wattlas-record-gemunit-g100000407014","wattlas-record-gemunit-g100000407015","wattlas-record-gemunit-g100000407016","wattlas-record-gemunit-g100000407017","wattlas-record-gemunit-g100000407018"],"sourceIds":["gem-global-integrated-power-tracker"],"sourceUrl":"https://www.gem.wiki/Minsk_CHP-5_power_station","technologies":["gas"],"technologyMixMw":{"gas":1044.0},"unitCount":8,"unitIds":["gem-unit-G100000407011","gem-unit-G100000407012","gem-unit-G100000407013","gem-unit-G100000407014","gem-unit-G100000407015","gem-unit-G100000407016","gem-unit-G100000407017","gem-unit-G100000407018"]},"type":"Feature"},{"geometry":{"coordinates":[30.341175,53.812496],"type":"Point"},"id":"wattlas-plant-gemplant-l100000406712","properties":{"aliases":["1-1","2-1","3-1","4-1","5-1","Mogilev CHP-2 power station"],"canonicalAnchor":"gemplant:L100000406712","canonicalCountryKey":"BY","capacityMw":295.0,"country":"BY","externalIdAliases":{"gemUnit":["G100000407010","G100000409626","G100000409627","G100000409628","G100000409629"]},"externalIds":{"gemPlant":"L100000406712","gemUnit":"G100000409626"},"gemWikiUrl":"https://www.gem.wiki/Mogilev_CHP-2_power_station","geographyId":"BY-45462678B58682879627750","id":"wattlas-plant-gemplant-l100000406712","lifecycleCounts":{"cancelled":1,"operational":4},"locationPrecision":"exact","name":"Mogilev CHP-2 power station","operatingCapacityCoverage":{"coveragePercent":100.0,"knownUnitCount":4,"method":"complete_unit_sum","provenance":{"evidenceCount":0,"recordIds":["wattlas-record-gemunit-g100000407010","wattlas-record-gemunit-g100000409626","wattlas-record-gemunit-g100000409627","wattlas-record-gemunit-g100000409629"],"sourceIds":["gem-global-integrated-power-tracker"],"sourceTypes":["research_verified"],"valueKind":"reported"},"totalUnitCount":4},"operatingCapacityMw":295.0,"operatingCapacityMwByTechnology":{"gas":295.0},"plannedCapacityCoverage":{"coveragePercent":0.0,"knownUnitCount":0,"method":"unavailable","totalUnitCount":0},"plannedCapacityMw":0.0,"plannedCapacityMwByTechnology":{},"recordCount":5,"recordIds":["wattlas-record-gemunit-g100000407010","wattlas-record-gemunit-g100000409626","wattlas-record-gemunit-g100000409627","wattlas-record-gemunit-g100000409628","wattlas-record-gemunit-g100000409629"],"sourceIds":["gem-global-integrated-power-tracker"],"sourceUrl":"https://www.gem.wiki/Mogilev_CHP-2_power_station","technologies":["gas"],"technologyMixMw":{"gas":295.0},"unitCount":5,"unitIds":["gem-unit-G100000407010","gem-unit-G100000409626","gem-unit-G100000409627","gem-unit-G100000409628","gem-unit-G100000409629"]},"type":"Feature"},{"geometry":{"coordinates":[29.314637,51.904409],"type":"Point"},"id":"wattlas-plant-gemplant-l100000406713","properties":{"aliases":["1-1","2-1","Mozyr CHP power station"],"canonicalAnchor":"gemplant:L100000406713","canonicalCountryKey":"BY","capacityMw":205.0,"country":"BY","externalIdAliases":{"gemUnit":["G100000407008","G100000407009"]},"externalIds":{"gemPlant":"L100000406713","gemUnit":"G100000407008"},"gemWikiUrl":"https://www.gem.wiki/Mozyr_CHP_power_station","geographyId":"BY-45462678B94500211462696","id":"wattlas-plant-gemplant-l100000406713","lifecycleCounts":{"operational":2},"locationPrecision":"exact","name":"Mozyr CHP power station","operatingCapacityCoverage":{"coveragePercent":100.0,"knownUnitCount":2,"method":"complete_unit_sum","provenance":{"evidenceCount":0,"recordIds":["wattlas-record-gemunit-g100000407008","wattlas-record-gemunit-g100000407009"],"sourceIds":["gem-global-integrated-power-tracker"],"sourceTypes":["research_verified"],"valueKind":"reported"},"totalUnitCount":2},"operatingCapacityMw":205.0,"operatingCapacityMwByTechnology":{"gas":205.0},"plannedCapacityCoverage":{"coveragePercent":0.0,"knownUnitCount":0,"method":"unavailable","totalUnitCount":0},"plannedCapacityMw":0.0,"plannedCapacityMwByTechnology":{},"recordCount":2,"recordIds":["wattlas-record-gemunit-g100000407008","wattlas-record-gemunit-g100000407009"],"sourceIds":["gem-global-integrated-power-tracker"],"sourceUrl":"https://www.gem.wiki/Mozyr_CHP_power_station","technologies":["gas"],"technologyMixMw":{"gas":205.0},"unitCount":2,"unitIds":["gem-unit-G100000407008","gem-unit-G100000407009"]},"type":"Feature"},{"geometry":{"coordinates":[28.549775,55.526435],"type":"Point"},"id":"wattlas-plant-gemplant-l100000406714","properties":{"aliases":["1-1","10-1","11-1","2-1","4-1","5-1","6-1","9-1","Novopolotsk CHP power station"],"canonicalAnchor":"gemplant:L100000406714","canonicalCountryKey":"BY","capacityMw":373.2,"country":"BY","externalIdAliases":{"gemUnit":["G100000407004","G100000407005","G100000407006","G100000407007","G100000409621","G100000409622","G100000409623","G100000413016"]},"externalIds":{"gemPlant":"L100000406714","gemUnit":"G100000407005"},"gemWikiUrl":"https://www.gem.wiki/Novopolotsk_CHP_power_station","geographyId":"BY-45462678B24636394065255","id":"wattlas-plant-gemplant-l100000406714","lifecycleCounts":{"operational":7,"paused":1},"locationPrecision":"exact","name":"Novopolotsk CHP power station","operatingCapacityCoverage":{"coveragePercent":100.0,"knownUnitCount":7,"method":"complete_unit_sum","provenance":{"evidenceCount":0,"recordIds":["wattlas-record-gemunit-g100000407004","wattlas-record-gemunit-g100000407005","wattlas-record-gemunit-g100000407006","wattlas-record-gemunit-g100000407007","wattlas-record-gemunit-g100000409621","wattlas-record-gemunit-g100000409622","wattlas-record-gemunit-g100000409623"],"sourceIds":["gem-global-integrated-power-tracker"],"sourceTypes":["research_verified"],"valueKind":"reported"},"totalUnitCount":7},"operatingCapacityMw":373.2,"operatingCapacityMwByTechnology":{"gas":373.2},"plannedCapacityCoverage":{"coveragePercent":0.0,"knownUnitCount":0,"method":"unavailable","totalUnitCount":0},"plannedCapacityMw":0.0,"plannedCapacityMwByTechnology":{},"recordCount":8,"recordIds":["wattlas-record-gemunit-g100000407004","wattlas-record-gemunit-g100000407005","wattlas-record-gemunit-g100000407006","wattlas-record-gemunit-g100000407007","wattlas-record-gemunit-g100000409621","wattlas-record-gemunit-g100000409622","wattlas-record-gemunit-g100000409623","wattlas-record-gemunit-g100000413016"],"sourceIds":["gem-global-integrated-power-tracker"],"sourceUrl":"https://www.gem.wiki/Novopolotsk_CHP_power_station","technologies":["gas"],"technologyMixMw":{"gas":373.2},"unitCount":8,"unitIds":["gem-unit-G100000407004","gem-unit-G100000407005","gem-unit-G100000407006","gem-unit-G100000407007","gem-unit-G100000409621","gem-unit-G100000409622","gem-unit-G100000409623","gem-unit-G100000413016"]},"type":"Feature"},{"geometry":{"coordinates":[29.769968,52.627747],"type":"Point"},"id":"wattlas-plant-gemplant-l100000406718","properties":{"aliases":["5-1","6-1","Svetlogorsk CHP power station"],"canonicalAnchor":"gemplant:L100000406718","canonicalCountryKey":"BY","capacityMw":110.0,"country":"BY","externalIdAliases":{"gemUnit":["G100000407002","G100000409618"]},"externalIds":{"gemPlant":"L100000406718","gemUnit":"G100000409618"},"gemWikiUrl":"https://www.gem.wiki/Svetlogorsk_CHP_power_station","geographyId":"BY-45462678B94500211462696","id":"wattlas-plant-gemplant-l100000406718","lifecycleCounts":{"operational":2},"locationPrecision":"exact","name":"Svetlogorsk CHP power station","operatingCapacityCoverage":{"coveragePercent":100.0,"knownUnitCount":2,"method":"complete_unit_sum","provenance":{"evidenceCount":0,"recordIds":["wattlas-record-gemunit-g100000407002","wattlas-record-gemunit-g100000409618"],"sourceIds":["gem-global-integrated-power-tracker"],"sourceTypes":["research_verified"],"valueKind":"reported"},"totalUnitCount":2},"operatingCapacityMw":110.0,"operatingCapacityMwByTechnology":{"gas":110.0},"plannedCapacityCoverage":{"coveragePercent":0.0,"knownUnitCount":0,"method":"unavailable","totalUnitCount":0},"plannedCapacityMw":0.0,"plannedCapacityMwByTechnology":{},"recordCount":2,"recordIds":["wattlas-record-gemunit-g100000407002","wattlas-record-gemunit-g100000409618"],"sourceIds":["gem-global-integrated-power-tracker"],"sourceUrl":"https://www.gem.wiki/Svetlogorsk_CHP_power_station","technologies":["gas"],"technologyMixMw":{"gas":110.0},"unitCount":2,"unitIds":["gem-unit-G100000407002","gem-unit-G100000409618"]},"type":"Feature"},{"geometry":{"coordinates":[30.392643,54.480488],"type":"Point"},"id":"wattlas-plant-gemplant-l100000406719","properties":{"aliases":["1-1","Orsha CHP power station"],"canonicalAnchor":"gemplant:L100000406719","canonicalCountryKey":"BY","capacityMw":67.0,"country":"BY","externalIds":{"gemPlant":"L100000406719","gemUnit":"G100000407003"},"gemWikiUrl":"https://www.gem.wiki/Orsha_CHP_power_station","geographyId":"BY-45462678B24636394065255","id":"wattlas-plant-gemplant-l100000406719","lifecycleCounts":{"operational":1},"locationPrecision":"exact","name":"Orsha CHP power station","operatingCapacityCoverage":{"coveragePercent":100.0,"knownUnitCount":1,"method":"complete_unit_sum","provenance":{"evidenceCount":0,"recordIds":["wattlas-record-gemunit-g100000407003"],"sourceIds":["gem-global-integrated-power-tracker"],"sourceTypes":["research_verified"],"valueKind":"reported"},"totalUnitCount":1},"operatingCapacityMw":67.0,"operatingCapacityMwByTechnology":{"gas":67.0},"plannedCapacityCoverage":{"coveragePercent":0.0,"knownUnitCount":0,"method":"unavailable","totalUnitCount":0},"plannedCapacityMw":0.0,"plannedCapacityMwByTechnology":{},"recordCount":1,"recordIds":["wattlas-record-gemunit-g100000407003"],"sourceIds":["gem-global-integrated-power-tracker"],"sourceUrl":"https://www.gem.wiki/Orsha_CHP_power_station","technologies":["gas"],"technologyMixMw":{"gas":67.0},"unitCount":1,"unitIds":["gem-unit-G100000407003"]},"type":"Feature"},{"geometry":{"coordinates":[26.0937,54.7598],"type":"Point"},"id":"wattlas-plant-gemplant-l100000500085","properties":{"aliases":["1.0","2.0","Astravets nuclear power plant"],"canonicalAnchor":"gemplant:L100000500085","canonicalCountryKey":"BY","capacityMw":2388.0,"country":"BY","externalIdAliases":{"gemUnit":["G100000500159","G100000500179"]},"externalIds":{"gemPlant":"L100000500085","gemUnit":"G100000500179"},"gemWikiUrl":"https://www.gem.wiki/Astravets_nuclear_power_plant","geographyId":"BY-45462678B41589714648574","id":"wattlas-plant-gemplant-l100000500085","lifecycleCounts":{"operational":2},"locationPrecision":"exact","name":"Astravets nuclear power plant","operatingCapacityCoverage":{"coveragePercent":100.0,"knownUnitCount":2,"method":"complete_unit_sum","provenance":{"evidenceCount":0,"recordIds":["wattlas-record-gemunit-g100000500159","wattlas-record-gemunit-g100000500179"],"sourceIds":["gem-global-integrated-power-tracker"],"sourceTypes":["research_verified"],"valueKind":"reported"},"totalUnitCount":2},"operatingCapacityMw":2388.0,"operatingCapacityMwByTechnology":{"nuclear":2388.0},"plannedCapacityCoverage":{"coveragePercent":0.0,"knownUnitCount":0,"method":"unavailable","totalUnitCount":0},"plannedCapacityMw":0.0,"plannedCapacityMwByTechnology":{},"recordCount":2,"recordIds":["wattlas-record-gemunit-g100000500159","wattlas-record-gemunit-g100000500179"],"sourceIds":["gem-global-integrated-power-tracker"],"sourceUrl":"https://www.gem.wiki/Astravets_nuclear_power_plant","technologies":["nuclear"],"technologyMixMw":{"nuclear":2388.0},"unitCount":2,"unitIds":["gem-unit-G100000500159","gem-unit-G100000500179"]},"type":"Feature"},{"geometry":{"coordinates":[30.3681,52.3429],"type":"Point"},"id":"wattlas-plant-gemplant-l100000806122","properties":{"aliases":["--","Rechitsa solar farm"],"canonicalAnchor":"gemplant:L100000806122","canonicalCountryKey":"BY","capacityMw":58.8,"country":"BY","externalIds":{"gemPlant":"L100000806122","gemUnit":"G100000807043"},"gemWikiUrl":"https://www.gem.wiki/Rechitsa_solar_farm","geographyId":"BY-45462678B94500211462696","id":"wattlas-plant-gemplant-l100000806122","lifecycleCounts":{"operational":1},"locationPrecision":"exact","name":"Rechitsa solar farm","operatingCapacityCoverage":{"coveragePercent":100.0,"knownUnitCount":1,"method":"complete_unit_sum","provenance":{"evidenceCount":0,"recordIds":["wattlas-record-gemunit-g100000807043"],"sourceIds":["gem-global-integrated-power-tracker"],"sourceTypes":["research_verified"],"valueKind":"reported"},"totalUnitCount":1},"operatingCapacityMw":58.8,"operatingCapacityMwByTechnology":{"solar":58.8},"plannedCapacityCoverage":{"coveragePercent":0.0,"knownUnitCount":0,"method":"unavailable","totalUnitCount":0},"plannedCapacityMw":0.0,"plannedCapacityMwByTechnology":{},"recordCount":1,"recordIds":["wattlas-record-gemunit-g100000807043"],"sourceIds":["gem-global-integrated-power-tracker"],"sourceUrl":"https://www.gem.wiki/Rechitsa_solar_farm","technologies":["solar"],"technologyMixMw":{"solar":58.8},"unitCount":1,"unitIds":["gem-unit-G100000807043"]},"type":"Feature"},{"geometry":{"coordinates":[31.4885,53.6458],"type":"Point"},"id":"wattlas-plant-gemplant-l100000806786","properties":{"aliases":["--","Cherikov solar farm"],"canonicalAnchor":"gemplant:L100000806786","canonicalCountryKey":"BY","capacityMw":109.0,"country":"BY","externalIds":{"gemPlant":"L100000806786","gemUnit":"G100000807764"},"gemWikiUrl":"https://www.gem.wiki/Cherikov_solar_farm","geographyId":"BY-45462678B58682879627750","id":"wattlas-plant-gemplant-l100000806786","lifecycleCounts":{"operational":1},"locationPrecision":"exact","name":"Cherikov solar farm","operatingCapacityCoverage":{"coveragePercent":100.0,"knownUnitCount":1,"method":"complete_unit_sum","provenance":{"evidenceCount":0,"recordIds":["wattlas-record-gemunit-g100000807764"],"sourceIds":["gem-global-integrated-power-tracker"],"sourceTypes":["research_verified"],"valueKind":"reported"},"totalUnitCount":1},"operatingCapacityMw":109.0,"operatingCapacityMwByTechnology":{"solar":109.0},"plannedCapacityCoverage":{"coveragePercent":0.0,"knownUnitCount":0,"method":"unavailable","totalUnitCount":0},"plannedCapacityMw":0.0,"plannedCapacityMwByTechnology":{},"recordCount":1,"recordIds":["wattlas-record-gemunit-g100000807764"],"sourceIds":["gem-global-integrated-power-tracker"],"sourceUrl":"https://www.gem.wiki/Cherikov_solar_farm","technologies":["solar"],"technologyMixMw":{"solar":109.0},"unitCount":1,"unitIds":["gem-unit-G100000807764"]},"type":"Feature"},{"geometry":{"coordinates":[30.2563,51.784],"type":"Point"},"id":"wattlas-plant-gemplant-l100000815882","properties":{"aliases":["--","Brahin I solar farm"],"canonicalAnchor":"gemplant:L100000815882","canonicalCountryKey":"BY","capacityMw":4.2,"country":"BY","externalIds":{"gemPlant":"L100000815882","gemUnit":"G100000818786"},"gemWikiUrl":"https://www.gem.wiki/Brahin_I_solar_farm","geographyId":"BY-45462678B94500211462696","id":"wattlas-plant-gemplant-l100000815882","lifecycleCounts":{"operational":1},"locationPrecision":"exact","name":"Brahin I solar farm","operatingCapacityCoverage":{"coveragePercent":100.0,"knownUnitCount":1,"method":"complete_unit_sum","provenance":{"evidenceCount":0,"recordIds":["wattlas-record-gemunit-g100000818786"],"sourceIds":["gem-global-integrated-power-tracker"],"sourceTypes":["research_verified"],"valueKind":"reported"},"totalUnitCount":1},"operatingCapacityMw":4.2,"operatingCapacityMwByTechnology":{"solar":4.2},"plannedCapacityCoverage":{"coveragePercent":0.0,"knownUnitCount":0,"method":"unavailable","totalUnitCount":0},"plannedCapacityMw":0.0,"plannedCapacityMwByTechnology":{},"recordCount":1,"recordIds":["wattlas-record-gemunit-g100000818786"],"sourceIds":["gem-global-integrated-power-tracker"],"sourceUrl":"https://www.gem.wiki/Brahin_I_solar_farm","technologies":["solar"],"technologyMixMw":{"solar":4.2},"unitCount":1,"unitIds":["gem-unit-G100000818786"]},"type":"Feature"},{"geometry":{"coordinates":[30.2076,51.7991],"type":"Point"},"id":"wattlas-plant-gemplant-l100000815883","properties":{"aliases":["--","Brahin II solar farm"],"canonicalAnchor":"gemplant:L100000815883","canonicalCountryKey":"BY","capacityMw":18.5,"country":"BY","externalIds":{"gemPlant":"L100000815883","gemUnit":"G100000818787"},"gemWikiUrl":"https://www.gem.wiki/Brahin_II_solar_farm","geographyId":"BY-45462678B94500211462696","id":"wattlas-plant-gemplant-l100000815883","lifecycleCounts":{"operational":1},"locationPrecision":"exact","name":"Brahin II solar farm","operatingCapacityCoverage":{"coveragePercent":100.0,"knownUnitCount":1,"method":"complete_unit_sum","provenance":{"evidenceCount":0,"recordIds":["wattlas-record-gemunit-g100000818787"],"sourceIds":["gem-global-integrated-power-tracker"],"sourceTypes":["research_verified"],"valueKind":"reported"},"totalUnitCount":1},"operatingCapacityMw":18.5,"operatingCapacityMwByTechnology":{"solar":18.5},"plannedCapacityCoverage":{"coveragePercent":0.0,"knownUnitCount":0,"method":"unavailable","totalUnitCount":0},"plannedCapacityMw":0.0,"plannedCapacityMwByTechnology":{},"recordCount":1,"recordIds":["wattlas-record-gemunit-g100000818787"],"sourceIds":["gem-global-integrated-power-tracker"],"sourceUrl":"https://www.gem.wiki/Brahin_II_solar_farm","technologies":["solar"],"technologyMixMw":{"solar":18.5},"unitCount":1,"unitIds":["gem-unit-G100000818787"]},"type":"Feature"},{"geometry":{"coordinates":[29.8497,53.503],"type":"Point"},"id":"wattlas-plant-gemplant-l100000815884","properties":{"aliases":["--","Bychaw solar farm"],"canonicalAnchor":"gemplant:L100000815884","canonicalCountryKey":"BY","capacityMw":10.0,"country":"BY","externalIds":{"gemPlant":"L100000815884","gemUnit":"G100000818788"},"gemWikiUrl":"https://www.gem.wiki/Bychaw_solar_farm","geographyId":"BY-45462678B58682879627750","id":"wattlas-plant-gemplant-l100000815884","lifecycleCounts":{"operational":1},"locationPrecision":"exact","name":"Bychaw solar farm","operatingCapacityCoverage":{"coveragePercent":100.0,"knownUnitCount":1,"method":"complete_unit_sum","provenance":{"evidenceCount":0,"recordIds":["wattlas-record-gemunit-g100000818788"],"sourceIds":["gem-global-integrated-power-tracker"],"sourceTypes":["research_verified"],"valueKind":"reported"},"totalUnitCount":1},"operatingCapacityMw":10.0,"operatingCapacityMwByTechnology":{"solar":10.0},"plannedCapacityCoverage":{"coveragePercent":0.0,"knownUnitCount":0,"method":"unavailable","totalUnitCount":0},"plannedCapacityMw":0.0,"plannedCapacityMwByTechnology":{},"recordCount":1,"recordIds":["wattlas-record-gemunit-g100000818788"],"sourceIds":["gem-global-integrated-power-tracker"],"sourceUrl":"https://www.gem.wiki/Bychaw_solar_farm","technologies":["solar"],"technologyMixMw":{"solar":10.0},"unitCount":1,"unitIds":["gem-unit-G100000818788"]},"type":"Feature"},{"geometry":{"coordinates":[31.3779,53.5559],"type":"Point"},"id":"wattlas-plant-gemplant-l100000815886","properties":{"aliases":["--","Cherykaw solar farm"],"canonicalAnchor":"gemplant:L100000815886","canonicalCountryKey":"BY","capacityMw":3.0,"country":"BY","externalIds":{"gemPlant":"L100000815886","gemUnit":"G100000818790"},"gemWikiUrl":"https://www.gem.wiki/Cherykaw_solar_farm","geographyId":"BY-45462678B58682879627750","id":"wattlas-plant-gemplant-l100000815886","lifecycleCounts":{"operational":1},"locationPrecision":"exact","name":"Cherykaw solar farm","operatingCapacityCoverage":{"coveragePercent":100.0,"knownUnitCount":1,"method":"complete_unit_sum","provenance":{"evidenceCount":0,"recordIds":["wattlas-record-gemunit-g100000818790"],"sourceIds":["gem-global-integrated-power-tracker"],"sourceTypes":["research_verified"],"valueKind":"reported"},"totalUnitCount":1},"operatingCapacityMw":3.0,"operatingCapacityMwByTechnology":{"solar":3.0},"plannedCapacityCoverage":{"coveragePercent":0.0,"knownUnitCount":0,"method":"unavailable","totalUnitCount":0},"plannedCapacityMw":0.0,"plannedCapacityMwByTechnology":{},"recordCount":1,"recordIds":["wattlas-record-gemunit-g100000818790"],"sourceIds":["gem-global-integrated-power-tracker"],"sourceUrl":"https://www.gem.wiki/Cherykaw_solar_farm","technologies":["solar"],"technologyMixMw":{"solar":3.0},"unitCount":1,"unitIds":["gem-unit-G100000818790"]},"type":"Feature"},{"geometry":{"coordinates":[24.7923,53.5556],"type":"Point"},"id":"wattlas-plant-gemplant-l100000815887","properties":{"aliases":["--","Hrodna solar farm"],"canonicalAnchor":"gemplant:L100000815887","canonicalCountryKey":"BY","capacityMw":1.2,"country":"BY","externalIds":{"gemPlant":"L100000815887","gemUnit":"G100000818791"},"gemWikiUrl":"https://www.gem.wiki/Hrodna_solar_farm","geographyId":"BY-45462678B41589714648574","id":"wattlas-plant-gemplant-l100000815887","lifecycleCounts":{"operational":1},"locationPrecision":"exact","name":"Hrodna solar farm","operatingCapacityCoverage":{"coveragePercent":100.0,"knownUnitCount":1,"method":"complete_unit_sum","provenance":{"evidenceCount":0,"recordIds":["wattlas-record-gemunit-g100000818791"],"sourceIds":["gem-global-integrated-power-tracker"],"sourceTypes":["research_verified"],"valueKind":"reported"},"totalUnitCount":1},"operatingCapacityMw":1.2,"operatingCapacityMwByTechnology":{"solar":1.2},"plannedCapacityCoverage":{"coveragePercent":0.0,"knownUnitCount":0,"method":"unavailable","totalUnitCount":0},"plannedCapacityMw":0.0,"plannedCapacityMwByTechnology":{},"recordCount":1,"recordIds":["wattlas-record-gemunit-g100000818791"],"sourceIds":["gem-global-integrated-power-tracker"],"sourceUrl":"https://www.gem.wiki/Hrodna_solar_farm","technologies":["solar"],"technologyMixMw":{"solar":1.2},"unitCount":1,"unitIds":["gem-unit-G100000818791"]},"type":"Feature"},{"geometry":{"coordinates":[32.0305,53.3513],"type":"Point"},"id":"wattlas-plant-gemplant-l100000815889","properties":{"aliases":["--","Kastsyukovichy I solar farm"],"canonicalAnchor":"gemplant:L100000815889","canonicalCountryKey":"BY","capacityMw":1.5,"country":"BY","externalIds":{"gemPlant":"L100000815889","gemUnit":"G100000818793"},"gemWikiUrl":"https://www.gem.wiki/Kastsyukovichy_I_solar_farm","geographyId":"BY-45462678B58682879627750","id":"wattlas-plant-gemplant-l100000815889","lifecycleCounts":{"operational":1},"locationPrecision":"exact","name":"Kastsyukovichy I solar farm","operatingCapacityCoverage":{"coveragePercent":100.0,"knownUnitCount":1,"method":"complete_unit_sum","provenance":{"evidenceCount":0,"recordIds":["wattlas-record-gemunit-g100000818793"],"sourceIds":["gem-global-integrated-power-tracker"],"sourceTypes":["research_verified"],"valueKind":"reported"},"totalUnitCount":1},"operatingCapacityMw":1.5,"operatingCapacityMwByTechnology":{"solar":1.5},"plannedCapacityCoverage":{"coveragePercent":0.0,"knownUnitCount":0,"method":"unavailable","totalUnitCount":0},"plannedCapacityMw":0.0,"plannedCapacityMwByTechnology":{},"recordCount":1,"recordIds":["wattlas-record-gemunit-g100000818793"],"sourceIds":["gem-global-integrated-power-tracker"],"sourceUrl":"https://www.gem.wiki/Kastsyukovichy_I_solar_farm","technologies":["solar"],"technologyMixMw":{"solar":1.5},"unitCount":1,"unitIds":["gem-unit-G100000818793"]},"type":"Feature"},{"geometry":{"coordinates":[32.0348,53.3528],"type":"Point"},"id":"wattlas-plant-gemplant-l100000815890","properties":{"aliases":["--","Kastsyukovichy II solar farm"],"canonicalAnchor":"gemplant:L100000815890","canonicalCountryKey":"BY","capacityMw":1.5,"country":"BY","externalIds":{"gemPlant":"L100000815890","gemUnit":"G100000818794"},"gemWikiUrl":"https://www.gem.wiki/Kastsyukovichy_II_solar_farm","geographyId":"BY-45462678B58682879627750","id":"wattlas-plant-gemplant-l100000815890","lifecycleCounts":{"operational":1},"locationPrecision":"exact","name":"Kastsyukovichy II solar farm","operatingCapacityCoverage":{"coveragePercent":100.0,"knownUnitCount":1,"method":"complete_unit_sum","provenance":{"evidenceCount":0,"recordIds":["wattlas-record-gemunit-g100000818794"],"sourceIds":["gem-global-integrated-power-tracker"],"sourceTypes":["research_verified"],"valueKind":"reported"},"totalUnitCount":1},"operatingCapacityMw":1.5,"operatingCapacityMwByTechnology":{"solar":1.5},"plannedCapacityCoverage":{"coveragePercent":0.0,"knownUnitCount":0,"method":"unavailable","totalUnitCount":0},"plannedCapacityMw":0.0,"plannedCapacityMwByTechnology":{},"recordCount":1,"recordIds":["wattlas-record-gemunit-g100000818794"],"sourceIds":["gem-global-integrated-power-tracker"],"sourceUrl":"https://www.gem.wiki/Kastsyukovichy_II_solar_farm","technologies":["solar"],"technologyMixMw":{"solar":1.5},"unitCount":1,"unitIds":["gem-unit-G100000818794"]},"type":"Feature"},{"geometry":{"coordinates":[29.3498,51.8993],"type":"Point"},"id":"wattlas-plant-gemplant-l100000815891","properties":{"aliases":["--","Mazyr solar farm"],"canonicalAnchor":"gemplant:L100000815891","canonicalCountryKey":"BY","capacityMw":2.5,"country":"BY","externalIds":{"gemPlant":"L100000815891","gemUnit":"G100000818795"},"gemWikiUrl":"https://www.gem.wiki/Mazyr_solar_farm","geographyId":"BY-45462678B94500211462696","id":"wattlas-plant-gemplant-l100000815891","lifecycleCounts":{"operational":1},"locationPrecision":"exact","name":"Mazyr solar farm","operatingCapacityCoverage":{"coveragePercent":100.0,"knownUnitCount":1,"method":"complete_unit_sum","provenance":{"evidenceCount":0,"recordIds":["wattlas-record-gemunit-g100000818795"],"sourceIds":["gem-global-integrated-power-tracker"],"sourceTypes":["research_verified"],"valueKind":"reported"},"totalUnitCount":1},"operatingCapacityMw":2.5,"operatingCapacityMwByTechnology":{"solar":2.5},"plannedCapacityCoverage":{"coveragePercent":0.0,"knownUnitCount":0,"method":"unavailable","totalUnitCount":0},"plannedCapacityMw":0.0,"plannedCapacityMwByTechnology":{},"recordCount":1,"recordIds":["wattlas-record-gemunit-g100000818795"],"sourceIds":["gem-global-integrated-power-tracker"],"sourceUrl":"https://www.gem.wiki/Mazyr_solar_farm","technologies":["solar"],"technologyMixMw":{"solar":2.5},"unitCount":1,"unitIds":["gem-unit-G100000818795"]},"type":"Feature"},{"geometry":{"coordinates":[30.3638,53.8511],"type":"Point"},"id":"wattlas-plant-gemplant-l100000815893","properties":{"aliases":["--","Mogilev solar farm"],"canonicalAnchor":"gemplant:L100000815893","canonicalCountryKey":"BY","capacityMw":2.0,"country":"BY","externalIds":{"gemPlant":"L100000815893","gemUnit":"G100000818797"},"gemWikiUrl":"https://www.gem.wiki/Mogilev_solar_farm","geographyId":"BY-45462678B58682879627750","id":"wattlas-plant-gemplant-l100000815893","lifecycleCounts":{"operational":1},"locationPrecision":"exact","name":"Mogilev solar farm","operatingCapacityCoverage":{"coveragePercent":100.0,"knownUnitCount":1,"method":"complete_unit_sum","provenance":{"evidenceCount":0,"recordIds":["wattlas-record-gemunit-g100000818797"],"sourceIds":["gem-global-integrated-power-tracker"],"sourceTypes":["research_verified"],"valueKind":"reported"},"totalUnitCount":1},"operatingCapacityMw":2.0,"operatingCapacityMwByTechnology":{"solar":2.0},"plannedCapacityCoverage":{"coveragePercent":0.0,"knownUnitCount":0,"method":"unavailable","totalUnitCount":0},"plannedCapacityMw":0.0,"plannedCapacityMwByTechnology":{},"recordCount":1,"recordIds":["wattlas-record-gemunit-g100000818797"],"sourceIds":["gem-global-integrated-power-tracker"],"sourceUrl":"https://www.gem.wiki/Mogilev_solar_farm","technologies":["solar"],"technologyMixMw":{"solar":2.0},"unitCount":1,"unitIds":["gem-unit-G100000818797"]},"type":"Feature"},{"geometry":{"coordinates":[31.4374,54.0342],"type":"Point"},"id":"wattlas-plant-gemplant-l100000815894","properties":{"aliases":["--","Mstsislaw solar farm"],"canonicalAnchor":"gemplant:L100000815894","canonicalCountryKey":"BY","capacityMw":1.6,"country":"BY","externalIds":{"gemPlant":"L100000815894","gemUnit":"G100000818798"},"gemWikiUrl":"https://www.gem.wiki/Mstsislaw_solar_farm","geographyId":"BY-45462678B58682879627750","id":"wattlas-plant-gemplant-l100000815894","lifecycleCounts":{"operational":1},"locationPrecision":"exact","name":"Mstsislaw solar farm","operatingCapacityCoverage":{"coveragePercent":100.0,"knownUnitCount":1,"method":"complete_unit_sum","provenance":{"evidenceCount":0,"recordIds":["wattlas-record-gemunit-g100000818798"],"sourceIds":["gem-global-integrated-power-tracker"],"sourceTypes":["research_verified"],"valueKind":"reported"},"totalUnitCount":1},"operatingCapacityMw":1.6,"operatingCapacityMwByTechnology":{"solar":1.6},"plannedCapacityCoverage":{"coveragePercent":0.0,"knownUnitCount":0,"method":"unavailable","totalUnitCount":0},"plannedCapacityMw":0.0,"plannedCapacityMwByTechnology":{},"recordCount":1,"recordIds":["wattlas-record-gemunit-g100000818798"],"sourceIds":["gem-global-integrated-power-tracker"],"sourceUrl":"https://www.gem.wiki/Mstsislaw_solar_farm","technologies":["solar"],"technologyMixMw":{"solar":1.6},"unitCount":1,"unitIds":["gem-unit-G100000818798"]},"type":"Feature"},{"geometry":{"coordinates":[25.8087,53.8417],"type":"Point"},"id":"wattlas-plant-gemplant-l100000815897","properties":{"aliases":["--","Navahrudak solar farm"],"canonicalAnchor":"gemplant:L100000815897","canonicalCountryKey":"BY","capacityMw":1.2,"country":"BY","externalIds":{"gemPlant":"L100000815897","gemUnit":"G100000818801"},"gemWikiUrl":"https://www.gem.wiki/Navahrudak_solar_farm","geographyId":"BY-45462678B41589714648574","id":"wattlas-plant-gemplant-l100000815897","lifecycleCounts":{"operational":1},"locationPrecision":"exact","name":"Navahrudak solar farm","operatingCapacityCoverage":{"coveragePercent":100.0,"knownUnitCount":1,"method":"complete_unit_sum","provenance":{"evidenceCount":0,"recordIds":["wattlas-record-gemunit-g100000818801"],"sourceIds":["gem-global-integrated-power-tracker"],"sourceTypes":["research_verified"],"valueKind":"reported"},"totalUnitCount":1},"operatingCapacityMw":1.2,"operatingCapacityMwByTechnology":{"solar":1.2},"plannedCapacityCoverage":{"coveragePercent":0.0,"knownUnitCount":0,"method":"unavailable","totalUnitCount":0},"plannedCapacityMw":0.0,"plannedCapacityMwByTechnology":{},"recordCount":1,"recordIds":["wattlas-record-gemunit-g100000818801"],"sourceIds":["gem-global-integrated-power-tracker"],"sourceUrl":"https://www.gem.wiki/Navahrudak_solar_farm","technologies":["solar"],"technologyMixMw":{"solar":1.2},"unitCount":1,"unitIds":["gem-unit-G100000818801"]},"type":"Feature"},{"geometry":{"coordinates":[26.7447,53.1839],"type":"Point"},"id":"wattlas-plant-gemplant-l100000815898","properties":{"aliases":["--","Nesvizh solar farm"],"canonicalAnchor":"gemplant:L100000815898","canonicalCountryKey":"BY","capacityMw":1.6,"country":"BY","externalIds":{"gemPlant":"L100000815898","gemUnit":"G100000818802"},"gemWikiUrl":"https://www.gem.wiki/Nesvizh_solar_farm","geographyId":"BY-45462678B52111461583443","id":"wattlas-plant-gemplant-l100000815898","lifecycleCounts":{"operational":1},"locationPrecision":"exact","name":"Nesvizh solar farm","operatingCapacityCoverage":{"coveragePercent":100.0,"knownUnitCount":1,"method":"complete_unit_sum","provenance":{"evidenceCount":0,"recordIds":["wattlas-record-gemunit-g100000818802"],"sourceIds":["gem-global-integrated-power-tracker"],"sourceTypes":["research_verified"],"valueKind":"reported"},"totalUnitCount":1},"operatingCapacityMw":1.6,"operatingCapacityMwByTechnology":{"solar":1.6},"plannedCapacityCoverage":{"coveragePercent":0.0,"knownUnitCount":0,"method":"unavailable","totalUnitCount":0},"plannedCapacityMw":0.0,"plannedCapacityMwByTechnology":{},"recordCount":1,"recordIds":["wattlas-record-gemunit-g100000818802"],"sourceIds":["gem-global-integrated-power-tracker"],"sourceUrl":"https://www.gem.wiki/Nesvizh_solar_farm","technologies":["solar"],"technologyMixMw":{"solar":1.6},"unitCount":1,"unitIds":["gem-unit-G100000818802"]},"type":"Feature"},{"geometry":{"coordinates":[30.2431,52.3044],"type":"Point"},"id":"wattlas-plant-gemplant-l100000815899","properties":{"aliases":["--","Rechitsa I solar farm"],"canonicalAnchor":"gemplant:L100000815899","canonicalCountryKey":"BY","capacityMw":3.8,"country":"BY","externalIds":{"gemPlant":"L100000815899","gemUnit":"G100000818803"},"gemWikiUrl":"https://www.gem.wiki/Rechitsa_I_solar_farm","geographyId":"BY-45462678B94500211462696","id":"wattlas-plant-gemplant-l100000815899","lifecycleCounts":{"operational":1},"locationPrecision":"exact","name":"Rechitsa I solar farm","operatingCapacityCoverage":{"coveragePercent":100.0,"knownUnitCount":1,"method":"complete_unit_sum","provenance":{"evidenceCount":0,"recordIds":["wattlas-record-gemunit-g100000818803"],"sourceIds":["gem-global-integrated-power-tracker"],"sourceTypes":["research_verified"],"valueKind":"reported"},"totalUnitCount":1},"operatingCapacityMw":3.8,"operatingCapacityMwByTechnology":{"solar":3.8},"plannedCapacityCoverage":{"coveragePercent":0.0,"knownUnitCount":0,"method":"unavailable","totalUnitCount":0},"plannedCapacityMw":0.0,"plannedCapacityMwByTechnology":{},"recordCount":1,"recordIds":["wattlas-record-gemunit-g100000818803"],"sourceIds":["gem-global-integrated-power-tracker"],"sourceUrl":"https://www.gem.wiki/Rechitsa_I_solar_farm","technologies":["solar"],"technologyMixMw":{"solar":3.8},"unitCount":1,"unitIds":["gem-unit-G100000818803"]},"type":"Feature"},{"geometry":{"coordinates":[24.7727,53.6239],"type":"Point"},"id":"wattlas-plant-gemplant-l100000815900","properties":{"aliases":["--","Shchuchyn I solar farm"],"canonicalAnchor":"gemplant:L100000815900","canonicalCountryKey":"BY","capacityMw":2.6,"country":"BY","externalIds":{"gemPlant":"L100000815900","gemUnit":"G100000818804"},"gemWikiUrl":"https://www.gem.wiki/Shchuchyn_I_solar_farm","geographyId":"BY-45462678B41589714648574","id":"wattlas-plant-gemplant-l100000815900","lifecycleCounts":{"operational":1},"locationPrecision":"exact","name":"Shchuchyn I solar farm","operatingCapacityCoverage":{"coveragePercent":100.0,"knownUnitCount":1,"method":"complete_unit_sum","provenance":{"evidenceCount":0,"recordIds":["wattlas-record-gemunit-g100000818804"],"sourceIds":["gem-global-integrated-power-tracker"],"sourceTypes":["research_verified"],"valueKind":"reported"},"totalUnitCount":1},"operatingCapacityMw":2.6,"operatingCapacityMwByTechnology":{"solar":2.6},"plannedCapacityCoverage":{"coveragePercent":0.0,"knownUnitCount":0,"method":"unavailable","totalUnitCount":0},"plannedCapacityMw":0.0,"plannedCapacityMwByTechnology":{},"recordCount":1,"recordIds":["wattlas-record-gemunit-g100000818804"],"sourceIds":["gem-global-integrated-power-tracker"],"sourceUrl":"https://www.gem.wiki/Shchuchyn_I_solar_farm","technologies":["solar"],"technologyMixMw":{"solar":2.6},"unitCount":1,"unitIds":["gem-unit-G100000818804"]},"type":"Feature"},{"geometry":{"coordinates":[25.0153,53.5492],"type":"Point"},"id":"wattlas-plant-gemplant-l100000815901","properties":{"aliases":["--","Shchuchyn II solar farm"],"canonicalAnchor":"gemplant:L100000815901","canonicalCountryKey":"BY","capacityMw":1.2,"country":"BY","externalIds":{"gemPlant":"L100000815901","gemUnit":"G100000818805"},"gemWikiUrl":"https://www.gem.wiki/Shchuchyn_II_solar_farm","geographyId":"BY-45462678B41589714648574","id":"wattlas-plant-gemplant-l100000815901","lifecycleCounts":{"operational":1},"locationPrecision":"exact","name":"Shchuchyn II solar farm","operatingCapacityCoverage":{"coveragePercent":100.0,"knownUnitCount":1,"method":"complete_unit_sum","provenance":{"evidenceCount":0,"recordIds":["wattlas-record-gemunit-g100000818805"],"sourceIds":["gem-global-integrated-power-tracker"],"sourceTypes":["research_verified"],"valueKind":"reported"},"totalUnitCount":1},"operatingCapacityMw":1.2,"operatingCapacityMwByTechnology":{"solar":1.2},"plannedCapacityCoverage":{"coveragePercent":0.0,"knownUnitCount":0,"method":"unavailable","totalUnitCount":0},"plannedCapacityMw":0.0,"plannedCapacityMwByTechnology":{},"recordCount":1,"recordIds":["wattlas-record-gemunit-g100000818805"],"sourceIds":["gem-global-integrated-power-tracker"],"sourceUrl":"https://www.gem.wiki/Shchuchyn_II_solar_farm","technologies":["solar"],"technologyMixMw":{"solar":1.2},"unitCount":1,"unitIds":["gem-unit-G100000818805"]},"type":"Feature"},{"geometry":{"coordinates":[25.3967,53.6579],"type":"Point"},"id":"wattlas-plant-gemplant-l100000815902","properties":{"aliases":["--","Shchuchyn III solar farm"],"canonicalAnchor":"gemplant:L100000815902","canonicalCountryKey":"BY","capacityMw":1.2,"country":"BY","externalIds":{"gemPlant":"L100000815902","gemUnit":"G100000818806"},"gemWikiUrl":"https://www.gem.wiki/Shchuchyn_III_solar_farm","geographyId":"BY-45462678B41589714648574","id":"wattlas-plant-gemplant-l100000815902","lifecycleCounts":{"operational":1},"locationPrecision":"exact","name":"Shchuchyn III solar farm","operatingCapacityCoverage":{"coveragePercent":100.0,"knownUnitCount":1,"method":"complete_unit_sum","provenance":{"evidenceCount":0,"recordIds":["wattlas-record-gemunit-g100000818806"],"sourceIds":["gem-global-integrated-power-tracker"],"sourceTypes":["research_verified"],"valueKind":"reported"},"totalUnitCount":1},"operatingCapacityMw":1.2,"operatingCapacityMwByTechnology":{"solar":1.2},"plannedCapacityCoverage":{"coveragePercent":0.0,"knownUnitCount":0,"method":"unavailable","totalUnitCount":0},"plannedCapacityMw":0.0,"plannedCapacityMwByTechnology":{},"recordCount":1,"recordIds":["wattlas-record-gemunit-g100000818806"],"sourceIds":["gem-global-integrated-power-tracker"],"sourceUrl":"https://www.gem.wiki/Shchuchyn_III_solar_farm","technologies":["solar"],"technologyMixMw":{"solar":1.2},"unitCount":1,"unitIds":["gem-unit-G100000818806"]},"type":"Feature"},{"geometry":{"coordinates":[26.4121,54.4648],"type":"Point"},"id":"wattlas-plant-gemplant-l100000815903","properties":{"aliases":["--","Smarhon' solar farm"],"canonicalAnchor":"gemplant:L100000815903","canonicalCountryKey":"BY","capacityMw":18.6,"country":"BY","externalIds":{"gemPlant":"L100000815903","gemUnit":"G100000818807"},"gemWikiUrl":"https://www.gem.wiki/Smarhon'_solar_farm","geographyId":"BY-45462678B41589714648574","id":"wattlas-plant-gemplant-l100000815903","lifecycleCounts":{"operational":1},"locationPrecision":"exact","name":"Smarhon' solar farm","operatingCapacityCoverage":{"coveragePercent":100.0,"knownUnitCount":1,"method":"complete_unit_sum","provenance":{"evidenceCount":0,"recordIds":["wattlas-record-gemunit-g100000818807"],"sourceIds":["gem-global-integrated-power-tracker"],"sourceTypes":["research_verified"],"valueKind":"reported"},"totalUnitCount":1},"operatingCapacityMw":18.6,"operatingCapacityMwByTechnology":{"solar":18.6},"plannedCapacityCoverage":{"coveragePercent":0.0,"knownUnitCount":0,"method":"unavailable","totalUnitCount":0},"plannedCapacityMw":0.0,"plannedCapacityMwByTechnology":{},"recordCount":1,"recordIds":["wattlas-record-gemunit-g100000818807"],"sourceIds":["gem-global-integrated-power-tracker"],"sourceUrl":"https://www.gem.wiki/Smarhon'_solar_farm","technologies":["solar"],"technologyMixMw":{"solar":18.6},"unitCount":1,"unitIds":["gem-unit-G100000818807"]},"type":"Feature"},{"geometry":{"coordinates":[29.5692,54.6713],"type":"Point"},"id":"wattlas-plant-gemplant-l100000815904","properties":{"aliases":["--","Syanno solar farm"],"canonicalAnchor":"gemplant:L100000815904","canonicalCountryKey":"BY","capacityMw":1.6,"country":"BY","externalIds":{"gemPlant":"L100000815904","gemUnit":"G100000818808"},"gemWikiUrl":"https://www.gem.wiki/Syanno_solar_farm","geographyId":"BY-45462678B24636394065255","id":"wattlas-plant-gemplant-l100000815904","lifecycleCounts":{"operational":1},"locationPrecision":"exact","name":"Syanno solar farm","operatingCapacityCoverage":{"coveragePercent":100.0,"knownUnitCount":1,"method":"complete_unit_sum","provenance":{"evidenceCount":0,"recordIds":["wattlas-record-gemunit-g100000818808"],"sourceIds":["gem-global-integrated-power-tracker"],"sourceTypes":["research_verified"],"valueKind":"reported"},"totalUnitCount":1},"operatingCapacityMw":1.6,"operatingCapacityMwByTechnology":{"solar":1.6},"plannedCapacityCoverage":{"coveragePercent":0.0,"knownUnitCount":0,"method":"unavailable","totalUnitCount":0},"plannedCapacityMw":0.0,"plannedCapacityMwByTechnology":{},"recordCount":1,"recordIds":["wattlas-record-gemunit-g100000818808"],"sourceIds":["gem-global-integrated-power-tracker"],"sourceUrl":"https://www.gem.wiki/Syanno_solar_farm","technologies":["solar"],"technologyMixMw":{"solar":1.6},"unitCount":1,"unitIds":["gem-unit-G100000818808"]},"type":"Feature"},{"geometry":{"coordinates":[29.0558,51.7644],"type":"Point"},"id":"wattlas-plant-gemplant-l100000815905","properties":{"aliases":["--","Yelsk solar farm"],"canonicalAnchor":"gemplant:L100000815905","canonicalCountryKey":"BY","capacityMw":14.2,"country":"BY","externalIds":{"gemPlant":"L100000815905","gemUnit":"G100000818809"},"gemWikiUrl":"https://www.gem.wiki/Yelsk_solar_farm","geographyId":"BY-45462678B94500211462696","id":"wattlas-plant-gemplant-l100000815905","lifecycleCounts":{"operational":1},"locationPrecision":"exact","name":"Yelsk solar farm","operatingCapacityCoverage":{"coveragePercent":100.0,"knownUnitCount":1,"method":"complete_unit_sum","provenance":{"evidenceCount":0,"recordIds":["wattlas-record-gemunit-g100000818809"],"sourceIds":["gem-global-integrated-power-tracker"],"sourceTypes":["research_verified"],"valueKind":"reported"},"totalUnitCount":1},"operatingCapacityMw":14.2,"operatingCapacityMwByTechnology":{"solar":14.2},"plannedCapacityCoverage":{"coveragePercent":0.0,"knownUnitCount":0,"method":"unavailable","totalUnitCount":0},"plannedCapacityMw":0.0,"plannedCapacityMwByTechnology":{},"recordCount":1,"recordIds":["wattlas-record-gemunit-g100000818809"],"sourceIds":["gem-global-integrated-power-tracker"],"sourceUrl":"https://www.gem.wiki/Yelsk_solar_farm","technologies":["solar"],"technologyMixMw":{"solar":14.2},"unitCount":1,"unitIds":["gem-unit-G100000818809"]},"type":"Feature"},{"geometry":{"coordinates":[30.85,52.92],"type":"Point"},"id":"wattlas-plant-gemplant-l100001008186","properties":{"aliases":["--","Chechevicy solar project"],"canonicalAnchor":"gemplant:L100001008186","canonicalCountryKey":"BY","capacityMw":11.4,"country":"BY","externalIds":{"gemPlant":"L100001008186","gemUnit":"G100001009556"},"gemWikiUrl":"https://www.gem.wiki/Chechevicy_solar_project","geographyId":"BY-45462678B94500211462696","id":"wattlas-plant-gemplant-l100001008186","lifecycleCounts":{"operational":1},"locationPrecision":"exact","name":"Chechevicy solar project","operatingCapacityCoverage":{"coveragePercent":100.0,"knownUnitCount":1,"method":"complete_unit_sum","provenance":{"evidenceCount":0,"recordIds":["wattlas-record-gemunit-g100001009556"],"sourceIds":["gem-global-integrated-power-tracker"],"sourceTypes":["research_verified"],"valueKind":"reported"},"totalUnitCount":1},"operatingCapacityMw":11.4,"operatingCapacityMwByTechnology":{"solar":11.4},"plannedCapacityCoverage":{"coveragePercent":0.0,"knownUnitCount":0,"method":"unavailable","totalUnitCount":0},"plannedCapacityMw":0.0,"plannedCapacityMwByTechnology":{},"recordCount":1,"recordIds":["wattlas-record-gemunit-g100001009556"],"sourceIds":["gem-global-integrated-power-tracker"],"sourceUrl":"https://www.gem.wiki/Chechevicy_solar_project","technologies":["solar"],"technologyMixMw":{"solar":11.4},"unitCount":1,"unitIds":["gem-unit-G100001009556"]},"type":"Feature"},{"geometry":{"coordinates":[30.1598,55.2508],"type":"Point"},"id":"wattlas-plant-gemplant-l100001080926","properties":{"aliases":["Vitebsk Dvina hydroelectric plant"],"canonicalAnchor":"gemplant:L100001080926","canonicalCountryKey":"BY","capacityMw":40.0,"country":"BY","externalIds":{"gemPlant":"L100001080926","gemUnit":"G100001090912"},"gemWikiUrl":"https://www.gem.wiki/Vitebsk_Dvina_hydroelectric_plant","geographyId":"BY-45462678B24636394065255","id":"wattlas-plant-gemplant-l100001080926","lifecycleCounts":{"operational":1},"locationPrecision":"exact","name":"Vitebsk Dvina hydroelectric plant","operatingCapacityCoverage":{"coveragePercent":100.0,"knownUnitCount":1,"method":"complete_unit_sum","provenance":{"evidenceCount":0,"recordIds":["wattlas-record-gemunit-g100001090912"],"sourceIds":["gem-global-integrated-power-tracker"],"sourceTypes":["research_verified"],"valueKind":"reported"},"totalUnitCount":1},"operatingCapacityMw":40.0,"operatingCapacityMwByTechnology":{"hydro":40.0},"plannedCapacityCoverage":{"coveragePercent":0.0,"knownUnitCount":0,"method":"unavailable","totalUnitCount":0},"plannedCapacityMw":0.0,"plannedCapacityMwByTechnology":{},"recordCount":1,"recordIds":["wattlas-record-gemunit-g100001090912"],"sourceIds":["gem-global-integrated-power-tracker"],"sourceUrl":"https://www.gem.wiki/Vitebsk_Dvina_hydroelectric_plant","technologies":["hydro"],"technologyMixMw":{"hydro":40.0},"unitCount":1,"unitIds":["gem-unit-G100001090912"]},"type":"Feature"},{"geometry":{"coordinates":[31.492418,53.64691],"type":"Point"},"id":"wattlas-plant-osm-relation-18853535","properties":{"aliases":["Чэрыкаўская фотаэлектрастанцыя"],"canonicalAnchor":"osm:relation/18853535","canonicalCountryKey":"BY","capacityMw":0.0,"country":"BY","externalIds":{"osm":"relation/18853535"},"geographyId":"BY-45462678B58682879627750","id":"wattlas-plant-osm-relation-18853535","lifecycleCounts":{"operational":1},"locationPrecision":"exact","name":"Чэрыкаўская фотаэлектрастанцыя","operatingCapacityCoverage":{"coveragePercent":0.0,"knownUnitCount":0,"method":"unavailable","totalUnitCount":0},"operatingCapacityMw":0.0,"operatingCapacityMwByTechnology":{},"plannedCapacityCoverage":{"coveragePercent":0.0,"knownUnitCount":0,"method":"unavailable","totalUnitCount":0},"plannedCapacityMw":0.0,"plannedCapacityMwByTechnology":{},"recordCount":1,"recordIds":["wattlas-record-osm-relation-18853535"],"sourceIds":["openstreetmap-power"],"sourceUrl":"https://www.openstreetmap.org/relation/18853535","technologies":["solar"],"technologyMixMw":{"solar":0.0},"unitCount":0,"unitIds":[]},"type":"Feature"},{"geometry":{"coordinates":[24.783568,53.135527],"type":"Point"},"id":"wattlas-plant-osm-relation-19753328","properties":{"aliases":["ТАА \"Зілант\""],"canonicalAnchor":"osm:relation/19753328","canonicalCountryKey":"BY","capacityMw":8.2,"country":"BY","externalIds":{"osm":"relation/19753328"},"geographyId":"BY-45462678B41589714648574","id":"wattlas-plant-osm-relation-19753328","lifecycleCounts":{"operational":1},"locationPrecision":"exact","name":"ТАА \"Зілант\"","operatingCapacityCoverage":{"coveragePercent":100.0,"knownUnitCount":0,"method":"plant_aggregate","provenance":{"evidenceCount":0,"recordIds":["wattlas-record-osm-relation-19753328"],"sourceIds":["openstreetmap-power"],"sourceTypes":["community_mapped"],"valueKind":"reported"},"totalUnitCount":0},"operatingCapacityMw":8.2,"operatingCapacityMwByTechnology":{"wind":8.2},"plannedCapacityCoverage":{"coveragePercent":0.0,"knownUnitCount":0,"method":"unavailable","totalUnitCount":0},"plannedCapacityMw":0.0,"plannedCapacityMwByTechnology":{},"recordCount":1,"recordIds":["wattlas-record-osm-relation-19753328"],"sourceIds":["openstreetmap-power"],"sourceUrl":"https://www.openstreetmap.org/relation/19753328","technologies":["wind"],"technologyMixMw":{"wind":8.2},"unitCount":0,"unitIds":[]},"type":"Feature"},{"geometry":{"coordinates":[29.040546,51.77363],"type":"Point"},"id":"wattlas-plant-osm-relation-20268095","properties":{"aliases":["Ельская сонечная электрастанцыя"],"canonicalAnchor":"osm:relation/20268095","canonicalCountryKey":"BY","capacityMw":14.0,"country":"BY","externalIds":{"osm":"relation/20268095"},"geographyId":"BY-45462678B94500211462696","id":"wattlas-plant-osm-relation-20268095","lifecycleCounts":{"operational":1},"locationPrecision":"exact","name":"Ельская сонечная электрастанцыя","operatingCapacityCoverage":{"coveragePercent":100.0,"knownUnitCount":0,"method":"plant_aggregate","provenance":{"evidenceCount":0,"recordIds":["wattlas-record-osm-relation-20268095"],"sourceIds":["openstreetmap-power"],"sourceTypes":["community_mapped"],"valueKind":"reported"},"totalUnitCount":0},"operatingCapacityMw":14.0,"operatingCapacityMwByTechnology":{"solar":14.0},"plannedCapacityCoverage":{"coveragePercent":0.0,"knownUnitCount":0,"method":"unavailable","totalUnitCount":0},"plannedCapacityMw":0.0,"plannedCapacityMwByTechnology":{},"recordCount":1,"recordIds":["wattlas-record-osm-relation-20268095"],"sourceIds":["openstreetmap-power"],"sourceUrl":"https://www.openstreetmap.org/relation/20268095","technologies":["solar"],"technologyMixMw":{"solar":14.0},"unitCount":0,"unitIds":[]},"type":"Feature"},{"geometry":{"coordinates":[26.012166,53.143338],"type":"Point"},"id":"wattlas-plant-osm-relation-5658581","properties":{"aliases":["Баранавіцкая ЦЭЦ"],"canonicalAnchor":"osm:relation/5658581","canonicalCountryKey":"BY","capacityMw":18.0,"country":"BY","externalIds":{"osm":"relation/5658581"},"geographyId":"BY-45462678B29468378769629","id":"wattlas-plant-osm-relation-5658581","lifecycleCounts":{"operational":1},"locationPrecision":"exact","name":"Баранавіцкая ЦЭЦ","operatingCapacityCoverage":{"coveragePercent":100.0,"knownUnitCount":0,"method":"plant_aggregate","provenance":{"evidenceCount":0,"recordIds":["wattlas-record-osm-relation-5658581"],"sourceIds":["openstreetmap-power"],"sourceTypes":["community_mapped"],"valueKind":"reported"},"totalUnitCount":0},"operatingCapacityMw":18.0,"operatingCapacityMwByTechnology":{"gas":18.0},"plannedCapacityCoverage":{"coveragePercent":0.0,"knownUnitCount":0,"method":"unavailable","totalUnitCount":0},"plannedCapacityMw":0.0,"plannedCapacityMwByTechnology":{},"recordCount":1,"recordIds":["wattlas-record-osm-relation-5658581"],"sourceIds":["openstreetmap-power"],"sourceUrl":"https://www.openstreetmap.org/relation/5658581","technologies":["gas"],"technologyMixMw":{"gas":18.0},"unitCount":0,"unitIds":[]},"type":"Feature"},{"geometry":{"coordinates":[30.238668,52.305133],"type":"Point"},"id":"wattlas-plant-osm-relation-7663236","properties":{"aliases":["Сонечная электрастанцыя"],"canonicalAnchor":"osm:relation/7663236","canonicalCountryKey":"BY","capacityMw":0.0,"country":"BY","externalIds":{"osm":"relation/7663236"},"geographyId":"BY-45462678B94500211462696","id":"wattlas-plant-osm-relation-7663236","lifecycleCounts":{"operational":1},"locationPrecision":"exact","name":"Сонечная электрастанцыя","operatingCapacityCoverage":{"coveragePercent":0.0,"knownUnitCount":0,"method":"unavailable","totalUnitCount":0},"operatingCapacityMw":0.0,"operatingCapacityMwByTechnology":{},"plannedCapacityCoverage":{"coveragePercent":0.0,"knownUnitCount":0,"method":"unavailable","totalUnitCount":0},"plannedCapacityMw":0.0,"plannedCapacityMwByTechnology":{},"recordCount":1,"recordIds":["wattlas-record-osm-relation-7663236"],"sourceIds":["openstreetmap-power"],"sourceUrl":"https://www.openstreetmap.org/relation/7663236","technologies":["solar"],"technologyMixMw":{"solar":0.0},"unitCount":0,"unitIds":[]},"type":"Feature"},{"geometry":{"coordinates":[25.774438,53.606346],"type":"Point"},"id":"wattlas-plant-osm-relation-8302371","properties":{"aliases":["Навагрудская ВЭС"],"canonicalAnchor":"osm:relation/8302371","canonicalCountryKey":"BY","capacityMw":9.0,"country":"BY","externalIds":{"osm":"relation/8302371"},"geographyId":"BY-45462678B41589714648574","id":"wattlas-plant-osm-relation-8302371","lifecycleCounts":{"operational":1},"locationPrecision":"exact","name":"Навагрудская ВЭС","operatingCapacityCoverage":{"coveragePercent":100.0,"knownUnitCount":0,"method":"plant_aggregate","provenance":{"evidenceCount":0,"recordIds":["wattlas-record-osm-relation-8302371"],"sourceIds":["openstreetmap-power"],"sourceTypes":["community_mapped"],"valueKind":"reported"},"totalUnitCount":0},"operatingCapacityMw":9.0,"operatingCapacityMwByTechnology":{"wind":9.0},"plannedCapacityCoverage":{"coveragePercent":0.0,"knownUnitCount":0,"method":"unavailable","totalUnitCount":0},"plannedCapacityMw":0.0,"plannedCapacityMwByTechnology":{},"recordCount":1,"recordIds":["wattlas-record-osm-relation-8302371"],"sourceIds":["openstreetmap-power"],"sourceUrl":"https://www.openstreetmap.org/relation/8302371","technologies":["wind"],"technologyMixMw":{"wind":9.0},"unitCount":0,"unitIds":[]},"type":"Feature"},{"geometry":{"coordinates":[24.726811,53.606696],"type":"Point"},"id":"wattlas-plant-osm-way-1043846515","properties":{"aliases":["Кацельня"],"canonicalAnchor":"osm:way/1043846515","canonicalCountryKey":"BY","capacityMw":0.0,"country":"BY","externalIds":{"osm":"way/1043846515"},"geographyId":"BY-45462678B41589714648574","id":"wattlas-plant-osm-way-1043846515","lifecycleCounts":{"operational":1},"locationPrecision":"exact","name":"Кацельня","operatingCapacityCoverage":{"coveragePercent":0.0,"knownUnitCount":0,"method":"unavailable","totalUnitCount":0},"operatingCapacityMw":0.0,"operatingCapacityMwByTechnology":{},"plannedCapacityCoverage":{"coveragePercent":0.0,"knownUnitCount":0,"method":"unavailable","totalUnitCount":0},"plannedCapacityMw":0.0,"plannedCapacityMwByTechnology":{},"recordCount":1,"recordIds":["wattlas-record-osm-way-1043846515"],"sourceIds":["openstreetmap-power"],"sourceUrl":"https://www.openstreetmap.org/way/1043846515","technologies":["gas"],"technologyMixMw":{"gas":0.0},"unitCount":0,"unitIds":[]},"type":"Feature"},{"geometry":{"coordinates":[27.485866,53.951947],"type":"Point"},"id":"wattlas-plant-osm-way-1056891464","properties":{"aliases":["ГЭС Дразды"],"canonicalAnchor":"osm:way/1056891464","canonicalCountryKey":"BY","capacityMw":3.0,"country":"BY","externalIds":{"osm":"way/1056891464"},"geographyId":"BY-45462678B52111461583443","id":"wattlas-plant-osm-way-1056891464","lifecycleCounts":{"operational":1},"locationPrecision":"exact","name":"ГЭС Дразды","operatingCapacityCoverage":{"coveragePercent":100.0,"knownUnitCount":0,"method":"plant_aggregate","provenance":{"evidenceCount":0,"recordIds":["wattlas-record-osm-way-1056891464"],"sourceIds":["openstreetmap-power"],"sourceTypes":["community_mapped"],"valueKind":"reported"},"totalUnitCount":0},"operatingCapacityMw":3.0,"operatingCapacityMwByTechnology":{"hydro":3.0},"plannedCapacityCoverage":{"coveragePercent":0.0,"knownUnitCount":0,"method":"unavailable","totalUnitCount":0},"plannedCapacityMw":0.0,"plannedCapacityMwByTechnology":{},"recordCount":1,"recordIds":["wattlas-record-osm-way-1056891464"],"sourceIds":["openstreetmap-power"],"sourceUrl":"https://www.openstreetmap.org/way/1056891464","technologies":["hydro"],"technologyMixMw":{"hydro":3.0},"unitCount":0,"unitIds":[]},"type":"Feature"},{"geometry":{"coordinates":[26.41806,54.466162],"type":"Point"},"id":"wattlas-plant-osm-way-1065099759","properties":{"aliases":["СЭС Смаргонь"],"canonicalAnchor":"osm:way/1065099759","canonicalCountryKey":"BY","capacityMw":18.63,"country":"BY","externalIds":{"osm":"way/1065099759"},"geographyId":"BY-45462678B41589714648574","id":"wattlas-plant-osm-way-1065099759","lifecycleCounts":{"operational":1},"locationPrecision":"exact","name":"СЭС Смаргонь","operatingCapacityCoverage":{"coveragePercent":100.0,"knownUnitCount":0,"method":"plant_aggregate","provenance":{"evidenceCount":0,"recordIds":["wattlas-record-osm-way-1065099759"],"sourceIds":["openstreetmap-power"],"sourceTypes":["community_mapped"],"valueKind":"reported"},"totalUnitCount":0},"operatingCapacityMw":18.63,"operatingCapacityMwByTechnology":{"solar":18.63},"plannedCapacityCoverage":{"coveragePercent":0.0,"knownUnitCount":0,"method":"unavailable","totalUnitCount":0},"plannedCapacityMw":0.0,"plannedCapacityMwByTechnology":{},"recordCount":1,"recordIds":["wattlas-record-osm-way-1065099759"],"sourceIds":["openstreetmap-power"],"sourceUrl":"https://www.openstreetmap.org/way/1065099759","technologies":["solar"],"technologyMixMw":{"solar":18.63},"unitCount":0,"unitIds":[]},"type":"Feature"},{"geometry":{"coordinates":[23.362413,52.378553],"type":"Point"},"id":"wattlas-plant-osm-way-1082822962","properties":{"aliases":["Сонечная электрастанцыя"],"canonicalAnchor":"osm:way/1082822962","canonicalCountryKey":"BY","capacityMw":0.0,"country":"BY","externalIds":{"osm":"way/1082822962"},"geographyId":"BY-45462678B29468378769629","id":"wattlas-plant-osm-way-1082822962","lifecycleCounts":{"operational":1},"locationPrecision":"exact","name":"Сонечная электрастанцыя","operatingCapacityCoverage":{"coveragePercent":0.0,"knownUnitCount":0,"method":"unavailable","totalUnitCount":0},"operatingCapacityMw":0.0,"operatingCapacityMwByTechnology":{},"plannedCapacityCoverage":{"coveragePercent":0.0,"knownUnitCount":0,"method":"unavailable","totalUnitCount":0},"plannedCapacityMw":0.0,"plannedCapacityMwByTechnology":{},"recordCount":1,"recordIds":["wattlas-record-osm-way-1082822962"],"sourceIds":["openstreetmap-power"],"sourceUrl":"https://www.openstreetmap.org/way/1082822962","technologies":["solar"],"technologyMixMw":{"solar":0.0},"unitCount":0,"unitIds":[]},"type":"Feature"},{"geometry":{"coordinates":[24.840799,53.146316],"type":"Point"},"id":"wattlas-plant-osm-way-1087421596","properties":{"aliases":["Зэльвенская ГЭС"],"canonicalAnchor":"osm:way/1087421596","canonicalCountryKey":"BY","capacityMw":0.0,"country":"BY","externalIds":{"osm":"way/1087421596"},"geographyId":"BY-45462678B41589714648574","id":"wattlas-plant-osm-way-1087421596","lifecycleCounts":{"operational":1},"locationPrecision":"exact","name":"Зэльвенская ГЭС","operatingCapacityCoverage":{"coveragePercent":0.0,"knownUnitCount":0,"method":"unavailable","totalUnitCount":0},"operatingCapacityMw":0.0,"operatingCapacityMwByTechnology":{},"plannedCapacityCoverage":{"coveragePercent":0.0,"knownUnitCount":0,"method":"unavailable","totalUnitCount":0},"plannedCapacityMw":0.0,"plannedCapacityMwByTechnology":{},"recordCount":1,"recordIds":["wattlas-record-osm-way-1087421596"],"sourceIds":["openstreetmap-power"],"sourceUrl":"https://www.openstreetmap.org/way/1087421596","technologies":["hydro"],"technologyMixMw":{"hydro":0.0},"unitCount":0,"unitIds":[]},"type":"Feature"},{"geometry":{"coordinates":[29.348121,52.119787],"type":"Point"},"id":"wattlas-plant-osm-way-1099495513","properties":{"aliases":["Mapped power plant · OSM 1099495513"],"canonicalAnchor":"osm:way/1099495513","canonicalCountryKey":"BY","capacityMw":0.0,"country":"BY","externalIds":{"osm":"way/1099495513"},"geographyId":"BY-45462678B94500211462696","id":"wattlas-plant-osm-way-1099495513","lifecycleCounts":{"operational":1},"locationPrecision":"exact","name":"Mapped power plant · OSM 1099495513","operatingCapacityCoverage":{"coveragePercent":0.0,"knownUnitCount":0,"method":"unavailable","totalUnitCount":0},"operatingCapacityMw":0.0,"operatingCapacityMwByTechnology":{},"plannedCapacityCoverage":{"coveragePercent":0.0,"knownUnitCount":0,"method":"unavailable","totalUnitCount":0},"plannedCapacityMw":0.0,"plannedCapacityMwByTechnology":{},"recordCount":1,"recordIds":["wattlas-record-osm-way-1099495513"],"sourceIds":["openstreetmap-power"],"sourceUrl":"https://www.openstreetmap.org/way/1099495513","technologies":["other"],"technologyMixMw":{"other":0.0},"unitCount":0,"unitIds":[]},"type":"Feature"},{"geometry":{"coordinates":[27.198789,53.893498],"type":"Point"},"id":"wattlas-plant-osm-way-1133845714","properties":{"aliases":["Кацельня"],"canonicalAnchor":"osm:way/1133845714","canonicalCountryKey":"BY","capacityMw":0.0,"country":"BY","externalIds":{"osm":"way/1133845714"},"geographyId":"BY-45462678B52111461583443","id":"wattlas-plant-osm-way-1133845714","lifecycleCounts":{"operational":1},"locationPrecision":"exact","name":"Кацельня","operatingCapacityCoverage":{"coveragePercent":0.0,"knownUnitCount":0,"method":"unavailable","totalUnitCount":0},"operatingCapacityMw":0.0,"operatingCapacityMwByTechnology":{},"plannedCapacityCoverage":{"coveragePercent":0.0,"knownUnitCount":0,"method":"unavailable","totalUnitCount":0},"plannedCapacityMw":0.0,"plannedCapacityMwByTechnology":{},"recordCount":1,"recordIds":["wattlas-record-osm-way-1133845714"],"sourceIds":["openstreetmap-power"],"sourceUrl":"https://www.openstreetmap.org/way/1133845714","technologies":["biomass"],"technologyMixMw":{"biomass":0.0},"unitCount":0,"unitIds":[]},"type":"Feature"},{"geometry":{"coordinates":[29.5802,54.675342],"type":"Point"},"id":"wattlas-plant-osm-way-1136942359","properties":{"aliases":["Гелиоэнергетическая установка \"Пламя\""],"canonicalAnchor":"osm:way/1136942359","canonicalCountryKey":"BY","capacityMw":1.0,"country":"BY","externalIds":{"osm":"way/1136942359"},"geographyId":"BY-45462678B24636394065255","id":"wattlas-plant-osm-way-1136942359","lifecycleCounts":{"operational":1},"locationPrecision":"exact","name":"Гелиоэнергетическая установка \"Пламя\"","operatingCapacityCoverage":{"coveragePercent":100.0,"knownUnitCount":0,"method":"plant_aggregate","provenance":{"evidenceCount":0,"recordIds":["wattlas-record-osm-way-1136942359"],"sourceIds":["openstreetmap-power"],"sourceTypes":["community_mapped"],"valueKind":"reported"},"totalUnitCount":0},"operatingCapacityMw":1.0,"operatingCapacityMwByTechnology":{"solar":1.0},"plannedCapacityCoverage":{"coveragePercent":0.0,"knownUnitCount":0,"method":"unavailable","totalUnitCount":0},"plannedCapacityMw":0.0,"plannedCapacityMwByTechnology":{},"recordCount":1,"recordIds":["wattlas-record-osm-way-1136942359"],"sourceIds":["openstreetmap-power"],"sourceUrl":"https://www.openstreetmap.org/way/1136942359","technologies":["solar"],"technologyMixMw":{"solar":1.0},"unitCount":0,"unitIds":[]},"type":"Feature"},{"geometry":{"coordinates":[24.143934,53.88115],"type":"Point"},"id":"wattlas-plant-osm-way-1184654615","properties":{"aliases":["Mapped power plant · OSM 1184654615"],"canonicalAnchor":"osm:way/1184654615","canonicalCountryKey":"BY","capacityMw":0.0,"country":"BY","externalIds":{"osm":"way/1184654615"},"geographyId":"BY-45462678B41589714648574","id":"wattlas-plant-osm-way-1184654615","lifecycleCounts":{"operational":1},"locationPrecision":"exact","name":"Mapped power plant · OSM 1184654615","operatingCapacityCoverage":{"coveragePercent":0.0,"knownUnitCount":0,"method":"unavailable","totalUnitCount":0},"operatingCapacityMw":0.0,"operatingCapacityMwByTechnology":{},"plannedCapacityCoverage":{"coveragePercent":0.0,"knownUnitCount":0,"method":"unavailable","totalUnitCount":0},"plannedCapacityMw":0.0,"plannedCapacityMwByTechnology":{},"recordCount":1,"recordIds":["wattlas-record-osm-way-1184654615"],"sourceIds":["openstreetmap-power"],"sourceUrl":"https://www.openstreetmap.org/way/1184654615","technologies":["other"],"technologyMixMw":{"other":0.0},"unitCount":0,"unitIds":[]},"type":"Feature"},{"geometry":{"coordinates":[26.552678,52.274987],"type":"Point"},"id":"wattlas-plant-osm-way-1221771427","properties":{"aliases":["Дубаўская кацельная станцыя"],"canonicalAnchor":"osm:way/1221771427","canonicalCountryKey":"BY","capacityMw":0.0,"country":"BY","externalIds":{"osm":"way/1221771427"},"geographyId":"BY-45462678B29468378769629","id":"wattlas-plant-osm-way-1221771427","lifecycleCounts":{"operational":1},"locationPrecision":"exact","name":"Дубаўская кацельная станцыя","operatingCapacityCoverage":{"coveragePercent":0.0,"knownUnitCount":0,"method":"unavailable","totalUnitCount":0},"operatingCapacityMw":0.0,"operatingCapacityMwByTechnology":{},"plannedCapacityCoverage":{"coveragePercent":0.0,"knownUnitCount":0,"method":"unavailable","totalUnitCount":0},"plannedCapacityMw":0.0,"plannedCapacityMwByTechnology":{},"recordCount":1,"recordIds":["wattlas-record-osm-way-1221771427"],"sourceIds":["openstreetmap-power"],"sourceUrl":"https://www.openstreetmap.org/way/1221771427","technologies":["gas"],"technologyMixMw":{"gas":0.0},"unitCount":0,"unitIds":[]},"type":"Feature"},{"geometry":{"coordinates":[26.228349,52.006518],"type":"Point"},"id":"wattlas-plant-osm-way-1228053756","properties":{"aliases":["Кацельня"],"canonicalAnchor":"osm:way/1228053756","canonicalCountryKey":"BY","capacityMw":0.0,"country":"BY","externalIds":{"osm":"way/1228053756"},"geographyId":"BY-45462678B29468378769629","id":"wattlas-plant-osm-way-1228053756","lifecycleCounts":{"operational":1},"locationPrecision":"exact","name":"Кацельня","operatingCapacityCoverage":{"coveragePercent":0.0,"knownUnitCount":0,"method":"unavailable","totalUnitCount":0},"operatingCapacityMw":0.0,"operatingCapacityMwByTechnology":{},"plannedCapacityCoverage":{"coveragePercent":0.0,"knownUnitCount":0,"method":"unavailable","totalUnitCount":0},"plannedCapacityMw":0.0,"plannedCapacityMwByTechnology":{},"recordCount":1,"recordIds":["wattlas-record-osm-way-1228053756"],"sourceIds":["openstreetmap-power"],"sourceUrl":"https://www.openstreetmap.org/way/1228053756","technologies":["gas"],"technologyMixMw":{"gas":0.0},"unitCount":0,"unitIds":[]},"type":"Feature"},{"geometry":{"coordinates":[31.45276,54.030043],"type":"Point"},"id":"wattlas-plant-osm-way-1271236816","properties":{"aliases":["Сонечная электрастанцыя"],"canonicalAnchor":"osm:way/1271236816","canonicalCountryKey":"BY","capacityMw":1.59,"country":"BY","externalIds":{"osm":"way/1271236816"},"geographyId":"BY-45462678B58682879627750","id":"wattlas-plant-osm-way-1271236816","lifecycleCounts":{"operational":1},"locationPrecision":"exact","name":"Сонечная электрастанцыя","operatingCapacityCoverage":{"coveragePercent":100.0,"knownUnitCount":0,"method":"plant_aggregate","provenance":{"evidenceCount":0,"recordIds":["wattlas-record-osm-way-1271236816"],"sourceIds":["openstreetmap-power"],"sourceTypes":["community_mapped"],"valueKind":"reported"},"totalUnitCount":0},"operatingCapacityMw":1.59,"operatingCapacityMwByTechnology":{"solar":1.59},"plannedCapacityCoverage":{"coveragePercent":0.0,"knownUnitCount":0,"method":"unavailable","totalUnitCount":0},"plannedCapacityMw":0.0,"plannedCapacityMwByTechnology":{},"recordCount":1,"recordIds":["wattlas-record-osm-way-1271236816"],"sourceIds":["openstreetmap-power"],"sourceUrl":"https://www.openstreetmap.org/way/1271236816","technologies":["solar"],"technologyMixMw":{"solar":1.59},"unitCount":0,"unitIds":[]},"type":"Feature"},{"geometry":{"coordinates":[31.004037,52.413414],"type":"Point"},"id":"wattlas-plant-osm-way-127729730","properties":{"aliases":["Гомельская ЦЭЦ-1"],"canonicalAnchor":"osm:way/127729730","canonicalCountryKey":"BY","capacityMw":37.0,"country":"BY","externalIds":{"osm":"way/127729730"},"geographyId":"BY-45462678B94500211462696","id":"wattlas-plant-osm-way-127729730","lifecycleCounts":{"operational":1},"locationPrecision":"exact","name":"Гомельская ЦЭЦ-1","operatingCapacityCoverage":{"coveragePercent":100.0,"knownUnitCount":0,"method":"plant_aggregate","provenance":{"evidenceCount":0,"recordIds":["wattlas-record-osm-way-127729730"],"sourceIds":["openstreetmap-power"],"sourceTypes":["community_mapped"],"valueKind":"reported"},"totalUnitCount":0},"operatingCapacityMw":37.0,"operatingCapacityMwByTechnology":{"gas":37.0},"plannedCapacityCoverage":{"coveragePercent":0.0,"knownUnitCount":0,"method":"unavailable","totalUnitCount":0},"plannedCapacityMw":0.0,"plannedCapacityMwByTechnology":{},"recordCount":1,"recordIds":["wattlas-record-osm-way-127729730"],"sourceIds":["openstreetmap-power"],"sourceUrl":"https://www.openstreetmap.org/way/127729730","technologies":["gas"],"technologyMixMw":{"gas":37.0},"unitCount":0,"unitIds":[]},"type":"Feature"},{"geometry":{"coordinates":[31.376665,53.555625],"type":"Point"},"id":"wattlas-plant-osm-way-1368518912","properties":{"aliases":["Чэрыкаўская Сонечная электрастанцыя"],"canonicalAnchor":"osm:way/1368518912","canonicalCountryKey":"BY","capacityMw":3.0,"country":"BY","externalIds":{"osm":"way/1368518912"},"geographyId":"BY-45462678B58682879627750","id":"wattlas-plant-osm-way-1368518912","lifecycleCounts":{"operational":1},"locationPrecision":"exact","name":"Чэрыкаўская Сонечная электрастанцыя","operatingCapacityCoverage":{"coveragePercent":100.0,"knownUnitCount":0,"method":"plant_aggregate","provenance":{"evidenceCount":0,"recordIds":["wattlas-record-osm-way-1368518912"],"sourceIds":["openstreetmap-power"],"sourceTypes":["community_mapped"],"valueKind":"reported"},"totalUnitCount":0},"operatingCapacityMw":3.0,"operatingCapacityMwByTechnology":{"solar":3.0},"plannedCapacityCoverage":{"coveragePercent":0.0,"knownUnitCount":0,"method":"unavailable","totalUnitCount":0},"plannedCapacityMw":0.0,"plannedCapacityMwByTechnology":{},"recordCount":1,"recordIds":["wattlas-record-osm-way-1368518912"],"sourceIds":["openstreetmap-power"],"sourceUrl":"https://www.openstreetmap.org/way/1368518912","technologies":["solar"],"technologyMixMw":{"solar":3.0},"unitCount":0,"unitIds":[]},"type":"Feature"},{"geometry":{"coordinates":[25.023215,53.545379],"type":"Point"},"id":"wattlas-plant-osm-way-1483666970","properties":{"aliases":["Шчучын II Сонечная электрастанцыя"],"canonicalAnchor":"osm:way/1483666970","canonicalCountryKey":"BY","capacityMw":1.0,"country":"BY","externalIds":{"osm":"way/1483666970"},"geographyId":"BY-45462678B41589714648574","id":"wattlas-plant-osm-way-1483666970","lifecycleCounts":{"operational":1},"locationPrecision":"exact","name":"Шчучын II Сонечная электрастанцыя","operatingCapacityCoverage":{"coveragePercent":100.0,"knownUnitCount":0,"method":"plant_aggregate","provenance":{"evidenceCount":0,"recordIds":["wattlas-record-osm-way-1483666970"],"sourceIds":["openstreetmap-power"],"sourceTypes":["community_mapped"],"valueKind":"reported"},"totalUnitCount":0},"operatingCapacityMw":1.0,"operatingCapacityMwByTechnology":{"solar":1.0},"plannedCapacityCoverage":{"coveragePercent":0.0,"knownUnitCount":0,"method":"unavailable","totalUnitCount":0},"plannedCapacityMw":0.0,"plannedCapacityMwByTechnology":{},"recordCount":1,"recordIds":["wattlas-record-osm-way-1483666970"],"sourceIds":["openstreetmap-power"],"sourceUrl":"https://www.openstreetmap.org/way/1483666970","technologies":["solar"],"technologyMixMw":{"solar":1.0},"unitCount":0,"unitIds":[]},"type":"Feature"},{"geometry":{"coordinates":[30.667578,54.569711],"type":"Point"},"id":"wattlas-plant-osm-way-155792601","properties":{"aliases":["Кацельня"],"canonicalAnchor":"osm:way/155792601","canonicalCountryKey":"BY","capacityMw":0.0,"country":"BY","externalIds":{"osm":"way/155792601"},"geographyId":"BY-45462678B24636394065255","id":"wattlas-plant-osm-way-155792601","lifecycleCounts":{"operational":1},"locationPrecision":"exact","name":"Кацельня","operatingCapacityCoverage":{"coveragePercent":0.0,"knownUnitCount":0,"method":"unavailable","totalUnitCount":0},"operatingCapacityMw":0.0,"operatingCapacityMwByTechnology":{},"plannedCapacityCoverage":{"coveragePercent":0.0,"knownUnitCount":0,"method":"unavailable","totalUnitCount":0},"plannedCapacityMw":0.0,"plannedCapacityMwByTechnology":{},"recordCount":1,"recordIds":["wattlas-record-osm-way-155792601"],"sourceIds":["openstreetmap-power"],"sourceUrl":"https://www.openstreetmap.org/way/155792601","technologies":["gas"],"technologyMixMw":{"gas":0.0},"unitCount":0,"unitIds":[]},"type":"Feature"},{"geometry":{"coordinates":[28.546079,55.527259],"type":"Point"},"id":"wattlas-plant-osm-way-163923180","properties":{"aliases":["Наваполацкая ЦЭЦ"],"canonicalAnchor":"osm:way/163923180","canonicalCountryKey":"BY","capacityMw":270.0,"country":"BY","externalIds":{"osm":"way/163923180"},"geographyId":"BY-45462678B24636394065255","id":"wattlas-plant-osm-way-163923180","lifecycleCounts":{"operational":1},"locationPrecision":"exact","name":"Наваполацкая ЦЭЦ","operatingCapacityCoverage":{"coveragePercent":100.0,"knownUnitCount":0,"method":"plant_aggregate","provenance":{"evidenceCount":0,"recordIds":["wattlas-record-osm-way-163923180"],"sourceIds":["openstreetmap-power"],"sourceTypes":["community_mapped"],"valueKind":"reported"},"totalUnitCount":0},"operatingCapacityMw":270.0,"operatingCapacityMwByTechnology":{"gas":270.0},"plannedCapacityCoverage":{"coveragePercent":0.0,"knownUnitCount":0,"method":"unavailable","totalUnitCount":0},"plannedCapacityMw":0.0,"plannedCapacityMwByTechnology":{},"recordCount":1,"recordIds":["wattlas-record-osm-way-163923180"],"sourceIds":["openstreetmap-power"],"sourceUrl":"https://www.openstreetmap.org/way/163923180","technologies":["gas"],"technologyMixMw":{"gas":270.0},"unitCount":0,"unitIds":[]},"type":"Feature"},{"geometry":{"coordinates":[28.705164,54.883375],"type":"Point"},"id":"wattlas-plant-osm-way-165372849","properties":{"aliases":["Цэнтральная кацельня"],"canonicalAnchor":"osm:way/165372849","canonicalCountryKey":"BY","capacityMw":0.0,"country":"BY","externalIds":{"osm":"way/165372849"},"geographyId":"BY-45462678B24636394065255","id":"wattlas-plant-osm-way-165372849","lifecycleCounts":{"operational":1},"locationPrecision":"exact","name":"Цэнтральная кацельня","operatingCapacityCoverage":{"coveragePercent":0.0,"knownUnitCount":0,"method":"unavailable","totalUnitCount":0},"operatingCapacityMw":0.0,"operatingCapacityMwByTechnology":{},"plannedCapacityCoverage":{"coveragePercent":0.0,"knownUnitCount":0,"method":"unavailable","totalUnitCount":0},"plannedCapacityMw":0.0,"plannedCapacityMwByTechnology":{},"recordCount":1,"recordIds":["wattlas-record-osm-way-165372849"],"sourceIds":["openstreetmap-power"],"sourceUrl":"https://www.openstreetmap.org/way/165372849","technologies":["other"],"technologyMixMw":{"other":0.0},"unitCount":0,"unitIds":[]},"type":"Feature"},{"geometry":{"coordinates":[30.405416,52.367694],"type":"Point"},"id":"wattlas-plant-osm-way-175292258","properties":{"aliases":["Кацельня"],"canonicalAnchor":"osm:way/175292258","canonicalCountryKey":"BY","capacityMw":0.0,"country":"BY","externalIds":{"osm":"way/175292258"},"geographyId":"BY-45462678B94500211462696","id":"wattlas-plant-osm-way-175292258","lifecycleCounts":{"operational":1},"locationPrecision":"exact","name":"Кацельня","operatingCapacityCoverage":{"coveragePercent":0.0,"knownUnitCount":0,"method":"unavailable","totalUnitCount":0},"operatingCapacityMw":0.0,"operatingCapacityMwByTechnology":{},"plannedCapacityCoverage":{"coveragePercent":0.0,"knownUnitCount":0,"method":"unavailable","totalUnitCount":0},"plannedCapacityMw":0.0,"plannedCapacityMwByTechnology":{},"recordCount":1,"recordIds":["wattlas-record-osm-way-175292258"],"sourceIds":["openstreetmap-power"],"sourceUrl":"https://www.openstreetmap.org/way/175292258","technologies":["gas"],"technologyMixMw":{"gas":0.0},"unitCount":0,"unitIds":[]},"type":"Feature"},{"geometry":{"coordinates":[30.13656,55.168561],"type":"Point"},"id":"wattlas-plant-osm-way-226945063","properties":{"aliases":["Віцебская ЦЭЦ"],"canonicalAnchor":"osm:way/226945063","canonicalCountryKey":"BY","capacityMw":80.0,"country":"BY","externalIds":{"osm":"way/226945063"},"geographyId":"BY-45462678B24636394065255","id":"wattlas-plant-osm-way-226945063","lifecycleCounts":{"operational":1},"locationPrecision":"exact","name":"Віцебская ЦЭЦ","operatingCapacityCoverage":{"coveragePercent":100.0,"knownUnitCount":0,"method":"plant_aggregate","provenance":{"evidenceCount":0,"recordIds":["wattlas-record-osm-way-226945063"],"sourceIds":["openstreetmap-power"],"sourceTypes":["community_mapped"],"valueKind":"reported"},"totalUnitCount":0},"operatingCapacityMw":80.0,"operatingCapacityMwByTechnology":{"gas":80.0},"plannedCapacityCoverage":{"coveragePercent":0.0,"knownUnitCount":0,"method":"unavailable","totalUnitCount":0},"plannedCapacityMw":0.0,"plannedCapacityMwByTechnology":{},"recordCount":1,"recordIds":["wattlas-record-osm-way-226945063"],"sourceIds":["openstreetmap-power"],"sourceUrl":"https://www.openstreetmap.org/way/226945063","technologies":["gas"],"technologyMixMw":{"gas":80.0},"unitCount":0,"unitIds":[]},"type":"Feature"},{"geometry":{"coordinates":[28.350481,54.093272],"type":"Point"},"id":"wattlas-plant-osm-way-236578505","properties":{"aliases":["Жодзінская ЦЭЦ"],"canonicalAnchor":"osm:way/236578505","canonicalCountryKey":"BY","capacityMw":54.0,"country":"BY","externalIds":{"osm":"way/236578505"},"geographyId":"BY-45462678B52111461583443","id":"wattlas-plant-osm-way-236578505","lifecycleCounts":{"operational":1},"locationPrecision":"exact","name":"Жодзінская ЦЭЦ","operatingCapacityCoverage":{"coveragePercent":100.0,"knownUnitCount":0,"method":"plant_aggregate","provenance":{"evidenceCount":0,"recordIds":["wattlas-record-osm-way-236578505"],"sourceIds":["openstreetmap-power"],"sourceTypes":["community_mapped"],"valueKind":"reported"},"totalUnitCount":0},"operatingCapacityMw":54.0,"operatingCapacityMwByTechnology":{"gas":54.0},"plannedCapacityCoverage":{"coveragePercent":0.0,"knownUnitCount":0,"method":"unavailable","totalUnitCount":0},"plannedCapacityMw":0.0,"plannedCapacityMwByTechnology":{},"recordCount":1,"recordIds":["wattlas-record-osm-way-236578505"],"sourceIds":["openstreetmap-power"],"sourceUrl":"https://www.openstreetmap.org/way/236578505","technologies":["gas"],"technologyMixMw":{"gas":54.0},"unitCount":0,"unitIds":[]},"type":"Feature"},{"geometry":{"coordinates":[29.199788,52.07527],"type":"Point"},"id":"wattlas-plant-osm-way-246524901","properties":{"aliases":["Котельная № 6"],"canonicalAnchor":"osm:way/246524901","canonicalCountryKey":"BY","capacityMw":0.0,"country":"BY","externalIds":{"osm":"way/246524901"},"geographyId":"BY-45462678B94500211462696","id":"wattlas-plant-osm-way-246524901","lifecycleCounts":{"operational":1},"locationPrecision":"exact","name":"Котельная № 6","operatingCapacityCoverage":{"coveragePercent":0.0,"knownUnitCount":0,"method":"unavailable","totalUnitCount":0},"operatingCapacityMw":0.0,"operatingCapacityMwByTechnology":{},"plannedCapacityCoverage":{"coveragePercent":0.0,"knownUnitCount":0,"method":"unavailable","totalUnitCount":0},"plannedCapacityMw":0.0,"plannedCapacityMwByTechnology":{},"recordCount":1,"recordIds":["wattlas-record-osm-way-246524901"],"sourceIds":["openstreetmap-power"],"sourceUrl":"https://www.openstreetmap.org/way/246524901","technologies":["other"],"technologyMixMw":{"other":0.0},"unitCount":0,"unitIds":[]},"type":"Feature"},{"geometry":{"coordinates":[25.19357,52.454344],"type":"Point"},"id":"wattlas-plant-osm-way-25141415","properties":{"aliases":["Бярозаўская ДРЭС"],"canonicalAnchor":"osm:way/25141415","canonicalCountryKey":"BY","capacityMw":1095.0,"country":"BY","externalIds":{"osm":"way/25141415"},"geographyId":"BY-45462678B29468378769629","id":"wattlas-plant-osm-way-25141415","lifecycleCounts":{"operational":1},"locationPrecision":"exact","name":"Бярозаўская ДРЭС","operatingCapacityCoverage":{"coveragePercent":100.0,"knownUnitCount":0,"method":"plant_aggregate","provenance":{"evidenceCount":0,"recordIds":["wattlas-record-osm-way-25141415"],"sourceIds":["openstreetmap-power"],"sourceTypes":["community_mapped"],"valueKind":"reported"},"totalUnitCount":0},"operatingCapacityMw":1095.0,"operatingCapacityMwByTechnology":{"gas":1095.0},"plannedCapacityCoverage":{"coveragePercent":0.0,"knownUnitCount":0,"method":"unavailable","totalUnitCount":0},"plannedCapacityMw":0.0,"plannedCapacityMwByTechnology":{},"recordCount":1,"recordIds":["wattlas-record-osm-way-25141415"],"sourceIds":["openstreetmap-power"],"sourceUrl":"https://www.openstreetmap.org/way/25141415","technologies":["gas"],"technologyMixMw":{"gas":1095.0},"unitCount":0,"unitIds":[]},"type":"Feature"},{"geometry":{"coordinates":[27.514967,53.925144],"type":"Point"},"id":"wattlas-plant-osm-way-25390794","properties":{"aliases":["МініЦЭЦ"],"canonicalAnchor":"osm:way/25390794","canonicalCountryKey":"BY","capacityMw":0.0,"country":"BY","externalIds":{"osm":"way/25390794"},"geographyId":"BY-45462678B57724394311820","id":"wattlas-plant-osm-way-25390794","lifecycleCounts":{"operational":1},"locationPrecision":"exact","name":"МініЦЭЦ","operatingCapacityCoverage":{"coveragePercent":0.0,"knownUnitCount":0,"method":"unavailable","totalUnitCount":0},"operatingCapacityMw":0.0,"operatingCapacityMwByTechnology":{},"plannedCapacityCoverage":{"coveragePercent":0.0,"knownUnitCount":0,"method":"unavailable","totalUnitCount":0},"plannedCapacityMw":0.0,"plannedCapacityMwByTechnology":{},"recordCount":1,"recordIds":["wattlas-record-osm-way-25390794"],"sourceIds":["openstreetmap-power"],"sourceUrl":"https://www.openstreetmap.org/way/25390794","technologies":["gas"],"technologyMixMw":{"gas":0.0},"unitCount":0,"unitIds":[]},"type":"Feature"},{"geometry":{"coordinates":[27.458416,53.894997],"type":"Point"},"id":"wattlas-plant-osm-way-25393992","properties":{"aliases":["Mapped power plant · OSM 25393992"],"canonicalAnchor":"osm:way/25393992","canonicalCountryKey":"BY","capacityMw":0.0,"country":"BY","externalIds":{"osm":"way/25393992"},"geographyId":"BY-45462678B57724394311820","id":"wattlas-plant-osm-way-25393992","lifecycleCounts":{"operational":1},"locationPrecision":"exact","name":"Mapped power plant · OSM 25393992","operatingCapacityCoverage":{"coveragePercent":0.0,"knownUnitCount":0,"method":"unavailable","totalUnitCount":0},"operatingCapacityMw":0.0,"operatingCapacityMwByTechnology":{},"plannedCapacityCoverage":{"coveragePercent":0.0,"knownUnitCount":0,"method":"unavailable","totalUnitCount":0},"plannedCapacityMw":0.0,"plannedCapacityMwByTechnology":{},"recordCount":1,"recordIds":["wattlas-record-osm-way-25393992"],"sourceIds":["openstreetmap-power"],"sourceUrl":"https://www.openstreetmap.org/way/25393992","technologies":["other"],"technologyMixMw":{"other":0.0},"unitCount":0,"unitIds":[]},"type":"Feature"},{"geometry":{"coordinates":[30.370404,52.342216],"type":"Point"},"id":"wattlas-plant-osm-way-264289085","properties":{"aliases":["Фотаэлектрычная станцыя на Галаўных збудаваннях РУП «Вытворчае абʼяднанне «Беларуснафта»"],"canonicalAnchor":"osm:way/264289085","canonicalCountryKey":"BY","capacityMw":59.0,"country":"BY","externalIds":{"osm":"way/264289085"},"geographyId":"BY-45462678B94500211462696","id":"wattlas-plant-osm-way-264289085","lifecycleCounts":{"operational":1},"locationPrecision":"exact","name":"Фотаэлектрычная станцыя на Галаўных збудаваннях РУП «Вытворчае абʼяднанне «Беларуснафта»","operatingCapacityCoverage":{"coveragePercent":100.0,"knownUnitCount":0,"method":"plant_aggregate","provenance":{"evidenceCount":0,"recordIds":["wattlas-record-osm-way-264289085"],"sourceIds":["openstreetmap-power"],"sourceTypes":["community_mapped"],"valueKind":"reported"},"totalUnitCount":0},"operatingCapacityMw":59.0,"operatingCapacityMwByTechnology":{"solar":59.0},"plannedCapacityCoverage":{"coveragePercent":0.0,"knownUnitCount":0,"method":"unavailable","totalUnitCount":0},"plannedCapacityMw":0.0,"plannedCapacityMwByTechnology":{},"recordCount":1,"recordIds":["wattlas-record-osm-way-264289085"],"sourceIds":["openstreetmap-power"],"sourceUrl":"https://www.openstreetmap.org/way/264289085","technologies":["solar"],"technologyMixMw":{"solar":59.0},"unitCount":0,"unitIds":[]},"type":"Feature"},{"geometry":{"coordinates":[30.20611,51.798366],"type":"Point"},"id":"wattlas-plant-osm-way-274487104","properties":{"aliases":["Сонечная электрастанцыя «Солар II»"],"canonicalAnchor":"osm:way/274487104","canonicalCountryKey":"BY","capacityMw":18.0,"country":"BY","externalIds":{"osm":"way/274487104"},"geographyId":"BY-45462678B94500211462696","id":"wattlas-plant-osm-way-274487104","lifecycleCounts":{"operational":1},"locationPrecision":"exact","name":"Сонечная электрастанцыя «Солар II»","operatingCapacityCoverage":{"coveragePercent":100.0,"knownUnitCount":0,"method":"plant_aggregate","provenance":{"evidenceCount":0,"recordIds":["wattlas-record-osm-way-274487104"],"sourceIds":["openstreetmap-power"],"sourceTypes":["community_mapped"],"valueKind":"reported"},"totalUnitCount":0},"operatingCapacityMw":18.0,"operatingCapacityMwByTechnology":{"solar":18.0},"plannedCapacityCoverage":{"coveragePercent":0.0,"knownUnitCount":0,"method":"unavailable","totalUnitCount":0},"plannedCapacityMw":0.0,"plannedCapacityMwByTechnology":{},"recordCount":1,"recordIds":["wattlas-record-osm-way-274487104"],"sourceIds":["openstreetmap-power"],"sourceUrl":"https://www.openstreetmap.org/way/274487104","technologies":["solar"],"technologyMixMw":{"solar":18.0},"unitCount":0,"unitIds":[]},"type":"Feature"},{"geometry":{"coordinates":[23.827827,53.720531],"type":"Point"},"id":"wattlas-plant-osm-way-277984022","properties":{"aliases":["Кацельня «Дзевятоўка»"],"canonicalAnchor":"osm:way/277984022","canonicalCountryKey":"BY","capacityMw":0.0,"country":"BY","externalIds":{"osm":"way/277984022"},"geographyId":"BY-45462678B41589714648574","id":"wattlas-plant-osm-way-277984022","lifecycleCounts":{"operational":1},"locationPrecision":"exact","name":"Кацельня «Дзевятоўка»","operatingCapacityCoverage":{"coveragePercent":0.0,"knownUnitCount":0,"method":"unavailable","totalUnitCount":0},"operatingCapacityMw":0.0,"operatingCapacityMwByTechnology":{},"plannedCapacityCoverage":{"coveragePercent":0.0,"knownUnitCount":0,"method":"unavailable","totalUnitCount":0},"plannedCapacityMw":0.0,"plannedCapacityMwByTechnology":{},"recordCount":1,"recordIds":["wattlas-record-osm-way-277984022"],"sourceIds":["openstreetmap-power"],"sourceUrl":"https://www.openstreetmap.org/way/277984022","technologies":["gas"],"technologyMixMw":{"gas":0.0},"unitCount":0,"unitIds":[]},"type":"Feature"},{"geometry":{"coordinates":[30.490373,54.692042],"type":"Point"},"id":"wattlas-plant-osm-way-280452428","properties":{"aliases":["Беларуская ДРЭС"],"canonicalAnchor":"osm:way/280452428","canonicalCountryKey":"BY","capacityMw":7.5,"country":"BY","externalIds":{"osm":"way/280452428"},"geographyId":"BY-45462678B24636394065255","id":"wattlas-plant-osm-way-280452428","lifecycleCounts":{"operational":1},"locationPrecision":"exact","name":"Беларуская ДРЭС","operatingCapacityCoverage":{"coveragePercent":100.0,"knownUnitCount":0,"method":"plant_aggregate","provenance":{"evidenceCount":0,"recordIds":["wattlas-record-osm-way-280452428"],"sourceIds":["openstreetmap-power"],"sourceTypes":["community_mapped"],"valueKind":"reported"},"totalUnitCount":0},"operatingCapacityMw":7.5,"operatingCapacityMwByTechnology":{"gas":7.5},"plannedCapacityCoverage":{"coveragePercent":0.0,"knownUnitCount":0,"method":"unavailable","totalUnitCount":0},"plannedCapacityMw":0.0,"plannedCapacityMwByTechnology":{},"recordCount":1,"recordIds":["wattlas-record-osm-way-280452428"],"sourceIds":["openstreetmap-power"],"sourceUrl":"https://www.openstreetmap.org/way/280452428","technologies":["gas"],"technologyMixMw":{"gas":7.5},"unitCount":0,"unitIds":[]},"type":"Feature"},{"geometry":{"coordinates":[29.880587,52.65224],"type":"Point"},"id":"wattlas-plant-osm-way-287488196","properties":{"aliases":["ГЗУ Бярэзінская-1"],"canonicalAnchor":"osm:way/287488196","canonicalCountryKey":"BY","capacityMw":0.0,"country":"BY","externalIds":{"osm":"way/287488196"},"geographyId":"BY-45462678B94500211462696","id":"wattlas-plant-osm-way-287488196","lifecycleCounts":{"operational":1},"locationPrecision":"exact","name":"ГЗУ Бярэзінская-1","operatingCapacityCoverage":{"coveragePercent":0.0,"knownUnitCount":0,"method":"unavailable","totalUnitCount":0},"operatingCapacityMw":0.0,"operatingCapacityMwByTechnology":{},"plannedCapacityCoverage":{"coveragePercent":0.0,"knownUnitCount":0,"method":"unavailable","totalUnitCount":0},"plannedCapacityMw":0.0,"plannedCapacityMwByTechnology":{},"recordCount":1,"recordIds":["wattlas-record-osm-way-287488196"],"sourceIds":["openstreetmap-power"],"sourceUrl":"https://www.openstreetmap.org/way/287488196","technologies":["oil"],"technologyMixMw":{"oil":0.0},"unitCount":0,"unitIds":[]},"type":"Feature"},{"geometry":{"coordinates":[28.797086,54.959995],"type":"Point"},"id":"wattlas-plant-osm-way-287499535","properties":{"aliases":["Цэнтральная кацельня"],"canonicalAnchor":"osm:way/287499535","canonicalCountryKey":"BY","capacityMw":0.0,"country":"BY","externalIds":{"osm":"way/287499535"},"geographyId":"BY-45462678B24636394065255","id":"wattlas-plant-osm-way-287499535","lifecycleCounts":{"operational":1},"locationPrecision":"exact","name":"Цэнтральная кацельня","operatingCapacityCoverage":{"coveragePercent":0.0,"knownUnitCount":0,"method":"unavailable","totalUnitCount":0},"operatingCapacityMw":0.0,"operatingCapacityMwByTechnology":{},"plannedCapacityCoverage":{"coveragePercent":0.0,"knownUnitCount":0,"method":"unavailable","totalUnitCount":0},"plannedCapacityMw":0.0,"plannedCapacityMwByTechnology":{},"recordCount":1,"recordIds":["wattlas-record-osm-way-287499535"],"sourceIds":["openstreetmap-power"],"sourceUrl":"https://www.openstreetmap.org/way/287499535","technologies":["other"],"technologyMixMw":{"other":0.0},"unitCount":0,"unitIds":[]},"type":"Feature"},{"geometry":{"coordinates":[30.296317,53.887111],"type":"Point"},"id":"wattlas-plant-osm-way-287905553","properties":{"aliases":["ЦЭЦ-1"],"canonicalAnchor":"osm:way/287905553","canonicalCountryKey":"BY","capacityMw":21.0,"country":"BY","externalIds":{"osm":"way/287905553"},"geographyId":"BY-45462678B58682879627750","id":"wattlas-plant-osm-way-287905553","lifecycleCounts":{"operational":1},"locationPrecision":"exact","name":"ЦЭЦ-1","operatingCapacityCoverage":{"coveragePercent":100.0,"knownUnitCount":0,"method":"plant_aggregate","provenance":{"evidenceCount":0,"recordIds":["wattlas-record-osm-way-287905553"],"sourceIds":["openstreetmap-power"],"sourceTypes":["community_mapped"],"valueKind":"reported"},"totalUnitCount":0},"operatingCapacityMw":21.0,"operatingCapacityMwByTechnology":{"gas":21.0},"plannedCapacityCoverage":{"coveragePercent":0.0,"knownUnitCount":0,"method":"unavailable","totalUnitCount":0},"plannedCapacityMw":0.0,"plannedCapacityMwByTechnology":{},"recordCount":1,"recordIds":["wattlas-record-osm-way-287905553"],"sourceIds":["openstreetmap-power"],"sourceUrl":"https://www.openstreetmap.org/way/287905553","technologies":["gas"],"technologyMixMw":{"gas":21.0},"unitCount":0,"unitIds":[]},"type":"Feature"},{"geometry":{"coordinates":[30.3438,53.812972],"type":"Point"},"id":"wattlas-plant-osm-way-289044108","properties":{"aliases":["Магілёўская ЦЭЦ-2"],"canonicalAnchor":"osm:way/289044108","canonicalCountryKey":"BY","capacityMw":347.0,"country":"BY","externalIds":{"osm":"way/289044108"},"geographyId":"BY-45462678B58682879627750","id":"wattlas-plant-osm-way-289044108","lifecycleCounts":{"operational":1},"locationPrecision":"exact","name":"Магілёўская ЦЭЦ-2","operatingCapacityCoverage":{"coveragePercent":100.0,"knownUnitCount":0,"method":"plant_aggregate","provenance":{"evidenceCount":0,"recordIds":["wattlas-record-osm-way-289044108"],"sourceIds":["openstreetmap-power"],"sourceTypes":["community_mapped"],"valueKind":"reported"},"totalUnitCount":0},"operatingCapacityMw":347.0,"operatingCapacityMwByTechnology":{"gas":347.0},"plannedCapacityCoverage":{"coveragePercent":0.0,"knownUnitCount":0,"method":"unavailable","totalUnitCount":0},"plannedCapacityMw":0.0,"plannedCapacityMwByTechnology":{},"recordCount":1,"recordIds":["wattlas-record-osm-way-289044108"],"sourceIds":["openstreetmap-power"],"sourceUrl":"https://www.openstreetmap.org/way/289044108","technologies":["gas"],"technologyMixMw":{"gas":347.0},"unitCount":0,"unitIds":[]},"type":"Feature"},{"geometry":{"coordinates":[30.196608,53.77949],"type":"Point"},"id":"wattlas-plant-osm-way-302028371","properties":{"aliases":["Mapped power plant · OSM 302028371"],"canonicalAnchor":"osm:way/302028371","canonicalCountryKey":"BY","capacityMw":0.0,"country":"BY","externalIds":{"osm":"way/302028371"},"geographyId":"BY-45462678B58682879627750","id":"wattlas-plant-osm-way-302028371","lifecycleCounts":{"operational":1},"locationPrecision":"exact","name":"Mapped power plant · OSM 302028371","operatingCapacityCoverage":{"coveragePercent":0.0,"knownUnitCount":0,"method":"unavailable","totalUnitCount":0},"operatingCapacityMw":0.0,"operatingCapacityMwByTechnology":{},"plannedCapacityCoverage":{"coveragePercent":0.0,"knownUnitCount":0,"method":"unavailable","totalUnitCount":0},"plannedCapacityMw":0.0,"plannedCapacityMwByTechnology":{},"recordCount":1,"recordIds":["wattlas-record-osm-way-302028371"],"sourceIds":["openstreetmap-power"],"sourceUrl":"https://www.openstreetmap.org/way/302028371","technologies":["gas"],"technologyMixMw":{"gas":0.0},"unitCount":0,"unitIds":[]},"type":"Feature"},{"geometry":{"coordinates":[26.072739,52.106991],"type":"Point"},"id":"wattlas-plant-osm-way-316348206","properties":{"aliases":["Пінская ЦЭЦ"],"canonicalAnchor":"osm:way/316348206","canonicalCountryKey":"BY","capacityMw":0.0,"country":"BY","externalIds":{"osm":"way/316348206"},"geographyId":"BY-45462678B29468378769629","id":"wattlas-plant-osm-way-316348206","lifecycleCounts":{"operational":1},"locationPrecision":"exact","name":"Пінская ЦЭЦ","operatingCapacityCoverage":{"coveragePercent":0.0,"knownUnitCount":0,"method":"unavailable","totalUnitCount":0},"operatingCapacityMw":0.0,"operatingCapacityMwByTechnology":{},"plannedCapacityCoverage":{"coveragePercent":0.0,"knownUnitCount":0,"method":"unavailable","totalUnitCount":0},"plannedCapacityMw":0.0,"plannedCapacityMwByTechnology":{},"recordCount":1,"recordIds":["wattlas-record-osm-way-316348206"],"sourceIds":["openstreetmap-power"],"sourceUrl":"https://www.openstreetmap.org/way/316348206","technologies":["other"],"technologyMixMw":{"other":0.0},"unitCount":0,"unitIds":[]},"type":"Feature"},{"geometry":{"coordinates":[23.679679,52.084653],"type":"Point"},"id":"wattlas-plant-osm-way-321094304","properties":{"aliases":["Брэсцкая ЦЭЦ"],"canonicalAnchor":"osm:way/321094304","canonicalCountryKey":"BY","capacityMw":18.0,"country":"BY","externalIds":{"osm":"way/321094304"},"geographyId":"BY-45462678B29468378769629","id":"wattlas-plant-osm-way-321094304","lifecycleCounts":{"operational":1},"locationPrecision":"exact","name":"Брэсцкая ЦЭЦ","operatingCapacityCoverage":{"coveragePercent":100.0,"knownUnitCount":0,"method":"plant_aggregate","provenance":{"evidenceCount":0,"recordIds":["wattlas-record-osm-way-321094304"],"sourceIds":["openstreetmap-power"],"sourceTypes":["community_mapped"],"valueKind":"reported"},"totalUnitCount":0},"operatingCapacityMw":18.0,"operatingCapacityMwByTechnology":{"gas":18.0},"plannedCapacityCoverage":{"coveragePercent":0.0,"knownUnitCount":0,"method":"unavailable","totalUnitCount":0},"plannedCapacityMw":0.0,"plannedCapacityMwByTechnology":{},"recordCount":1,"recordIds":["wattlas-record-osm-way-321094304"],"sourceIds":["openstreetmap-power"],"sourceUrl":"https://www.openstreetmap.org/way/321094304","technologies":["gas"],"technologyMixMw":{"gas":18.0},"unitCount":0,"unitIds":[]},"type":"Feature"},{"geometry":{"coordinates":[25.385489,53.603606],"type":"Point"},"id":"wattlas-plant-osm-way-322078726","properties":{"aliases":["Кацельня «Гезгалы»"],"canonicalAnchor":"osm:way/322078726","canonicalCountryKey":"BY","capacityMw":0.0,"country":"BY","externalIds":{"osm":"way/322078726"},"geographyId":"BY-45462678B41589714648574","id":"wattlas-plant-osm-way-322078726","lifecycleCounts":{"operational":1},"locationPrecision":"exact","name":"Кацельня «Гезгалы»","operatingCapacityCoverage":{"coveragePercent":0.0,"knownUnitCount":0,"method":"unavailable","totalUnitCount":0},"operatingCapacityMw":0.0,"operatingCapacityMwByTechnology":{},"plannedCapacityCoverage":{"coveragePercent":0.0,"knownUnitCount":0,"method":"unavailable","totalUnitCount":0},"plannedCapacityMw":0.0,"plannedCapacityMwByTechnology":{},"recordCount":1,"recordIds":["wattlas-record-osm-way-322078726"],"sourceIds":["openstreetmap-power"],"sourceUrl":"https://www.openstreetmap.org/way/322078726","technologies":["gas"],"technologyMixMw":{"gas":0.0},"unitCount":0,"unitIds":[]},"type":"Feature"},{"geometry":{"coordinates":[30.267932,53.857185],"type":"Point"},"id":"wattlas-plant-osm-way-324960536","properties":{"aliases":["кацельня"],"canonicalAnchor":"osm:way/324960536","canonicalCountryKey":"BY","capacityMw":0.0,"country":"BY","externalIds":{"osm":"way/324960536"},"geographyId":"BY-45462678B58682879627750","id":"wattlas-plant-osm-way-324960536","lifecycleCounts":{"operational":1},"locationPrecision":"exact","name":"кацельня","operatingCapacityCoverage":{"coveragePercent":0.0,"knownUnitCount":0,"method":"unavailable","totalUnitCount":0},"operatingCapacityMw":0.0,"operatingCapacityMwByTechnology":{},"plannedCapacityCoverage":{"coveragePercent":0.0,"knownUnitCount":0,"method":"unavailable","totalUnitCount":0},"plannedCapacityMw":0.0,"plannedCapacityMwByTechnology":{},"recordCount":1,"recordIds":["wattlas-record-osm-way-324960536"],"sourceIds":["openstreetmap-power"],"sourceUrl":"https://www.openstreetmap.org/way/324960536","technologies":["gas"],"technologyMixMw":{"gas":0.0},"unitCount":0,"unitIds":[]},"type":"Feature"},{"geometry":{"coordinates":[30.064086,55.358872],"type":"Point"},"id":"wattlas-plant-osm-way-396088140","properties":{"aliases":["Кацельня"],"canonicalAnchor":"osm:way/396088140","canonicalCountryKey":"BY","capacityMw":0.0,"country":"BY","externalIds":{"osm":"way/396088140"},"geographyId":"BY-45462678B24636394065255","id":"wattlas-plant-osm-way-396088140","lifecycleCounts":{"operational":1},"locationPrecision":"exact","name":"Кацельня","operatingCapacityCoverage":{"coveragePercent":0.0,"knownUnitCount":0,"method":"unavailable","totalUnitCount":0},"operatingCapacityMw":0.0,"operatingCapacityMwByTechnology":{},"plannedCapacityCoverage":{"coveragePercent":0.0,"knownUnitCount":0,"method":"unavailable","totalUnitCount":0},"plannedCapacityMw":0.0,"plannedCapacityMwByTechnology":{},"recordCount":1,"recordIds":["wattlas-record-osm-way-396088140"],"sourceIds":["openstreetmap-power"],"sourceUrl":"https://www.openstreetmap.org/way/396088140","technologies":["other"],"technologyMixMw":{"other":0.0},"unitCount":0,"unitIds":[]},"type":"Feature"},{"geometry":{"coordinates":[24.999628,52.473365],"type":"Point"},"id":"wattlas-plant-osm-way-397440194","properties":{"aliases":["Кацельня №23"],"canonicalAnchor":"osm:way/397440194","canonicalCountryKey":"BY","capacityMw":0.0,"country":"BY","externalIds":{"osm":"way/397440194"},"geographyId":"BY-45462678B29468378769629","id":"wattlas-plant-osm-way-397440194","lifecycleCounts":{"operational":1},"locationPrecision":"exact","name":"Кацельня №23","operatingCapacityCoverage":{"coveragePercent":0.0,"knownUnitCount":0,"method":"unavailable","totalUnitCount":0},"operatingCapacityMw":0.0,"operatingCapacityMwByTechnology":{},"plannedCapacityCoverage":{"coveragePercent":0.0,"knownUnitCount":0,"method":"unavailable","totalUnitCount":0},"plannedCapacityMw":0.0,"plannedCapacityMwByTechnology":{},"recordCount":1,"recordIds":["wattlas-record-osm-way-397440194"],"sourceIds":["openstreetmap-power"],"sourceUrl":"https://www.openstreetmap.org/way/397440194","technologies":["gas"],"technologyMixMw":{"gas":0.0},"unitCount":0,"unitIds":[]},"type":"Feature"},{"geometry":{"coordinates":[24.842902,52.898695],"type":"Point"},"id":"wattlas-plant-osm-way-410887155","properties":{"aliases":["Кацельня"],"canonicalAnchor":"osm:way/410887155","canonicalCountryKey":"BY","capacityMw":0.0,"country":"BY","externalIds":{"osm":"way/410887155"},"geographyId":"BY-45462678B29468378769629","id":"wattlas-plant-osm-way-410887155","lifecycleCounts":{"operational":1},"locationPrecision":"exact","name":"Кацельня","operatingCapacityCoverage":{"coveragePercent":0.0,"knownUnitCount":0,"method":"unavailable","totalUnitCount":0},"operatingCapacityMw":0.0,"operatingCapacityMwByTechnology":{},"plannedCapacityCoverage":{"coveragePercent":0.0,"knownUnitCount":0,"method":"unavailable","totalUnitCount":0},"plannedCapacityMw":0.0,"plannedCapacityMwByTechnology":{},"recordCount":1,"recordIds":["wattlas-record-osm-way-410887155"],"sourceIds":["openstreetmap-power"],"sourceUrl":"https://www.openstreetmap.org/way/410887155","technologies":["other"],"technologyMixMw":{"other":0.0},"unitCount":0,"unitIds":[]},"type":"Feature"},{"geometry":{"coordinates":[26.033412,52.129029],"type":"Point"},"id":"wattlas-plant-osm-way-421051384","properties":{"aliases":["Западная мини-ТЭЦ"],"canonicalAnchor":"osm:way/421051384","canonicalCountryKey":"BY","capacityMw":0.0,"country":"BY","externalIds":{"osm":"way/421051384"},"geographyId":"BY-45462678B29468378769629","id":"wattlas-plant-osm-way-421051384","lifecycleCounts":{"operational":1},"locationPrecision":"exact","name":"Западная мини-ТЭЦ","operatingCapacityCoverage":{"coveragePercent":0.0,"knownUnitCount":0,"method":"unavailable","totalUnitCount":0},"operatingCapacityMw":0.0,"operatingCapacityMwByTechnology":{},"plannedCapacityCoverage":{"coveragePercent":0.0,"knownUnitCount":0,"method":"unavailable","totalUnitCount":0},"plannedCapacityMw":0.0,"plannedCapacityMwByTechnology":{},"recordCount":1,"recordIds":["wattlas-record-osm-way-421051384"],"sourceIds":["openstreetmap-power"],"sourceUrl":"https://www.openstreetmap.org/way/421051384","technologies":["gas"],"technologyMixMw":{"gas":0.0},"unitCount":0,"unitIds":[]},"type":"Feature"},{"geometry":{"coordinates":[26.270066,52.175027],"type":"Point"},"id":"wattlas-plant-osm-way-430015871","properties":{"aliases":["Котельня"],"canonicalAnchor":"osm:way/430015871","canonicalCountryKey":"BY","capacityMw":0.0,"country":"BY","externalIds":{"osm":"way/430015871"},"geographyId":"BY-45462678B29468378769629","id":"wattlas-plant-osm-way-430015871","lifecycleCounts":{"operational":1},"locationPrecision":"exact","name":"Котельня","operatingCapacityCoverage":{"coveragePercent":0.0,"knownUnitCount":0,"method":"unavailable","totalUnitCount":0},"operatingCapacityMw":0.0,"operatingCapacityMwByTechnology":{},"plannedCapacityCoverage":{"coveragePercent":0.0,"knownUnitCount":0,"method":"unavailable","totalUnitCount":0},"plannedCapacityMw":0.0,"plannedCapacityMwByTechnology":{},"recordCount":1,"recordIds":["wattlas-record-osm-way-430015871"],"sourceIds":["openstreetmap-power"],"sourceUrl":"https://www.openstreetmap.org/way/430015871","technologies":["gas"],"technologyMixMw":{"gas":0.0},"unitCount":0,"unitIds":[]},"type":"Feature"},{"geometry":{"coordinates":[26.785356,55.453348],"type":"Point"},"id":"wattlas-plant-osm-way-432696356","properties":{"aliases":["Богінская ГЭС"],"canonicalAnchor":"osm:way/432696356","canonicalCountryKey":"BY","capacityMw":1.0,"country":"BY","externalIds":{"osm":"way/432696356","wikipedia":"be:Богінская ГЭС"},"geographyId":"BY-45462678B24636394065255","id":"wattlas-plant-osm-way-432696356","idAliases":["wattlas-plant-wikipedia-be"],"lifecycleCounts":{"operational":1},"locationPrecision":"exact","name":"Богінская ГЭС","operatingCapacityCoverage":{"coveragePercent":100.0,"knownUnitCount":0,"method":"plant_aggregate","provenance":{"evidenceCount":0,"recordIds":["wattlas-record-osm-way-432696356"],"sourceIds":["openstreetmap-power"],"sourceTypes":["community_mapped"],"valueKind":"reported"},"totalUnitCount":0},"operatingCapacityMw":1.0,"operatingCapacityMwByTechnology":{"hydro":1.0},"plannedCapacityCoverage":{"coveragePercent":0.0,"knownUnitCount":0,"method":"unavailable","totalUnitCount":0},"plannedCapacityMw":0.0,"plannedCapacityMwByTechnology":{},"recordCount":1,"recordIds":["wattlas-record-osm-way-432696356"],"sourceIds":["openstreetmap-power"],"sourceUrl":"https://www.openstreetmap.org/way/432696356","technologies":["hydro"],"technologyMixMw":{"hydro":1.0},"unitCount":0,"unitIds":[]},"type":"Feature"},{"geometry":{"coordinates":[24.863089,52.893049],"type":"Point"},"id":"wattlas-plant-osm-way-432775508","properties":{"aliases":["ГЭС «Паперня»"],"canonicalAnchor":"osm:way/432775508","canonicalCountryKey":"BY","capacityMw":0.0,"country":"BY","externalIds":{"osm":"way/432775508"},"geographyId":"BY-45462678B29468378769629","id":"wattlas-plant-osm-way-432775508","lifecycleCounts":{"operational":1},"locationPrecision":"exact","name":"ГЭС «Паперня»","operatingCapacityCoverage":{"coveragePercent":0.0,"knownUnitCount":0,"method":"unavailable","totalUnitCount":0},"operatingCapacityMw":0.0,"operatingCapacityMwByTechnology":{},"plannedCapacityCoverage":{"coveragePercent":0.0,"knownUnitCount":0,"method":"unavailable","totalUnitCount":0},"plannedCapacityMw":0.0,"plannedCapacityMwByTechnology":{},"recordCount":1,"recordIds":["wattlas-record-osm-way-432775508"],"sourceIds":["openstreetmap-power"],"sourceUrl":"https://www.openstreetmap.org/way/432775508","technologies":["other"],"technologyMixMw":{"other":0.0},"unitCount":0,"unitIds":[]},"type":"Feature"},{"geometry":{"coordinates":[28.489396,54.190588],"type":"Point"},"id":"wattlas-plant-osm-way-437069580","properties":{"aliases":["Барысаўская ЦЭЦ"],"canonicalAnchor":"osm:way/437069580","canonicalCountryKey":"BY","capacityMw":65.0,"country":"BY","externalIds":{"osm":"way/437069580"},"geographyId":"BY-45462678B52111461583443","id":"wattlas-plant-osm-way-437069580","lifecycleCounts":{"operational":1},"locationPrecision":"exact","name":"Барысаўская ЦЭЦ","operatingCapacityCoverage":{"coveragePercent":100.0,"knownUnitCount":0,"method":"plant_aggregate","provenance":{"evidenceCount":0,"recordIds":["wattlas-record-osm-way-437069580"],"sourceIds":["openstreetmap-power"],"sourceTypes":["community_mapped"],"valueKind":"reported"},"totalUnitCount":0},"operatingCapacityMw":65.0,"operatingCapacityMwByTechnology":{"gas":65.0},"plannedCapacityCoverage":{"coveragePercent":0.0,"knownUnitCount":0,"method":"unavailable","totalUnitCount":0},"plannedCapacityMw":0.0,"plannedCapacityMwByTechnology":{},"recordCount":1,"recordIds":["wattlas-record-osm-way-437069580"],"sourceIds":["openstreetmap-power"],"sourceUrl":"https://www.openstreetmap.org/way/437069580","technologies":["gas"],"technologyMixMw":{"gas":65.0},"unitCount":0,"unitIds":[]},"type":"Feature"},{"geometry":{"coordinates":[23.463613,52.404213],"type":"Point"},"id":"wattlas-plant-osm-way-440922054","properties":{"aliases":["Кацельня"],"canonicalAnchor":"osm:way/440922054","canonicalCountryKey":"BY","capacityMw":0.0,"country":"BY","externalIds":{"osm":"way/440922054"},"geographyId":"BY-45462678B29468378769629","id":"wattlas-plant-osm-way-440922054","lifecycleCounts":{"operational":1},"locationPrecision":"exact","name":"Кацельня","operatingCapacityCoverage":{"coveragePercent":0.0,"knownUnitCount":0,"method":"unavailable","totalUnitCount":0},"operatingCapacityMw":0.0,"operatingCapacityMwByTechnology":{},"plannedCapacityCoverage":{"coveragePercent":0.0,"knownUnitCount":0,"method":"unavailable","totalUnitCount":0},"plannedCapacityMw":0.0,"plannedCapacityMwByTechnology":{},"recordCount":1,"recordIds":["wattlas-record-osm-way-440922054"],"sourceIds":["openstreetmap-power"],"sourceUrl":"https://www.openstreetmap.org/way/440922054","technologies":["other"],"technologyMixMw":{"other":0.0},"unitCount":0,"unitIds":[]},"type":"Feature"},{"geometry":{"coordinates":[29.350213,52.139806],"type":"Point"},"id":"wattlas-plant-osm-way-459870901","properties":{"aliases":["Міні-ЦЭЦ"],"canonicalAnchor":"osm:way/459870901","canonicalCountryKey":"BY","capacityMw":0.0,"country":"BY","externalIds":{"osm":"way/459870901"},"geographyId":"BY-45462678B94500211462696","id":"wattlas-plant-osm-way-459870901","lifecycleCounts":{"operational":1},"locationPrecision":"exact","name":"Міні-ЦЭЦ","operatingCapacityCoverage":{"coveragePercent":0.0,"knownUnitCount":0,"method":"unavailable","totalUnitCount":0},"operatingCapacityMw":0.0,"operatingCapacityMwByTechnology":{},"plannedCapacityCoverage":{"coveragePercent":0.0,"knownUnitCount":0,"method":"unavailable","totalUnitCount":0},"plannedCapacityMw":0.0,"plannedCapacityMwByTechnology":{},"recordCount":1,"recordIds":["wattlas-record-osm-way-459870901"],"sourceIds":["openstreetmap-power"],"sourceUrl":"https://www.openstreetmap.org/way/459870901","technologies":["gas"],"technologyMixMw":{"gas":0.0},"unitCount":0,"unitIds":[]},"type":"Feature"},{"geometry":{"coordinates":[29.295351,52.132632],"type":"Point"},"id":"wattlas-plant-osm-way-460798132","properties":{"aliases":["Кацельня"],"canonicalAnchor":"osm:way/460798132","canonicalCountryKey":"BY","capacityMw":0.0,"country":"BY","externalIds":{"osm":"way/460798132"},"geographyId":"BY-45462678B94500211462696","id":"wattlas-plant-osm-way-460798132","lifecycleCounts":{"operational":1},"locationPrecision":"exact","name":"Кацельня","operatingCapacityCoverage":{"coveragePercent":0.0,"knownUnitCount":0,"method":"unavailable","totalUnitCount":0},"operatingCapacityMw":0.0,"operatingCapacityMwByTechnology":{},"plannedCapacityCoverage":{"coveragePercent":0.0,"knownUnitCount":0,"method":"unavailable","totalUnitCount":0},"plannedCapacityMw":0.0,"plannedCapacityMwByTechnology":{},"recordCount":1,"recordIds":["wattlas-record-osm-way-460798132"],"sourceIds":["openstreetmap-power"],"sourceUrl":"https://www.openstreetmap.org/way/460798132","technologies":["gas"],"technologyMixMw":{"gas":0.0},"unitCount":0,"unitIds":[]},"type":"Feature"},{"geometry":{"coordinates":[29.333167,52.138475],"type":"Point"},"id":"wattlas-plant-osm-way-461391504","properties":{"aliases":["Mapped power plant · OSM 461391504"],"canonicalAnchor":"osm:way/461391504","canonicalCountryKey":"BY","capacityMw":0.0,"country":"BY","externalIds":{"osm":"way/461391504"},"geographyId":"BY-45462678B94500211462696","id":"wattlas-plant-osm-way-461391504","lifecycleCounts":{"operational":1},"locationPrecision":"exact","name":"Mapped power plant · OSM 461391504","operatingCapacityCoverage":{"coveragePercent":0.0,"knownUnitCount":0,"method":"unavailable","totalUnitCount":0},"operatingCapacityMw":0.0,"operatingCapacityMwByTechnology":{},"plannedCapacityCoverage":{"coveragePercent":0.0,"knownUnitCount":0,"method":"unavailable","totalUnitCount":0},"plannedCapacityMw":0.0,"plannedCapacityMwByTechnology":{},"recordCount":1,"recordIds":["wattlas-record-osm-way-461391504"],"sourceIds":["openstreetmap-power"],"sourceUrl":"https://www.openstreetmap.org/way/461391504","technologies":["other"],"technologyMixMw":{"other":0.0},"unitCount":0,"unitIds":[]},"type":"Feature"},{"geometry":{"coordinates":[29.350679,52.118488],"type":"Point"},"id":"wattlas-plant-osm-way-461913645","properties":{"aliases":["Кацельня"],"canonicalAnchor":"osm:way/461913645","canonicalCountryKey":"BY","capacityMw":0.0,"country":"BY","externalIds":{"osm":"way/461913645"},"geographyId":"BY-45462678B94500211462696","id":"wattlas-plant-osm-way-461913645","lifecycleCounts":{"operational":1},"locationPrecision":"exact","name":"Кацельня","operatingCapacityCoverage":{"coveragePercent":0.0,"knownUnitCount":0,"method":"unavailable","totalUnitCount":0},"operatingCapacityMw":0.0,"operatingCapacityMwByTechnology":{},"plannedCapacityCoverage":{"coveragePercent":0.0,"knownUnitCount":0,"method":"unavailable","totalUnitCount":0},"plannedCapacityMw":0.0,"plannedCapacityMwByTechnology":{},"recordCount":1,"recordIds":["wattlas-record-osm-way-461913645"],"sourceIds":["openstreetmap-power"],"sourceUrl":"https://www.openstreetmap.org/way/461913645","technologies":["other"],"technologyMixMw":{"other":0.0},"unitCount":0,"unitIds":[]},"type":"Feature"},{"geometry":{"coordinates":[23.820144,53.713],"type":"Point"},"id":"wattlas-plant-osm-way-511774754","properties":{"aliases":["Міні-ЦЭЦ «Паўночная»"],"canonicalAnchor":"osm:way/511774754","canonicalCountryKey":"BY","capacityMw":9.5,"country":"BY","externalIds":{"osm":"way/511774754"},"geographyId":"BY-45462678B41589714648574","id":"wattlas-plant-osm-way-511774754","lifecycleCounts":{"operational":1},"locationPrecision":"exact","name":"Міні-ЦЭЦ «Паўночная»","operatingCapacityCoverage":{"coveragePercent":100.0,"knownUnitCount":0,"method":"plant_aggregate","provenance":{"evidenceCount":0,"recordIds":["wattlas-record-osm-way-511774754"],"sourceIds":["openstreetmap-power"],"sourceTypes":["community_mapped"],"valueKind":"reported"},"totalUnitCount":0},"operatingCapacityMw":9.5,"operatingCapacityMwByTechnology":{"gas":9.5},"plannedCapacityCoverage":{"coveragePercent":0.0,"knownUnitCount":0,"method":"unavailable","totalUnitCount":0},"plannedCapacityMw":0.0,"plannedCapacityMwByTechnology":{},"recordCount":1,"recordIds":["wattlas-record-osm-way-511774754"],"sourceIds":["openstreetmap-power"],"sourceUrl":"https://www.openstreetmap.org/way/511774754","technologies":["gas"],"technologyMixMw":{"gas":9.5},"unitCount":0,"unitIds":[]},"type":"Feature"},{"geometry":{"coordinates":[29.224254,53.12781],"type":"Point"},"id":"wattlas-plant-osm-way-518319636","properties":{"aliases":["Кацельня"],"canonicalAnchor":"osm:way/518319636","canonicalCountryKey":"BY","capacityMw":0.0,"country":"BY","externalIds":{"osm":"way/518319636"},"geographyId":"BY-45462678B58682879627750","id":"wattlas-plant-osm-way-518319636","lifecycleCounts":{"operational":1},"locationPrecision":"exact","name":"Кацельня","operatingCapacityCoverage":{"coveragePercent":0.0,"knownUnitCount":0,"method":"unavailable","totalUnitCount":0},"operatingCapacityMw":0.0,"operatingCapacityMwByTechnology":{},"plannedCapacityCoverage":{"coveragePercent":0.0,"knownUnitCount":0,"method":"unavailable","totalUnitCount":0},"plannedCapacityMw":0.0,"plannedCapacityMwByTechnology":{},"recordCount":1,"recordIds":["wattlas-record-osm-way-518319636"],"sourceIds":["openstreetmap-power"],"sourceUrl":"https://www.openstreetmap.org/way/518319636","technologies":["other"],"technologyMixMw":{"other":0.0},"unitCount":0,"unitIds":[]},"type":"Feature"},{"geometry":{"coordinates":[30.676194,54.583571],"type":"Point"},"id":"wattlas-plant-osm-way-544314300","properties":{"aliases":["Кацельня"],"canonicalAnchor":"osm:way/544314300","canonicalCountryKey":"BY","capacityMw":0.0,"country":"BY","externalIds":{"osm":"way/544314300"},"geographyId":"BY-45462678B24636394065255","id":"wattlas-plant-osm-way-544314300","lifecycleCounts":{"operational":1},"locationPrecision":"exact","name":"Кацельня","operatingCapacityCoverage":{"coveragePercent":0.0,"knownUnitCount":0,"method":"unavailable","totalUnitCount":0},"operatingCapacityMw":0.0,"operatingCapacityMwByTechnology":{},"plannedCapacityCoverage":{"coveragePercent":0.0,"knownUnitCount":0,"method":"unavailable","totalUnitCount":0},"plannedCapacityMw":0.0,"plannedCapacityMwByTechnology":{},"recordCount":1,"recordIds":["wattlas-record-osm-way-544314300"],"sourceIds":["openstreetmap-power"],"sourceUrl":"https://www.openstreetmap.org/way/544314300","technologies":["other"],"technologyMixMw":{"other":0.0},"unitCount":0,"unitIds":[]},"type":"Feature"},{"geometry":{"coordinates":[27.771001,52.801453],"type":"Point"},"id":"wattlas-plant-osm-way-594453848","properties":{"aliases":["ТЭС-4"],"canonicalAnchor":"osm:way/594453848","canonicalCountryKey":"BY","capacityMw":80.0,"country":"BY","externalIds":{"osm":"way/594453848"},"geographyId":"BY-45462678B52111461583443","id":"wattlas-plant-osm-way-594453848","lifecycleCounts":{"operational":1},"locationPrecision":"exact","name":"ТЭС-4","operatingCapacityCoverage":{"coveragePercent":100.0,"knownUnitCount":0,"method":"plant_aggregate","provenance":{"evidenceCount":0,"recordIds":["wattlas-record-osm-way-594453848"],"sourceIds":["openstreetmap-power"],"sourceTypes":["community_mapped"],"valueKind":"reported"},"totalUnitCount":0},"operatingCapacityMw":80.0,"operatingCapacityMwByTechnology":{"other":80.0},"plannedCapacityCoverage":{"coveragePercent":0.0,"knownUnitCount":0,"method":"unavailable","totalUnitCount":0},"plannedCapacityMw":0.0,"plannedCapacityMwByTechnology":{},"recordCount":1,"recordIds":["wattlas-record-osm-way-594453848"],"sourceIds":["openstreetmap-power"],"sourceUrl":"https://www.openstreetmap.org/way/594453848","technologies":["other"],"technologyMixMw":{"other":80.0},"unitCount":0,"unitIds":[]},"type":"Feature"},{"geometry":{"coordinates":[29.842077,53.509464],"type":"Point"},"id":"wattlas-plant-osm-way-613381795","properties":{"aliases":["Фотаэлектрастанцыя"],"canonicalAnchor":"osm:way/613381795","canonicalCountryKey":"BY","capacityMw":0.0,"country":"BY","externalIds":{"osm":"way/613381795"},"geographyId":"BY-45462678B58682879627750","id":"wattlas-plant-osm-way-613381795","lifecycleCounts":{"operational":1},"locationPrecision":"exact","name":"Фотаэлектрастанцыя","operatingCapacityCoverage":{"coveragePercent":0.0,"knownUnitCount":0,"method":"unavailable","totalUnitCount":0},"operatingCapacityMw":0.0,"operatingCapacityMwByTechnology":{},"plannedCapacityCoverage":{"coveragePercent":0.0,"knownUnitCount":0,"method":"unavailable","totalUnitCount":0},"plannedCapacityMw":0.0,"plannedCapacityMwByTechnology":{},"recordCount":1,"recordIds":["wattlas-record-osm-way-613381795"],"sourceIds":["openstreetmap-power"],"sourceUrl":"https://www.openstreetmap.org/way/613381795","technologies":["solar"],"technologyMixMw":{"solar":0.0},"unitCount":0,"unitIds":[]},"type":"Feature"},{"geometry":{"coordinates":[24.793344,53.555737],"type":"Point"},"id":"wattlas-plant-osm-way-626520140","properties":{"aliases":["Гродзенская сонечная электрастанцыя"],"canonicalAnchor":"osm:way/626520140","canonicalCountryKey":"BY","capacityMw":1.0,"country":"BY","externalIds":{"osm":"way/626520140"},"geographyId":"BY-45462678B41589714648574","id":"wattlas-plant-osm-way-626520140","lifecycleCounts":{"operational":1},"locationPrecision":"exact","name":"Гродзенская сонечная электрастанцыя","operatingCapacityCoverage":{"coveragePercent":100.0,"knownUnitCount":0,"method":"plant_aggregate","provenance":{"evidenceCount":0,"recordIds":["wattlas-record-osm-way-626520140"],"sourceIds":["openstreetmap-power"],"sourceTypes":["community_mapped"],"valueKind":"reported"},"totalUnitCount":0},"operatingCapacityMw":1.0,"operatingCapacityMwByTechnology":{"solar":1.0},"plannedCapacityCoverage":{"coveragePercent":0.0,"knownUnitCount":0,"method":"unavailable","totalUnitCount":0},"plannedCapacityMw":0.0,"plannedCapacityMwByTechnology":{},"recordCount":1,"recordIds":["wattlas-record-osm-way-626520140"],"sourceIds":["openstreetmap-power"],"sourceUrl":"https://www.openstreetmap.org/way/626520140","technologies":["solar"],"technologyMixMw":{"solar":1.0},"unitCount":0,"unitIds":[]},"type":"Feature"},{"geometry":{"coordinates":[24.758528,53.598258],"type":"Point"},"id":"wattlas-plant-osm-way-626520231","properties":{"aliases":["Mapped power plant · OSM 626520231"],"canonicalAnchor":"osm:way/626520231","canonicalCountryKey":"BY","capacityMw":0.0,"country":"BY","externalIds":{"osm":"way/626520231"},"geographyId":"BY-45462678B41589714648574","id":"wattlas-plant-osm-way-626520231","lifecycleCounts":{"operational":1},"locationPrecision":"exact","name":"Mapped power plant · OSM 626520231","operatingCapacityCoverage":{"coveragePercent":0.0,"knownUnitCount":0,"method":"unavailable","totalUnitCount":0},"operatingCapacityMw":0.0,"operatingCapacityMwByTechnology":{},"plannedCapacityCoverage":{"coveragePercent":0.0,"knownUnitCount":0,"method":"unavailable","totalUnitCount":0},"plannedCapacityMw":0.0,"plannedCapacityMwByTechnology":{},"recordCount":1,"recordIds":["wattlas-record-osm-way-626520231"],"sourceIds":["openstreetmap-power"],"sourceUrl":"https://www.openstreetmap.org/way/626520231","technologies":["solar"],"technologyMixMw":{"solar":0.0},"unitCount":0,"unitIds":[]},"type":"Feature"},{"geometry":{"coordinates":[27.274591,53.673079],"type":"Point"},"id":"wattlas-plant-osm-way-642934668","properties":{"aliases":["Кацельня"],"canonicalAnchor":"osm:way/642934668","canonicalCountryKey":"BY","capacityMw":0.0,"country":"BY","externalIds":{"osm":"way/642934668"},"geographyId":"BY-45462678B52111461583443","id":"wattlas-plant-osm-way-642934668","lifecycleCounts":{"operational":1},"locationPrecision":"exact","name":"Кацельня","operatingCapacityCoverage":{"coveragePercent":0.0,"knownUnitCount":0,"method":"unavailable","totalUnitCount":0},"operatingCapacityMw":0.0,"operatingCapacityMwByTechnology":{},"plannedCapacityCoverage":{"coveragePercent":0.0,"knownUnitCount":0,"method":"unavailable","totalUnitCount":0},"plannedCapacityMw":0.0,"plannedCapacityMwByTechnology":{},"recordCount":1,"recordIds":["wattlas-record-osm-way-642934668"],"sourceIds":["openstreetmap-power"],"sourceUrl":"https://www.openstreetmap.org/way/642934668","technologies":["gas"],"technologyMixMw":{"gas":0.0},"unitCount":0,"unitIds":[]},"type":"Feature"},{"geometry":{"coordinates":[25.289329,53.900356],"type":"Point"},"id":"wattlas-plant-osm-way-66602208","properties":{"aliases":["Лідская цеплаэлектрацэнтраль"],"canonicalAnchor":"osm:way/66602208","canonicalCountryKey":"BY","capacityMw":43.0,"country":"BY","externalIds":{"osm":"way/66602208"},"geographyId":"BY-45462678B41589714648574","id":"wattlas-plant-osm-way-66602208","lifecycleCounts":{"operational":1},"locationPrecision":"exact","name":"Лідская цеплаэлектрацэнтраль","operatingCapacityCoverage":{"coveragePercent":100.0,"knownUnitCount":0,"method":"plant_aggregate","provenance":{"evidenceCount":0,"recordIds":["wattlas-record-osm-way-66602208"],"sourceIds":["openstreetmap-power"],"sourceTypes":["community_mapped"],"valueKind":"reported"},"totalUnitCount":0},"operatingCapacityMw":43.0,"operatingCapacityMwByTechnology":{"gas":43.0},"plannedCapacityCoverage":{"coveragePercent":0.0,"knownUnitCount":0,"method":"unavailable","totalUnitCount":0},"plannedCapacityMw":0.0,"plannedCapacityMwByTechnology":{},"recordCount":1,"recordIds":["wattlas-record-osm-way-66602208"],"sourceIds":["openstreetmap-power"],"sourceUrl":"https://www.openstreetmap.org/way/66602208","technologies":["gas"],"technologyMixMw":{"gas":43.0},"unitCount":0,"unitIds":[]},"type":"Feature"},{"geometry":{"coordinates":[26.086557,54.765879],"type":"Point"},"id":"wattlas-plant-osm-way-671311938","properties":{"aliases":["Пускарэзервовая кацельня"],"canonicalAnchor":"osm:way/671311938","canonicalCountryKey":"BY","capacityMw":0.0,"country":"BY","externalIds":{"osm":"way/671311938"},"geographyId":"BY-45462678B41589714648574","id":"wattlas-plant-osm-way-671311938","lifecycleCounts":{"operational":1},"locationPrecision":"exact","name":"Пускарэзервовая кацельня","operatingCapacityCoverage":{"coveragePercent":0.0,"knownUnitCount":0,"method":"unavailable","totalUnitCount":0},"operatingCapacityMw":0.0,"operatingCapacityMwByTechnology":{},"plannedCapacityCoverage":{"coveragePercent":0.0,"knownUnitCount":0,"method":"unavailable","totalUnitCount":0},"plannedCapacityMw":0.0,"plannedCapacityMwByTechnology":{},"recordCount":1,"recordIds":["wattlas-record-osm-way-671311938"],"sourceIds":["openstreetmap-power"],"sourceUrl":"https://www.openstreetmap.org/way/671311938","technologies":["gas"],"technologyMixMw":{"gas":0.0},"unitCount":0,"unitIds":[]},"type":"Feature"},{"geometry":{"coordinates":[27.677054,53.827986],"type":"Point"},"id":"wattlas-plant-osm-way-699973784","properties":{"aliases":["ГЭС"],"canonicalAnchor":"osm:way/699973784","canonicalCountryKey":"BY","capacityMw":0.0,"country":"BY","externalIds":{"osm":"way/699973784"},"geographyId":"BY-45462678B57724394311820","id":"wattlas-plant-osm-way-699973784","lifecycleCounts":{"operational":1},"locationPrecision":"exact","name":"ГЭС","operatingCapacityCoverage":{"coveragePercent":0.0,"knownUnitCount":0,"method":"unavailable","totalUnitCount":0},"operatingCapacityMw":0.0,"operatingCapacityMwByTechnology":{},"plannedCapacityCoverage":{"coveragePercent":0.0,"knownUnitCount":0,"method":"unavailable","totalUnitCount":0},"plannedCapacityMw":0.0,"plannedCapacityMwByTechnology":{},"recordCount":1,"recordIds":["wattlas-record-osm-way-699973784"],"sourceIds":["openstreetmap-power"],"sourceUrl":"https://www.openstreetmap.org/way/699973784","technologies":["hydro"],"technologyMixMw":{"hydro":0.0},"unitCount":0,"unitIds":[]},"type":"Feature"},{"geometry":{"coordinates":[30.226145,53.529579],"type":"Point"},"id":"wattlas-plant-osm-way-728782141","properties":{"aliases":["Mapped power plant · OSM 728782141"],"canonicalAnchor":"osm:way/728782141","canonicalCountryKey":"BY","capacityMw":0.0,"country":"BY","externalIds":{"osm":"way/728782141"},"geographyId":"BY-45462678B58682879627750","id":"wattlas-plant-osm-way-728782141","lifecycleCounts":{"operational":1},"locationPrecision":"exact","name":"Mapped power plant · OSM 728782141","operatingCapacityCoverage":{"coveragePercent":0.0,"knownUnitCount":0,"method":"unavailable","totalUnitCount":0},"operatingCapacityMw":0.0,"operatingCapacityMwByTechnology":{},"plannedCapacityCoverage":{"coveragePercent":0.0,"knownUnitCount":0,"method":"unavailable","totalUnitCount":0},"plannedCapacityMw":0.0,"plannedCapacityMwByTechnology":{},"recordCount":1,"recordIds":["wattlas-record-osm-way-728782141"],"sourceIds":["openstreetmap-power"],"sourceUrl":"https://www.openstreetmap.org/way/728782141","technologies":["other"],"technologyMixMw":{"other":0.0},"unitCount":0,"unitIds":[]},"type":"Feature"},{"geometry":{"coordinates":[30.211375,53.511106],"type":"Point"},"id":"wattlas-plant-osm-way-728804188","properties":{"aliases":["Сонечная электрастанцыя"],"canonicalAnchor":"osm:way/728804188","canonicalCountryKey":"BY","capacityMw":2.5,"country":"BY","externalIds":{"osm":"way/728804188"},"geographyId":"BY-45462678B58682879627750","id":"wattlas-plant-osm-way-728804188","lifecycleCounts":{"operational":1},"locationPrecision":"exact","name":"Сонечная электрастанцыя","operatingCapacityCoverage":{"coveragePercent":100.0,"knownUnitCount":0,"method":"plant_aggregate","provenance":{"evidenceCount":0,"recordIds":["wattlas-record-osm-way-728804188"],"sourceIds":["openstreetmap-power"],"sourceTypes":["community_mapped"],"valueKind":"reported"},"totalUnitCount":0},"operatingCapacityMw":2.5,"operatingCapacityMwByTechnology":{"solar":2.5},"plannedCapacityCoverage":{"coveragePercent":0.0,"knownUnitCount":0,"method":"unavailable","totalUnitCount":0},"plannedCapacityMw":0.0,"plannedCapacityMwByTechnology":{},"recordCount":1,"recordIds":["wattlas-record-osm-way-728804188"],"sourceIds":["openstreetmap-power"],"sourceUrl":"https://www.openstreetmap.org/way/728804188","technologies":["solar"],"technologyMixMw":{"solar":2.5},"unitCount":0,"unitIds":[]},"type":"Feature"},{"geometry":{"coordinates":[29.224252,53.166954],"type":"Point"},"id":"wattlas-plant-osm-way-771883221","properties":{"aliases":["Бабруйская ЦЭЦ-1"],"canonicalAnchor":"osm:way/771883221","canonicalCountryKey":"BY","capacityMw":12.0,"country":"BY","externalIds":{"osm":"way/771883221"},"geographyId":"BY-45462678B58682879627750","id":"wattlas-plant-osm-way-771883221","lifecycleCounts":{"operational":1},"locationPrecision":"exact","name":"Бабруйская ЦЭЦ-1","operatingCapacityCoverage":{"coveragePercent":100.0,"knownUnitCount":0,"method":"plant_aggregate","provenance":{"evidenceCount":0,"recordIds":["wattlas-record-osm-way-771883221"],"sourceIds":["openstreetmap-power"],"sourceTypes":["community_mapped"],"valueKind":"reported"},"totalUnitCount":0},"operatingCapacityMw":12.0,"operatingCapacityMwByTechnology":{"other":12.0},"plannedCapacityCoverage":{"coveragePercent":0.0,"knownUnitCount":0,"method":"unavailable","totalUnitCount":0},"plannedCapacityMw":0.0,"plannedCapacityMwByTechnology":{},"recordCount":1,"recordIds":["wattlas-record-osm-way-771883221"],"sourceIds":["openstreetmap-power"],"sourceUrl":"https://www.openstreetmap.org/way/771883221","technologies":["other"],"technologyMixMw":{"other":12.0},"unitCount":0,"unitIds":[]},"type":"Feature"},{"geometry":{"coordinates":[24.293022,53.674553],"type":"Point"},"id":"wattlas-plant-osm-way-810096442","properties":{"aliases":["Mapped power plant · OSM 810096442"],"canonicalAnchor":"osm:way/810096442","canonicalCountryKey":"BY","capacityMw":1.25,"country":"BY","externalIds":{"osm":"way/810096442"},"geographyId":"BY-45462678B41589714648574","id":"wattlas-plant-osm-way-810096442","lifecycleCounts":{"operational":1},"locationPrecision":"exact","name":"Mapped power plant · OSM 810096442","operatingCapacityCoverage":{"coveragePercent":100.0,"knownUnitCount":0,"method":"plant_aggregate","provenance":{"evidenceCount":0,"recordIds":["wattlas-record-osm-way-810096442"],"sourceIds":["openstreetmap-power"],"sourceTypes":["community_mapped"],"valueKind":"reported"},"totalUnitCount":0},"operatingCapacityMw":1.25,"operatingCapacityMwByTechnology":{"solar":1.25},"plannedCapacityCoverage":{"coveragePercent":0.0,"knownUnitCount":0,"method":"unavailable","totalUnitCount":0},"plannedCapacityMw":0.0,"plannedCapacityMwByTechnology":{},"recordCount":1,"recordIds":["wattlas-record-osm-way-810096442"],"sourceIds":["openstreetmap-power"],"sourceUrl":"https://www.openstreetmap.org/way/810096442","technologies":["solar"],"technologyMixMw":{"solar":1.25},"unitCount":0,"unitIds":[]},"type":"Feature"},{"geometry":{"coordinates":[29.249159,53.127578],"type":"Point"},"id":"wattlas-plant-osm-way-814841551","properties":{"aliases":["Бабруйская сонечная электрастанцыя"],"canonicalAnchor":"osm:way/814841551","canonicalCountryKey":"BY","capacityMw":0.0,"country":"BY","externalIds":{"osm":"way/814841551"},"geographyId":"BY-45462678B58682879627750","id":"wattlas-plant-osm-way-814841551","lifecycleCounts":{"operational":1},"locationPrecision":"exact","name":"Бабруйская сонечная электрастанцыя","operatingCapacityCoverage":{"coveragePercent":0.0,"knownUnitCount":0,"method":"unavailable","totalUnitCount":0},"operatingCapacityMw":0.0,"operatingCapacityMwByTechnology":{},"plannedCapacityCoverage":{"coveragePercent":0.0,"knownUnitCount":0,"method":"unavailable","totalUnitCount":0},"plannedCapacityMw":0.0,"plannedCapacityMwByTechnology":{},"recordCount":1,"recordIds":["wattlas-record-osm-way-814841551"],"sourceIds":["openstreetmap-power"],"sourceUrl":"https://www.openstreetmap.org/way/814841551","technologies":["solar"],"technologyMixMw":{"solar":0.0},"unitCount":0,"unitIds":[]},"type":"Feature"},{"geometry":{"coordinates":[23.973479,53.64527],"type":"Point"},"id":"wattlas-plant-osm-way-863913617","properties":{"aliases":["Гродзенская ГЭС"],"canonicalAnchor":"osm:way/863913617","canonicalCountryKey":"BY","capacityMw":17.8,"country":"BY","externalIds":{"osm":"way/863913617"},"geographyId":"BY-45462678B41589714648574","id":"wattlas-plant-osm-way-863913617","lifecycleCounts":{"operational":1},"locationPrecision":"exact","name":"Гродзенская ГЭС","operatingCapacityCoverage":{"coveragePercent":100.0,"knownUnitCount":0,"method":"plant_aggregate","provenance":{"evidenceCount":0,"recordIds":["wattlas-record-osm-way-863913617"],"sourceIds":["openstreetmap-power"],"sourceTypes":["community_mapped"],"valueKind":"reported"},"totalUnitCount":0},"operatingCapacityMw":17.8,"operatingCapacityMwByTechnology":{"hydro":17.8},"plannedCapacityCoverage":{"coveragePercent":0.0,"knownUnitCount":0,"method":"unavailable","totalUnitCount":0},"plannedCapacityMw":0.0,"plannedCapacityMwByTechnology":{},"recordCount":1,"recordIds":["wattlas-record-osm-way-863913617"],"sourceIds":["openstreetmap-power"],"sourceUrl":"https://www.openstreetmap.org/way/863913617","technologies":["hydro"],"technologyMixMw":{"hydro":17.8},"unitCount":0,"unitIds":[]},"type":"Feature"},{"geometry":{"coordinates":[30.324008,54.479882],"type":"Point"},"id":"wattlas-plant-osm-way-884243686","properties":{"aliases":["Міні-ЦЭЦ «Барань»"],"canonicalAnchor":"osm:way/884243686","canonicalCountryKey":"BY","capacityMw":0.0,"country":"BY","externalIds":{"osm":"way/884243686"},"geographyId":"BY-45462678B24636394065255","id":"wattlas-plant-osm-way-884243686","lifecycleCounts":{"operational":1},"locationPrecision":"exact","name":"Міні-ЦЭЦ «Барань»","operatingCapacityCoverage":{"coveragePercent":0.0,"knownUnitCount":0,"method":"unavailable","totalUnitCount":0},"operatingCapacityMw":0.0,"operatingCapacityMwByTechnology":{},"plannedCapacityCoverage":{"coveragePercent":0.0,"knownUnitCount":0,"method":"unavailable","totalUnitCount":0},"plannedCapacityMw":0.0,"plannedCapacityMwByTechnology":{},"recordCount":1,"recordIds":["wattlas-record-osm-way-884243686"],"sourceIds":["openstreetmap-power"],"sourceUrl":"https://www.openstreetmap.org/way/884243686","technologies":["other"],"technologyMixMw":{"other":0.0},"unitCount":0,"unitIds":[]},"type":"Feature"},{"geometry":{"coordinates":[27.572859,53.398352],"type":"Point"},"id":"wattlas-plant-osm-way-894495731","properties":{"aliases":["Mapped power plant · OSM 894495731"],"canonicalAnchor":"osm:way/894495731","canonicalCountryKey":"BY","capacityMw":0.0,"country":"BY","externalIds":{"osm":"way/894495731"},"geographyId":"BY-45462678B52111461583443","id":"wattlas-plant-osm-way-894495731","lifecycleCounts":{"operational":1},"locationPrecision":"exact","name":"Mapped power plant · OSM 894495731","operatingCapacityCoverage":{"coveragePercent":0.0,"knownUnitCount":0,"method":"unavailable","totalUnitCount":0},"operatingCapacityMw":0.0,"operatingCapacityMwByTechnology":{},"plannedCapacityCoverage":{"coveragePercent":0.0,"knownUnitCount":0,"method":"unavailable","totalUnitCount":0},"plannedCapacityMw":0.0,"plannedCapacityMwByTechnology":{},"recordCount":1,"recordIds":["wattlas-record-osm-way-894495731"],"sourceIds":["openstreetmap-power"],"sourceUrl":"https://www.openstreetmap.org/way/894495731","technologies":["other"],"technologyMixMw":{"other":0.0},"unitCount":0,"unitIds":[]},"type":"Feature"},{"geometry":{"coordinates":[30.255874,51.783831],"type":"Point"},"id":"wattlas-plant-osm-way-937851098","properties":{"aliases":["Фотаэлектрычная станцыя «Солар I»"],"canonicalAnchor":"osm:way/937851098","canonicalCountryKey":"BY","capacityMw":4.2,"country":"BY","externalIds":{"osm":"way/937851098"},"geographyId":"BY-45462678B94500211462696","id":"wattlas-plant-osm-way-937851098","lifecycleCounts":{"operational":1},"locationPrecision":"exact","name":"Фотаэлектрычная станцыя «Солар I»","operatingCapacityCoverage":{"coveragePercent":100.0,"knownUnitCount":0,"method":"plant_aggregate","provenance":{"evidenceCount":0,"recordIds":["wattlas-record-osm-way-937851098"],"sourceIds":["openstreetmap-power"],"sourceTypes":["community_mapped"],"valueKind":"reported"},"totalUnitCount":0},"operatingCapacityMw":4.2,"operatingCapacityMwByTechnology":{"solar":4.2},"plannedCapacityCoverage":{"coveragePercent":0.0,"knownUnitCount":0,"method":"unavailable","totalUnitCount":0},"plannedCapacityMw":0.0,"plannedCapacityMwByTechnology":{},"recordCount":1,"recordIds":["wattlas-record-osm-way-937851098"],"sourceIds":["openstreetmap-power"],"sourceUrl":"https://www.openstreetmap.org/way/937851098","technologies":["solar"],"technologyMixMw":{"solar":4.2},"unitCount":0,"unitIds":[]},"type":"Feature"},{"geometry":{"coordinates":[30.815986,52.449624],"type":"Point"},"id":"wattlas-plant-osm-way-97540563","properties":{"aliases":["Гомельская ЦЭЦ-2"],"canonicalAnchor":"osm:way/97540563","canonicalCountryKey":"BY","capacityMw":544.0,"country":"BY","externalIds":{"osm":"way/97540563"},"geographyId":"BY-45462678B94500211462696","id":"wattlas-plant-osm-way-97540563","lifecycleCounts":{"operational":1},"locationPrecision":"exact","name":"Гомельская ЦЭЦ-2","operatingCapacityCoverage":{"coveragePercent":100.0,"knownUnitCount":0,"method":"plant_aggregate","provenance":{"evidenceCount":0,"recordIds":["wattlas-record-osm-way-97540563"],"sourceIds":["openstreetmap-power"],"sourceTypes":["community_mapped"],"valueKind":"reported"},"totalUnitCount":0},"operatingCapacityMw":544.0,"operatingCapacityMwByTechnology":{"gas":544.0},"plannedCapacityCoverage":{"coveragePercent":0.0,"knownUnitCount":0,"method":"unavailable","totalUnitCount":0},"plannedCapacityMw":0.0,"plannedCapacityMwByTechnology":{},"recordCount":1,"recordIds":["wattlas-record-osm-way-97540563"],"sourceIds":["openstreetmap-power"],"sourceUrl":"https://www.openstreetmap.org/way/97540563","technologies":["gas"],"technologyMixMw":{"gas":544.0},"unitCount":0,"unitIds":[]},"type":"Feature"},{"geometry":{"coordinates":[27.556507,53.40411],"type":"Point"},"id":"wattlas-plant-osm-way-975998573","properties":{"aliases":["Кацельня Хатлянскай СШ"],"canonicalAnchor":"osm:way/975998573","canonicalCountryKey":"BY","capacityMw":0.0,"country":"BY","externalIds":{"osm":"way/975998573"},"geographyId":"BY-45462678B52111461583443","id":"wattlas-plant-osm-way-975998573","lifecycleCounts":{"operational":1},"locationPrecision":"exact","name":"Кацельня Хатлянскай СШ","operatingCapacityCoverage":{"coveragePercent":0.0,"knownUnitCount":0,"method":"unavailable","totalUnitCount":0},"operatingCapacityMw":0.0,"operatingCapacityMwByTechnology":{},"plannedCapacityCoverage":{"coveragePercent":0.0,"knownUnitCount":0,"method":"unavailable","totalUnitCount":0},"plannedCapacityMw":0.0,"plannedCapacityMwByTechnology":{},"recordCount":1,"recordIds":["wattlas-record-osm-way-975998573"],"sourceIds":["openstreetmap-power"],"sourceUrl":"https://www.openstreetmap.org/way/975998573","technologies":["other"],"technologyMixMw":{"other":0.0},"unitCount":0,"unitIds":[]},"type":"Feature"},{"geometry":{"coordinates":[30.362386,53.850024],"type":"Point"},"id":"wattlas-plant-osm-way-977091160","properties":{"aliases":["Сонечная электрастанцыя"],"canonicalAnchor":"osm:way/977091160","canonicalCountryKey":"BY","capacityMw":2.0,"country":"BY","externalIds":{"osm":"way/977091160"},"geographyId":"BY-45462678B58682879627750","id":"wattlas-plant-osm-way-977091160","lifecycleCounts":{"operational":1},"locationPrecision":"exact","name":"Сонечная электрастанцыя","operatingCapacityCoverage":{"coveragePercent":100.0,"knownUnitCount":0,"method":"plant_aggregate","provenance":{"evidenceCount":0,"recordIds":["wattlas-record-osm-way-977091160"],"sourceIds":["openstreetmap-power"],"sourceTypes":["community_mapped"],"valueKind":"reported"},"totalUnitCount":0},"operatingCapacityMw":2.0,"operatingCapacityMwByTechnology":{"solar":2.0},"plannedCapacityCoverage":{"coveragePercent":0.0,"knownUnitCount":0,"method":"unavailable","totalUnitCount":0},"plannedCapacityMw":0.0,"plannedCapacityMwByTechnology":{},"recordCount":1,"recordIds":["wattlas-record-osm-way-977091160"],"sourceIds":["openstreetmap-power"],"sourceUrl":"https://www.openstreetmap.org/way/977091160","technologies":["solar"],"technologyMixMw":{"solar":2.0},"unitCount":0,"unitIds":[]},"type":"Feature"},{"geometry":{"coordinates":[29.855972,53.422468],"type":"Point"},"id":"wattlas-plant-wikidata-q11107574","properties":{"aliases":["Чыгірынская ГЭС"],"canonicalAnchor":"wikidata:Q11107574","canonicalCountryKey":"BY","capacityMw":1.5,"country":"BY","externalIds":{"osm":"way/372623261","wikidata":"Q11107574","wikipedia":"be:Чыгірынская ГЭС"},"geographyId":"BY-45462678B58682879627750","id":"wattlas-plant-wikidata-q11107574","idAliases":["wattlas-plant-osm-way-372623261"],"lifecycleCounts":{"operational":1},"locationPrecision":"exact","name":"Чыгірынская ГЭС","operatingCapacityCoverage":{"coveragePercent":100.0,"knownUnitCount":0,"method":"plant_aggregate","provenance":{"evidenceCount":0,"recordIds":["wattlas-record-osm-way-372623261"],"sourceIds":["openstreetmap-power"],"sourceTypes":["community_mapped"],"valueKind":"reported"},"totalUnitCount":0},"operatingCapacityMw":1.5,"operatingCapacityMwByTechnology":{"hydro":1.5},"plannedCapacityCoverage":{"coveragePercent":0.0,"knownUnitCount":0,"method":"unavailable","totalUnitCount":0},"plannedCapacityMw":0.0,"plannedCapacityMwByTechnology":{},"recordCount":1,"recordIds":["wattlas-record-osm-way-372623261"],"sourceIds":["openstreetmap-power"],"sourceUrl":"https://www.openstreetmap.org/way/372623261","technologies":["hydro"],"technologyMixMw":{"hydro":1.5},"unitCount":0,"unitIds":[]},"type":"Feature"},{"geometry":{"coordinates":[29.205034,53.188617],"type":"Point"},"id":"wattlas-plant-wikidata-q112112799","properties":{"aliases":["Бабруйская ЦЭЦ-2"],"canonicalAnchor":"wikidata:Q112112799","canonicalCountryKey":"BY","capacityMw":182.6,"country":"BY","externalIds":{"osm":"way/306351588","wikidata":"Q112112799"},"geographyId":"BY-45462678B58682879627750","id":"wattlas-plant-wikidata-q112112799","idAliases":["wattlas-plant-osm-way-306351588"],"lifecycleCounts":{"operational":1},"locationPrecision":"exact","name":"Бабруйская ЦЭЦ-2","operatingCapacityCoverage":{"coveragePercent":100.0,"knownUnitCount":0,"method":"plant_aggregate","provenance":{"evidenceCount":0,"recordIds":["wattlas-record-osm-way-306351588"],"sourceIds":["openstreetmap-power"],"sourceTypes":["community_mapped"],"valueKind":"reported"},"totalUnitCount":0},"operatingCapacityMw":182.6,"operatingCapacityMwByTechnology":{"gas":182.6},"plannedCapacityCoverage":{"coveragePercent":0.0,"knownUnitCount":0,"method":"unavailable","totalUnitCount":0},"plannedCapacityMw":0.0,"plannedCapacityMwByTechnology":{},"recordCount":1,"recordIds":["wattlas-record-osm-way-306351588"],"sourceIds":["openstreetmap-power"],"sourceUrl":"https://www.openstreetmap.org/way/306351588","technologies":["gas"],"technologyMixMw":{"gas":182.6},"unitCount":0,"unitIds":[]},"type":"Feature"},{"geometry":{"coordinates":[27.576429,53.883518],"type":"Point"},"id":"wattlas-plant-wikidata-q114025609","properties":{"aliases":["Мінская ЦЭЦ-2"],"canonicalAnchor":"wikidata:Q114025609","canonicalCountryKey":"BY","capacityMw":94.0,"country":"BY","externalIds":{"osm":"way/25326170","wikidata":"Q114025609","wikipedia":"be:Мінская ЦЭЦ-2"},"geographyId":"BY-45462678B57724394311820","id":"wattlas-plant-wikidata-q114025609","idAliases":["wattlas-plant-osm-way-25326170","wattlas-plant-wikipedia-be-2"],"lifecycleCounts":{"operational":1},"locationPrecision":"exact","name":"Мінская ЦЭЦ-2","operatingCapacityCoverage":{"coveragePercent":100.0,"knownUnitCount":0,"method":"plant_aggregate","provenance":{"evidenceCount":0,"recordIds":["wattlas-record-osm-way-25326170"],"sourceIds":["openstreetmap-power"],"sourceTypes":["community_mapped"],"valueKind":"reported"},"totalUnitCount":0},"operatingCapacityMw":94.0,"operatingCapacityMwByTechnology":{"gas":94.0},"plannedCapacityCoverage":{"coveragePercent":0.0,"knownUnitCount":0,"method":"unavailable","totalUnitCount":0},"plannedCapacityMw":0.0,"plannedCapacityMwByTechnology":{},"recordCount":1,"recordIds":["wattlas-record-osm-way-25326170"],"sourceIds":["openstreetmap-power"],"sourceUrl":"https://www.openstreetmap.org/way/25326170","technologies":["gas"],"technologyMixMw":{"gas":94.0},"unitCount":0,"unitIds":[]},"type":"Feature"},{"geometry":{"coordinates":[27.402011,53.871345],"type":"Point"},"id":"wattlas-plant-wikidata-q11989589","properties":{"aliases":["Мінская ЦЭЦ-4"],"canonicalAnchor":"wikidata:Q11989589","canonicalCountryKey":"BY","capacityMw":1035.0,"country":"BY","externalIds":{"osm":"way/402792252","wikidata":"Q11989589","wikipedia":"be:ЦЭЦ-4 (Мінск)"},"geographyId":"BY-45462678B52111461583443","id":"wattlas-plant-wikidata-q11989589","idAliases":["wattlas-plant-osm-way-402792252","wattlas-plant-wikipedia-be-4"],"lifecycleCounts":{"operational":1},"locationPrecision":"exact","name":"Мінская ЦЭЦ-4","operatingCapacityCoverage":{"coveragePercent":100.0,"knownUnitCount":0,"method":"plant_aggregate","provenance":{"evidenceCount":0,"recordIds":["wattlas-record-osm-way-402792252"],"sourceIds":["openstreetmap-power"],"sourceTypes":["community_mapped"],"valueKind":"reported"},"totalUnitCount":0},"operatingCapacityMw":1035.0,"operatingCapacityMwByTechnology":{"gas":1035.0},"plannedCapacityCoverage":{"coveragePercent":0.0,"knownUnitCount":0,"method":"unavailable","totalUnitCount":0},"plannedCapacityMw":0.0,"plannedCapacityMwByTechnology":{},"recordCount":1,"recordIds":["wattlas-record-osm-way-402792252"],"sourceIds":["openstreetmap-power"],"sourceUrl":"https://www.openstreetmap.org/way/402792252","technologies":["gas"],"technologyMixMw":{"gas":1035.0},"unitCount":0,"unitIds":[]},"type":"Feature"},{"geometry":{"coordinates":[28.947042,55.432892],"type":"Point"},"id":"wattlas-plant-wikidata-q13031997","properties":{"aliases":["Полацкая ГЭС"],"canonicalAnchor":"wikidata:Q13031997","canonicalCountryKey":"BY","capacityMw":21.66,"country":"BY","externalIds":{"osm":"relation/9969490","wikidata":"Q13031997","wikipedia":"be:Полацкая ГЭС"},"geographyId":"BY-45462678B24636394065255","id":"wattlas-plant-wikidata-q13031997","idAliases":["wattlas-plant-osm-relation-9969490"],"lifecycleCounts":{"operational":1},"locationPrecision":"exact","name":"Полацкая ГЭС","operatingCapacityCoverage":{"coveragePercent":100.0,"knownUnitCount":0,"method":"plant_aggregate","provenance":{"evidenceCount":0,"recordIds":["wattlas-record-osm-relation-9969490"],"sourceIds":["openstreetmap-power"],"sourceTypes":["community_mapped"],"valueKind":"reported"},"totalUnitCount":0},"operatingCapacityMw":21.66,"operatingCapacityMwByTechnology":{"hydro":21.66},"plannedCapacityCoverage":{"coveragePercent":0.0,"knownUnitCount":0,"method":"unavailable","totalUnitCount":0},"plannedCapacityMw":0.0,"plannedCapacityMwByTechnology":{},"recordCount":1,"recordIds":["wattlas-record-osm-relation-9969490"],"sourceIds":["openstreetmap-power"],"sourceUrl":"https://www.openstreetmap.org/relation/9969490","technologies":["hydro"],"technologyMixMw":{"hydro":21.66},"unitCount":0,"unitIds":[]},"type":"Feature"},{"geometry":{"coordinates":[30.159891,55.25105],"type":"Point"},"id":"wattlas-plant-wikidata-q17047208","properties":{"aliases":["Віцебская ГЭС"],"canonicalAnchor":"wikidata:Q17047208","canonicalCountryKey":"BY","capacityMw":40.0,"country":"BY","externalIds":{"osm":"way/467662202","wikidata":"Q17047208","wikipedia":"be:Віцебская ГЭС"},"geographyId":"BY-45462678B24636394065255","id":"wattlas-plant-wikidata-q17047208","idAliases":["wattlas-plant-osm-way-467662202"],"lifecycleCounts":{"operational":1},"locationPrecision":"exact","name":"Віцебская ГЭС","operatingCapacityCoverage":{"coveragePercent":100.0,"knownUnitCount":0,"method":"plant_aggregate","provenance":{"evidenceCount":0,"recordIds":["wattlas-record-osm-way-467662202"],"sourceIds":["openstreetmap-power"],"sourceTypes":["community_mapped"],"valueKind":"reported"},"totalUnitCount":0},"operatingCapacityMw":40.0,"operatingCapacityMwByTechnology":{"hydro":40.0},"plannedCapacityCoverage":{"coveragePercent":0.0,"knownUnitCount":0,"method":"unavailable","totalUnitCount":0},"plannedCapacityMw":0.0,"plannedCapacityMwByTechnology":{},"recordCount":1,"recordIds":["wattlas-record-osm-way-467662202"],"sourceIds":["openstreetmap-power"],"sourceUrl":"https://www.openstreetmap.org/way/467662202","technologies":["hydro"],"technologyMixMw":{"hydro":40.0},"unitCount":0,"unitIds":[]},"type":"Feature"},{"geometry":{"coordinates":[26.969817,54.493499],"type":"Point"},"id":"wattlas-plant-wikidata-q1982675","properties":{"aliases":["Вілейская МГЭС"],"canonicalAnchor":"wikidata:Q1982675","canonicalCountryKey":"BY","capacityMw":0.0,"country":"BY","externalIds":{"osm":"way/230774736","wikidata":"Q1982675"},"geographyId":"BY-45462678B52111461583443","id":"wattlas-plant-wikidata-q1982675","idAliases":["wattlas-plant-osm-way-230774736"],"lifecycleCounts":{"operational":1},"locationPrecision":"exact","name":"Вілейская МГЭС","operatingCapacityCoverage":{"coveragePercent":0.0,"knownUnitCount":0,"method":"unavailable","totalUnitCount":0},"operatingCapacityMw":0.0,"operatingCapacityMwByTechnology":{},"plannedCapacityCoverage":{"coveragePercent":0.0,"knownUnitCount":0,"method":"unavailable","totalUnitCount":0},"plannedCapacityMw":0.0,"plannedCapacityMwByTechnology":{},"recordCount":1,"recordIds":["wattlas-record-osm-way-230774736"],"sourceIds":["openstreetmap-power"],"sourceUrl":"https://www.openstreetmap.org/way/230774736","technologies":["other"],"technologyMixMw":{"other":0.0},"unitCount":0,"unitIds":[]},"type":"Feature"},{"geometry":{"coordinates":[29.135317,54.680046],"type":"Point"},"id":"wattlas-plant-wikidata-q2024774","properties":{"aliases":["Лукомская ДРЭС"],"canonicalAnchor":"wikidata:Q2024774","canonicalCountryKey":"BY","capacityMw":3044.3,"country":"BY","externalIds":{"osm":"way/165587171","wikidata":"Q2024774","wikipedia":"be:Лукомская ДРЭС"},"geographyId":"BY-45462678B24636394065255","id":"wattlas-plant-wikidata-q2024774","idAliases":["wattlas-plant-osm-way-165587171"],"lifecycleCounts":{"operational":1},"locationPrecision":"exact","name":"Лукомская ДРЭС","operatingCapacityCoverage":{"coveragePercent":100.0,"knownUnitCount":0,"method":"plant_aggregate","provenance":{"evidenceCount":0,"recordIds":["wattlas-record-osm-way-165587171"],"sourceIds":["openstreetmap-power"],"sourceTypes":["community_mapped"],"valueKind":"reported"},"totalUnitCount":0},"operatingCapacityMw":3044.3,"operatingCapacityMwByTechnology":{"gas":3044.3},"plannedCapacityCoverage":{"coveragePercent":0.0,"knownUnitCount":0,"method":"unavailable","totalUnitCount":0},"plannedCapacityMw":0.0,"plannedCapacityMwByTechnology":{},"recordCount":1,"recordIds":["wattlas-record-osm-way-165587171"],"sourceIds":["openstreetmap-power"],"sourceUrl":"https://www.openstreetmap.org/way/165587171","technologies":["gas"],"technologyMixMw":{"gas":3044.3},"unitCount":0,"unitIds":[]},"type":"Feature"},{"geometry":{"coordinates":[26.091923,54.762421],"type":"Point"},"id":"wattlas-plant-wikidata-q2639309","properties":{"aliases":["Беларуская АЭС"],"canonicalAnchor":"wikidata:Q2639309","canonicalCountryKey":"BY","capacityMw":2400.0,"country":"BY","externalIds":{"osm":"way/866733225","wikidata":"Q2639309","wikipedia":"be:Беларуская АЭС"},"geographyId":"BY-45462678B41589714648574","id":"wattlas-plant-wikidata-q2639309","idAliases":["wattlas-plant-osm-way-866733225"],"lifecycleCounts":{"operational":1},"locationPrecision":"exact","name":"Беларуская АЭС","operatingCapacityCoverage":{"coveragePercent":100.0,"knownUnitCount":0,"method":"plant_aggregate","provenance":{"evidenceCount":0,"recordIds":["wattlas-record-osm-way-866733225"],"sourceIds":["openstreetmap-power"],"sourceTypes":["community_mapped"],"valueKind":"reported"},"totalUnitCount":0},"operatingCapacityMw":2400.0,"operatingCapacityMwByTechnology":{"nuclear":2400.0},"plannedCapacityCoverage":{"coveragePercent":0.0,"knownUnitCount":0,"method":"unavailable","totalUnitCount":0},"plannedCapacityMw":0.0,"plannedCapacityMwByTechnology":{},"recordCount":1,"recordIds":["wattlas-record-osm-way-866733225"],"sourceIds":["openstreetmap-power"],"sourceUrl":"https://www.openstreetmap.org/way/866733225","technologies":["nuclear"],"technologyMixMw":{"nuclear":2400.0},"unitCount":0,"unitIds":[]},"type":"Feature"},{"geometry":{"coordinates":[27.648291,53.879114],"type":"Point"},"id":"wattlas-plant-wikidata-q3918662","properties":{"aliases":["Мінская ЦЭЦ-3"],"canonicalAnchor":"wikidata:Q3918662","canonicalCountryKey":"BY","capacityMw":542.0,"country":"BY","externalIds":{"osm":"way/159100079","wikidata":"Q3918662","wikipedia":"be:ЦЭЦ-3 (Мінск)"},"geographyId":"BY-45462678B57724394311820","id":"wattlas-plant-wikidata-q3918662","idAliases":["wattlas-plant-osm-way-159100079","wattlas-plant-wikipedia-be-3"],"lifecycleCounts":{"operational":1},"locationPrecision":"exact","name":"Мінская ЦЭЦ-3","operatingCapacityCoverage":{"coveragePercent":100.0,"knownUnitCount":0,"method":"plant_aggregate","provenance":{"evidenceCount":0,"recordIds":["wattlas-record-osm-way-159100079"],"sourceIds":["openstreetmap-power"],"sourceTypes":["community_mapped"],"valueKind":"reported"},"totalUnitCount":0},"operatingCapacityMw":542.0,"operatingCapacityMwByTechnology":{"gas":542.0},"plannedCapacityCoverage":{"coveragePercent":0.0,"knownUnitCount":0,"method":"unavailable","totalUnitCount":0},"plannedCapacityMw":0.0,"plannedCapacityMwByTechnology":{},"recordCount":1,"recordIds":["wattlas-record-osm-way-159100079"],"sourceIds":["openstreetmap-power"],"sourceUrl":"https://www.openstreetmap.org/way/159100079","technologies":["gas"],"technologyMixMw":{"gas":542.0},"unitCount":0,"unitIds":[]},"type":"Feature"},{"geometry":{"coordinates":[23.974121,53.644614],"type":"Point"},"id":"wattlas-plant-wikidata-q3920470","properties":{"aliases":["Гродзенская ГЭС"],"canonicalAnchor":"wikidata:Q3920470","canonicalCountryKey":"BY","capacityMw":17.8,"country":"BY","externalIds":{"osm":"relation/2969743","wikidata":"Q3920470","wikipedia":"be:Гродзенская ГЭС"},"geographyId":"BY-45462678B41589714648574","id":"wattlas-plant-wikidata-q3920470","idAliases":["wattlas-plant-osm-relation-2969743"],"lifecycleCounts":{"operational":1},"locationPrecision":"exact","name":"Гродзенская ГЭС","operatingCapacityCoverage":{"coveragePercent":100.0,"knownUnitCount":0,"method":"plant_aggregate","provenance":{"evidenceCount":0,"recordIds":["wattlas-record-osm-relation-2969743"],"sourceIds":["openstreetmap-power"],"sourceTypes":["community_mapped"],"valueKind":"reported"},"totalUnitCount":0},"operatingCapacityMw":17.8,"operatingCapacityMwByTechnology":{"hydro":17.8},"plannedCapacityCoverage":{"coveragePercent":0.0,"knownUnitCount":0,"method":"unavailable","totalUnitCount":0},"plannedCapacityMw":0.0,"plannedCapacityMwByTechnology":{},"recordCount":1,"recordIds":["wattlas-record-osm-relation-2969743"],"sourceIds":["openstreetmap-power"],"sourceUrl":"https://www.openstreetmap.org/relation/2969743","technologies":["hydro"],"technologyMixMw":{"hydro":17.8},"unitCount":0,"unitIds":[]},"type":"Feature"},{"geometry":{"coordinates":[26.685255,55.576595],"type":"Point"},"id":"wattlas-plant-wikidata-q3920637","properties":{"aliases":["ГЭС «Сяброўства народаў»"],"canonicalAnchor":"wikidata:Q3920637","canonicalCountryKey":"BY","capacityMw":0.0,"country":"BY","externalIds":{"osm":"way/439148761","wikidata":"Q3920637","wikipedia":"be:ГЭС Дружба народаў"},"geographyId":"BY-45462678B24636394065255","id":"wattlas-plant-wikidata-q3920637","idAliases":["wattlas-plant-osm-way-439148761"],"lifecycleCounts":{"operational":1},"locationPrecision":"exact","name":"ГЭС «Сяброўства народаў»","operatingCapacityCoverage":{"coveragePercent":0.0,"knownUnitCount":0,"method":"unavailable","totalUnitCount":0},"operatingCapacityMw":0.0,"operatingCapacityMwByTechnology":{},"plannedCapacityCoverage":{"coveragePercent":0.0,"knownUnitCount":0,"method":"unavailable","totalUnitCount":0},"plannedCapacityMw":0.0,"plannedCapacityMwByTechnology":{},"recordCount":1,"recordIds":["wattlas-record-osm-way-439148761"],"sourceIds":["openstreetmap-power"],"sourceUrl":"https://www.openstreetmap.org/way/439148761","technologies":["hydro"],"technologyMixMw":{"hydro":0.0},"unitCount":0,"unitIds":[]},"type":"Feature"},{"geometry":{"coordinates":[28.67973,53.356899],"type":"Point"},"id":"wattlas-plant-wikidata-q3920877","properties":{"aliases":["Асіповіцкая ГЭС"],"canonicalAnchor":"wikidata:Q3920877","canonicalCountryKey":"BY","capacityMw":2.175,"country":"BY","externalIds":{"osm":"way/601695864","wikidata":"Q3920877","wikipedia":"be:Асіповіцкая ГЭС"},"geographyId":"BY-45462678B58682879627750","id":"wattlas-plant-wikidata-q3920877","idAliases":["wattlas-plant-osm-way-601695864"],"lifecycleCounts":{"operational":1},"locationPrecision":"exact","name":"Асіповіцкая ГЭС","operatingCapacityCoverage":{"coveragePercent":100.0,"knownUnitCount":0,"method":"plant_aggregate","provenance":{"evidenceCount":0,"recordIds":["wattlas-record-osm-way-601695864"],"sourceIds":["openstreetmap-power"],"sourceTypes":["community_mapped"],"valueKind":"reported"},"totalUnitCount":0},"operatingCapacityMw":2.175,"operatingCapacityMwByTechnology":{"hydro":2.175},"plannedCapacityCoverage":{"coveragePercent":0.0,"knownUnitCount":0,"method":"unavailable","totalUnitCount":0},"plannedCapacityMw":0.0,"plannedCapacityMwByTechnology":{},"recordCount":1,"recordIds":["wattlas-record-osm-way-601695864"],"sourceIds":["openstreetmap-power"],"sourceUrl":"https://www.openstreetmap.org/way/601695864","technologies":["hydro"],"technologyMixMw":{"hydro":2.175},"unitCount":0,"unitIds":[]},"type":"Feature"},{"geometry":{"coordinates":[27.950239,53.611501],"type":"Point"},"id":"wattlas-plant-wikidata-q4295189","properties":{"aliases":["Мінская ЦЭЦ-5"],"canonicalAnchor":"wikidata:Q4295189","canonicalCountryKey":"BY","capacityMw":720.0,"country":"BY","externalIds":{"osm":"way/763329533","wikidata":"Q4295189","wikipedia":"be:Мінская ЦЭЦ-5"},"geographyId":"BY-45462678B52111461583443","id":"wattlas-plant-wikidata-q4295189","idAliases":["wattlas-plant-osm-way-763329533","wattlas-plant-wikipedia-be-5"],"lifecycleCounts":{"operational":1},"locationPrecision":"exact","name":"Мінская ЦЭЦ-5","operatingCapacityCoverage":{"coveragePercent":100.0,"knownUnitCount":0,"method":"plant_aggregate","provenance":{"evidenceCount":0,"recordIds":["wattlas-record-osm-way-763329533"],"sourceIds":["openstreetmap-power"],"sourceTypes":["community_mapped"],"valueKind":"reported"},"totalUnitCount":0},"operatingCapacityMw":720.0,"operatingCapacityMwByTechnology":{"gas":720.0},"plannedCapacityCoverage":{"coveragePercent":0.0,"knownUnitCount":0,"method":"unavailable","totalUnitCount":0},"plannedCapacityMw":0.0,"plannedCapacityMwByTechnology":{},"recordCount":1,"recordIds":["wattlas-record-osm-way-763329533"],"sourceIds":["openstreetmap-power"],"sourceUrl":"https://www.openstreetmap.org/way/763329533","technologies":["gas"],"technologyMixMw":{"gas":720.0},"unitCount":0,"unitIds":[]},"type":"Feature"},{"geometry":{"coordinates":[29.313643,51.905059],"type":"Point"},"id":"wattlas-plant-wikidata-q4299676","properties":{"aliases":["Мазырская ЦЭЦ"],"canonicalAnchor":"wikidata:Q4299676","canonicalCountryKey":"BY","capacityMw":205.0,"country":"BY","externalIds":{"osm":"way/315425399","wikidata":"Q4299676","wikipedia":"be:Мазырская ЦЭЦ"},"geographyId":"BY-45462678B94500211462696","id":"wattlas-plant-wikidata-q4299676","idAliases":["wattlas-plant-osm-way-315425399"],"lifecycleCounts":{"operational":1},"locationPrecision":"exact","name":"Мазырская ЦЭЦ","operatingCapacityCoverage":{"coveragePercent":100.0,"knownUnitCount":0,"method":"plant_aggregate","provenance":{"evidenceCount":0,"recordIds":["wattlas-record-osm-way-315425399"],"sourceIds":["openstreetmap-power"],"sourceTypes":["community_mapped"],"valueKind":"reported"},"totalUnitCount":0},"operatingCapacityMw":205.0,"operatingCapacityMwByTechnology":{"gas":205.0},"plannedCapacityCoverage":{"coveragePercent":0.0,"knownUnitCount":0,"method":"unavailable","totalUnitCount":0},"plannedCapacityMw":0.0,"plannedCapacityMwByTechnology":{},"recordCount":1,"recordIds":["wattlas-record-osm-way-315425399"],"sourceIds":["openstreetmap-power"],"sourceUrl":"https://www.openstreetmap.org/way/315425399","technologies":["gas"],"technologyMixMw":{"gas":205.0},"unitCount":0,"unitIds":[]},"type":"Feature"},{"geometry":{"coordinates":[29.769903,52.626576],"type":"Point"},"id":"wattlas-plant-wikidata-q4410376","properties":{"aliases":["Светлагорская ЦЭЦ"],"canonicalAnchor":"wikidata:Q4410376","canonicalCountryKey":"BY","capacityMw":155.0,"country":"BY","externalIds":{"osm":"way/825290320","wikidata":"Q4410376","wikipedia":"be:Светлагорская ЦЭЦ"},"geographyId":"BY-45462678B94500211462696","id":"wattlas-plant-wikidata-q4410376","idAliases":["wattlas-plant-osm-way-825290320"],"lifecycleCounts":{"operational":1},"locationPrecision":"exact","name":"Светлагорская ЦЭЦ","operatingCapacityCoverage":{"coveragePercent":100.0,"knownUnitCount":0,"method":"plant_aggregate","provenance":{"evidenceCount":0,"recordIds":["wattlas-record-osm-way-825290320"],"sourceIds":["openstreetmap-power"],"sourceTypes":["community_mapped"],"valueKind":"reported"},"totalUnitCount":0},"operatingCapacityMw":155.0,"operatingCapacityMwByTechnology":{"gas":155.0},"plannedCapacityCoverage":{"coveragePercent":0.0,"knownUnitCount":0,"method":"unavailable","totalUnitCount":0},"plannedCapacityMw":0.0,"plannedCapacityMwByTechnology":{},"recordCount":1,"recordIds":["wattlas-record-osm-way-825290320"],"sourceIds":["openstreetmap-power"],"sourceUrl":"https://www.openstreetmap.org/way/825290320","technologies":["gas"],"technologyMixMw":{"gas":155.0},"unitCount":0,"unitIds":[]},"type":"Feature"},{"geometry":{"coordinates":[27.218241,55.114239],"type":"Point"},"id":"wattlas-plant-wikidata-q47343007","properties":{"aliases":["Міні-ГЭС «Алешына»"],"canonicalAnchor":"wikidata:Q47343007","canonicalCountryKey":"BY","capacityMw":0.0,"country":"BY","externalIds":{"osm":"way/552895877","wikidata":"Q47343007","wikipedia":"be:Міні-ГЭС «Алешына»"},"geographyId":"BY-45462678B24636394065255","id":"wattlas-plant-wikidata-q47343007","idAliases":["wattlas-plant-osm-way-552895877"],"lifecycleCounts":{"operational":1},"locationPrecision":"exact","name":"Міні-ГЭС «Алешына»","operatingCapacityCoverage":{"coveragePercent":0.0,"knownUnitCount":0,"method":"unavailable","totalUnitCount":0},"operatingCapacityMw":0.0,"operatingCapacityMwByTechnology":{},"plannedCapacityCoverage":{"coveragePercent":0.0,"knownUnitCount":0,"method":"unavailable","totalUnitCount":0},"plannedCapacityMw":0.0,"plannedCapacityMwByTechnology":{},"recordCount":1,"recordIds":["wattlas-record-osm-way-552895877"],"sourceIds":["openstreetmap-power"],"sourceUrl":"https://www.openstreetmap.org/way/552895877","technologies":["hydro"],"technologyMixMw":{"hydro":0.0},"unitCount":0,"unitIds":[]},"type":"Feature"},{"geometry":{"coordinates":[30.391967,54.48085],"type":"Point"},"id":"wattlas-plant-wikidata-q60583697","properties":{"aliases":["Аршанская ЦЭЦ"],"canonicalAnchor":"wikidata:Q60583697","canonicalCountryKey":"BY","capacityMw":67.0,"country":"BY","externalIds":{"osm":"relation/8506649","wikidata":"Q60583697","wikipedia":"be:Аршанская ЦЭЦ"},"geographyId":"BY-45462678B24636394065255","id":"wattlas-plant-wikidata-q60583697","idAliases":["wattlas-plant-osm-relation-8506649"],"lifecycleCounts":{"operational":1},"locationPrecision":"exact","name":"Аршанская ЦЭЦ","operatingCapacityCoverage":{"coveragePercent":100.0,"knownUnitCount":0,"method":"plant_aggregate","provenance":{"evidenceCount":0,"recordIds":["wattlas-record-osm-relation-8506649"],"sourceIds":["openstreetmap-power"],"sourceTypes":["community_mapped"],"valueKind":"reported"},"totalUnitCount":0},"operatingCapacityMw":67.0,"operatingCapacityMwByTechnology":{"gas":67.0},"plannedCapacityCoverage":{"coveragePercent":0.0,"knownUnitCount":0,"method":"unavailable","totalUnitCount":0},"plannedCapacityMw":0.0,"plannedCapacityMwByTechnology":{},"recordCount":1,"recordIds":["wattlas-record-osm-relation-8506649"],"sourceIds":["openstreetmap-power"],"sourceUrl":"https://www.openstreetmap.org/relation/8506649","technologies":["gas"],"technologyMixMw":{"gas":67.0},"unitCount":0,"unitIds":[]},"type":"Feature"},{"geometry":{"coordinates":[23.926296,53.667805],"type":"Point"},"id":"wattlas-plant-wikidata-q96064752-088ca3e836","properties":{"aliases":["Гродзенская ЦЭЦ-2"],"canonicalAnchor":"wikidata:Q96064752","canonicalCountryKey":"BY","capacityMw":180.75,"country":"BY","externalIds":{"osm":"relation/2969821","wikidata":"Q96064752"},"geographyId":"BY-45462678B41589714648574","id":"wattlas-plant-wikidata-q96064752-088ca3e836","idAliases":["wattlas-plant-osm-relation-2969821","wattlas-plant-wikidata-q96064752"],"lifecycleCounts":{"operational":1},"locationPrecision":"exact","name":"Гродзенская ЦЭЦ-2","operatingCapacityCoverage":{"coveragePercent":100.0,"knownUnitCount":0,"method":"plant_aggregate","provenance":{"evidenceCount":0,"recordIds":["wattlas-record-osm-relation-2969821"],"sourceIds":["openstreetmap-power"],"sourceTypes":["community_mapped"],"valueKind":"reported"},"totalUnitCount":0},"operatingCapacityMw":180.75,"operatingCapacityMwByTechnology":{"gas":180.75},"plannedCapacityCoverage":{"coveragePercent":0.0,"knownUnitCount":0,"method":"unavailable","totalUnitCount":0},"plannedCapacityMw":0.0,"plannedCapacityMwByTechnology":{},"recordCount":1,"recordIds":["wattlas-record-osm-relation-2969821"],"sourceIds":["openstreetmap-power"],"sourceUrl":"https://www.openstreetmap.org/relation/2969821","technologies":["gas"],"technologyMixMw":{"gas":180.75},"unitCount":0,"unitIds":[]},"type":"Feature"},{"geometry":{"coordinates":[23.926296,53.667805],"type":"Point"},"id":"wattlas-plant-wikidata-q96064752-3f7d1593cf","properties":{"aliases":["Гродзенская цеплаэлектрацэнтраль-2"],"canonicalAnchor":"wikidata:Q96064752","canonicalCountryKey":"BY","capacityMw":312.45,"country":"BY","externalIds":{"osm":"way/223767630","wikidata":"Q96064752"},"geographyId":"BY-45462678B41589714648574","id":"wattlas-plant-wikidata-q96064752-3f7d1593cf","idAliases":["wattlas-plant-osm-way-223767630"],"lifecycleCounts":{"operational":1},"locationPrecision":"exact","name":"Гродзенская цеплаэлектрацэнтраль-2","operatingCapacityCoverage":{"coveragePercent":100.0,"knownUnitCount":0,"method":"plant_aggregate","provenance":{"evidenceCount":0,"recordIds":["wattlas-record-osm-way-223767630"],"sourceIds":["openstreetmap-power"],"sourceTypes":["community_mapped"],"valueKind":"reported"},"totalUnitCount":0},"operatingCapacityMw":312.45,"operatingCapacityMwByTechnology":{"gas":312.45},"plannedCapacityCoverage":{"coveragePercent":0.0,"knownUnitCount":0,"method":"unavailable","totalUnitCount":0},"plannedCapacityMw":0.0,"plannedCapacityMwByTechnology":{},"recordCount":1,"recordIds":["wattlas-record-osm-way-223767630"],"sourceIds":["openstreetmap-power"],"sourceUrl":"https://www.openstreetmap.org/way/223767630","technologies":["gas"],"technologyMixMw":{"gas":312.45},"unitCount":0,"unitIds":[]},"type":"Feature"}],"type":"FeatureCollection"}