{"features":[{"geometry":{"coordinates":[172.675512,-41.90548],"type":"Point"},"id":"wattlas-plant-osm-node-10573823001","properties":{"aliases":["Rotoroa Hydro-electric Scheme"],"canonicalAnchor":"osm:node/10573823001","canonicalCountryKey":"NZ","capacityMw":0.0,"country":"NZ","externalIds":{"osm":"node/10573823001"},"geographyId":"NZ-40311993B18940272977460","id":"wattlas-plant-osm-node-10573823001","lifecycleCounts":{"announced":1},"locationPrecision":"exact","name":"Rotoroa Hydro-electric Scheme","operatingCapacityCoverage":{"coveragePercent":0.0,"knownUnitCount":0,"method":"unavailable","totalUnitCount":0},"operatingCapacityMw":0.0,"operatingCapacityMwByTechnology":{},"plannedCapacityCoverage":{"coveragePercent":0.0,"knownUnitCount":0,"method":"unavailable","totalUnitCount":0},"plannedCapacityMw":0.0,"plannedCapacityMwByTechnology":{},"recordCount":1,"recordIds":["wattlas-record-osm-node-10573823001"],"sourceIds":["openstreetmap-power"],"technologies":["other"],"technologyMixMw":{"other":0.0},"unitCount":0,"unitIds":[]},"type":"Feature"},{"geometry":{"coordinates":[172.480048,-41.81109],"type":"Point"},"id":"wattlas-plant-osm-node-10573823002","properties":{"aliases":["Braeburn Hydro-electric Scheme"],"canonicalAnchor":"osm:node/10573823002","canonicalCountryKey":"NZ","capacityMw":0.0,"country":"NZ","externalIds":{"osm":"node/10573823002"},"geographyId":"NZ-40311993B18940272977460","id":"wattlas-plant-osm-node-10573823002","lifecycleCounts":{"announced":1},"locationPrecision":"exact","name":"Braeburn Hydro-electric Scheme","operatingCapacityCoverage":{"coveragePercent":0.0,"knownUnitCount":0,"method":"unavailable","totalUnitCount":0},"operatingCapacityMw":0.0,"operatingCapacityMwByTechnology":{},"plannedCapacityCoverage":{"coveragePercent":0.0,"knownUnitCount":0,"method":"unavailable","totalUnitCount":0},"plannedCapacityMw":0.0,"plannedCapacityMwByTechnology":{},"recordCount":1,"recordIds":["wattlas-record-osm-node-10573823002"],"sourceIds":["openstreetmap-power"],"technologies":["other"],"technologyMixMw":{"other":0.0},"unitCount":0,"unitIds":[]},"type":"Feature"},{"geometry":{"coordinates":[173.860939,-35.409661],"type":"Point"},"id":"wattlas-plant-osm-relation-11871344","properties":{"aliases":["Ngāwhā Geothermal Power Station"],"canonicalAnchor":"osm:relation/11871344","canonicalCountryKey":"NZ","capacityMw":75.0,"country":"NZ","externalIds":{"osm":"relation/11871344"},"geographyId":"NZ-40311993B95835387341305","id":"wattlas-plant-osm-relation-11871344","lifecycleCounts":{"operational":1},"locationPrecision":"exact","name":"Ngāwhā Geothermal Power Station","operatingCapacityCoverage":{"coveragePercent":100.0,"knownUnitCount":0,"method":"plant_aggregate","provenance":{"evidenceCount":0,"recordIds":["wattlas-record-osm-relation-11871344"],"sourceIds":["openstreetmap-power"],"sourceTypes":["community_mapped"],"valueKind":"reported"},"totalUnitCount":0},"operatingCapacityMw":75.0,"operatingCapacityMwByTechnology":{"geothermal":75.0},"plannedCapacityCoverage":{"coveragePercent":0.0,"knownUnitCount":0,"method":"unavailable","totalUnitCount":0},"plannedCapacityMw":0.0,"plannedCapacityMwByTechnology":{},"recordCount":1,"recordIds":["wattlas-record-osm-relation-11871344"],"sourceIds":["openstreetmap-power"],"technologies":["geothermal"],"technologyMixMw":{"geothermal":75.0},"unitCount":0,"unitIds":[]},"type":"Feature"},{"geometry":{"coordinates":[172.732253,-41.086285],"type":"Point"},"id":"wattlas-plant-osm-relation-12200238","properties":{"aliases":["Cobb Power Station"],"canonicalAnchor":"osm:relation/12200238","canonicalCountryKey":"NZ","capacityMw":32.0,"country":"NZ","externalIds":{"osm":"relation/12200238"},"geographyId":"NZ-40311993B18940272977460","id":"wattlas-plant-osm-relation-12200238","lifecycleCounts":{"operational":1},"locationPrecision":"exact","name":"Cobb Power Station","operatingCapacityCoverage":{"coveragePercent":100.0,"knownUnitCount":0,"method":"plant_aggregate","provenance":{"evidenceCount":0,"recordIds":["wattlas-record-osm-relation-12200238"],"sourceIds":["openstreetmap-power"],"sourceTypes":["community_mapped"],"valueKind":"reported"},"totalUnitCount":0},"operatingCapacityMw":32.0,"operatingCapacityMwByTechnology":{"hydro":32.0},"plannedCapacityCoverage":{"coveragePercent":0.0,"knownUnitCount":0,"method":"unavailable","totalUnitCount":0},"plannedCapacityMw":0.0,"plannedCapacityMwByTechnology":{},"recordCount":1,"recordIds":["wattlas-record-osm-relation-12200238"],"sourceIds":["openstreetmap-power"],"technologies":["hydro"],"technologyMixMw":{"hydro":32.0},"unitCount":0,"unitIds":[]},"type":"Feature"},{"geometry":{"coordinates":[170.193581,-44.566379],"type":"Point"},"id":"wattlas-plant-osm-relation-12455469","properties":{"aliases":["Benmore Hydro-electric Scheme"],"canonicalAnchor":"osm:relation/12455469","canonicalCountryKey":"NZ","capacityMw":540.0,"country":"NZ","externalIds":{"osm":"relation/12455469"},"geographyId":"NZ-40311993B76352407092523","id":"wattlas-plant-osm-relation-12455469","lifecycleCounts":{"operational":1},"locationPrecision":"exact","name":"Benmore Hydro-electric Scheme","operatingCapacityCoverage":{"coveragePercent":100.0,"knownUnitCount":0,"method":"plant_aggregate","provenance":{"evidenceCount":0,"recordIds":["wattlas-record-osm-relation-12455469"],"sourceIds":["openstreetmap-power"],"sourceTypes":["community_mapped"],"valueKind":"reported"},"totalUnitCount":0},"operatingCapacityMw":540.0,"operatingCapacityMwByTechnology":{"hydro":540.0},"plannedCapacityCoverage":{"coveragePercent":0.0,"knownUnitCount":0,"method":"unavailable","totalUnitCount":0},"plannedCapacityMw":0.0,"plannedCapacityMwByTechnology":{},"recordCount":1,"recordIds":["wattlas-record-osm-relation-12455469"],"sourceIds":["openstreetmap-power"],"technologies":["hydro"],"technologyMixMw":{"hydro":540.0},"unitCount":0,"unitIds":[]},"type":"Feature"},{"geometry":{"coordinates":[169.775865,-46.05364],"type":"Point"},"id":"wattlas-plant-osm-relation-12545873","properties":{"aliases":["Mount Stewart Wind Farm"],"canonicalAnchor":"osm:relation/12545873","canonicalCountryKey":"NZ","capacityMw":7.65,"country":"NZ","externalIds":{"osm":"relation/12545873"},"geographyId":"NZ-40311993B75469314212010","id":"wattlas-plant-osm-relation-12545873","lifecycleCounts":{"operational":1},"locationPrecision":"exact","name":"Mount Stewart Wind Farm","operatingCapacityCoverage":{"coveragePercent":100.0,"knownUnitCount":0,"method":"plant_aggregate","provenance":{"evidenceCount":0,"recordIds":["wattlas-record-osm-relation-12545873"],"sourceIds":["openstreetmap-power"],"sourceTypes":["community_mapped"],"valueKind":"reported"},"totalUnitCount":0},"operatingCapacityMw":7.65,"operatingCapacityMwByTechnology":{"wind":7.65},"plannedCapacityCoverage":{"coveragePercent":0.0,"knownUnitCount":0,"method":"unavailable","totalUnitCount":0},"plannedCapacityMw":0.0,"plannedCapacityMwByTechnology":{},"recordCount":1,"recordIds":["wattlas-record-osm-relation-12545873"],"sourceIds":["openstreetmap-power"],"technologies":["wind"],"technologyMixMw":{"wind":7.65},"unitCount":0,"unitIds":[]},"type":"Feature"},{"geometry":{"coordinates":[170.020921,-45.925253],"type":"Point"},"id":"wattlas-plant-osm-relation-12550511","properties":{"aliases":["Waipori 4 Power Station"],"canonicalAnchor":"osm:relation/12550511","canonicalCountryKey":"NZ","capacityMw":8.0,"country":"NZ","externalIds":{"osm":"relation/12550511"},"geographyId":"NZ-40311993B75469314212010","id":"wattlas-plant-osm-relation-12550511","lifecycleCounts":{"operational":1},"locationPrecision":"exact","name":"Waipori 4 Power Station","operatingCapacityCoverage":{"coveragePercent":100.0,"knownUnitCount":0,"method":"plant_aggregate","provenance":{"evidenceCount":0,"recordIds":["wattlas-record-osm-relation-12550511"],"sourceIds":["openstreetmap-power"],"sourceTypes":["community_mapped"],"valueKind":"reported"},"totalUnitCount":0},"operatingCapacityMw":8.0,"operatingCapacityMwByTechnology":{"hydro":8.0},"plannedCapacityCoverage":{"coveragePercent":0.0,"knownUnitCount":0,"method":"unavailable","totalUnitCount":0},"plannedCapacityMw":0.0,"plannedCapacityMwByTechnology":{},"recordCount":1,"recordIds":["wattlas-record-osm-relation-12550511"],"sourceIds":["openstreetmap-power"],"technologies":["hydro"],"technologyMixMw":{"hydro":8.0},"unitCount":0,"unitIds":[]},"type":"Feature"},{"geometry":{"coordinates":[169.991881,-45.91676],"type":"Point"},"id":"wattlas-plant-osm-relation-12550512","properties":{"aliases":["Waipori 3 Power Station"],"canonicalAnchor":"osm:relation/12550512","canonicalCountryKey":"NZ","capacityMw":7.6,"country":"NZ","externalIds":{"osm":"relation/12550512"},"geographyId":"NZ-40311993B75469314212010","id":"wattlas-plant-osm-relation-12550512","lifecycleCounts":{"operational":1},"locationPrecision":"exact","name":"Waipori 3 Power Station","operatingCapacityCoverage":{"coveragePercent":100.0,"knownUnitCount":0,"method":"plant_aggregate","provenance":{"evidenceCount":0,"recordIds":["wattlas-record-osm-relation-12550512"],"sourceIds":["openstreetmap-power"],"sourceTypes":["community_mapped"],"valueKind":"reported"},"totalUnitCount":0},"operatingCapacityMw":7.6,"operatingCapacityMwByTechnology":{"hydro":7.6},"plannedCapacityCoverage":{"coveragePercent":0.0,"knownUnitCount":0,"method":"unavailable","totalUnitCount":0},"plannedCapacityMw":0.0,"plannedCapacityMwByTechnology":{},"recordCount":1,"recordIds":["wattlas-record-osm-relation-12550512"],"sourceIds":["openstreetmap-power"],"technologies":["hydro"],"technologyMixMw":{"hydro":7.6},"unitCount":0,"unitIds":[]},"type":"Feature"},{"geometry":{"coordinates":[169.98589,-45.905515],"type":"Point"},"id":"wattlas-plant-osm-relation-12550513","properties":{"aliases":["Waipori 2A Power Station"],"canonicalAnchor":"osm:relation/12550513","canonicalCountryKey":"NZ","capacityMw":58.0,"country":"NZ","externalIds":{"osm":"relation/12550513"},"geographyId":"NZ-40311993B75469314212010","id":"wattlas-plant-osm-relation-12550513","lifecycleCounts":{"operational":1},"locationPrecision":"exact","name":"Waipori 2A Power Station","operatingCapacityCoverage":{"coveragePercent":100.0,"knownUnitCount":0,"method":"plant_aggregate","provenance":{"evidenceCount":0,"recordIds":["wattlas-record-osm-relation-12550513"],"sourceIds":["openstreetmap-power"],"sourceTypes":["community_mapped"],"valueKind":"reported"},"totalUnitCount":0},"operatingCapacityMw":58.0,"operatingCapacityMwByTechnology":{"hydro":58.0},"plannedCapacityCoverage":{"coveragePercent":0.0,"knownUnitCount":0,"method":"unavailable","totalUnitCount":0},"plannedCapacityMw":0.0,"plannedCapacityMwByTechnology":{},"recordCount":1,"recordIds":["wattlas-record-osm-relation-12550513"],"sourceIds":["openstreetmap-power"],"technologies":["hydro"],"technologyMixMw":{"hydro":58.0},"unitCount":0,"unitIds":[]},"type":"Feature"},{"geometry":{"coordinates":[169.977413,-45.881273],"type":"Point"},"id":"wattlas-plant-osm-relation-12550514","properties":{"aliases":["Waipori 1A Power Station"],"canonicalAnchor":"osm:relation/12550514","canonicalCountryKey":"NZ","capacityMw":10.0,"country":"NZ","externalIds":{"osm":"relation/12550514"},"geographyId":"NZ-40311993B75469314212010","id":"wattlas-plant-osm-relation-12550514","lifecycleCounts":{"operational":1},"locationPrecision":"exact","name":"Waipori 1A Power Station","operatingCapacityCoverage":{"coveragePercent":100.0,"knownUnitCount":0,"method":"plant_aggregate","provenance":{"evidenceCount":0,"recordIds":["wattlas-record-osm-relation-12550514"],"sourceIds":["openstreetmap-power"],"sourceTypes":["community_mapped"],"valueKind":"reported"},"totalUnitCount":0},"operatingCapacityMw":10.0,"operatingCapacityMwByTechnology":{"hydro":10.0},"plannedCapacityCoverage":{"coveragePercent":0.0,"knownUnitCount":0,"method":"unavailable","totalUnitCount":0},"plannedCapacityMw":0.0,"plannedCapacityMwByTechnology":{},"recordCount":1,"recordIds":["wattlas-record-osm-relation-12550514"],"sourceIds":["openstreetmap-power"],"technologies":["hydro"],"technologyMixMw":{"hydro":10.0},"unitCount":0,"unitIds":[]},"type":"Feature"},{"geometry":{"coordinates":[174.567413,-39.54651],"type":"Point"},"id":"wattlas-plant-osm-relation-12550529","properties":{"aliases":["Pātea Power Station"],"canonicalAnchor":"osm:relation/12550529","canonicalCountryKey":"NZ","capacityMw":32.0,"country":"NZ","externalIds":{"osm":"relation/12550529"},"geographyId":"NZ-40311993B7212192632593","id":"wattlas-plant-osm-relation-12550529","lifecycleCounts":{"operational":1},"locationPrecision":"exact","name":"Pātea Power Station","operatingCapacityCoverage":{"coveragePercent":100.0,"knownUnitCount":0,"method":"plant_aggregate","provenance":{"evidenceCount":0,"recordIds":["wattlas-record-osm-relation-12550529"],"sourceIds":["openstreetmap-power"],"sourceTypes":["community_mapped"],"valueKind":"reported"},"totalUnitCount":0},"operatingCapacityMw":32.0,"operatingCapacityMwByTechnology":{"hydro":32.0},"plannedCapacityCoverage":{"coveragePercent":0.0,"knownUnitCount":0,"method":"unavailable","totalUnitCount":0},"plannedCapacityMw":0.0,"plannedCapacityMwByTechnology":{},"recordCount":1,"recordIds":["wattlas-record-osm-relation-12550529"],"sourceIds":["openstreetmap-power"],"technologies":["hydro"],"technologyMixMw":{"hydro":32.0},"unitCount":0,"unitIds":[]},"type":"Feature"},{"geometry":{"coordinates":[168.284692,-46.580305],"type":"Point"},"id":"wattlas-plant-osm-relation-12556046","properties":{"aliases":["Flat Hill Wind Farm"],"canonicalAnchor":"osm:relation/12556046","canonicalCountryKey":"NZ","capacityMw":6.8,"country":"NZ","externalIds":{"osm":"relation/12556046"},"geographyId":"NZ-40311993B33496206587618","id":"wattlas-plant-osm-relation-12556046","lifecycleCounts":{"operational":1},"locationPrecision":"exact","name":"Flat Hill Wind Farm","operatingCapacityCoverage":{"coveragePercent":100.0,"knownUnitCount":0,"method":"plant_aggregate","provenance":{"evidenceCount":0,"recordIds":["wattlas-record-osm-relation-12556046"],"sourceIds":["openstreetmap-power"],"sourceTypes":["community_mapped"],"valueKind":"reported"},"totalUnitCount":0},"operatingCapacityMw":6.8,"operatingCapacityMwByTechnology":{"wind":6.8},"plannedCapacityCoverage":{"coveragePercent":0.0,"knownUnitCount":0,"method":"unavailable","totalUnitCount":0},"plannedCapacityMw":0.0,"plannedCapacityMwByTechnology":{},"recordCount":1,"recordIds":["wattlas-record-osm-relation-12556046"],"sourceIds":["openstreetmap-power"],"technologies":["wind"],"technologyMixMw":{"wind":6.8},"unitCount":0,"unitIds":[]},"type":"Feature"},{"geometry":{"coordinates":[169.302309,-45.205926],"type":"Point"},"id":"wattlas-plant-osm-relation-12568408","properties":{"aliases":["Fraser Power Station"],"canonicalAnchor":"osm:relation/12568408","canonicalCountryKey":"NZ","capacityMw":2.8,"country":"NZ","externalIds":{"osm":"relation/12568408"},"geographyId":"NZ-40311993B75469314212010","id":"wattlas-plant-osm-relation-12568408","lifecycleCounts":{"operational":1},"locationPrecision":"exact","name":"Fraser Power Station","operatingCapacityCoverage":{"coveragePercent":100.0,"knownUnitCount":0,"method":"plant_aggregate","provenance":{"evidenceCount":0,"recordIds":["wattlas-record-osm-relation-12568408"],"sourceIds":["openstreetmap-power"],"sourceTypes":["community_mapped"],"valueKind":"reported"},"totalUnitCount":0},"operatingCapacityMw":2.8,"operatingCapacityMwByTechnology":{"hydro":2.8},"plannedCapacityCoverage":{"coveragePercent":0.0,"knownUnitCount":0,"method":"unavailable","totalUnitCount":0},"plannedCapacityMw":0.0,"plannedCapacityMwByTechnology":{},"recordCount":1,"recordIds":["wattlas-record-osm-relation-12568408"],"sourceIds":["openstreetmap-power"],"technologies":["hydro"],"technologyMixMw":{"hydro":2.8},"unitCount":0,"unitIds":[]},"type":"Feature"},{"geometry":{"coordinates":[169.513515,-45.756068],"type":"Point"},"id":"wattlas-plant-osm-relation-12568531","properties":{"aliases":["Talla Burn Power Station"],"canonicalAnchor":"osm:relation/12568531","canonicalCountryKey":"NZ","capacityMw":2.6,"country":"NZ","externalIds":{"osm":"relation/12568531"},"geographyId":"NZ-40311993B75469314212010","id":"wattlas-plant-osm-relation-12568531","lifecycleCounts":{"operational":1},"locationPrecision":"exact","name":"Talla Burn Power Station","operatingCapacityCoverage":{"coveragePercent":100.0,"knownUnitCount":0,"method":"plant_aggregate","provenance":{"evidenceCount":0,"recordIds":["wattlas-record-osm-relation-12568531"],"sourceIds":["openstreetmap-power"],"sourceTypes":["community_mapped"],"valueKind":"reported"},"totalUnitCount":0},"operatingCapacityMw":2.6,"operatingCapacityMwByTechnology":{"hydro":2.6},"plannedCapacityCoverage":{"coveragePercent":0.0,"knownUnitCount":0,"method":"unavailable","totalUnitCount":0},"plannedCapacityMw":0.0,"plannedCapacityMwByTechnology":{},"recordCount":1,"recordIds":["wattlas-record-osm-relation-12568531"],"sourceIds":["openstreetmap-power"],"technologies":["hydro"],"technologyMixMw":{"hydro":2.6},"unitCount":0,"unitIds":[]},"type":"Feature"},{"geometry":{"coordinates":[169.504596,-45.543622],"type":"Point"},"id":"wattlas-plant-osm-relation-12568578","properties":{"aliases":["Horseshoe Bend Wind Farm"],"canonicalAnchor":"osm:relation/12568578","canonicalCountryKey":"NZ","capacityMw":2.25,"country":"NZ","externalIds":{"osm":"relation/12568578"},"geographyId":"NZ-40311993B75469314212010","id":"wattlas-plant-osm-relation-12568578","lifecycleCounts":{"operational":1},"locationPrecision":"exact","name":"Horseshoe Bend Wind Farm","operatingCapacityCoverage":{"coveragePercent":100.0,"knownUnitCount":0,"method":"plant_aggregate","provenance":{"evidenceCount":0,"recordIds":["wattlas-record-osm-relation-12568578"],"sourceIds":["openstreetmap-power"],"sourceTypes":["community_mapped"],"valueKind":"reported"},"totalUnitCount":0},"operatingCapacityMw":2.25,"operatingCapacityMwByTechnology":{"wind":2.25},"plannedCapacityCoverage":{"coveragePercent":0.0,"knownUnitCount":0,"method":"unavailable","totalUnitCount":0},"plannedCapacityMw":0.0,"plannedCapacityMwByTechnology":{},"recordCount":1,"recordIds":["wattlas-record-osm-relation-12568578"],"sourceIds":["openstreetmap-power"],"technologies":["wind"],"technologyMixMw":{"wind":2.25},"unitCount":0,"unitIds":[]},"type":"Feature"},{"geometry":{"coordinates":[169.493246,-45.540933],"type":"Point"},"id":"wattlas-plant-osm-relation-12568579","properties":{"aliases":["Horseshoe Bend Power Station"],"canonicalAnchor":"osm:relation/12568579","canonicalCountryKey":"NZ","capacityMw":4.3,"country":"NZ","externalIds":{"osm":"relation/12568579"},"geographyId":"NZ-40311993B75469314212010","id":"wattlas-plant-osm-relation-12568579","lifecycleCounts":{"operational":1},"locationPrecision":"exact","name":"Horseshoe Bend Power Station","operatingCapacityCoverage":{"coveragePercent":100.0,"knownUnitCount":0,"method":"plant_aggregate","provenance":{"evidenceCount":0,"recordIds":["wattlas-record-osm-relation-12568579"],"sourceIds":["openstreetmap-power"],"sourceTypes":["community_mapped"],"valueKind":"reported"},"totalUnitCount":0},"operatingCapacityMw":4.3,"operatingCapacityMwByTechnology":{"hydro":4.3},"plannedCapacityCoverage":{"coveragePercent":0.0,"knownUnitCount":0,"method":"unavailable","totalUnitCount":0},"plannedCapacityMw":0.0,"plannedCapacityMwByTechnology":{},"recordCount":1,"recordIds":["wattlas-record-osm-relation-12568579"],"sourceIds":["openstreetmap-power"],"technologies":["hydro"],"technologyMixMw":{"hydro":4.3},"unitCount":0,"unitIds":[]},"type":"Feature"},{"geometry":{"coordinates":[169.360283,-45.532024],"type":"Point"},"id":"wattlas-plant-osm-relation-12568701","properties":{"aliases":["Kowhai Power Station"],"canonicalAnchor":"osm:relation/12568701","canonicalCountryKey":"NZ","capacityMw":1.9,"country":"NZ","externalIds":{"osm":"relation/12568701"},"geographyId":"NZ-40311993B75469314212010","id":"wattlas-plant-osm-relation-12568701","lifecycleCounts":{"operational":1},"locationPrecision":"exact","name":"Kowhai Power Station","operatingCapacityCoverage":{"coveragePercent":100.0,"knownUnitCount":0,"method":"plant_aggregate","provenance":{"evidenceCount":0,"recordIds":["wattlas-record-osm-relation-12568701"],"sourceIds":["openstreetmap-power"],"sourceTypes":["community_mapped"],"valueKind":"reported"},"totalUnitCount":0},"operatingCapacityMw":1.9,"operatingCapacityMwByTechnology":{"hydro":1.9},"plannedCapacityCoverage":{"coveragePercent":0.0,"knownUnitCount":0,"method":"unavailable","totalUnitCount":0},"plannedCapacityMw":0.0,"plannedCapacityMwByTechnology":{},"recordCount":1,"recordIds":["wattlas-record-osm-relation-12568701"],"sourceIds":["openstreetmap-power"],"technologies":["hydro"],"technologyMixMw":{"hydro":1.9},"unitCount":0,"unitIds":[]},"type":"Feature"},{"geometry":{"coordinates":[169.346099,-45.539726],"type":"Point"},"id":"wattlas-plant-osm-relation-12568702","properties":{"aliases":["Michelle Power Station"],"canonicalAnchor":"osm:relation/12568702","canonicalCountryKey":"NZ","capacityMw":1.6,"country":"NZ","externalIds":{"osm":"relation/12568702"},"geographyId":"NZ-40311993B75469314212010","id":"wattlas-plant-osm-relation-12568702","lifecycleCounts":{"operational":1},"locationPrecision":"exact","name":"Michelle Power Station","operatingCapacityCoverage":{"coveragePercent":100.0,"knownUnitCount":0,"method":"plant_aggregate","provenance":{"evidenceCount":0,"recordIds":["wattlas-record-osm-relation-12568702"],"sourceIds":["openstreetmap-power"],"sourceTypes":["community_mapped"],"valueKind":"reported"},"totalUnitCount":0},"operatingCapacityMw":1.6,"operatingCapacityMwByTechnology":{"hydro":1.6},"plannedCapacityCoverage":{"coveragePercent":0.0,"knownUnitCount":0,"method":"unavailable","totalUnitCount":0},"plannedCapacityMw":0.0,"plannedCapacityMwByTechnology":{},"recordCount":1,"recordIds":["wattlas-record-osm-relation-12568702"],"sourceIds":["openstreetmap-power"],"technologies":["hydro"],"technologyMixMw":{"hydro":1.6},"unitCount":0,"unitIds":[]},"type":"Feature"},{"geometry":{"coordinates":[169.327842,-45.538475],"type":"Point"},"id":"wattlas-plant-osm-relation-12568703","properties":{"aliases":["George Power Station"],"canonicalAnchor":"osm:relation/12568703","canonicalCountryKey":"NZ","capacityMw":1.0,"country":"NZ","externalIds":{"osm":"relation/12568703"},"geographyId":"NZ-40311993B75469314212010","id":"wattlas-plant-osm-relation-12568703","lifecycleCounts":{"operational":1},"locationPrecision":"exact","name":"George Power Station","operatingCapacityCoverage":{"coveragePercent":100.0,"knownUnitCount":0,"method":"plant_aggregate","provenance":{"evidenceCount":0,"recordIds":["wattlas-record-osm-relation-12568703"],"sourceIds":["openstreetmap-power"],"sourceTypes":["community_mapped"],"valueKind":"reported"},"totalUnitCount":0},"operatingCapacityMw":1.0,"operatingCapacityMwByTechnology":{"hydro":1.0},"plannedCapacityCoverage":{"coveragePercent":0.0,"knownUnitCount":0,"method":"unavailable","totalUnitCount":0},"plannedCapacityMw":0.0,"plannedCapacityMwByTechnology":{},"recordCount":1,"recordIds":["wattlas-record-osm-relation-12568703"],"sourceIds":["openstreetmap-power"],"technologies":["hydro"],"technologyMixMw":{"hydro":1.0},"unitCount":0,"unitIds":[]},"type":"Feature"},{"geometry":{"coordinates":[169.322786,-45.538],"type":"Point"},"id":"wattlas-plant-osm-relation-12568704","properties":{"aliases":["Teviot Bridge Power Station"],"canonicalAnchor":"osm:relation/12568704","canonicalCountryKey":"NZ","capacityMw":1.13,"country":"NZ","externalIds":{"osm":"relation/12568704"},"geographyId":"NZ-40311993B75469314212010","id":"wattlas-plant-osm-relation-12568704","lifecycleCounts":{"operational":1},"locationPrecision":"exact","name":"Teviot Bridge Power Station","operatingCapacityCoverage":{"coveragePercent":100.0,"knownUnitCount":0,"method":"plant_aggregate","provenance":{"evidenceCount":0,"recordIds":["wattlas-record-osm-relation-12568704"],"sourceIds":["openstreetmap-power"],"sourceTypes":["community_mapped"],"valueKind":"reported"},"totalUnitCount":0},"operatingCapacityMw":1.13,"operatingCapacityMwByTechnology":{"hydro":1.13},"plannedCapacityCoverage":{"coveragePercent":0.0,"knownUnitCount":0,"method":"unavailable","totalUnitCount":0},"plannedCapacityMw":0.0,"plannedCapacityMwByTechnology":{},"recordCount":1,"recordIds":["wattlas-record-osm-relation-12568704"],"sourceIds":["openstreetmap-power"],"technologies":["hydro"],"technologyMixMw":{"hydro":1.13},"unitCount":0,"unitIds":[]},"type":"Feature"},{"geometry":{"coordinates":[169.322576,-45.538044],"type":"Point"},"id":"wattlas-plant-osm-relation-12568705","properties":{"aliases":["Ellis Power Station"],"canonicalAnchor":"osm:relation/12568705","canonicalCountryKey":"NZ","capacityMw":7.8,"country":"NZ","externalIds":{"osm":"relation/12568705"},"geographyId":"NZ-40311993B75469314212010","id":"wattlas-plant-osm-relation-12568705","lifecycleCounts":{"operational":1},"locationPrecision":"exact","name":"Ellis Power Station","operatingCapacityCoverage":{"coveragePercent":100.0,"knownUnitCount":0,"method":"plant_aggregate","provenance":{"evidenceCount":0,"recordIds":["wattlas-record-osm-relation-12568705"],"sourceIds":["openstreetmap-power"],"sourceTypes":["community_mapped"],"valueKind":"reported"},"totalUnitCount":0},"operatingCapacityMw":7.8,"operatingCapacityMwByTechnology":{"hydro":7.8},"plannedCapacityCoverage":{"coveragePercent":0.0,"knownUnitCount":0,"method":"unavailable","totalUnitCount":0},"plannedCapacityMw":0.0,"plannedCapacityMwByTechnology":{},"recordCount":1,"recordIds":["wattlas-record-osm-relation-12568705"],"sourceIds":["openstreetmap-power"],"technologies":["hydro"],"technologyMixMw":{"hydro":7.8},"unitCount":0,"unitIds":[]},"type":"Feature"},{"geometry":{"coordinates":[171.19499,-42.655635],"type":"Point"},"id":"wattlas-plant-osm-relation-12568802","properties":{"aliases":["Dillmans Power Station"],"canonicalAnchor":"osm:relation/12568802","canonicalCountryKey":"NZ","capacityMw":3.5,"country":"NZ","externalIds":{"osm":"relation/12568802"},"geographyId":"NZ-40311993B79805700367517","id":"wattlas-plant-osm-relation-12568802","lifecycleCounts":{"operational":1},"locationPrecision":"exact","name":"Dillmans Power Station","operatingCapacityCoverage":{"coveragePercent":100.0,"knownUnitCount":0,"method":"plant_aggregate","provenance":{"evidenceCount":0,"recordIds":["wattlas-record-osm-relation-12568802"],"sourceIds":["openstreetmap-power"],"sourceTypes":["community_mapped"],"valueKind":"reported"},"totalUnitCount":0},"operatingCapacityMw":3.5,"operatingCapacityMwByTechnology":{"hydro":3.5},"plannedCapacityCoverage":{"coveragePercent":0.0,"knownUnitCount":0,"method":"unavailable","totalUnitCount":0},"plannedCapacityMw":0.0,"plannedCapacityMwByTechnology":{},"recordCount":1,"recordIds":["wattlas-record-osm-relation-12568802"],"sourceIds":["openstreetmap-power"],"technologies":["hydro"],"technologyMixMw":{"hydro":3.5},"unitCount":0,"unitIds":[]},"type":"Feature"},{"geometry":{"coordinates":[171.195317,-42.63597],"type":"Point"},"id":"wattlas-plant-osm-relation-12568803","properties":{"aliases":["Kumara Power Station"],"canonicalAnchor":"osm:relation/12568803","canonicalCountryKey":"NZ","capacityMw":6.5,"country":"NZ","externalIds":{"osm":"relation/12568803"},"geographyId":"NZ-40311993B79805700367517","id":"wattlas-plant-osm-relation-12568803","lifecycleCounts":{"operational":1},"locationPrecision":"exact","name":"Kumara Power Station","operatingCapacityCoverage":{"coveragePercent":100.0,"knownUnitCount":0,"method":"plant_aggregate","provenance":{"evidenceCount":0,"recordIds":["wattlas-record-osm-relation-12568803"],"sourceIds":["openstreetmap-power"],"sourceTypes":["community_mapped"],"valueKind":"reported"},"totalUnitCount":0},"operatingCapacityMw":6.5,"operatingCapacityMwByTechnology":{"hydro":6.5},"plannedCapacityCoverage":{"coveragePercent":0.0,"knownUnitCount":0,"method":"unavailable","totalUnitCount":0},"plannedCapacityMw":0.0,"plannedCapacityMwByTechnology":{},"recordCount":1,"recordIds":["wattlas-record-osm-relation-12568803"],"sourceIds":["openstreetmap-power"],"technologies":["hydro"],"technologyMixMw":{"hydro":6.5},"unitCount":0,"unitIds":[]},"type":"Feature"},{"geometry":{"coordinates":[176.557947,-38.634226],"type":"Point"},"id":"wattlas-plant-osm-relation-12568804","properties":{"aliases":["Flaxy Power Station"],"canonicalAnchor":"osm:relation/12568804","canonicalCountryKey":"NZ","capacityMw":2.1,"country":"NZ","externalIds":{"osm":"relation/12568804"},"geographyId":"NZ-40311993B61794104142346","id":"wattlas-plant-osm-relation-12568804","lifecycleCounts":{"operational":1},"locationPrecision":"exact","name":"Flaxy Power Station","operatingCapacityCoverage":{"coveragePercent":100.0,"knownUnitCount":0,"method":"plant_aggregate","provenance":{"evidenceCount":0,"recordIds":["wattlas-record-osm-relation-12568804"],"sourceIds":["openstreetmap-power"],"sourceTypes":["community_mapped"],"valueKind":"reported"},"totalUnitCount":0},"operatingCapacityMw":2.1,"operatingCapacityMwByTechnology":{"hydro":2.1},"plannedCapacityCoverage":{"coveragePercent":0.0,"knownUnitCount":0,"method":"unavailable","totalUnitCount":0},"plannedCapacityMw":0.0,"plannedCapacityMwByTechnology":{},"recordCount":1,"recordIds":["wattlas-record-osm-relation-12568804"],"sourceIds":["openstreetmap-power"],"technologies":["hydro"],"technologyMixMw":{"hydro":2.1},"unitCount":0,"unitIds":[]},"type":"Feature"},{"geometry":{"coordinates":[173.203292,-41.670749],"type":"Point"},"id":"wattlas-plant-osm-relation-12568807","properties":{"aliases":["Argyle Power Station"],"canonicalAnchor":"osm:relation/12568807","canonicalCountryKey":"NZ","capacityMw":3.8,"country":"NZ","externalIds":{"osm":"relation/12568807"},"geographyId":"NZ-40311993B74827549991310","id":"wattlas-plant-osm-relation-12568807","lifecycleCounts":{"operational":1},"locationPrecision":"exact","name":"Argyle Power Station","operatingCapacityCoverage":{"coveragePercent":100.0,"knownUnitCount":0,"method":"plant_aggregate","provenance":{"evidenceCount":0,"recordIds":["wattlas-record-osm-relation-12568807"],"sourceIds":["openstreetmap-power"],"sourceTypes":["community_mapped"],"valueKind":"reported"},"totalUnitCount":0},"operatingCapacityMw":3.8,"operatingCapacityMwByTechnology":{"hydro":3.8},"plannedCapacityCoverage":{"coveragePercent":0.0,"knownUnitCount":0,"method":"unavailable","totalUnitCount":0},"plannedCapacityMw":0.0,"plannedCapacityMwByTechnology":{},"recordCount":1,"recordIds":["wattlas-record-osm-relation-12568807"],"sourceIds":["openstreetmap-power"],"technologies":["hydro"],"technologyMixMw":{"hydro":3.8},"unitCount":0,"unitIds":[]},"type":"Feature"},{"geometry":{"coordinates":[173.224168,-41.64827],"type":"Point"},"id":"wattlas-plant-osm-relation-12568808","properties":{"aliases":["Wairau Power Station"],"canonicalAnchor":"osm:relation/12568808","canonicalCountryKey":"NZ","capacityMw":7.2,"country":"NZ","externalIds":{"osm":"relation/12568808"},"geographyId":"NZ-40311993B74827549991310","id":"wattlas-plant-osm-relation-12568808","lifecycleCounts":{"operational":1},"locationPrecision":"exact","name":"Wairau Power Station","operatingCapacityCoverage":{"coveragePercent":100.0,"knownUnitCount":0,"method":"plant_aggregate","provenance":{"evidenceCount":0,"recordIds":["wattlas-record-osm-relation-12568808"],"sourceIds":["openstreetmap-power"],"sourceTypes":["community_mapped"],"valueKind":"reported"},"totalUnitCount":0},"operatingCapacityMw":7.2,"operatingCapacityMwByTechnology":{"hydro":7.2},"plannedCapacityCoverage":{"coveragePercent":0.0,"knownUnitCount":0,"method":"unavailable","totalUnitCount":0},"plannedCapacityMw":0.0,"plannedCapacityMwByTechnology":{},"recordCount":1,"recordIds":["wattlas-record-osm-relation-12568808"],"sourceIds":["openstreetmap-power"],"technologies":["hydro"],"technologyMixMw":{"hydro":7.2},"unitCount":0,"unitIds":[]},"type":"Feature"},{"geometry":{"coordinates":[169.060342,-44.983243],"type":"Point"},"id":"wattlas-plant-osm-relation-12568869","properties":{"aliases":["Upper Roaring Meg Power Station"],"canonicalAnchor":"osm:relation/12568869","canonicalCountryKey":"NZ","capacityMw":1.3,"country":"NZ","externalIds":{"osm":"relation/12568869"},"geographyId":"NZ-40311993B75469314212010","id":"wattlas-plant-osm-relation-12568869","lifecycleCounts":{"operational":1},"locationPrecision":"exact","name":"Upper Roaring Meg Power Station","operatingCapacityCoverage":{"coveragePercent":100.0,"knownUnitCount":0,"method":"plant_aggregate","provenance":{"evidenceCount":0,"recordIds":["wattlas-record-osm-relation-12568869"],"sourceIds":["openstreetmap-power"],"sourceTypes":["community_mapped"],"valueKind":"reported"},"totalUnitCount":0},"operatingCapacityMw":1.3,"operatingCapacityMwByTechnology":{"hydro":1.3},"plannedCapacityCoverage":{"coveragePercent":0.0,"knownUnitCount":0,"method":"unavailable","totalUnitCount":0},"plannedCapacityMw":0.0,"plannedCapacityMwByTechnology":{},"recordCount":1,"recordIds":["wattlas-record-osm-relation-12568869"],"sourceIds":["openstreetmap-power"],"technologies":["hydro"],"technologyMixMw":{"hydro":1.3},"unitCount":0,"unitIds":[]},"type":"Feature"},{"geometry":{"coordinates":[169.069983,-45.001548],"type":"Point"},"id":"wattlas-plant-osm-relation-12568870","properties":{"aliases":["Lower Roaring Meg Power Station"],"canonicalAnchor":"osm:relation/12568870","canonicalCountryKey":"NZ","capacityMw":3.0,"country":"NZ","externalIds":{"osm":"relation/12568870"},"geographyId":"NZ-40311993B75469314212010","id":"wattlas-plant-osm-relation-12568870","lifecycleCounts":{"operational":1},"locationPrecision":"exact","name":"Lower Roaring Meg Power Station","operatingCapacityCoverage":{"coveragePercent":100.0,"knownUnitCount":0,"method":"plant_aggregate","provenance":{"evidenceCount":0,"recordIds":["wattlas-record-osm-relation-12568870"],"sourceIds":["openstreetmap-power"],"sourceTypes":["community_mapped"],"valueKind":"reported"},"totalUnitCount":0},"operatingCapacityMw":3.0,"operatingCapacityMwByTechnology":{"hydro":3.0},"plannedCapacityCoverage":{"coveragePercent":0.0,"knownUnitCount":0,"method":"unavailable","totalUnitCount":0},"plannedCapacityMw":0.0,"plannedCapacityMwByTechnology":{},"recordCount":1,"recordIds":["wattlas-record-osm-relation-12568870"],"sourceIds":["openstreetmap-power"],"technologies":["hydro"],"technologyMixMw":{"hydro":3.0},"unitCount":0,"unitIds":[]},"type":"Feature"},{"geometry":{"coordinates":[168.759552,-45.13864],"type":"Point"},"id":"wattlas-plant-osm-relation-12568888","properties":{"aliases":["Wye Creek Power Station"],"canonicalAnchor":"osm:relation/12568888","canonicalCountryKey":"NZ","capacityMw":1.3,"country":"NZ","externalIds":{"osm":"relation/12568888"},"geographyId":"NZ-40311993B75469314212010","id":"wattlas-plant-osm-relation-12568888","lifecycleCounts":{"operational":1},"locationPrecision":"exact","name":"Wye Creek Power Station","operatingCapacityCoverage":{"coveragePercent":100.0,"knownUnitCount":0,"method":"plant_aggregate","provenance":{"evidenceCount":0,"recordIds":["wattlas-record-osm-relation-12568888"],"sourceIds":["openstreetmap-power"],"sourceTypes":["community_mapped"],"valueKind":"reported"},"totalUnitCount":0},"operatingCapacityMw":1.3,"operatingCapacityMwByTechnology":{"hydro":1.3},"plannedCapacityCoverage":{"coveragePercent":0.0,"knownUnitCount":0,"method":"unavailable","totalUnitCount":0},"plannedCapacityMw":0.0,"plannedCapacityMwByTechnology":{},"recordCount":1,"recordIds":["wattlas-record-osm-relation-12568888"],"sourceIds":["openstreetmap-power"],"technologies":["hydro"],"technologyMixMw":{"hydro":1.3},"unitCount":0,"unitIds":[]},"type":"Feature"},{"geometry":{"coordinates":[170.234308,-43.247649],"type":"Point"},"id":"wattlas-plant-osm-relation-12589016","properties":{"aliases":["Wahapo Power Station"],"canonicalAnchor":"osm:relation/12589016","canonicalCountryKey":"NZ","capacityMw":3.1,"country":"NZ","externalIds":{"osm":"relation/12589016"},"geographyId":"NZ-40311993B79805700367517","id":"wattlas-plant-osm-relation-12589016","lifecycleCounts":{"operational":1},"locationPrecision":"exact","name":"Wahapo Power Station","operatingCapacityCoverage":{"coveragePercent":100.0,"knownUnitCount":0,"method":"plant_aggregate","provenance":{"evidenceCount":0,"recordIds":["wattlas-record-osm-relation-12589016"],"sourceIds":["openstreetmap-power"],"sourceTypes":["community_mapped"],"valueKind":"reported"},"totalUnitCount":0},"operatingCapacityMw":3.1,"operatingCapacityMwByTechnology":{"hydro":3.1},"plannedCapacityCoverage":{"coveragePercent":0.0,"knownUnitCount":0,"method":"unavailable","totalUnitCount":0},"plannedCapacityMw":0.0,"plannedCapacityMwByTechnology":{},"recordCount":1,"recordIds":["wattlas-record-osm-relation-12589016"],"sourceIds":["openstreetmap-power"],"technologies":["hydro"],"technologyMixMw":{"hydro":3.1},"unitCount":0,"unitIds":[]},"type":"Feature"},{"geometry":{"coordinates":[173.574625,-41.664353],"type":"Point"},"id":"wattlas-plant-osm-relation-12607855","properties":{"aliases":["Waihopai Power Station"],"canonicalAnchor":"osm:relation/12607855","canonicalCountryKey":"NZ","capacityMw":2.4,"country":"NZ","externalIds":{"osm":"relation/12607855"},"geographyId":"NZ-40311993B74827549991310","id":"wattlas-plant-osm-relation-12607855","lifecycleCounts":{"operational":1},"locationPrecision":"exact","name":"Waihopai Power Station","operatingCapacityCoverage":{"coveragePercent":100.0,"knownUnitCount":0,"method":"plant_aggregate","provenance":{"evidenceCount":0,"recordIds":["wattlas-record-osm-relation-12607855"],"sourceIds":["openstreetmap-power"],"sourceTypes":["community_mapped"],"valueKind":"reported"},"totalUnitCount":0},"operatingCapacityMw":2.4,"operatingCapacityMwByTechnology":{"hydro":2.4},"plannedCapacityCoverage":{"coveragePercent":0.0,"knownUnitCount":0,"method":"unavailable","totalUnitCount":0},"plannedCapacityMw":0.0,"plannedCapacityMwByTechnology":{},"recordCount":1,"recordIds":["wattlas-record-osm-relation-12607855"],"sourceIds":["openstreetmap-power"],"technologies":["hydro"],"technologyMixMw":{"hydro":2.4},"unitCount":0,"unitIds":[]},"type":"Feature"},{"geometry":{"coordinates":[171.339169,-43.800339],"type":"Point"},"id":"wattlas-plant-osm-relation-12618186","properties":{"aliases":["Montalto Power Station"],"canonicalAnchor":"osm:relation/12618186","canonicalCountryKey":"NZ","capacityMw":1.8,"country":"NZ","externalIds":{"osm":"relation/12618186"},"geographyId":"NZ-40311993B76352407092523","id":"wattlas-plant-osm-relation-12618186","lifecycleCounts":{"operational":1},"locationPrecision":"exact","name":"Montalto Power Station","operatingCapacityCoverage":{"coveragePercent":100.0,"knownUnitCount":0,"method":"plant_aggregate","provenance":{"evidenceCount":0,"recordIds":["wattlas-record-osm-relation-12618186"],"sourceIds":["openstreetmap-power"],"sourceTypes":["community_mapped"],"valueKind":"reported"},"totalUnitCount":0},"operatingCapacityMw":1.8,"operatingCapacityMwByTechnology":{"hydro":1.8},"plannedCapacityCoverage":{"coveragePercent":0.0,"knownUnitCount":0,"method":"unavailable","totalUnitCount":0},"plannedCapacityMw":0.0,"plannedCapacityMwByTechnology":{},"recordCount":1,"recordIds":["wattlas-record-osm-relation-12618186"],"sourceIds":["openstreetmap-power"],"technologies":["hydro"],"technologyMixMw":{"hydro":1.8},"unitCount":0,"unitIds":[]},"type":"Feature"},{"geometry":{"coordinates":[171.735707,-43.573092],"type":"Point"},"id":"wattlas-plant-osm-relation-12618188","properties":{"aliases":["Highbank Power Station"],"canonicalAnchor":"osm:relation/12618188","canonicalCountryKey":"NZ","capacityMw":25.2,"country":"NZ","externalIds":{"osm":"relation/12618188"},"geographyId":"NZ-40311993B76352407092523","id":"wattlas-plant-osm-relation-12618188","lifecycleCounts":{"operational":1},"locationPrecision":"exact","name":"Highbank Power Station","operatingCapacityCoverage":{"coveragePercent":100.0,"knownUnitCount":0,"method":"plant_aggregate","provenance":{"evidenceCount":0,"recordIds":["wattlas-record-osm-relation-12618188"],"sourceIds":["openstreetmap-power"],"sourceTypes":["community_mapped"],"valueKind":"reported"},"totalUnitCount":0},"operatingCapacityMw":25.2,"operatingCapacityMwByTechnology":{"hydro":25.2},"plannedCapacityCoverage":{"coveragePercent":0.0,"knownUnitCount":0,"method":"unavailable","totalUnitCount":0},"plannedCapacityMw":0.0,"plannedCapacityMwByTechnology":{},"recordCount":1,"recordIds":["wattlas-record-osm-relation-12618188"],"sourceIds":["openstreetmap-power"],"technologies":["hydro"],"technologyMixMw":{"hydro":25.2},"unitCount":0,"unitIds":[]},"type":"Feature"},{"geometry":{"coordinates":[174.336088,-39.09767],"type":"Point"},"id":"wattlas-plant-osm-relation-13108944","properties":{"aliases":["McKee Waitara Power Station"],"canonicalAnchor":"osm:relation/13108944","canonicalCountryKey":"NZ","capacityMw":100.0,"country":"NZ","externalIds":{"osm":"relation/13108944","wikipedia":"en:McKee power station"},"geographyId":"NZ-40311993B7212192632593","id":"wattlas-plant-osm-relation-13108944","idAliases":["wattlas-plant-wikipedia-en-mckee-power-station"],"lifecycleCounts":{"operational":1},"locationPrecision":"exact","name":"McKee Waitara Power Station","operatingCapacityCoverage":{"coveragePercent":100.0,"knownUnitCount":0,"method":"plant_aggregate","provenance":{"evidenceCount":0,"recordIds":["wattlas-record-osm-relation-13108944"],"sourceIds":["openstreetmap-power"],"sourceTypes":["community_mapped"],"valueKind":"reported"},"totalUnitCount":0},"operatingCapacityMw":100.0,"operatingCapacityMwByTechnology":{"gas":100.0},"plannedCapacityCoverage":{"coveragePercent":0.0,"knownUnitCount":0,"method":"unavailable","totalUnitCount":0},"plannedCapacityMw":0.0,"plannedCapacityMwByTechnology":{},"recordCount":1,"recordIds":["wattlas-record-osm-relation-13108944"],"sourceIds":["openstreetmap-power"],"technologies":["gas"],"technologyMixMw":{"gas":100.0},"unitCount":0,"unitIds":[]},"type":"Feature"},{"geometry":{"coordinates":[174.381752,-39.184036],"type":"Point"},"id":"wattlas-plant-osm-relation-13189036","properties":{"aliases":["Motukawa Power Station"],"canonicalAnchor":"osm:relation/13189036","canonicalCountryKey":"NZ","capacityMw":5.0,"country":"NZ","externalIds":{"osm":"relation/13189036","wikipedia":"en:Motukawa Power Station"},"geographyId":"NZ-40311993B7212192632593","id":"wattlas-plant-osm-relation-13189036","idAliases":["wattlas-plant-wikipedia-en-motukawa-power-station"],"lifecycleCounts":{"operational":1},"locationPrecision":"exact","name":"Motukawa Power Station","operatingCapacityCoverage":{"coveragePercent":100.0,"knownUnitCount":0,"method":"plant_aggregate","provenance":{"evidenceCount":0,"recordIds":["wattlas-record-osm-relation-13189036"],"sourceIds":["openstreetmap-power"],"sourceTypes":["community_mapped"],"valueKind":"reported"},"totalUnitCount":0},"operatingCapacityMw":5.0,"operatingCapacityMwByTechnology":{"hydro":5.0},"plannedCapacityCoverage":{"coveragePercent":0.0,"knownUnitCount":0,"method":"unavailable","totalUnitCount":0},"plannedCapacityMw":0.0,"plannedCapacityMwByTechnology":{},"recordCount":1,"recordIds":["wattlas-record-osm-relation-13189036"],"sourceIds":["openstreetmap-power"],"technologies":["hydro"],"technologyMixMw":{"hydro":5.0},"unitCount":0,"unitIds":[]},"type":"Feature"},{"geometry":{"coordinates":[170.891979,-43.99979],"type":"Point"},"id":"wattlas-plant-osm-relation-15761988","properties":{"aliases":["Ophua Dam"],"canonicalAnchor":"osm:relation/15761988","canonicalCountryKey":"NZ","capacityMw":7.0,"country":"NZ","externalIds":{"osm":"relation/15761988"},"geographyId":"NZ-40311993B76352407092523","id":"wattlas-plant-osm-relation-15761988","lifecycleCounts":{"operational":1},"locationPrecision":"exact","name":"Ophua Dam","operatingCapacityCoverage":{"coveragePercent":100.0,"knownUnitCount":0,"method":"plant_aggregate","provenance":{"evidenceCount":0,"recordIds":["wattlas-record-osm-relation-15761988"],"sourceIds":["openstreetmap-power"],"sourceTypes":["community_mapped"],"valueKind":"reported"},"totalUnitCount":0},"operatingCapacityMw":7.0,"operatingCapacityMwByTechnology":{"hydro":7.0},"plannedCapacityCoverage":{"coveragePercent":0.0,"knownUnitCount":0,"method":"unavailable","totalUnitCount":0},"plannedCapacityMw":0.0,"plannedCapacityMwByTechnology":{},"recordCount":1,"recordIds":["wattlas-record-osm-relation-15761988"],"sourceIds":["openstreetmap-power"],"technologies":["hydro"],"technologyMixMw":{"hydro":7.0},"unitCount":0,"unitIds":[]},"type":"Feature"},{"geometry":{"coordinates":[169.025122,-46.222984],"type":"Point"},"id":"wattlas-plant-osm-relation-17250859","properties":{"aliases":["Kaiwera Downs Wind Farm"],"canonicalAnchor":"osm:relation/17250859","canonicalCountryKey":"NZ","capacityMw":43.0,"country":"NZ","externalIds":{"osm":"relation/17250859"},"geographyId":"NZ-40311993B33496206587618","id":"wattlas-plant-osm-relation-17250859","lifecycleCounts":{"operational":1},"locationPrecision":"exact","name":"Kaiwera Downs Wind Farm","operatingCapacityCoverage":{"coveragePercent":100.0,"knownUnitCount":0,"method":"plant_aggregate","provenance":{"evidenceCount":0,"recordIds":["wattlas-record-osm-relation-17250859"],"sourceIds":["openstreetmap-power"],"sourceTypes":["community_mapped"],"valueKind":"reported"},"totalUnitCount":0},"operatingCapacityMw":43.0,"operatingCapacityMwByTechnology":{"wind":43.0},"plannedCapacityCoverage":{"coveragePercent":0.0,"knownUnitCount":0,"method":"unavailable","totalUnitCount":0},"plannedCapacityMw":0.0,"plannedCapacityMwByTechnology":{},"recordCount":1,"recordIds":["wattlas-record-osm-relation-17250859"],"sourceIds":["openstreetmap-power"],"technologies":["wind"],"technologyMixMw":{"wind":43.0},"unitCount":0,"unitIds":[]},"type":"Feature"},{"geometry":{"coordinates":[175.733937,-40.392358],"type":"Point"},"id":"wattlas-plant-osm-relation-6122225","properties":{"aliases":["Te Rere Hau Wind Farm"],"canonicalAnchor":"osm:relation/6122225","canonicalCountryKey":"NZ","capacityMw":48.5,"country":"NZ","externalIds":{"osm":"relation/6122225"},"geographyId":"NZ-40311993B31372788647917","id":"wattlas-plant-osm-relation-6122225","lifecycleCounts":{"operational":1},"locationPrecision":"exact","name":"Te Rere Hau Wind Farm","operatingCapacityCoverage":{"coveragePercent":100.0,"knownUnitCount":0,"method":"plant_aggregate","provenance":{"evidenceCount":0,"recordIds":["wattlas-record-osm-relation-6122225"],"sourceIds":["openstreetmap-power"],"sourceTypes":["community_mapped"],"valueKind":"reported"},"totalUnitCount":0},"operatingCapacityMw":48.5,"operatingCapacityMwByTechnology":{"wind":48.5},"plannedCapacityCoverage":{"coveragePercent":0.0,"knownUnitCount":0,"method":"unavailable","totalUnitCount":0},"plannedCapacityMw":0.0,"plannedCapacityMwByTechnology":{},"recordCount":1,"recordIds":["wattlas-record-osm-relation-6122225"],"sourceIds":["openstreetmap-power"],"technologies":["wind"],"technologyMixMw":{"wind":48.5},"unitCount":0,"unitIds":[]},"type":"Feature"},{"geometry":{"coordinates":[171.647382,-43.623637],"type":"Point"},"id":"wattlas-plant-osm-way-1083946469","properties":{"aliases":["Solar Hot Water Array"],"canonicalAnchor":"osm:way/1083946469","canonicalCountryKey":"NZ","capacityMw":0.0,"country":"NZ","externalIds":{"osm":"way/1083946469"},"geographyId":"NZ-40311993B76352407092523","id":"wattlas-plant-osm-way-1083946469","lifecycleCounts":{"operational":1},"locationPrecision":"exact","name":"Solar Hot Water Array","operatingCapacityCoverage":{"coveragePercent":0.0,"knownUnitCount":0,"method":"unavailable","totalUnitCount":0},"operatingCapacityMw":0.0,"operatingCapacityMwByTechnology":{},"plannedCapacityCoverage":{"coveragePercent":0.0,"knownUnitCount":0,"method":"unavailable","totalUnitCount":0},"plannedCapacityMw":0.0,"plannedCapacityMwByTechnology":{},"recordCount":1,"recordIds":["wattlas-record-osm-way-1083946469"],"sourceIds":["openstreetmap-power"],"technologies":["solar"],"technologyMixMw":{"solar":0.0},"unitCount":0,"unitIds":[]},"type":"Feature"},{"geometry":{"coordinates":[174.784458,-36.821873],"type":"Point"},"id":"wattlas-plant-osm-way-1135396115","properties":{"aliases":["Gas Turbine Generator"],"canonicalAnchor":"osm:way/1135396115","canonicalCountryKey":"NZ","capacityMw":0.0,"country":"NZ","externalIds":{"osm":"way/1135396115"},"geographyId":"NZ-40311993B8827335688438","id":"wattlas-plant-osm-way-1135396115","lifecycleCounts":{"operational":1},"locationPrecision":"exact","name":"Gas Turbine Generator","operatingCapacityCoverage":{"coveragePercent":0.0,"knownUnitCount":0,"method":"unavailable","totalUnitCount":0},"operatingCapacityMw":0.0,"operatingCapacityMwByTechnology":{},"plannedCapacityCoverage":{"coveragePercent":0.0,"knownUnitCount":0,"method":"unavailable","totalUnitCount":0},"plannedCapacityMw":0.0,"plannedCapacityMwByTechnology":{},"recordCount":1,"recordIds":["wattlas-record-osm-way-1135396115"],"sourceIds":["openstreetmap-power"],"technologies":["gas"],"technologyMixMw":{"gas":0.0},"unitCount":0,"unitIds":[]},"type":"Feature"},{"geometry":{"coordinates":[177.981456,-38.657742],"type":"Point"},"id":"wattlas-plant-osm-way-1296217079","properties":{"aliases":["Gisborne Airport Solar Farm"],"canonicalAnchor":"osm:way/1296217079","canonicalCountryKey":"NZ","capacityMw":5.2,"country":"NZ","externalIds":{"osm":"way/1296217079"},"geographyId":"NZ-40311993B37770658240242","id":"wattlas-plant-osm-way-1296217079","lifecycleCounts":{"operational":1},"locationPrecision":"exact","name":"Gisborne Airport Solar Farm","operatingCapacityCoverage":{"coveragePercent":100.0,"knownUnitCount":0,"method":"plant_aggregate","provenance":{"evidenceCount":0,"recordIds":["wattlas-record-osm-way-1296217079"],"sourceIds":["openstreetmap-power"],"sourceTypes":["community_mapped"],"valueKind":"reported"},"totalUnitCount":0},"operatingCapacityMw":5.2,"operatingCapacityMwByTechnology":{"solar":5.2},"plannedCapacityCoverage":{"coveragePercent":0.0,"knownUnitCount":0,"method":"unavailable","totalUnitCount":0},"plannedCapacityMw":0.0,"plannedCapacityMwByTechnology":{},"recordCount":1,"recordIds":["wattlas-record-osm-way-1296217079"],"sourceIds":["openstreetmap-power"],"technologies":["solar"],"technologyMixMw":{"solar":5.2},"unitCount":0,"unitIds":[]},"type":"Feature"},{"geometry":{"coordinates":[174.92355,-41.056019],"type":"Point"},"id":"wattlas-plant-osm-way-1317531463","properties":{"aliases":["Battery Shed"],"canonicalAnchor":"osm:way/1317531463","canonicalCountryKey":"NZ","capacityMw":0.0,"country":"NZ","externalIds":{"osm":"way/1317531463"},"geographyId":"NZ-40311993B14632257030086","id":"wattlas-plant-osm-way-1317531463","lifecycleCounts":{"operational":1},"locationPrecision":"exact","name":"Battery Shed","operatingCapacityCoverage":{"coveragePercent":0.0,"knownUnitCount":0,"method":"unavailable","totalUnitCount":0},"operatingCapacityMw":0.0,"operatingCapacityMwByTechnology":{},"plannedCapacityCoverage":{"coveragePercent":0.0,"knownUnitCount":0,"method":"unavailable","totalUnitCount":0},"plannedCapacityMw":0.0,"plannedCapacityMwByTechnology":{},"recordCount":1,"recordIds":["wattlas-record-osm-way-1317531463"],"sourceIds":["openstreetmap-power"],"technologies":["other"],"technologyMixMw":{"other":0.0},"unitCount":0,"unitIds":[]},"type":"Feature"},{"geometry":{"coordinates":[174.62887,-36.664217],"type":"Point"},"id":"wattlas-plant-osm-way-1339362692","properties":{"aliases":["Redvale Landfill Energy Park"],"canonicalAnchor":"osm:way/1339362692","canonicalCountryKey":"NZ","capacityMw":0.0,"country":"NZ","externalIds":{"osm":"way/1339362692"},"geographyId":"NZ-40311993B8827335688438","id":"wattlas-plant-osm-way-1339362692","lifecycleCounts":{"operational":1},"locationPrecision":"exact","name":"Redvale Landfill Energy Park","operatingCapacityCoverage":{"coveragePercent":0.0,"knownUnitCount":0,"method":"unavailable","totalUnitCount":0},"operatingCapacityMw":0.0,"operatingCapacityMwByTechnology":{},"plannedCapacityCoverage":{"coveragePercent":0.0,"knownUnitCount":0,"method":"unavailable","totalUnitCount":0},"plannedCapacityMw":0.0,"plannedCapacityMwByTechnology":{},"recordCount":1,"recordIds":["wattlas-record-osm-way-1339362692"],"sourceIds":["openstreetmap-power"],"technologies":["other"],"technologyMixMw":{"other":0.0},"unitCount":0,"unitIds":[]},"type":"Feature"},{"geometry":{"coordinates":[175.001607,-37.036116],"type":"Point"},"id":"wattlas-plant-osm-way-1346991619","properties":{"aliases":["Ardmore Solar Farm"],"canonicalAnchor":"osm:way/1346991619","canonicalCountryKey":"NZ","capacityMw":9.75,"country":"NZ","externalIds":{"osm":"way/1346991619"},"geographyId":"NZ-40311993B8827335688438","id":"wattlas-plant-osm-way-1346991619","lifecycleCounts":{"operational":1},"locationPrecision":"exact","name":"Ardmore Solar Farm","operatingCapacityCoverage":{"coveragePercent":100.0,"knownUnitCount":0,"method":"plant_aggregate","provenance":{"evidenceCount":0,"recordIds":["wattlas-record-osm-way-1346991619"],"sourceIds":["openstreetmap-power"],"sourceTypes":["community_mapped"],"valueKind":"reported"},"totalUnitCount":0},"operatingCapacityMw":9.75,"operatingCapacityMwByTechnology":{"solar":9.75},"plannedCapacityCoverage":{"coveragePercent":0.0,"knownUnitCount":0,"method":"unavailable","totalUnitCount":0},"plannedCapacityMw":0.0,"plannedCapacityMwByTechnology":{},"recordCount":1,"recordIds":["wattlas-record-osm-way-1346991619"],"sourceIds":["openstreetmap-power"],"technologies":["solar"],"technologyMixMw":{"solar":9.75},"unitCount":0,"unitIds":[]},"type":"Feature"},{"geometry":{"coordinates":[174.764946,-37.220336],"type":"Point"},"id":"wattlas-plant-osm-way-1350498391","properties":{"aliases":["Waiuku Solar Farm"],"canonicalAnchor":"osm:way/1350498391","canonicalCountryKey":"NZ","capacityMw":2.4,"country":"NZ","externalIds":{"osm":"way/1350498391"},"geographyId":"NZ-40311993B8827335688438","id":"wattlas-plant-osm-way-1350498391","lifecycleCounts":{"operational":1},"locationPrecision":"exact","name":"Waiuku Solar Farm","operatingCapacityCoverage":{"coveragePercent":100.0,"knownUnitCount":0,"method":"plant_aggregate","provenance":{"evidenceCount":0,"recordIds":["wattlas-record-osm-way-1350498391"],"sourceIds":["openstreetmap-power"],"sourceTypes":["community_mapped"],"valueKind":"reported"},"totalUnitCount":0},"operatingCapacityMw":2.4,"operatingCapacityMwByTechnology":{"solar":2.4},"plannedCapacityCoverage":{"coveragePercent":0.0,"knownUnitCount":0,"method":"unavailable","totalUnitCount":0},"plannedCapacityMw":0.0,"plannedCapacityMwByTechnology":{},"recordCount":1,"recordIds":["wattlas-record-osm-way-1350498391"],"sourceIds":["openstreetmap-power"],"technologies":["solar"],"technologyMixMw":{"solar":2.4},"unitCount":0,"unitIds":[]},"type":"Feature"},{"geometry":{"coordinates":[175.144947,-37.576713],"type":"Point"},"id":"wattlas-plant-osm-way-1363799736","properties":{"aliases":["Rotohiko BESS"],"canonicalAnchor":"osm:way/1363799736","canonicalCountryKey":"NZ","capacityMw":35.0,"country":"NZ","externalIds":{"osm":"way/1363799736"},"geographyId":"NZ-40311993B15069482995997","id":"wattlas-plant-osm-way-1363799736","lifecycleCounts":{"operational":1},"locationPrecision":"exact","name":"Rotohiko BESS","operatingCapacityCoverage":{"coveragePercent":100.0,"knownUnitCount":0,"method":"plant_aggregate","provenance":{"evidenceCount":0,"recordIds":["wattlas-record-osm-way-1363799736"],"sourceIds":["openstreetmap-power"],"sourceTypes":["community_mapped"],"valueKind":"reported"},"totalUnitCount":0},"operatingCapacityMw":35.0,"operatingCapacityMwByTechnology":{"other":35.0},"plannedCapacityCoverage":{"coveragePercent":0.0,"knownUnitCount":0,"method":"unavailable","totalUnitCount":0},"plannedCapacityMw":0.0,"plannedCapacityMwByTechnology":{},"recordCount":1,"recordIds":["wattlas-record-osm-way-1363799736"],"sourceIds":["openstreetmap-power"],"technologies":["other"],"technologyMixMw":{"other":35.0},"unitCount":0,"unitIds":[]},"type":"Feature"},{"geometry":{"coordinates":[174.896501,-36.60541],"type":"Point"},"id":"wattlas-plant-osm-way-1382348473","properties":{"aliases":["Tiri Solar Farm"],"canonicalAnchor":"osm:way/1382348473","canonicalCountryKey":"NZ","capacityMw":0.0,"country":"NZ","externalIds":{"osm":"way/1382348473"},"geographyId":"NZ-40311993B8827335688438","id":"wattlas-plant-osm-way-1382348473","lifecycleCounts":{"operational":1},"locationPrecision":"exact","name":"Tiri Solar Farm","operatingCapacityCoverage":{"coveragePercent":0.0,"knownUnitCount":0,"method":"unavailable","totalUnitCount":0},"operatingCapacityMw":0.0,"operatingCapacityMwByTechnology":{},"plannedCapacityCoverage":{"coveragePercent":0.0,"knownUnitCount":0,"method":"unavailable","totalUnitCount":0},"plannedCapacityMw":0.0,"plannedCapacityMwByTechnology":{},"recordCount":1,"recordIds":["wattlas-record-osm-way-1382348473"],"sourceIds":["openstreetmap-power"],"technologies":["solar"],"technologyMixMw":{"solar":0.0},"unitCount":0,"unitIds":[]},"type":"Feature"},{"geometry":{"coordinates":[172.285822,-43.706763],"type":"Point"},"id":"wattlas-plant-osm-way-1383074377","properties":{"aliases":["Leeston Solar Farm"],"canonicalAnchor":"osm:way/1383074377","canonicalCountryKey":"NZ","capacityMw":54.0,"country":"NZ","externalIds":{"osm":"way/1383074377"},"geographyId":"NZ-40311993B76352407092523","id":"wattlas-plant-osm-way-1383074377","lifecycleCounts":{"under_construction":1},"locationPrecision":"exact","name":"Leeston Solar Farm","operatingCapacityCoverage":{"coveragePercent":0.0,"knownUnitCount":0,"method":"unavailable","totalUnitCount":0},"operatingCapacityMw":0.0,"operatingCapacityMwByTechnology":{},"plannedCapacityCoverage":{"coveragePercent":100.0,"knownUnitCount":0,"method":"plant_aggregate","provenance":{"evidenceCount":0,"recordIds":["wattlas-record-osm-way-1383074377"],"sourceIds":["openstreetmap-power"],"sourceTypes":["community_mapped"],"valueKind":"reported"},"totalUnitCount":0},"plannedCapacityMw":54.0,"plannedCapacityMwByTechnology":{"solar":54.0},"recordCount":1,"recordIds":["wattlas-record-osm-way-1383074377"],"sourceIds":["openstreetmap-power"],"technologies":["solar"],"technologyMixMw":{"solar":54.0},"unitCount":0,"unitIds":[]},"type":"Feature"},{"geometry":{"coordinates":[174.129897,-41.648966],"type":"Point"},"id":"wattlas-plant-osm-way-1411664960","properties":{"aliases":["Seaview Solar Farm"],"canonicalAnchor":"osm:way/1411664960","canonicalCountryKey":"NZ","capacityMw":4.07,"country":"NZ","externalIds":{"osm":"way/1411664960"},"geographyId":"NZ-40311993B74827549991310","id":"wattlas-plant-osm-way-1411664960","lifecycleCounts":{"operational":1},"locationPrecision":"exact","name":"Seaview Solar Farm","operatingCapacityCoverage":{"coveragePercent":100.0,"knownUnitCount":0,"method":"plant_aggregate","provenance":{"evidenceCount":0,"recordIds":["wattlas-record-osm-way-1411664960"],"sourceIds":["openstreetmap-power"],"sourceTypes":["community_mapped"],"valueKind":"reported"},"totalUnitCount":0},"operatingCapacityMw":4.07,"operatingCapacityMwByTechnology":{"solar":4.07},"plannedCapacityCoverage":{"coveragePercent":0.0,"knownUnitCount":0,"method":"unavailable","totalUnitCount":0},"plannedCapacityMw":0.0,"plannedCapacityMwByTechnology":{},"recordCount":1,"recordIds":["wattlas-record-osm-way-1411664960"],"sourceIds":["openstreetmap-power"],"technologies":["solar"],"technologyMixMw":{"solar":4.07},"unitCount":0,"unitIds":[]},"type":"Feature"},{"geometry":{"coordinates":[174.027679,-36.118508],"type":"Point"},"id":"wattlas-plant-osm-way-1411665342","properties":{"aliases":["Te Puna Mauri ō Omaru"],"canonicalAnchor":"osm:way/1411665342","canonicalCountryKey":"NZ","capacityMw":16.7,"country":"NZ","externalIds":{"osm":"way/1411665342"},"geographyId":"NZ-40311993B95835387341305","id":"wattlas-plant-osm-way-1411665342","lifecycleCounts":{"operational":1},"locationPrecision":"exact","name":"Te Puna Mauri ō Omaru","operatingCapacityCoverage":{"coveragePercent":100.0,"knownUnitCount":0,"method":"plant_aggregate","provenance":{"evidenceCount":0,"recordIds":["wattlas-record-osm-way-1411665342"],"sourceIds":["openstreetmap-power"],"sourceTypes":["community_mapped"],"valueKind":"reported"},"totalUnitCount":0},"operatingCapacityMw":16.7,"operatingCapacityMwByTechnology":{"solar":16.7},"plannedCapacityCoverage":{"coveragePercent":0.0,"knownUnitCount":0,"method":"unavailable","totalUnitCount":0},"plannedCapacityMw":0.0,"plannedCapacityMwByTechnology":{},"recordCount":1,"recordIds":["wattlas-record-osm-way-1411665342"],"sourceIds":["openstreetmap-power"],"technologies":["solar"],"technologyMixMw":{"solar":16.7},"unitCount":0,"unitIds":[]},"type":"Feature"},{"geometry":{"coordinates":[173.976691,-36.094217],"type":"Point"},"id":"wattlas-plant-osm-way-1411665483","properties":{"aliases":["Naumai Solar Farm"],"canonicalAnchor":"osm:way/1411665483","canonicalCountryKey":"NZ","capacityMw":4.37,"country":"NZ","externalIds":{"osm":"way/1411665483"},"geographyId":"NZ-40311993B95835387341305","id":"wattlas-plant-osm-way-1411665483","lifecycleCounts":{"operational":1},"locationPrecision":"exact","name":"Naumai Solar Farm","operatingCapacityCoverage":{"coveragePercent":100.0,"knownUnitCount":0,"method":"plant_aggregate","provenance":{"evidenceCount":0,"recordIds":["wattlas-record-osm-way-1411665483"],"sourceIds":["openstreetmap-power"],"sourceTypes":["community_mapped"],"valueKind":"reported"},"totalUnitCount":0},"operatingCapacityMw":4.37,"operatingCapacityMwByTechnology":{"solar":4.37},"plannedCapacityCoverage":{"coveragePercent":0.0,"knownUnitCount":0,"method":"unavailable","totalUnitCount":0},"plannedCapacityMw":0.0,"plannedCapacityMwByTechnology":{},"recordCount":1,"recordIds":["wattlas-record-osm-way-1411665483"],"sourceIds":["openstreetmap-power"],"technologies":["solar"],"technologyMixMw":{"solar":4.37},"unitCount":0,"unitIds":[]},"type":"Feature"},{"geometry":{"coordinates":[173.995238,-41.527405],"type":"Point"},"id":"wattlas-plant-osm-way-1411690030","properties":{"aliases":["Rānui Solar Farm"],"canonicalAnchor":"osm:way/1411690030","canonicalCountryKey":"NZ","capacityMw":12.6,"country":"NZ","externalIds":{"osm":"way/1411690030"},"geographyId":"NZ-40311993B74827549991310","id":"wattlas-plant-osm-way-1411690030","lifecycleCounts":{"operational":1},"locationPrecision":"exact","name":"Rānui Solar Farm","operatingCapacityCoverage":{"coveragePercent":100.0,"knownUnitCount":0,"method":"plant_aggregate","provenance":{"evidenceCount":0,"recordIds":["wattlas-record-osm-way-1411690030"],"sourceIds":["openstreetmap-power"],"sourceTypes":["community_mapped"],"valueKind":"reported"},"totalUnitCount":0},"operatingCapacityMw":12.6,"operatingCapacityMwByTechnology":{"solar":12.6},"plannedCapacityCoverage":{"coveragePercent":0.0,"knownUnitCount":0,"method":"unavailable","totalUnitCount":0},"plannedCapacityMw":0.0,"plannedCapacityMwByTechnology":{},"recordCount":1,"recordIds":["wattlas-record-osm-way-1411690030"],"sourceIds":["openstreetmap-power"],"technologies":["solar"],"technologyMixMw":{"solar":12.6},"unitCount":0,"unitIds":[]},"type":"Feature"},{"geometry":{"coordinates":[175.57273,-40.94975],"type":"Point"},"id":"wattlas-plant-osm-way-1411690253","properties":{"aliases":["Waingawa Solar Farm"],"canonicalAnchor":"osm:way/1411690253","canonicalCountryKey":"NZ","capacityMw":4.7,"country":"NZ","externalIds":{"osm":"way/1411690253"},"geographyId":"NZ-40311993B14632257030086","id":"wattlas-plant-osm-way-1411690253","lifecycleCounts":{"operational":1},"locationPrecision":"exact","name":"Waingawa Solar Farm","operatingCapacityCoverage":{"coveragePercent":100.0,"knownUnitCount":0,"method":"plant_aggregate","provenance":{"evidenceCount":0,"recordIds":["wattlas-record-osm-way-1411690253"],"sourceIds":["openstreetmap-power"],"sourceTypes":["community_mapped"],"valueKind":"reported"},"totalUnitCount":0},"operatingCapacityMw":4.7,"operatingCapacityMwByTechnology":{"solar":4.7},"plannedCapacityCoverage":{"coveragePercent":0.0,"knownUnitCount":0,"method":"unavailable","totalUnitCount":0},"plannedCapacityMw":0.0,"plannedCapacityMwByTechnology":{},"recordCount":1,"recordIds":["wattlas-record-osm-way-1411690253"],"sourceIds":["openstreetmap-power"],"technologies":["solar"],"technologyMixMw":{"solar":4.7},"unitCount":0,"unitIds":[]},"type":"Feature"},{"geometry":{"coordinates":[174.481777,-35.847898],"type":"Point"},"id":"wattlas-plant-osm-way-1411690315","properties":{"aliases":["Bream Bay Peaker"],"canonicalAnchor":"osm:way/1411690315","canonicalCountryKey":"NZ","capacityMw":9.0,"country":"NZ","externalIds":{"osm":"way/1411690315"},"geographyId":"NZ-40311993B95835387341305","id":"wattlas-plant-osm-way-1411690315","lifecycleCounts":{"operational":1},"locationPrecision":"exact","name":"Bream Bay Peaker","operatingCapacityCoverage":{"coveragePercent":100.0,"knownUnitCount":0,"method":"plant_aggregate","provenance":{"evidenceCount":0,"recordIds":["wattlas-record-osm-way-1411690315"],"sourceIds":["openstreetmap-power"],"sourceTypes":["community_mapped"],"valueKind":"reported"},"totalUnitCount":0},"operatingCapacityMw":9.0,"operatingCapacityMwByTechnology":{"oil":9.0},"plannedCapacityCoverage":{"coveragePercent":0.0,"knownUnitCount":0,"method":"unavailable","totalUnitCount":0},"plannedCapacityMw":0.0,"plannedCapacityMwByTechnology":{},"recordCount":1,"recordIds":["wattlas-record-osm-way-1411690315"],"sourceIds":["openstreetmap-power"],"technologies":["oil"],"technologyMixMw":{"oil":9.0},"unitCount":0,"unitIds":[]},"type":"Feature"},{"geometry":{"coordinates":[175.132508,-37.44063],"type":"Point"},"id":"wattlas-plant-osm-way-1411807433","properties":{"aliases":["Taiohi solar farm"],"canonicalAnchor":"osm:way/1411807433","canonicalCountryKey":"NZ","capacityMw":22.4,"country":"NZ","externalIds":{"osm":"way/1411807433"},"geographyId":"NZ-40311993B15069482995997","id":"wattlas-plant-osm-way-1411807433","lifecycleCounts":{"operational":1},"locationPrecision":"exact","name":"Taiohi solar farm","operatingCapacityCoverage":{"coveragePercent":100.0,"knownUnitCount":0,"method":"plant_aggregate","provenance":{"evidenceCount":0,"recordIds":["wattlas-record-osm-way-1411807433"],"sourceIds":["openstreetmap-power"],"sourceTypes":["community_mapped"],"valueKind":"reported"},"totalUnitCount":0},"operatingCapacityMw":22.4,"operatingCapacityMwByTechnology":{"solar":22.4},"plannedCapacityCoverage":{"coveragePercent":0.0,"knownUnitCount":0,"method":"unavailable","totalUnitCount":0},"plannedCapacityMw":0.0,"plannedCapacityMwByTechnology":{},"recordCount":1,"recordIds":["wattlas-record-osm-way-1411807433"],"sourceIds":["openstreetmap-power"],"technologies":["solar"],"technologyMixMw":{"solar":22.4},"unitCount":0,"unitIds":[]},"type":"Feature"},{"geometry":{"coordinates":[175.094801,-37.460356],"type":"Point"},"id":"wattlas-plant-osm-way-1411809018","properties":{"aliases":["Oakridge Solar"],"canonicalAnchor":"osm:way/1411809018","canonicalCountryKey":"NZ","capacityMw":3.4,"country":"NZ","externalIds":{"osm":"way/1411809018"},"geographyId":"NZ-40311993B15069482995997","id":"wattlas-plant-osm-way-1411809018","lifecycleCounts":{"operational":1},"locationPrecision":"exact","name":"Oakridge Solar","operatingCapacityCoverage":{"coveragePercent":100.0,"knownUnitCount":0,"method":"plant_aggregate","provenance":{"evidenceCount":0,"recordIds":["wattlas-record-osm-way-1411809018"],"sourceIds":["openstreetmap-power"],"sourceTypes":["community_mapped"],"valueKind":"reported"},"totalUnitCount":0},"operatingCapacityMw":3.4,"operatingCapacityMwByTechnology":{"solar":3.4},"plannedCapacityCoverage":{"coveragePercent":0.0,"knownUnitCount":0,"method":"unavailable","totalUnitCount":0},"plannedCapacityMw":0.0,"plannedCapacityMwByTechnology":{},"recordCount":1,"recordIds":["wattlas-record-osm-way-1411809018"],"sourceIds":["openstreetmap-power"],"technologies":["solar"],"technologyMixMw":{"solar":3.4},"unitCount":0,"unitIds":[]},"type":"Feature"},{"geometry":{"coordinates":[172.510349,-43.495755],"type":"Point"},"id":"wattlas-plant-osm-way-1414184064","properties":{"aliases":["Kōwhai Park"],"canonicalAnchor":"osm:way/1414184064","canonicalCountryKey":"NZ","capacityMw":150.0,"country":"NZ","externalIds":{"osm":"way/1414184064"},"geographyId":"NZ-40311993B76352407092523","id":"wattlas-plant-osm-way-1414184064","lifecycleCounts":{"under_construction":1},"locationPrecision":"exact","name":"Kōwhai Park","operatingCapacityCoverage":{"coveragePercent":0.0,"knownUnitCount":0,"method":"unavailable","totalUnitCount":0},"operatingCapacityMw":0.0,"operatingCapacityMwByTechnology":{},"plannedCapacityCoverage":{"coveragePercent":100.0,"knownUnitCount":0,"method":"plant_aggregate","provenance":{"evidenceCount":0,"recordIds":["wattlas-record-osm-way-1414184064"],"sourceIds":["openstreetmap-power"],"sourceTypes":["community_mapped"],"valueKind":"reported"},"totalUnitCount":0},"plannedCapacityMw":150.0,"plannedCapacityMwByTechnology":{"solar":150.0},"recordCount":1,"recordIds":["wattlas-record-osm-way-1414184064"],"sourceIds":["openstreetmap-power"],"technologies":["solar"],"technologyMixMw":{"solar":150.0},"unitCount":0,"unitIds":[]},"type":"Feature"},{"geometry":{"coordinates":[172.523754,-43.49084],"type":"Point"},"id":"wattlas-plant-osm-way-1414184065","properties":{"aliases":["Mapped power plant · OSM 1414184065"],"canonicalAnchor":"osm:way/1414184065","canonicalCountryKey":"NZ","capacityMw":0.0,"country":"NZ","externalIds":{"osm":"way/1414184065"},"geographyId":"NZ-40311993B76352407092523","id":"wattlas-plant-osm-way-1414184065","lifecycleCounts":{"under_construction":1},"locationPrecision":"exact","name":"Mapped power plant · OSM 1414184065","operatingCapacityCoverage":{"coveragePercent":0.0,"knownUnitCount":0,"method":"unavailable","totalUnitCount":0},"operatingCapacityMw":0.0,"operatingCapacityMwByTechnology":{},"plannedCapacityCoverage":{"coveragePercent":0.0,"knownUnitCount":0,"method":"unavailable","totalUnitCount":0},"plannedCapacityMw":0.0,"plannedCapacityMwByTechnology":{},"recordCount":1,"recordIds":["wattlas-record-osm-way-1414184065"],"sourceIds":["openstreetmap-power"],"technologies":["other"],"technologyMixMw":{"other":0.0},"unitCount":0,"unitIds":[]},"type":"Feature"},{"geometry":{"coordinates":[172.515251,-43.485931],"type":"Point"},"id":"wattlas-plant-osm-way-1414184066","properties":{"aliases":["Mapped power plant · OSM 1414184066"],"canonicalAnchor":"osm:way/1414184066","canonicalCountryKey":"NZ","capacityMw":0.0,"country":"NZ","externalIds":{"osm":"way/1414184066"},"geographyId":"NZ-40311993B76352407092523","id":"wattlas-plant-osm-way-1414184066","lifecycleCounts":{"under_construction":1},"locationPrecision":"exact","name":"Mapped power plant · OSM 1414184066","operatingCapacityCoverage":{"coveragePercent":0.0,"knownUnitCount":0,"method":"unavailable","totalUnitCount":0},"operatingCapacityMw":0.0,"operatingCapacityMwByTechnology":{},"plannedCapacityCoverage":{"coveragePercent":0.0,"knownUnitCount":0,"method":"unavailable","totalUnitCount":0},"plannedCapacityMw":0.0,"plannedCapacityMwByTechnology":{},"recordCount":1,"recordIds":["wattlas-record-osm-way-1414184066"],"sourceIds":["openstreetmap-power"],"technologies":["other"],"technologyMixMw":{"other":0.0},"unitCount":0,"unitIds":[]},"type":"Feature"},{"geometry":{"coordinates":[172.520981,-43.486318],"type":"Point"},"id":"wattlas-plant-osm-way-1414184067","properties":{"aliases":["Mapped power plant · OSM 1414184067"],"canonicalAnchor":"osm:way/1414184067","canonicalCountryKey":"NZ","capacityMw":0.0,"country":"NZ","externalIds":{"osm":"way/1414184067"},"geographyId":"NZ-40311993B76352407092523","id":"wattlas-plant-osm-way-1414184067","lifecycleCounts":{"under_construction":1},"locationPrecision":"exact","name":"Mapped power plant · OSM 1414184067","operatingCapacityCoverage":{"coveragePercent":0.0,"knownUnitCount":0,"method":"unavailable","totalUnitCount":0},"operatingCapacityMw":0.0,"operatingCapacityMwByTechnology":{},"plannedCapacityCoverage":{"coveragePercent":0.0,"knownUnitCount":0,"method":"unavailable","totalUnitCount":0},"plannedCapacityMw":0.0,"plannedCapacityMwByTechnology":{},"recordCount":1,"recordIds":["wattlas-record-osm-way-1414184067"],"sourceIds":["openstreetmap-power"],"technologies":["other"],"technologyMixMw":{"other":0.0},"unitCount":0,"unitIds":[]},"type":"Feature"},{"geometry":{"coordinates":[173.351803,-35.138376],"type":"Point"},"id":"wattlas-plant-osm-way-1418281925","properties":{"aliases":["Twin Rivers solar farm"],"canonicalAnchor":"osm:way/1418281925","canonicalCountryKey":"NZ","capacityMw":24.0,"country":"NZ","externalIds":{"osm":"way/1418281925"},"geographyId":"NZ-40311993B95835387341305","id":"wattlas-plant-osm-way-1418281925","lifecycleCounts":{"under_construction":1},"locationPrecision":"exact","name":"Twin Rivers solar farm","operatingCapacityCoverage":{"coveragePercent":0.0,"knownUnitCount":0,"method":"unavailable","totalUnitCount":0},"operatingCapacityMw":0.0,"operatingCapacityMwByTechnology":{},"plannedCapacityCoverage":{"coveragePercent":100.0,"knownUnitCount":0,"method":"plant_aggregate","provenance":{"evidenceCount":0,"recordIds":["wattlas-record-osm-way-1418281925"],"sourceIds":["openstreetmap-power"],"sourceTypes":["community_mapped"],"valueKind":"reported"},"totalUnitCount":0},"plannedCapacityMw":24.0,"plannedCapacityMwByTechnology":{"solar":24.0},"recordCount":1,"recordIds":["wattlas-record-osm-way-1418281925"],"sourceIds":["openstreetmap-power"],"technologies":["solar"],"technologyMixMw":{"solar":24.0},"unitCount":0,"unitIds":[]},"type":"Feature"},{"geometry":{"coordinates":[175.8549,-37.227128],"type":"Point"},"id":"wattlas-plant-osm-way-1441816402","properties":{"aliases":["Whangamatā BESS"],"canonicalAnchor":"osm:way/1441816402","canonicalCountryKey":"NZ","capacityMw":2.0,"country":"NZ","externalIds":{"osm":"way/1441816402"},"geographyId":"NZ-40311993B15069482995997","id":"wattlas-plant-osm-way-1441816402","lifecycleCounts":{"operational":1},"locationPrecision":"exact","name":"Whangamatā BESS","operatingCapacityCoverage":{"coveragePercent":100.0,"knownUnitCount":0,"method":"plant_aggregate","provenance":{"evidenceCount":0,"recordIds":["wattlas-record-osm-way-1441816402"],"sourceIds":["openstreetmap-power"],"sourceTypes":["community_mapped"],"valueKind":"reported"},"totalUnitCount":0},"operatingCapacityMw":2.0,"operatingCapacityMwByTechnology":{"other":2.0},"plannedCapacityCoverage":{"coveragePercent":0.0,"knownUnitCount":0,"method":"unavailable","totalUnitCount":0},"plannedCapacityMw":0.0,"plannedCapacityMwByTechnology":{},"recordCount":1,"recordIds":["wattlas-record-osm-way-1441816402"],"sourceIds":["openstreetmap-power"],"technologies":["other"],"technologyMixMw":{"other":2.0},"unitCount":0,"unitIds":[]},"type":"Feature"},{"geometry":{"coordinates":[175.216708,-37.716444],"type":"Point"},"id":"wattlas-plant-osm-way-1441871200","properties":{"aliases":["Te Rapa cogeneration"],"canonicalAnchor":"osm:way/1441871200","canonicalCountryKey":"NZ","capacityMw":0.0,"country":"NZ","externalIds":{"osm":"way/1441871200"},"geographyId":"NZ-40311993B15069482995997","id":"wattlas-plant-osm-way-1441871200","lifecycleCounts":{"operational":1},"locationPrecision":"exact","name":"Te Rapa cogeneration","operatingCapacityCoverage":{"coveragePercent":0.0,"knownUnitCount":0,"method":"unavailable","totalUnitCount":0},"operatingCapacityMw":0.0,"operatingCapacityMwByTechnology":{},"plannedCapacityCoverage":{"coveragePercent":0.0,"knownUnitCount":0,"method":"unavailable","totalUnitCount":0},"plannedCapacityMw":0.0,"plannedCapacityMwByTechnology":{},"recordCount":1,"recordIds":["wattlas-record-osm-way-1441871200"],"sourceIds":["openstreetmap-power"],"technologies":["gas"],"technologyMixMw":{"gas":0.0},"unitCount":0,"unitIds":[]},"type":"Feature"},{"geometry":{"coordinates":[171.408579,-44.190571],"type":"Point"},"id":"wattlas-plant-osm-way-1442514369","properties":{"aliases":["Clandeboye solar farm"],"canonicalAnchor":"osm:way/1442514369","canonicalCountryKey":"NZ","capacityMw":21.0,"country":"NZ","externalIds":{"osm":"way/1442514369"},"geographyId":"NZ-40311993B76352407092523","id":"wattlas-plant-osm-way-1442514369","lifecycleCounts":{"under_construction":1},"locationPrecision":"exact","name":"Clandeboye solar farm","operatingCapacityCoverage":{"coveragePercent":0.0,"knownUnitCount":0,"method":"unavailable","totalUnitCount":0},"operatingCapacityMw":0.0,"operatingCapacityMwByTechnology":{},"plannedCapacityCoverage":{"coveragePercent":100.0,"knownUnitCount":0,"method":"plant_aggregate","provenance":{"evidenceCount":0,"recordIds":["wattlas-record-osm-way-1442514369"],"sourceIds":["openstreetmap-power"],"sourceTypes":["community_mapped"],"valueKind":"reported"},"totalUnitCount":0},"plannedCapacityMw":21.0,"plannedCapacityMwByTechnology":{"solar":21.0},"recordCount":1,"recordIds":["wattlas-record-osm-way-1442514369"],"sourceIds":["openstreetmap-power"],"technologies":["solar"],"technologyMixMw":{"solar":21.0},"unitCount":0,"unitIds":[]},"type":"Feature"},{"geometry":{"coordinates":[176.854861,-37.980167],"type":"Point"},"id":"wattlas-plant-osm-way-1444631953","properties":{"aliases":["Omeheu solar farm"],"canonicalAnchor":"osm:way/1444631953","canonicalCountryKey":"NZ","capacityMw":27.0,"country":"NZ","externalIds":{"osm":"way/1444631953"},"geographyId":"NZ-40311993B61794104142346","id":"wattlas-plant-osm-way-1444631953","lifecycleCounts":{"under_construction":1},"locationPrecision":"exact","name":"Omeheu solar farm","operatingCapacityCoverage":{"coveragePercent":0.0,"knownUnitCount":0,"method":"unavailable","totalUnitCount":0},"operatingCapacityMw":0.0,"operatingCapacityMwByTechnology":{},"plannedCapacityCoverage":{"coveragePercent":100.0,"knownUnitCount":0,"method":"plant_aggregate","provenance":{"evidenceCount":0,"recordIds":["wattlas-record-osm-way-1444631953"],"sourceIds":["openstreetmap-power"],"sourceTypes":["community_mapped"],"valueKind":"reported"},"totalUnitCount":0},"plannedCapacityMw":27.0,"plannedCapacityMwByTechnology":{"solar":27.0},"recordCount":1,"recordIds":["wattlas-record-osm-way-1444631953"],"sourceIds":["openstreetmap-power"],"technologies":["solar"],"technologyMixMw":{"solar":27.0},"unitCount":0,"unitIds":[]},"type":"Feature"},{"geometry":{"coordinates":[169.246467,-44.666008],"type":"Point"},"id":"wattlas-plant-osm-way-1449986455","properties":{"aliases":["Devon Dairies Solar Farm"],"canonicalAnchor":"osm:way/1449986455","canonicalCountryKey":"NZ","capacityMw":0.0,"country":"NZ","externalIds":{"osm":"way/1449986455"},"geographyId":"NZ-40311993B75469314212010","id":"wattlas-plant-osm-way-1449986455","lifecycleCounts":{"operational":1},"locationPrecision":"exact","name":"Devon Dairies Solar Farm","operatingCapacityCoverage":{"coveragePercent":0.0,"knownUnitCount":0,"method":"unavailable","totalUnitCount":0},"operatingCapacityMw":0.0,"operatingCapacityMwByTechnology":{},"plannedCapacityCoverage":{"coveragePercent":0.0,"knownUnitCount":0,"method":"unavailable","totalUnitCount":0},"plannedCapacityMw":0.0,"plannedCapacityMwByTechnology":{},"recordCount":1,"recordIds":["wattlas-record-osm-way-1449986455"],"sourceIds":["openstreetmap-power"],"technologies":["solar"],"technologyMixMw":{"solar":0.0},"unitCount":0,"unitIds":[]},"type":"Feature"},{"geometry":{"coordinates":[176.036865,-40.192786],"type":"Point"},"id":"wattlas-plant-osm-way-1516694558","properties":{"aliases":["Dannevirke SF"],"canonicalAnchor":"osm:way/1516694558","canonicalCountryKey":"NZ","capacityMw":19.0,"country":"NZ","externalIds":{"osm":"way/1516694558"},"geographyId":"NZ-40311993B31372788647917","id":"wattlas-plant-osm-way-1516694558","lifecycleCounts":{"operational":1},"locationPrecision":"exact","name":"Dannevirke SF","operatingCapacityCoverage":{"coveragePercent":100.0,"knownUnitCount":0,"method":"plant_aggregate","provenance":{"evidenceCount":0,"recordIds":["wattlas-record-osm-way-1516694558"],"sourceIds":["openstreetmap-power"],"sourceTypes":["community_mapped"],"valueKind":"reported"},"totalUnitCount":0},"operatingCapacityMw":19.0,"operatingCapacityMwByTechnology":{"solar":19.0},"plannedCapacityCoverage":{"coveragePercent":0.0,"knownUnitCount":0,"method":"unavailable","totalUnitCount":0},"plannedCapacityMw":0.0,"plannedCapacityMwByTechnology":{},"recordCount":1,"recordIds":["wattlas-record-osm-way-1516694558"],"sourceIds":["openstreetmap-power"],"technologies":["solar"],"technologyMixMw":{"solar":19.0},"unitCount":0,"unitIds":[]},"type":"Feature"},{"geometry":{"coordinates":[172.505662,-43.371085],"type":"Point"},"id":"wattlas-plant-osm-way-1531378865","properties":{"aliases":["Waimakariri 1 solar farm"],"canonicalAnchor":"osm:way/1531378865","canonicalCountryKey":"NZ","capacityMw":5.0,"country":"NZ","externalIds":{"osm":"way/1531378865"},"geographyId":"NZ-40311993B76352407092523","id":"wattlas-plant-osm-way-1531378865","lifecycleCounts":{"operational":1},"locationPrecision":"exact","name":"Waimakariri 1 solar farm","operatingCapacityCoverage":{"coveragePercent":100.0,"knownUnitCount":0,"method":"plant_aggregate","provenance":{"evidenceCount":0,"recordIds":["wattlas-record-osm-way-1531378865"],"sourceIds":["openstreetmap-power"],"sourceTypes":["community_mapped"],"valueKind":"reported"},"totalUnitCount":0},"operatingCapacityMw":5.0,"operatingCapacityMwByTechnology":{"solar":5.0},"plannedCapacityCoverage":{"coveragePercent":0.0,"knownUnitCount":0,"method":"unavailable","totalUnitCount":0},"plannedCapacityMw":0.0,"plannedCapacityMwByTechnology":{},"recordCount":1,"recordIds":["wattlas-record-osm-way-1531378865"],"sourceIds":["openstreetmap-power"],"technologies":["solar"],"technologyMixMw":{"solar":5.0},"unitCount":0,"unitIds":[]},"type":"Feature"},{"geometry":{"coordinates":[171.721429,-43.943317],"type":"Point"},"id":"wattlas-plant-osm-way-1531381189","properties":{"aliases":["Willowby solar farm"],"canonicalAnchor":"osm:way/1531381189","canonicalCountryKey":"NZ","capacityMw":7.2,"country":"NZ","externalIds":{"osm":"way/1531381189"},"geographyId":"NZ-40311993B76352407092523","id":"wattlas-plant-osm-way-1531381189","lifecycleCounts":{"operational":1},"locationPrecision":"exact","name":"Willowby solar farm","operatingCapacityCoverage":{"coveragePercent":100.0,"knownUnitCount":0,"method":"plant_aggregate","provenance":{"evidenceCount":0,"recordIds":["wattlas-record-osm-way-1531381189"],"sourceIds":["openstreetmap-power"],"sourceTypes":["community_mapped"],"valueKind":"reported"},"totalUnitCount":0},"operatingCapacityMw":7.2,"operatingCapacityMwByTechnology":{"solar":7.2},"plannedCapacityCoverage":{"coveragePercent":0.0,"knownUnitCount":0,"method":"unavailable","totalUnitCount":0},"plannedCapacityMw":0.0,"plannedCapacityMwByTechnology":{},"recordCount":1,"recordIds":["wattlas-record-osm-way-1531381189"],"sourceIds":["openstreetmap-power"],"technologies":["solar"],"technologyMixMw":{"solar":7.2},"unitCount":0,"unitIds":[]},"type":"Feature"},{"geometry":{"coordinates":[175.450196,-40.576728],"type":"Point"},"id":"wattlas-plant-osm-way-175693283","properties":{"aliases":["Mangahao Power Station"],"canonicalAnchor":"osm:way/175693283","canonicalCountryKey":"NZ","capacityMw":38.0,"country":"NZ","externalIds":{"osm":"way/175693283"},"geographyId":"NZ-40311993B31372788647917","id":"wattlas-plant-osm-way-175693283","lifecycleCounts":{"operational":1},"locationPrecision":"exact","name":"Mangahao Power Station","operatingCapacityCoverage":{"coveragePercent":100.0,"knownUnitCount":0,"method":"plant_aggregate","provenance":{"evidenceCount":0,"recordIds":["wattlas-record-osm-way-175693283"],"sourceIds":["openstreetmap-power"],"sourceTypes":["community_mapped"],"valueKind":"reported"},"totalUnitCount":0},"operatingCapacityMw":38.0,"operatingCapacityMwByTechnology":{"hydro":38.0},"plannedCapacityCoverage":{"coveragePercent":0.0,"knownUnitCount":0,"method":"unavailable","totalUnitCount":0},"plannedCapacityMw":0.0,"plannedCapacityMwByTechnology":{},"recordCount":1,"recordIds":["wattlas-record-osm-way-175693283"],"sourceIds":["openstreetmap-power"],"technologies":["hydro"],"technologyMixMw":{"hydro":38.0},"unitCount":0,"unitIds":[]},"type":"Feature"},{"geometry":{"coordinates":[176.578021,-38.633388],"type":"Point"},"id":"wattlas-plant-osm-way-409969758","properties":{"aliases":["Wheao Power Station"],"canonicalAnchor":"osm:way/409969758","canonicalCountryKey":"NZ","capacityMw":24.0,"country":"NZ","externalIds":{"osm":"way/409969758"},"geographyId":"NZ-40311993B61794104142346","id":"wattlas-plant-osm-way-409969758","lifecycleCounts":{"operational":1},"locationPrecision":"exact","name":"Wheao Power Station","operatingCapacityCoverage":{"coveragePercent":100.0,"knownUnitCount":0,"method":"plant_aggregate","provenance":{"evidenceCount":0,"recordIds":["wattlas-record-osm-way-409969758"],"sourceIds":["openstreetmap-power"],"sourceTypes":["community_mapped"],"valueKind":"reported"},"totalUnitCount":0},"operatingCapacityMw":24.0,"operatingCapacityMwByTechnology":{"hydro":24.0},"plannedCapacityCoverage":{"coveragePercent":0.0,"knownUnitCount":0,"method":"unavailable","totalUnitCount":0},"plannedCapacityMw":0.0,"plannedCapacityMwByTechnology":{},"recordCount":1,"recordIds":["wattlas-record-osm-way-409969758"],"sourceIds":["openstreetmap-power"],"technologies":["hydro"],"technologyMixMw":{"hydro":24.0},"unitCount":0,"unitIds":[]},"type":"Feature"},{"geometry":{"coordinates":[174.118955,-39.105186],"type":"Point"},"id":"wattlas-plant-osm-way-505216401","properties":{"aliases":["Mangorei Power House"],"canonicalAnchor":"osm:way/505216401","canonicalCountryKey":"NZ","capacityMw":4.5,"country":"NZ","externalIds":{"osm":"way/505216401"},"geographyId":"NZ-40311993B7212192632593","id":"wattlas-plant-osm-way-505216401","lifecycleCounts":{"operational":1},"locationPrecision":"exact","name":"Mangorei Power House","operatingCapacityCoverage":{"coveragePercent":100.0,"knownUnitCount":0,"method":"plant_aggregate","provenance":{"evidenceCount":0,"recordIds":["wattlas-record-osm-way-505216401"],"sourceIds":["openstreetmap-power"],"sourceTypes":["community_mapped"],"valueKind":"reported"},"totalUnitCount":0},"operatingCapacityMw":4.5,"operatingCapacityMwByTechnology":{"hydro":4.5},"plannedCapacityCoverage":{"coveragePercent":0.0,"knownUnitCount":0,"method":"unavailable","totalUnitCount":0},"plannedCapacityMw":0.0,"plannedCapacityMwByTechnology":{},"recordCount":1,"recordIds":["wattlas-record-osm-way-505216401"],"sourceIds":["openstreetmap-power"],"technologies":["hydro"],"technologyMixMw":{"hydro":4.5},"unitCount":0,"unitIds":[]},"type":"Feature"},{"geometry":{"coordinates":[176.041077,-37.82079],"type":"Point"},"id":"wattlas-plant-osm-way-616229609","properties":{"aliases":["Lower Mangapapa Power Station"],"canonicalAnchor":"osm:way/616229609","canonicalCountryKey":"NZ","capacityMw":5.6,"country":"NZ","externalIds":{"osm":"way/616229609"},"geographyId":"NZ-40311993B61794104142346","id":"wattlas-plant-osm-way-616229609","lifecycleCounts":{"operational":1},"locationPrecision":"exact","name":"Lower Mangapapa Power Station","operatingCapacityCoverage":{"coveragePercent":100.0,"knownUnitCount":0,"method":"plant_aggregate","provenance":{"evidenceCount":0,"recordIds":["wattlas-record-osm-way-616229609"],"sourceIds":["openstreetmap-power"],"sourceTypes":["community_mapped"],"valueKind":"reported"},"totalUnitCount":0},"operatingCapacityMw":5.6,"operatingCapacityMwByTechnology":{"hydro":5.6},"plannedCapacityCoverage":{"coveragePercent":0.0,"knownUnitCount":0,"method":"unavailable","totalUnitCount":0},"plannedCapacityMw":0.0,"plannedCapacityMwByTechnology":{},"recordCount":1,"recordIds":["wattlas-record-osm-way-616229609"],"sourceIds":["openstreetmap-power"],"technologies":["hydro"],"technologyMixMw":{"hydro":5.6},"unitCount":0,"unitIds":[]},"type":"Feature"},{"geometry":{"coordinates":[176.055198,-37.77738],"type":"Point"},"id":"wattlas-plant-osm-way-619975647","properties":{"aliases":["Ruahihi Power Station"],"canonicalAnchor":"osm:way/619975647","canonicalCountryKey":"NZ","capacityMw":20.0,"country":"NZ","externalIds":{"osm":"way/619975647"},"geographyId":"NZ-40311993B61794104142346","id":"wattlas-plant-osm-way-619975647","lifecycleCounts":{"operational":1},"locationPrecision":"exact","name":"Ruahihi Power Station","operatingCapacityCoverage":{"coveragePercent":100.0,"knownUnitCount":0,"method":"plant_aggregate","provenance":{"evidenceCount":0,"recordIds":["wattlas-record-osm-way-619975647"],"sourceIds":["openstreetmap-power"],"sourceTypes":["community_mapped"],"valueKind":"reported"},"totalUnitCount":0},"operatingCapacityMw":20.0,"operatingCapacityMwByTechnology":{"hydro":20.0},"plannedCapacityCoverage":{"coveragePercent":0.0,"knownUnitCount":0,"method":"unavailable","totalUnitCount":0},"plannedCapacityMw":0.0,"plannedCapacityMwByTechnology":{},"recordCount":1,"recordIds":["wattlas-record-osm-way-619975647"],"sourceIds":["openstreetmap-power"],"technologies":["hydro"],"technologyMixMw":{"hydro":20.0},"unitCount":0,"unitIds":[]},"type":"Feature"},{"geometry":{"coordinates":[174.103683,-39.117108],"type":"Point"},"id":"wattlas-plant-osm-way-781973296","properties":{"aliases":["Junction Road Power Station"],"canonicalAnchor":"osm:way/781973296","canonicalCountryKey":"NZ","capacityMw":100.0,"country":"NZ","externalIds":{"osm":"way/781973296"},"geographyId":"NZ-40311993B7212192632593","id":"wattlas-plant-osm-way-781973296","lifecycleCounts":{"operational":1},"locationPrecision":"exact","name":"Junction Road Power Station","operatingCapacityCoverage":{"coveragePercent":100.0,"knownUnitCount":0,"method":"plant_aggregate","provenance":{"evidenceCount":0,"recordIds":["wattlas-record-osm-way-781973296"],"sourceIds":["openstreetmap-power"],"sourceTypes":["community_mapped"],"valueKind":"reported"},"totalUnitCount":0},"operatingCapacityMw":100.0,"operatingCapacityMwByTechnology":{"gas":100.0},"plannedCapacityCoverage":{"coveragePercent":0.0,"knownUnitCount":0,"method":"unavailable","totalUnitCount":0},"plannedCapacityMw":0.0,"plannedCapacityMwByTechnology":{},"recordCount":1,"recordIds":["wattlas-record-osm-way-781973296"],"sourceIds":["openstreetmap-power"],"technologies":["gas"],"technologyMixMw":{"gas":100.0},"unitCount":0,"unitIds":[]},"type":"Feature"},{"geometry":{"coordinates":[174.122513,-41.163525],"type":"Point"},"id":"wattlas-plant-osm-way-807069135","properties":{"aliases":["Kenepuru Heads diesel generators"],"canonicalAnchor":"osm:way/807069135","canonicalCountryKey":"NZ","capacityMw":1.32,"country":"NZ","externalIds":{"osm":"way/807069135"},"geographyId":"NZ-40311993B74827549991310","id":"wattlas-plant-osm-way-807069135","lifecycleCounts":{"operational":1},"locationPrecision":"exact","name":"Kenepuru Heads diesel generators","operatingCapacityCoverage":{"coveragePercent":100.0,"knownUnitCount":0,"method":"plant_aggregate","provenance":{"evidenceCount":0,"recordIds":["wattlas-record-osm-way-807069135"],"sourceIds":["openstreetmap-power"],"sourceTypes":["community_mapped"],"valueKind":"reported"},"totalUnitCount":0},"operatingCapacityMw":1.32,"operatingCapacityMwByTechnology":{"other":1.32},"plannedCapacityCoverage":{"coveragePercent":0.0,"knownUnitCount":0,"method":"unavailable","totalUnitCount":0},"plannedCapacityMw":0.0,"plannedCapacityMwByTechnology":{},"recordCount":1,"recordIds":["wattlas-record-osm-way-807069135"],"sourceIds":["openstreetmap-power"],"technologies":["other"],"technologyMixMw":{"other":1.32},"unitCount":0,"unitIds":[]},"type":"Feature"},{"geometry":{"coordinates":[170.426315,-44.690705],"type":"Point"},"id":"wattlas-plant-osm-way-90890913","properties":{"aliases":["Waitaki Power Station"],"canonicalAnchor":"osm:way/90890913","canonicalCountryKey":"NZ","capacityMw":105.0,"country":"NZ","externalIds":{"osm":"way/90890913"},"geographyId":"NZ-40311993B76352407092523","id":"wattlas-plant-osm-way-90890913","lifecycleCounts":{"operational":1},"locationPrecision":"exact","name":"Waitaki Power Station","operatingCapacityCoverage":{"coveragePercent":100.0,"knownUnitCount":0,"method":"plant_aggregate","provenance":{"evidenceCount":0,"recordIds":["wattlas-record-osm-way-90890913"],"sourceIds":["openstreetmap-power"],"sourceTypes":["community_mapped"],"valueKind":"reported"},"totalUnitCount":0},"operatingCapacityMw":105.0,"operatingCapacityMwByTechnology":{"hydro":105.0},"plannedCapacityCoverage":{"coveragePercent":0.0,"knownUnitCount":0,"method":"unavailable","totalUnitCount":0},"plannedCapacityMw":0.0,"plannedCapacityMwByTechnology":{},"recordCount":1,"recordIds":["wattlas-record-osm-way-90890913"],"sourceIds":["openstreetmap-power"],"technologies":["hydro"],"technologyMixMw":{"hydro":105.0},"unitCount":0,"unitIds":[]},"type":"Feature"},{"geometry":{"coordinates":[174.716294,-36.745906],"type":"Point"},"id":"wattlas-plant-osm-way-929005360","properties":{"aliases":["Rosedale Solar Array"],"canonicalAnchor":"osm:way/929005360","canonicalCountryKey":"NZ","capacityMw":1.039,"country":"NZ","externalIds":{"osm":"way/929005360"},"geographyId":"NZ-40311993B8827335688438","id":"wattlas-plant-osm-way-929005360","lifecycleCounts":{"operational":1},"locationPrecision":"exact","name":"Rosedale Solar Array","operatingCapacityCoverage":{"coveragePercent":100.0,"knownUnitCount":0,"method":"plant_aggregate","provenance":{"evidenceCount":0,"recordIds":["wattlas-record-osm-way-929005360"],"sourceIds":["openstreetmap-power"],"sourceTypes":["community_mapped"],"valueKind":"reported"},"totalUnitCount":0},"operatingCapacityMw":1.039,"operatingCapacityMwByTechnology":{"solar":1.039},"plannedCapacityCoverage":{"coveragePercent":0.0,"knownUnitCount":0,"method":"unavailable","totalUnitCount":0},"plannedCapacityMw":0.0,"plannedCapacityMwByTechnology":{},"recordCount":1,"recordIds":["wattlas-record-osm-way-929005360"],"sourceIds":["openstreetmap-power"],"technologies":["solar"],"technologyMixMw":{"solar":1.039},"unitCount":0,"unitIds":[]},"type":"Feature"},{"geometry":{"coordinates":[176.703204,-38.062463],"type":"Point"},"id":"wattlas-plant-osm-way-956295751","properties":{"aliases":["Te Ahi O Maui Power Station"],"canonicalAnchor":"osm:way/956295751","canonicalCountryKey":"NZ","capacityMw":28.0,"country":"NZ","externalIds":{"osm":"way/956295751"},"geographyId":"NZ-40311993B61794104142346","id":"wattlas-plant-osm-way-956295751","lifecycleCounts":{"operational":1},"locationPrecision":"exact","name":"Te Ahi O Maui Power Station","operatingCapacityCoverage":{"coveragePercent":100.0,"knownUnitCount":0,"method":"plant_aggregate","provenance":{"evidenceCount":0,"recordIds":["wattlas-record-osm-way-956295751"],"sourceIds":["openstreetmap-power"],"sourceTypes":["community_mapped"],"valueKind":"reported"},"totalUnitCount":0},"operatingCapacityMw":28.0,"operatingCapacityMwByTechnology":{"geothermal":28.0},"plannedCapacityCoverage":{"coveragePercent":0.0,"knownUnitCount":0,"method":"unavailable","totalUnitCount":0},"plannedCapacityMw":0.0,"plannedCapacityMwByTechnology":{},"recordCount":1,"recordIds":["wattlas-record-osm-way-956295751"],"sourceIds":["openstreetmap-power"],"technologies":["geothermal"],"technologyMixMw":{"geothermal":28.0},"unitCount":0,"unitIds":[]},"type":"Feature"},{"geometry":{"coordinates":[174.171905,-39.482269],"type":"Point"},"id":"wattlas-plant-osm-way-959994014","properties":{"aliases":["Kapuni Solar Power Plant"],"canonicalAnchor":"osm:way/959994014","canonicalCountryKey":"NZ","capacityMw":2.1,"country":"NZ","externalIds":{"osm":"way/959994014"},"geographyId":"NZ-40311993B7212192632593","id":"wattlas-plant-osm-way-959994014","lifecycleCounts":{"operational":1},"locationPrecision":"exact","name":"Kapuni Solar Power Plant","operatingCapacityCoverage":{"coveragePercent":100.0,"knownUnitCount":0,"method":"plant_aggregate","provenance":{"evidenceCount":0,"recordIds":["wattlas-record-osm-way-959994014"],"sourceIds":["openstreetmap-power"],"sourceTypes":["community_mapped"],"valueKind":"reported"},"totalUnitCount":0},"operatingCapacityMw":2.1,"operatingCapacityMwByTechnology":{"solar":2.1},"plannedCapacityCoverage":{"coveragePercent":0.0,"knownUnitCount":0,"method":"unavailable","totalUnitCount":0},"plannedCapacityMw":0.0,"plannedCapacityMwByTechnology":{},"recordCount":1,"recordIds":["wattlas-record-osm-way-959994014"],"sourceIds":["openstreetmap-power"],"technologies":["solar"],"technologyMixMw":{"solar":2.1},"unitCount":0,"unitIds":[]},"type":"Feature"},{"geometry":{"coordinates":[172.521584,-43.489579],"type":"Point"},"id":"wattlas-plant-osm-way-976243712","properties":{"aliases":["Mapped power plant · OSM 976243712"],"canonicalAnchor":"osm:way/976243712","canonicalCountryKey":"NZ","capacityMw":0.0,"country":"NZ","externalIds":{"osm":"way/976243712"},"geographyId":"NZ-40311993B76352407092523","id":"wattlas-plant-osm-way-976243712","lifecycleCounts":{"under_construction":1},"locationPrecision":"exact","name":"Mapped power plant · OSM 976243712","operatingCapacityCoverage":{"coveragePercent":0.0,"knownUnitCount":0,"method":"unavailable","totalUnitCount":0},"operatingCapacityMw":0.0,"operatingCapacityMwByTechnology":{},"plannedCapacityCoverage":{"coveragePercent":0.0,"knownUnitCount":0,"method":"unavailable","totalUnitCount":0},"plannedCapacityMw":0.0,"plannedCapacityMwByTechnology":{},"recordCount":1,"recordIds":["wattlas-record-osm-way-976243712"],"sourceIds":["openstreetmap-power"],"technologies":["other"],"technologyMixMw":{"other":0.0},"unitCount":0,"unitIds":[]},"type":"Feature"},{"geometry":{"coordinates":[172.524962,-43.487577],"type":"Point"},"id":"wattlas-plant-osm-way-976243713","properties":{"aliases":["Mapped power plant · OSM 976243713"],"canonicalAnchor":"osm:way/976243713","canonicalCountryKey":"NZ","capacityMw":0.0,"country":"NZ","externalIds":{"osm":"way/976243713"},"geographyId":"NZ-40311993B76352407092523","id":"wattlas-plant-osm-way-976243713","lifecycleCounts":{"under_construction":1},"locationPrecision":"exact","name":"Mapped power plant · OSM 976243713","operatingCapacityCoverage":{"coveragePercent":0.0,"knownUnitCount":0,"method":"unavailable","totalUnitCount":0},"operatingCapacityMw":0.0,"operatingCapacityMwByTechnology":{},"plannedCapacityCoverage":{"coveragePercent":0.0,"knownUnitCount":0,"method":"unavailable","totalUnitCount":0},"plannedCapacityMw":0.0,"plannedCapacityMwByTechnology":{},"recordCount":1,"recordIds":["wattlas-record-osm-way-976243713"],"sourceIds":["openstreetmap-power"],"technologies":["other"],"technologyMixMw":{"other":0.0},"unitCount":0,"unitIds":[]},"type":"Feature"},{"geometry":{"coordinates":[175.342849,-38.911951],"type":"Point"},"id":"wattlas-plant-osm-way-986089016","properties":{"aliases":["Piriaka Power Station"],"canonicalAnchor":"osm:way/986089016","canonicalCountryKey":"NZ","capacityMw":1.5,"country":"NZ","externalIds":{"osm":"way/986089016"},"geographyId":"NZ-40311993B31372788647917","id":"wattlas-plant-osm-way-986089016","lifecycleCounts":{"operational":1},"locationPrecision":"exact","name":"Piriaka Power Station","operatingCapacityCoverage":{"coveragePercent":100.0,"knownUnitCount":0,"method":"plant_aggregate","provenance":{"evidenceCount":0,"recordIds":["wattlas-record-osm-way-986089016"],"sourceIds":["openstreetmap-power"],"sourceTypes":["community_mapped"],"valueKind":"reported"},"totalUnitCount":0},"operatingCapacityMw":1.5,"operatingCapacityMwByTechnology":{"hydro":1.5},"plannedCapacityCoverage":{"coveragePercent":0.0,"knownUnitCount":0,"method":"unavailable","totalUnitCount":0},"plannedCapacityMw":0.0,"plannedCapacityMwByTechnology":{},"recordCount":1,"recordIds":["wattlas-record-osm-way-986089016"],"sourceIds":["openstreetmap-power"],"technologies":["hydro"],"technologyMixMw":{"hydro":1.5},"unitCount":0,"unitIds":[]},"type":"Feature"},{"geometry":{"coordinates":[176.050777,-37.843939],"type":"Point"},"id":"wattlas-plant-osm-way-987248229","properties":{"aliases":["Lloyd Mandeno Power Station"],"canonicalAnchor":"osm:way/987248229","canonicalCountryKey":"NZ","capacityMw":16.0,"country":"NZ","externalIds":{"osm":"way/987248229"},"geographyId":"NZ-40311993B61794104142346","id":"wattlas-plant-osm-way-987248229","lifecycleCounts":{"operational":1},"locationPrecision":"exact","name":"Lloyd Mandeno Power Station","operatingCapacityCoverage":{"coveragePercent":100.0,"knownUnitCount":0,"method":"plant_aggregate","provenance":{"evidenceCount":0,"recordIds":["wattlas-record-osm-way-987248229"],"sourceIds":["openstreetmap-power"],"sourceTypes":["community_mapped"],"valueKind":"reported"},"totalUnitCount":0},"operatingCapacityMw":16.0,"operatingCapacityMwByTechnology":{"hydro":16.0},"plannedCapacityCoverage":{"coveragePercent":0.0,"knownUnitCount":0,"method":"unavailable","totalUnitCount":0},"plannedCapacityMw":0.0,"plannedCapacityMwByTechnology":{},"recordCount":1,"recordIds":["wattlas-record-osm-way-987248229"],"sourceIds":["openstreetmap-power"],"technologies":["hydro"],"technologyMixMw":{"hydro":16.0},"unitCount":0,"unitIds":[]},"type":"Feature"},{"geometry":{"coordinates":[175.837305,-39.153243],"type":"Point"},"id":"wattlas-plant-osm-way-989021414","properties":{"aliases":["Rangipo Power Station"],"canonicalAnchor":"osm:way/989021414","canonicalCountryKey":"NZ","capacityMw":120.0,"country":"NZ","externalIds":{"osm":"way/989021414"},"geographyId":"NZ-40311993B15069482995997","id":"wattlas-plant-osm-way-989021414","lifecycleCounts":{"operational":1},"locationPrecision":"exact","name":"Rangipo Power Station","operatingCapacityCoverage":{"coveragePercent":100.0,"knownUnitCount":0,"method":"plant_aggregate","provenance":{"evidenceCount":0,"recordIds":["wattlas-record-osm-way-989021414"],"sourceIds":["openstreetmap-power"],"sourceTypes":["community_mapped"],"valueKind":"reported"},"totalUnitCount":0},"operatingCapacityMw":120.0,"operatingCapacityMwByTechnology":{"hydro":120.0},"plannedCapacityCoverage":{"coveragePercent":0.0,"knownUnitCount":0,"method":"unavailable","totalUnitCount":0},"plannedCapacityMw":0.0,"plannedCapacityMwByTechnology":{},"recordCount":1,"recordIds":["wattlas-record-osm-way-989021414"],"sourceIds":["openstreetmap-power"],"technologies":["hydro"],"technologyMixMw":{"hydro":120.0},"unitCount":0,"unitIds":[]},"type":"Feature"},{"geometry":{"coordinates":[173.430551,-41.608865],"type":"Point"},"id":"wattlas-plant-osm-way-992990464","properties":{"aliases":["Wairau Valley solar farm"],"canonicalAnchor":"osm:way/992990464","canonicalCountryKey":"NZ","capacityMw":1.85,"country":"NZ","externalIds":{"osm":"way/992990464"},"geographyId":"NZ-40311993B74827549991310","id":"wattlas-plant-osm-way-992990464","lifecycleCounts":{"operational":1},"locationPrecision":"exact","name":"Wairau Valley solar farm","operatingCapacityCoverage":{"coveragePercent":100.0,"knownUnitCount":0,"method":"plant_aggregate","provenance":{"evidenceCount":0,"recordIds":["wattlas-record-osm-way-992990464"],"sourceIds":["openstreetmap-power"],"sourceTypes":["community_mapped"],"valueKind":"reported"},"totalUnitCount":0},"operatingCapacityMw":1.85,"operatingCapacityMwByTechnology":{"solar":1.85},"plannedCapacityCoverage":{"coveragePercent":0.0,"knownUnitCount":0,"method":"unavailable","totalUnitCount":0},"plannedCapacityMw":0.0,"plannedCapacityMwByTechnology":{},"recordCount":1,"recordIds":["wattlas-record-osm-way-992990464"],"sourceIds":["openstreetmap-power"],"technologies":["solar"],"technologyMixMw":{"solar":1.85},"unitCount":0,"unitIds":[]},"type":"Feature"},{"geometry":{"coordinates":[173.110907,-34.818309],"type":"Point"},"id":"wattlas-plant-wikidata-q107547911","properties":{"aliases":["Pukenui solar farm"],"canonicalAnchor":"wikidata:Q107547911","canonicalCountryKey":"NZ","capacityMw":20.8,"country":"NZ","externalIds":{"osm":"way/992983920","wikidata":"Q107547911"},"geographyId":"NZ-40311993B95835387341305","id":"wattlas-plant-wikidata-q107547911","idAliases":["wattlas-plant-osm-way-992983920"],"lifecycleCounts":{"operational":1},"locationPrecision":"exact","name":"Pukenui solar farm","operatingCapacityCoverage":{"coveragePercent":100.0,"knownUnitCount":0,"method":"plant_aggregate","provenance":{"evidenceCount":0,"recordIds":["wattlas-record-osm-way-992983920"],"sourceIds":["openstreetmap-power"],"sourceTypes":["community_mapped"],"valueKind":"reported"},"totalUnitCount":0},"operatingCapacityMw":20.8,"operatingCapacityMwByTechnology":{"solar":20.8},"plannedCapacityCoverage":{"coveragePercent":0.0,"knownUnitCount":0,"method":"unavailable","totalUnitCount":0},"plannedCapacityMw":0.0,"plannedCapacityMwByTechnology":{},"recordCount":1,"recordIds":["wattlas-record-osm-way-992983920"],"sourceIds":["openstreetmap-power"],"technologies":["solar"],"technologyMixMw":{"solar":20.8},"unitCount":0,"unitIds":[]},"type":"Feature"},{"geometry":{"coordinates":[173.743507,-35.891619],"type":"Point"},"id":"wattlas-plant-wikidata-q108122994","properties":{"aliases":["Kaiwaikawe Wind Farm"],"canonicalAnchor":"wikidata:Q108122994","canonicalCountryKey":"NZ","capacityMw":77.0,"country":"NZ","externalIds":{"osm":"relation/19754078","wikidata":"Q108122994","wikipedia":"en:Kaiwaikawe Wind Farm"},"geographyId":"NZ-40311993B95835387341305","id":"wattlas-plant-wikidata-q108122994","idAliases":["wattlas-plant-osm-relation-19754078","wattlas-plant-wikipedia-en-kaiwaikawe-wind-farm"],"lifecycleCounts":{"under_construction":1},"locationPrecision":"exact","name":"Kaiwaikawe Wind Farm","operatingCapacityCoverage":{"coveragePercent":0.0,"knownUnitCount":0,"method":"unavailable","totalUnitCount":0},"operatingCapacityMw":0.0,"operatingCapacityMwByTechnology":{},"plannedCapacityCoverage":{"coveragePercent":100.0,"knownUnitCount":0,"method":"plant_aggregate","provenance":{"evidenceCount":0,"recordIds":["wattlas-record-osm-relation-19754078"],"sourceIds":["openstreetmap-power"],"sourceTypes":["community_mapped"],"valueKind":"reported"},"totalUnitCount":0},"plannedCapacityMw":77.0,"plannedCapacityMwByTechnology":{"wind":77.0},"recordCount":1,"recordIds":["wattlas-record-osm-relation-19754078"],"sourceIds":["openstreetmap-power"],"technologies":["wind"],"technologyMixMw":{"wind":77.0},"unitCount":0,"unitIds":[]},"type":"Feature"},{"geometry":{"coordinates":[169.306458,-45.179988],"type":"Point"},"id":"wattlas-plant-wikidata-q1103620","properties":{"aliases":["Clyde Dam"],"canonicalAnchor":"wikidata:Q1103620","canonicalCountryKey":"NZ","capacityMw":432.0,"country":"NZ","externalIds":{"osm":"relation/11211038","wikidata":"Q1103620","wikipedia":"en:Clyde Dam"},"geographyId":"NZ-40311993B75469314212010","id":"wattlas-plant-wikidata-q1103620","idAliases":["wattlas-plant-osm-relation-11211038","wattlas-plant-wikipedia-en-clyde-dam"],"lifecycleCounts":{"operational":1},"locationPrecision":"exact","name":"Clyde Dam","operatingCapacityCoverage":{"coveragePercent":100.0,"knownUnitCount":0,"method":"plant_aggregate","provenance":{"evidenceCount":0,"recordIds":["wattlas-record-osm-relation-11211038"],"sourceIds":["openstreetmap-power"],"sourceTypes":["community_mapped"],"valueKind":"reported"},"totalUnitCount":0},"operatingCapacityMw":432.0,"operatingCapacityMwByTechnology":{"hydro":432.0},"plannedCapacityCoverage":{"coveragePercent":0.0,"knownUnitCount":0,"method":"unavailable","totalUnitCount":0},"plannedCapacityMw":0.0,"plannedCapacityMwByTechnology":{},"recordCount":1,"recordIds":["wattlas-record-osm-relation-11211038"],"sourceIds":["openstreetmap-power"],"technologies":["hydro"],"technologyMixMw":{"hydro":432.0},"unitCount":0,"unitIds":[]},"type":"Feature"},{"geometry":{"coordinates":[176.444981,-38.889647],"type":"Point"},"id":"wattlas-plant-wikidata-q115803201","properties":{"aliases":["Te Rāhui solar farm"],"canonicalAnchor":"wikidata:Q115803201","canonicalCountryKey":"NZ","capacityMw":200.0,"country":"NZ","externalIds":{"osm":"way/1443412744","wikidata":"Q115803201","wikipedia":"en:Te Rāhui Solar Farm"},"geographyId":"NZ-40311993B61794104142346","id":"wattlas-plant-wikidata-q115803201","idAliases":["wattlas-plant-osm-way-1443412744","wattlas-plant-wikipedia-en-te-r-hui-solar-farm"],"lifecycleCounts":{"under_construction":1},"locationPrecision":"exact","name":"Te Rāhui solar farm","operatingCapacityCoverage":{"coveragePercent":0.0,"knownUnitCount":0,"method":"unavailable","totalUnitCount":0},"operatingCapacityMw":0.0,"operatingCapacityMwByTechnology":{},"plannedCapacityCoverage":{"coveragePercent":100.0,"knownUnitCount":0,"method":"plant_aggregate","provenance":{"evidenceCount":0,"recordIds":["wattlas-record-osm-way-1443412744"],"sourceIds":["openstreetmap-power"],"sourceTypes":["community_mapped"],"valueKind":"reported"},"totalUnitCount":0},"plannedCapacityMw":200.0,"plannedCapacityMwByTechnology":{"solar":200.0},"recordCount":1,"recordIds":["wattlas-record-osm-way-1443412744"],"sourceIds":["openstreetmap-power"],"technologies":["solar"],"technologyMixMw":{"solar":200.0},"unitCount":0,"unitIds":[]},"type":"Feature"},{"geometry":{"coordinates":[175.712142,-37.588362],"type":"Point"},"id":"wattlas-plant-wikidata-q115803980","properties":{"aliases":["Tauhei solar farm"],"canonicalAnchor":"wikidata:Q115803980","canonicalCountryKey":"NZ","capacityMw":147.0,"country":"NZ","externalIds":{"osm":"relation/19726847","wikidata":"Q115803980","wikipedia":"en:Tauhei Solar Farm"},"geographyId":"NZ-40311993B15069482995997","id":"wattlas-plant-wikidata-q115803980","idAliases":["wattlas-plant-osm-relation-19726847","wattlas-plant-wikipedia-en-tauhei-solar-farm"],"lifecycleCounts":{"under_construction":1},"locationPrecision":"exact","name":"Tauhei solar farm","operatingCapacityCoverage":{"coveragePercent":0.0,"knownUnitCount":0,"method":"unavailable","totalUnitCount":0},"operatingCapacityMw":0.0,"operatingCapacityMwByTechnology":{},"plannedCapacityCoverage":{"coveragePercent":100.0,"knownUnitCount":0,"method":"plant_aggregate","provenance":{"evidenceCount":0,"recordIds":["wattlas-record-osm-relation-19726847"],"sourceIds":["openstreetmap-power"],"sourceTypes":["community_mapped"],"valueKind":"reported"},"totalUnitCount":0},"plannedCapacityMw":147.0,"plannedCapacityMwByTechnology":{"solar":147.0},"recordCount":1,"recordIds":["wattlas-record-osm-relation-19726847"],"sourceIds":["openstreetmap-power"],"technologies":["solar"],"technologyMixMw":{"solar":147.0},"unitCount":0,"unitIds":[]},"type":"Feature"},{"geometry":{"coordinates":[176.725766,-38.063543],"type":"Point"},"id":"wattlas-plant-wikidata-q11980453","properties":{"aliases":["Kawerau Power Station"],"canonicalAnchor":"wikidata:Q11980453","canonicalCountryKey":"NZ","capacityMw":100.0,"country":"NZ","externalIds":{"osm":"way/170175198","wikidata":"Q11980453"},"geographyId":"NZ-40311993B61794104142346","id":"wattlas-plant-wikidata-q11980453","idAliases":["wattlas-plant-osm-way-170175198"],"lifecycleCounts":{"operational":1},"locationPrecision":"exact","name":"Kawerau Power Station","operatingCapacityCoverage":{"coveragePercent":100.0,"knownUnitCount":0,"method":"plant_aggregate","provenance":{"evidenceCount":0,"recordIds":["wattlas-record-osm-way-170175198"],"sourceIds":["openstreetmap-power"],"sourceTypes":["community_mapped"],"valueKind":"reported"},"totalUnitCount":0},"operatingCapacityMw":100.0,"operatingCapacityMwByTechnology":{"geothermal":100.0},"plannedCapacityCoverage":{"coveragePercent":0.0,"knownUnitCount":0,"method":"unavailable","totalUnitCount":0},"plannedCapacityMw":0.0,"plannedCapacityMwByTechnology":{},"recordCount":1,"recordIds":["wattlas-record-osm-way-170175198"],"sourceIds":["openstreetmap-power"],"technologies":["geothermal"],"technologyMixMw":{"geothermal":100.0},"unitCount":0,"unitIds":[]},"type":"Feature"},{"geometry":{"coordinates":[175.743678,-38.35143],"type":"Point"},"id":"wattlas-plant-wikidata-q11988091","properties":{"aliases":["Maraetai Power Station"],"canonicalAnchor":"wikidata:Q11988091","canonicalCountryKey":"NZ","capacityMw":360.0,"country":"NZ","externalIds":{"osm":"relation/8056852","wikidata":"Q11988091","wikipedia":"en:Maraetai Power Station"},"geographyId":"NZ-40311993B15069482995997","id":"wattlas-plant-wikidata-q11988091","idAliases":["wattlas-plant-osm-relation-8056852","wattlas-plant-wikipedia-en-maraetai-power-station"],"lifecycleCounts":{"operational":1},"locationPrecision":"exact","name":"Maraetai Power Station","operatingCapacityCoverage":{"coveragePercent":100.0,"knownUnitCount":0,"method":"plant_aggregate","provenance":{"evidenceCount":0,"recordIds":["wattlas-record-osm-relation-8056852"],"sourceIds":["openstreetmap-power"],"sourceTypes":["community_mapped"],"valueKind":"reported"},"totalUnitCount":0},"operatingCapacityMw":360.0,"operatingCapacityMwByTechnology":{"hydro":360.0},"plannedCapacityCoverage":{"coveragePercent":0.0,"knownUnitCount":0,"method":"unavailable","totalUnitCount":0},"plannedCapacityMw":0.0,"plannedCapacityMwByTechnology":{},"recordCount":1,"recordIds":["wattlas-record-osm-relation-8056852"],"sourceIds":["openstreetmap-power"],"technologies":["hydro"],"technologyMixMw":{"hydro":360.0},"unitCount":0,"unitIds":[]},"type":"Feature"},{"geometry":{"coordinates":[175.800932,-38.416552],"type":"Point"},"id":"wattlas-plant-wikidata-q12010561","properties":{"aliases":["Whakamaru Hydro Station"],"canonicalAnchor":"wikidata:Q12010561","canonicalCountryKey":"NZ","capacityMw":124.0,"country":"NZ","externalIds":{"osm":"relation/13342076","wikidata":"Q12010561","wikipedia":"en:Whakamaru Dam"},"geographyId":"NZ-40311993B15069482995997","id":"wattlas-plant-wikidata-q12010561","idAliases":["wattlas-plant-osm-relation-13342076","wattlas-plant-wikipedia-en-whakamaru-dam"],"lifecycleCounts":{"operational":1},"locationPrecision":"exact","name":"Whakamaru Hydro Station","operatingCapacityCoverage":{"coveragePercent":100.0,"knownUnitCount":0,"method":"plant_aggregate","provenance":{"evidenceCount":0,"recordIds":["wattlas-record-osm-relation-13342076"],"sourceIds":["openstreetmap-power"],"sourceTypes":["community_mapped"],"valueKind":"reported"},"totalUnitCount":0},"operatingCapacityMw":124.0,"operatingCapacityMwByTechnology":{"hydro":124.0},"plannedCapacityCoverage":{"coveragePercent":0.0,"knownUnitCount":0,"method":"unavailable","totalUnitCount":0},"plannedCapacityMw":0.0,"plannedCapacityMwByTechnology":{},"recordCount":1,"recordIds":["wattlas-record-osm-relation-13342076"],"sourceIds":["openstreetmap-power"],"technologies":["hydro"],"technologyMixMw":{"hydro":124.0},"unitCount":0,"unitIds":[]},"type":"Feature"},{"geometry":{"coordinates":[173.218971,-35.082146],"type":"Point"},"id":"wattlas-plant-wikidata-q122495380","properties":{"aliases":["Kohirā solar farm"],"canonicalAnchor":"wikidata:Q122495380","canonicalCountryKey":"NZ","capacityMw":23.7,"country":"NZ","externalIds":{"osm":"way/1126147888","wikidata":"Q122495380","wikipedia":"en:Kohirā Solar Farm"},"geographyId":"NZ-40311993B95835387341305","id":"wattlas-plant-wikidata-q122495380","idAliases":["wattlas-plant-osm-way-1126147888","wattlas-plant-wikipedia-en-kohir-solar-farm"],"lifecycleCounts":{"operational":1},"locationPrecision":"exact","name":"Kohirā solar farm","operatingCapacityCoverage":{"coveragePercent":100.0,"knownUnitCount":0,"method":"plant_aggregate","provenance":{"evidenceCount":0,"recordIds":["wattlas-record-osm-way-1126147888"],"sourceIds":["openstreetmap-power"],"sourceTypes":["community_mapped"],"valueKind":"reported"},"totalUnitCount":0},"operatingCapacityMw":23.7,"operatingCapacityMwByTechnology":{"solar":23.7},"plannedCapacityCoverage":{"coveragePercent":0.0,"knownUnitCount":0,"method":"unavailable","totalUnitCount":0},"plannedCapacityMw":0.0,"plannedCapacityMwByTechnology":{},"recordCount":1,"recordIds":["wattlas-record-osm-way-1126147888"],"sourceIds":["openstreetmap-power"],"technologies":["solar"],"technologyMixMw":{"solar":23.7},"unitCount":0,"unitIds":[]},"type":"Feature"},{"geometry":{"coordinates":[169.32109,-45.476638],"type":"Point"},"id":"wattlas-plant-wikidata-q1246704","properties":{"aliases":["Roxburgh Dam"],"canonicalAnchor":"wikidata:Q1246704","canonicalCountryKey":"NZ","capacityMw":360.0,"country":"NZ","externalIds":{"osm":"relation/11819261","wikidata":"Q1246704"},"geographyId":"NZ-40311993B75469314212010","id":"wattlas-plant-wikidata-q1246704","idAliases":["wattlas-plant-osm-relation-11819261"],"lifecycleCounts":{"operational":1},"locationPrecision":"exact","name":"Roxburgh Dam","operatingCapacityCoverage":{"coveragePercent":100.0,"knownUnitCount":0,"method":"plant_aggregate","provenance":{"evidenceCount":0,"recordIds":["wattlas-record-osm-relation-11819261"],"sourceIds":["openstreetmap-power"],"sourceTypes":["community_mapped"],"valueKind":"reported"},"totalUnitCount":0},"operatingCapacityMw":360.0,"operatingCapacityMwByTechnology":{"hydro":360.0},"plannedCapacityCoverage":{"coveragePercent":0.0,"knownUnitCount":0,"method":"unavailable","totalUnitCount":0},"plannedCapacityMw":0.0,"plannedCapacityMwByTechnology":{},"recordCount":1,"recordIds":["wattlas-record-osm-relation-11819261"],"sourceIds":["openstreetmap-power"],"technologies":["hydro"],"technologyMixMw":{"hydro":360.0},"unitCount":0,"unitIds":[]},"type":"Feature"},{"geometry":{"coordinates":[171.789584,-43.730514],"type":"Point"},"id":"wattlas-plant-wikidata-q125563903","properties":{"aliases":["Lauriston Solar Farm"],"canonicalAnchor":"wikidata:Q125563903","canonicalCountryKey":"NZ","capacityMw":47.0,"country":"NZ","externalIds":{"osm":"way/1383072076","wikidata":"Q125563903","wikipedia":"en:Lauriston Solar Farm"},"geographyId":"NZ-40311993B76352407092523","id":"wattlas-plant-wikidata-q125563903","idAliases":["wattlas-plant-osm-way-1383072076","wattlas-plant-wikipedia-en-lauriston-solar-farm"],"lifecycleCounts":{"operational":1},"locationPrecision":"exact","name":"Lauriston Solar Farm","operatingCapacityCoverage":{"coveragePercent":100.0,"knownUnitCount":0,"method":"plant_aggregate","provenance":{"evidenceCount":0,"recordIds":["wattlas-record-osm-way-1383072076"],"sourceIds":["openstreetmap-power"],"sourceTypes":["community_mapped"],"valueKind":"reported"},"totalUnitCount":0},"operatingCapacityMw":47.0,"operatingCapacityMwByTechnology":{"solar":47.0},"plannedCapacityCoverage":{"coveragePercent":0.0,"knownUnitCount":0,"method":"unavailable","totalUnitCount":0},"plannedCapacityMw":0.0,"plannedCapacityMwByTechnology":{},"recordCount":1,"recordIds":["wattlas-record-osm-way-1383072076"],"sourceIds":["openstreetmap-power"],"technologies":["solar"],"technologyMixMw":{"solar":47.0},"unitCount":0,"unitIds":[]},"type":"Feature"},{"geometry":{"coordinates":[176.80917,-37.997253],"type":"Point"},"id":"wattlas-plant-wikidata-q125856182","properties":{"aliases":["Rangitaiki solar farm"],"canonicalAnchor":"wikidata:Q125856182","canonicalCountryKey":"NZ","capacityMw":23.7,"country":"NZ","externalIds":{"osm":"way/1389207750","wikidata":"Q125856182","wikipedia":"en:Rangitaiki Solar Farm"},"geographyId":"NZ-40311993B61794104142346","id":"wattlas-plant-wikidata-q125856182","idAliases":["wattlas-plant-osm-way-1389207750","wattlas-plant-wikipedia-en-rangitaiki-solar-farm"],"lifecycleCounts":{"operational":1},"locationPrecision":"exact","name":"Rangitaiki solar farm","operatingCapacityCoverage":{"coveragePercent":100.0,"knownUnitCount":0,"method":"plant_aggregate","provenance":{"evidenceCount":0,"recordIds":["wattlas-record-osm-way-1389207750"],"sourceIds":["openstreetmap-power"],"sourceTypes":["community_mapped"],"valueKind":"reported"},"totalUnitCount":0},"operatingCapacityMw":23.7,"operatingCapacityMwByTechnology":{"solar":23.7},"plannedCapacityCoverage":{"coveragePercent":0.0,"knownUnitCount":0,"method":"unavailable","totalUnitCount":0},"plannedCapacityMw":0.0,"plannedCapacityMwByTechnology":{},"recordCount":1,"recordIds":["wattlas-record-osm-way-1389207750"],"sourceIds":["openstreetmap-power"],"technologies":["solar"],"technologyMixMw":{"solar":23.7},"unitCount":0,"unitIds":[]},"type":"Feature"},{"geometry":{"coordinates":[177.182234,-38.027832],"type":"Point"},"id":"wattlas-plant-wikidata-q133480513","properties":{"aliases":["Te Herenga o Te Rā solar farm"],"canonicalAnchor":"wikidata:Q133480513","canonicalCountryKey":"NZ","capacityMw":30.4,"country":"NZ","externalIds":{"osm":"way/1410036411","wikidata":"Q133480513","wikipedia":"en:Te Herenga o Te Rā"},"geographyId":"NZ-40311993B61794104142346","id":"wattlas-plant-wikidata-q133480513","idAliases":["wattlas-plant-osm-way-1410036411","wattlas-plant-wikipedia-en-te-herenga-o-te-r"],"lifecycleCounts":{"operational":1},"locationPrecision":"exact","name":"Te Herenga o Te Rā solar farm","operatingCapacityCoverage":{"coveragePercent":100.0,"knownUnitCount":0,"method":"plant_aggregate","provenance":{"evidenceCount":0,"recordIds":["wattlas-record-osm-way-1410036411"],"sourceIds":["openstreetmap-power"],"sourceTypes":["community_mapped"],"valueKind":"reported"},"totalUnitCount":0},"operatingCapacityMw":30.4,"operatingCapacityMwByTechnology":{"solar":30.4},"plannedCapacityCoverage":{"coveragePercent":0.0,"knownUnitCount":0,"method":"unavailable","totalUnitCount":0},"plannedCapacityMw":0.0,"plannedCapacityMwByTechnology":{},"recordCount":1,"recordIds":["wattlas-record-osm-way-1410036411"],"sourceIds":["openstreetmap-power"],"technologies":["solar"],"technologyMixMw":{"solar":30.4},"unitCount":0,"unitIds":[]},"type":"Feature"},{"geometry":{"coordinates":[175.664189,-36.85069],"type":"Point"},"id":"wattlas-plant-wikidata-q133855880","properties":{"aliases":["Pāmu Rā ki Whitianga solar farm"],"canonicalAnchor":"wikidata:Q133855880","canonicalCountryKey":"NZ","capacityMw":23.75,"country":"NZ","externalIds":{"osm":"way/1441734217","wikidata":"Q133855880","wikipedia":"en:Pāmu Rā ki Whitianga solar farm"},"geographyId":"NZ-40311993B15069482995997","id":"wattlas-plant-wikidata-q133855880","idAliases":["wattlas-plant-osm-way-1441734217","wattlas-plant-wikipedia-en-p-mu-r-ki-whitianga-solar-farm"],"lifecycleCounts":{"operational":1},"locationPrecision":"exact","name":"Pāmu Rā ki Whitianga solar farm","operatingCapacityCoverage":{"coveragePercent":100.0,"knownUnitCount":0,"method":"plant_aggregate","provenance":{"evidenceCount":0,"recordIds":["wattlas-record-osm-way-1441734217"],"sourceIds":["openstreetmap-power"],"sourceTypes":["community_mapped"],"valueKind":"reported"},"totalUnitCount":0},"operatingCapacityMw":23.75,"operatingCapacityMwByTechnology":{"solar":23.75},"plannedCapacityCoverage":{"coveragePercent":0.0,"knownUnitCount":0,"method":"unavailable","totalUnitCount":0},"plannedCapacityMw":0.0,"plannedCapacityMwByTechnology":{},"recordCount":1,"recordIds":["wattlas-record-osm-way-1441734217"],"sourceIds":["openstreetmap-power"],"technologies":["solar"],"technologyMixMw":{"solar":23.75},"unitCount":0,"unitIds":[]},"type":"Feature"},{"geometry":{"coordinates":[174.47667,-35.848523],"type":"Point"},"id":"wattlas-plant-wikidata-q133860797","properties":{"aliases":["Ruakākā BESS"],"canonicalAnchor":"wikidata:Q133860797","canonicalCountryKey":"NZ","capacityMw":100.0,"country":"NZ","externalIds":{"osm":"way/1395935526","wikidata":"Q133860797"},"geographyId":"NZ-40311993B95835387341305","id":"wattlas-plant-wikidata-q133860797","idAliases":["wattlas-plant-osm-way-1395935526"],"lifecycleCounts":{"operational":1},"locationPrecision":"exact","name":"Ruakākā BESS","operatingCapacityCoverage":{"coveragePercent":100.0,"knownUnitCount":0,"method":"plant_aggregate","provenance":{"evidenceCount":0,"recordIds":["wattlas-record-osm-way-1395935526"],"sourceIds":["openstreetmap-power"],"sourceTypes":["community_mapped"],"valueKind":"reported"},"totalUnitCount":0},"operatingCapacityMw":100.0,"operatingCapacityMwByTechnology":{"other":100.0},"plannedCapacityCoverage":{"coveragePercent":0.0,"knownUnitCount":0,"method":"unavailable","totalUnitCount":0},"plannedCapacityMw":0.0,"plannedCapacityMwByTechnology":{},"recordCount":1,"recordIds":["wattlas-record-osm-way-1395935526"],"sourceIds":["openstreetmap-power"],"technologies":["other"],"technologyMixMw":{"other":100.0},"unitCount":0,"unitIds":[]},"type":"Feature"},{"geometry":{"coordinates":[177.167974,-38.839111],"type":"Point"},"id":"wattlas-plant-wikidata-q140119415","properties":{"aliases":["Piripaua Power Station"],"canonicalAnchor":"wikidata:Q140119415","canonicalCountryKey":"NZ","capacityMw":40.0,"country":"NZ","externalIds":{"osm":"way/986072121","wikidata":"Q140119415"},"geographyId":"NZ-40311993B4436499338527","id":"wattlas-plant-wikidata-q140119415","idAliases":["wattlas-plant-osm-way-986072121"],"lifecycleCounts":{"operational":1},"locationPrecision":"exact","name":"Piripaua Power Station","operatingCapacityCoverage":{"coveragePercent":100.0,"knownUnitCount":0,"method":"plant_aggregate","provenance":{"evidenceCount":0,"recordIds":["wattlas-record-osm-way-986072121"],"sourceIds":["openstreetmap-power"],"sourceTypes":["community_mapped"],"valueKind":"reported"},"totalUnitCount":0},"operatingCapacityMw":40.0,"operatingCapacityMwByTechnology":{"hydro":40.0},"plannedCapacityCoverage":{"coveragePercent":0.0,"knownUnitCount":0,"method":"unavailable","totalUnitCount":0},"plannedCapacityMw":0.0,"plannedCapacityMwByTechnology":{},"recordCount":1,"recordIds":["wattlas-record-osm-way-986072121"],"sourceIds":["openstreetmap-power"],"technologies":["hydro"],"technologyMixMw":{"hydro":40.0},"unitCount":0,"unitIds":[]},"type":"Feature"},{"geometry":{"coordinates":[177.131049,-38.80323],"type":"Point"},"id":"wattlas-plant-wikidata-q140121649","properties":{"aliases":["Kaitawa Power Station"],"canonicalAnchor":"wikidata:Q140121649","canonicalCountryKey":"NZ","capacityMw":36.0,"country":"NZ","externalIds":{"osm":"way/216943486","wikidata":"Q140121649"},"geographyId":"NZ-40311993B4436499338527","id":"wattlas-plant-wikidata-q140121649","idAliases":["wattlas-plant-osm-way-216943486"],"lifecycleCounts":{"operational":1},"locationPrecision":"exact","name":"Kaitawa Power Station","operatingCapacityCoverage":{"coveragePercent":100.0,"knownUnitCount":0,"method":"plant_aggregate","provenance":{"evidenceCount":0,"recordIds":["wattlas-record-osm-way-216943486"],"sourceIds":["openstreetmap-power"],"sourceTypes":["community_mapped"],"valueKind":"reported"},"totalUnitCount":0},"operatingCapacityMw":36.0,"operatingCapacityMwByTechnology":{"hydro":36.0},"plannedCapacityCoverage":{"coveragePercent":0.0,"knownUnitCount":0,"method":"unavailable","totalUnitCount":0},"plannedCapacityMw":0.0,"plannedCapacityMwByTechnology":{},"recordCount":1,"recordIds":["wattlas-record-osm-way-216943486"],"sourceIds":["openstreetmap-power"],"technologies":["hydro"],"technologyMixMw":{"hydro":36.0},"unitCount":0,"unitIds":[]},"type":"Feature"},{"geometry":{"coordinates":[167.27786,-45.521054],"type":"Point"},"id":"wattlas-plant-wikidata-q1411290","properties":{"aliases":["Manapōuri Power Station"],"canonicalAnchor":"wikidata:Q1411290","canonicalCountryKey":"NZ","capacityMw":800.0,"country":"NZ","externalIds":{"osm":"way/194912653","wikidata":"Q1411290","wikipedia":"en:Manapouri Power Station"},"geographyId":"NZ-40311993B33496206587618","id":"wattlas-plant-wikidata-q1411290","idAliases":["wattlas-plant-osm-way-194912653","wattlas-plant-wikipedia-en-manapouri-power-station"],"lifecycleCounts":{"operational":1},"locationPrecision":"exact","name":"Manapōuri Power Station","operatingCapacityCoverage":{"coveragePercent":100.0,"knownUnitCount":0,"method":"plant_aggregate","provenance":{"evidenceCount":0,"recordIds":["wattlas-record-osm-way-194912653"],"sourceIds":["openstreetmap-power"],"sourceTypes":["community_mapped"],"valueKind":"reported"},"totalUnitCount":0},"operatingCapacityMw":800.0,"operatingCapacityMwByTechnology":{"hydro":800.0},"plannedCapacityCoverage":{"coveragePercent":0.0,"knownUnitCount":0,"method":"unavailable","totalUnitCount":0},"plannedCapacityMw":0.0,"plannedCapacityMwByTechnology":{},"recordCount":1,"recordIds":["wattlas-record-osm-way-194912653"],"sourceIds":["openstreetmap-power"],"technologies":["hydro"],"technologyMixMw":{"hydro":800.0},"unitCount":0,"unitIds":[]},"type":"Feature"},{"geometry":{"coordinates":[169.877187,-45.77495],"type":"Point"},"id":"wattlas-plant-wikidata-q15243749","properties":{"aliases":["Mahinerangi Wind Farm"],"canonicalAnchor":"wikidata:Q15243749","canonicalCountryKey":"NZ","capacityMw":36.0,"country":"NZ","externalIds":{"osm":"relation/12139653","wikidata":"Q15243749","wikipedia":"en:Mahinerangi Wind Farm"},"geographyId":"NZ-40311993B75469314212010","id":"wattlas-plant-wikidata-q15243749","idAliases":["wattlas-plant-osm-relation-12139653","wattlas-plant-wikipedia-en-mahinerangi-wind-farm"],"lifecycleCounts":{"operational":1},"locationPrecision":"exact","name":"Mahinerangi Wind Farm","operatingCapacityCoverage":{"coveragePercent":100.0,"knownUnitCount":0,"method":"plant_aggregate","provenance":{"evidenceCount":0,"recordIds":["wattlas-record-osm-relation-12139653"],"sourceIds":["openstreetmap-power"],"sourceTypes":["community_mapped"],"valueKind":"reported"},"totalUnitCount":0},"operatingCapacityMw":36.0,"operatingCapacityMwByTechnology":{"wind":36.0},"plannedCapacityCoverage":{"coveragePercent":0.0,"knownUnitCount":0,"method":"unavailable","totalUnitCount":0},"plannedCapacityMw":0.0,"plannedCapacityMwByTechnology":{},"recordCount":1,"recordIds":["wattlas-record-osm-relation-12139653"],"sourceIds":["openstreetmap-power"],"technologies":["wind"],"technologyMixMw":{"wind":36.0},"unitCount":0,"unitIds":[]},"type":"Feature"},{"geometry":{"coordinates":[175.926866,-38.531289],"type":"Point"},"id":"wattlas-plant-wikidata-q15379053","properties":{"aliases":["Mōkai Power Station"],"canonicalAnchor":"wikidata:Q15379053","canonicalCountryKey":"NZ","capacityMw":111.0,"country":"NZ","externalIds":{"osm":"way/170176583","wikidata":"Q15379053"},"geographyId":"NZ-40311993B15069482995997","id":"wattlas-plant-wikidata-q15379053","idAliases":["wattlas-plant-osm-way-170176583"],"lifecycleCounts":{"operational":1},"locationPrecision":"exact","name":"Mōkai Power Station","operatingCapacityCoverage":{"coveragePercent":100.0,"knownUnitCount":0,"method":"plant_aggregate","provenance":{"evidenceCount":0,"recordIds":["wattlas-record-osm-way-170176583"],"sourceIds":["openstreetmap-power"],"sourceTypes":["community_mapped"],"valueKind":"reported"},"totalUnitCount":0},"operatingCapacityMw":111.0,"operatingCapacityMwByTechnology":{"geothermal":111.0},"plannedCapacityCoverage":{"coveragePercent":0.0,"knownUnitCount":0,"method":"unavailable","totalUnitCount":0},"plannedCapacityMw":0.0,"plannedCapacityMwByTechnology":{},"recordCount":1,"recordIds":["wattlas-record-osm-way-170176583"],"sourceIds":["openstreetmap-power"],"technologies":["geothermal"],"technologyMixMw":{"geothermal":111.0},"unitCount":0,"unitIds":[]},"type":"Feature"},{"geometry":{"coordinates":[170.460547,-44.014234],"type":"Point"},"id":"wattlas-plant-wikidata-q21037313","properties":{"aliases":["Tekapo A Power Station"],"canonicalAnchor":"wikidata:Q21037313","canonicalCountryKey":"NZ","capacityMw":30.0,"country":"NZ","externalIds":{"osm":"way/704227872","wikidata":"Q21037313"},"geographyId":"NZ-40311993B76352407092523","id":"wattlas-plant-wikidata-q21037313","idAliases":["wattlas-plant-osm-way-704227872"],"lifecycleCounts":{"operational":1},"locationPrecision":"exact","name":"Tekapo A Power Station","operatingCapacityCoverage":{"coveragePercent":100.0,"knownUnitCount":0,"method":"plant_aggregate","provenance":{"evidenceCount":0,"recordIds":["wattlas-record-osm-way-704227872"],"sourceIds":["openstreetmap-power"],"sourceTypes":["community_mapped"],"valueKind":"reported"},"totalUnitCount":0},"operatingCapacityMw":30.0,"operatingCapacityMwByTechnology":{"hydro":30.0},"plannedCapacityCoverage":{"coveragePercent":0.0,"knownUnitCount":0,"method":"unavailable","totalUnitCount":0},"plannedCapacityMw":0.0,"plannedCapacityMwByTechnology":{},"recordCount":1,"recordIds":["wattlas-record-osm-way-704227872"],"sourceIds":["openstreetmap-power"],"technologies":["hydro"],"technologyMixMw":{"hydro":30.0},"unitCount":0,"unitIds":[]},"type":"Feature"},{"geometry":{"coordinates":[170.212017,-44.122733],"type":"Point"},"id":"wattlas-plant-wikidata-q21037318","properties":{"aliases":["Tekapo B Power Station"],"canonicalAnchor":"wikidata:Q21037318","canonicalCountryKey":"NZ","capacityMw":160.0,"country":"NZ","externalIds":{"osm":"way/270012792","wikidata":"Q21037318"},"geographyId":"NZ-40311993B76352407092523","id":"wattlas-plant-wikidata-q21037318","idAliases":["wattlas-plant-osm-way-270012792"],"lifecycleCounts":{"operational":1},"locationPrecision":"exact","name":"Tekapo B Power Station","operatingCapacityCoverage":{"coveragePercent":100.0,"knownUnitCount":0,"method":"plant_aggregate","provenance":{"evidenceCount":0,"recordIds":["wattlas-record-osm-way-270012792"],"sourceIds":["openstreetmap-power"],"sourceTypes":["community_mapped"],"valueKind":"reported"},"totalUnitCount":0},"operatingCapacityMw":160.0,"operatingCapacityMwByTechnology":{"hydro":160.0},"plannedCapacityCoverage":{"coveragePercent":0.0,"knownUnitCount":0,"method":"unavailable","totalUnitCount":0},"plannedCapacityMw":0.0,"plannedCapacityMwByTechnology":{},"recordCount":1,"recordIds":["wattlas-record-osm-way-270012792"],"sourceIds":["openstreetmap-power"],"technologies":["hydro"],"technologyMixMw":{"hydro":160.0},"unitCount":0,"unitIds":[]},"type":"Feature"},{"geometry":{"coordinates":[175.682489,-38.291851],"type":"Point"},"id":"wattlas-plant-wikidata-q24998516","properties":{"aliases":["Waipāpa Power Station"],"canonicalAnchor":"wikidata:Q24998516","canonicalCountryKey":"NZ","capacityMw":54.0,"country":"NZ","externalIds":{"osm":"relation/11112164","wikidata":"Q24998516","wikipedia":"en:Waipapa Power Station"},"geographyId":"NZ-40311993B15069482995997","id":"wattlas-plant-wikidata-q24998516","idAliases":["wattlas-plant-osm-relation-11112164","wattlas-plant-wikipedia-en-waipapa-power-station"],"lifecycleCounts":{"operational":1},"locationPrecision":"exact","name":"Waipāpa Power Station","operatingCapacityCoverage":{"coveragePercent":100.0,"knownUnitCount":0,"method":"plant_aggregate","provenance":{"evidenceCount":0,"recordIds":["wattlas-record-osm-relation-11112164"],"sourceIds":["openstreetmap-power"],"sourceTypes":["community_mapped"],"valueKind":"reported"},"totalUnitCount":0},"operatingCapacityMw":54.0,"operatingCapacityMwByTechnology":{"hydro":54.0},"plannedCapacityCoverage":{"coveragePercent":0.0,"knownUnitCount":0,"method":"unavailable","totalUnitCount":0},"plannedCapacityMw":0.0,"plannedCapacityMwByTechnology":{},"recordCount":1,"recordIds":["wattlas-record-osm-relation-11112164"],"sourceIds":["openstreetmap-power"],"technologies":["hydro"],"technologyMixMw":{"hydro":54.0},"unitCount":0,"unitIds":[]},"type":"Feature"},{"geometry":{"coordinates":[176.888307,-39.382889],"type":"Point"},"id":"wattlas-plant-wikidata-q288300","properties":{"aliases":["Whirinaki Power Station"],"canonicalAnchor":"wikidata:Q288300","canonicalCountryKey":"NZ","capacityMw":155.0,"country":"NZ","externalIds":{"osm":"way/95512220","wikidata":"Q288300"},"geographyId":"NZ-40311993B4436499338527","id":"wattlas-plant-wikidata-q288300","idAliases":["wattlas-plant-osm-way-95512220"],"lifecycleCounts":{"operational":1},"locationPrecision":"exact","name":"Whirinaki Power Station","operatingCapacityCoverage":{"coveragePercent":100.0,"knownUnitCount":0,"method":"plant_aggregate","provenance":{"evidenceCount":0,"recordIds":["wattlas-record-osm-way-95512220"],"sourceIds":["openstreetmap-power"],"sourceTypes":["community_mapped"],"valueKind":"reported"},"totalUnitCount":0},"operatingCapacityMw":155.0,"operatingCapacityMwByTechnology":{"oil":155.0},"plannedCapacityCoverage":{"coveragePercent":0.0,"knownUnitCount":0,"method":"unavailable","totalUnitCount":0},"plannedCapacityMw":0.0,"plannedCapacityMwByTechnology":{},"recordCount":1,"recordIds":["wattlas-record-osm-way-95512220"],"sourceIds":["openstreetmap-power"],"technologies":["oil"],"technologyMixMw":{"oil":155.0},"unitCount":0,"unitIds":[]},"type":"Feature"},{"geometry":{"coordinates":[176.103595,-38.627386],"type":"Point"},"id":"wattlas-plant-wikidata-q3434500","properties":{"aliases":["Wairākei Power Station"],"canonicalAnchor":"wikidata:Q3434500","canonicalCountryKey":"NZ","capacityMw":175.0,"country":"NZ","externalIds":{"osm":"way/170298057","wikidata":"Q3434500"},"geographyId":"NZ-40311993B15069482995997","id":"wattlas-plant-wikidata-q3434500","idAliases":["wattlas-plant-osm-way-170298057"],"lifecycleCounts":{"operational":1},"locationPrecision":"exact","name":"Wairākei Power Station","operatingCapacityCoverage":{"coveragePercent":100.0,"knownUnitCount":0,"method":"plant_aggregate","provenance":{"evidenceCount":0,"recordIds":["wattlas-record-osm-way-170298057"],"sourceIds":["openstreetmap-power"],"sourceTypes":["community_mapped"],"valueKind":"reported"},"totalUnitCount":0},"operatingCapacityMw":175.0,"operatingCapacityMwByTechnology":{"geothermal":175.0},"plannedCapacityCoverage":{"coveragePercent":0.0,"knownUnitCount":0,"method":"unavailable","totalUnitCount":0},"plannedCapacityMw":0.0,"plannedCapacityMwByTechnology":{},"recordCount":1,"recordIds":["wattlas-record-osm-way-170298057"],"sourceIds":["openstreetmap-power"],"technologies":["geothermal"],"technologyMixMw":{"geothermal":175.0},"unitCount":0,"unitIds":[]},"type":"Feature"},{"geometry":{"coordinates":[175.641434,-38.076604],"type":"Point"},"id":"wattlas-plant-wikidata-q4784238","properties":{"aliases":["Arapuni Power Station"],"canonicalAnchor":"wikidata:Q4784238","canonicalCountryKey":"NZ","capacityMw":196.66,"country":"NZ","externalIds":{"osm":"relation/11009688","wikidata":"Q4784238","wikipedia":"en:Arapuni Power Station"},"geographyId":"NZ-40311993B15069482995997","id":"wattlas-plant-wikidata-q4784238","idAliases":["wattlas-plant-osm-relation-11009688","wattlas-plant-wikipedia-en-arapuni-power-station"],"lifecycleCounts":{"operational":1},"locationPrecision":"exact","name":"Arapuni Power Station","operatingCapacityCoverage":{"coveragePercent":100.0,"knownUnitCount":0,"method":"plant_aggregate","provenance":{"evidenceCount":0,"recordIds":["wattlas-record-osm-relation-11009688"],"sourceIds":["openstreetmap-power"],"sourceTypes":["community_mapped"],"valueKind":"reported"},"totalUnitCount":0},"operatingCapacityMw":196.66,"operatingCapacityMwByTechnology":{"hydro":196.66},"plannedCapacityCoverage":{"coveragePercent":0.0,"knownUnitCount":0,"method":"unavailable","totalUnitCount":0},"plannedCapacityMw":0.0,"plannedCapacityMwByTechnology":{},"recordCount":1,"recordIds":["wattlas-record-osm-relation-11009688"],"sourceIds":["openstreetmap-power"],"technologies":["hydro"],"technologyMixMw":{"hydro":196.66},"unitCount":0,"unitIds":[]},"type":"Feature"},{"geometry":{"coordinates":[176.142316,-38.615819],"type":"Point"},"id":"wattlas-plant-wikidata-q4784425","properties":{"aliases":["Aratiatia Power Station"],"canonicalAnchor":"wikidata:Q4784425","canonicalCountryKey":"NZ","capacityMw":78.0,"country":"NZ","externalIds":{"osm":"way/410732354","wikidata":"Q4784425","wikipedia":"en:Aratiatia Power Station"},"geographyId":"NZ-40311993B15069482995997","id":"wattlas-plant-wikidata-q4784425","idAliases":["wattlas-plant-osm-way-410732354","wattlas-plant-wikipedia-en-aratiatia-power-station"],"lifecycleCounts":{"operational":1},"locationPrecision":"exact","name":"Aratiatia Power Station","operatingCapacityCoverage":{"coveragePercent":100.0,"knownUnitCount":0,"method":"plant_aggregate","provenance":{"evidenceCount":0,"recordIds":["wattlas-record-osm-way-410732354"],"sourceIds":["openstreetmap-power"],"sourceTypes":["community_mapped"],"valueKind":"reported"},"totalUnitCount":0},"operatingCapacityMw":78.0,"operatingCapacityMwByTechnology":{"hydro":78.0},"plannedCapacityCoverage":{"coveragePercent":0.0,"knownUnitCount":0,"method":"unavailable","totalUnitCount":0},"plannedCapacityMw":0.0,"plannedCapacityMwByTechnology":{},"recordCount":1,"recordIds":["wattlas-record-osm-way-410732354"],"sourceIds":["openstreetmap-power"],"technologies":["hydro"],"technologyMixMw":{"hydro":78.0},"unitCount":0,"unitIds":[]},"type":"Feature"},{"geometry":{"coordinates":[171.407914,-42.523688],"type":"Point"},"id":"wattlas-plant-wikidata-q4795208","properties":{"aliases":["Arnold Power Station"],"canonicalAnchor":"wikidata:Q4795208","canonicalCountryKey":"NZ","capacityMw":3.0,"country":"NZ","externalIds":{"osm":"relation/12579113","wikidata":"Q4795208","wikipedia":"en:Arnold Power Station"},"geographyId":"NZ-40311993B79805700367517","id":"wattlas-plant-wikidata-q4795208","idAliases":["wattlas-plant-osm-relation-12579113","wattlas-plant-wikipedia-en-arnold-power-station"],"lifecycleCounts":{"operational":1},"locationPrecision":"exact","name":"Arnold Power Station","operatingCapacityCoverage":{"coveragePercent":100.0,"knownUnitCount":0,"method":"plant_aggregate","provenance":{"evidenceCount":0,"recordIds":["wattlas-record-osm-relation-12579113"],"sourceIds":["openstreetmap-power"],"sourceTypes":["community_mapped"],"valueKind":"reported"},"totalUnitCount":0},"operatingCapacityMw":3.0,"operatingCapacityMwByTechnology":{"hydro":3.0},"plannedCapacityCoverage":{"coveragePercent":0.0,"knownUnitCount":0,"method":"unavailable","totalUnitCount":0},"plannedCapacityMw":0.0,"plannedCapacityMwByTechnology":{},"recordCount":1,"recordIds":["wattlas-record-osm-relation-12579113"],"sourceIds":["openstreetmap-power"],"technologies":["hydro"],"technologyMixMw":{"hydro":3.0},"unitCount":0,"unitIds":[]},"type":"Feature"},{"geometry":{"coordinates":[176.023381,-38.392557],"type":"Point"},"id":"wattlas-plant-wikidata-q4815757","properties":{"aliases":["Ātiamuri Power Station"],"canonicalAnchor":"wikidata:Q4815757","canonicalCountryKey":"NZ","capacityMw":84.0,"country":"NZ","externalIds":{"osm":"relation/19962528","wikidata":"Q4815757","wikipedia":"en:Atiamuri Power Station"},"geographyId":"NZ-40311993B15069482995997","id":"wattlas-plant-wikidata-q4815757","idAliases":["wattlas-plant-osm-relation-19962528","wattlas-plant-wikipedia-en-atiamuri-power-station"],"lifecycleCounts":{"operational":1},"locationPrecision":"exact","name":"Ātiamuri Power Station","operatingCapacityCoverage":{"coveragePercent":100.0,"knownUnitCount":0,"method":"plant_aggregate","provenance":{"evidenceCount":0,"recordIds":["wattlas-record-osm-relation-19962528"],"sourceIds":["openstreetmap-power"],"sourceTypes":["community_mapped"],"valueKind":"reported"},"totalUnitCount":0},"operatingCapacityMw":84.0,"operatingCapacityMwByTechnology":{"hydro":84.0},"plannedCapacityCoverage":{"coveragePercent":0.0,"knownUnitCount":0,"method":"unavailable","totalUnitCount":0},"plannedCapacityMw":0.0,"plannedCapacityMwByTechnology":{},"recordCount":1,"recordIds":["wattlas-record-osm-relation-19962528"],"sourceIds":["openstreetmap-power"],"technologies":["hydro"],"technologyMixMw":{"hydro":84.0},"unitCount":0,"unitIds":[]},"type":"Feature"},{"geometry":{"coordinates":[171.527099,-43.364123],"type":"Point"},"id":"wattlas-plant-wikidata-q5144632","properties":{"aliases":["Coleridge Power Station"],"canonicalAnchor":"wikidata:Q5144632","canonicalCountryKey":"NZ","capacityMw":39.0,"country":"NZ","externalIds":{"osm":"way/403005270","wikidata":"Q5144632","wikipedia":"en:Coleridge Power Station"},"geographyId":"NZ-40311993B76352407092523","id":"wattlas-plant-wikidata-q5144632","idAliases":["wattlas-plant-osm-way-403005270","wattlas-plant-wikipedia-en-coleridge-power-station"],"lifecycleCounts":{"operational":1},"locationPrecision":"exact","name":"Coleridge Power Station","operatingCapacityCoverage":{"coveragePercent":100.0,"knownUnitCount":0,"method":"plant_aggregate","provenance":{"evidenceCount":0,"recordIds":["wattlas-record-osm-way-403005270"],"sourceIds":["openstreetmap-power"],"sourceTypes":["community_mapped"],"valueKind":"reported"},"totalUnitCount":0},"operatingCapacityMw":39.0,"operatingCapacityMwByTechnology":{"hydro":39.0},"plannedCapacityCoverage":{"coveragePercent":0.0,"knownUnitCount":0,"method":"unavailable","totalUnitCount":0},"plannedCapacityMw":0.0,"plannedCapacityMwByTechnology":{},"recordCount":1,"recordIds":["wattlas-record-osm-way-403005270"],"sourceIds":["openstreetmap-power"],"technologies":["hydro"],"technologyMixMw":{"hydro":39.0},"unitCount":0,"unitIds":[]},"type":"Feature"},{"geometry":{"coordinates":[175.476241,-41.37325],"type":"Point"},"id":"wattlas-plant-wikidata-q5682287","properties":{"aliases":["Hau Nui Wind Farm"],"canonicalAnchor":"wikidata:Q5682287","canonicalCountryKey":"NZ","capacityMw":8.65,"country":"NZ","externalIds":{"osm":"relation/3666844","wikidata":"Q5682287","wikipedia":"en:Hau Nui Wind Farm"},"geographyId":"NZ-40311993B14632257030086","id":"wattlas-plant-wikidata-q5682287","idAliases":["wattlas-plant-osm-relation-3666844","wattlas-plant-wikipedia-en-hau-nui-wind-farm"],"lifecycleCounts":{"operational":1},"locationPrecision":"exact","name":"Hau Nui Wind Farm","operatingCapacityCoverage":{"coveragePercent":100.0,"knownUnitCount":0,"method":"plant_aggregate","provenance":{"evidenceCount":0,"recordIds":["wattlas-record-osm-relation-3666844"],"sourceIds":["openstreetmap-power"],"sourceTypes":["community_mapped"],"valueKind":"reported"},"totalUnitCount":0},"operatingCapacityMw":8.65,"operatingCapacityMwByTechnology":{"wind":8.65},"plannedCapacityCoverage":{"coveragePercent":0.0,"knownUnitCount":0,"method":"unavailable","totalUnitCount":0},"plannedCapacityMw":0.0,"plannedCapacityMwByTechnology":{},"recordCount":1,"recordIds":["wattlas-record-osm-relation-3666844"],"sourceIds":["openstreetmap-power"],"technologies":["wind"],"technologyMixMw":{"wind":8.65},"unitCount":0,"unitIds":[]},"type":"Feature"},{"geometry":{"coordinates":[176.707957,-39.189674],"type":"Point"},"id":"wattlas-plant-wikidata-q5684897","properties":{"aliases":["Harapaki Wind Farm"],"canonicalAnchor":"wikidata:Q5684897","canonicalCountryKey":"NZ","capacityMw":176.0,"country":"NZ","externalIds":{"osm":"relation/13730358","wikidata":"Q5684897","wikipedia":"en:Harapaki Wind Farm"},"geographyId":"NZ-40311993B4436499338527","id":"wattlas-plant-wikidata-q5684897","idAliases":["wattlas-plant-osm-relation-13730358","wattlas-plant-wikipedia-en-harapaki-wind-farm"],"lifecycleCounts":{"operational":1},"locationPrecision":"exact","name":"Harapaki Wind Farm","operatingCapacityCoverage":{"coveragePercent":100.0,"knownUnitCount":0,"method":"plant_aggregate","provenance":{"evidenceCount":0,"recordIds":["wattlas-record-osm-relation-13730358"],"sourceIds":["openstreetmap-power"],"sourceTypes":["community_mapped"],"valueKind":"reported"},"totalUnitCount":0},"operatingCapacityMw":176.0,"operatingCapacityMwByTechnology":{"wind":176.0},"plannedCapacityCoverage":{"coveragePercent":0.0,"knownUnitCount":0,"method":"unavailable","totalUnitCount":0},"plannedCapacityMw":0.0,"plannedCapacityMwByTechnology":{},"recordCount":1,"recordIds":["wattlas-record-osm-relation-13730358"],"sourceIds":["openstreetmap-power"],"technologies":["wind"],"technologyMixMw":{"wind":176.0},"unitCount":0,"unitIds":[]},"type":"Feature"},{"geometry":{"coordinates":[175.14881,-37.544224],"type":"Point"},"id":"wattlas-plant-wikidata-q5945709","properties":{"aliases":["Huntly Power Station"],"canonicalAnchor":"wikidata:Q5945709","canonicalCountryKey":"NZ","capacityMw":1204.0,"country":"NZ","externalIds":{"osm":"way/167293886","wikidata":"Q5945709","wikipedia":"en:Huntly Power Station"},"geographyId":"NZ-40311993B15069482995997","id":"wattlas-plant-wikidata-q5945709","idAliases":["wattlas-plant-osm-way-167293886","wattlas-plant-wikipedia-en-huntly-power-station"],"lifecycleCounts":{"operational":1},"locationPrecision":"exact","name":"Huntly Power Station","operatingCapacityCoverage":{"coveragePercent":100.0,"knownUnitCount":0,"method":"plant_aggregate","provenance":{"evidenceCount":0,"recordIds":["wattlas-record-osm-way-167293886"],"sourceIds":["openstreetmap-power"],"sourceTypes":["community_mapped"],"valueKind":"reported"},"totalUnitCount":0},"operatingCapacityMw":1204.0,"operatingCapacityMwByTechnology":{"gas":1204.0},"plannedCapacityCoverage":{"coveragePercent":0.0,"knownUnitCount":0,"method":"unavailable","totalUnitCount":0},"plannedCapacityMw":0.0,"plannedCapacityMwByTechnology":{},"recordCount":1,"recordIds":["wattlas-record-osm-way-167293886"],"sourceIds":["openstreetmap-power"],"technologies":["gas"],"technologyMixMw":{"gas":1204.0},"unitCount":0,"unitIds":[]},"type":"Feature"},{"geometry":{"coordinates":[175.769566,-38.981301],"type":"Point"},"id":"wattlas-plant-wikidata-q61448287","properties":{"aliases":["Tokaanu Power Station"],"canonicalAnchor":"wikidata:Q61448287","canonicalCountryKey":"NZ","capacityMw":240.0,"country":"NZ","externalIds":{"osm":"way/410466850","wikidata":"Q61448287"},"geographyId":"NZ-40311993B15069482995997","id":"wattlas-plant-wikidata-q61448287","idAliases":["wattlas-plant-osm-way-410466850"],"lifecycleCounts":{"operational":1},"locationPrecision":"exact","name":"Tokaanu Power Station","operatingCapacityCoverage":{"coveragePercent":100.0,"knownUnitCount":0,"method":"plant_aggregate","provenance":{"evidenceCount":0,"recordIds":["wattlas-record-osm-way-410466850"],"sourceIds":["openstreetmap-power"],"sourceTypes":["community_mapped"],"valueKind":"reported"},"totalUnitCount":0},"operatingCapacityMw":240.0,"operatingCapacityMwByTechnology":{"hydro":240.0},"plannedCapacityCoverage":{"coveragePercent":0.0,"knownUnitCount":0,"method":"unavailable","totalUnitCount":0},"plannedCapacityMw":0.0,"plannedCapacityMwByTechnology":{},"recordCount":1,"recordIds":["wattlas-record-osm-way-410466850"],"sourceIds":["openstreetmap-power"],"technologies":["hydro"],"technologyMixMw":{"hydro":240.0},"unitCount":0,"unitIds":[]},"type":"Feature"},{"geometry":{"coordinates":[177.150774,-38.806772],"type":"Point"},"id":"wattlas-plant-wikidata-q61448290","properties":{"aliases":["Tuai Power Station"],"canonicalAnchor":"wikidata:Q61448290","canonicalCountryKey":"NZ","capacityMw":52.0,"country":"NZ","externalIds":{"osm":"way/216744819","wikidata":"Q61448290"},"geographyId":"NZ-40311993B4436499338527","id":"wattlas-plant-wikidata-q61448290","idAliases":["wattlas-plant-osm-way-216744819"],"lifecycleCounts":{"operational":1},"locationPrecision":"exact","name":"Tuai Power Station","operatingCapacityCoverage":{"coveragePercent":100.0,"knownUnitCount":0,"method":"plant_aggregate","provenance":{"evidenceCount":0,"recordIds":["wattlas-record-osm-way-216744819"],"sourceIds":["openstreetmap-power"],"sourceTypes":["community_mapped"],"valueKind":"reported"},"totalUnitCount":0},"operatingCapacityMw":52.0,"operatingCapacityMwByTechnology":{"hydro":52.0},"plannedCapacityCoverage":{"coveragePercent":0.0,"knownUnitCount":0,"method":"unavailable","totalUnitCount":0},"plannedCapacityMw":0.0,"plannedCapacityMwByTechnology":{},"recordCount":1,"recordIds":["wattlas-record-osm-way-216744819"],"sourceIds":["openstreetmap-power"],"technologies":["hydro"],"technologyMixMw":{"hydro":52.0},"unitCount":0,"unitIds":[]},"type":"Feature"},{"geometry":{"coordinates":[175.538667,-37.924481],"type":"Point"},"id":"wattlas-plant-wikidata-q6368582","properties":{"aliases":["Karāpiro Hydro Station"],"canonicalAnchor":"wikidata:Q6368582","canonicalCountryKey":"NZ","capacityMw":112.5,"country":"NZ","externalIds":{"osm":"relation/10987561","wikidata":"Q6368582","wikipedia":"en:Karāpiro Power Station"},"geographyId":"NZ-40311993B15069482995997","id":"wattlas-plant-wikidata-q6368582","idAliases":["wattlas-plant-osm-relation-10987561","wattlas-plant-wikipedia-en-kar-piro-power-station"],"lifecycleCounts":{"operational":1},"locationPrecision":"exact","name":"Karāpiro Hydro Station","operatingCapacityCoverage":{"coveragePercent":100.0,"knownUnitCount":0,"method":"plant_aggregate","provenance":{"evidenceCount":0,"recordIds":["wattlas-record-osm-relation-10987561"],"sourceIds":["openstreetmap-power"],"sourceTypes":["community_mapped"],"valueKind":"reported"},"totalUnitCount":0},"operatingCapacityMw":112.5,"operatingCapacityMwByTechnology":{"hydro":112.5},"plannedCapacityCoverage":{"coveragePercent":0.0,"knownUnitCount":0,"method":"unavailable","totalUnitCount":0},"plannedCapacityMw":0.0,"plannedCapacityMwByTechnology":{},"recordCount":1,"recordIds":["wattlas-record-osm-relation-10987561"],"sourceIds":["openstreetmap-power"],"technologies":["hydro"],"technologyMixMw":{"hydro":112.5},"unitCount":0,"unitIds":[]},"type":"Feature"},{"geometry":{"coordinates":[174.737689,-41.201807],"type":"Point"},"id":"wattlas-plant-wikidata-q6858304","properties":{"aliases":["Mill Creek Wind Farm"],"canonicalAnchor":"wikidata:Q6858304","canonicalCountryKey":"NZ","capacityMw":60.0,"country":"NZ","externalIds":{"osm":"relation/8550044","wikidata":"Q6858304","wikipedia":"en:Mill Creek Wind Farm"},"geographyId":"NZ-40311993B14632257030086","id":"wattlas-plant-wikidata-q6858304","idAliases":["wattlas-plant-osm-relation-8550044","wattlas-plant-wikipedia-en-mill-creek-wind-farm"],"lifecycleCounts":{"operational":1},"locationPrecision":"exact","name":"Mill Creek Wind Farm","operatingCapacityCoverage":{"coveragePercent":100.0,"knownUnitCount":0,"method":"plant_aggregate","provenance":{"evidenceCount":0,"recordIds":["wattlas-record-osm-relation-8550044"],"sourceIds":["openstreetmap-power"],"sourceTypes":["community_mapped"],"valueKind":"reported"},"totalUnitCount":0},"operatingCapacityMw":60.0,"operatingCapacityMwByTechnology":{"wind":60.0},"plannedCapacityCoverage":{"coveragePercent":0.0,"knownUnitCount":0,"method":"unavailable","totalUnitCount":0},"plannedCapacityMw":0.0,"plannedCapacityMwByTechnology":{},"recordCount":1,"recordIds":["wattlas-record-osm-relation-8550044"],"sourceIds":["openstreetmap-power"],"technologies":["wind"],"technologyMixMw":{"wind":60.0},"unitCount":0,"unitIds":[]},"type":"Feature"},{"geometry":{"coordinates":[176.184106,-38.61432],"type":"Point"},"id":"wattlas-plant-wikidata-q7021804","properties":{"aliases":["Ngā Awa Pūrua Power Station"],"canonicalAnchor":"wikidata:Q7021804","canonicalCountryKey":"NZ","capacityMw":140.0,"country":"NZ","externalIds":{"osm":"way/167285262","wikidata":"Q7021804"},"geographyId":"NZ-40311993B15069482995997","id":"wattlas-plant-wikidata-q7021804","idAliases":["wattlas-plant-osm-way-167285262"],"lifecycleCounts":{"operational":1},"locationPrecision":"exact","name":"Ngā Awa Pūrua Power Station","operatingCapacityCoverage":{"coveragePercent":100.0,"knownUnitCount":0,"method":"plant_aggregate","provenance":{"evidenceCount":0,"recordIds":["wattlas-record-osm-way-167285262"],"sourceIds":["openstreetmap-power"],"sourceTypes":["community_mapped"],"valueKind":"reported"},"totalUnitCount":0},"operatingCapacityMw":140.0,"operatingCapacityMwByTechnology":{"geothermal":140.0},"plannedCapacityCoverage":{"coveragePercent":0.0,"knownUnitCount":0,"method":"unavailable","totalUnitCount":0},"plannedCapacityMw":0.0,"plannedCapacityMwByTechnology":{},"recordCount":1,"recordIds":["wattlas-record-osm-way-167285262"],"sourceIds":["openstreetmap-power"],"technologies":["geothermal"],"technologyMixMw":{"geothermal":140.0},"unitCount":0,"unitIds":[]},"type":"Feature"},{"geometry":{"coordinates":[176.194508,-38.546089],"type":"Point"},"id":"wattlas-plant-wikidata-q7022117","properties":{"aliases":["Ngā Tamariki Power Station"],"canonicalAnchor":"wikidata:Q7022117","canonicalCountryKey":"NZ","capacityMw":132.0,"country":"NZ","externalIds":{"osm":"way/270555062","wikidata":"Q7022117","wikipedia":"en:Ngatamariki Power Station"},"geographyId":"NZ-40311993B15069482995997","id":"wattlas-plant-wikidata-q7022117","idAliases":["wattlas-plant-osm-way-270555062","wattlas-plant-wikipedia-en-ngatamariki-power-station"],"lifecycleCounts":{"operational":1},"locationPrecision":"exact","name":"Ngā Tamariki Power Station","operatingCapacityCoverage":{"coveragePercent":100.0,"knownUnitCount":0,"method":"plant_aggregate","provenance":{"evidenceCount":0,"recordIds":["wattlas-record-osm-way-270555062"],"sourceIds":["openstreetmap-power"],"sourceTypes":["community_mapped"],"valueKind":"reported"},"totalUnitCount":0},"operatingCapacityMw":132.0,"operatingCapacityMwByTechnology":{"geothermal":132.0},"plannedCapacityCoverage":{"coveragePercent":0.0,"knownUnitCount":0,"method":"unavailable","totalUnitCount":0},"plannedCapacityMw":0.0,"plannedCapacityMwByTechnology":{},"recordCount":1,"recordIds":["wattlas-record-osm-way-270555062"],"sourceIds":["openstreetmap-power"],"technologies":["geothermal"],"technologyMixMw":{"geothermal":132.0},"unitCount":0,"unitIds":[]},"type":"Feature"},{"geometry":{"coordinates":[176.294715,-38.527486],"type":"Point"},"id":"wattlas-plant-wikidata-q7080591","properties":{"aliases":["Ōhaaki Power Station"],"canonicalAnchor":"wikidata:Q7080591","canonicalCountryKey":"NZ","capacityMw":57.0,"country":"NZ","externalIds":{"osm":"way/143397051","wikidata":"Q7080591","wikipedia":"en:Ohaaki Power Station"},"geographyId":"NZ-40311993B15069482995997","id":"wattlas-plant-wikidata-q7080591","idAliases":["wattlas-plant-osm-way-143397051","wattlas-plant-wikipedia-en-ohaaki-power-station"],"lifecycleCounts":{"operational":1},"locationPrecision":"exact","name":"Ōhaaki Power Station","operatingCapacityCoverage":{"coveragePercent":100.0,"knownUnitCount":0,"method":"plant_aggregate","provenance":{"evidenceCount":0,"recordIds":["wattlas-record-osm-way-143397051"],"sourceIds":["openstreetmap-power"],"sourceTypes":["community_mapped"],"valueKind":"reported"},"totalUnitCount":0},"operatingCapacityMw":57.0,"operatingCapacityMwByTechnology":{"geothermal":57.0},"plannedCapacityCoverage":{"coveragePercent":0.0,"knownUnitCount":0,"method":"unavailable","totalUnitCount":0},"plannedCapacityMw":0.0,"plannedCapacityMwByTechnology":{},"recordCount":1,"recordIds":["wattlas-record-osm-way-143397051"],"sourceIds":["openstreetmap-power"],"technologies":["geothermal"],"technologyMixMw":{"geothermal":57.0},"unitCount":0,"unitIds":[]},"type":"Feature"},{"geometry":{"coordinates":[170.031233,-44.264459],"type":"Point"},"id":"wattlas-plant-wikidata-q7080628","properties":{"aliases":["Ōhau A Power Station"],"canonicalAnchor":"wikidata:Q7080628","canonicalCountryKey":"NZ","capacityMw":264.0,"country":"NZ","externalIds":{"osm":"relation/12200234","wikidata":"Q7080628"},"geographyId":"NZ-40311993B76352407092523","id":"wattlas-plant-wikidata-q7080628","idAliases":["wattlas-plant-osm-relation-12200234"],"lifecycleCounts":{"operational":1},"locationPrecision":"exact","name":"Ōhau A Power Station","operatingCapacityCoverage":{"coveragePercent":100.0,"knownUnitCount":0,"method":"plant_aggregate","provenance":{"evidenceCount":0,"recordIds":["wattlas-record-osm-relation-12200234"],"sourceIds":["openstreetmap-power"],"sourceTypes":["community_mapped"],"valueKind":"reported"},"totalUnitCount":0},"operatingCapacityMw":264.0,"operatingCapacityMwByTechnology":{"hydro":264.0},"plannedCapacityCoverage":{"coveragePercent":0.0,"knownUnitCount":0,"method":"unavailable","totalUnitCount":0},"plannedCapacityMw":0.0,"plannedCapacityMwByTechnology":{},"recordCount":1,"recordIds":["wattlas-record-osm-relation-12200234"],"sourceIds":["openstreetmap-power"],"technologies":["hydro"],"technologyMixMw":{"hydro":264.0},"unitCount":0,"unitIds":[]},"type":"Feature"},{"geometry":{"coordinates":[170.180811,-44.342849],"type":"Point"},"id":"wattlas-plant-wikidata-q7080629","properties":{"aliases":["Ohau C Power Station"],"canonicalAnchor":"wikidata:Q7080629","canonicalCountryKey":"NZ","capacityMw":212.0,"country":"NZ","externalIds":{"osm":"relation/12200233","wikidata":"Q7080629"},"geographyId":"NZ-40311993B76352407092523","id":"wattlas-plant-wikidata-q7080629","idAliases":["wattlas-plant-osm-relation-12200233"],"lifecycleCounts":{"operational":1},"locationPrecision":"exact","name":"Ohau C Power Station","operatingCapacityCoverage":{"coveragePercent":100.0,"knownUnitCount":0,"method":"plant_aggregate","provenance":{"evidenceCount":0,"recordIds":["wattlas-record-osm-relation-12200233"],"sourceIds":["openstreetmap-power"],"sourceTypes":["community_mapped"],"valueKind":"reported"},"totalUnitCount":0},"operatingCapacityMw":212.0,"operatingCapacityMwByTechnology":{"hydro":212.0},"plannedCapacityCoverage":{"coveragePercent":0.0,"knownUnitCount":0,"method":"unavailable","totalUnitCount":0},"plannedCapacityMw":0.0,"plannedCapacityMwByTechnology":{},"recordCount":1,"recordIds":["wattlas-record-osm-relation-12200233"],"sourceIds":["openstreetmap-power"],"technologies":["hydro"],"technologyMixMw":{"hydro":212.0},"unitCount":0,"unitIds":[]},"type":"Feature"},{"geometry":{"coordinates":[170.111193,-44.300582],"type":"Point"},"id":"wattlas-plant-wikidata-q7080630","properties":{"aliases":["Ohau B Power Station"],"canonicalAnchor":"wikidata:Q7080630","canonicalCountryKey":"NZ","capacityMw":212.0,"country":"NZ","externalIds":{"osm":"relation/11111269","wikidata":"Q7080630"},"geographyId":"NZ-40311993B76352407092523","id":"wattlas-plant-wikidata-q7080630","idAliases":["wattlas-plant-osm-relation-11111269"],"lifecycleCounts":{"operational":1},"locationPrecision":"exact","name":"Ohau B Power Station","operatingCapacityCoverage":{"coveragePercent":100.0,"knownUnitCount":0,"method":"plant_aggregate","provenance":{"evidenceCount":0,"recordIds":["wattlas-record-osm-relation-11111269"],"sourceIds":["openstreetmap-power"],"sourceTypes":["community_mapped"],"valueKind":"reported"},"totalUnitCount":0},"operatingCapacityMw":212.0,"operatingCapacityMwByTechnology":{"hydro":212.0},"plannedCapacityCoverage":{"coveragePercent":0.0,"knownUnitCount":0,"method":"unavailable","totalUnitCount":0},"plannedCapacityMw":0.0,"plannedCapacityMwByTechnology":{},"recordCount":1,"recordIds":["wattlas-record-osm-relation-11111269"],"sourceIds":["openstreetmap-power"],"technologies":["hydro"],"technologyMixMw":{"hydro":212.0},"unitCount":0,"unitIds":[]},"type":"Feature"},{"geometry":{"coordinates":[176.041525,-38.630271],"type":"Point"},"id":"wattlas-plant-wikidata-q7207841","properties":{"aliases":["Poihipi Power Station"],"canonicalAnchor":"wikidata:Q7207841","canonicalCountryKey":"NZ","capacityMw":55.0,"country":"NZ","externalIds":{"osm":"way/171571719","wikidata":"Q7207841","wikipedia":"en:Poihipi Power Station"},"geographyId":"NZ-40311993B15069482995997","id":"wattlas-plant-wikidata-q7207841","idAliases":["wattlas-plant-osm-way-171571719","wattlas-plant-wikipedia-en-poihipi-power-station"],"lifecycleCounts":{"operational":1},"locationPrecision":"exact","name":"Poihipi Power Station","operatingCapacityCoverage":{"coveragePercent":100.0,"knownUnitCount":0,"method":"plant_aggregate","provenance":{"evidenceCount":0,"recordIds":["wattlas-record-osm-way-171571719"],"sourceIds":["openstreetmap-power"],"sourceTypes":["community_mapped"],"valueKind":"reported"},"totalUnitCount":0},"operatingCapacityMw":55.0,"operatingCapacityMwByTechnology":{"geothermal":55.0},"plannedCapacityCoverage":{"coveragePercent":0.0,"knownUnitCount":0,"method":"unavailable","totalUnitCount":0},"plannedCapacityMw":0.0,"plannedCapacityMwByTechnology":{},"recordCount":1,"recordIds":["wattlas-record-osm-way-171571719"],"sourceIds":["openstreetmap-power"],"technologies":["geothermal"],"technologyMixMw":{"geothermal":55.0},"unitCount":0,"unitIds":[]},"type":"Feature"},{"geometry":{"coordinates":[174.676701,-41.278242],"type":"Point"},"id":"wattlas-plant-wikidata-q7249372","properties":{"aliases":["West Wind Wind Farm"],"canonicalAnchor":"wikidata:Q7249372","canonicalCountryKey":"NZ","capacityMw":143.0,"country":"NZ","externalIds":{"osm":"relation/8550043","wikidata":"Q7249372"},"geographyId":"NZ-40311993B14632257030086","id":"wattlas-plant-wikidata-q7249372","idAliases":["wattlas-plant-osm-relation-8550043"],"lifecycleCounts":{"operational":1},"locationPrecision":"exact","name":"West Wind Wind Farm","operatingCapacityCoverage":{"coveragePercent":100.0,"knownUnitCount":0,"method":"plant_aggregate","provenance":{"evidenceCount":0,"recordIds":["wattlas-record-osm-relation-8550043"],"sourceIds":["openstreetmap-power"],"sourceTypes":["community_mapped"],"valueKind":"reported"},"totalUnitCount":0},"operatingCapacityMw":143.0,"operatingCapacityMwByTechnology":{"wind":143.0},"plannedCapacityCoverage":{"coveragePercent":0.0,"knownUnitCount":0,"method":"unavailable","totalUnitCount":0},"plannedCapacityMw":0.0,"plannedCapacityMwByTechnology":{},"recordCount":1,"recordIds":["wattlas-record-osm-relation-8550043"],"sourceIds":["openstreetmap-power"],"technologies":["wind"],"technologyMixMw":{"wind":143.0},"unitCount":0,"unitIds":[]},"type":"Feature"},{"geometry":{"coordinates":[176.193375,-38.612385],"type":"Point"},"id":"wattlas-plant-wikidata-q7370574","properties":{"aliases":["Rotokawa Power Station"],"canonicalAnchor":"wikidata:Q7370574","canonicalCountryKey":"NZ","capacityMw":34.5,"country":"NZ","externalIds":{"osm":"way/99428426","wikidata":"Q7370574","wikipedia":"en:Rotokawa Power Station"},"geographyId":"NZ-40311993B15069482995997","id":"wattlas-plant-wikidata-q7370574","idAliases":["wattlas-plant-osm-way-99428426","wattlas-plant-wikipedia-en-rotokawa-power-station"],"lifecycleCounts":{"operational":1},"locationPrecision":"exact","name":"Rotokawa Power Station","operatingCapacityCoverage":{"coveragePercent":100.0,"knownUnitCount":0,"method":"plant_aggregate","provenance":{"evidenceCount":0,"recordIds":["wattlas-record-osm-way-99428426"],"sourceIds":["openstreetmap-power"],"sourceTypes":["community_mapped"],"valueKind":"reported"},"totalUnitCount":0},"operatingCapacityMw":34.5,"operatingCapacityMwByTechnology":{"geothermal":34.5},"plannedCapacityCoverage":{"coveragePercent":0.0,"knownUnitCount":0,"method":"unavailable","totalUnitCount":0},"plannedCapacityMw":0.0,"plannedCapacityMwByTechnology":{},"recordCount":1,"recordIds":["wattlas-record-osm-way-99428426"],"sourceIds":["openstreetmap-power"],"technologies":["geothermal"],"technologyMixMw":{"geothermal":34.5},"unitCount":0,"unitIds":[]},"type":"Feature"},{"geometry":{"coordinates":[174.31941,-39.330756],"type":"Point"},"id":"wattlas-plant-wikidata-q7621980","properties":{"aliases":["Stratford Power Station"],"canonicalAnchor":"wikidata:Q7621980","canonicalCountryKey":"NZ","capacityMw":585.0,"country":"NZ","externalIds":{"osm":"relation/17609409","wikidata":"Q7621980"},"geographyId":"NZ-40311993B7212192632593","id":"wattlas-plant-wikidata-q7621980","idAliases":["wattlas-plant-osm-relation-17609409"],"lifecycleCounts":{"operational":1},"locationPrecision":"exact","name":"Stratford Power Station","operatingCapacityCoverage":{"coveragePercent":100.0,"knownUnitCount":0,"method":"plant_aggregate","provenance":{"evidenceCount":0,"recordIds":["wattlas-record-osm-relation-17609409"],"sourceIds":["openstreetmap-power"],"sourceTypes":["community_mapped"],"valueKind":"reported"},"totalUnitCount":0},"operatingCapacityMw":585.0,"operatingCapacityMwByTechnology":{"gas":585.0},"plannedCapacityCoverage":{"coveragePercent":0.0,"knownUnitCount":0,"method":"unavailable","totalUnitCount":0},"plannedCapacityMw":0.0,"plannedCapacityMwByTechnology":{},"recordCount":1,"recordIds":["wattlas-record-osm-relation-17609409"],"sourceIds":["openstreetmap-power"],"technologies":["gas"],"technologyMixMw":{"gas":585.0},"unitCount":0,"unitIds":[]},"type":"Feature"},{"geometry":{"coordinates":[175.772027,-40.352588],"type":"Point"},"id":"wattlas-plant-wikidata-q7685516","properties":{"aliases":["Tararua Wind Farm"],"canonicalAnchor":"wikidata:Q7685516","canonicalCountryKey":"NZ","capacityMw":161.0,"country":"NZ","externalIds":{"osm":"relation/6122226","wikidata":"Q7685516","wikipedia":"en:Tararua Wind Farm"},"geographyId":"NZ-40311993B31372788647917","id":"wattlas-plant-wikidata-q7685516","idAliases":["wattlas-plant-osm-relation-6122226","wattlas-plant-wikipedia-en-tararua-wind-farm"],"lifecycleCounts":{"operational":1},"locationPrecision":"exact","name":"Tararua Wind Farm","operatingCapacityCoverage":{"coveragePercent":100.0,"knownUnitCount":0,"method":"plant_aggregate","provenance":{"evidenceCount":0,"recordIds":["wattlas-record-osm-relation-6122226"],"sourceIds":["openstreetmap-power"],"sourceTypes":["community_mapped"],"valueKind":"reported"},"totalUnitCount":0},"operatingCapacityMw":161.0,"operatingCapacityMwByTechnology":{"wind":161.0},"plannedCapacityCoverage":{"coveragePercent":0.0,"knownUnitCount":0,"method":"unavailable","totalUnitCount":0},"plannedCapacityMw":0.0,"plannedCapacityMwByTechnology":{},"recordCount":1,"recordIds":["wattlas-record-osm-relation-6122226"],"sourceIds":["openstreetmap-power"],"technologies":["wind"],"technologyMixMw":{"wind":161.0},"unitCount":0,"unitIds":[]},"type":"Feature"},{"geometry":{"coordinates":[176.155812,-38.669217],"type":"Point"},"id":"wattlas-plant-wikidata-q7688687","properties":{"aliases":["Tauhara Power Station"],"canonicalAnchor":"wikidata:Q7688687","canonicalCountryKey":"NZ","capacityMw":152.0,"country":"NZ","externalIds":{"osm":"way/965573000","wikidata":"Q7688687","wikipedia":"en:Tauhara Power Station"},"geographyId":"NZ-40311993B15069482995997","id":"wattlas-plant-wikidata-q7688687","idAliases":["wattlas-plant-osm-way-965573000","wattlas-plant-wikipedia-en-tauhara-power-station"],"lifecycleCounts":{"operational":1},"locationPrecision":"exact","name":"Tauhara Power Station","operatingCapacityCoverage":{"coveragePercent":100.0,"knownUnitCount":0,"method":"plant_aggregate","provenance":{"evidenceCount":0,"recordIds":["wattlas-record-osm-way-965573000"],"sourceIds":["openstreetmap-power"],"sourceTypes":["community_mapped"],"valueKind":"reported"},"totalUnitCount":0},"operatingCapacityMw":152.0,"operatingCapacityMwByTechnology":{"geothermal":152.0},"plannedCapacityCoverage":{"coveragePercent":0.0,"knownUnitCount":0,"method":"unavailable","totalUnitCount":0},"plannedCapacityMw":0.0,"plannedCapacityMwByTechnology":{},"recordCount":1,"recordIds":["wattlas-record-osm-way-965573000"],"sourceIds":["openstreetmap-power"],"technologies":["geothermal"],"technologyMixMw":{"geothermal":152.0},"unitCount":0,"unitIds":[]},"type":"Feature"},{"geometry":{"coordinates":[175.806599,-40.295646],"type":"Point"},"id":"wattlas-plant-wikidata-q7690758","properties":{"aliases":["Te Āpiti Wind Farm"],"canonicalAnchor":"wikidata:Q7690758","canonicalCountryKey":"NZ","capacityMw":90.75,"country":"NZ","externalIds":{"osm":"relation/3666831","wikidata":"Q7690758","wikipedia":"en:Te Apiti Wind Farm"},"geographyId":"NZ-40311993B31372788647917","id":"wattlas-plant-wikidata-q7690758","idAliases":["wattlas-plant-osm-relation-3666831","wattlas-plant-wikipedia-en-te-apiti-wind-farm"],"lifecycleCounts":{"operational":1},"locationPrecision":"exact","name":"Te Āpiti Wind Farm","operatingCapacityCoverage":{"coveragePercent":100.0,"knownUnitCount":0,"method":"plant_aggregate","provenance":{"evidenceCount":0,"recordIds":["wattlas-record-osm-relation-3666831"],"sourceIds":["openstreetmap-power"],"sourceTypes":["community_mapped"],"valueKind":"reported"},"totalUnitCount":0},"operatingCapacityMw":90.75,"operatingCapacityMwByTechnology":{"wind":90.75},"plannedCapacityCoverage":{"coveragePercent":0.0,"knownUnitCount":0,"method":"unavailable","totalUnitCount":0},"plannedCapacityMw":0.0,"plannedCapacityMwByTechnology":{},"recordCount":1,"recordIds":["wattlas-record-osm-relation-3666831"],"sourceIds":["openstreetmap-power"],"technologies":["wind"],"technologyMixMw":{"wind":90.75},"unitCount":0,"unitIds":[]},"type":"Feature"},{"geometry":{"coordinates":[176.11757,-38.667847],"type":"Point"},"id":"wattlas-plant-wikidata-q7690821","properties":{"aliases":["Te Huka Geotherrmal Binary Power Station"],"canonicalAnchor":"wikidata:Q7690821","canonicalCountryKey":"NZ","capacityMw":79.0,"country":"NZ","externalIds":{"osm":"way/169516349","wikidata":"Q7690821","wikipedia":"en:Te Huka Power Station"},"geographyId":"NZ-40311993B15069482995997","id":"wattlas-plant-wikidata-q7690821","idAliases":["wattlas-plant-osm-way-169516349","wattlas-plant-wikipedia-en-te-huka-power-station"],"lifecycleCounts":{"operational":1},"locationPrecision":"exact","name":"Te Huka Geotherrmal Binary Power Station","operatingCapacityCoverage":{"coveragePercent":100.0,"knownUnitCount":0,"method":"plant_aggregate","provenance":{"evidenceCount":0,"recordIds":["wattlas-record-osm-way-169516349"],"sourceIds":["openstreetmap-power"],"sourceTypes":["community_mapped"],"valueKind":"reported"},"totalUnitCount":0},"operatingCapacityMw":79.0,"operatingCapacityMwByTechnology":{"geothermal":79.0},"plannedCapacityCoverage":{"coveragePercent":0.0,"knownUnitCount":0,"method":"unavailable","totalUnitCount":0},"plannedCapacityMw":0.0,"plannedCapacityMwByTechnology":{},"recordCount":1,"recordIds":["wattlas-record-osm-way-169516349"],"sourceIds":["openstreetmap-power"],"technologies":["geothermal"],"technologyMixMw":{"geothermal":79.0},"unitCount":0,"unitIds":[]},"type":"Feature"},{"geometry":{"coordinates":[176.048182,-38.61831],"type":"Point"},"id":"wattlas-plant-wikidata-q7690882","properties":{"aliases":["Te Mihi Power Station"],"canonicalAnchor":"wikidata:Q7690882","canonicalCountryKey":"NZ","capacityMw":166.0,"country":"NZ","externalIds":{"osm":"way/275188675","wikidata":"Q7690882","wikipedia":"en:Te Mihi Power Station"},"geographyId":"NZ-40311993B15069482995997","id":"wattlas-plant-wikidata-q7690882","idAliases":["wattlas-plant-osm-way-275188675","wattlas-plant-wikipedia-en-te-mihi-power-station"],"lifecycleCounts":{"operational":1},"locationPrecision":"exact","name":"Te Mihi Power Station","operatingCapacityCoverage":{"coveragePercent":100.0,"knownUnitCount":0,"method":"plant_aggregate","provenance":{"evidenceCount":0,"recordIds":["wattlas-record-osm-way-275188675"],"sourceIds":["openstreetmap-power"],"sourceTypes":["community_mapped"],"valueKind":"reported"},"totalUnitCount":0},"operatingCapacityMw":166.0,"operatingCapacityMwByTechnology":{"geothermal":166.0},"plannedCapacityCoverage":{"coveragePercent":0.0,"knownUnitCount":0,"method":"unavailable","totalUnitCount":0},"plannedCapacityMw":0.0,"plannedCapacityMwByTechnology":{},"recordCount":1,"recordIds":["wattlas-record-osm-way-275188675"],"sourceIds":["openstreetmap-power"],"technologies":["geothermal"],"technologyMixMw":{"geothermal":166.0},"unitCount":0,"unitIds":[]},"type":"Feature"},{"geometry":{"coordinates":[174.964177,-37.884386],"type":"Point"},"id":"wattlas-plant-wikidata-q7691000","properties":{"aliases":["Te Uku Wind Farm"],"canonicalAnchor":"wikidata:Q7691000","canonicalCountryKey":"NZ","capacityMw":64.4,"country":"NZ","externalIds":{"osm":"relation/12165811","wikidata":"Q7691000","wikipedia":"en:Te Uku Wind Farm"},"geographyId":"NZ-40311993B15069482995997","id":"wattlas-plant-wikidata-q7691000","idAliases":["wattlas-plant-osm-relation-12165811","wattlas-plant-wikipedia-en-te-uku-wind-farm"],"lifecycleCounts":{"operational":1},"locationPrecision":"exact","name":"Te Uku Wind Farm","operatingCapacityCoverage":{"coveragePercent":100.0,"knownUnitCount":0,"method":"plant_aggregate","provenance":{"evidenceCount":0,"recordIds":["wattlas-record-osm-relation-12165811"],"sourceIds":["openstreetmap-power"],"sourceTypes":["community_mapped"],"valueKind":"reported"},"totalUnitCount":0},"operatingCapacityMw":64.4,"operatingCapacityMwByTechnology":{"wind":64.4},"plannedCapacityCoverage":{"coveragePercent":0.0,"knownUnitCount":0,"method":"unavailable","totalUnitCount":0},"plannedCapacityMw":0.0,"plannedCapacityMwByTechnology":{},"recordCount":1,"recordIds":["wattlas-record-osm-relation-12165811"],"sourceIds":["openstreetmap-power"],"technologies":["wind"],"technologyMixMw":{"wind":64.4},"unitCount":0,"unitIds":[]},"type":"Feature"},{"geometry":{"coordinates":[175.677783,-40.44722],"type":"Point"},"id":"wattlas-plant-wikidata-q7854981","properties":{"aliases":["Turitea Wind Farm"],"canonicalAnchor":"wikidata:Q7854981","canonicalCountryKey":"NZ","capacityMw":222.0,"country":"NZ","externalIds":{"osm":"relation/13560722","wikidata":"Q7854981","wikipedia":"en:Turitea Wind Farm"},"geographyId":"NZ-40311993B31372788647917","id":"wattlas-plant-wikidata-q7854981","idAliases":["wattlas-plant-osm-relation-13560722","wattlas-plant-wikipedia-en-turitea-wind-farm"],"lifecycleCounts":{"operational":1},"locationPrecision":"exact","name":"Turitea Wind Farm","operatingCapacityCoverage":{"coveragePercent":100.0,"knownUnitCount":0,"method":"plant_aggregate","provenance":{"evidenceCount":0,"recordIds":["wattlas-record-osm-relation-13560722"],"sourceIds":["openstreetmap-power"],"sourceTypes":["community_mapped"],"valueKind":"reported"},"totalUnitCount":0},"operatingCapacityMw":222.0,"operatingCapacityMwByTechnology":{"wind":222.0},"plannedCapacityCoverage":{"coveragePercent":0.0,"knownUnitCount":0,"method":"unavailable","totalUnitCount":0},"plannedCapacityMw":0.0,"plannedCapacityMwByTechnology":{},"recordCount":1,"recordIds":["wattlas-record-osm-relation-13560722"],"sourceIds":["openstreetmap-power"],"technologies":["wind"],"technologyMixMw":{"wind":222.0},"unitCount":0,"unitIds":[]},"type":"Feature"},{"geometry":{"coordinates":[168.265899,-45.753858],"type":"Point"},"id":"wattlas-plant-wikidata-q7994795","properties":{"aliases":["White Hill Wind Farm"],"canonicalAnchor":"wikidata:Q7994795","canonicalCountryKey":"NZ","capacityMw":58.0,"country":"NZ","externalIds":{"osm":"relation/8776651","wikidata":"Q7994795"},"geographyId":"NZ-40311993B33496206587618","id":"wattlas-plant-wikidata-q7994795","idAliases":["wattlas-plant-osm-relation-8776651"],"lifecycleCounts":{"operational":1},"locationPrecision":"exact","name":"White Hill Wind Farm","operatingCapacityCoverage":{"coveragePercent":100.0,"knownUnitCount":0,"method":"plant_aggregate","provenance":{"evidenceCount":0,"recordIds":["wattlas-record-osm-relation-8776651"],"sourceIds":["openstreetmap-power"],"sourceTypes":["community_mapped"],"valueKind":"reported"},"totalUnitCount":0},"operatingCapacityMw":58.0,"operatingCapacityMwByTechnology":{"wind":58.0},"plannedCapacityCoverage":{"coveragePercent":0.0,"knownUnitCount":0,"method":"unavailable","totalUnitCount":0},"plannedCapacityMw":0.0,"plannedCapacityMwByTechnology":{},"recordCount":1,"recordIds":["wattlas-record-osm-relation-8776651"],"sourceIds":["openstreetmap-power"],"technologies":["wind"],"technologyMixMw":{"wind":58.0},"unitCount":0,"unitIds":[]},"type":"Feature"},{"geometry":{"coordinates":[176.087927,-38.408301],"type":"Point"},"id":"wattlas-plant-wikidata-q81432024","properties":{"aliases":["Ōhakuri Power Station"],"canonicalAnchor":"wikidata:Q81432024","canonicalCountryKey":"NZ","capacityMw":112.0,"country":"NZ","externalIds":{"osm":"relation/19963450","wikidata":"Q81432024"},"geographyId":"NZ-40311993B15069482995997","id":"wattlas-plant-wikidata-q81432024","idAliases":["wattlas-plant-osm-relation-19963450"],"lifecycleCounts":{"operational":1},"locationPrecision":"exact","name":"Ōhakuri Power Station","operatingCapacityCoverage":{"coveragePercent":100.0,"knownUnitCount":0,"method":"plant_aggregate","provenance":{"evidenceCount":0,"recordIds":["wattlas-record-osm-relation-19963450"],"sourceIds":["openstreetmap-power"],"sourceTypes":["community_mapped"],"valueKind":"reported"},"totalUnitCount":0},"operatingCapacityMw":112.0,"operatingCapacityMwByTechnology":{"hydro":112.0},"plannedCapacityCoverage":{"coveragePercent":0.0,"knownUnitCount":0,"method":"unavailable","totalUnitCount":0},"plannedCapacityMw":0.0,"plannedCapacityMwByTechnology":{},"recordCount":1,"recordIds":["wattlas-record-osm-relation-19963450"],"sourceIds":["openstreetmap-power"],"technologies":["hydro"],"technologyMixMw":{"hydro":112.0},"unitCount":0,"unitIds":[]},"type":"Feature"},{"geometry":{"coordinates":[170.354856,-44.656407],"type":"Point"},"id":"wattlas-plant-wikidata-q81826971","properties":{"aliases":["Aviemore Power Station"],"canonicalAnchor":"wikidata:Q81826971","canonicalCountryKey":"NZ","capacityMw":220.0,"country":"NZ","externalIds":{"osm":"way/165277560","wikidata":"Q81826971"},"geographyId":"NZ-40311993B76352407092523","id":"wattlas-plant-wikidata-q81826971","idAliases":["wattlas-plant-osm-way-165277560"],"lifecycleCounts":{"operational":1},"locationPrecision":"exact","name":"Aviemore Power Station","operatingCapacityCoverage":{"coveragePercent":100.0,"knownUnitCount":0,"method":"plant_aggregate","provenance":{"evidenceCount":0,"recordIds":["wattlas-record-osm-way-165277560"],"sourceIds":["openstreetmap-power"],"sourceTypes":["community_mapped"],"valueKind":"reported"},"totalUnitCount":0},"operatingCapacityMw":220.0,"operatingCapacityMwByTechnology":{"hydro":220.0},"plannedCapacityCoverage":{"coveragePercent":0.0,"knownUnitCount":0,"method":"unavailable","totalUnitCount":0},"plannedCapacityMw":0.0,"plannedCapacityMwByTechnology":{},"recordCount":1,"recordIds":["wattlas-record-osm-way-165277560"],"sourceIds":["openstreetmap-power"],"technologies":["hydro"],"technologyMixMw":{"hydro":220.0},"unitCount":0,"unitIds":[]},"type":"Feature"}],"type":"FeatureCollection"}