{"features":[{"geometry":{"coordinates":[22.582746,51.473461],"type":"Point"},"id":"wattlas-plant-osm-node-12470955084","properties":{"aliases":["Mapped power plant · OSM 12470955084"],"canonicalAnchor":"osm:node/12470955084","canonicalCountryKey":"PL","capacityMw":0.0,"country":"PL","externalIds":{"osm":"node/12470955084"},"geographyId":"PL-17162690B69262761487853","id":"wattlas-plant-osm-node-12470955084","lifecycleCounts":{"under_construction":1},"locationPrecision":"exact","name":"Mapped power plant · OSM 12470955084","operatingCapacityCoverage":{"coveragePercent":0.0,"knownUnitCount":0,"method":"unavailable","totalUnitCount":0},"operatingCapacityMw":0.0,"operatingCapacityMwByTechnology":{},"plannedCapacityCoverage":{"coveragePercent":0.0,"knownUnitCount":0,"method":"unavailable","totalUnitCount":0},"plannedCapacityMw":0.0,"plannedCapacityMwByTechnology":{},"recordCount":1,"recordIds":["wattlas-record-osm-node-12470955084"],"sourceIds":["openstreetmap-power"],"technologies":["other"],"technologyMixMw":{"other":0.0},"unitCount":0,"unitIds":[]},"type":"Feature"},{"geometry":{"coordinates":[21.853567,51.556898],"type":"Point"},"id":"wattlas-plant-osm-node-2142577998","properties":{"aliases":["Ciepłownia Dęblin"],"canonicalAnchor":"osm:node/2142577998","canonicalCountryKey":"PL","capacityMw":0.0,"country":"PL","externalIds":{"osm":"node/2142577998"},"geographyId":"PL-17162690B69262761487853","id":"wattlas-plant-osm-node-2142577998","lifecycleCounts":{"operational":1},"locationPrecision":"exact","name":"Ciepłownia Dęblin","operatingCapacityCoverage":{"coveragePercent":0.0,"knownUnitCount":0,"method":"unavailable","totalUnitCount":0},"operatingCapacityMw":0.0,"operatingCapacityMwByTechnology":{},"plannedCapacityCoverage":{"coveragePercent":0.0,"knownUnitCount":0,"method":"unavailable","totalUnitCount":0},"plannedCapacityMw":0.0,"plannedCapacityMwByTechnology":{},"recordCount":1,"recordIds":["wattlas-record-osm-node-2142577998"],"sourceIds":["openstreetmap-power"],"technologies":["other"],"technologyMixMw":{"other":0.0},"unitCount":0,"unitIds":[]},"type":"Feature"},{"geometry":{"coordinates":[16.794283,54.42792],"type":"Point"},"id":"wattlas-plant-osm-relation-10076511","properties":{"aliases":["Farma Wiatrowa Marszewo II"],"canonicalAnchor":"osm:relation/10076511","canonicalCountryKey":"PL","capacityMw":18.0,"country":"PL","externalIds":{"osm":"relation/10076511"},"geographyId":"PL-17162690B34878575347312","id":"wattlas-plant-osm-relation-10076511","lifecycleCounts":{"operational":1},"locationPrecision":"exact","name":"Farma Wiatrowa Marszewo II","operatingCapacityCoverage":{"coveragePercent":100.0,"knownUnitCount":0,"method":"plant_aggregate","provenance":{"evidenceCount":0,"recordIds":["wattlas-record-osm-relation-10076511"],"sourceIds":["openstreetmap-power"],"sourceTypes":["community_mapped"],"valueKind":"reported"},"totalUnitCount":0},"operatingCapacityMw":18.0,"operatingCapacityMwByTechnology":{"wind":18.0},"plannedCapacityCoverage":{"coveragePercent":0.0,"knownUnitCount":0,"method":"unavailable","totalUnitCount":0},"plannedCapacityMw":0.0,"plannedCapacityMwByTechnology":{},"recordCount":1,"recordIds":["wattlas-record-osm-relation-10076511"],"sourceIds":["openstreetmap-power"],"technologies":["wind"],"technologyMixMw":{"wind":18.0},"unitCount":0,"unitIds":[]},"type":"Feature"},{"geometry":{"coordinates":[16.704527,54.503683],"type":"Point"},"id":"wattlas-plant-osm-relation-10076512","properties":{"aliases":["Farma Wiatrowa Marszewo I"],"canonicalAnchor":"osm:relation/10076512","canonicalCountryKey":"PL","capacityMw":82.0,"country":"PL","externalIds":{"osm":"relation/10076512"},"geographyId":"PL-17162690B34878575347312","id":"wattlas-plant-osm-relation-10076512","lifecycleCounts":{"operational":1},"locationPrecision":"exact","name":"Farma Wiatrowa Marszewo I","operatingCapacityCoverage":{"coveragePercent":100.0,"knownUnitCount":0,"method":"plant_aggregate","provenance":{"evidenceCount":0,"recordIds":["wattlas-record-osm-relation-10076512"],"sourceIds":["openstreetmap-power"],"sourceTypes":["community_mapped"],"valueKind":"reported"},"totalUnitCount":0},"operatingCapacityMw":82.0,"operatingCapacityMwByTechnology":{"wind":82.0},"plannedCapacityCoverage":{"coveragePercent":0.0,"knownUnitCount":0,"method":"unavailable","totalUnitCount":0},"plannedCapacityMw":0.0,"plannedCapacityMwByTechnology":{},"recordCount":1,"recordIds":["wattlas-record-osm-relation-10076512"],"sourceIds":["openstreetmap-power"],"technologies":["wind"],"technologyMixMw":{"wind":82.0},"unitCount":0,"unitIds":[]},"type":"Feature"},{"geometry":{"coordinates":[17.644608,54.683251],"type":"Point"},"id":"wattlas-plant-osm-relation-10076551","properties":{"aliases":["Farma Wiatrowa \"Wicko\""],"canonicalAnchor":"osm:relation/10076551","canonicalCountryKey":"PL","capacityMw":40.0,"country":"PL","externalIds":{"osm":"relation/10076551"},"geographyId":"PL-17162690B77437931625010","id":"wattlas-plant-osm-relation-10076551","lifecycleCounts":{"operational":1},"locationPrecision":"exact","name":"Farma Wiatrowa \"Wicko\"","operatingCapacityCoverage":{"coveragePercent":100.0,"knownUnitCount":0,"method":"plant_aggregate","provenance":{"evidenceCount":0,"recordIds":["wattlas-record-osm-relation-10076551"],"sourceIds":["openstreetmap-power"],"sourceTypes":["community_mapped"],"valueKind":"reported"},"totalUnitCount":0},"operatingCapacityMw":40.0,"operatingCapacityMwByTechnology":{"wind":40.0},"plannedCapacityCoverage":{"coveragePercent":0.0,"knownUnitCount":0,"method":"unavailable","totalUnitCount":0},"plannedCapacityMw":0.0,"plannedCapacityMwByTechnology":{},"recordCount":1,"recordIds":["wattlas-record-osm-relation-10076551"],"sourceIds":["openstreetmap-power"],"technologies":["wind"],"technologyMixMw":{"wind":40.0},"unitCount":0,"unitIds":[]},"type":"Feature"},{"geometry":{"coordinates":[19.181953,53.649074],"type":"Point"},"id":"wattlas-plant-osm-relation-10096800","properties":{"aliases":["Farma wiatrowa Kisielice II"],"canonicalAnchor":"osm:relation/10096800","canonicalCountryKey":"PL","capacityMw":12.42,"country":"PL","externalIds":{"osm":"relation/10096800"},"geographyId":"PL-17162690B77437931625010","id":"wattlas-plant-osm-relation-10096800","lifecycleCounts":{"operational":1},"locationPrecision":"exact","name":"Farma wiatrowa Kisielice II","operatingCapacityCoverage":{"coveragePercent":100.0,"knownUnitCount":0,"method":"plant_aggregate","provenance":{"evidenceCount":0,"recordIds":["wattlas-record-osm-relation-10096800"],"sourceIds":["openstreetmap-power"],"sourceTypes":["community_mapped"],"valueKind":"reported"},"totalUnitCount":0},"operatingCapacityMw":12.42,"operatingCapacityMwByTechnology":{"wind":12.42},"plannedCapacityCoverage":{"coveragePercent":0.0,"knownUnitCount":0,"method":"unavailable","totalUnitCount":0},"plannedCapacityMw":0.0,"plannedCapacityMwByTechnology":{},"recordCount":1,"recordIds":["wattlas-record-osm-relation-10096800"],"sourceIds":["openstreetmap-power"],"technologies":["wind"],"technologyMixMw":{"wind":12.42},"unitCount":0,"unitIds":[]},"type":"Feature"},{"geometry":{"coordinates":[19.179698,53.615871],"type":"Point"},"id":"wattlas-plant-osm-relation-10097204","properties":{"aliases":["Farma Wiatrowa Kisielice I"],"canonicalAnchor":"osm:relation/10097204","canonicalCountryKey":"PL","capacityMw":41.19,"country":"PL","externalIds":{"osm":"relation/10097204"},"geographyId":"PL-17162690B18723007704312","id":"wattlas-plant-osm-relation-10097204","lifecycleCounts":{"operational":1},"locationPrecision":"exact","name":"Farma Wiatrowa Kisielice I","operatingCapacityCoverage":{"coveragePercent":100.0,"knownUnitCount":0,"method":"plant_aggregate","provenance":{"evidenceCount":0,"recordIds":["wattlas-record-osm-relation-10097204"],"sourceIds":["openstreetmap-power"],"sourceTypes":["community_mapped"],"valueKind":"reported"},"totalUnitCount":0},"operatingCapacityMw":41.19,"operatingCapacityMwByTechnology":{"wind":41.19},"plannedCapacityCoverage":{"coveragePercent":0.0,"knownUnitCount":0,"method":"unavailable","totalUnitCount":0},"plannedCapacityMw":0.0,"plannedCapacityMwByTechnology":{},"recordCount":1,"recordIds":["wattlas-record-osm-relation-10097204"],"sourceIds":["openstreetmap-power"],"technologies":["wind"],"technologyMixMw":{"wind":41.19},"unitCount":0,"unitIds":[]},"type":"Feature"},{"geometry":{"coordinates":[22.279364,54.250462],"type":"Point"},"id":"wattlas-plant-osm-relation-10097389","properties":{"aliases":["Farma Wiatrowa Gołdap"],"canonicalAnchor":"osm:relation/10097389","canonicalCountryKey":"PL","capacityMw":48.0,"country":"PL","externalIds":{"osm":"relation/10097389"},"geographyId":"PL-17162690B18723007704312","id":"wattlas-plant-osm-relation-10097389","lifecycleCounts":{"operational":1},"locationPrecision":"exact","name":"Farma Wiatrowa Gołdap","operatingCapacityCoverage":{"coveragePercent":100.0,"knownUnitCount":0,"method":"plant_aggregate","provenance":{"evidenceCount":0,"recordIds":["wattlas-record-osm-relation-10097389"],"sourceIds":["openstreetmap-power"],"sourceTypes":["community_mapped"],"valueKind":"reported"},"totalUnitCount":0},"operatingCapacityMw":48.0,"operatingCapacityMwByTechnology":{"wind":48.0},"plannedCapacityCoverage":{"coveragePercent":0.0,"knownUnitCount":0,"method":"unavailable","totalUnitCount":0},"plannedCapacityMw":0.0,"plannedCapacityMwByTechnology":{},"recordCount":1,"recordIds":["wattlas-record-osm-relation-10097389"],"sourceIds":["openstreetmap-power"],"technologies":["wind"],"technologyMixMw":{"wind":48.0},"unitCount":0,"unitIds":[]},"type":"Feature"},{"geometry":{"coordinates":[14.80371,52.388689],"type":"Point"},"id":"wattlas-plant-osm-relation-10157437","properties":{"aliases":["FW Lubiechnia Wielka"],"canonicalAnchor":"osm:relation/10157437","canonicalCountryKey":"PL","capacityMw":58.0,"country":"PL","externalIds":{"osm":"relation/10157437"},"geographyId":"PL-17162690B87710404837799","id":"wattlas-plant-osm-relation-10157437","lifecycleCounts":{"operational":1},"locationPrecision":"exact","name":"FW Lubiechnia Wielka","operatingCapacityCoverage":{"coveragePercent":100.0,"knownUnitCount":0,"method":"plant_aggregate","provenance":{"evidenceCount":0,"recordIds":["wattlas-record-osm-relation-10157437"],"sourceIds":["openstreetmap-power"],"sourceTypes":["community_mapped"],"valueKind":"reported"},"totalUnitCount":0},"operatingCapacityMw":58.0,"operatingCapacityMwByTechnology":{"wind":58.0},"plannedCapacityCoverage":{"coveragePercent":0.0,"knownUnitCount":0,"method":"unavailable","totalUnitCount":0},"plannedCapacityMw":0.0,"plannedCapacityMwByTechnology":{},"recordCount":1,"recordIds":["wattlas-record-osm-relation-10157437"],"sourceIds":["openstreetmap-power"],"technologies":["wind"],"technologyMixMw":{"wind":58.0},"unitCount":0,"unitIds":[]},"type":"Feature"},{"geometry":{"coordinates":[20.452171,53.051741],"type":"Point"},"id":"wattlas-plant-osm-relation-10214952","properties":{"aliases":["Farma Wiatrowa Szydłowo"],"canonicalAnchor":"osm:relation/10214952","canonicalCountryKey":"PL","capacityMw":14.0,"country":"PL","externalIds":{"osm":"relation/10214952"},"geographyId":"PL-17162690B84565288021286","id":"wattlas-plant-osm-relation-10214952","lifecycleCounts":{"operational":1},"locationPrecision":"exact","name":"Farma Wiatrowa Szydłowo","operatingCapacityCoverage":{"coveragePercent":100.0,"knownUnitCount":0,"method":"plant_aggregate","provenance":{"evidenceCount":0,"recordIds":["wattlas-record-osm-relation-10214952"],"sourceIds":["openstreetmap-power"],"sourceTypes":["community_mapped"],"valueKind":"reported"},"totalUnitCount":0},"operatingCapacityMw":14.0,"operatingCapacityMwByTechnology":{"wind":14.0},"plannedCapacityCoverage":{"coveragePercent":0.0,"knownUnitCount":0,"method":"unavailable","totalUnitCount":0},"plannedCapacityMw":0.0,"plannedCapacityMwByTechnology":{},"recordCount":1,"recordIds":["wattlas-record-osm-relation-10214952"],"sourceIds":["openstreetmap-power"],"technologies":["wind"],"technologyMixMw":{"wind":14.0},"unitCount":0,"unitIds":[]},"type":"Feature"},{"geometry":{"coordinates":[19.11015,54.249637],"type":"Point"},"id":"wattlas-plant-osm-relation-10220026","properties":{"aliases":["Farma Wiatrowa Nowotna"],"canonicalAnchor":"osm:relation/10220026","canonicalCountryKey":"PL","capacityMw":40.0,"country":"PL","externalIds":{"osm":"relation/10220026"},"geographyId":"PL-17162690B77437931625010","id":"wattlas-plant-osm-relation-10220026","lifecycleCounts":{"operational":1},"locationPrecision":"exact","name":"Farma Wiatrowa Nowotna","operatingCapacityCoverage":{"coveragePercent":100.0,"knownUnitCount":0,"method":"plant_aggregate","provenance":{"evidenceCount":0,"recordIds":["wattlas-record-osm-relation-10220026"],"sourceIds":["openstreetmap-power"],"sourceTypes":["community_mapped"],"valueKind":"reported"},"totalUnitCount":0},"operatingCapacityMw":40.0,"operatingCapacityMwByTechnology":{"wind":40.0},"plannedCapacityCoverage":{"coveragePercent":0.0,"knownUnitCount":0,"method":"unavailable","totalUnitCount":0},"plannedCapacityMw":0.0,"plannedCapacityMwByTechnology":{},"recordCount":1,"recordIds":["wattlas-record-osm-relation-10220026"],"sourceIds":["openstreetmap-power"],"technologies":["wind"],"technologyMixMw":{"wind":40.0},"unitCount":0,"unitIds":[]},"type":"Feature"},{"geometry":{"coordinates":[15.774734,54.146765],"type":"Point"},"id":"wattlas-plant-osm-relation-10221832","properties":{"aliases":["Farma Wiatrowa Kukinia"],"canonicalAnchor":"osm:relation/10221832","canonicalCountryKey":"PL","capacityMw":59.8,"country":"PL","externalIds":{"osm":"relation/10221832"},"geographyId":"PL-17162690B34878575347312","id":"wattlas-plant-osm-relation-10221832","lifecycleCounts":{"operational":1},"locationPrecision":"exact","name":"Farma Wiatrowa Kukinia","operatingCapacityCoverage":{"coveragePercent":100.0,"knownUnitCount":0,"method":"plant_aggregate","provenance":{"evidenceCount":0,"recordIds":["wattlas-record-osm-relation-10221832"],"sourceIds":["openstreetmap-power"],"sourceTypes":["community_mapped"],"valueKind":"reported"},"totalUnitCount":0},"operatingCapacityMw":59.8,"operatingCapacityMwByTechnology":{"wind":59.8},"plannedCapacityCoverage":{"coveragePercent":0.0,"knownUnitCount":0,"method":"unavailable","totalUnitCount":0},"plannedCapacityMw":0.0,"plannedCapacityMwByTechnology":{},"recordCount":1,"recordIds":["wattlas-record-osm-relation-10221832"],"sourceIds":["openstreetmap-power"],"technologies":["wind"],"technologyMixMw":{"wind":59.8},"unitCount":0,"unitIds":[]},"type":"Feature"},{"geometry":{"coordinates":[15.838375,54.186816],"type":"Point"},"id":"wattlas-plant-osm-relation-10221981","properties":{"aliases":["Farma Wiatrowa Tymień"],"canonicalAnchor":"osm:relation/10221981","canonicalCountryKey":"PL","capacityMw":48.0,"country":"PL","externalIds":{"osm":"relation/10221981"},"geographyId":"PL-17162690B34878575347312","id":"wattlas-plant-osm-relation-10221981","lifecycleCounts":{"operational":1},"locationPrecision":"exact","name":"Farma Wiatrowa Tymień","operatingCapacityCoverage":{"coveragePercent":100.0,"knownUnitCount":0,"method":"plant_aggregate","provenance":{"evidenceCount":0,"recordIds":["wattlas-record-osm-relation-10221981"],"sourceIds":["openstreetmap-power"],"sourceTypes":["community_mapped"],"valueKind":"reported"},"totalUnitCount":0},"operatingCapacityMw":48.0,"operatingCapacityMwByTechnology":{"wind":48.0},"plannedCapacityCoverage":{"coveragePercent":0.0,"knownUnitCount":0,"method":"unavailable","totalUnitCount":0},"plannedCapacityMw":0.0,"plannedCapacityMwByTechnology":{},"recordCount":1,"recordIds":["wattlas-record-osm-relation-10221981"],"sourceIds":["openstreetmap-power"],"technologies":["wind"],"technologyMixMw":{"wind":48.0},"unitCount":0,"unitIds":[]},"type":"Feature"},{"geometry":{"coordinates":[15.671601,53.99603],"type":"Point"},"id":"wattlas-plant-osm-relation-10222012","properties":{"aliases":["Farma Wiatrowa Wartkowo"],"canonicalAnchor":"osm:relation/10222012","canonicalCountryKey":"PL","capacityMw":30.0,"country":"PL","externalIds":{"osm":"relation/10222012"},"geographyId":"PL-17162690B34878575347312","id":"wattlas-plant-osm-relation-10222012","lifecycleCounts":{"operational":1},"locationPrecision":"exact","name":"Farma Wiatrowa Wartkowo","operatingCapacityCoverage":{"coveragePercent":100.0,"knownUnitCount":0,"method":"plant_aggregate","provenance":{"evidenceCount":0,"recordIds":["wattlas-record-osm-relation-10222012"],"sourceIds":["openstreetmap-power"],"sourceTypes":["community_mapped"],"valueKind":"reported"},"totalUnitCount":0},"operatingCapacityMw":30.0,"operatingCapacityMwByTechnology":{"wind":30.0},"plannedCapacityCoverage":{"coveragePercent":0.0,"knownUnitCount":0,"method":"unavailable","totalUnitCount":0},"plannedCapacityMw":0.0,"plannedCapacityMwByTechnology":{},"recordCount":1,"recordIds":["wattlas-record-osm-relation-10222012"],"sourceIds":["openstreetmap-power"],"technologies":["wind"],"technologyMixMw":{"wind":30.0},"unitCount":0,"unitIds":[]},"type":"Feature"},{"geometry":{"coordinates":[15.687016,54.108034],"type":"Point"},"id":"wattlas-plant-osm-relation-10223301","properties":{"aliases":["Farma Wiatrowa Bardy"],"canonicalAnchor":"osm:relation/10223301","canonicalCountryKey":"PL","capacityMw":50.0,"country":"PL","externalIds":{"osm":"relation/10223301"},"geographyId":"PL-17162690B34878575347312","id":"wattlas-plant-osm-relation-10223301","lifecycleCounts":{"operational":1},"locationPrecision":"exact","name":"Farma Wiatrowa Bardy","operatingCapacityCoverage":{"coveragePercent":100.0,"knownUnitCount":0,"method":"plant_aggregate","provenance":{"evidenceCount":0,"recordIds":["wattlas-record-osm-relation-10223301"],"sourceIds":["openstreetmap-power"],"sourceTypes":["community_mapped"],"valueKind":"reported"},"totalUnitCount":0},"operatingCapacityMw":50.0,"operatingCapacityMwByTechnology":{"wind":50.0},"plannedCapacityCoverage":{"coveragePercent":0.0,"knownUnitCount":0,"method":"unavailable","totalUnitCount":0},"plannedCapacityMw":0.0,"plannedCapacityMwByTechnology":{},"recordCount":1,"recordIds":["wattlas-record-osm-relation-10223301"],"sourceIds":["openstreetmap-power"],"technologies":["wind"],"technologyMixMw":{"wind":50.0},"unitCount":0,"unitIds":[]},"type":"Feature"},{"geometry":{"coordinates":[14.525429,52.824157],"type":"Point"},"id":"wattlas-plant-osm-relation-10265684","properties":{"aliases":["Farma Wiatrowa Kamionka"],"canonicalAnchor":"osm:relation/10265684","canonicalCountryKey":"PL","capacityMw":30.0,"country":"PL","externalIds":{"osm":"relation/10265684"},"geographyId":"PL-17162690B34878575347312","id":"wattlas-plant-osm-relation-10265684","lifecycleCounts":{"operational":1},"locationPrecision":"exact","name":"Farma Wiatrowa Kamionka","operatingCapacityCoverage":{"coveragePercent":100.0,"knownUnitCount":0,"method":"plant_aggregate","provenance":{"evidenceCount":0,"recordIds":["wattlas-record-osm-relation-10265684"],"sourceIds":["openstreetmap-power"],"sourceTypes":["community_mapped"],"valueKind":"reported"},"totalUnitCount":0},"operatingCapacityMw":30.0,"operatingCapacityMwByTechnology":{"wind":30.0},"plannedCapacityCoverage":{"coveragePercent":0.0,"knownUnitCount":0,"method":"unavailable","totalUnitCount":0},"plannedCapacityMw":0.0,"plannedCapacityMwByTechnology":{},"recordCount":1,"recordIds":["wattlas-record-osm-relation-10265684"],"sourceIds":["openstreetmap-power"],"technologies":["wind"],"technologyMixMw":{"wind":30.0},"unitCount":0,"unitIds":[]},"type":"Feature"},{"geometry":{"coordinates":[14.600898,52.736842],"type":"Point"},"id":"wattlas-plant-osm-relation-10265737","properties":{"aliases":["Farma Wiatrowa Wysoka"],"canonicalAnchor":"osm:relation/10265737","canonicalCountryKey":"PL","capacityMw":55.0,"country":"PL","externalIds":{"osm":"relation/10265737"},"geographyId":"PL-17162690B34878575347312","id":"wattlas-plant-osm-relation-10265737","lifecycleCounts":{"operational":1},"locationPrecision":"exact","name":"Farma Wiatrowa Wysoka","operatingCapacityCoverage":{"coveragePercent":100.0,"knownUnitCount":0,"method":"plant_aggregate","provenance":{"evidenceCount":0,"recordIds":["wattlas-record-osm-relation-10265737"],"sourceIds":["openstreetmap-power"],"sourceTypes":["community_mapped"],"valueKind":"reported"},"totalUnitCount":0},"operatingCapacityMw":55.0,"operatingCapacityMwByTechnology":{"wind":55.0},"plannedCapacityCoverage":{"coveragePercent":0.0,"knownUnitCount":0,"method":"unavailable","totalUnitCount":0},"plannedCapacityMw":0.0,"plannedCapacityMwByTechnology":{},"recordCount":1,"recordIds":["wattlas-record-osm-relation-10265737"],"sourceIds":["openstreetmap-power"],"technologies":["wind"],"technologyMixMw":{"wind":55.0},"unitCount":0,"unitIds":[]},"type":"Feature"},{"geometry":{"coordinates":[14.798603,53.118388],"type":"Point"},"id":"wattlas-plant-osm-relation-10291223","properties":{"aliases":["Farma Wiatrowa Banie-Kozielice"],"canonicalAnchor":"osm:relation/10291223","canonicalCountryKey":"PL","capacityMw":106.0,"country":"PL","externalIds":{"osm":"relation/10291223"},"geographyId":"PL-17162690B34878575347312","id":"wattlas-plant-osm-relation-10291223","lifecycleCounts":{"operational":1},"locationPrecision":"exact","name":"Farma Wiatrowa Banie-Kozielice","operatingCapacityCoverage":{"coveragePercent":100.0,"knownUnitCount":0,"method":"plant_aggregate","provenance":{"evidenceCount":0,"recordIds":["wattlas-record-osm-relation-10291223"],"sourceIds":["openstreetmap-power"],"sourceTypes":["community_mapped"],"valueKind":"reported"},"totalUnitCount":0},"operatingCapacityMw":106.0,"operatingCapacityMwByTechnology":{"wind":106.0},"plannedCapacityCoverage":{"coveragePercent":0.0,"knownUnitCount":0,"method":"unavailable","totalUnitCount":0},"plannedCapacityMw":0.0,"plannedCapacityMwByTechnology":{},"recordCount":1,"recordIds":["wattlas-record-osm-relation-10291223"],"sourceIds":["openstreetmap-power"],"technologies":["wind"],"technologyMixMw":{"wind":106.0},"unitCount":0,"unitIds":[]},"type":"Feature"},{"geometry":{"coordinates":[14.69264,53.226628],"type":"Point"},"id":"wattlas-plant-osm-relation-10291309","properties":{"aliases":["Farma Wiatrowa Parsówek"],"canonicalAnchor":"osm:relation/10291309","canonicalCountryKey":"PL","capacityMw":26.0,"country":"PL","externalIds":{"osm":"relation/10291309"},"geographyId":"PL-17162690B34878575347312","id":"wattlas-plant-osm-relation-10291309","lifecycleCounts":{"operational":1},"locationPrecision":"exact","name":"Farma Wiatrowa Parsówek","operatingCapacityCoverage":{"coveragePercent":100.0,"knownUnitCount":0,"method":"plant_aggregate","provenance":{"evidenceCount":0,"recordIds":["wattlas-record-osm-relation-10291309"],"sourceIds":["openstreetmap-power"],"sourceTypes":["community_mapped"],"valueKind":"reported"},"totalUnitCount":0},"operatingCapacityMw":26.0,"operatingCapacityMwByTechnology":{"wind":26.0},"plannedCapacityCoverage":{"coveragePercent":0.0,"knownUnitCount":0,"method":"unavailable","totalUnitCount":0},"plannedCapacityMw":0.0,"plannedCapacityMwByTechnology":{},"recordCount":1,"recordIds":["wattlas-record-osm-relation-10291309"],"sourceIds":["openstreetmap-power"],"technologies":["wind"],"technologyMixMw":{"wind":26.0},"unitCount":0,"unitIds":[]},"type":"Feature"},{"geometry":{"coordinates":[18.01994,54.698847],"type":"Point"},"id":"wattlas-plant-osm-relation-10298583","properties":{"aliases":["Farma Wiatrowa Lisewo"],"canonicalAnchor":"osm:relation/10298583","canonicalCountryKey":"PL","capacityMw":16.8,"country":"PL","externalIds":{"osm":"relation/10298583"},"geographyId":"PL-17162690B77437931625010","id":"wattlas-plant-osm-relation-10298583","lifecycleCounts":{"operational":1},"locationPrecision":"exact","name":"Farma Wiatrowa Lisewo","operatingCapacityCoverage":{"coveragePercent":100.0,"knownUnitCount":0,"method":"plant_aggregate","provenance":{"evidenceCount":0,"recordIds":["wattlas-record-osm-relation-10298583"],"sourceIds":["openstreetmap-power"],"sourceTypes":["community_mapped"],"valueKind":"reported"},"totalUnitCount":0},"operatingCapacityMw":16.8,"operatingCapacityMwByTechnology":{"wind":16.8},"plannedCapacityCoverage":{"coveragePercent":0.0,"knownUnitCount":0,"method":"unavailable","totalUnitCount":0},"plannedCapacityMw":0.0,"plannedCapacityMwByTechnology":{},"recordCount":1,"recordIds":["wattlas-record-osm-relation-10298583"],"sourceIds":["openstreetmap-power"],"technologies":["wind"],"technologyMixMw":{"wind":16.8},"unitCount":0,"unitIds":[]},"type":"Feature"},{"geometry":{"coordinates":[21.188756,54.128997],"type":"Point"},"id":"wattlas-plant-osm-relation-10324725","properties":{"aliases":["Farma Wiatrowa Korsze I, II"],"canonicalAnchor":"osm:relation/10324725","canonicalCountryKey":"PL","capacityMw":70.0,"country":"PL","externalIds":{"osm":"relation/10324725"},"geographyId":"PL-17162690B18723007704312","id":"wattlas-plant-osm-relation-10324725","lifecycleCounts":{"operational":1},"locationPrecision":"exact","name":"Farma Wiatrowa Korsze I, II","operatingCapacityCoverage":{"coveragePercent":100.0,"knownUnitCount":0,"method":"plant_aggregate","provenance":{"evidenceCount":0,"recordIds":["wattlas-record-osm-relation-10324725"],"sourceIds":["openstreetmap-power"],"sourceTypes":["community_mapped"],"valueKind":"reported"},"totalUnitCount":0},"operatingCapacityMw":70.0,"operatingCapacityMwByTechnology":{"wind":70.0},"plannedCapacityCoverage":{"coveragePercent":0.0,"knownUnitCount":0,"method":"unavailable","totalUnitCount":0},"plannedCapacityMw":0.0,"plannedCapacityMwByTechnology":{},"recordCount":1,"recordIds":["wattlas-record-osm-relation-10324725"],"sourceIds":["openstreetmap-power"],"technologies":["wind"],"technologyMixMw":{"wind":70.0},"unitCount":0,"unitIds":[]},"type":"Feature"},{"geometry":{"coordinates":[14.839634,53.303114],"type":"Point"},"id":"wattlas-plant-osm-relation-10467886","properties":{"aliases":["Farma Fotowoltaiczna ZPW \"Miedwie\""],"canonicalAnchor":"osm:relation/10467886","canonicalCountryKey":"PL","capacityMw":0.0,"country":"PL","externalIds":{"osm":"relation/10467886"},"geographyId":"PL-17162690B34878575347312","id":"wattlas-plant-osm-relation-10467886","lifecycleCounts":{"operational":1},"locationPrecision":"exact","name":"Farma Fotowoltaiczna ZPW \"Miedwie\"","operatingCapacityCoverage":{"coveragePercent":0.0,"knownUnitCount":0,"method":"unavailable","totalUnitCount":0},"operatingCapacityMw":0.0,"operatingCapacityMwByTechnology":{},"plannedCapacityCoverage":{"coveragePercent":0.0,"knownUnitCount":0,"method":"unavailable","totalUnitCount":0},"plannedCapacityMw":0.0,"plannedCapacityMwByTechnology":{},"recordCount":1,"recordIds":["wattlas-record-osm-relation-10467886"],"sourceIds":["openstreetmap-power"],"technologies":["solar"],"technologyMixMw":{"solar":0.0},"unitCount":0,"unitIds":[]},"type":"Feature"},{"geometry":{"coordinates":[15.042759,52.756787],"type":"Point"},"id":"wattlas-plant-osm-relation-10478690","properties":{"aliases":["Farma Wiatrowa Baczyna"],"canonicalAnchor":"osm:relation/10478690","canonicalCountryKey":"PL","capacityMw":0.0,"country":"PL","externalIds":{"osm":"relation/10478690"},"geographyId":"PL-17162690B87710404837799","id":"wattlas-plant-osm-relation-10478690","lifecycleCounts":{"operational":1},"locationPrecision":"exact","name":"Farma Wiatrowa Baczyna","operatingCapacityCoverage":{"coveragePercent":0.0,"knownUnitCount":0,"method":"unavailable","totalUnitCount":0},"operatingCapacityMw":0.0,"operatingCapacityMwByTechnology":{},"plannedCapacityCoverage":{"coveragePercent":0.0,"knownUnitCount":0,"method":"unavailable","totalUnitCount":0},"plannedCapacityMw":0.0,"plannedCapacityMwByTechnology":{},"recordCount":1,"recordIds":["wattlas-record-osm-relation-10478690"],"sourceIds":["openstreetmap-power"],"technologies":["wind"],"technologyMixMw":{"wind":0.0},"unitCount":0,"unitIds":[]},"type":"Feature"},{"geometry":{"coordinates":[15.896426,51.179272],"type":"Point"},"id":"wattlas-plant-osm-relation-10784620","properties":{"aliases":["Farma Wiatrowa Łukaszów"],"canonicalAnchor":"osm:relation/10784620","canonicalCountryKey":"PL","capacityMw":34.0,"country":"PL","externalIds":{"osm":"relation/10784620"},"geographyId":"PL-17162690B9130125042960","id":"wattlas-plant-osm-relation-10784620","lifecycleCounts":{"operational":1},"locationPrecision":"exact","name":"Farma Wiatrowa Łukaszów","operatingCapacityCoverage":{"coveragePercent":100.0,"knownUnitCount":0,"method":"plant_aggregate","provenance":{"evidenceCount":0,"recordIds":["wattlas-record-osm-relation-10784620"],"sourceIds":["openstreetmap-power"],"sourceTypes":["community_mapped"],"valueKind":"reported"},"totalUnitCount":0},"operatingCapacityMw":34.0,"operatingCapacityMwByTechnology":{"wind":34.0},"plannedCapacityCoverage":{"coveragePercent":0.0,"knownUnitCount":0,"method":"unavailable","totalUnitCount":0},"plannedCapacityMw":0.0,"plannedCapacityMwByTechnology":{},"recordCount":1,"recordIds":["wattlas-record-osm-relation-10784620"],"sourceIds":["openstreetmap-power"],"technologies":["wind"],"technologyMixMw":{"wind":34.0},"unitCount":0,"unitIds":[]},"type":"Feature"},{"geometry":{"coordinates":[15.880005,51.216525],"type":"Point"},"id":"wattlas-plant-osm-relation-10784621","properties":{"aliases":["Farma Wiatrowa Modlikowice"],"canonicalAnchor":"osm:relation/10784621","canonicalCountryKey":"PL","capacityMw":24.0,"country":"PL","externalIds":{"osm":"relation/10784621"},"geographyId":"PL-17162690B9130125042960","id":"wattlas-plant-osm-relation-10784621","lifecycleCounts":{"operational":1},"locationPrecision":"exact","name":"Farma Wiatrowa Modlikowice","operatingCapacityCoverage":{"coveragePercent":100.0,"knownUnitCount":0,"method":"plant_aggregate","provenance":{"evidenceCount":0,"recordIds":["wattlas-record-osm-relation-10784621"],"sourceIds":["openstreetmap-power"],"sourceTypes":["community_mapped"],"valueKind":"reported"},"totalUnitCount":0},"operatingCapacityMw":24.0,"operatingCapacityMwByTechnology":{"wind":24.0},"plannedCapacityCoverage":{"coveragePercent":0.0,"knownUnitCount":0,"method":"unavailable","totalUnitCount":0},"plannedCapacityMw":0.0,"plannedCapacityMwByTechnology":{},"recordCount":1,"recordIds":["wattlas-record-osm-relation-10784621"],"sourceIds":["openstreetmap-power"],"technologies":["wind"],"technologyMixMw":{"wind":24.0},"unitCount":0,"unitIds":[]},"type":"Feature"},{"geometry":{"coordinates":[16.290254,51.156894],"type":"Point"},"id":"wattlas-plant-osm-relation-10939725","properties":{"aliases":["Farma Wiatrowa Taczalin"],"canonicalAnchor":"osm:relation/10939725","canonicalCountryKey":"PL","capacityMw":45.0,"country":"PL","externalIds":{"osm":"relation/10939725"},"geographyId":"PL-17162690B9130125042960","id":"wattlas-plant-osm-relation-10939725","lifecycleCounts":{"operational":1},"locationPrecision":"exact","name":"Farma Wiatrowa Taczalin","operatingCapacityCoverage":{"coveragePercent":100.0,"knownUnitCount":0,"method":"plant_aggregate","provenance":{"evidenceCount":0,"recordIds":["wattlas-record-osm-relation-10939725"],"sourceIds":["openstreetmap-power"],"sourceTypes":["community_mapped"],"valueKind":"reported"},"totalUnitCount":0},"operatingCapacityMw":45.0,"operatingCapacityMwByTechnology":{"wind":45.0},"plannedCapacityCoverage":{"coveragePercent":0.0,"knownUnitCount":0,"method":"unavailable","totalUnitCount":0},"plannedCapacityMw":0.0,"plannedCapacityMwByTechnology":{},"recordCount":1,"recordIds":["wattlas-record-osm-relation-10939725"],"sourceIds":["openstreetmap-power"],"technologies":["wind"],"technologyMixMw":{"wind":45.0},"unitCount":0,"unitIds":[]},"type":"Feature"},{"geometry":{"coordinates":[23.30214,52.705712],"type":"Point"},"id":"wattlas-plant-osm-relation-11114549","properties":{"aliases":["FW Orle"],"canonicalAnchor":"osm:relation/11114549","canonicalCountryKey":"PL","capacityMw":0.0,"country":"PL","externalIds":{"osm":"relation/11114549"},"geographyId":"PL-17162690B23777949290372","id":"wattlas-plant-osm-relation-11114549","lifecycleCounts":{"operational":1},"locationPrecision":"exact","name":"FW Orle","operatingCapacityCoverage":{"coveragePercent":0.0,"knownUnitCount":0,"method":"unavailable","totalUnitCount":0},"operatingCapacityMw":0.0,"operatingCapacityMwByTechnology":{},"plannedCapacityCoverage":{"coveragePercent":0.0,"knownUnitCount":0,"method":"unavailable","totalUnitCount":0},"plannedCapacityMw":0.0,"plannedCapacityMwByTechnology":{},"recordCount":1,"recordIds":["wattlas-record-osm-relation-11114549"],"sourceIds":["openstreetmap-power"],"technologies":["wind"],"technologyMixMw":{"wind":0.0},"unitCount":0,"unitIds":[]},"type":"Feature"},{"geometry":{"coordinates":[19.328763,52.660585],"type":"Point"},"id":"wattlas-plant-osm-relation-11160646","properties":{"aliases":["Farma Wiatrowa Dobrzyń"],"canonicalAnchor":"osm:relation/11160646","canonicalCountryKey":"PL","capacityMw":34.0,"country":"PL","externalIds":{"osm":"relation/11160646"},"geographyId":"PL-17162690B37876665907262","id":"wattlas-plant-osm-relation-11160646","lifecycleCounts":{"operational":1},"locationPrecision":"exact","name":"Farma Wiatrowa Dobrzyń","operatingCapacityCoverage":{"coveragePercent":100.0,"knownUnitCount":0,"method":"plant_aggregate","provenance":{"evidenceCount":0,"recordIds":["wattlas-record-osm-relation-11160646"],"sourceIds":["openstreetmap-power"],"sourceTypes":["community_mapped"],"valueKind":"reported"},"totalUnitCount":0},"operatingCapacityMw":34.0,"operatingCapacityMwByTechnology":{"wind":34.0},"plannedCapacityCoverage":{"coveragePercent":0.0,"knownUnitCount":0,"method":"unavailable","totalUnitCount":0},"plannedCapacityMw":0.0,"plannedCapacityMwByTechnology":{},"recordCount":1,"recordIds":["wattlas-record-osm-relation-11160646"],"sourceIds":["openstreetmap-power"],"technologies":["wind"],"technologyMixMw":{"wind":34.0},"unitCount":0,"unitIds":[]},"type":"Feature"},{"geometry":{"coordinates":[14.921435,54.017788],"type":"Point"},"id":"wattlas-plant-osm-relation-11240948","properties":{"aliases":["Farma wiatrowa Rybice"],"canonicalAnchor":"osm:relation/11240948","canonicalCountryKey":"PL","capacityMw":22.0,"country":"PL","externalIds":{"osm":"relation/11240948"},"geographyId":"PL-17162690B34878575347312","id":"wattlas-plant-osm-relation-11240948","lifecycleCounts":{"operational":1},"locationPrecision":"exact","name":"Farma wiatrowa Rybice","operatingCapacityCoverage":{"coveragePercent":100.0,"knownUnitCount":0,"method":"plant_aggregate","provenance":{"evidenceCount":0,"recordIds":["wattlas-record-osm-relation-11240948"],"sourceIds":["openstreetmap-power"],"sourceTypes":["community_mapped"],"valueKind":"reported"},"totalUnitCount":0},"operatingCapacityMw":22.0,"operatingCapacityMwByTechnology":{"wind":22.0},"plannedCapacityCoverage":{"coveragePercent":0.0,"knownUnitCount":0,"method":"unavailable","totalUnitCount":0},"plannedCapacityMw":0.0,"plannedCapacityMwByTechnology":{},"recordCount":1,"recordIds":["wattlas-record-osm-relation-11240948"],"sourceIds":["openstreetmap-power"],"technologies":["wind"],"technologyMixMw":{"wind":22.0},"unitCount":0,"unitIds":[]},"type":"Feature"},{"geometry":{"coordinates":[15.125176,54.033219],"type":"Point"},"id":"wattlas-plant-osm-relation-11240949","properties":{"aliases":["Farma wiatrowa Karnice II"],"canonicalAnchor":"osm:relation/11240949","canonicalCountryKey":"PL","capacityMw":22.6,"country":"PL","externalIds":{"osm":"relation/11240949"},"geographyId":"PL-17162690B34878575347312","id":"wattlas-plant-osm-relation-11240949","lifecycleCounts":{"operational":1},"locationPrecision":"exact","name":"Farma wiatrowa Karnice II","operatingCapacityCoverage":{"coveragePercent":100.0,"knownUnitCount":0,"method":"plant_aggregate","provenance":{"evidenceCount":0,"recordIds":["wattlas-record-osm-relation-11240949"],"sourceIds":["openstreetmap-power"],"sourceTypes":["community_mapped"],"valueKind":"reported"},"totalUnitCount":0},"operatingCapacityMw":22.6,"operatingCapacityMwByTechnology":{"wind":22.6},"plannedCapacityCoverage":{"coveragePercent":0.0,"knownUnitCount":0,"method":"unavailable","totalUnitCount":0},"plannedCapacityMw":0.0,"plannedCapacityMwByTechnology":{},"recordCount":1,"recordIds":["wattlas-record-osm-relation-11240949"],"sourceIds":["openstreetmap-power"],"technologies":["wind"],"technologyMixMw":{"wind":22.6},"unitCount":0,"unitIds":[]},"type":"Feature"},{"geometry":{"coordinates":[15.012065,53.939558],"type":"Point"},"id":"wattlas-plant-osm-relation-11240950","properties":{"aliases":["Farma wiatrowa Starza"],"canonicalAnchor":"osm:relation/11240950","canonicalCountryKey":"PL","capacityMw":44.0,"country":"PL","externalIds":{"osm":"relation/11240950"},"geographyId":"PL-17162690B34878575347312","id":"wattlas-plant-osm-relation-11240950","lifecycleCounts":{"operational":1},"locationPrecision":"exact","name":"Farma wiatrowa Starza","operatingCapacityCoverage":{"coveragePercent":100.0,"knownUnitCount":0,"method":"plant_aggregate","provenance":{"evidenceCount":0,"recordIds":["wattlas-record-osm-relation-11240950"],"sourceIds":["openstreetmap-power"],"sourceTypes":["community_mapped"],"valueKind":"reported"},"totalUnitCount":0},"operatingCapacityMw":44.0,"operatingCapacityMwByTechnology":{"wind":44.0},"plannedCapacityCoverage":{"coveragePercent":0.0,"knownUnitCount":0,"method":"unavailable","totalUnitCount":0},"plannedCapacityMw":0.0,"plannedCapacityMwByTechnology":{},"recordCount":1,"recordIds":["wattlas-record-osm-relation-11240950"],"sourceIds":["openstreetmap-power"],"technologies":["wind"],"technologyMixMw":{"wind":44.0},"unitCount":0,"unitIds":[]},"type":"Feature"},{"geometry":{"coordinates":[15.689744,53.70677],"type":"Point"},"id":"wattlas-plant-osm-relation-11272429","properties":{"aliases":["Farma wiatrowa Resko II"],"canonicalAnchor":"osm:relation/11272429","canonicalCountryKey":"PL","capacityMw":78.0,"country":"PL","externalIds":{"osm":"relation/11272429"},"geographyId":"PL-17162690B34878575347312","id":"wattlas-plant-osm-relation-11272429","lifecycleCounts":{"operational":1},"locationPrecision":"exact","name":"Farma wiatrowa Resko II","operatingCapacityCoverage":{"coveragePercent":100.0,"knownUnitCount":0,"method":"plant_aggregate","provenance":{"evidenceCount":0,"recordIds":["wattlas-record-osm-relation-11272429"],"sourceIds":["openstreetmap-power"],"sourceTypes":["community_mapped"],"valueKind":"reported"},"totalUnitCount":0},"operatingCapacityMw":78.0,"operatingCapacityMwByTechnology":{"wind":78.0},"plannedCapacityCoverage":{"coveragePercent":0.0,"knownUnitCount":0,"method":"unavailable","totalUnitCount":0},"plannedCapacityMw":0.0,"plannedCapacityMwByTechnology":{},"recordCount":1,"recordIds":["wattlas-record-osm-relation-11272429"],"sourceIds":["openstreetmap-power"],"technologies":["wind"],"technologyMixMw":{"wind":78.0},"unitCount":0,"unitIds":[]},"type":"Feature"},{"geometry":{"coordinates":[15.778367,53.558046],"type":"Point"},"id":"wattlas-plant-osm-relation-11274621","properties":{"aliases":["Farma wiatrowa Drawsko"],"canonicalAnchor":"osm:relation/11274621","canonicalCountryKey":"PL","capacityMw":10.0,"country":"PL","externalIds":{"osm":"relation/11274621"},"geographyId":"PL-17162690B34878575347312","id":"wattlas-plant-osm-relation-11274621","lifecycleCounts":{"operational":1},"locationPrecision":"exact","name":"Farma wiatrowa Drawsko","operatingCapacityCoverage":{"coveragePercent":100.0,"knownUnitCount":0,"method":"plant_aggregate","provenance":{"evidenceCount":0,"recordIds":["wattlas-record-osm-relation-11274621"],"sourceIds":["openstreetmap-power"],"sourceTypes":["community_mapped"],"valueKind":"reported"},"totalUnitCount":0},"operatingCapacityMw":10.0,"operatingCapacityMwByTechnology":{"wind":10.0},"plannedCapacityCoverage":{"coveragePercent":0.0,"knownUnitCount":0,"method":"unavailable","totalUnitCount":0},"plannedCapacityMw":0.0,"plannedCapacityMwByTechnology":{},"recordCount":1,"recordIds":["wattlas-record-osm-relation-11274621"],"sourceIds":["openstreetmap-power"],"technologies":["wind"],"technologyMixMw":{"wind":10.0},"unitCount":0,"unitIds":[]},"type":"Feature"},{"geometry":{"coordinates":[15.416327,54.114641],"type":"Point"},"id":"wattlas-plant-osm-relation-11274727","properties":{"aliases":["Farma wiatrowa Karcino"],"canonicalAnchor":"osm:relation/11274727","canonicalCountryKey":"PL","capacityMw":51.0,"country":"PL","externalIds":{"osm":"relation/11274727"},"geographyId":"PL-17162690B34878575347312","id":"wattlas-plant-osm-relation-11274727","lifecycleCounts":{"operational":1},"locationPrecision":"exact","name":"Farma wiatrowa Karcino","operatingCapacityCoverage":{"coveragePercent":100.0,"knownUnitCount":0,"method":"plant_aggregate","provenance":{"evidenceCount":0,"recordIds":["wattlas-record-osm-relation-11274727"],"sourceIds":["openstreetmap-power"],"sourceTypes":["community_mapped"],"valueKind":"reported"},"totalUnitCount":0},"operatingCapacityMw":51.0,"operatingCapacityMwByTechnology":{"wind":51.0},"plannedCapacityCoverage":{"coveragePercent":0.0,"knownUnitCount":0,"method":"unavailable","totalUnitCount":0},"plannedCapacityMw":0.0,"plannedCapacityMwByTechnology":{},"recordCount":1,"recordIds":["wattlas-record-osm-relation-11274727"],"sourceIds":["openstreetmap-power"],"technologies":["wind"],"technologyMixMw":{"wind":51.0},"unitCount":0,"unitIds":[]},"type":"Feature"},{"geometry":{"coordinates":[15.438785,53.117619],"type":"Point"},"id":"wattlas-plant-osm-relation-11278740","properties":{"aliases":["Zespół Elektrowni Wiatrowych Żeńsko"],"canonicalAnchor":"osm:relation/11278740","canonicalCountryKey":"PL","capacityMw":7.5,"country":"PL","externalIds":{"osm":"relation/11278740"},"geographyId":"PL-17162690B34878575347312","id":"wattlas-plant-osm-relation-11278740","lifecycleCounts":{"operational":1},"locationPrecision":"exact","name":"Zespół Elektrowni Wiatrowych Żeńsko","operatingCapacityCoverage":{"coveragePercent":100.0,"knownUnitCount":0,"method":"plant_aggregate","provenance":{"evidenceCount":0,"recordIds":["wattlas-record-osm-relation-11278740"],"sourceIds":["openstreetmap-power"],"sourceTypes":["community_mapped"],"valueKind":"reported"},"totalUnitCount":0},"operatingCapacityMw":7.5,"operatingCapacityMwByTechnology":{"wind":7.5},"plannedCapacityCoverage":{"coveragePercent":0.0,"knownUnitCount":0,"method":"unavailable","totalUnitCount":0},"plannedCapacityMw":0.0,"plannedCapacityMwByTechnology":{},"recordCount":1,"recordIds":["wattlas-record-osm-relation-11278740"],"sourceIds":["openstreetmap-power"],"technologies":["wind"],"technologyMixMw":{"wind":7.5},"unitCount":0,"unitIds":[]},"type":"Feature"},{"geometry":{"coordinates":[15.497333,53.092055],"type":"Point"},"id":"wattlas-plant-osm-relation-11278741","properties":{"aliases":["Farma wiatrowa Krzęcin"],"canonicalAnchor":"osm:relation/11278741","canonicalCountryKey":"PL","capacityMw":6.0,"country":"PL","externalIds":{"osm":"relation/11278741"},"geographyId":"PL-17162690B34878575347312","id":"wattlas-plant-osm-relation-11278741","lifecycleCounts":{"operational":1},"locationPrecision":"exact","name":"Farma wiatrowa Krzęcin","operatingCapacityCoverage":{"coveragePercent":100.0,"knownUnitCount":0,"method":"plant_aggregate","provenance":{"evidenceCount":0,"recordIds":["wattlas-record-osm-relation-11278741"],"sourceIds":["openstreetmap-power"],"sourceTypes":["community_mapped"],"valueKind":"reported"},"totalUnitCount":0},"operatingCapacityMw":6.0,"operatingCapacityMwByTechnology":{"wind":6.0},"plannedCapacityCoverage":{"coveragePercent":0.0,"knownUnitCount":0,"method":"unavailable","totalUnitCount":0},"plannedCapacityMw":0.0,"plannedCapacityMwByTechnology":{},"recordCount":1,"recordIds":["wattlas-record-osm-relation-11278741"],"sourceIds":["openstreetmap-power"],"technologies":["wind"],"technologyMixMw":{"wind":6.0},"unitCount":0,"unitIds":[]},"type":"Feature"},{"geometry":{"coordinates":[15.445121,53.061886],"type":"Point"},"id":"wattlas-plant-osm-relation-11278742","properties":{"aliases":["Farma wiatrowa Krzęcin"],"canonicalAnchor":"osm:relation/11278742","canonicalCountryKey":"PL","capacityMw":14.0,"country":"PL","externalIds":{"osm":"relation/11278742"},"geographyId":"PL-17162690B34878575347312","id":"wattlas-plant-osm-relation-11278742","lifecycleCounts":{"operational":1},"locationPrecision":"exact","name":"Farma wiatrowa Krzęcin","operatingCapacityCoverage":{"coveragePercent":100.0,"knownUnitCount":0,"method":"plant_aggregate","provenance":{"evidenceCount":0,"recordIds":["wattlas-record-osm-relation-11278742"],"sourceIds":["openstreetmap-power"],"sourceTypes":["community_mapped"],"valueKind":"reported"},"totalUnitCount":0},"operatingCapacityMw":14.0,"operatingCapacityMwByTechnology":{"wind":14.0},"plannedCapacityCoverage":{"coveragePercent":0.0,"knownUnitCount":0,"method":"unavailable","totalUnitCount":0},"plannedCapacityMw":0.0,"plannedCapacityMwByTechnology":{},"recordCount":1,"recordIds":["wattlas-record-osm-relation-11278742"],"sourceIds":["openstreetmap-power"],"technologies":["wind"],"technologyMixMw":{"wind":14.0},"unitCount":0,"unitIds":[]},"type":"Feature"},{"geometry":{"coordinates":[14.851122,52.898364],"type":"Point"},"id":"wattlas-plant-osm-relation-11278766","properties":{"aliases":["Farma wiatrowa Nawrocko"],"canonicalAnchor":"osm:relation/11278766","canonicalCountryKey":"PL","capacityMw":7.2,"country":"PL","externalIds":{"osm":"relation/11278766"},"geographyId":"PL-17162690B34878575347312","id":"wattlas-plant-osm-relation-11278766","lifecycleCounts":{"operational":1},"locationPrecision":"exact","name":"Farma wiatrowa Nawrocko","operatingCapacityCoverage":{"coveragePercent":100.0,"knownUnitCount":0,"method":"plant_aggregate","provenance":{"evidenceCount":0,"recordIds":["wattlas-record-osm-relation-11278766"],"sourceIds":["openstreetmap-power"],"sourceTypes":["community_mapped"],"valueKind":"reported"},"totalUnitCount":0},"operatingCapacityMw":7.2,"operatingCapacityMwByTechnology":{"wind":7.2},"plannedCapacityCoverage":{"coveragePercent":0.0,"knownUnitCount":0,"method":"unavailable","totalUnitCount":0},"plannedCapacityMw":0.0,"plannedCapacityMwByTechnology":{},"recordCount":1,"recordIds":["wattlas-record-osm-relation-11278766"],"sourceIds":["openstreetmap-power"],"technologies":["wind"],"technologyMixMw":{"wind":7.2},"unitCount":0,"unitIds":[]},"type":"Feature"},{"geometry":{"coordinates":[15.264825,53.039729],"type":"Point"},"id":"wattlas-plant-osm-relation-11278804","properties":{"aliases":["Farma wiatrowa Pełczyce"],"canonicalAnchor":"osm:relation/11278804","canonicalCountryKey":"PL","capacityMw":6.0,"country":"PL","externalIds":{"osm":"relation/11278804"},"geographyId":"PL-17162690B34878575347312","id":"wattlas-plant-osm-relation-11278804","lifecycleCounts":{"operational":1},"locationPrecision":"exact","name":"Farma wiatrowa Pełczyce","operatingCapacityCoverage":{"coveragePercent":100.0,"knownUnitCount":0,"method":"plant_aggregate","provenance":{"evidenceCount":0,"recordIds":["wattlas-record-osm-relation-11278804"],"sourceIds":["openstreetmap-power"],"sourceTypes":["community_mapped"],"valueKind":"reported"},"totalUnitCount":0},"operatingCapacityMw":6.0,"operatingCapacityMwByTechnology":{"wind":6.0},"plannedCapacityCoverage":{"coveragePercent":0.0,"knownUnitCount":0,"method":"unavailable","totalUnitCount":0},"plannedCapacityMw":0.0,"plannedCapacityMwByTechnology":{},"recordCount":1,"recordIds":["wattlas-record-osm-relation-11278804"],"sourceIds":["openstreetmap-power"],"technologies":["wind"],"technologyMixMw":{"wind":6.0},"unitCount":0,"unitIds":[]},"type":"Feature"},{"geometry":{"coordinates":[15.243554,53.324378],"type":"Point"},"id":"wattlas-plant-osm-relation-11282064","properties":{"aliases":["Farma wiatrowa Brudzewice"],"canonicalAnchor":"osm:relation/11282064","canonicalCountryKey":"PL","capacityMw":8.0,"country":"PL","externalIds":{"osm":"relation/11282064"},"geographyId":"PL-17162690B34878575347312","id":"wattlas-plant-osm-relation-11282064","lifecycleCounts":{"operational":1},"locationPrecision":"exact","name":"Farma wiatrowa Brudzewice","operatingCapacityCoverage":{"coveragePercent":100.0,"knownUnitCount":0,"method":"plant_aggregate","provenance":{"evidenceCount":0,"recordIds":["wattlas-record-osm-relation-11282064"],"sourceIds":["openstreetmap-power"],"sourceTypes":["community_mapped"],"valueKind":"reported"},"totalUnitCount":0},"operatingCapacityMw":8.0,"operatingCapacityMwByTechnology":{"wind":8.0},"plannedCapacityCoverage":{"coveragePercent":0.0,"knownUnitCount":0,"method":"unavailable","totalUnitCount":0},"plannedCapacityMw":0.0,"plannedCapacityMwByTechnology":{},"recordCount":1,"recordIds":["wattlas-record-osm-relation-11282064"],"sourceIds":["openstreetmap-power"],"technologies":["wind"],"technologyMixMw":{"wind":8.0},"unitCount":0,"unitIds":[]},"type":"Feature"},{"geometry":{"coordinates":[14.673089,52.429327],"type":"Point"},"id":"wattlas-plant-osm-relation-11308907","properties":{"aliases":["Farma wiatrowa Golice"],"canonicalAnchor":"osm:relation/11308907","canonicalCountryKey":"PL","capacityMw":38.0,"country":"PL","externalIds":{"osm":"relation/11308907"},"geographyId":"PL-17162690B87710404837799","id":"wattlas-plant-osm-relation-11308907","lifecycleCounts":{"operational":1},"locationPrecision":"exact","name":"Farma wiatrowa Golice","operatingCapacityCoverage":{"coveragePercent":100.0,"knownUnitCount":0,"method":"plant_aggregate","provenance":{"evidenceCount":0,"recordIds":["wattlas-record-osm-relation-11308907"],"sourceIds":["openstreetmap-power"],"sourceTypes":["community_mapped"],"valueKind":"reported"},"totalUnitCount":0},"operatingCapacityMw":38.0,"operatingCapacityMwByTechnology":{"wind":38.0},"plannedCapacityCoverage":{"coveragePercent":0.0,"knownUnitCount":0,"method":"unavailable","totalUnitCount":0},"plannedCapacityMw":0.0,"plannedCapacityMwByTechnology":{},"recordCount":1,"recordIds":["wattlas-record-osm-relation-11308907"],"sourceIds":["openstreetmap-power"],"technologies":["wind"],"technologyMixMw":{"wind":38.0},"unitCount":0,"unitIds":[]},"type":"Feature"},{"geometry":{"coordinates":[15.228766,54.015393],"type":"Point"},"id":"wattlas-plant-osm-relation-11315647","properties":{"aliases":["Farma wiatrowa Kłodkowo"],"canonicalAnchor":"osm:relation/11315647","canonicalCountryKey":"PL","capacityMw":8.0,"country":"PL","externalIds":{"osm":"relation/11315647"},"geographyId":"PL-17162690B34878575347312","id":"wattlas-plant-osm-relation-11315647","lifecycleCounts":{"operational":1},"locationPrecision":"exact","name":"Farma wiatrowa Kłodkowo","operatingCapacityCoverage":{"coveragePercent":100.0,"knownUnitCount":0,"method":"plant_aggregate","provenance":{"evidenceCount":0,"recordIds":["wattlas-record-osm-relation-11315647"],"sourceIds":["openstreetmap-power"],"sourceTypes":["community_mapped"],"valueKind":"reported"},"totalUnitCount":0},"operatingCapacityMw":8.0,"operatingCapacityMwByTechnology":{"wind":8.0},"plannedCapacityCoverage":{"coveragePercent":0.0,"knownUnitCount":0,"method":"unavailable","totalUnitCount":0},"plannedCapacityMw":0.0,"plannedCapacityMwByTechnology":{},"recordCount":1,"recordIds":["wattlas-record-osm-relation-11315647"],"sourceIds":["openstreetmap-power"],"technologies":["wind"],"technologyMixMw":{"wind":8.0},"unitCount":0,"unitIds":[]},"type":"Feature"},{"geometry":{"coordinates":[16.526237,54.424348],"type":"Point"},"id":"wattlas-plant-osm-relation-11315857","properties":{"aliases":["Farma wiatrowa Krupy I"],"canonicalAnchor":"osm:relation/11315857","canonicalCountryKey":"PL","capacityMw":17.5,"country":"PL","externalIds":{"osm":"relation/11315857"},"geographyId":"PL-17162690B34878575347312","id":"wattlas-plant-osm-relation-11315857","lifecycleCounts":{"operational":1},"locationPrecision":"exact","name":"Farma wiatrowa Krupy I","operatingCapacityCoverage":{"coveragePercent":100.0,"knownUnitCount":0,"method":"plant_aggregate","provenance":{"evidenceCount":0,"recordIds":["wattlas-record-osm-relation-11315857"],"sourceIds":["openstreetmap-power"],"sourceTypes":["community_mapped"],"valueKind":"reported"},"totalUnitCount":0},"operatingCapacityMw":17.5,"operatingCapacityMwByTechnology":{"wind":17.5},"plannedCapacityCoverage":{"coveragePercent":0.0,"knownUnitCount":0,"method":"unavailable","totalUnitCount":0},"plannedCapacityMw":0.0,"plannedCapacityMwByTechnology":{},"recordCount":1,"recordIds":["wattlas-record-osm-relation-11315857"],"sourceIds":["openstreetmap-power"],"technologies":["wind"],"technologyMixMw":{"wind":17.5},"unitCount":0,"unitIds":[]},"type":"Feature"},{"geometry":{"coordinates":[16.505072,54.405452],"type":"Point"},"id":"wattlas-plant-osm-relation-11315858","properties":{"aliases":["Farma wiatrowa Nowy Jarosław"],"canonicalAnchor":"osm:relation/11315858","canonicalCountryKey":"PL","capacityMw":25.0,"country":"PL","externalIds":{"osm":"relation/11315858"},"geographyId":"PL-17162690B34878575347312","id":"wattlas-plant-osm-relation-11315858","lifecycleCounts":{"operational":1},"locationPrecision":"exact","name":"Farma wiatrowa Nowy Jarosław","operatingCapacityCoverage":{"coveragePercent":100.0,"knownUnitCount":0,"method":"plant_aggregate","provenance":{"evidenceCount":0,"recordIds":["wattlas-record-osm-relation-11315858"],"sourceIds":["openstreetmap-power"],"sourceTypes":["community_mapped"],"valueKind":"reported"},"totalUnitCount":0},"operatingCapacityMw":25.0,"operatingCapacityMwByTechnology":{"wind":25.0},"plannedCapacityCoverage":{"coveragePercent":0.0,"knownUnitCount":0,"method":"unavailable","totalUnitCount":0},"plannedCapacityMw":0.0,"plannedCapacityMwByTechnology":{},"recordCount":1,"recordIds":["wattlas-record-osm-relation-11315858"],"sourceIds":["openstreetmap-power"],"technologies":["wind"],"technologyMixMw":{"wind":25.0},"unitCount":0,"unitIds":[]},"type":"Feature"},{"geometry":{"coordinates":[16.555944,54.395304],"type":"Point"},"id":"wattlas-plant-osm-relation-11315859","properties":{"aliases":["Farma wiatrowa Stary Jarosław"],"canonicalAnchor":"osm:relation/11315859","canonicalCountryKey":"PL","capacityMw":22.5,"country":"PL","externalIds":{"osm":"relation/11315859"},"geographyId":"PL-17162690B34878575347312","id":"wattlas-plant-osm-relation-11315859","lifecycleCounts":{"operational":1},"locationPrecision":"exact","name":"Farma wiatrowa Stary Jarosław","operatingCapacityCoverage":{"coveragePercent":100.0,"knownUnitCount":0,"method":"plant_aggregate","provenance":{"evidenceCount":0,"recordIds":["wattlas-record-osm-relation-11315859"],"sourceIds":["openstreetmap-power"],"sourceTypes":["community_mapped"],"valueKind":"reported"},"totalUnitCount":0},"operatingCapacityMw":22.5,"operatingCapacityMwByTechnology":{"wind":22.5},"plannedCapacityCoverage":{"coveragePercent":0.0,"knownUnitCount":0,"method":"unavailable","totalUnitCount":0},"plannedCapacityMw":0.0,"plannedCapacityMwByTechnology":{},"recordCount":1,"recordIds":["wattlas-record-osm-relation-11315859"],"sourceIds":["openstreetmap-power"],"technologies":["wind"],"technologyMixMw":{"wind":22.5},"unitCount":0,"unitIds":[]},"type":"Feature"},{"geometry":{"coordinates":[18.648168,52.021364],"type":"Point"},"id":"wattlas-plant-osm-relation-11571325","properties":{"aliases":["Farma Wiatrowa \"Przykona\""],"canonicalAnchor":"osm:relation/11571325","canonicalCountryKey":"PL","capacityMw":31.0,"country":"PL","externalIds":{"osm":"relation/11571325"},"geographyId":"PL-17162690B71775569625336","id":"wattlas-plant-osm-relation-11571325","lifecycleCounts":{"operational":1},"locationPrecision":"exact","name":"Farma Wiatrowa \"Przykona\"","operatingCapacityCoverage":{"coveragePercent":100.0,"knownUnitCount":0,"method":"plant_aggregate","provenance":{"evidenceCount":0,"recordIds":["wattlas-record-osm-relation-11571325"],"sourceIds":["openstreetmap-power"],"sourceTypes":["community_mapped"],"valueKind":"reported"},"totalUnitCount":0},"operatingCapacityMw":31.0,"operatingCapacityMwByTechnology":{"wind":31.0},"plannedCapacityCoverage":{"coveragePercent":0.0,"knownUnitCount":0,"method":"unavailable","totalUnitCount":0},"plannedCapacityMw":0.0,"plannedCapacityMwByTechnology":{},"recordCount":1,"recordIds":["wattlas-record-osm-relation-11571325"],"sourceIds":["openstreetmap-power"],"technologies":["wind"],"technologyMixMw":{"wind":31.0},"unitCount":0,"unitIds":[]},"type":"Feature"},{"geometry":{"coordinates":[16.79762,54.364364],"type":"Point"},"id":"wattlas-plant-osm-relation-11687746","properties":{"aliases":["Farma Wiatrowa Tychowo"],"canonicalAnchor":"osm:relation/11687746","canonicalCountryKey":"PL","capacityMw":50.0,"country":"PL","externalIds":{"osm":"relation/11687746"},"geographyId":"PL-17162690B34878575347312","id":"wattlas-plant-osm-relation-11687746","lifecycleCounts":{"operational":1},"locationPrecision":"exact","name":"Farma Wiatrowa Tychowo","operatingCapacityCoverage":{"coveragePercent":100.0,"knownUnitCount":0,"method":"plant_aggregate","provenance":{"evidenceCount":0,"recordIds":["wattlas-record-osm-relation-11687746"],"sourceIds":["openstreetmap-power"],"sourceTypes":["community_mapped"],"valueKind":"reported"},"totalUnitCount":0},"operatingCapacityMw":50.0,"operatingCapacityMwByTechnology":{"wind":50.0},"plannedCapacityCoverage":{"coveragePercent":0.0,"knownUnitCount":0,"method":"unavailable","totalUnitCount":0},"plannedCapacityMw":0.0,"plannedCapacityMwByTechnology":{},"recordCount":1,"recordIds":["wattlas-record-osm-relation-11687746"],"sourceIds":["openstreetmap-power"],"technologies":["wind"],"technologyMixMw":{"wind":50.0},"unitCount":0,"unitIds":[]},"type":"Feature"},{"geometry":{"coordinates":[16.605268,54.464818],"type":"Point"},"id":"wattlas-plant-osm-relation-11839026","properties":{"aliases":["Farma Wiatrowa Kanin"],"canonicalAnchor":"osm:relation/11839026","canonicalCountryKey":"PL","capacityMw":20.0,"country":"PL","externalIds":{"osm":"relation/11839026"},"geographyId":"PL-17162690B34878575347312","id":"wattlas-plant-osm-relation-11839026","lifecycleCounts":{"operational":1},"locationPrecision":"exact","name":"Farma Wiatrowa Kanin","operatingCapacityCoverage":{"coveragePercent":100.0,"knownUnitCount":0,"method":"plant_aggregate","provenance":{"evidenceCount":0,"recordIds":["wattlas-record-osm-relation-11839026"],"sourceIds":["openstreetmap-power"],"sourceTypes":["community_mapped"],"valueKind":"reported"},"totalUnitCount":0},"operatingCapacityMw":20.0,"operatingCapacityMwByTechnology":{"wind":20.0},"plannedCapacityCoverage":{"coveragePercent":0.0,"knownUnitCount":0,"method":"unavailable","totalUnitCount":0},"plannedCapacityMw":0.0,"plannedCapacityMwByTechnology":{},"recordCount":1,"recordIds":["wattlas-record-osm-relation-11839026"],"sourceIds":["openstreetmap-power"],"technologies":["wind"],"technologyMixMw":{"wind":20.0},"unitCount":0,"unitIds":[]},"type":"Feature"},{"geometry":{"coordinates":[16.415444,54.353534],"type":"Point"},"id":"wattlas-plant-osm-relation-12363748","properties":{"aliases":["Farma Wiatrowa Jeżyce"],"canonicalAnchor":"osm:relation/12363748","canonicalCountryKey":"PL","capacityMw":27.5,"country":"PL","externalIds":{"osm":"relation/12363748"},"geographyId":"PL-17162690B34878575347312","id":"wattlas-plant-osm-relation-12363748","lifecycleCounts":{"operational":1},"locationPrecision":"exact","name":"Farma Wiatrowa Jeżyce","operatingCapacityCoverage":{"coveragePercent":100.0,"knownUnitCount":0,"method":"plant_aggregate","provenance":{"evidenceCount":0,"recordIds":["wattlas-record-osm-relation-12363748"],"sourceIds":["openstreetmap-power"],"sourceTypes":["community_mapped"],"valueKind":"reported"},"totalUnitCount":0},"operatingCapacityMw":27.5,"operatingCapacityMwByTechnology":{"wind":27.5},"plannedCapacityCoverage":{"coveragePercent":0.0,"knownUnitCount":0,"method":"unavailable","totalUnitCount":0},"plannedCapacityMw":0.0,"plannedCapacityMwByTechnology":{},"recordCount":1,"recordIds":["wattlas-record-osm-relation-12363748"],"sourceIds":["openstreetmap-power"],"technologies":["wind"],"technologyMixMw":{"wind":27.5},"unitCount":0,"unitIds":[]},"type":"Feature"},{"geometry":{"coordinates":[16.424094,54.37994],"type":"Point"},"id":"wattlas-plant-osm-relation-12363749","properties":{"aliases":["Farma Wiatrowa Porzecze"],"canonicalAnchor":"osm:relation/12363749","canonicalCountryKey":"PL","capacityMw":24.0,"country":"PL","externalIds":{"osm":"relation/12363749"},"geographyId":"PL-17162690B34878575347312","id":"wattlas-plant-osm-relation-12363749","lifecycleCounts":{"operational":1},"locationPrecision":"exact","name":"Farma Wiatrowa Porzecze","operatingCapacityCoverage":{"coveragePercent":100.0,"knownUnitCount":0,"method":"plant_aggregate","provenance":{"evidenceCount":0,"recordIds":["wattlas-record-osm-relation-12363749"],"sourceIds":["openstreetmap-power"],"sourceTypes":["community_mapped"],"valueKind":"reported"},"totalUnitCount":0},"operatingCapacityMw":24.0,"operatingCapacityMwByTechnology":{"wind":24.0},"plannedCapacityCoverage":{"coveragePercent":0.0,"knownUnitCount":0,"method":"unavailable","totalUnitCount":0},"plannedCapacityMw":0.0,"plannedCapacityMwByTechnology":{},"recordCount":1,"recordIds":["wattlas-record-osm-relation-12363749"],"sourceIds":["openstreetmap-power"],"technologies":["wind"],"technologyMixMw":{"wind":24.0},"unitCount":0,"unitIds":[]},"type":"Feature"},{"geometry":{"coordinates":[15.954323,51.652058],"type":"Point"},"id":"wattlas-plant-osm-relation-12431379","properties":{"aliases":["Farma Wiatrowa Żukowice"],"canonicalAnchor":"osm:relation/12431379","canonicalCountryKey":"PL","capacityMw":33.0,"country":"PL","externalIds":{"osm":"relation/12431379"},"geographyId":"PL-17162690B9130125042960","id":"wattlas-plant-osm-relation-12431379","lifecycleCounts":{"operational":1},"locationPrecision":"exact","name":"Farma Wiatrowa Żukowice","operatingCapacityCoverage":{"coveragePercent":100.0,"knownUnitCount":0,"method":"plant_aggregate","provenance":{"evidenceCount":0,"recordIds":["wattlas-record-osm-relation-12431379"],"sourceIds":["openstreetmap-power"],"sourceTypes":["community_mapped"],"valueKind":"reported"},"totalUnitCount":0},"operatingCapacityMw":33.0,"operatingCapacityMwByTechnology":{"wind":33.0},"plannedCapacityCoverage":{"coveragePercent":0.0,"knownUnitCount":0,"method":"unavailable","totalUnitCount":0},"plannedCapacityMw":0.0,"plannedCapacityMwByTechnology":{},"recordCount":1,"recordIds":["wattlas-record-osm-relation-12431379"],"sourceIds":["openstreetmap-power"],"technologies":["wind"],"technologyMixMw":{"wind":33.0},"unitCount":0,"unitIds":[]},"type":"Feature"},{"geometry":{"coordinates":[15.660938,51.612228],"type":"Point"},"id":"wattlas-plant-osm-relation-12436553","properties":{"aliases":["Farma wiatrowa Mycielin"],"canonicalAnchor":"osm:relation/12436553","canonicalCountryKey":"PL","capacityMw":46.0,"country":"PL","externalIds":{"osm":"relation/12436553"},"geographyId":"PL-17162690B87710404837799","id":"wattlas-plant-osm-relation-12436553","lifecycleCounts":{"operational":1},"locationPrecision":"exact","name":"Farma wiatrowa Mycielin","operatingCapacityCoverage":{"coveragePercent":100.0,"knownUnitCount":0,"method":"plant_aggregate","provenance":{"evidenceCount":0,"recordIds":["wattlas-record-osm-relation-12436553"],"sourceIds":["openstreetmap-power"],"sourceTypes":["community_mapped"],"valueKind":"reported"},"totalUnitCount":0},"operatingCapacityMw":46.0,"operatingCapacityMwByTechnology":{"wind":46.0},"plannedCapacityCoverage":{"coveragePercent":0.0,"knownUnitCount":0,"method":"unavailable","totalUnitCount":0},"plannedCapacityMw":0.0,"plannedCapacityMwByTechnology":{},"recordCount":1,"recordIds":["wattlas-record-osm-relation-12436553"],"sourceIds":["openstreetmap-power"],"technologies":["wind"],"technologyMixMw":{"wind":46.0},"unitCount":0,"unitIds":[]},"type":"Feature"},{"geometry":{"coordinates":[16.376309,53.773222],"type":"Point"},"id":"wattlas-plant-osm-relation-12436927","properties":{"aliases":["Farma wiatrowa Barwice"],"canonicalAnchor":"osm:relation/12436927","canonicalCountryKey":"PL","capacityMw":42.0,"country":"PL","externalIds":{"osm":"relation/12436927"},"geographyId":"PL-17162690B34878575347312","id":"wattlas-plant-osm-relation-12436927","lifecycleCounts":{"operational":1},"locationPrecision":"exact","name":"Farma wiatrowa Barwice","operatingCapacityCoverage":{"coveragePercent":100.0,"knownUnitCount":0,"method":"plant_aggregate","provenance":{"evidenceCount":0,"recordIds":["wattlas-record-osm-relation-12436927"],"sourceIds":["openstreetmap-power"],"sourceTypes":["community_mapped"],"valueKind":"reported"},"totalUnitCount":0},"operatingCapacityMw":42.0,"operatingCapacityMwByTechnology":{"wind":42.0},"plannedCapacityCoverage":{"coveragePercent":0.0,"knownUnitCount":0,"method":"unavailable","totalUnitCount":0},"plannedCapacityMw":0.0,"plannedCapacityMwByTechnology":{},"recordCount":1,"recordIds":["wattlas-record-osm-relation-12436927"],"sourceIds":["openstreetmap-power"],"technologies":["wind"],"technologyMixMw":{"wind":42.0},"unitCount":0,"unitIds":[]},"type":"Feature"},{"geometry":{"coordinates":[22.878261,54.158498],"type":"Point"},"id":"wattlas-plant-osm-relation-12453348","properties":{"aliases":["Park wiatrowy Suwałki"],"canonicalAnchor":"osm:relation/12453348","canonicalCountryKey":"PL","capacityMw":0.0,"country":"PL","externalIds":{"osm":"relation/12453348"},"geographyId":"PL-17162690B23777949290372","id":"wattlas-plant-osm-relation-12453348","lifecycleCounts":{"operational":1},"locationPrecision":"exact","name":"Park wiatrowy Suwałki","operatingCapacityCoverage":{"coveragePercent":0.0,"knownUnitCount":0,"method":"unavailable","totalUnitCount":0},"operatingCapacityMw":0.0,"operatingCapacityMwByTechnology":{},"plannedCapacityCoverage":{"coveragePercent":0.0,"knownUnitCount":0,"method":"unavailable","totalUnitCount":0},"plannedCapacityMw":0.0,"plannedCapacityMwByTechnology":{},"recordCount":1,"recordIds":["wattlas-record-osm-relation-12453348"],"sourceIds":["openstreetmap-power"],"technologies":["wind"],"technologyMixMw":{"wind":0.0},"unitCount":0,"unitIds":[]},"type":"Feature"},{"geometry":{"coordinates":[22.789451,54.166309],"type":"Point"},"id":"wattlas-plant-osm-relation-12453349","properties":{"aliases":["Farma wiatrowa Taciewo"],"canonicalAnchor":"osm:relation/12453349","canonicalCountryKey":"PL","capacityMw":30.0,"country":"PL","externalIds":{"osm":"relation/12453349"},"geographyId":"PL-17162690B23777949290372","id":"wattlas-plant-osm-relation-12453349","lifecycleCounts":{"operational":1},"locationPrecision":"exact","name":"Farma wiatrowa Taciewo","operatingCapacityCoverage":{"coveragePercent":100.0,"knownUnitCount":0,"method":"plant_aggregate","provenance":{"evidenceCount":0,"recordIds":["wattlas-record-osm-relation-12453349"],"sourceIds":["openstreetmap-power"],"sourceTypes":["community_mapped"],"valueKind":"reported"},"totalUnitCount":0},"operatingCapacityMw":30.0,"operatingCapacityMwByTechnology":{"wind":30.0},"plannedCapacityCoverage":{"coveragePercent":0.0,"knownUnitCount":0,"method":"unavailable","totalUnitCount":0},"plannedCapacityMw":0.0,"plannedCapacityMwByTechnology":{},"recordCount":1,"recordIds":["wattlas-record-osm-relation-12453349"],"sourceIds":["openstreetmap-power"],"technologies":["wind"],"technologyMixMw":{"wind":30.0},"unitCount":0,"unitIds":[]},"type":"Feature"},{"geometry":{"coordinates":[22.76704,54.183706],"type":"Point"},"id":"wattlas-plant-osm-relation-12453350","properties":{"aliases":["Farma wiatrowa Piecki"],"canonicalAnchor":"osm:relation/12453350","canonicalCountryKey":"PL","capacityMw":32.0,"country":"PL","externalIds":{"osm":"relation/12453350"},"geographyId":"PL-17162690B23777949290372","id":"wattlas-plant-osm-relation-12453350","lifecycleCounts":{"operational":1},"locationPrecision":"exact","name":"Farma wiatrowa Piecki","operatingCapacityCoverage":{"coveragePercent":100.0,"knownUnitCount":0,"method":"plant_aggregate","provenance":{"evidenceCount":0,"recordIds":["wattlas-record-osm-relation-12453350"],"sourceIds":["openstreetmap-power"],"sourceTypes":["community_mapped"],"valueKind":"reported"},"totalUnitCount":0},"operatingCapacityMw":32.0,"operatingCapacityMwByTechnology":{"wind":32.0},"plannedCapacityCoverage":{"coveragePercent":0.0,"knownUnitCount":0,"method":"unavailable","totalUnitCount":0},"plannedCapacityMw":0.0,"plannedCapacityMwByTechnology":{},"recordCount":1,"recordIds":["wattlas-record-osm-relation-12453350"],"sourceIds":["openstreetmap-power"],"technologies":["wind"],"technologyMixMw":{"wind":32.0},"unitCount":0,"unitIds":[]},"type":"Feature"},{"geometry":{"coordinates":[16.784508,54.450438],"type":"Point"},"id":"wattlas-plant-osm-relation-12458963","properties":{"aliases":["Farma wiatrowa Pieszcz"],"canonicalAnchor":"osm:relation/12458963","canonicalCountryKey":"PL","capacityMw":4.0,"country":"PL","externalIds":{"osm":"relation/12458963"},"geographyId":"PL-17162690B34878575347312","id":"wattlas-plant-osm-relation-12458963","lifecycleCounts":{"operational":1},"locationPrecision":"exact","name":"Farma wiatrowa Pieszcz","operatingCapacityCoverage":{"coveragePercent":100.0,"knownUnitCount":0,"method":"plant_aggregate","provenance":{"evidenceCount":0,"recordIds":["wattlas-record-osm-relation-12458963"],"sourceIds":["openstreetmap-power"],"sourceTypes":["community_mapped"],"valueKind":"reported"},"totalUnitCount":0},"operatingCapacityMw":4.0,"operatingCapacityMwByTechnology":{"wind":4.0},"plannedCapacityCoverage":{"coveragePercent":0.0,"knownUnitCount":0,"method":"unavailable","totalUnitCount":0},"plannedCapacityMw":0.0,"plannedCapacityMwByTechnology":{},"recordCount":1,"recordIds":["wattlas-record-osm-relation-12458963"],"sourceIds":["openstreetmap-power"],"technologies":["wind"],"technologyMixMw":{"wind":4.0},"unitCount":0,"unitIds":[]},"type":"Feature"},{"geometry":{"coordinates":[15.047951,51.132223],"type":"Point"},"id":"wattlas-plant-osm-relation-12459001","properties":{"aliases":["Farma wiatrowa Zgorzelec-Jędrzychowice"],"canonicalAnchor":"osm:relation/12459001","canonicalCountryKey":"PL","capacityMw":50.0,"country":"PL","externalIds":{"osm":"relation/12459001"},"geographyId":"PL-17162690B9130125042960","id":"wattlas-plant-osm-relation-12459001","lifecycleCounts":{"operational":1},"locationPrecision":"exact","name":"Farma wiatrowa Zgorzelec-Jędrzychowice","operatingCapacityCoverage":{"coveragePercent":100.0,"knownUnitCount":0,"method":"plant_aggregate","provenance":{"evidenceCount":0,"recordIds":["wattlas-record-osm-relation-12459001"],"sourceIds":["openstreetmap-power"],"sourceTypes":["community_mapped"],"valueKind":"reported"},"totalUnitCount":0},"operatingCapacityMw":50.0,"operatingCapacityMwByTechnology":{"wind":50.0},"plannedCapacityCoverage":{"coveragePercent":0.0,"knownUnitCount":0,"method":"unavailable","totalUnitCount":0},"plannedCapacityMw":0.0,"plannedCapacityMwByTechnology":{},"recordCount":1,"recordIds":["wattlas-record-osm-relation-12459001"],"sourceIds":["openstreetmap-power"],"technologies":["wind"],"technologyMixMw":{"wind":50.0},"unitCount":0,"unitIds":[]},"type":"Feature"},{"geometry":{"coordinates":[16.944874,51.725903],"type":"Point"},"id":"wattlas-plant-osm-relation-12468595","properties":{"aliases":["Farma wiatrowa Krobia I"],"canonicalAnchor":"osm:relation/12468595","canonicalCountryKey":"PL","capacityMw":33.0,"country":"PL","externalIds":{"osm":"relation/12468595"},"geographyId":"PL-17162690B71775569625336","id":"wattlas-plant-osm-relation-12468595","lifecycleCounts":{"operational":1},"locationPrecision":"exact","name":"Farma wiatrowa Krobia I","operatingCapacityCoverage":{"coveragePercent":100.0,"knownUnitCount":0,"method":"plant_aggregate","provenance":{"evidenceCount":0,"recordIds":["wattlas-record-osm-relation-12468595"],"sourceIds":["openstreetmap-power"],"sourceTypes":["community_mapped"],"valueKind":"reported"},"totalUnitCount":0},"operatingCapacityMw":33.0,"operatingCapacityMwByTechnology":{"wind":33.0},"plannedCapacityCoverage":{"coveragePercent":0.0,"knownUnitCount":0,"method":"unavailable","totalUnitCount":0},"plannedCapacityMw":0.0,"plannedCapacityMwByTechnology":{},"recordCount":1,"recordIds":["wattlas-record-osm-relation-12468595"],"sourceIds":["openstreetmap-power"],"technologies":["wind"],"technologyMixMw":{"wind":33.0},"unitCount":0,"unitIds":[]},"type":"Feature"},{"geometry":{"coordinates":[16.914567,51.706447],"type":"Point"},"id":"wattlas-plant-osm-relation-12468596","properties":{"aliases":["Farma wiatrowa Poniec II"],"canonicalAnchor":"osm:relation/12468596","canonicalCountryKey":"PL","capacityMw":30.0,"country":"PL","externalIds":{"osm":"relation/12468596"},"geographyId":"PL-17162690B71775569625336","id":"wattlas-plant-osm-relation-12468596","lifecycleCounts":{"operational":1},"locationPrecision":"exact","name":"Farma wiatrowa Poniec II","operatingCapacityCoverage":{"coveragePercent":100.0,"knownUnitCount":0,"method":"plant_aggregate","provenance":{"evidenceCount":0,"recordIds":["wattlas-record-osm-relation-12468596"],"sourceIds":["openstreetmap-power"],"sourceTypes":["community_mapped"],"valueKind":"reported"},"totalUnitCount":0},"operatingCapacityMw":30.0,"operatingCapacityMwByTechnology":{"wind":30.0},"plannedCapacityCoverage":{"coveragePercent":0.0,"knownUnitCount":0,"method":"unavailable","totalUnitCount":0},"plannedCapacityMw":0.0,"plannedCapacityMwByTechnology":{},"recordCount":1,"recordIds":["wattlas-record-osm-relation-12468596"],"sourceIds":["openstreetmap-power"],"technologies":["wind"],"technologyMixMw":{"wind":30.0},"unitCount":0,"unitIds":[]},"type":"Feature"},{"geometry":{"coordinates":[18.572058,51.649675],"type":"Point"},"id":"wattlas-plant-osm-relation-12468618","properties":{"aliases":["Farma wiatrowa Wróblew"],"canonicalAnchor":"osm:relation/12468618","canonicalCountryKey":"PL","capacityMw":36.0,"country":"PL","externalIds":{"osm":"relation/12468618"},"geographyId":"PL-17162690B86810837764805","id":"wattlas-plant-osm-relation-12468618","lifecycleCounts":{"operational":1},"locationPrecision":"exact","name":"Farma wiatrowa Wróblew","operatingCapacityCoverage":{"coveragePercent":100.0,"knownUnitCount":0,"method":"plant_aggregate","provenance":{"evidenceCount":0,"recordIds":["wattlas-record-osm-relation-12468618"],"sourceIds":["openstreetmap-power"],"sourceTypes":["community_mapped"],"valueKind":"reported"},"totalUnitCount":0},"operatingCapacityMw":36.0,"operatingCapacityMwByTechnology":{"wind":36.0},"plannedCapacityCoverage":{"coveragePercent":0.0,"knownUnitCount":0,"method":"unavailable","totalUnitCount":0},"plannedCapacityMw":0.0,"plannedCapacityMwByTechnology":{},"recordCount":1,"recordIds":["wattlas-record-osm-relation-12468618"],"sourceIds":["openstreetmap-power"],"technologies":["wind"],"technologyMixMw":{"wind":36.0},"unitCount":0,"unitIds":[]},"type":"Feature"},{"geometry":{"coordinates":[23.168469,53.158457],"type":"Point"},"id":"wattlas-plant-osm-relation-12486513","properties":{"aliases":["Zakład Unieszkodliwiania Odpadów Komunalnych"],"canonicalAnchor":"osm:relation/12486513","canonicalCountryKey":"PL","capacityMw":9.0,"country":"PL","externalIds":{"osm":"relation/12486513"},"geographyId":"PL-17162690B23777949290372","id":"wattlas-plant-osm-relation-12486513","lifecycleCounts":{"operational":1},"locationPrecision":"exact","name":"Zakład Unieszkodliwiania Odpadów Komunalnych","operatingCapacityCoverage":{"coveragePercent":100.0,"knownUnitCount":0,"method":"plant_aggregate","provenance":{"evidenceCount":0,"recordIds":["wattlas-record-osm-relation-12486513"],"sourceIds":["openstreetmap-power"],"sourceTypes":["community_mapped"],"valueKind":"reported"},"totalUnitCount":0},"operatingCapacityMw":9.0,"operatingCapacityMwByTechnology":{"other":9.0},"plannedCapacityCoverage":{"coveragePercent":0.0,"knownUnitCount":0,"method":"unavailable","totalUnitCount":0},"plannedCapacityMw":0.0,"plannedCapacityMwByTechnology":{},"recordCount":1,"recordIds":["wattlas-record-osm-relation-12486513"],"sourceIds":["openstreetmap-power"],"technologies":["other"],"technologyMixMw":{"other":9.0},"unitCount":0,"unitIds":[]},"type":"Feature"},{"geometry":{"coordinates":[21.812552,52.387291],"type":"Point"},"id":"wattlas-plant-osm-relation-12498624","properties":{"aliases":["Farma wiatrowa Korytnica"],"canonicalAnchor":"osm:relation/12498624","canonicalCountryKey":"PL","capacityMw":82.5,"country":"PL","externalIds":{"osm":"relation/12498624"},"geographyId":"PL-17162690B84565288021286","id":"wattlas-plant-osm-relation-12498624","lifecycleCounts":{"operational":1},"locationPrecision":"exact","name":"Farma wiatrowa Korytnica","operatingCapacityCoverage":{"coveragePercent":100.0,"knownUnitCount":0,"method":"plant_aggregate","provenance":{"evidenceCount":0,"recordIds":["wattlas-record-osm-relation-12498624"],"sourceIds":["openstreetmap-power"],"sourceTypes":["community_mapped"],"valueKind":"reported"},"totalUnitCount":0},"operatingCapacityMw":82.5,"operatingCapacityMwByTechnology":{"wind":82.5},"plannedCapacityCoverage":{"coveragePercent":0.0,"knownUnitCount":0,"method":"unavailable","totalUnitCount":0},"plannedCapacityMw":0.0,"plannedCapacityMwByTechnology":{},"recordCount":1,"recordIds":["wattlas-record-osm-relation-12498624"],"sourceIds":["openstreetmap-power"],"technologies":["wind"],"technologyMixMw":{"wind":82.5},"unitCount":0,"unitIds":[]},"type":"Feature"},{"geometry":{"coordinates":[17.739095,52.049805],"type":"Point"},"id":"wattlas-plant-osm-relation-12499002","properties":{"aliases":["Farma wiatrowa Gizałki"],"canonicalAnchor":"osm:relation/12499002","canonicalCountryKey":"PL","capacityMw":36.0,"country":"PL","externalIds":{"osm":"relation/12499002"},"geographyId":"PL-17162690B71775569625336","id":"wattlas-plant-osm-relation-12499002","lifecycleCounts":{"operational":1},"locationPrecision":"exact","name":"Farma wiatrowa Gizałki","operatingCapacityCoverage":{"coveragePercent":100.0,"knownUnitCount":0,"method":"plant_aggregate","provenance":{"evidenceCount":0,"recordIds":["wattlas-record-osm-relation-12499002"],"sourceIds":["openstreetmap-power"],"sourceTypes":["community_mapped"],"valueKind":"reported"},"totalUnitCount":0},"operatingCapacityMw":36.0,"operatingCapacityMwByTechnology":{"wind":36.0},"plannedCapacityCoverage":{"coveragePercent":0.0,"knownUnitCount":0,"method":"unavailable","totalUnitCount":0},"plannedCapacityMw":0.0,"plannedCapacityMwByTechnology":{},"recordCount":1,"recordIds":["wattlas-record-osm-relation-12499002"],"sourceIds":["openstreetmap-power"],"technologies":["wind"],"technologyMixMw":{"wind":36.0},"unitCount":0,"unitIds":[]},"type":"Feature"},{"geometry":{"coordinates":[16.434644,54.312862],"type":"Point"},"id":"wattlas-plant-osm-relation-12501979","properties":{"aliases":["Farma wiatrowa Przystawy"],"canonicalAnchor":"osm:relation/12501979","canonicalCountryKey":"PL","capacityMw":19.25,"country":"PL","externalIds":{"osm":"relation/12501979"},"geographyId":"PL-17162690B34878575347312","id":"wattlas-plant-osm-relation-12501979","lifecycleCounts":{"operational":1},"locationPrecision":"exact","name":"Farma wiatrowa Przystawy","operatingCapacityCoverage":{"coveragePercent":100.0,"knownUnitCount":0,"method":"plant_aggregate","provenance":{"evidenceCount":0,"recordIds":["wattlas-record-osm-relation-12501979"],"sourceIds":["openstreetmap-power"],"sourceTypes":["community_mapped"],"valueKind":"reported"},"totalUnitCount":0},"operatingCapacityMw":19.25,"operatingCapacityMwByTechnology":{"wind":19.25},"plannedCapacityCoverage":{"coveragePercent":0.0,"knownUnitCount":0,"method":"unavailable","totalUnitCount":0},"plannedCapacityMw":0.0,"plannedCapacityMwByTechnology":{},"recordCount":1,"recordIds":["wattlas-record-osm-relation-12501979"],"sourceIds":["openstreetmap-power"],"technologies":["wind"],"technologyMixMw":{"wind":19.25},"unitCount":0,"unitIds":[]},"type":"Feature"},{"geometry":{"coordinates":[16.505699,54.24999],"type":"Point"},"id":"wattlas-plant-osm-relation-12501980","properties":{"aliases":["Farma wiatrowa Bartolino"],"canonicalAnchor":"osm:relation/12501980","canonicalCountryKey":"PL","capacityMw":19.25,"country":"PL","externalIds":{"osm":"relation/12501980"},"geographyId":"PL-17162690B34878575347312","id":"wattlas-plant-osm-relation-12501980","lifecycleCounts":{"operational":1},"locationPrecision":"exact","name":"Farma wiatrowa Bartolino","operatingCapacityCoverage":{"coveragePercent":100.0,"knownUnitCount":0,"method":"plant_aggregate","provenance":{"evidenceCount":0,"recordIds":["wattlas-record-osm-relation-12501980"],"sourceIds":["openstreetmap-power"],"sourceTypes":["community_mapped"],"valueKind":"reported"},"totalUnitCount":0},"operatingCapacityMw":19.25,"operatingCapacityMwByTechnology":{"wind":19.25},"plannedCapacityCoverage":{"coveragePercent":0.0,"knownUnitCount":0,"method":"unavailable","totalUnitCount":0},"plannedCapacityMw":0.0,"plannedCapacityMwByTechnology":{},"recordCount":1,"recordIds":["wattlas-record-osm-relation-12501980"],"sourceIds":["openstreetmap-power"],"technologies":["wind"],"technologyMixMw":{"wind":19.25},"unitCount":0,"unitIds":[]},"type":"Feature"},{"geometry":{"coordinates":[16.557909,54.250531],"type":"Point"},"id":"wattlas-plant-osm-relation-12501981","properties":{"aliases":["Farma wiatrowa Sulechówko"],"canonicalAnchor":"osm:relation/12501981","canonicalCountryKey":"PL","capacityMw":79.75,"country":"PL","externalIds":{"osm":"relation/12501981"},"geographyId":"PL-17162690B34878575347312","id":"wattlas-plant-osm-relation-12501981","lifecycleCounts":{"operational":1},"locationPrecision":"exact","name":"Farma wiatrowa Sulechówko","operatingCapacityCoverage":{"coveragePercent":100.0,"knownUnitCount":0,"method":"plant_aggregate","provenance":{"evidenceCount":0,"recordIds":["wattlas-record-osm-relation-12501981"],"sourceIds":["openstreetmap-power"],"sourceTypes":["community_mapped"],"valueKind":"reported"},"totalUnitCount":0},"operatingCapacityMw":79.75,"operatingCapacityMwByTechnology":{"wind":79.75},"plannedCapacityCoverage":{"coveragePercent":0.0,"knownUnitCount":0,"method":"unavailable","totalUnitCount":0},"plannedCapacityMw":0.0,"plannedCapacityMwByTechnology":{},"recordCount":1,"recordIds":["wattlas-record-osm-relation-12501981"],"sourceIds":["openstreetmap-power"],"technologies":["wind"],"technologyMixMw":{"wind":79.75},"unitCount":0,"unitIds":[]},"type":"Feature"},{"geometry":{"coordinates":[16.973038,54.407959],"type":"Point"},"id":"wattlas-plant-osm-relation-12502275","properties":{"aliases":["Farma wiatrowa Zajączkowo"],"canonicalAnchor":"osm:relation/12502275","canonicalCountryKey":"PL","capacityMw":48.0,"country":"PL","externalIds":{"osm":"relation/12502275"},"geographyId":"PL-17162690B77437931625010","id":"wattlas-plant-osm-relation-12502275","lifecycleCounts":{"operational":1},"locationPrecision":"exact","name":"Farma wiatrowa Zajączkowo","operatingCapacityCoverage":{"coveragePercent":100.0,"knownUnitCount":0,"method":"plant_aggregate","provenance":{"evidenceCount":0,"recordIds":["wattlas-record-osm-relation-12502275"],"sourceIds":["openstreetmap-power"],"sourceTypes":["community_mapped"],"valueKind":"reported"},"totalUnitCount":0},"operatingCapacityMw":48.0,"operatingCapacityMwByTechnology":{"wind":48.0},"plannedCapacityCoverage":{"coveragePercent":0.0,"knownUnitCount":0,"method":"unavailable","totalUnitCount":0},"plannedCapacityMw":0.0,"plannedCapacityMwByTechnology":{},"recordCount":1,"recordIds":["wattlas-record-osm-relation-12502275"],"sourceIds":["openstreetmap-power"],"technologies":["wind"],"technologyMixMw":{"wind":48.0},"unitCount":0,"unitIds":[]},"type":"Feature"},{"geometry":{"coordinates":[17.008315,54.340881],"type":"Point"},"id":"wattlas-plant-osm-relation-12502301","properties":{"aliases":["Farma wiatrowa Kobylnica"],"canonicalAnchor":"osm:relation/12502301","canonicalCountryKey":"PL","capacityMw":41.4,"country":"PL","externalIds":{"osm":"relation/12502301"},"geographyId":"PL-17162690B77437931625010","id":"wattlas-plant-osm-relation-12502301","lifecycleCounts":{"operational":1},"locationPrecision":"exact","name":"Farma wiatrowa Kobylnica","operatingCapacityCoverage":{"coveragePercent":100.0,"knownUnitCount":0,"method":"plant_aggregate","provenance":{"evidenceCount":0,"recordIds":["wattlas-record-osm-relation-12502301"],"sourceIds":["openstreetmap-power"],"sourceTypes":["community_mapped"],"valueKind":"reported"},"totalUnitCount":0},"operatingCapacityMw":41.4,"operatingCapacityMwByTechnology":{"wind":41.4},"plannedCapacityCoverage":{"coveragePercent":0.0,"knownUnitCount":0,"method":"unavailable","totalUnitCount":0},"plannedCapacityMw":0.0,"plannedCapacityMwByTechnology":{},"recordCount":1,"recordIds":["wattlas-record-osm-relation-12502301"],"sourceIds":["openstreetmap-power"],"technologies":["wind"],"technologyMixMw":{"wind":41.4},"unitCount":0,"unitIds":[]},"type":"Feature"},{"geometry":{"coordinates":[17.449622,54.510532],"type":"Point"},"id":"wattlas-plant-osm-relation-12502467","properties":{"aliases":["Farma wiatrowa Głuszynko-Grapice"],"canonicalAnchor":"osm:relation/12502467","canonicalCountryKey":"PL","capacityMw":55.0,"country":"PL","externalIds":{"osm":"relation/12502467"},"geographyId":"PL-17162690B77437931625010","id":"wattlas-plant-osm-relation-12502467","lifecycleCounts":{"operational":1},"locationPrecision":"exact","name":"Farma wiatrowa Głuszynko-Grapice","operatingCapacityCoverage":{"coveragePercent":100.0,"knownUnitCount":0,"method":"plant_aggregate","provenance":{"evidenceCount":0,"recordIds":["wattlas-record-osm-relation-12502467"],"sourceIds":["openstreetmap-power"],"sourceTypes":["community_mapped"],"valueKind":"reported"},"totalUnitCount":0},"operatingCapacityMw":55.0,"operatingCapacityMwByTechnology":{"wind":55.0},"plannedCapacityCoverage":{"coveragePercent":0.0,"knownUnitCount":0,"method":"unavailable","totalUnitCount":0},"plannedCapacityMw":0.0,"plannedCapacityMwByTechnology":{},"recordCount":1,"recordIds":["wattlas-record-osm-relation-12502467"],"sourceIds":["openstreetmap-power"],"technologies":["wind"],"technologyMixMw":{"wind":55.0},"unitCount":0,"unitIds":[]},"type":"Feature"},{"geometry":{"coordinates":[19.317833,53.91678],"type":"Point"},"id":"wattlas-plant-osm-relation-12689167","properties":{"aliases":["Farma Wiatrowa Jasna"],"canonicalAnchor":"osm:relation/12689167","canonicalCountryKey":"PL","capacityMw":132.0,"country":"PL","externalIds":{"osm":"relation/12689167"},"geographyId":"PL-17162690B77437931625010","id":"wattlas-plant-osm-relation-12689167","lifecycleCounts":{"operational":1},"locationPrecision":"exact","name":"Farma Wiatrowa Jasna","operatingCapacityCoverage":{"coveragePercent":100.0,"knownUnitCount":0,"method":"plant_aggregate","provenance":{"evidenceCount":0,"recordIds":["wattlas-record-osm-relation-12689167"],"sourceIds":["openstreetmap-power"],"sourceTypes":["community_mapped"],"valueKind":"reported"},"totalUnitCount":0},"operatingCapacityMw":132.0,"operatingCapacityMwByTechnology":{"wind":132.0},"plannedCapacityCoverage":{"coveragePercent":0.0,"knownUnitCount":0,"method":"unavailable","totalUnitCount":0},"plannedCapacityMw":0.0,"plannedCapacityMwByTechnology":{},"recordCount":1,"recordIds":["wattlas-record-osm-relation-12689167"],"sourceIds":["openstreetmap-power"],"technologies":["wind"],"technologyMixMw":{"wind":132.0},"unitCount":0,"unitIds":[]},"type":"Feature"},{"geometry":{"coordinates":[22.590291,53.697604],"type":"Point"},"id":"wattlas-plant-osm-relation-12734605","properties":{"aliases":["Farma Wiatrowa Rajgród"],"canonicalAnchor":"osm:relation/12734605","canonicalCountryKey":"PL","capacityMw":0.0,"country":"PL","externalIds":{"osm":"relation/12734605"},"geographyId":"PL-17162690B23777949290372","id":"wattlas-plant-osm-relation-12734605","lifecycleCounts":{"operational":1},"locationPrecision":"exact","name":"Farma Wiatrowa Rajgród","operatingCapacityCoverage":{"coveragePercent":0.0,"knownUnitCount":0,"method":"unavailable","totalUnitCount":0},"operatingCapacityMw":0.0,"operatingCapacityMwByTechnology":{},"plannedCapacityCoverage":{"coveragePercent":0.0,"knownUnitCount":0,"method":"unavailable","totalUnitCount":0},"plannedCapacityMw":0.0,"plannedCapacityMwByTechnology":{},"recordCount":1,"recordIds":["wattlas-record-osm-relation-12734605"],"sourceIds":["openstreetmap-power"],"technologies":["wind"],"technologyMixMw":{"wind":0.0},"unitCount":0,"unitIds":[]},"type":"Feature"},{"geometry":{"coordinates":[19.596764,49.987075],"type":"Point"},"id":"wattlas-plant-osm-relation-12989010","properties":{"aliases":["Elektrownia Łączany"],"canonicalAnchor":"osm:relation/12989010","canonicalCountryKey":"PL","capacityMw":0.0,"country":"PL","externalIds":{"osm":"relation/12989010"},"geographyId":"PL-17162690B67655395900928","id":"wattlas-plant-osm-relation-12989010","lifecycleCounts":{"operational":1},"locationPrecision":"exact","name":"Elektrownia Łączany","operatingCapacityCoverage":{"coveragePercent":0.0,"knownUnitCount":0,"method":"unavailable","totalUnitCount":0},"operatingCapacityMw":0.0,"operatingCapacityMwByTechnology":{},"plannedCapacityCoverage":{"coveragePercent":0.0,"knownUnitCount":0,"method":"unavailable","totalUnitCount":0},"plannedCapacityMw":0.0,"plannedCapacityMwByTechnology":{},"recordCount":1,"recordIds":["wattlas-record-osm-relation-12989010"],"sourceIds":["openstreetmap-power"],"technologies":["hydro"],"technologyMixMw":{"hydro":0.0},"unitCount":0,"unitIds":[]},"type":"Feature"},{"geometry":{"coordinates":[18.904983,54.038734],"type":"Point"},"id":"wattlas-plant-osm-relation-13101377","properties":{"aliases":["Farma Wiatrowa Szymankowo"],"canonicalAnchor":"osm:relation/13101377","canonicalCountryKey":"PL","capacityMw":38.0,"country":"PL","externalIds":{"osm":"relation/13101377"},"geographyId":"PL-17162690B77437931625010","id":"wattlas-plant-osm-relation-13101377","lifecycleCounts":{"operational":1},"locationPrecision":"exact","name":"Farma Wiatrowa Szymankowo","operatingCapacityCoverage":{"coveragePercent":100.0,"knownUnitCount":0,"method":"plant_aggregate","provenance":{"evidenceCount":0,"recordIds":["wattlas-record-osm-relation-13101377"],"sourceIds":["openstreetmap-power"],"sourceTypes":["community_mapped"],"valueKind":"reported"},"totalUnitCount":0},"operatingCapacityMw":38.0,"operatingCapacityMwByTechnology":{"wind":38.0},"plannedCapacityCoverage":{"coveragePercent":0.0,"knownUnitCount":0,"method":"unavailable","totalUnitCount":0},"plannedCapacityMw":0.0,"plannedCapacityMwByTechnology":{},"recordCount":1,"recordIds":["wattlas-record-osm-relation-13101377"],"sourceIds":["openstreetmap-power"],"technologies":["wind"],"technologyMixMw":{"wind":38.0},"unitCount":0,"unitIds":[]},"type":"Feature"},{"geometry":{"coordinates":[19.030016,53.876782],"type":"Point"},"id":"wattlas-plant-osm-relation-13101424","properties":{"aliases":["Farma Wiatrowa Postolin"],"canonicalAnchor":"osm:relation/13101424","canonicalCountryKey":"PL","capacityMw":34.0,"country":"PL","externalIds":{"osm":"relation/13101424"},"geographyId":"PL-17162690B77437931625010","id":"wattlas-plant-osm-relation-13101424","lifecycleCounts":{"operational":1},"locationPrecision":"exact","name":"Farma Wiatrowa Postolin","operatingCapacityCoverage":{"coveragePercent":100.0,"knownUnitCount":0,"method":"plant_aggregate","provenance":{"evidenceCount":0,"recordIds":["wattlas-record-osm-relation-13101424"],"sourceIds":["openstreetmap-power"],"sourceTypes":["community_mapped"],"valueKind":"reported"},"totalUnitCount":0},"operatingCapacityMw":34.0,"operatingCapacityMwByTechnology":{"wind":34.0},"plannedCapacityCoverage":{"coveragePercent":0.0,"knownUnitCount":0,"method":"unavailable","totalUnitCount":0},"plannedCapacityMw":0.0,"plannedCapacityMwByTechnology":{},"recordCount":1,"recordIds":["wattlas-record-osm-relation-13101424"],"sourceIds":["openstreetmap-power"],"technologies":["wind"],"technologyMixMw":{"wind":34.0},"unitCount":0,"unitIds":[]},"type":"Feature"},{"geometry":{"coordinates":[18.944739,53.381802],"type":"Point"},"id":"wattlas-plant-osm-relation-13104399","properties":{"aliases":["Farma Wiatrowa Radzyń Chełmiński"],"canonicalAnchor":"osm:relation/13104399","canonicalCountryKey":"PL","capacityMw":36.0,"country":"PL","externalIds":{"osm":"relation/13104399"},"geographyId":"PL-17162690B37876665907262","id":"wattlas-plant-osm-relation-13104399","lifecycleCounts":{"operational":1},"locationPrecision":"exact","name":"Farma Wiatrowa Radzyń Chełmiński","operatingCapacityCoverage":{"coveragePercent":100.0,"knownUnitCount":0,"method":"plant_aggregate","provenance":{"evidenceCount":0,"recordIds":["wattlas-record-osm-relation-13104399"],"sourceIds":["openstreetmap-power"],"sourceTypes":["community_mapped"],"valueKind":"reported"},"totalUnitCount":0},"operatingCapacityMw":36.0,"operatingCapacityMwByTechnology":{"wind":36.0},"plannedCapacityCoverage":{"coveragePercent":0.0,"knownUnitCount":0,"method":"unavailable","totalUnitCount":0},"plannedCapacityMw":0.0,"plannedCapacityMwByTechnology":{},"recordCount":1,"recordIds":["wattlas-record-osm-relation-13104399"],"sourceIds":["openstreetmap-power"],"technologies":["wind"],"technologyMixMw":{"wind":36.0},"unitCount":0,"unitIds":[]},"type":"Feature"},{"geometry":{"coordinates":[21.171144,51.178057],"type":"Point"},"id":"wattlas-plant-osm-relation-13107770","properties":{"aliases":["Farma Wiatrowa Iłża"],"canonicalAnchor":"osm:relation/13107770","canonicalCountryKey":"PL","capacityMw":54.0,"country":"PL","externalIds":{"osm":"relation/13107770"},"geographyId":"PL-17162690B84565288021286","id":"wattlas-plant-osm-relation-13107770","lifecycleCounts":{"operational":1},"locationPrecision":"exact","name":"Farma Wiatrowa Iłża","operatingCapacityCoverage":{"coveragePercent":100.0,"knownUnitCount":0,"method":"plant_aggregate","provenance":{"evidenceCount":0,"recordIds":["wattlas-record-osm-relation-13107770"],"sourceIds":["openstreetmap-power"],"sourceTypes":["community_mapped"],"valueKind":"reported"},"totalUnitCount":0},"operatingCapacityMw":54.0,"operatingCapacityMwByTechnology":{"wind":54.0},"plannedCapacityCoverage":{"coveragePercent":0.0,"knownUnitCount":0,"method":"unavailable","totalUnitCount":0},"plannedCapacityMw":0.0,"plannedCapacityMwByTechnology":{},"recordCount":1,"recordIds":["wattlas-record-osm-relation-13107770"],"sourceIds":["openstreetmap-power"],"technologies":["wind"],"technologyMixMw":{"wind":54.0},"unitCount":0,"unitIds":[]},"type":"Feature"},{"geometry":{"coordinates":[19.242301,53.969608],"type":"Point"},"id":"wattlas-plant-osm-relation-13184649","properties":{"aliases":["FW Pomerania"],"canonicalAnchor":"osm:relation/13184649","canonicalCountryKey":"PL","capacityMw":94.0,"country":"PL","externalIds":{"osm":"relation/13184649"},"geographyId":"PL-17162690B77437931625010","id":"wattlas-plant-osm-relation-13184649","lifecycleCounts":{"operational":1},"locationPrecision":"exact","name":"FW Pomerania","operatingCapacityCoverage":{"coveragePercent":100.0,"knownUnitCount":0,"method":"plant_aggregate","provenance":{"evidenceCount":0,"recordIds":["wattlas-record-osm-relation-13184649"],"sourceIds":["openstreetmap-power"],"sourceTypes":["community_mapped"],"valueKind":"reported"},"totalUnitCount":0},"operatingCapacityMw":94.0,"operatingCapacityMwByTechnology":{"wind":94.0},"plannedCapacityCoverage":{"coveragePercent":0.0,"knownUnitCount":0,"method":"unavailable","totalUnitCount":0},"plannedCapacityMw":0.0,"plannedCapacityMwByTechnology":{},"recordCount":1,"recordIds":["wattlas-record-osm-relation-13184649"],"sourceIds":["openstreetmap-power"],"technologies":["wind"],"technologyMixMw":{"wind":94.0},"unitCount":0,"unitIds":[]},"type":"Feature"},{"geometry":{"coordinates":[21.859685,49.607652],"type":"Point"},"id":"wattlas-plant-osm-relation-13210362","properties":{"aliases":["Farma Wiatrowa Rymanów"],"canonicalAnchor":"osm:relation/13210362","canonicalCountryKey":"PL","capacityMw":26.0,"country":"PL","externalIds":{"osm":"relation/13210362"},"geographyId":"PL-17162690B44985096553766","id":"wattlas-plant-osm-relation-13210362","lifecycleCounts":{"operational":1},"locationPrecision":"exact","name":"Farma Wiatrowa Rymanów","operatingCapacityCoverage":{"coveragePercent":100.0,"knownUnitCount":0,"method":"plant_aggregate","provenance":{"evidenceCount":0,"recordIds":["wattlas-record-osm-relation-13210362"],"sourceIds":["openstreetmap-power"],"sourceTypes":["community_mapped"],"valueKind":"reported"},"totalUnitCount":0},"operatingCapacityMw":26.0,"operatingCapacityMwByTechnology":{"wind":26.0},"plannedCapacityCoverage":{"coveragePercent":0.0,"knownUnitCount":0,"method":"unavailable","totalUnitCount":0},"plannedCapacityMw":0.0,"plannedCapacityMwByTechnology":{},"recordCount":1,"recordIds":["wattlas-record-osm-relation-13210362"],"sourceIds":["openstreetmap-power"],"technologies":["wind"],"technologyMixMw":{"wind":26.0},"unitCount":0,"unitIds":[]},"type":"Feature"},{"geometry":{"coordinates":[16.804433,53.845207],"type":"Point"},"id":"wattlas-plant-osm-relation-13457558","properties":{"aliases":["Farma wiatrowa Biały Bór"],"canonicalAnchor":"osm:relation/13457558","canonicalCountryKey":"PL","capacityMw":144.9,"country":"PL","externalIds":{"osm":"relation/13457558"},"geographyId":"PL-17162690B34878575347312","id":"wattlas-plant-osm-relation-13457558","lifecycleCounts":{"operational":1},"locationPrecision":"exact","name":"Farma wiatrowa Biały Bór","operatingCapacityCoverage":{"coveragePercent":100.0,"knownUnitCount":0,"method":"plant_aggregate","provenance":{"evidenceCount":0,"recordIds":["wattlas-record-osm-relation-13457558"],"sourceIds":["openstreetmap-power"],"sourceTypes":["community_mapped"],"valueKind":"reported"},"totalUnitCount":0},"operatingCapacityMw":144.9,"operatingCapacityMwByTechnology":{"wind":144.9},"plannedCapacityCoverage":{"coveragePercent":0.0,"knownUnitCount":0,"method":"unavailable","totalUnitCount":0},"plannedCapacityMw":0.0,"plannedCapacityMwByTechnology":{},"recordCount":1,"recordIds":["wattlas-record-osm-relation-13457558"],"sourceIds":["openstreetmap-power"],"technologies":["wind"],"technologyMixMw":{"wind":144.9},"unitCount":0,"unitIds":[]},"type":"Feature"},{"geometry":{"coordinates":[23.162604,51.768],"type":"Point"},"id":"wattlas-plant-osm-relation-13652666","properties":{"aliases":["Farma Wiatrowa Wisznice"],"canonicalAnchor":"osm:relation/13652666","canonicalCountryKey":"PL","capacityMw":30.0,"country":"PL","externalIds":{"osm":"relation/13652666"},"geographyId":"PL-17162690B69262761487853","id":"wattlas-plant-osm-relation-13652666","lifecycleCounts":{"operational":1},"locationPrecision":"exact","name":"Farma Wiatrowa Wisznice","operatingCapacityCoverage":{"coveragePercent":100.0,"knownUnitCount":0,"method":"plant_aggregate","provenance":{"evidenceCount":0,"recordIds":["wattlas-record-osm-relation-13652666"],"sourceIds":["openstreetmap-power"],"sourceTypes":["community_mapped"],"valueKind":"reported"},"totalUnitCount":0},"operatingCapacityMw":30.0,"operatingCapacityMwByTechnology":{"wind":30.0},"plannedCapacityCoverage":{"coveragePercent":0.0,"knownUnitCount":0,"method":"unavailable","totalUnitCount":0},"plannedCapacityMw":0.0,"plannedCapacityMwByTechnology":{},"recordCount":1,"recordIds":["wattlas-record-osm-relation-13652666"],"sourceIds":["openstreetmap-power"],"technologies":["wind"],"technologyMixMw":{"wind":30.0},"unitCount":0,"unitIds":[]},"type":"Feature"},{"geometry":{"coordinates":[18.363265,54.76016],"type":"Point"},"id":"wattlas-plant-osm-relation-13791336","properties":{"aliases":["Farma Wiatrowa Łebcz"],"canonicalAnchor":"osm:relation/13791336","canonicalCountryKey":"PL","capacityMw":3.2,"country":"PL","externalIds":{"osm":"relation/13791336"},"geographyId":"PL-17162690B77437931625010","id":"wattlas-plant-osm-relation-13791336","lifecycleCounts":{"operational":1},"locationPrecision":"exact","name":"Farma Wiatrowa Łebcz","operatingCapacityCoverage":{"coveragePercent":100.0,"knownUnitCount":0,"method":"plant_aggregate","provenance":{"evidenceCount":0,"recordIds":["wattlas-record-osm-relation-13791336"],"sourceIds":["openstreetmap-power"],"sourceTypes":["community_mapped"],"valueKind":"reported"},"totalUnitCount":0},"operatingCapacityMw":3.2,"operatingCapacityMwByTechnology":{"wind":3.2},"plannedCapacityCoverage":{"coveragePercent":0.0,"knownUnitCount":0,"method":"unavailable","totalUnitCount":0},"plannedCapacityMw":0.0,"plannedCapacityMwByTechnology":{},"recordCount":1,"recordIds":["wattlas-record-osm-relation-13791336"],"sourceIds":["openstreetmap-power"],"technologies":["wind"],"technologyMixMw":{"wind":3.2},"unitCount":0,"unitIds":[]},"type":"Feature"},{"geometry":{"coordinates":[18.358972,54.741285],"type":"Point"},"id":"wattlas-plant-osm-relation-13791583","properties":{"aliases":["Farma Wiatrowa Puck"],"canonicalAnchor":"osm:relation/13791583","canonicalCountryKey":"PL","capacityMw":22.0,"country":"PL","externalIds":{"osm":"relation/13791583"},"geographyId":"PL-17162690B77437931625010","id":"wattlas-plant-osm-relation-13791583","lifecycleCounts":{"operational":1},"locationPrecision":"exact","name":"Farma Wiatrowa Puck","operatingCapacityCoverage":{"coveragePercent":100.0,"knownUnitCount":0,"method":"plant_aggregate","provenance":{"evidenceCount":0,"recordIds":["wattlas-record-osm-relation-13791583"],"sourceIds":["openstreetmap-power"],"sourceTypes":["community_mapped"],"valueKind":"reported"},"totalUnitCount":0},"operatingCapacityMw":22.0,"operatingCapacityMwByTechnology":{"wind":22.0},"plannedCapacityCoverage":{"coveragePercent":0.0,"knownUnitCount":0,"method":"unavailable","totalUnitCount":0},"plannedCapacityMw":0.0,"plannedCapacityMwByTechnology":{},"recordCount":1,"recordIds":["wattlas-record-osm-relation-13791583"],"sourceIds":["openstreetmap-power"],"technologies":["wind"],"technologyMixMw":{"wind":22.0},"unitCount":0,"unitIds":[]},"type":"Feature"},{"geometry":{"coordinates":[14.812559,53.565832],"type":"Point"},"id":"wattlas-plant-osm-relation-13799897","properties":{"aliases":["Mapped power plant · OSM 13799897"],"canonicalAnchor":"osm:relation/13799897","canonicalCountryKey":"PL","capacityMw":0.0,"country":"PL","externalIds":{"osm":"relation/13799897"},"geographyId":"PL-17162690B34878575347312","id":"wattlas-plant-osm-relation-13799897","lifecycleCounts":{"operational":1},"locationPrecision":"exact","name":"Mapped power plant · OSM 13799897","operatingCapacityCoverage":{"coveragePercent":0.0,"knownUnitCount":0,"method":"unavailable","totalUnitCount":0},"operatingCapacityMw":0.0,"operatingCapacityMwByTechnology":{},"plannedCapacityCoverage":{"coveragePercent":0.0,"knownUnitCount":0,"method":"unavailable","totalUnitCount":0},"plannedCapacityMw":0.0,"plannedCapacityMwByTechnology":{},"recordCount":1,"recordIds":["wattlas-record-osm-relation-13799897"],"sourceIds":["openstreetmap-power"],"technologies":["solar"],"technologyMixMw":{"solar":0.0},"unitCount":0,"unitIds":[]},"type":"Feature"},{"geometry":{"coordinates":[22.421979,53.61019],"type":"Point"},"id":"wattlas-plant-osm-relation-14085472","properties":{"aliases":["Farma wiatrowa Grajewo"],"canonicalAnchor":"osm:relation/14085472","canonicalCountryKey":"PL","capacityMw":0.0,"country":"PL","externalIds":{"osm":"relation/14085472"},"geographyId":"PL-17162690B23777949290372","id":"wattlas-plant-osm-relation-14085472","lifecycleCounts":{"operational":1},"locationPrecision":"exact","name":"Farma wiatrowa Grajewo","operatingCapacityCoverage":{"coveragePercent":0.0,"knownUnitCount":0,"method":"unavailable","totalUnitCount":0},"operatingCapacityMw":0.0,"operatingCapacityMwByTechnology":{},"plannedCapacityCoverage":{"coveragePercent":0.0,"knownUnitCount":0,"method":"unavailable","totalUnitCount":0},"plannedCapacityMw":0.0,"plannedCapacityMwByTechnology":{},"recordCount":1,"recordIds":["wattlas-record-osm-relation-14085472"],"sourceIds":["openstreetmap-power"],"technologies":["wind"],"technologyMixMw":{"wind":0.0},"unitCount":0,"unitIds":[]},"type":"Feature"},{"geometry":{"coordinates":[15.478533,53.10037],"type":"Point"},"id":"wattlas-plant-osm-relation-14343796","properties":{"aliases":["Farma Wiatrowa Krzęcin II"],"canonicalAnchor":"osm:relation/14343796","canonicalCountryKey":"PL","capacityMw":19.2,"country":"PL","externalIds":{"osm":"relation/14343796"},"geographyId":"PL-17162690B34878575347312","id":"wattlas-plant-osm-relation-14343796","lifecycleCounts":{"operational":1},"locationPrecision":"exact","name":"Farma Wiatrowa Krzęcin II","operatingCapacityCoverage":{"coveragePercent":100.0,"knownUnitCount":0,"method":"plant_aggregate","provenance":{"evidenceCount":0,"recordIds":["wattlas-record-osm-relation-14343796"],"sourceIds":["openstreetmap-power"],"sourceTypes":["community_mapped"],"valueKind":"reported"},"totalUnitCount":0},"operatingCapacityMw":19.2,"operatingCapacityMwByTechnology":{"wind":19.2},"plannedCapacityCoverage":{"coveragePercent":0.0,"knownUnitCount":0,"method":"unavailable","totalUnitCount":0},"plannedCapacityMw":0.0,"plannedCapacityMwByTechnology":{},"recordCount":1,"recordIds":["wattlas-record-osm-relation-14343796"],"sourceIds":["openstreetmap-power"],"technologies":["wind"],"technologyMixMw":{"wind":19.2},"unitCount":0,"unitIds":[]},"type":"Feature"},{"geometry":{"coordinates":[17.221404,54.373488],"type":"Point"},"id":"wattlas-plant-osm-relation-14367661","properties":{"aliases":["Farma Wiatrowa Dobieszewo"],"canonicalAnchor":"osm:relation/14367661","canonicalCountryKey":"PL","capacityMw":0.0,"country":"PL","externalIds":{"osm":"relation/14367661"},"geographyId":"PL-17162690B77437931625010","id":"wattlas-plant-osm-relation-14367661","lifecycleCounts":{"operational":1},"locationPrecision":"exact","name":"Farma Wiatrowa Dobieszewo","operatingCapacityCoverage":{"coveragePercent":0.0,"knownUnitCount":0,"method":"unavailable","totalUnitCount":0},"operatingCapacityMw":0.0,"operatingCapacityMwByTechnology":{},"plannedCapacityCoverage":{"coveragePercent":0.0,"knownUnitCount":0,"method":"unavailable","totalUnitCount":0},"plannedCapacityMw":0.0,"plannedCapacityMwByTechnology":{},"recordCount":1,"recordIds":["wattlas-record-osm-relation-14367661"],"sourceIds":["openstreetmap-power"],"technologies":["wind"],"technologyMixMw":{"wind":0.0},"unitCount":0,"unitIds":[]},"type":"Feature"},{"geometry":{"coordinates":[16.766735,54.51259],"type":"Point"},"id":"wattlas-plant-osm-relation-14376674","properties":{"aliases":["Farma Wiatrowa Ustka"],"canonicalAnchor":"osm:relation/14376674","canonicalCountryKey":"PL","capacityMw":0.0,"country":"PL","externalIds":{"osm":"relation/14376674"},"geographyId":"PL-17162690B77437931625010","id":"wattlas-plant-osm-relation-14376674","lifecycleCounts":{"operational":1},"locationPrecision":"exact","name":"Farma Wiatrowa Ustka","operatingCapacityCoverage":{"coveragePercent":0.0,"knownUnitCount":0,"method":"unavailable","totalUnitCount":0},"operatingCapacityMw":0.0,"operatingCapacityMwByTechnology":{},"plannedCapacityCoverage":{"coveragePercent":0.0,"knownUnitCount":0,"method":"unavailable","totalUnitCount":0},"plannedCapacityMw":0.0,"plannedCapacityMwByTechnology":{},"recordCount":1,"recordIds":["wattlas-record-osm-relation-14376674"],"sourceIds":["openstreetmap-power"],"technologies":["wind"],"technologyMixMw":{"wind":0.0},"unitCount":0,"unitIds":[]},"type":"Feature"},{"geometry":{"coordinates":[16.81083,54.512143],"type":"Point"},"id":"wattlas-plant-osm-relation-14376702","properties":{"aliases":["Farma Wiatrowa Ustka I"],"canonicalAnchor":"osm:relation/14376702","canonicalCountryKey":"PL","capacityMw":21.0,"country":"PL","externalIds":{"osm":"relation/14376702"},"geographyId":"PL-17162690B77437931625010","id":"wattlas-plant-osm-relation-14376702","lifecycleCounts":{"operational":1},"locationPrecision":"exact","name":"Farma Wiatrowa Ustka I","operatingCapacityCoverage":{"coveragePercent":100.0,"knownUnitCount":0,"method":"plant_aggregate","provenance":{"evidenceCount":0,"recordIds":["wattlas-record-osm-relation-14376702"],"sourceIds":["openstreetmap-power"],"sourceTypes":["community_mapped"],"valueKind":"reported"},"totalUnitCount":0},"operatingCapacityMw":21.0,"operatingCapacityMwByTechnology":{"wind":21.0},"plannedCapacityCoverage":{"coveragePercent":0.0,"knownUnitCount":0,"method":"unavailable","totalUnitCount":0},"plannedCapacityMw":0.0,"plannedCapacityMwByTechnology":{},"recordCount":1,"recordIds":["wattlas-record-osm-relation-14376702"],"sourceIds":["openstreetmap-power"],"technologies":["wind"],"technologyMixMw":{"wind":21.0},"unitCount":0,"unitIds":[]},"type":"Feature"},{"geometry":{"coordinates":[16.423298,51.03304],"type":"Point"},"id":"wattlas-plant-osm-relation-14387595","properties":{"aliases":["Farma Wiatrowa Udanin"],"canonicalAnchor":"osm:relation/14387595","canonicalCountryKey":"PL","capacityMw":0.0,"country":"PL","externalIds":{"osm":"relation/14387595"},"geographyId":"PL-17162690B9130125042960","id":"wattlas-plant-osm-relation-14387595","lifecycleCounts":{"operational":1},"locationPrecision":"exact","name":"Farma Wiatrowa Udanin","operatingCapacityCoverage":{"coveragePercent":0.0,"knownUnitCount":0,"method":"unavailable","totalUnitCount":0},"operatingCapacityMw":0.0,"operatingCapacityMwByTechnology":{},"plannedCapacityCoverage":{"coveragePercent":0.0,"knownUnitCount":0,"method":"unavailable","totalUnitCount":0},"plannedCapacityMw":0.0,"plannedCapacityMwByTechnology":{},"recordCount":1,"recordIds":["wattlas-record-osm-relation-14387595"],"sourceIds":["openstreetmap-power"],"technologies":["wind"],"technologyMixMw":{"wind":0.0},"unitCount":0,"unitIds":[]},"type":"Feature"},{"geometry":{"coordinates":[19.069865,52.310644],"type":"Point"},"id":"wattlas-plant-osm-relation-14391053","properties":{"aliases":["Farma Wiatrowa Dąbrowice"],"canonicalAnchor":"osm:relation/14391053","canonicalCountryKey":"PL","capacityMw":36.0,"country":"PL","externalIds":{"osm":"relation/14391053"},"geographyId":"PL-17162690B86810837764805","id":"wattlas-plant-osm-relation-14391053","lifecycleCounts":{"operational":1},"locationPrecision":"exact","name":"Farma Wiatrowa Dąbrowice","operatingCapacityCoverage":{"coveragePercent":100.0,"knownUnitCount":0,"method":"plant_aggregate","provenance":{"evidenceCount":0,"recordIds":["wattlas-record-osm-relation-14391053"],"sourceIds":["openstreetmap-power"],"sourceTypes":["community_mapped"],"valueKind":"reported"},"totalUnitCount":0},"operatingCapacityMw":36.0,"operatingCapacityMwByTechnology":{"wind":36.0},"plannedCapacityCoverage":{"coveragePercent":0.0,"knownUnitCount":0,"method":"unavailable","totalUnitCount":0},"plannedCapacityMw":0.0,"plannedCapacityMwByTechnology":{},"recordCount":1,"recordIds":["wattlas-record-osm-relation-14391053"],"sourceIds":["openstreetmap-power"],"technologies":["wind"],"technologyMixMw":{"wind":36.0},"unitCount":0,"unitIds":[]},"type":"Feature"},{"geometry":{"coordinates":[17.632751,51.152198],"type":"Point"},"id":"wattlas-plant-osm-relation-14391159","properties":{"aliases":["Farma Wiatrowa Pągów"],"canonicalAnchor":"osm:relation/14391159","canonicalCountryKey":"PL","capacityMw":51.0,"country":"PL","externalIds":{"osm":"relation/14391159"},"geographyId":"PL-17162690B67719337891950","id":"wattlas-plant-osm-relation-14391159","lifecycleCounts":{"operational":1},"locationPrecision":"exact","name":"Farma Wiatrowa Pągów","operatingCapacityCoverage":{"coveragePercent":100.0,"knownUnitCount":0,"method":"plant_aggregate","provenance":{"evidenceCount":0,"recordIds":["wattlas-record-osm-relation-14391159"],"sourceIds":["openstreetmap-power"],"sourceTypes":["community_mapped"],"valueKind":"reported"},"totalUnitCount":0},"operatingCapacityMw":51.0,"operatingCapacityMwByTechnology":{"wind":51.0},"plannedCapacityCoverage":{"coveragePercent":0.0,"knownUnitCount":0,"method":"unavailable","totalUnitCount":0},"plannedCapacityMw":0.0,"plannedCapacityMwByTechnology":{},"recordCount":1,"recordIds":["wattlas-record-osm-relation-14391159"],"sourceIds":["openstreetmap-power"],"technologies":["wind"],"technologyMixMw":{"wind":51.0},"unitCount":0,"unitIds":[]},"type":"Feature"},{"geometry":{"coordinates":[16.884677,52.870029],"type":"Point"},"id":"wattlas-plant-osm-relation-14665326","properties":{"aliases":["Farma Wiatrowa Budzyń"],"canonicalAnchor":"osm:relation/14665326","canonicalCountryKey":"PL","capacityMw":70.0,"country":"PL","externalIds":{"osm":"relation/14665326"},"geographyId":"PL-17162690B71775569625336","id":"wattlas-plant-osm-relation-14665326","lifecycleCounts":{"operational":1},"locationPrecision":"exact","name":"Farma Wiatrowa Budzyń","operatingCapacityCoverage":{"coveragePercent":100.0,"knownUnitCount":0,"method":"plant_aggregate","provenance":{"evidenceCount":0,"recordIds":["wattlas-record-osm-relation-14665326"],"sourceIds":["openstreetmap-power"],"sourceTypes":["community_mapped"],"valueKind":"reported"},"totalUnitCount":0},"operatingCapacityMw":70.0,"operatingCapacityMwByTechnology":{"wind":70.0},"plannedCapacityCoverage":{"coveragePercent":0.0,"knownUnitCount":0,"method":"unavailable","totalUnitCount":0},"plannedCapacityMw":0.0,"plannedCapacityMwByTechnology":{},"recordCount":1,"recordIds":["wattlas-record-osm-relation-14665326"],"sourceIds":["openstreetmap-power"],"technologies":["wind"],"technologyMixMw":{"wind":70.0},"unitCount":0,"unitIds":[]},"type":"Feature"},{"geometry":{"coordinates":[20.309843,53.277303],"type":"Point"},"id":"wattlas-plant-osm-relation-14686413","properties":{"aliases":["Farma Wiatrowa Kozłowo"],"canonicalAnchor":"osm:relation/14686413","canonicalCountryKey":"PL","capacityMw":50.6,"country":"PL","externalIds":{"osm":"relation/14686413"},"geographyId":"PL-17162690B18723007704312","id":"wattlas-plant-osm-relation-14686413","lifecycleCounts":{"operational":1},"locationPrecision":"exact","name":"Farma Wiatrowa Kozłowo","operatingCapacityCoverage":{"coveragePercent":100.0,"knownUnitCount":0,"method":"plant_aggregate","provenance":{"evidenceCount":0,"recordIds":["wattlas-record-osm-relation-14686413"],"sourceIds":["openstreetmap-power"],"sourceTypes":["community_mapped"],"valueKind":"reported"},"totalUnitCount":0},"operatingCapacityMw":50.6,"operatingCapacityMwByTechnology":{"wind":50.6},"plannedCapacityCoverage":{"coveragePercent":0.0,"knownUnitCount":0,"method":"unavailable","totalUnitCount":0},"plannedCapacityMw":0.0,"plannedCapacityMwByTechnology":{},"recordCount":1,"recordIds":["wattlas-record-osm-relation-14686413"],"sourceIds":["openstreetmap-power"],"technologies":["wind"],"technologyMixMw":{"wind":50.6},"unitCount":0,"unitIds":[]},"type":"Feature"},{"geometry":{"coordinates":[16.372546,52.394174],"type":"Point"},"id":"wattlas-plant-osm-relation-14690546","properties":{"aliases":["Farma Wiatrowa Kuślin"],"canonicalAnchor":"osm:relation/14690546","canonicalCountryKey":"PL","capacityMw":0.0,"country":"PL","externalIds":{"osm":"relation/14690546"},"geographyId":"PL-17162690B71775569625336","id":"wattlas-plant-osm-relation-14690546","lifecycleCounts":{"operational":1},"locationPrecision":"exact","name":"Farma Wiatrowa Kuślin","operatingCapacityCoverage":{"coveragePercent":0.0,"knownUnitCount":0,"method":"unavailable","totalUnitCount":0},"operatingCapacityMw":0.0,"operatingCapacityMwByTechnology":{},"plannedCapacityCoverage":{"coveragePercent":0.0,"knownUnitCount":0,"method":"unavailable","totalUnitCount":0},"plannedCapacityMw":0.0,"plannedCapacityMwByTechnology":{},"recordCount":1,"recordIds":["wattlas-record-osm-relation-14690546"],"sourceIds":["openstreetmap-power"],"technologies":["wind"],"technologyMixMw":{"wind":0.0},"unitCount":0,"unitIds":[]},"type":"Feature"},{"geometry":{"coordinates":[16.412507,52.17849],"type":"Point"},"id":"wattlas-plant-osm-relation-14690660","properties":{"aliases":["Farma Wiatrowa Ujazd"],"canonicalAnchor":"osm:relation/14690660","canonicalCountryKey":"PL","capacityMw":30.0,"country":"PL","externalIds":{"osm":"relation/14690660"},"geographyId":"PL-17162690B71775569625336","id":"wattlas-plant-osm-relation-14690660","lifecycleCounts":{"operational":1},"locationPrecision":"exact","name":"Farma Wiatrowa Ujazd","operatingCapacityCoverage":{"coveragePercent":100.0,"knownUnitCount":0,"method":"plant_aggregate","provenance":{"evidenceCount":0,"recordIds":["wattlas-record-osm-relation-14690660"],"sourceIds":["openstreetmap-power"],"sourceTypes":["community_mapped"],"valueKind":"reported"},"totalUnitCount":0},"operatingCapacityMw":30.0,"operatingCapacityMwByTechnology":{"wind":30.0},"plannedCapacityCoverage":{"coveragePercent":0.0,"knownUnitCount":0,"method":"unavailable","totalUnitCount":0},"plannedCapacityMw":0.0,"plannedCapacityMwByTechnology":{},"recordCount":1,"recordIds":["wattlas-record-osm-relation-14690660"],"sourceIds":["openstreetmap-power"],"technologies":["wind"],"technologyMixMw":{"wind":30.0},"unitCount":0,"unitIds":[]},"type":"Feature"},{"geometry":{"coordinates":[17.370653,51.81917],"type":"Point"},"id":"wattlas-plant-osm-relation-14690896","properties":{"aliases":["Farma Wiatrowa Jarocin-Koźmin"],"canonicalAnchor":"osm:relation/14690896","canonicalCountryKey":"PL","capacityMw":0.0,"country":"PL","externalIds":{"osm":"relation/14690896"},"geographyId":"PL-17162690B71775569625336","id":"wattlas-plant-osm-relation-14690896","lifecycleCounts":{"operational":1},"locationPrecision":"exact","name":"Farma Wiatrowa Jarocin-Koźmin","operatingCapacityCoverage":{"coveragePercent":0.0,"knownUnitCount":0,"method":"unavailable","totalUnitCount":0},"operatingCapacityMw":0.0,"operatingCapacityMwByTechnology":{},"plannedCapacityCoverage":{"coveragePercent":0.0,"knownUnitCount":0,"method":"unavailable","totalUnitCount":0},"plannedCapacityMw":0.0,"plannedCapacityMwByTechnology":{},"recordCount":1,"recordIds":["wattlas-record-osm-relation-14690896"],"sourceIds":["openstreetmap-power"],"technologies":["wind"],"technologyMixMw":{"wind":0.0},"unitCount":0,"unitIds":[]},"type":"Feature"},{"geometry":{"coordinates":[16.029478,53.978078],"type":"Point"},"id":"wattlas-plant-osm-relation-14713961","properties":{"aliases":["Farma Wiatrowa Dargikowo"],"canonicalAnchor":"osm:relation/14713961","canonicalCountryKey":"PL","capacityMw":133.0,"country":"PL","externalIds":{"osm":"relation/14713961"},"geographyId":"PL-17162690B34878575347312","id":"wattlas-plant-osm-relation-14713961","lifecycleCounts":{"operational":1},"locationPrecision":"exact","name":"Farma Wiatrowa Dargikowo","operatingCapacityCoverage":{"coveragePercent":100.0,"knownUnitCount":0,"method":"plant_aggregate","provenance":{"evidenceCount":0,"recordIds":["wattlas-record-osm-relation-14713961"],"sourceIds":["openstreetmap-power"],"sourceTypes":["community_mapped"],"valueKind":"reported"},"totalUnitCount":0},"operatingCapacityMw":133.0,"operatingCapacityMwByTechnology":{"wind":133.0},"plannedCapacityCoverage":{"coveragePercent":0.0,"knownUnitCount":0,"method":"unavailable","totalUnitCount":0},"plannedCapacityMw":0.0,"plannedCapacityMwByTechnology":{},"recordCount":1,"recordIds":["wattlas-record-osm-relation-14713961"],"sourceIds":["openstreetmap-power"],"technologies":["wind"],"technologyMixMw":{"wind":133.0},"unitCount":0,"unitIds":[]},"type":"Feature"},{"geometry":{"coordinates":[17.320188,54.434048],"type":"Point"},"id":"wattlas-plant-osm-relation-14767749","properties":{"aliases":["Farma Wiatrowa Wieliszewo"],"canonicalAnchor":"osm:relation/14767749","canonicalCountryKey":"PL","capacityMw":37.0,"country":"PL","externalIds":{"osm":"relation/14767749"},"geographyId":"PL-17162690B77437931625010","id":"wattlas-plant-osm-relation-14767749","lifecycleCounts":{"operational":1},"locationPrecision":"exact","name":"Farma Wiatrowa Wieliszewo","operatingCapacityCoverage":{"coveragePercent":100.0,"knownUnitCount":0,"method":"plant_aggregate","provenance":{"evidenceCount":0,"recordIds":["wattlas-record-osm-relation-14767749"],"sourceIds":["openstreetmap-power"],"sourceTypes":["community_mapped"],"valueKind":"reported"},"totalUnitCount":0},"operatingCapacityMw":37.0,"operatingCapacityMwByTechnology":{"wind":37.0},"plannedCapacityCoverage":{"coveragePercent":0.0,"knownUnitCount":0,"method":"unavailable","totalUnitCount":0},"plannedCapacityMw":0.0,"plannedCapacityMwByTechnology":{},"recordCount":1,"recordIds":["wattlas-record-osm-relation-14767749"],"sourceIds":["openstreetmap-power"],"technologies":["wind"],"technologyMixMw":{"wind":37.0},"unitCount":0,"unitIds":[]},"type":"Feature"},{"geometry":{"coordinates":[18.580682,52.605518],"type":"Point"},"id":"wattlas-plant-osm-relation-15034270","properties":{"aliases":["Farma Wiatrowa Pruchnowo"],"canonicalAnchor":"osm:relation/15034270","canonicalCountryKey":"PL","capacityMw":18.0,"country":"PL","externalIds":{"osm":"relation/15034270"},"geographyId":"PL-17162690B37876665907262","id":"wattlas-plant-osm-relation-15034270","lifecycleCounts":{"operational":1},"locationPrecision":"exact","name":"Farma Wiatrowa Pruchnowo","operatingCapacityCoverage":{"coveragePercent":100.0,"knownUnitCount":0,"method":"plant_aggregate","provenance":{"evidenceCount":0,"recordIds":["wattlas-record-osm-relation-15034270"],"sourceIds":["openstreetmap-power"],"sourceTypes":["community_mapped"],"valueKind":"reported"},"totalUnitCount":0},"operatingCapacityMw":18.0,"operatingCapacityMwByTechnology":{"wind":18.0},"plannedCapacityCoverage":{"coveragePercent":0.0,"knownUnitCount":0,"method":"unavailable","totalUnitCount":0},"plannedCapacityMw":0.0,"plannedCapacityMwByTechnology":{},"recordCount":1,"recordIds":["wattlas-record-osm-relation-15034270"],"sourceIds":["openstreetmap-power"],"technologies":["wind"],"technologyMixMw":{"wind":18.0},"unitCount":0,"unitIds":[]},"type":"Feature"},{"geometry":{"coordinates":[19.990573,53.15467],"type":"Point"},"id":"wattlas-plant-osm-relation-15341569","properties":{"aliases":["Farma Wiatrowa Lubowidz-Zalesie"],"canonicalAnchor":"osm:relation/15341569","canonicalCountryKey":"PL","capacityMw":24.0,"country":"PL","externalIds":{"osm":"relation/15341569"},"geographyId":"PL-17162690B84565288021286","id":"wattlas-plant-osm-relation-15341569","lifecycleCounts":{"operational":1},"locationPrecision":"exact","name":"Farma Wiatrowa Lubowidz-Zalesie","operatingCapacityCoverage":{"coveragePercent":100.0,"knownUnitCount":0,"method":"plant_aggregate","provenance":{"evidenceCount":0,"recordIds":["wattlas-record-osm-relation-15341569"],"sourceIds":["openstreetmap-power"],"sourceTypes":["community_mapped"],"valueKind":"reported"},"totalUnitCount":0},"operatingCapacityMw":24.0,"operatingCapacityMwByTechnology":{"wind":24.0},"plannedCapacityCoverage":{"coveragePercent":0.0,"knownUnitCount":0,"method":"unavailable","totalUnitCount":0},"plannedCapacityMw":0.0,"plannedCapacityMwByTechnology":{},"recordCount":1,"recordIds":["wattlas-record-osm-relation-15341569"],"sourceIds":["openstreetmap-power"],"technologies":["wind"],"technologyMixMw":{"wind":24.0},"unitCount":0,"unitIds":[]},"type":"Feature"},{"geometry":{"coordinates":[19.979104,53.051765],"type":"Point"},"id":"wattlas-plant-osm-relation-15421604","properties":{"aliases":["Farma Wiatrowa Dębsk"],"canonicalAnchor":"osm:relation/15421604","canonicalCountryKey":"PL","capacityMw":121.0,"country":"PL","externalIds":{"osm":"relation/15421604"},"geographyId":"PL-17162690B84565288021286","id":"wattlas-plant-osm-relation-15421604","lifecycleCounts":{"operational":1},"locationPrecision":"exact","name":"Farma Wiatrowa Dębsk","operatingCapacityCoverage":{"coveragePercent":100.0,"knownUnitCount":0,"method":"plant_aggregate","provenance":{"evidenceCount":0,"recordIds":["wattlas-record-osm-relation-15421604"],"sourceIds":["openstreetmap-power"],"sourceTypes":["community_mapped"],"valueKind":"reported"},"totalUnitCount":0},"operatingCapacityMw":121.0,"operatingCapacityMwByTechnology":{"wind":121.0},"plannedCapacityCoverage":{"coveragePercent":0.0,"knownUnitCount":0,"method":"unavailable","totalUnitCount":0},"plannedCapacityMw":0.0,"plannedCapacityMwByTechnology":{},"recordCount":1,"recordIds":["wattlas-record-osm-relation-15421604"],"sourceIds":["openstreetmap-power"],"technologies":["wind"],"technologyMixMw":{"wind":121.0},"unitCount":0,"unitIds":[]},"type":"Feature"},{"geometry":{"coordinates":[18.590631,50.512383],"type":"Point"},"id":"wattlas-plant-osm-relation-15487687","properties":{"aliases":["Farma Wiatrowa Wielowieś"],"canonicalAnchor":"osm:relation/15487687","canonicalCountryKey":"PL","capacityMw":66.0,"country":"PL","externalIds":{"osm":"relation/15487687"},"geographyId":"PL-17162690B16879770934003","id":"wattlas-plant-osm-relation-15487687","lifecycleCounts":{"operational":1},"locationPrecision":"exact","name":"Farma Wiatrowa Wielowieś","operatingCapacityCoverage":{"coveragePercent":100.0,"knownUnitCount":0,"method":"plant_aggregate","provenance":{"evidenceCount":0,"recordIds":["wattlas-record-osm-relation-15487687"],"sourceIds":["openstreetmap-power"],"sourceTypes":["community_mapped"],"valueKind":"reported"},"totalUnitCount":0},"operatingCapacityMw":66.0,"operatingCapacityMwByTechnology":{"wind":66.0},"plannedCapacityCoverage":{"coveragePercent":0.0,"knownUnitCount":0,"method":"unavailable","totalUnitCount":0},"plannedCapacityMw":0.0,"plannedCapacityMwByTechnology":{},"recordCount":1,"recordIds":["wattlas-record-osm-relation-15487687"],"sourceIds":["openstreetmap-power"],"technologies":["wind"],"technologyMixMw":{"wind":66.0},"unitCount":0,"unitIds":[]},"type":"Feature"},{"geometry":{"coordinates":[14.738485,52.465396],"type":"Point"},"id":"wattlas-plant-osm-relation-16029921","properties":{"aliases":["Farma wiatrowa Górzyca"],"canonicalAnchor":"osm:relation/16029921","canonicalCountryKey":"PL","capacityMw":24.0,"country":"PL","externalIds":{"osm":"relation/16029921"},"geographyId":"PL-17162690B87710404837799","id":"wattlas-plant-osm-relation-16029921","lifecycleCounts":{"operational":1},"locationPrecision":"exact","name":"Farma wiatrowa Górzyca","operatingCapacityCoverage":{"coveragePercent":100.0,"knownUnitCount":0,"method":"plant_aggregate","provenance":{"evidenceCount":0,"recordIds":["wattlas-record-osm-relation-16029921"],"sourceIds":["openstreetmap-power"],"sourceTypes":["community_mapped"],"valueKind":"reported"},"totalUnitCount":0},"operatingCapacityMw":24.0,"operatingCapacityMwByTechnology":{"wind":24.0},"plannedCapacityCoverage":{"coveragePercent":0.0,"knownUnitCount":0,"method":"unavailable","totalUnitCount":0},"plannedCapacityMw":0.0,"plannedCapacityMwByTechnology":{},"recordCount":1,"recordIds":["wattlas-record-osm-relation-16029921"],"sourceIds":["openstreetmap-power"],"technologies":["wind"],"technologyMixMw":{"wind":24.0},"unitCount":0,"unitIds":[]},"type":"Feature"},{"geometry":{"coordinates":[23.69675,50.76957],"type":"Point"},"id":"wattlas-plant-osm-relation-16030056","properties":{"aliases":["Farma wiatrowa Werbkowice"],"canonicalAnchor":"osm:relation/16030056","canonicalCountryKey":"PL","capacityMw":20.0,"country":"PL","externalIds":{"osm":"relation/16030056"},"geographyId":"PL-17162690B69262761487853","id":"wattlas-plant-osm-relation-16030056","lifecycleCounts":{"operational":1},"locationPrecision":"exact","name":"Farma wiatrowa Werbkowice","operatingCapacityCoverage":{"coveragePercent":100.0,"knownUnitCount":0,"method":"plant_aggregate","provenance":{"evidenceCount":0,"recordIds":["wattlas-record-osm-relation-16030056"],"sourceIds":["openstreetmap-power"],"sourceTypes":["community_mapped"],"valueKind":"reported"},"totalUnitCount":0},"operatingCapacityMw":20.0,"operatingCapacityMwByTechnology":{"wind":20.0},"plannedCapacityCoverage":{"coveragePercent":0.0,"knownUnitCount":0,"method":"unavailable","totalUnitCount":0},"plannedCapacityMw":0.0,"plannedCapacityMwByTechnology":{},"recordCount":1,"recordIds":["wattlas-record-osm-relation-16030056"],"sourceIds":["openstreetmap-power"],"technologies":["wind"],"technologyMixMw":{"wind":20.0},"unitCount":0,"unitIds":[]},"type":"Feature"},{"geometry":{"coordinates":[22.398328,53.615652],"type":"Point"},"id":"wattlas-plant-osm-relation-16218972","properties":{"aliases":["Farma wiatrowa Grajewo II"],"canonicalAnchor":"osm:relation/16218972","canonicalCountryKey":"PL","capacityMw":41.4,"country":"PL","externalIds":{"osm":"relation/16218972"},"geographyId":"PL-17162690B23777949290372","id":"wattlas-plant-osm-relation-16218972","lifecycleCounts":{"operational":1},"locationPrecision":"exact","name":"Farma wiatrowa Grajewo II","operatingCapacityCoverage":{"coveragePercent":100.0,"knownUnitCount":0,"method":"plant_aggregate","provenance":{"evidenceCount":0,"recordIds":["wattlas-record-osm-relation-16218972"],"sourceIds":["openstreetmap-power"],"sourceTypes":["community_mapped"],"valueKind":"reported"},"totalUnitCount":0},"operatingCapacityMw":41.4,"operatingCapacityMwByTechnology":{"wind":41.4},"plannedCapacityCoverage":{"coveragePercent":0.0,"knownUnitCount":0,"method":"unavailable","totalUnitCount":0},"plannedCapacityMw":0.0,"plannedCapacityMwByTechnology":{},"recordCount":1,"recordIds":["wattlas-record-osm-relation-16218972"],"sourceIds":["openstreetmap-power"],"technologies":["wind"],"technologyMixMw":{"wind":41.4},"unitCount":0,"unitIds":[]},"type":"Feature"},{"geometry":{"coordinates":[22.754253,52.135295],"type":"Point"},"id":"wattlas-plant-osm-relation-16219040","properties":{"aliases":["Farma wiatrowa Huszlew"],"canonicalAnchor":"osm:relation/16219040","canonicalCountryKey":"PL","capacityMw":45.0,"country":"PL","externalIds":{"osm":"relation/16219040"},"geographyId":"PL-17162690B84565288021286","id":"wattlas-plant-osm-relation-16219040","lifecycleCounts":{"operational":1},"locationPrecision":"exact","name":"Farma wiatrowa Huszlew","operatingCapacityCoverage":{"coveragePercent":100.0,"knownUnitCount":0,"method":"plant_aggregate","provenance":{"evidenceCount":0,"recordIds":["wattlas-record-osm-relation-16219040"],"sourceIds":["openstreetmap-power"],"sourceTypes":["community_mapped"],"valueKind":"reported"},"totalUnitCount":0},"operatingCapacityMw":45.0,"operatingCapacityMwByTechnology":{"wind":45.0},"plannedCapacityCoverage":{"coveragePercent":0.0,"knownUnitCount":0,"method":"unavailable","totalUnitCount":0},"plannedCapacityMw":0.0,"plannedCapacityMwByTechnology":{},"recordCount":1,"recordIds":["wattlas-record-osm-relation-16219040"],"sourceIds":["openstreetmap-power"],"technologies":["wind"],"technologyMixMw":{"wind":45.0},"unitCount":0,"unitIds":[]},"type":"Feature"},{"geometry":{"coordinates":[15.953759,53.53925],"type":"Point"},"id":"wattlas-plant-osm-relation-16260613","properties":{"aliases":["Biogazownia Darskowo"],"canonicalAnchor":"osm:relation/16260613","canonicalCountryKey":"PL","capacityMw":999.0,"country":"PL","externalIds":{"osm":"relation/16260613"},"geographyId":"PL-17162690B34878575347312","id":"wattlas-plant-osm-relation-16260613","lifecycleCounts":{"operational":1},"locationPrecision":"exact","name":"Biogazownia Darskowo","operatingCapacityCoverage":{"coveragePercent":100.0,"knownUnitCount":0,"method":"plant_aggregate","provenance":{"evidenceCount":0,"recordIds":["wattlas-record-osm-relation-16260613"],"sourceIds":["openstreetmap-power"],"sourceTypes":["community_mapped"],"valueKind":"reported"},"totalUnitCount":0},"operatingCapacityMw":999.0,"operatingCapacityMwByTechnology":{"gas":999.0},"plannedCapacityCoverage":{"coveragePercent":0.0,"knownUnitCount":0,"method":"unavailable","totalUnitCount":0},"plannedCapacityMw":0.0,"plannedCapacityMwByTechnology":{},"recordCount":1,"recordIds":["wattlas-record-osm-relation-16260613"],"sourceIds":["openstreetmap-power"],"technologies":["gas"],"technologyMixMw":{"gas":999.0},"unitCount":0,"unitIds":[]},"type":"Feature"},{"geometry":{"coordinates":[21.010271,54.211213],"type":"Point"},"id":"wattlas-plant-osm-relation-16285707","properties":{"aliases":["Farma Wiatrowa Sępopol"],"canonicalAnchor":"osm:relation/16285707","canonicalCountryKey":"PL","capacityMw":44.0,"country":"PL","externalIds":{"osm":"relation/16285707"},"geographyId":"PL-17162690B18723007704312","id":"wattlas-plant-osm-relation-16285707","lifecycleCounts":{"operational":1},"locationPrecision":"exact","name":"Farma Wiatrowa Sępopol","operatingCapacityCoverage":{"coveragePercent":100.0,"knownUnitCount":0,"method":"plant_aggregate","provenance":{"evidenceCount":0,"recordIds":["wattlas-record-osm-relation-16285707"],"sourceIds":["openstreetmap-power"],"sourceTypes":["community_mapped"],"valueKind":"reported"},"totalUnitCount":0},"operatingCapacityMw":44.0,"operatingCapacityMwByTechnology":{"wind":44.0},"plannedCapacityCoverage":{"coveragePercent":0.0,"knownUnitCount":0,"method":"unavailable","totalUnitCount":0},"plannedCapacityMw":0.0,"plannedCapacityMwByTechnology":{},"recordCount":1,"recordIds":["wattlas-record-osm-relation-16285707"],"sourceIds":["openstreetmap-power"],"technologies":["wind"],"technologyMixMw":{"wind":44.0},"unitCount":0,"unitIds":[]},"type":"Feature"},{"geometry":{"coordinates":[17.795661,54.689037],"type":"Point"},"id":"wattlas-plant-osm-relation-16313330","properties":{"aliases":["Elektrownia fotowoltaiczna Zwartowo"],"canonicalAnchor":"osm:relation/16313330","canonicalCountryKey":"PL","capacityMw":204.0,"country":"PL","externalIds":{"osm":"relation/16313330"},"geographyId":"PL-17162690B77437931625010","id":"wattlas-plant-osm-relation-16313330","lifecycleCounts":{"operational":1},"locationPrecision":"exact","name":"Elektrownia fotowoltaiczna Zwartowo","operatingCapacityCoverage":{"coveragePercent":100.0,"knownUnitCount":0,"method":"plant_aggregate","provenance":{"evidenceCount":0,"recordIds":["wattlas-record-osm-relation-16313330"],"sourceIds":["openstreetmap-power"],"sourceTypes":["community_mapped"],"valueKind":"reported"},"totalUnitCount":0},"operatingCapacityMw":204.0,"operatingCapacityMwByTechnology":{"solar":204.0},"plannedCapacityCoverage":{"coveragePercent":0.0,"knownUnitCount":0,"method":"unavailable","totalUnitCount":0},"plannedCapacityMw":0.0,"plannedCapacityMwByTechnology":{},"recordCount":1,"recordIds":["wattlas-record-osm-relation-16313330"],"sourceIds":["openstreetmap-power"],"technologies":["solar"],"technologyMixMw":{"solar":204.0},"unitCount":0,"unitIds":[]},"type":"Feature"},{"geometry":{"coordinates":[18.653438,52.07898],"type":"Point"},"id":"wattlas-plant-osm-relation-16363617","properties":{"aliases":["Farma PV Brudzew"],"canonicalAnchor":"osm:relation/16363617","canonicalCountryKey":"PL","capacityMw":70.0,"country":"PL","externalIds":{"osm":"relation/16363617"},"geographyId":"PL-17162690B71775569625336","id":"wattlas-plant-osm-relation-16363617","lifecycleCounts":{"operational":1},"locationPrecision":"exact","name":"Farma PV Brudzew","operatingCapacityCoverage":{"coveragePercent":100.0,"knownUnitCount":0,"method":"plant_aggregate","provenance":{"evidenceCount":0,"recordIds":["wattlas-record-osm-relation-16363617"],"sourceIds":["openstreetmap-power"],"sourceTypes":["community_mapped"],"valueKind":"reported"},"totalUnitCount":0},"operatingCapacityMw":70.0,"operatingCapacityMwByTechnology":{"solar":70.0},"plannedCapacityCoverage":{"coveragePercent":0.0,"knownUnitCount":0,"method":"unavailable","totalUnitCount":0},"plannedCapacityMw":0.0,"plannedCapacityMwByTechnology":{},"recordCount":1,"recordIds":["wattlas-record-osm-relation-16363617"],"sourceIds":["openstreetmap-power"],"technologies":["solar"],"technologyMixMw":{"solar":70.0},"unitCount":0,"unitIds":[]},"type":"Feature"},{"geometry":{"coordinates":[15.901339,54.045813],"type":"Point"},"id":"wattlas-plant-osm-relation-16414843","properties":{"aliases":["Farma Wiatrowa Karlino"],"canonicalAnchor":"osm:relation/16414843","canonicalCountryKey":"PL","capacityMw":53.0,"country":"PL","externalIds":{"osm":"relation/16414843"},"geographyId":"PL-17162690B34878575347312","id":"wattlas-plant-osm-relation-16414843","lifecycleCounts":{"operational":1},"locationPrecision":"exact","name":"Farma Wiatrowa Karlino","operatingCapacityCoverage":{"coveragePercent":100.0,"knownUnitCount":0,"method":"plant_aggregate","provenance":{"evidenceCount":0,"recordIds":["wattlas-record-osm-relation-16414843"],"sourceIds":["openstreetmap-power"],"sourceTypes":["community_mapped"],"valueKind":"reported"},"totalUnitCount":0},"operatingCapacityMw":53.0,"operatingCapacityMwByTechnology":{"wind":53.0},"plannedCapacityCoverage":{"coveragePercent":0.0,"knownUnitCount":0,"method":"unavailable","totalUnitCount":0},"plannedCapacityMw":0.0,"plannedCapacityMwByTechnology":{},"recordCount":1,"recordIds":["wattlas-record-osm-relation-16414843"],"sourceIds":["openstreetmap-power"],"technologies":["wind"],"technologyMixMw":{"wind":53.0},"unitCount":0,"unitIds":[]},"type":"Feature"},{"geometry":{"coordinates":[22.128049,50.219179],"type":"Point"},"id":"wattlas-plant-osm-relation-16750680","properties":{"aliases":["Mapped power plant · OSM 16750680"],"canonicalAnchor":"osm:relation/16750680","canonicalCountryKey":"PL","capacityMw":2.0,"country":"PL","externalIds":{"osm":"relation/16750680"},"geographyId":"PL-17162690B44985096553766","id":"wattlas-plant-osm-relation-16750680","lifecycleCounts":{"operational":1},"locationPrecision":"exact","name":"Mapped power plant · OSM 16750680","operatingCapacityCoverage":{"coveragePercent":100.0,"knownUnitCount":0,"method":"plant_aggregate","provenance":{"evidenceCount":0,"recordIds":["wattlas-record-osm-relation-16750680"],"sourceIds":["openstreetmap-power"],"sourceTypes":["community_mapped"],"valueKind":"reported"},"totalUnitCount":0},"operatingCapacityMw":2.0,"operatingCapacityMwByTechnology":{"solar":2.0},"plannedCapacityCoverage":{"coveragePercent":0.0,"knownUnitCount":0,"method":"unavailable","totalUnitCount":0},"plannedCapacityMw":0.0,"plannedCapacityMwByTechnology":{},"recordCount":1,"recordIds":["wattlas-record-osm-relation-16750680"],"sourceIds":["openstreetmap-power"],"technologies":["solar"],"technologyMixMw":{"solar":2.0},"unitCount":0,"unitIds":[]},"type":"Feature"},{"geometry":{"coordinates":[15.103381,54.06803],"type":"Point"},"id":"wattlas-plant-osm-relation-16769607","properties":{"aliases":["Farma Wiatrowa Lędzin"],"canonicalAnchor":"osm:relation/16769607","canonicalCountryKey":"PL","capacityMw":7.7,"country":"PL","externalIds":{"osm":"relation/16769607"},"geographyId":"PL-17162690B34878575347312","id":"wattlas-plant-osm-relation-16769607","lifecycleCounts":{"operational":1},"locationPrecision":"exact","name":"Farma Wiatrowa Lędzin","operatingCapacityCoverage":{"coveragePercent":100.0,"knownUnitCount":0,"method":"plant_aggregate","provenance":{"evidenceCount":0,"recordIds":["wattlas-record-osm-relation-16769607"],"sourceIds":["openstreetmap-power"],"sourceTypes":["community_mapped"],"valueKind":"reported"},"totalUnitCount":0},"operatingCapacityMw":7.7,"operatingCapacityMwByTechnology":{"wind":7.7},"plannedCapacityCoverage":{"coveragePercent":0.0,"knownUnitCount":0,"method":"unavailable","totalUnitCount":0},"plannedCapacityMw":0.0,"plannedCapacityMwByTechnology":{},"recordCount":1,"recordIds":["wattlas-record-osm-relation-16769607"],"sourceIds":["openstreetmap-power"],"technologies":["wind"],"technologyMixMw":{"wind":7.7},"unitCount":0,"unitIds":[]},"type":"Feature"},{"geometry":{"coordinates":[22.624999,50.693995],"type":"Point"},"id":"wattlas-plant-osm-relation-16772699","properties":{"aliases":["Farma Wiatrowa Dzwola"],"canonicalAnchor":"osm:relation/16772699","canonicalCountryKey":"PL","capacityMw":35.0,"country":"PL","externalIds":{"osm":"relation/16772699"},"geographyId":"PL-17162690B69262761487853","id":"wattlas-plant-osm-relation-16772699","lifecycleCounts":{"operational":1},"locationPrecision":"exact","name":"Farma Wiatrowa Dzwola","operatingCapacityCoverage":{"coveragePercent":100.0,"knownUnitCount":0,"method":"plant_aggregate","provenance":{"evidenceCount":0,"recordIds":["wattlas-record-osm-relation-16772699"],"sourceIds":["openstreetmap-power"],"sourceTypes":["community_mapped"],"valueKind":"reported"},"totalUnitCount":0},"operatingCapacityMw":35.0,"operatingCapacityMwByTechnology":{"wind":35.0},"plannedCapacityCoverage":{"coveragePercent":0.0,"knownUnitCount":0,"method":"unavailable","totalUnitCount":0},"plannedCapacityMw":0.0,"plannedCapacityMwByTechnology":{},"recordCount":1,"recordIds":["wattlas-record-osm-relation-16772699"],"sourceIds":["openstreetmap-power"],"technologies":["wind"],"technologyMixMw":{"wind":35.0},"unitCount":0,"unitIds":[]},"type":"Feature"},{"geometry":{"coordinates":[15.337664,54.11444],"type":"Point"},"id":"wattlas-plant-osm-relation-16774845","properties":{"aliases":["Farma Wiatrowa Roby"],"canonicalAnchor":"osm:relation/16774845","canonicalCountryKey":"PL","capacityMw":4.25,"country":"PL","externalIds":{"osm":"relation/16774845"},"geographyId":"PL-17162690B34878575347312","id":"wattlas-plant-osm-relation-16774845","lifecycleCounts":{"operational":1},"locationPrecision":"exact","name":"Farma Wiatrowa Roby","operatingCapacityCoverage":{"coveragePercent":100.0,"knownUnitCount":0,"method":"plant_aggregate","provenance":{"evidenceCount":0,"recordIds":["wattlas-record-osm-relation-16774845"],"sourceIds":["openstreetmap-power"],"sourceTypes":["community_mapped"],"valueKind":"reported"},"totalUnitCount":0},"operatingCapacityMw":4.25,"operatingCapacityMwByTechnology":{"wind":4.25},"plannedCapacityCoverage":{"coveragePercent":0.0,"knownUnitCount":0,"method":"unavailable","totalUnitCount":0},"plannedCapacityMw":0.0,"plannedCapacityMwByTechnology":{},"recordCount":1,"recordIds":["wattlas-record-osm-relation-16774845"],"sourceIds":["openstreetmap-power"],"technologies":["wind"],"technologyMixMw":{"wind":4.25},"unitCount":0,"unitIds":[]},"type":"Feature"},{"geometry":{"coordinates":[17.458258,54.444591],"type":"Point"},"id":"wattlas-plant-osm-relation-17005305","properties":{"aliases":["Farma wiatrowa Potęgowo"],"canonicalAnchor":"osm:relation/17005305","canonicalCountryKey":"PL","capacityMw":0.0,"country":"PL","externalIds":{"osm":"relation/17005305"},"geographyId":"PL-17162690B77437931625010","id":"wattlas-plant-osm-relation-17005305","lifecycleCounts":{"operational":1},"locationPrecision":"exact","name":"Farma wiatrowa Potęgowo","operatingCapacityCoverage":{"coveragePercent":0.0,"knownUnitCount":0,"method":"unavailable","totalUnitCount":0},"operatingCapacityMw":0.0,"operatingCapacityMwByTechnology":{},"plannedCapacityCoverage":{"coveragePercent":0.0,"knownUnitCount":0,"method":"unavailable","totalUnitCount":0},"plannedCapacityMw":0.0,"plannedCapacityMwByTechnology":{},"recordCount":1,"recordIds":["wattlas-record-osm-relation-17005305"],"sourceIds":["openstreetmap-power"],"technologies":["wind"],"technologyMixMw":{"wind":0.0},"unitCount":0,"unitIds":[]},"type":"Feature"},{"geometry":{"coordinates":[16.42561,53.83841],"type":"Point"},"id":"wattlas-plant-osm-relation-17319283","properties":{"aliases":["Biogazownia Eko-Energia Grzmiaca"],"canonicalAnchor":"osm:relation/17319283","canonicalCountryKey":"PL","capacityMw":1.6,"country":"PL","externalIds":{"osm":"relation/17319283"},"geographyId":"PL-17162690B34878575347312","id":"wattlas-plant-osm-relation-17319283","lifecycleCounts":{"operational":1},"locationPrecision":"exact","name":"Biogazownia Eko-Energia Grzmiaca","operatingCapacityCoverage":{"coveragePercent":100.0,"knownUnitCount":0,"method":"plant_aggregate","provenance":{"evidenceCount":0,"recordIds":["wattlas-record-osm-relation-17319283"],"sourceIds":["openstreetmap-power"],"sourceTypes":["community_mapped"],"valueKind":"reported"},"totalUnitCount":0},"operatingCapacityMw":1.6,"operatingCapacityMwByTechnology":{"gas":1.6},"plannedCapacityCoverage":{"coveragePercent":0.0,"knownUnitCount":0,"method":"unavailable","totalUnitCount":0},"plannedCapacityMw":0.0,"plannedCapacityMwByTechnology":{},"recordCount":1,"recordIds":["wattlas-record-osm-relation-17319283"],"sourceIds":["openstreetmap-power"],"technologies":["gas"],"technologyMixMw":{"gas":1.6},"unitCount":0,"unitIds":[]},"type":"Feature"},{"geometry":{"coordinates":[18.697455,54.336372],"type":"Point"},"id":"wattlas-plant-osm-relation-17500571","properties":{"aliases":["Farma Fotowoltaiczna Gdańsk Połęże"],"canonicalAnchor":"osm:relation/17500571","canonicalCountryKey":"PL","capacityMw":7.0,"country":"PL","externalIds":{"osm":"relation/17500571"},"geographyId":"PL-17162690B77437931625010","id":"wattlas-plant-osm-relation-17500571","lifecycleCounts":{"operational":1},"locationPrecision":"exact","name":"Farma Fotowoltaiczna Gdańsk Połęże","operatingCapacityCoverage":{"coveragePercent":100.0,"knownUnitCount":0,"method":"plant_aggregate","provenance":{"evidenceCount":0,"recordIds":["wattlas-record-osm-relation-17500571"],"sourceIds":["openstreetmap-power"],"sourceTypes":["community_mapped"],"valueKind":"reported"},"totalUnitCount":0},"operatingCapacityMw":7.0,"operatingCapacityMwByTechnology":{"solar":7.0},"plannedCapacityCoverage":{"coveragePercent":0.0,"knownUnitCount":0,"method":"unavailable","totalUnitCount":0},"plannedCapacityMw":0.0,"plannedCapacityMwByTechnology":{},"recordCount":1,"recordIds":["wattlas-record-osm-relation-17500571"],"sourceIds":["openstreetmap-power"],"technologies":["solar"],"technologyMixMw":{"solar":7.0},"unitCount":0,"unitIds":[]},"type":"Feature"},{"geometry":{"coordinates":[15.963586,53.838775],"type":"Point"},"id":"wattlas-plant-osm-relation-17527167","properties":{"aliases":["Farma Wiatrowa Liskowo"],"canonicalAnchor":"osm:relation/17527167","canonicalCountryKey":"PL","capacityMw":39.6,"country":"PL","externalIds":{"osm":"relation/17527167"},"geographyId":"PL-17162690B34878575347312","id":"wattlas-plant-osm-relation-17527167","lifecycleCounts":{"operational":1},"locationPrecision":"exact","name":"Farma Wiatrowa Liskowo","operatingCapacityCoverage":{"coveragePercent":100.0,"knownUnitCount":0,"method":"plant_aggregate","provenance":{"evidenceCount":0,"recordIds":["wattlas-record-osm-relation-17527167"],"sourceIds":["openstreetmap-power"],"sourceTypes":["community_mapped"],"valueKind":"reported"},"totalUnitCount":0},"operatingCapacityMw":39.6,"operatingCapacityMwByTechnology":{"wind":39.6},"plannedCapacityCoverage":{"coveragePercent":0.0,"knownUnitCount":0,"method":"unavailable","totalUnitCount":0},"plannedCapacityMw":0.0,"plannedCapacityMwByTechnology":{},"recordCount":1,"recordIds":["wattlas-record-osm-relation-17527167"],"sourceIds":["openstreetmap-power"],"technologies":["wind"],"technologyMixMw":{"wind":39.6},"unitCount":0,"unitIds":[]},"type":"Feature"},{"geometry":{"coordinates":[15.241654,50.965236],"type":"Point"},"id":"wattlas-plant-osm-relation-17532706","properties":{"aliases":["VTE Jindřichovice pod Smrkem"],"canonicalAnchor":"osm:relation/17532706","canonicalCountryKey":"PL","capacityMw":1.2,"country":"PL","externalIds":{"osm":"relation/17532706"},"geographyId":"PL-17162690B9130125042960","id":"wattlas-plant-osm-relation-17532706","lifecycleCounts":{"operational":1},"locationPrecision":"exact","name":"VTE Jindřichovice pod Smrkem","operatingCapacityCoverage":{"coveragePercent":100.0,"knownUnitCount":0,"method":"plant_aggregate","provenance":{"evidenceCount":0,"recordIds":["wattlas-record-osm-relation-17532706"],"sourceIds":["openstreetmap-power"],"sourceTypes":["community_mapped"],"valueKind":"reported"},"totalUnitCount":0},"operatingCapacityMw":1.2,"operatingCapacityMwByTechnology":{"wind":1.2},"plannedCapacityCoverage":{"coveragePercent":0.0,"knownUnitCount":0,"method":"unavailable","totalUnitCount":0},"plannedCapacityMw":0.0,"plannedCapacityMwByTechnology":{},"recordCount":1,"recordIds":["wattlas-record-osm-relation-17532706"],"sourceIds":["openstreetmap-power"],"technologies":["wind"],"technologyMixMw":{"wind":1.2},"unitCount":0,"unitIds":[]},"type":"Feature"},{"geometry":{"coordinates":[14.985215,50.989557],"type":"Point"},"id":"wattlas-plant-osm-relation-17546701","properties":{"aliases":["Větrný park Andělka"],"canonicalAnchor":"osm:relation/17546701","canonicalCountryKey":"PL","capacityMw":14.35,"country":"PL","externalIds":{"osm":"relation/17546701"},"geographyId":"PL-17162690B9130125042960","id":"wattlas-plant-osm-relation-17546701","lifecycleCounts":{"operational":1},"locationPrecision":"exact","name":"Větrný park Andělka","operatingCapacityCoverage":{"coveragePercent":100.0,"knownUnitCount":0,"method":"plant_aggregate","provenance":{"evidenceCount":0,"recordIds":["wattlas-record-osm-relation-17546701"],"sourceIds":["openstreetmap-power"],"sourceTypes":["community_mapped"],"valueKind":"reported"},"totalUnitCount":0},"operatingCapacityMw":14.35,"operatingCapacityMwByTechnology":{"wind":14.35},"plannedCapacityCoverage":{"coveragePercent":0.0,"knownUnitCount":0,"method":"unavailable","totalUnitCount":0},"plannedCapacityMw":0.0,"plannedCapacityMwByTechnology":{},"recordCount":1,"recordIds":["wattlas-record-osm-relation-17546701"],"sourceIds":["openstreetmap-power"],"technologies":["wind"],"technologyMixMw":{"wind":14.35},"unitCount":0,"unitIds":[]},"type":"Feature"},{"geometry":{"coordinates":[22.245613,50.957918],"type":"Point"},"id":"wattlas-plant-osm-relation-17588523","properties":{"aliases":["farma wiatrowa Kraśnik"],"canonicalAnchor":"osm:relation/17588523","canonicalCountryKey":"PL","capacityMw":24.15,"country":"PL","externalIds":{"osm":"relation/17588523"},"geographyId":"PL-17162690B69262761487853","id":"wattlas-plant-osm-relation-17588523","lifecycleCounts":{"operational":1},"locationPrecision":"exact","name":"farma wiatrowa Kraśnik","operatingCapacityCoverage":{"coveragePercent":100.0,"knownUnitCount":0,"method":"plant_aggregate","provenance":{"evidenceCount":0,"recordIds":["wattlas-record-osm-relation-17588523"],"sourceIds":["openstreetmap-power"],"sourceTypes":["community_mapped"],"valueKind":"reported"},"totalUnitCount":0},"operatingCapacityMw":24.15,"operatingCapacityMwByTechnology":{"wind":24.15},"plannedCapacityCoverage":{"coveragePercent":0.0,"knownUnitCount":0,"method":"unavailable","totalUnitCount":0},"plannedCapacityMw":0.0,"plannedCapacityMwByTechnology":{},"recordCount":1,"recordIds":["wattlas-record-osm-relation-17588523"],"sourceIds":["openstreetmap-power"],"technologies":["wind"],"technologyMixMw":{"wind":24.15},"unitCount":0,"unitIds":[]},"type":"Feature"},{"geometry":{"coordinates":[21.823066,50.541497],"type":"Point"},"id":"wattlas-plant-osm-relation-17596397","properties":{"aliases":["Farma fotowoltaiczna Jeziórko (etap I i II)"],"canonicalAnchor":"osm:relation/17596397","canonicalCountryKey":"PL","capacityMw":100.0,"country":"PL","externalIds":{"osm":"relation/17596397"},"geographyId":"PL-17162690B44985096553766","id":"wattlas-plant-osm-relation-17596397","lifecycleCounts":{"operational":1},"locationPrecision":"exact","name":"Farma fotowoltaiczna Jeziórko (etap I i II)","operatingCapacityCoverage":{"coveragePercent":100.0,"knownUnitCount":0,"method":"plant_aggregate","provenance":{"evidenceCount":0,"recordIds":["wattlas-record-osm-relation-17596397"],"sourceIds":["openstreetmap-power"],"sourceTypes":["community_mapped"],"valueKind":"reported"},"totalUnitCount":0},"operatingCapacityMw":100.0,"operatingCapacityMwByTechnology":{"solar":100.0},"plannedCapacityCoverage":{"coveragePercent":0.0,"knownUnitCount":0,"method":"unavailable","totalUnitCount":0},"plannedCapacityMw":0.0,"plannedCapacityMwByTechnology":{},"recordCount":1,"recordIds":["wattlas-record-osm-relation-17596397"],"sourceIds":["openstreetmap-power"],"technologies":["solar"],"technologyMixMw":{"solar":100.0},"unitCount":0,"unitIds":[]},"type":"Feature"},{"geometry":{"coordinates":[18.430999,52.361001],"type":"Point"},"id":"wattlas-plant-osm-relation-17642092","properties":{"aliases":["Farma Wiatrowa Sompolno"],"canonicalAnchor":"osm:relation/17642092","canonicalCountryKey":"PL","capacityMw":26.0,"country":"PL","externalIds":{"osm":"relation/17642092"},"geographyId":"PL-17162690B71775569625336","id":"wattlas-plant-osm-relation-17642092","lifecycleCounts":{"operational":1},"locationPrecision":"exact","name":"Farma Wiatrowa Sompolno","operatingCapacityCoverage":{"coveragePercent":100.0,"knownUnitCount":0,"method":"plant_aggregate","provenance":{"evidenceCount":0,"recordIds":["wattlas-record-osm-relation-17642092"],"sourceIds":["openstreetmap-power"],"sourceTypes":["community_mapped"],"valueKind":"reported"},"totalUnitCount":0},"operatingCapacityMw":26.0,"operatingCapacityMwByTechnology":{"wind":26.0},"plannedCapacityCoverage":{"coveragePercent":0.0,"knownUnitCount":0,"method":"unavailable","totalUnitCount":0},"plannedCapacityMw":0.0,"plannedCapacityMwByTechnology":{},"recordCount":1,"recordIds":["wattlas-record-osm-relation-17642092"],"sourceIds":["openstreetmap-power"],"technologies":["wind"],"technologyMixMw":{"wind":26.0},"unitCount":0,"unitIds":[]},"type":"Feature"},{"geometry":{"coordinates":[17.582811,51.862712],"type":"Point"},"id":"wattlas-plant-osm-relation-17645327","properties":{"aliases":["Farma Wiatrowa Dobrzyca"],"canonicalAnchor":"osm:relation/17645327","canonicalCountryKey":"PL","capacityMw":0.0,"country":"PL","externalIds":{"osm":"relation/17645327"},"geographyId":"PL-17162690B71775569625336","id":"wattlas-plant-osm-relation-17645327","lifecycleCounts":{"operational":1},"locationPrecision":"exact","name":"Farma Wiatrowa Dobrzyca","operatingCapacityCoverage":{"coveragePercent":0.0,"knownUnitCount":0,"method":"unavailable","totalUnitCount":0},"operatingCapacityMw":0.0,"operatingCapacityMwByTechnology":{},"plannedCapacityCoverage":{"coveragePercent":0.0,"knownUnitCount":0,"method":"unavailable","totalUnitCount":0},"plannedCapacityMw":0.0,"plannedCapacityMwByTechnology":{},"recordCount":1,"recordIds":["wattlas-record-osm-relation-17645327"],"sourceIds":["openstreetmap-power"],"technologies":["wind"],"technologyMixMw":{"wind":0.0},"unitCount":0,"unitIds":[]},"type":"Feature"},{"geometry":{"coordinates":[17.364911,52.264765],"type":"Point"},"id":"wattlas-plant-osm-relation-17645775","properties":{"aliases":["Farma Wiatrowa Wielkopolska"],"canonicalAnchor":"osm:relation/17645775","canonicalCountryKey":"PL","capacityMw":0.0,"country":"PL","externalIds":{"osm":"relation/17645775"},"geographyId":"PL-17162690B71775569625336","id":"wattlas-plant-osm-relation-17645775","lifecycleCounts":{"operational":1},"locationPrecision":"exact","name":"Farma Wiatrowa Wielkopolska","operatingCapacityCoverage":{"coveragePercent":0.0,"knownUnitCount":0,"method":"unavailable","totalUnitCount":0},"operatingCapacityMw":0.0,"operatingCapacityMwByTechnology":{},"plannedCapacityCoverage":{"coveragePercent":0.0,"knownUnitCount":0,"method":"unavailable","totalUnitCount":0},"plannedCapacityMw":0.0,"plannedCapacityMwByTechnology":{},"recordCount":1,"recordIds":["wattlas-record-osm-relation-17645775"],"sourceIds":["openstreetmap-power"],"technologies":["wind"],"technologyMixMw":{"wind":0.0},"unitCount":0,"unitIds":[]},"type":"Feature"},{"geometry":{"coordinates":[18.21083,52.370763],"type":"Point"},"id":"wattlas-plant-osm-relation-17679093","properties":{"aliases":["Farma Fotowoltaiczna Kleczew"],"canonicalAnchor":"osm:relation/17679093","canonicalCountryKey":"PL","capacityMw":193.0,"country":"PL","externalIds":{"osm":"relation/17679093"},"geographyId":"PL-17162690B71775569625336","id":"wattlas-plant-osm-relation-17679093","lifecycleCounts":{"operational":1},"locationPrecision":"exact","name":"Farma Fotowoltaiczna Kleczew","operatingCapacityCoverage":{"coveragePercent":100.0,"knownUnitCount":0,"method":"plant_aggregate","provenance":{"evidenceCount":0,"recordIds":["wattlas-record-osm-relation-17679093"],"sourceIds":["openstreetmap-power"],"sourceTypes":["community_mapped"],"valueKind":"reported"},"totalUnitCount":0},"operatingCapacityMw":193.0,"operatingCapacityMwByTechnology":{"solar":193.0},"plannedCapacityCoverage":{"coveragePercent":0.0,"knownUnitCount":0,"method":"unavailable","totalUnitCount":0},"plannedCapacityMw":0.0,"plannedCapacityMwByTechnology":{},"recordCount":1,"recordIds":["wattlas-record-osm-relation-17679093"],"sourceIds":["openstreetmap-power"],"technologies":["solar"],"technologyMixMw":{"solar":193.0},"unitCount":0,"unitIds":[]},"type":"Feature"},{"geometry":{"coordinates":[21.235088,54.127149],"type":"Point"},"id":"wattlas-plant-osm-relation-17715984","properties":{"aliases":["Farma Wiatrowa Gudziki"],"canonicalAnchor":"osm:relation/17715984","canonicalCountryKey":"PL","capacityMw":39.0,"country":"PL","externalIds":{"osm":"relation/17715984"},"geographyId":"PL-17162690B18723007704312","id":"wattlas-plant-osm-relation-17715984","lifecycleCounts":{"operational":1},"locationPrecision":"exact","name":"Farma Wiatrowa Gudziki","operatingCapacityCoverage":{"coveragePercent":100.0,"knownUnitCount":0,"method":"plant_aggregate","provenance":{"evidenceCount":0,"recordIds":["wattlas-record-osm-relation-17715984"],"sourceIds":["openstreetmap-power"],"sourceTypes":["community_mapped"],"valueKind":"reported"},"totalUnitCount":0},"operatingCapacityMw":39.0,"operatingCapacityMwByTechnology":{"wind":39.0},"plannedCapacityCoverage":{"coveragePercent":0.0,"knownUnitCount":0,"method":"unavailable","totalUnitCount":0},"plannedCapacityMw":0.0,"plannedCapacityMwByTechnology":{},"recordCount":1,"recordIds":["wattlas-record-osm-relation-17715984"],"sourceIds":["openstreetmap-power"],"technologies":["wind"],"technologyMixMw":{"wind":39.0},"unitCount":0,"unitIds":[]},"type":"Feature"},{"geometry":{"coordinates":[14.548804,53.081738],"type":"Point"},"id":"wattlas-plant-osm-relation-17716106","properties":{"aliases":["Farma Wiatrowa Banie 4"],"canonicalAnchor":"osm:relation/17716106","canonicalCountryKey":"PL","capacityMw":56.0,"country":"PL","externalIds":{"osm":"relation/17716106"},"geographyId":"PL-17162690B34878575347312","id":"wattlas-plant-osm-relation-17716106","lifecycleCounts":{"operational":1},"locationPrecision":"exact","name":"Farma Wiatrowa Banie 4","operatingCapacityCoverage":{"coveragePercent":100.0,"knownUnitCount":0,"method":"plant_aggregate","provenance":{"evidenceCount":0,"recordIds":["wattlas-record-osm-relation-17716106"],"sourceIds":["openstreetmap-power"],"sourceTypes":["community_mapped"],"valueKind":"reported"},"totalUnitCount":0},"operatingCapacityMw":56.0,"operatingCapacityMwByTechnology":{"wind":56.0},"plannedCapacityCoverage":{"coveragePercent":0.0,"knownUnitCount":0,"method":"unavailable","totalUnitCount":0},"plannedCapacityMw":0.0,"plannedCapacityMwByTechnology":{},"recordCount":1,"recordIds":["wattlas-record-osm-relation-17716106"],"sourceIds":["openstreetmap-power"],"technologies":["wind"],"technologyMixMw":{"wind":56.0},"unitCount":0,"unitIds":[]},"type":"Feature"},{"geometry":{"coordinates":[14.640646,53.098964],"type":"Point"},"id":"wattlas-plant-osm-relation-17716401","properties":{"aliases":["Farma Wiatrowa Banie 3"],"canonicalAnchor":"osm:relation/17716401","canonicalCountryKey":"PL","capacityMw":0.0,"country":"PL","externalIds":{"osm":"relation/17716401"},"geographyId":"PL-17162690B34878575347312","id":"wattlas-plant-osm-relation-17716401","lifecycleCounts":{"operational":1},"locationPrecision":"exact","name":"Farma Wiatrowa Banie 3","operatingCapacityCoverage":{"coveragePercent":0.0,"knownUnitCount":0,"method":"unavailable","totalUnitCount":0},"operatingCapacityMw":0.0,"operatingCapacityMwByTechnology":{},"plannedCapacityCoverage":{"coveragePercent":0.0,"knownUnitCount":0,"method":"unavailable","totalUnitCount":0},"plannedCapacityMw":0.0,"plannedCapacityMwByTechnology":{},"recordCount":1,"recordIds":["wattlas-record-osm-relation-17716401"],"sourceIds":["openstreetmap-power"],"technologies":["wind"],"technologyMixMw":{"wind":0.0},"unitCount":0,"unitIds":[]},"type":"Feature"},{"geometry":{"coordinates":[22.889117,50.034953],"type":"Point"},"id":"wattlas-plant-osm-relation-17716593","properties":{"aliases":["Farma Wiatrowa Laszki"],"canonicalAnchor":"osm:relation/17716593","canonicalCountryKey":"PL","capacityMw":36.0,"country":"PL","externalIds":{"osm":"relation/17716593"},"geographyId":"PL-17162690B44985096553766","id":"wattlas-plant-osm-relation-17716593","lifecycleCounts":{"operational":1},"locationPrecision":"exact","name":"Farma Wiatrowa Laszki","operatingCapacityCoverage":{"coveragePercent":100.0,"knownUnitCount":0,"method":"plant_aggregate","provenance":{"evidenceCount":0,"recordIds":["wattlas-record-osm-relation-17716593"],"sourceIds":["openstreetmap-power"],"sourceTypes":["community_mapped"],"valueKind":"reported"},"totalUnitCount":0},"operatingCapacityMw":36.0,"operatingCapacityMwByTechnology":{"wind":36.0},"plannedCapacityCoverage":{"coveragePercent":0.0,"knownUnitCount":0,"method":"unavailable","totalUnitCount":0},"plannedCapacityMw":0.0,"plannedCapacityMwByTechnology":{},"recordCount":1,"recordIds":["wattlas-record-osm-relation-17716593"],"sourceIds":["openstreetmap-power"],"technologies":["wind"],"technologyMixMw":{"wind":36.0},"unitCount":0,"unitIds":[]},"type":"Feature"},{"geometry":{"coordinates":[17.069475,54.56427],"type":"Point"},"id":"wattlas-plant-osm-relation-17731965","properties":{"aliases":["Farma Wiatrowa Karżcino"],"canonicalAnchor":"osm:relation/17731965","canonicalCountryKey":"PL","capacityMw":0.0,"country":"PL","externalIds":{"osm":"relation/17731965"},"geographyId":"PL-17162690B77437931625010","id":"wattlas-plant-osm-relation-17731965","lifecycleCounts":{"operational":1},"locationPrecision":"exact","name":"Farma Wiatrowa Karżcino","operatingCapacityCoverage":{"coveragePercent":0.0,"knownUnitCount":0,"method":"unavailable","totalUnitCount":0},"operatingCapacityMw":0.0,"operatingCapacityMwByTechnology":{},"plannedCapacityCoverage":{"coveragePercent":0.0,"knownUnitCount":0,"method":"unavailable","totalUnitCount":0},"plannedCapacityMw":0.0,"plannedCapacityMwByTechnology":{},"recordCount":1,"recordIds":["wattlas-record-osm-relation-17731965"],"sourceIds":["openstreetmap-power"],"technologies":["wind"],"technologyMixMw":{"wind":0.0},"unitCount":0,"unitIds":[]},"type":"Feature"},{"geometry":{"coordinates":[17.100365,54.531759],"type":"Point"},"id":"wattlas-plant-osm-relation-17731967","properties":{"aliases":["Farma Wiatrowa Wrzeście-Kepno"],"canonicalAnchor":"osm:relation/17731967","canonicalCountryKey":"PL","capacityMw":15.0,"country":"PL","externalIds":{"osm":"relation/17731967"},"geographyId":"PL-17162690B77437931625010","id":"wattlas-plant-osm-relation-17731967","lifecycleCounts":{"operational":1},"locationPrecision":"exact","name":"Farma Wiatrowa Wrzeście-Kepno","operatingCapacityCoverage":{"coveragePercent":100.0,"knownUnitCount":0,"method":"plant_aggregate","provenance":{"evidenceCount":0,"recordIds":["wattlas-record-osm-relation-17731967"],"sourceIds":["openstreetmap-power"],"sourceTypes":["community_mapped"],"valueKind":"reported"},"totalUnitCount":0},"operatingCapacityMw":15.0,"operatingCapacityMwByTechnology":{"wind":15.0},"plannedCapacityCoverage":{"coveragePercent":0.0,"knownUnitCount":0,"method":"unavailable","totalUnitCount":0},"plannedCapacityMw":0.0,"plannedCapacityMwByTechnology":{},"recordCount":1,"recordIds":["wattlas-record-osm-relation-17731967"],"sourceIds":["openstreetmap-power"],"technologies":["wind"],"technologyMixMw":{"wind":15.0},"unitCount":0,"unitIds":[]},"type":"Feature"},{"geometry":{"coordinates":[17.623012,52.224838],"type":"Point"},"id":"wattlas-plant-osm-relation-17732040","properties":{"aliases":["Farma Wiatrowa Słupca-Kołaczkowo"],"canonicalAnchor":"osm:relation/17732040","canonicalCountryKey":"PL","capacityMw":45.0,"country":"PL","externalIds":{"osm":"relation/17732040"},"geographyId":"PL-17162690B71775569625336","id":"wattlas-plant-osm-relation-17732040","lifecycleCounts":{"operational":1},"locationPrecision":"exact","name":"Farma Wiatrowa Słupca-Kołaczkowo","operatingCapacityCoverage":{"coveragePercent":100.0,"knownUnitCount":0,"method":"plant_aggregate","provenance":{"evidenceCount":0,"recordIds":["wattlas-record-osm-relation-17732040"],"sourceIds":["openstreetmap-power"],"sourceTypes":["community_mapped"],"valueKind":"reported"},"totalUnitCount":0},"operatingCapacityMw":45.0,"operatingCapacityMwByTechnology":{"wind":45.0},"plannedCapacityCoverage":{"coveragePercent":0.0,"knownUnitCount":0,"method":"unavailable","totalUnitCount":0},"plannedCapacityMw":0.0,"plannedCapacityMwByTechnology":{},"recordCount":1,"recordIds":["wattlas-record-osm-relation-17732040"],"sourceIds":["openstreetmap-power"],"technologies":["wind"],"technologyMixMw":{"wind":45.0},"unitCount":0,"unitIds":[]},"type":"Feature"},{"geometry":{"coordinates":[19.246252,53.650598],"type":"Point"},"id":"wattlas-plant-osm-relation-17746958","properties":{"aliases":["Farma Wiatrowa Łęgowo"],"canonicalAnchor":"osm:relation/17746958","canonicalCountryKey":"PL","capacityMw":40.0,"country":"PL","externalIds":{"osm":"relation/17746958"},"geographyId":"PL-17162690B18723007704312","id":"wattlas-plant-osm-relation-17746958","lifecycleCounts":{"operational":1},"locationPrecision":"exact","name":"Farma Wiatrowa Łęgowo","operatingCapacityCoverage":{"coveragePercent":100.0,"knownUnitCount":0,"method":"plant_aggregate","provenance":{"evidenceCount":0,"recordIds":["wattlas-record-osm-relation-17746958"],"sourceIds":["openstreetmap-power"],"sourceTypes":["community_mapped"],"valueKind":"reported"},"totalUnitCount":0},"operatingCapacityMw":40.0,"operatingCapacityMwByTechnology":{"wind":40.0},"plannedCapacityCoverage":{"coveragePercent":0.0,"knownUnitCount":0,"method":"unavailable","totalUnitCount":0},"plannedCapacityMw":0.0,"plannedCapacityMwByTechnology":{},"recordCount":1,"recordIds":["wattlas-record-osm-relation-17746958"],"sourceIds":["openstreetmap-power"],"technologies":["wind"],"technologyMixMw":{"wind":40.0},"unitCount":0,"unitIds":[]},"type":"Feature"},{"geometry":{"coordinates":[20.394758,53.809719],"type":"Point"},"id":"wattlas-plant-osm-relation-17771154","properties":{"aliases":["Eltel Networks Energetyka SA"],"canonicalAnchor":"osm:relation/17771154","canonicalCountryKey":"PL","capacityMw":0.0,"country":"PL","externalIds":{"osm":"relation/17771154"},"geographyId":"PL-17162690B18723007704312","id":"wattlas-plant-osm-relation-17771154","lifecycleCounts":{"operational":1},"locationPrecision":"exact","name":"Eltel Networks Energetyka SA","operatingCapacityCoverage":{"coveragePercent":0.0,"knownUnitCount":0,"method":"unavailable","totalUnitCount":0},"operatingCapacityMw":0.0,"operatingCapacityMwByTechnology":{},"plannedCapacityCoverage":{"coveragePercent":0.0,"knownUnitCount":0,"method":"unavailable","totalUnitCount":0},"plannedCapacityMw":0.0,"plannedCapacityMwByTechnology":{},"recordCount":1,"recordIds":["wattlas-record-osm-relation-17771154"],"sourceIds":["openstreetmap-power"],"technologies":["solar"],"technologyMixMw":{"solar":0.0},"unitCount":0,"unitIds":[]},"type":"Feature"},{"geometry":{"coordinates":[20.394892,53.809771],"type":"Point"},"id":"wattlas-plant-osm-relation-17771155","properties":{"aliases":["Eltel Networks Energetyka SA"],"canonicalAnchor":"osm:relation/17771155","canonicalCountryKey":"PL","capacityMw":0.0,"country":"PL","externalIds":{"osm":"relation/17771155"},"geographyId":"PL-17162690B18723007704312","id":"wattlas-plant-osm-relation-17771155","lifecycleCounts":{"operational":1},"locationPrecision":"exact","name":"Eltel Networks Energetyka SA","operatingCapacityCoverage":{"coveragePercent":0.0,"knownUnitCount":0,"method":"unavailable","totalUnitCount":0},"operatingCapacityMw":0.0,"operatingCapacityMwByTechnology":{},"plannedCapacityCoverage":{"coveragePercent":0.0,"knownUnitCount":0,"method":"unavailable","totalUnitCount":0},"plannedCapacityMw":0.0,"plannedCapacityMwByTechnology":{},"recordCount":1,"recordIds":["wattlas-record-osm-relation-17771155"],"sourceIds":["openstreetmap-power"],"technologies":["solar"],"technologyMixMw":{"solar":0.0},"unitCount":0,"unitIds":[]},"type":"Feature"},{"geometry":{"coordinates":[20.283083,52.18348],"type":"Point"},"id":"wattlas-plant-osm-relation-17773570","properties":{"aliases":["Farma fotowoltaiczna PV Bielice"],"canonicalAnchor":"osm:relation/17773570","canonicalCountryKey":"PL","capacityMw":81.0,"country":"PL","externalIds":{"osm":"relation/17773570"},"geographyId":"PL-17162690B84565288021286","id":"wattlas-plant-osm-relation-17773570","lifecycleCounts":{"operational":1},"locationPrecision":"exact","name":"Farma fotowoltaiczna PV Bielice","operatingCapacityCoverage":{"coveragePercent":100.0,"knownUnitCount":0,"method":"plant_aggregate","provenance":{"evidenceCount":0,"recordIds":["wattlas-record-osm-relation-17773570"],"sourceIds":["openstreetmap-power"],"sourceTypes":["community_mapped"],"valueKind":"reported"},"totalUnitCount":0},"operatingCapacityMw":81.0,"operatingCapacityMwByTechnology":{"solar":81.0},"plannedCapacityCoverage":{"coveragePercent":0.0,"knownUnitCount":0,"method":"unavailable","totalUnitCount":0},"plannedCapacityMw":0.0,"plannedCapacityMwByTechnology":{},"recordCount":1,"recordIds":["wattlas-record-osm-relation-17773570"],"sourceIds":["openstreetmap-power"],"technologies":["solar"],"technologyMixMw":{"solar":81.0},"unitCount":0,"unitIds":[]},"type":"Feature"},{"geometry":{"coordinates":[18.064426,51.271701],"type":"Point"},"id":"wattlas-plant-osm-relation-17815457","properties":{"aliases":["Farma wiatrowa Donaborów"],"canonicalAnchor":"osm:relation/17815457","canonicalCountryKey":"PL","capacityMw":20.4,"country":"PL","externalIds":{"osm":"relation/17815457"},"geographyId":"PL-17162690B71775569625336","id":"wattlas-plant-osm-relation-17815457","lifecycleCounts":{"operational":1},"locationPrecision":"exact","name":"Farma wiatrowa Donaborów","operatingCapacityCoverage":{"coveragePercent":100.0,"knownUnitCount":0,"method":"plant_aggregate","provenance":{"evidenceCount":0,"recordIds":["wattlas-record-osm-relation-17815457"],"sourceIds":["openstreetmap-power"],"sourceTypes":["community_mapped"],"valueKind":"reported"},"totalUnitCount":0},"operatingCapacityMw":20.4,"operatingCapacityMwByTechnology":{"wind":20.4},"plannedCapacityCoverage":{"coveragePercent":0.0,"knownUnitCount":0,"method":"unavailable","totalUnitCount":0},"plannedCapacityMw":0.0,"plannedCapacityMwByTechnology":{},"recordCount":1,"recordIds":["wattlas-record-osm-relation-17815457"],"sourceIds":["openstreetmap-power"],"technologies":["wind"],"technologyMixMw":{"wind":20.4},"unitCount":0,"unitIds":[]},"type":"Feature"},{"geometry":{"coordinates":[20.016832,54.288727],"type":"Point"},"id":"wattlas-plant-osm-relation-17870717","properties":{"aliases":["Farma Wiatrowa Tolkowiec"],"canonicalAnchor":"osm:relation/17870717","canonicalCountryKey":"PL","capacityMw":20.0,"country":"PL","externalIds":{"osm":"relation/17870717"},"geographyId":"PL-17162690B18723007704312","id":"wattlas-plant-osm-relation-17870717","lifecycleCounts":{"operational":1},"locationPrecision":"exact","name":"Farma Wiatrowa Tolkowiec","operatingCapacityCoverage":{"coveragePercent":100.0,"knownUnitCount":0,"method":"plant_aggregate","provenance":{"evidenceCount":0,"recordIds":["wattlas-record-osm-relation-17870717"],"sourceIds":["openstreetmap-power"],"sourceTypes":["community_mapped"],"valueKind":"reported"},"totalUnitCount":0},"operatingCapacityMw":20.0,"operatingCapacityMwByTechnology":{"wind":20.0},"plannedCapacityCoverage":{"coveragePercent":0.0,"knownUnitCount":0,"method":"unavailable","totalUnitCount":0},"plannedCapacityMw":0.0,"plannedCapacityMwByTechnology":{},"recordCount":1,"recordIds":["wattlas-record-osm-relation-17870717"],"sourceIds":["openstreetmap-power"],"technologies":["wind"],"technologyMixMw":{"wind":20.0},"unitCount":0,"unitIds":[]},"type":"Feature"},{"geometry":{"coordinates":[19.654152,54.030996],"type":"Point"},"id":"wattlas-plant-osm-relation-17876726","properties":{"aliases":["Farma Wiatrowa Kąty"],"canonicalAnchor":"osm:relation/17876726","canonicalCountryKey":"PL","capacityMw":35.2,"country":"PL","externalIds":{"osm":"relation/17876726"},"geographyId":"PL-17162690B18723007704312","id":"wattlas-plant-osm-relation-17876726","lifecycleCounts":{"operational":1},"locationPrecision":"exact","name":"Farma Wiatrowa Kąty","operatingCapacityCoverage":{"coveragePercent":100.0,"knownUnitCount":0,"method":"plant_aggregate","provenance":{"evidenceCount":0,"recordIds":["wattlas-record-osm-relation-17876726"],"sourceIds":["openstreetmap-power"],"sourceTypes":["community_mapped"],"valueKind":"reported"},"totalUnitCount":0},"operatingCapacityMw":35.2,"operatingCapacityMwByTechnology":{"wind":35.2},"plannedCapacityCoverage":{"coveragePercent":0.0,"knownUnitCount":0,"method":"unavailable","totalUnitCount":0},"plannedCapacityMw":0.0,"plannedCapacityMwByTechnology":{},"recordCount":1,"recordIds":["wattlas-record-osm-relation-17876726"],"sourceIds":["openstreetmap-power"],"technologies":["wind"],"technologyMixMw":{"wind":35.2},"unitCount":0,"unitIds":[]},"type":"Feature"},{"geometry":{"coordinates":[19.632916,54.029925],"type":"Point"},"id":"wattlas-plant-osm-relation-17876801","properties":{"aliases":["farma Wiatrowa Krasin"],"canonicalAnchor":"osm:relation/17876801","canonicalCountryKey":"PL","capacityMw":30.0,"country":"PL","externalIds":{"osm":"relation/17876801"},"geographyId":"PL-17162690B18723007704312","id":"wattlas-plant-osm-relation-17876801","lifecycleCounts":{"operational":1},"locationPrecision":"exact","name":"farma Wiatrowa Krasin","operatingCapacityCoverage":{"coveragePercent":100.0,"knownUnitCount":0,"method":"plant_aggregate","provenance":{"evidenceCount":0,"recordIds":["wattlas-record-osm-relation-17876801"],"sourceIds":["openstreetmap-power"],"sourceTypes":["community_mapped"],"valueKind":"reported"},"totalUnitCount":0},"operatingCapacityMw":30.0,"operatingCapacityMwByTechnology":{"wind":30.0},"plannedCapacityCoverage":{"coveragePercent":0.0,"knownUnitCount":0,"method":"unavailable","totalUnitCount":0},"plannedCapacityMw":0.0,"plannedCapacityMwByTechnology":{},"recordCount":1,"recordIds":["wattlas-record-osm-relation-17876801"],"sourceIds":["openstreetmap-power"],"technologies":["wind"],"technologyMixMw":{"wind":30.0},"unitCount":0,"unitIds":[]},"type":"Feature"},{"geometry":{"coordinates":[18.119232,50.099318],"type":"Point"},"id":"wattlas-plant-osm-relation-18039568","properties":{"aliases":["Farma Wiatrowa Racibórz"],"canonicalAnchor":"osm:relation/18039568","canonicalCountryKey":"PL","capacityMw":41.6,"country":"PL","externalIds":{"osm":"relation/18039568"},"geographyId":"PL-17162690B16879770934003","id":"wattlas-plant-osm-relation-18039568","lifecycleCounts":{"operational":1},"locationPrecision":"exact","name":"Farma Wiatrowa Racibórz","operatingCapacityCoverage":{"coveragePercent":100.0,"knownUnitCount":0,"method":"plant_aggregate","provenance":{"evidenceCount":0,"recordIds":["wattlas-record-osm-relation-18039568"],"sourceIds":["openstreetmap-power"],"sourceTypes":["community_mapped"],"valueKind":"reported"},"totalUnitCount":0},"operatingCapacityMw":41.6,"operatingCapacityMwByTechnology":{"wind":41.6},"plannedCapacityCoverage":{"coveragePercent":0.0,"knownUnitCount":0,"method":"unavailable","totalUnitCount":0},"plannedCapacityMw":0.0,"plannedCapacityMwByTechnology":{},"recordCount":1,"recordIds":["wattlas-record-osm-relation-18039568"],"sourceIds":["openstreetmap-power"],"technologies":["wind"],"technologyMixMw":{"wind":41.6},"unitCount":0,"unitIds":[]},"type":"Feature"},{"geometry":{"coordinates":[15.896123,54.116096],"type":"Point"},"id":"wattlas-plant-osm-relation-18285534","properties":{"aliases":["Farma wiatrowa Mierzyn"],"canonicalAnchor":"osm:relation/18285534","canonicalCountryKey":"PL","capacityMw":58.5,"country":"PL","externalIds":{"osm":"relation/18285534"},"geographyId":"PL-17162690B34878575347312","id":"wattlas-plant-osm-relation-18285534","lifecycleCounts":{"operational":1},"locationPrecision":"exact","name":"Farma wiatrowa Mierzyn","operatingCapacityCoverage":{"coveragePercent":100.0,"knownUnitCount":0,"method":"plant_aggregate","provenance":{"evidenceCount":0,"recordIds":["wattlas-record-osm-relation-18285534"],"sourceIds":["openstreetmap-power"],"sourceTypes":["community_mapped"],"valueKind":"reported"},"totalUnitCount":0},"operatingCapacityMw":58.5,"operatingCapacityMwByTechnology":{"wind":58.5},"plannedCapacityCoverage":{"coveragePercent":0.0,"knownUnitCount":0,"method":"unavailable","totalUnitCount":0},"plannedCapacityMw":0.0,"plannedCapacityMwByTechnology":{},"recordCount":1,"recordIds":["wattlas-record-osm-relation-18285534"],"sourceIds":["openstreetmap-power"],"technologies":["wind"],"technologyMixMw":{"wind":58.5},"unitCount":0,"unitIds":[]},"type":"Feature"},{"geometry":{"coordinates":[17.154185,53.196245],"type":"Point"},"id":"wattlas-plant-osm-relation-18391483","properties":{"aliases":["Farma Wiatrowa Wysoka"],"canonicalAnchor":"osm:relation/18391483","canonicalCountryKey":"PL","capacityMw":62.5,"country":"PL","externalIds":{"osm":"relation/18391483"},"geographyId":"PL-17162690B71775569625336","id":"wattlas-plant-osm-relation-18391483","lifecycleCounts":{"operational":1},"locationPrecision":"exact","name":"Farma Wiatrowa Wysoka","operatingCapacityCoverage":{"coveragePercent":100.0,"knownUnitCount":0,"method":"plant_aggregate","provenance":{"evidenceCount":0,"recordIds":["wattlas-record-osm-relation-18391483"],"sourceIds":["openstreetmap-power"],"sourceTypes":["community_mapped"],"valueKind":"reported"},"totalUnitCount":0},"operatingCapacityMw":62.5,"operatingCapacityMwByTechnology":{"wind":62.5},"plannedCapacityCoverage":{"coveragePercent":0.0,"knownUnitCount":0,"method":"unavailable","totalUnitCount":0},"plannedCapacityMw":0.0,"plannedCapacityMwByTechnology":{},"recordCount":1,"recordIds":["wattlas-record-osm-relation-18391483"],"sourceIds":["openstreetmap-power"],"technologies":["wind"],"technologyMixMw":{"wind":62.5},"unitCount":0,"unitIds":[]},"type":"Feature"},{"geometry":{"coordinates":[18.167991,53.348074],"type":"Point"},"id":"wattlas-plant-osm-relation-18397227","properties":{"aliases":["Farma Wiatrowa Pruszcz"],"canonicalAnchor":"osm:relation/18397227","canonicalCountryKey":"PL","capacityMw":70.0,"country":"PL","externalIds":{"osm":"relation/18397227"},"geographyId":"PL-17162690B37876665907262","id":"wattlas-plant-osm-relation-18397227","lifecycleCounts":{"operational":1},"locationPrecision":"exact","name":"Farma Wiatrowa Pruszcz","operatingCapacityCoverage":{"coveragePercent":100.0,"knownUnitCount":0,"method":"plant_aggregate","provenance":{"evidenceCount":0,"recordIds":["wattlas-record-osm-relation-18397227"],"sourceIds":["openstreetmap-power"],"sourceTypes":["community_mapped"],"valueKind":"reported"},"totalUnitCount":0},"operatingCapacityMw":70.0,"operatingCapacityMwByTechnology":{"wind":70.0},"plannedCapacityCoverage":{"coveragePercent":0.0,"knownUnitCount":0,"method":"unavailable","totalUnitCount":0},"plannedCapacityMw":0.0,"plannedCapacityMwByTechnology":{},"recordCount":1,"recordIds":["wattlas-record-osm-relation-18397227"],"sourceIds":["openstreetmap-power"],"technologies":["wind"],"technologyMixMw":{"wind":70.0},"unitCount":0,"unitIds":[]},"type":"Feature"},{"geometry":{"coordinates":[16.015259,52.545273],"type":"Point"},"id":"wattlas-plant-osm-relation-18401071","properties":{"aliases":["Farma Wiatrowa Piekło"],"canonicalAnchor":"osm:relation/18401071","canonicalCountryKey":"PL","capacityMw":13.2,"country":"PL","externalIds":{"osm":"relation/18401071"},"geographyId":"PL-17162690B71775569625336","id":"wattlas-plant-osm-relation-18401071","lifecycleCounts":{"operational":1},"locationPrecision":"exact","name":"Farma Wiatrowa Piekło","operatingCapacityCoverage":{"coveragePercent":100.0,"knownUnitCount":0,"method":"plant_aggregate","provenance":{"evidenceCount":0,"recordIds":["wattlas-record-osm-relation-18401071"],"sourceIds":["openstreetmap-power"],"sourceTypes":["community_mapped"],"valueKind":"reported"},"totalUnitCount":0},"operatingCapacityMw":13.2,"operatingCapacityMwByTechnology":{"wind":13.2},"plannedCapacityCoverage":{"coveragePercent":0.0,"knownUnitCount":0,"method":"unavailable","totalUnitCount":0},"plannedCapacityMw":0.0,"plannedCapacityMwByTechnology":{},"recordCount":1,"recordIds":["wattlas-record-osm-relation-18401071"],"sourceIds":["openstreetmap-power"],"technologies":["wind"],"technologyMixMw":{"wind":13.2},"unitCount":0,"unitIds":[]},"type":"Feature"},{"geometry":{"coordinates":[17.160207,54.433727],"type":"Point"},"id":"wattlas-plant-osm-relation-18417457","properties":{"aliases":["Farma Wiatrowa Warblewo"],"canonicalAnchor":"osm:relation/18417457","canonicalCountryKey":"PL","capacityMw":30.0,"country":"PL","externalIds":{"osm":"relation/18417457"},"geographyId":"PL-17162690B77437931625010","id":"wattlas-plant-osm-relation-18417457","lifecycleCounts":{"operational":1},"locationPrecision":"exact","name":"Farma Wiatrowa Warblewo","operatingCapacityCoverage":{"coveragePercent":100.0,"knownUnitCount":0,"method":"plant_aggregate","provenance":{"evidenceCount":0,"recordIds":["wattlas-record-osm-relation-18417457"],"sourceIds":["openstreetmap-power"],"sourceTypes":["community_mapped"],"valueKind":"reported"},"totalUnitCount":0},"operatingCapacityMw":30.0,"operatingCapacityMwByTechnology":{"wind":30.0},"plannedCapacityCoverage":{"coveragePercent":0.0,"knownUnitCount":0,"method":"unavailable","totalUnitCount":0},"plannedCapacityMw":0.0,"plannedCapacityMwByTechnology":{},"recordCount":1,"recordIds":["wattlas-record-osm-relation-18417457"],"sourceIds":["openstreetmap-power"],"technologies":["wind"],"technologyMixMw":{"wind":30.0},"unitCount":0,"unitIds":[]},"type":"Feature"},{"geometry":{"coordinates":[17.324313,50.736543],"type":"Point"},"id":"wattlas-plant-osm-relation-18435698","properties":{"aliases":["Farma Wiatrowa Silesia 2"],"canonicalAnchor":"osm:relation/18435698","canonicalCountryKey":"PL","capacityMw":137.0,"country":"PL","externalIds":{"osm":"relation/18435698"},"geographyId":"PL-17162690B67719337891950","id":"wattlas-plant-osm-relation-18435698","lifecycleCounts":{"operational":1},"locationPrecision":"exact","name":"Farma Wiatrowa Silesia 2","operatingCapacityCoverage":{"coveragePercent":100.0,"knownUnitCount":0,"method":"plant_aggregate","provenance":{"evidenceCount":0,"recordIds":["wattlas-record-osm-relation-18435698"],"sourceIds":["openstreetmap-power"],"sourceTypes":["community_mapped"],"valueKind":"reported"},"totalUnitCount":0},"operatingCapacityMw":137.0,"operatingCapacityMwByTechnology":{"wind":137.0},"plannedCapacityCoverage":{"coveragePercent":0.0,"knownUnitCount":0,"method":"unavailable","totalUnitCount":0},"plannedCapacityMw":0.0,"plannedCapacityMwByTechnology":{},"recordCount":1,"recordIds":["wattlas-record-osm-relation-18435698"],"sourceIds":["openstreetmap-power"],"technologies":["wind"],"technologyMixMw":{"wind":137.0},"unitCount":0,"unitIds":[]},"type":"Feature"},{"geometry":{"coordinates":[17.294878,50.783243],"type":"Point"},"id":"wattlas-plant-osm-relation-18435699","properties":{"aliases":["Farma Wiatrowa Silesia 1"],"canonicalAnchor":"osm:relation/18435699","canonicalCountryKey":"PL","capacityMw":50.0,"country":"PL","externalIds":{"osm":"relation/18435699"},"geographyId":"PL-17162690B9130125042960","id":"wattlas-plant-osm-relation-18435699","lifecycleCounts":{"operational":1},"locationPrecision":"exact","name":"Farma Wiatrowa Silesia 1","operatingCapacityCoverage":{"coveragePercent":100.0,"knownUnitCount":0,"method":"plant_aggregate","provenance":{"evidenceCount":0,"recordIds":["wattlas-record-osm-relation-18435699"],"sourceIds":["openstreetmap-power"],"sourceTypes":["community_mapped"],"valueKind":"reported"},"totalUnitCount":0},"operatingCapacityMw":50.0,"operatingCapacityMwByTechnology":{"wind":50.0},"plannedCapacityCoverage":{"coveragePercent":0.0,"knownUnitCount":0,"method":"unavailable","totalUnitCount":0},"plannedCapacityMw":0.0,"plannedCapacityMwByTechnology":{},"recordCount":1,"recordIds":["wattlas-record-osm-relation-18435699"],"sourceIds":["openstreetmap-power"],"technologies":["wind"],"technologyMixMw":{"wind":50.0},"unitCount":0,"unitIds":[]},"type":"Feature"},{"geometry":{"coordinates":[21.81077,50.565936],"type":"Point"},"id":"wattlas-plant-osm-relation-18687190","properties":{"aliases":["Instalacja Fotowoltaiczna PV Jeziórko 1 - Obszar I"],"canonicalAnchor":"osm:relation/18687190","canonicalCountryKey":"PL","capacityMw":0.0,"country":"PL","externalIds":{"osm":"relation/18687190"},"geographyId":"PL-17162690B44985096553766","id":"wattlas-plant-osm-relation-18687190","lifecycleCounts":{"operational":1},"locationPrecision":"exact","name":"Instalacja Fotowoltaiczna PV Jeziórko 1 - Obszar I","operatingCapacityCoverage":{"coveragePercent":0.0,"knownUnitCount":0,"method":"unavailable","totalUnitCount":0},"operatingCapacityMw":0.0,"operatingCapacityMwByTechnology":{},"plannedCapacityCoverage":{"coveragePercent":0.0,"knownUnitCount":0,"method":"unavailable","totalUnitCount":0},"plannedCapacityMw":0.0,"plannedCapacityMwByTechnology":{},"recordCount":1,"recordIds":["wattlas-record-osm-relation-18687190"],"sourceIds":["openstreetmap-power"],"technologies":["solar"],"technologyMixMw":{"solar":0.0},"unitCount":0,"unitIds":[]},"type":"Feature"},{"geometry":{"coordinates":[21.824477,50.547641],"type":"Point"},"id":"wattlas-plant-osm-relation-18687466","properties":{"aliases":["Instalacja Fotowoltaiczna PV Jeziórko 2"],"canonicalAnchor":"osm:relation/18687466","canonicalCountryKey":"PL","capacityMw":0.0,"country":"PL","externalIds":{"osm":"relation/18687466"},"geographyId":"PL-17162690B44985096553766","id":"wattlas-plant-osm-relation-18687466","lifecycleCounts":{"operational":1},"locationPrecision":"exact","name":"Instalacja Fotowoltaiczna PV Jeziórko 2","operatingCapacityCoverage":{"coveragePercent":0.0,"knownUnitCount":0,"method":"unavailable","totalUnitCount":0},"operatingCapacityMw":0.0,"operatingCapacityMwByTechnology":{},"plannedCapacityCoverage":{"coveragePercent":0.0,"knownUnitCount":0,"method":"unavailable","totalUnitCount":0},"plannedCapacityMw":0.0,"plannedCapacityMwByTechnology":{},"recordCount":1,"recordIds":["wattlas-record-osm-relation-18687466"],"sourceIds":["openstreetmap-power"],"technologies":["solar"],"technologyMixMw":{"solar":0.0},"unitCount":0,"unitIds":[]},"type":"Feature"},{"geometry":{"coordinates":[14.921147,53.812254],"type":"Point"},"id":"wattlas-plant-osm-relation-18704029","properties":{"aliases":["Farma Fotowoltaiczna Golczewo"],"canonicalAnchor":"osm:relation/18704029","canonicalCountryKey":"PL","capacityMw":80.0,"country":"PL","externalIds":{"osm":"relation/18704029"},"geographyId":"PL-17162690B34878575347312","id":"wattlas-plant-osm-relation-18704029","lifecycleCounts":{"operational":1},"locationPrecision":"exact","name":"Farma Fotowoltaiczna Golczewo","operatingCapacityCoverage":{"coveragePercent":100.0,"knownUnitCount":0,"method":"plant_aggregate","provenance":{"evidenceCount":0,"recordIds":["wattlas-record-osm-relation-18704029"],"sourceIds":["openstreetmap-power"],"sourceTypes":["community_mapped"],"valueKind":"reported"},"totalUnitCount":0},"operatingCapacityMw":80.0,"operatingCapacityMwByTechnology":{"solar":80.0},"plannedCapacityCoverage":{"coveragePercent":0.0,"knownUnitCount":0,"method":"unavailable","totalUnitCount":0},"plannedCapacityMw":0.0,"plannedCapacityMwByTechnology":{},"recordCount":1,"recordIds":["wattlas-record-osm-relation-18704029"],"sourceIds":["openstreetmap-power"],"technologies":["solar"],"technologyMixMw":{"solar":80.0},"unitCount":0,"unitIds":[]},"type":"Feature"},{"geometry":{"coordinates":[18.684232,53.944447],"type":"Point"},"id":"wattlas-plant-osm-relation-18704190","properties":{"aliases":["Farma Wiatrowa Pelplin 2"],"canonicalAnchor":"osm:relation/18704190","canonicalCountryKey":"PL","capacityMw":0.0,"country":"PL","externalIds":{"osm":"relation/18704190"},"geographyId":"PL-17162690B77437931625010","id":"wattlas-plant-osm-relation-18704190","lifecycleCounts":{"operational":1},"locationPrecision":"exact","name":"Farma Wiatrowa Pelplin 2","operatingCapacityCoverage":{"coveragePercent":0.0,"knownUnitCount":0,"method":"unavailable","totalUnitCount":0},"operatingCapacityMw":0.0,"operatingCapacityMwByTechnology":{},"plannedCapacityCoverage":{"coveragePercent":0.0,"knownUnitCount":0,"method":"unavailable","totalUnitCount":0},"plannedCapacityMw":0.0,"plannedCapacityMwByTechnology":{},"recordCount":1,"recordIds":["wattlas-record-osm-relation-18704190"],"sourceIds":["openstreetmap-power"],"technologies":["wind"],"technologyMixMw":{"wind":0.0},"unitCount":0,"unitIds":[]},"type":"Feature"},{"geometry":{"coordinates":[18.79144,53.791171],"type":"Point"},"id":"wattlas-plant-osm-relation-18704536","properties":{"aliases":["Farma Wiatrowa Gniew"],"canonicalAnchor":"osm:relation/18704536","canonicalCountryKey":"PL","capacityMw":22.0,"country":"PL","externalIds":{"osm":"relation/18704536"},"geographyId":"PL-17162690B77437931625010","id":"wattlas-plant-osm-relation-18704536","lifecycleCounts":{"operational":1},"locationPrecision":"exact","name":"Farma Wiatrowa Gniew","operatingCapacityCoverage":{"coveragePercent":100.0,"knownUnitCount":0,"method":"plant_aggregate","provenance":{"evidenceCount":0,"recordIds":["wattlas-record-osm-relation-18704536"],"sourceIds":["openstreetmap-power"],"sourceTypes":["community_mapped"],"valueKind":"reported"},"totalUnitCount":0},"operatingCapacityMw":22.0,"operatingCapacityMwByTechnology":{"wind":22.0},"plannedCapacityCoverage":{"coveragePercent":0.0,"knownUnitCount":0,"method":"unavailable","totalUnitCount":0},"plannedCapacityMw":0.0,"plannedCapacityMwByTechnology":{},"recordCount":1,"recordIds":["wattlas-record-osm-relation-18704536"],"sourceIds":["openstreetmap-power"],"technologies":["wind"],"technologyMixMw":{"wind":22.0},"unitCount":0,"unitIds":[]},"type":"Feature"},{"geometry":{"coordinates":[17.878407,54.639762],"type":"Point"},"id":"wattlas-plant-osm-relation-18704783","properties":{"aliases":["Farma Wiatrowa EP44"],"canonicalAnchor":"osm:relation/18704783","canonicalCountryKey":"PL","capacityMw":44.0,"country":"PL","externalIds":{"osm":"relation/18704783"},"geographyId":"PL-17162690B77437931625010","id":"wattlas-plant-osm-relation-18704783","lifecycleCounts":{"operational":1},"locationPrecision":"exact","name":"Farma Wiatrowa EP44","operatingCapacityCoverage":{"coveragePercent":100.0,"knownUnitCount":0,"method":"plant_aggregate","provenance":{"evidenceCount":0,"recordIds":["wattlas-record-osm-relation-18704783"],"sourceIds":["openstreetmap-power"],"sourceTypes":["community_mapped"],"valueKind":"reported"},"totalUnitCount":0},"operatingCapacityMw":44.0,"operatingCapacityMwByTechnology":{"wind":44.0},"plannedCapacityCoverage":{"coveragePercent":0.0,"knownUnitCount":0,"method":"unavailable","totalUnitCount":0},"plannedCapacityMw":0.0,"plannedCapacityMwByTechnology":{},"recordCount":1,"recordIds":["wattlas-record-osm-relation-18704783"],"sourceIds":["openstreetmap-power"],"technologies":["wind"],"technologyMixMw":{"wind":44.0},"unitCount":0,"unitIds":[]},"type":"Feature"},{"geometry":{"coordinates":[23.148251,52.461459],"type":"Point"},"id":"wattlas-plant-osm-relation-18730555","properties":{"aliases":["Farma fotowoltaiczna PV Augustynka"],"canonicalAnchor":"osm:relation/18730555","canonicalCountryKey":"PL","capacityMw":25.0,"country":"PL","externalIds":{"osm":"relation/18730555"},"geographyId":"PL-17162690B23777949290372","id":"wattlas-plant-osm-relation-18730555","lifecycleCounts":{"operational":1},"locationPrecision":"exact","name":"Farma fotowoltaiczna PV Augustynka","operatingCapacityCoverage":{"coveragePercent":100.0,"knownUnitCount":0,"method":"plant_aggregate","provenance":{"evidenceCount":0,"recordIds":["wattlas-record-osm-relation-18730555"],"sourceIds":["openstreetmap-power"],"sourceTypes":["community_mapped"],"valueKind":"reported"},"totalUnitCount":0},"operatingCapacityMw":25.0,"operatingCapacityMwByTechnology":{"solar":25.0},"plannedCapacityCoverage":{"coveragePercent":0.0,"knownUnitCount":0,"method":"unavailable","totalUnitCount":0},"plannedCapacityMw":0.0,"plannedCapacityMwByTechnology":{},"recordCount":1,"recordIds":["wattlas-record-osm-relation-18730555"],"sourceIds":["openstreetmap-power"],"technologies":["solar"],"technologyMixMw":{"solar":25.0},"unitCount":0,"unitIds":[]},"type":"Feature"},{"geometry":{"coordinates":[21.824165,50.538837],"type":"Point"},"id":"wattlas-plant-osm-relation-18752546","properties":{"aliases":["Instalacja Fotowoltaiczna PV Jeziórko 1 - Obszar VII"],"canonicalAnchor":"osm:relation/18752546","canonicalCountryKey":"PL","capacityMw":0.0,"country":"PL","externalIds":{"osm":"relation/18752546"},"geographyId":"PL-17162690B44985096553766","id":"wattlas-plant-osm-relation-18752546","lifecycleCounts":{"operational":1},"locationPrecision":"exact","name":"Instalacja Fotowoltaiczna PV Jeziórko 1 - Obszar VII","operatingCapacityCoverage":{"coveragePercent":0.0,"knownUnitCount":0,"method":"unavailable","totalUnitCount":0},"operatingCapacityMw":0.0,"operatingCapacityMwByTechnology":{},"plannedCapacityCoverage":{"coveragePercent":0.0,"knownUnitCount":0,"method":"unavailable","totalUnitCount":0},"plannedCapacityMw":0.0,"plannedCapacityMwByTechnology":{},"recordCount":1,"recordIds":["wattlas-record-osm-relation-18752546"],"sourceIds":["openstreetmap-power"],"technologies":["solar"],"technologyMixMw":{"solar":0.0},"unitCount":0,"unitIds":[]},"type":"Feature"},{"geometry":{"coordinates":[15.549286,52.911574],"type":"Point"},"id":"wattlas-plant-osm-relation-18796685","properties":{"aliases":["Farma wiatrowa Czyżewo"],"canonicalAnchor":"osm:relation/18796685","canonicalCountryKey":"PL","capacityMw":6.0,"country":"PL","externalIds":{"osm":"relation/18796685"},"geographyId":"PL-17162690B87710404837799","id":"wattlas-plant-osm-relation-18796685","lifecycleCounts":{"operational":1},"locationPrecision":"exact","name":"Farma wiatrowa Czyżewo","operatingCapacityCoverage":{"coveragePercent":100.0,"knownUnitCount":0,"method":"plant_aggregate","provenance":{"evidenceCount":0,"recordIds":["wattlas-record-osm-relation-18796685"],"sourceIds":["openstreetmap-power"],"sourceTypes":["community_mapped"],"valueKind":"reported"},"totalUnitCount":0},"operatingCapacityMw":6.0,"operatingCapacityMwByTechnology":{"wind":6.0},"plannedCapacityCoverage":{"coveragePercent":0.0,"knownUnitCount":0,"method":"unavailable","totalUnitCount":0},"plannedCapacityMw":0.0,"plannedCapacityMwByTechnology":{},"recordCount":1,"recordIds":["wattlas-record-osm-relation-18796685"],"sourceIds":["openstreetmap-power"],"technologies":["wind"],"technologyMixMw":{"wind":6.0},"unitCount":0,"unitIds":[]},"type":"Feature"},{"geometry":{"coordinates":[23.562489,51.151694],"type":"Point"},"id":"wattlas-plant-osm-relation-18917922","properties":{"aliases":["PV Srebrzyszcze"],"canonicalAnchor":"osm:relation/18917922","canonicalCountryKey":"PL","capacityMw":60.0,"country":"PL","externalIds":{"osm":"relation/18917922"},"geographyId":"PL-17162690B69262761487853","id":"wattlas-plant-osm-relation-18917922","lifecycleCounts":{"operational":1},"locationPrecision":"exact","name":"PV Srebrzyszcze","operatingCapacityCoverage":{"coveragePercent":100.0,"knownUnitCount":0,"method":"plant_aggregate","provenance":{"evidenceCount":0,"recordIds":["wattlas-record-osm-relation-18917922"],"sourceIds":["openstreetmap-power"],"sourceTypes":["community_mapped"],"valueKind":"reported"},"totalUnitCount":0},"operatingCapacityMw":60.0,"operatingCapacityMwByTechnology":{"solar":60.0},"plannedCapacityCoverage":{"coveragePercent":0.0,"knownUnitCount":0,"method":"unavailable","totalUnitCount":0},"plannedCapacityMw":0.0,"plannedCapacityMwByTechnology":{},"recordCount":1,"recordIds":["wattlas-record-osm-relation-18917922"],"sourceIds":["openstreetmap-power"],"technologies":["solar"],"technologyMixMw":{"solar":60.0},"unitCount":0,"unitIds":[]},"type":"Feature"},{"geometry":{"coordinates":[17.310266,54.587233],"type":"Point"},"id":"wattlas-plant-osm-relation-19125680","properties":{"aliases":["Farma Wiatrowa Drzeżewo II"],"canonicalAnchor":"osm:relation/19125680","canonicalCountryKey":"PL","capacityMw":33.0,"country":"PL","externalIds":{"osm":"relation/19125680"},"geographyId":"PL-17162690B77437931625010","id":"wattlas-plant-osm-relation-19125680","lifecycleCounts":{"operational":1},"locationPrecision":"exact","name":"Farma Wiatrowa Drzeżewo II","operatingCapacityCoverage":{"coveragePercent":100.0,"knownUnitCount":0,"method":"plant_aggregate","provenance":{"evidenceCount":0,"recordIds":["wattlas-record-osm-relation-19125680"],"sourceIds":["openstreetmap-power"],"sourceTypes":["community_mapped"],"valueKind":"reported"},"totalUnitCount":0},"operatingCapacityMw":33.0,"operatingCapacityMwByTechnology":{"wind":33.0},"plannedCapacityCoverage":{"coveragePercent":0.0,"knownUnitCount":0,"method":"unavailable","totalUnitCount":0},"plannedCapacityMw":0.0,"plannedCapacityMwByTechnology":{},"recordCount":1,"recordIds":["wattlas-record-osm-relation-19125680"],"sourceIds":["openstreetmap-power"],"technologies":["wind"],"technologyMixMw":{"wind":33.0},"unitCount":0,"unitIds":[]},"type":"Feature"},{"geometry":{"coordinates":[17.250906,54.565128],"type":"Point"},"id":"wattlas-plant-osm-relation-19125682","properties":{"aliases":["Farma Wiatrowa Drzeżewo I"],"canonicalAnchor":"osm:relation/19125682","canonicalCountryKey":"PL","capacityMw":24.2,"country":"PL","externalIds":{"osm":"relation/19125682"},"geographyId":"PL-17162690B77437931625010","id":"wattlas-plant-osm-relation-19125682","lifecycleCounts":{"operational":1},"locationPrecision":"exact","name":"Farma Wiatrowa Drzeżewo I","operatingCapacityCoverage":{"coveragePercent":100.0,"knownUnitCount":0,"method":"plant_aggregate","provenance":{"evidenceCount":0,"recordIds":["wattlas-record-osm-relation-19125682"],"sourceIds":["openstreetmap-power"],"sourceTypes":["community_mapped"],"valueKind":"reported"},"totalUnitCount":0},"operatingCapacityMw":24.2,"operatingCapacityMwByTechnology":{"wind":24.2},"plannedCapacityCoverage":{"coveragePercent":0.0,"knownUnitCount":0,"method":"unavailable","totalUnitCount":0},"plannedCapacityMw":0.0,"plannedCapacityMwByTechnology":{},"recordCount":1,"recordIds":["wattlas-record-osm-relation-19125682"],"sourceIds":["openstreetmap-power"],"technologies":["wind"],"technologyMixMw":{"wind":24.2},"unitCount":0,"unitIds":[]},"type":"Feature"},{"geometry":{"coordinates":[17.442508,54.608205],"type":"Point"},"id":"wattlas-plant-osm-relation-19125724","properties":{"aliases":["Farma Wiatrowa Drzeżewo III"],"canonicalAnchor":"osm:relation/19125724","canonicalCountryKey":"PL","capacityMw":30.8,"country":"PL","externalIds":{"osm":"relation/19125724"},"geographyId":"PL-17162690B77437931625010","id":"wattlas-plant-osm-relation-19125724","lifecycleCounts":{"operational":1},"locationPrecision":"exact","name":"Farma Wiatrowa Drzeżewo III","operatingCapacityCoverage":{"coveragePercent":100.0,"knownUnitCount":0,"method":"plant_aggregate","provenance":{"evidenceCount":0,"recordIds":["wattlas-record-osm-relation-19125724"],"sourceIds":["openstreetmap-power"],"sourceTypes":["community_mapped"],"valueKind":"reported"},"totalUnitCount":0},"operatingCapacityMw":30.8,"operatingCapacityMwByTechnology":{"wind":30.8},"plannedCapacityCoverage":{"coveragePercent":0.0,"knownUnitCount":0,"method":"unavailable","totalUnitCount":0},"plannedCapacityMw":0.0,"plannedCapacityMwByTechnology":{},"recordCount":1,"recordIds":["wattlas-record-osm-relation-19125724"],"sourceIds":["openstreetmap-power"],"technologies":["wind"],"technologyMixMw":{"wind":30.8},"unitCount":0,"unitIds":[]},"type":"Feature"},{"geometry":{"coordinates":[19.751131,54.339205],"type":"Point"},"id":"wattlas-plant-osm-relation-19125773","properties":{"aliases":["Farma Fotowoltaiczna Stępień"],"canonicalAnchor":"osm:relation/19125773","canonicalCountryKey":"PL","capacityMw":58.0,"country":"PL","externalIds":{"osm":"relation/19125773"},"geographyId":"PL-17162690B18723007704312","id":"wattlas-plant-osm-relation-19125773","lifecycleCounts":{"operational":1},"locationPrecision":"exact","name":"Farma Fotowoltaiczna Stępień","operatingCapacityCoverage":{"coveragePercent":100.0,"knownUnitCount":0,"method":"plant_aggregate","provenance":{"evidenceCount":0,"recordIds":["wattlas-record-osm-relation-19125773"],"sourceIds":["openstreetmap-power"],"sourceTypes":["community_mapped"],"valueKind":"reported"},"totalUnitCount":0},"operatingCapacityMw":58.0,"operatingCapacityMwByTechnology":{"solar":58.0},"plannedCapacityCoverage":{"coveragePercent":0.0,"knownUnitCount":0,"method":"unavailable","totalUnitCount":0},"plannedCapacityMw":0.0,"plannedCapacityMwByTechnology":{},"recordCount":1,"recordIds":["wattlas-record-osm-relation-19125773"],"sourceIds":["openstreetmap-power"],"technologies":["solar"],"technologyMixMw":{"solar":58.0},"unitCount":0,"unitIds":[]},"type":"Feature"},{"geometry":{"coordinates":[19.627839,50.236778],"type":"Point"},"id":"wattlas-plant-osm-relation-19131437","properties":{"aliases":["Farma fotowoltaiczna PV Zimnodół"],"canonicalAnchor":"osm:relation/19131437","canonicalCountryKey":"PL","capacityMw":36.0,"country":"PL","externalIds":{"osm":"relation/19131437"},"geographyId":"PL-17162690B67655395900928","id":"wattlas-plant-osm-relation-19131437","lifecycleCounts":{"operational":1},"locationPrecision":"exact","name":"Farma fotowoltaiczna PV Zimnodół","operatingCapacityCoverage":{"coveragePercent":100.0,"knownUnitCount":0,"method":"plant_aggregate","provenance":{"evidenceCount":0,"recordIds":["wattlas-record-osm-relation-19131437"],"sourceIds":["openstreetmap-power"],"sourceTypes":["community_mapped"],"valueKind":"reported"},"totalUnitCount":0},"operatingCapacityMw":36.0,"operatingCapacityMwByTechnology":{"solar":36.0},"plannedCapacityCoverage":{"coveragePercent":0.0,"knownUnitCount":0,"method":"unavailable","totalUnitCount":0},"plannedCapacityMw":0.0,"plannedCapacityMwByTechnology":{},"recordCount":1,"recordIds":["wattlas-record-osm-relation-19131437"],"sourceIds":["openstreetmap-power"],"technologies":["solar"],"technologyMixMw":{"solar":36.0},"unitCount":0,"unitIds":[]},"type":"Feature"},{"geometry":{"coordinates":[18.444815,53.364042],"type":"Point"},"id":"wattlas-plant-osm-relation-19158318","properties":{"aliases":["Farma fotowoltaiczna Chełmno"],"canonicalAnchor":"osm:relation/19158318","canonicalCountryKey":"PL","capacityMw":22.0,"country":"PL","externalIds":{"osm":"relation/19158318"},"geographyId":"PL-17162690B37876665907262","id":"wattlas-plant-osm-relation-19158318","lifecycleCounts":{"operational":1},"locationPrecision":"exact","name":"Farma fotowoltaiczna Chełmno","operatingCapacityCoverage":{"coveragePercent":100.0,"knownUnitCount":0,"method":"plant_aggregate","provenance":{"evidenceCount":0,"recordIds":["wattlas-record-osm-relation-19158318"],"sourceIds":["openstreetmap-power"],"sourceTypes":["community_mapped"],"valueKind":"reported"},"totalUnitCount":0},"operatingCapacityMw":22.0,"operatingCapacityMwByTechnology":{"solar":22.0},"plannedCapacityCoverage":{"coveragePercent":0.0,"knownUnitCount":0,"method":"unavailable","totalUnitCount":0},"plannedCapacityMw":0.0,"plannedCapacityMwByTechnology":{},"recordCount":1,"recordIds":["wattlas-record-osm-relation-19158318"],"sourceIds":["openstreetmap-power"],"technologies":["solar"],"technologyMixMw":{"solar":22.0},"unitCount":0,"unitIds":[]},"type":"Feature"},{"geometry":{"coordinates":[22.151871,53.447001],"type":"Point"},"id":"wattlas-plant-osm-relation-19283223","properties":{"aliases":["Farna Wiatrowa Grabowo"],"canonicalAnchor":"osm:relation/19283223","canonicalCountryKey":"PL","capacityMw":44.0,"country":"PL","externalIds":{"osm":"relation/19283223"},"geographyId":"PL-17162690B23777949290372","id":"wattlas-plant-osm-relation-19283223","lifecycleCounts":{"operational":1},"locationPrecision":"exact","name":"Farna Wiatrowa Grabowo","operatingCapacityCoverage":{"coveragePercent":100.0,"knownUnitCount":0,"method":"plant_aggregate","provenance":{"evidenceCount":0,"recordIds":["wattlas-record-osm-relation-19283223"],"sourceIds":["openstreetmap-power"],"sourceTypes":["community_mapped"],"valueKind":"reported"},"totalUnitCount":0},"operatingCapacityMw":44.0,"operatingCapacityMwByTechnology":{"wind":44.0},"plannedCapacityCoverage":{"coveragePercent":0.0,"knownUnitCount":0,"method":"unavailable","totalUnitCount":0},"plannedCapacityMw":0.0,"plannedCapacityMwByTechnology":{},"recordCount":1,"recordIds":["wattlas-record-osm-relation-19283223"],"sourceIds":["openstreetmap-power"],"technologies":["wind"],"technologyMixMw":{"wind":44.0},"unitCount":0,"unitIds":[]},"type":"Feature"},{"geometry":{"coordinates":[16.480399,53.040719],"type":"Point"},"id":"wattlas-plant-osm-relation-19395447","properties":{"aliases":["Elektrownia PV Trzcianka Noteckie"],"canonicalAnchor":"osm:relation/19395447","canonicalCountryKey":"PL","capacityMw":0.0,"country":"PL","externalIds":{"osm":"relation/19395447"},"geographyId":"PL-17162690B71775569625336","id":"wattlas-plant-osm-relation-19395447","lifecycleCounts":{"operational":1},"locationPrecision":"exact","name":"Elektrownia PV Trzcianka Noteckie","operatingCapacityCoverage":{"coveragePercent":0.0,"knownUnitCount":0,"method":"unavailable","totalUnitCount":0},"operatingCapacityMw":0.0,"operatingCapacityMwByTechnology":{},"plannedCapacityCoverage":{"coveragePercent":0.0,"knownUnitCount":0,"method":"unavailable","totalUnitCount":0},"plannedCapacityMw":0.0,"plannedCapacityMwByTechnology":{},"recordCount":1,"recordIds":["wattlas-record-osm-relation-19395447"],"sourceIds":["openstreetmap-power"],"technologies":["solar"],"technologyMixMw":{"solar":0.0},"unitCount":0,"unitIds":[]},"type":"Feature"},{"geometry":{"coordinates":[20.987877,53.396526],"type":"Point"},"id":"wattlas-plant-osm-relation-19547826","properties":{"aliases":["PV Wielbark"],"canonicalAnchor":"osm:relation/19547826","canonicalCountryKey":"PL","capacityMw":62.0,"country":"PL","externalIds":{"osm":"relation/19547826"},"geographyId":"PL-17162690B18723007704312","id":"wattlas-plant-osm-relation-19547826","lifecycleCounts":{"operational":1},"locationPrecision":"exact","name":"PV Wielbark","operatingCapacityCoverage":{"coveragePercent":100.0,"knownUnitCount":0,"method":"plant_aggregate","provenance":{"evidenceCount":0,"recordIds":["wattlas-record-osm-relation-19547826"],"sourceIds":["openstreetmap-power"],"sourceTypes":["community_mapped"],"valueKind":"reported"},"totalUnitCount":0},"operatingCapacityMw":62.0,"operatingCapacityMwByTechnology":{"solar":62.0},"plannedCapacityCoverage":{"coveragePercent":0.0,"knownUnitCount":0,"method":"unavailable","totalUnitCount":0},"plannedCapacityMw":0.0,"plannedCapacityMwByTechnology":{},"recordCount":1,"recordIds":["wattlas-record-osm-relation-19547826"],"sourceIds":["openstreetmap-power"],"technologies":["solar"],"technologyMixMw":{"solar":62.0},"unitCount":0,"unitIds":[]},"type":"Feature"},{"geometry":{"coordinates":[17.54402,50.672399],"type":"Point"},"id":"wattlas-plant-osm-relation-19717503","properties":{"aliases":["Farma Fotowoltaiczna PV Rutki"],"canonicalAnchor":"osm:relation/19717503","canonicalCountryKey":"PL","capacityMw":100.0,"country":"PL","externalIds":{"osm":"relation/19717503"},"geographyId":"PL-17162690B67719337891950","id":"wattlas-plant-osm-relation-19717503","lifecycleCounts":{"operational":1},"locationPrecision":"exact","name":"Farma Fotowoltaiczna PV Rutki","operatingCapacityCoverage":{"coveragePercent":100.0,"knownUnitCount":0,"method":"plant_aggregate","provenance":{"evidenceCount":0,"recordIds":["wattlas-record-osm-relation-19717503"],"sourceIds":["openstreetmap-power"],"sourceTypes":["community_mapped"],"valueKind":"reported"},"totalUnitCount":0},"operatingCapacityMw":100.0,"operatingCapacityMwByTechnology":{"solar":100.0},"plannedCapacityCoverage":{"coveragePercent":0.0,"knownUnitCount":0,"method":"unavailable","totalUnitCount":0},"plannedCapacityMw":0.0,"plannedCapacityMwByTechnology":{},"recordCount":1,"recordIds":["wattlas-record-osm-relation-19717503"],"sourceIds":["openstreetmap-power"],"technologies":["solar"],"technologyMixMw":{"solar":100.0},"unitCount":0,"unitIds":[]},"type":"Feature"},{"geometry":{"coordinates":[19.202117,50.79787],"type":"Point"},"id":"wattlas-plant-osm-relation-19738023","properties":{"aliases":["Mapped power plant · OSM 19738023"],"canonicalAnchor":"osm:relation/19738023","canonicalCountryKey":"PL","capacityMw":0.0,"country":"PL","externalIds":{"osm":"relation/19738023"},"geographyId":"PL-17162690B16879770934003","id":"wattlas-plant-osm-relation-19738023","lifecycleCounts":{"operational":1},"locationPrecision":"exact","name":"Mapped power plant · OSM 19738023","operatingCapacityCoverage":{"coveragePercent":0.0,"knownUnitCount":0,"method":"unavailable","totalUnitCount":0},"operatingCapacityMw":0.0,"operatingCapacityMwByTechnology":{},"plannedCapacityCoverage":{"coveragePercent":0.0,"knownUnitCount":0,"method":"unavailable","totalUnitCount":0},"plannedCapacityMw":0.0,"plannedCapacityMwByTechnology":{},"recordCount":1,"recordIds":["wattlas-record-osm-relation-19738023"],"sourceIds":["openstreetmap-power"],"technologies":["solar"],"technologyMixMw":{"solar":0.0},"unitCount":0,"unitIds":[]},"type":"Feature"},{"geometry":{"coordinates":[23.132714,50.694647],"type":"Point"},"id":"wattlas-plant-osm-relation-19768740","properties":{"aliases":["Farma fotowoltaiczna PV Zamość"],"canonicalAnchor":"osm:relation/19768740","canonicalCountryKey":"PL","capacityMw":135.0,"country":"PL","externalIds":{"osm":"relation/19768740"},"geographyId":"PL-17162690B69262761487853","id":"wattlas-plant-osm-relation-19768740","lifecycleCounts":{"operational":1},"locationPrecision":"exact","name":"Farma fotowoltaiczna PV Zamość","operatingCapacityCoverage":{"coveragePercent":100.0,"knownUnitCount":0,"method":"plant_aggregate","provenance":{"evidenceCount":0,"recordIds":["wattlas-record-osm-relation-19768740"],"sourceIds":["openstreetmap-power"],"sourceTypes":["community_mapped"],"valueKind":"reported"},"totalUnitCount":0},"operatingCapacityMw":135.0,"operatingCapacityMwByTechnology":{"solar":135.0},"plannedCapacityCoverage":{"coveragePercent":0.0,"knownUnitCount":0,"method":"unavailable","totalUnitCount":0},"plannedCapacityMw":0.0,"plannedCapacityMwByTechnology":{},"recordCount":1,"recordIds":["wattlas-record-osm-relation-19768740"],"sourceIds":["openstreetmap-power"],"technologies":["solar"],"technologyMixMw":{"solar":135.0},"unitCount":0,"unitIds":[]},"type":"Feature"},{"geometry":{"coordinates":[20.41291,53.407034],"type":"Point"},"id":"wattlas-plant-osm-relation-19768922","properties":{"aliases":["Farma fotowoltaiczna PV Wietrzychowo"],"canonicalAnchor":"osm:relation/19768922","canonicalCountryKey":"PL","capacityMw":74.0,"country":"PL","externalIds":{"osm":"relation/19768922"},"geographyId":"PL-17162690B18723007704312","id":"wattlas-plant-osm-relation-19768922","lifecycleCounts":{"operational":1},"locationPrecision":"exact","name":"Farma fotowoltaiczna PV Wietrzychowo","operatingCapacityCoverage":{"coveragePercent":100.0,"knownUnitCount":0,"method":"plant_aggregate","provenance":{"evidenceCount":0,"recordIds":["wattlas-record-osm-relation-19768922"],"sourceIds":["openstreetmap-power"],"sourceTypes":["community_mapped"],"valueKind":"reported"},"totalUnitCount":0},"operatingCapacityMw":74.0,"operatingCapacityMwByTechnology":{"solar":74.0},"plannedCapacityCoverage":{"coveragePercent":0.0,"knownUnitCount":0,"method":"unavailable","totalUnitCount":0},"plannedCapacityMw":0.0,"plannedCapacityMwByTechnology":{},"recordCount":1,"recordIds":["wattlas-record-osm-relation-19768922"],"sourceIds":["openstreetmap-power"],"technologies":["solar"],"technologyMixMw":{"solar":74.0},"unitCount":0,"unitIds":[]},"type":"Feature"},{"geometry":{"coordinates":[18.621359,51.998018],"type":"Point"},"id":"wattlas-plant-osm-relation-19769479","properties":{"aliases":["Farma Fotowoltaiczna PV Przykona"],"canonicalAnchor":"osm:relation/19769479","canonicalCountryKey":"PL","capacityMw":200.0,"country":"PL","externalIds":{"osm":"relation/19769479"},"geographyId":"PL-17162690B71775569625336","id":"wattlas-plant-osm-relation-19769479","lifecycleCounts":{"operational":1},"locationPrecision":"exact","name":"Farma Fotowoltaiczna PV Przykona","operatingCapacityCoverage":{"coveragePercent":100.0,"knownUnitCount":0,"method":"plant_aggregate","provenance":{"evidenceCount":0,"recordIds":["wattlas-record-osm-relation-19769479"],"sourceIds":["openstreetmap-power"],"sourceTypes":["community_mapped"],"valueKind":"reported"},"totalUnitCount":0},"operatingCapacityMw":200.0,"operatingCapacityMwByTechnology":{"solar":200.0},"plannedCapacityCoverage":{"coveragePercent":0.0,"knownUnitCount":0,"method":"unavailable","totalUnitCount":0},"plannedCapacityMw":0.0,"plannedCapacityMwByTechnology":{},"recordCount":1,"recordIds":["wattlas-record-osm-relation-19769479"],"sourceIds":["openstreetmap-power"],"technologies":["solar"],"technologyMixMw":{"solar":200.0},"unitCount":0,"unitIds":[]},"type":"Feature"},{"geometry":{"coordinates":[16.073206,51.76187],"type":"Point"},"id":"wattlas-plant-osm-relation-19774475","properties":{"aliases":["Farma fotowoltaiczna PV Kotla"],"canonicalAnchor":"osm:relation/19774475","canonicalCountryKey":"PL","capacityMw":130.0,"country":"PL","externalIds":{"osm":"relation/19774475"},"geographyId":"PL-17162690B87710404837799","id":"wattlas-plant-osm-relation-19774475","lifecycleCounts":{"operational":1},"locationPrecision":"exact","name":"Farma fotowoltaiczna PV Kotla","operatingCapacityCoverage":{"coveragePercent":100.0,"knownUnitCount":0,"method":"plant_aggregate","provenance":{"evidenceCount":0,"recordIds":["wattlas-record-osm-relation-19774475"],"sourceIds":["openstreetmap-power"],"sourceTypes":["community_mapped"],"valueKind":"reported"},"totalUnitCount":0},"operatingCapacityMw":130.0,"operatingCapacityMwByTechnology":{"solar":130.0},"plannedCapacityCoverage":{"coveragePercent":0.0,"knownUnitCount":0,"method":"unavailable","totalUnitCount":0},"plannedCapacityMw":0.0,"plannedCapacityMwByTechnology":{},"recordCount":1,"recordIds":["wattlas-record-osm-relation-19774475"],"sourceIds":["openstreetmap-power"],"technologies":["solar"],"technologyMixMw":{"solar":130.0},"unitCount":0,"unitIds":[]},"type":"Feature"},{"geometry":{"coordinates":[16.980206,54.495724],"type":"Point"},"id":"wattlas-plant-osm-relation-19805941","properties":{"aliases":["Mapped power plant · OSM 19805941"],"canonicalAnchor":"osm:relation/19805941","canonicalCountryKey":"PL","capacityMw":0.0,"country":"PL","externalIds":{"osm":"relation/19805941"},"geographyId":"PL-17162690B77437931625010","id":"wattlas-plant-osm-relation-19805941","lifecycleCounts":{"operational":1},"locationPrecision":"exact","name":"Mapped power plant · OSM 19805941","operatingCapacityCoverage":{"coveragePercent":0.0,"knownUnitCount":0,"method":"unavailable","totalUnitCount":0},"operatingCapacityMw":0.0,"operatingCapacityMwByTechnology":{},"plannedCapacityCoverage":{"coveragePercent":0.0,"knownUnitCount":0,"method":"unavailable","totalUnitCount":0},"plannedCapacityMw":0.0,"plannedCapacityMwByTechnology":{},"recordCount":1,"recordIds":["wattlas-record-osm-relation-19805941"],"sourceIds":["openstreetmap-power"],"technologies":["solar"],"technologyMixMw":{"solar":0.0},"unitCount":0,"unitIds":[]},"type":"Feature"},{"geometry":{"coordinates":[18.583496,51.681947],"type":"Point"},"id":"wattlas-plant-osm-relation-19836678","properties":{"aliases":["Farma Wiatrowa Warta"],"canonicalAnchor":"osm:relation/19836678","canonicalCountryKey":"PL","capacityMw":28.6,"country":"PL","externalIds":{"osm":"relation/19836678"},"geographyId":"PL-17162690B86810837764805","id":"wattlas-plant-osm-relation-19836678","lifecycleCounts":{"operational":1},"locationPrecision":"exact","name":"Farma Wiatrowa Warta","operatingCapacityCoverage":{"coveragePercent":100.0,"knownUnitCount":0,"method":"plant_aggregate","provenance":{"evidenceCount":0,"recordIds":["wattlas-record-osm-relation-19836678"],"sourceIds":["openstreetmap-power"],"sourceTypes":["community_mapped"],"valueKind":"reported"},"totalUnitCount":0},"operatingCapacityMw":28.6,"operatingCapacityMwByTechnology":{"solar":28.6},"plannedCapacityCoverage":{"coveragePercent":0.0,"knownUnitCount":0,"method":"unavailable","totalUnitCount":0},"plannedCapacityMw":0.0,"plannedCapacityMwByTechnology":{},"recordCount":1,"recordIds":["wattlas-record-osm-relation-19836678"],"sourceIds":["openstreetmap-power"],"technologies":["solar"],"technologyMixMw":{"solar":28.6},"unitCount":0,"unitIds":[]},"type":"Feature"},{"geometry":{"coordinates":[18.562154,51.59936],"type":"Point"},"id":"wattlas-plant-osm-relation-19836855","properties":{"aliases":["Farma Wiatrowa Sieradz"],"canonicalAnchor":"osm:relation/19836855","canonicalCountryKey":"PL","capacityMw":24.0,"country":"PL","externalIds":{"osm":"relation/19836855"},"geographyId":"PL-17162690B86810837764805","id":"wattlas-plant-osm-relation-19836855","lifecycleCounts":{"operational":1},"locationPrecision":"exact","name":"Farma Wiatrowa Sieradz","operatingCapacityCoverage":{"coveragePercent":100.0,"knownUnitCount":0,"method":"plant_aggregate","provenance":{"evidenceCount":0,"recordIds":["wattlas-record-osm-relation-19836855"],"sourceIds":["openstreetmap-power"],"sourceTypes":["community_mapped"],"valueKind":"reported"},"totalUnitCount":0},"operatingCapacityMw":24.0,"operatingCapacityMwByTechnology":{"solar":24.0},"plannedCapacityCoverage":{"coveragePercent":0.0,"knownUnitCount":0,"method":"unavailable","totalUnitCount":0},"plannedCapacityMw":0.0,"plannedCapacityMwByTechnology":{},"recordCount":1,"recordIds":["wattlas-record-osm-relation-19836855"],"sourceIds":["openstreetmap-power"],"technologies":["solar"],"technologyMixMw":{"solar":24.0},"unitCount":0,"unitIds":[]},"type":"Feature"},{"geometry":{"coordinates":[18.05314,52.721312],"type":"Point"},"id":"wattlas-plant-osm-relation-20238376","properties":{"aliases":["Farma Wiatrowa Janikowo"],"canonicalAnchor":"osm:relation/20238376","canonicalCountryKey":"PL","capacityMw":70.0,"country":"PL","externalIds":{"osm":"relation/20238376"},"geographyId":"PL-17162690B37876665907262","id":"wattlas-plant-osm-relation-20238376","lifecycleCounts":{"operational":1},"locationPrecision":"exact","name":"Farma Wiatrowa Janikowo","operatingCapacityCoverage":{"coveragePercent":100.0,"knownUnitCount":0,"method":"plant_aggregate","provenance":{"evidenceCount":0,"recordIds":["wattlas-record-osm-relation-20238376"],"sourceIds":["openstreetmap-power"],"sourceTypes":["community_mapped"],"valueKind":"reported"},"totalUnitCount":0},"operatingCapacityMw":70.0,"operatingCapacityMwByTechnology":{"wind":70.0},"plannedCapacityCoverage":{"coveragePercent":0.0,"knownUnitCount":0,"method":"unavailable","totalUnitCount":0},"plannedCapacityMw":0.0,"plannedCapacityMwByTechnology":{},"recordCount":1,"recordIds":["wattlas-record-osm-relation-20238376"],"sourceIds":["openstreetmap-power"],"technologies":["wind"],"technologyMixMw":{"wind":70.0},"unitCount":0,"unitIds":[]},"type":"Feature"},{"geometry":{"coordinates":[18.509473,52.643253],"type":"Point"},"id":"wattlas-plant-osm-relation-20243644","properties":{"aliases":["Farma Wiatrowa Radziejów"],"canonicalAnchor":"osm:relation/20243644","canonicalCountryKey":"PL","capacityMw":42.0,"country":"PL","externalIds":{"osm":"relation/20243644"},"geographyId":"PL-17162690B37876665907262","id":"wattlas-plant-osm-relation-20243644","lifecycleCounts":{"operational":1},"locationPrecision":"exact","name":"Farma Wiatrowa Radziejów","operatingCapacityCoverage":{"coveragePercent":100.0,"knownUnitCount":0,"method":"plant_aggregate","provenance":{"evidenceCount":0,"recordIds":["wattlas-record-osm-relation-20243644"],"sourceIds":["openstreetmap-power"],"sourceTypes":["community_mapped"],"valueKind":"reported"},"totalUnitCount":0},"operatingCapacityMw":42.0,"operatingCapacityMwByTechnology":{"solar":42.0},"plannedCapacityCoverage":{"coveragePercent":0.0,"knownUnitCount":0,"method":"unavailable","totalUnitCount":0},"plannedCapacityMw":0.0,"plannedCapacityMwByTechnology":{},"recordCount":1,"recordIds":["wattlas-record-osm-relation-20243644"],"sourceIds":["openstreetmap-power"],"technologies":["solar"],"technologyMixMw":{"solar":42.0},"unitCount":0,"unitIds":[]},"type":"Feature"},{"geometry":{"coordinates":[14.662026,53.832646],"type":"Point"},"id":"wattlas-plant-osm-relation-4547523","properties":{"aliases":["Elektrownia wiatrowa Jagniątkowo"],"canonicalAnchor":"osm:relation/4547523","canonicalCountryKey":"PL","capacityMw":30.6,"country":"PL","externalIds":{"osm":"relation/4547523"},"geographyId":"PL-17162690B34878575347312","id":"wattlas-plant-osm-relation-4547523","lifecycleCounts":{"operational":1},"locationPrecision":"exact","name":"Elektrownia wiatrowa Jagniątkowo","operatingCapacityCoverage":{"coveragePercent":100.0,"knownUnitCount":0,"method":"plant_aggregate","provenance":{"evidenceCount":0,"recordIds":["wattlas-record-osm-relation-4547523"],"sourceIds":["openstreetmap-power"],"sourceTypes":["community_mapped"],"valueKind":"reported"},"totalUnitCount":0},"operatingCapacityMw":30.6,"operatingCapacityMwByTechnology":{"wind":30.6},"plannedCapacityCoverage":{"coveragePercent":0.0,"knownUnitCount":0,"method":"unavailable","totalUnitCount":0},"plannedCapacityMw":0.0,"plannedCapacityMwByTechnology":{},"recordCount":1,"recordIds":["wattlas-record-osm-relation-4547523"],"sourceIds":["openstreetmap-power"],"technologies":["wind"],"technologyMixMw":{"wind":30.6},"unitCount":0,"unitIds":[]},"type":"Feature"},{"geometry":{"coordinates":[22.318778,50.051105],"type":"Point"},"id":"wattlas-plant-osm-relation-4784027","properties":{"aliases":["Farma Wiatrowa \"Galicja\""],"canonicalAnchor":"osm:relation/4784027","canonicalCountryKey":"PL","capacityMw":67.5,"country":"PL","externalIds":{"osm":"relation/4784027"},"geographyId":"PL-17162690B44985096553766","id":"wattlas-plant-osm-relation-4784027","lifecycleCounts":{"operational":1},"locationPrecision":"exact","name":"Farma Wiatrowa \"Galicja\"","operatingCapacityCoverage":{"coveragePercent":100.0,"knownUnitCount":0,"method":"plant_aggregate","provenance":{"evidenceCount":0,"recordIds":["wattlas-record-osm-relation-4784027"],"sourceIds":["openstreetmap-power"],"sourceTypes":["community_mapped"],"valueKind":"reported"},"totalUnitCount":0},"operatingCapacityMw":67.5,"operatingCapacityMwByTechnology":{"wind":67.5},"plannedCapacityCoverage":{"coveragePercent":0.0,"knownUnitCount":0,"method":"unavailable","totalUnitCount":0},"plannedCapacityMw":0.0,"plannedCapacityMwByTechnology":{},"recordCount":1,"recordIds":["wattlas-record-osm-relation-4784027"],"sourceIds":["openstreetmap-power"],"technologies":["wind"],"technologyMixMw":{"wind":67.5},"unitCount":0,"unitIds":[]},"type":"Feature"},{"geometry":{"coordinates":[15.70139,54.036661],"type":"Point"},"id":"wattlas-plant-osm-relation-5971401","properties":{"aliases":["Farma Wiatrowa Myślino"],"canonicalAnchor":"osm:relation/5971401","canonicalCountryKey":"PL","capacityMw":20.0,"country":"PL","externalIds":{"osm":"relation/5971401"},"geographyId":"PL-17162690B34878575347312","id":"wattlas-plant-osm-relation-5971401","lifecycleCounts":{"operational":1},"locationPrecision":"exact","name":"Farma Wiatrowa Myślino","operatingCapacityCoverage":{"coveragePercent":100.0,"knownUnitCount":0,"method":"plant_aggregate","provenance":{"evidenceCount":0,"recordIds":["wattlas-record-osm-relation-5971401"],"sourceIds":["openstreetmap-power"],"sourceTypes":["community_mapped"],"valueKind":"reported"},"totalUnitCount":0},"operatingCapacityMw":20.0,"operatingCapacityMwByTechnology":{"wind":20.0},"plannedCapacityCoverage":{"coveragePercent":0.0,"knownUnitCount":0,"method":"unavailable","totalUnitCount":0},"plannedCapacityMw":0.0,"plannedCapacityMwByTechnology":{},"recordCount":1,"recordIds":["wattlas-record-osm-relation-5971401"],"sourceIds":["openstreetmap-power"],"technologies":["wind"],"technologyMixMw":{"wind":20.0},"unitCount":0,"unitIds":[]},"type":"Feature"},{"geometry":{"coordinates":[15.085227,54.041357],"type":"Point"},"id":"wattlas-plant-osm-relation-5973908","properties":{"aliases":["Elektrownia wiatrowa Karnice I"],"canonicalAnchor":"osm:relation/5973908","canonicalCountryKey":"PL","capacityMw":30.0,"country":"PL","externalIds":{"osm":"relation/5973908"},"geographyId":"PL-17162690B34878575347312","id":"wattlas-plant-osm-relation-5973908","lifecycleCounts":{"operational":1},"locationPrecision":"exact","name":"Elektrownia wiatrowa Karnice I","operatingCapacityCoverage":{"coveragePercent":100.0,"knownUnitCount":0,"method":"plant_aggregate","provenance":{"evidenceCount":0,"recordIds":["wattlas-record-osm-relation-5973908"],"sourceIds":["openstreetmap-power"],"sourceTypes":["community_mapped"],"valueKind":"reported"},"totalUnitCount":0},"operatingCapacityMw":30.0,"operatingCapacityMwByTechnology":{"wind":30.0},"plannedCapacityCoverage":{"coveragePercent":0.0,"knownUnitCount":0,"method":"unavailable","totalUnitCount":0},"plannedCapacityMw":0.0,"plannedCapacityMwByTechnology":{},"recordCount":1,"recordIds":["wattlas-record-osm-relation-5973908"],"sourceIds":["openstreetmap-power"],"technologies":["wind"],"technologyMixMw":{"wind":30.0},"unitCount":0,"unitIds":[]},"type":"Feature"},{"geometry":{"coordinates":[17.734301,54.672173],"type":"Point"},"id":"wattlas-plant-osm-relation-5973909","properties":{"aliases":["Elektrownia wiatrowa Lotnisko"],"canonicalAnchor":"osm:relation/5973909","canonicalCountryKey":"PL","capacityMw":90.0,"country":"PL","externalIds":{"osm":"relation/5973909"},"geographyId":"PL-17162690B77437931625010","id":"wattlas-plant-osm-relation-5973909","lifecycleCounts":{"operational":1},"locationPrecision":"exact","name":"Elektrownia wiatrowa Lotnisko","operatingCapacityCoverage":{"coveragePercent":100.0,"knownUnitCount":0,"method":"plant_aggregate","provenance":{"evidenceCount":0,"recordIds":["wattlas-record-osm-relation-5973909"],"sourceIds":["openstreetmap-power"],"sourceTypes":["community_mapped"],"valueKind":"reported"},"totalUnitCount":0},"operatingCapacityMw":90.0,"operatingCapacityMwByTechnology":{"wind":90.0},"plannedCapacityCoverage":{"coveragePercent":0.0,"knownUnitCount":0,"method":"unavailable","totalUnitCount":0},"plannedCapacityMw":0.0,"plannedCapacityMwByTechnology":{},"recordCount":1,"recordIds":["wattlas-record-osm-relation-5973909"],"sourceIds":["openstreetmap-power"],"technologies":["wind"],"technologyMixMw":{"wind":90.0},"unitCount":0,"unitIds":[]},"type":"Feature"},{"geometry":{"coordinates":[15.426134,53.746822],"type":"Point"},"id":"wattlas-plant-osm-relation-5973911","properties":{"aliases":["Elektrownia wiatrowa Resko I"],"canonicalAnchor":"osm:relation/5973911","canonicalCountryKey":"PL","capacityMw":14.0,"country":"PL","externalIds":{"osm":"relation/5973911"},"geographyId":"PL-17162690B34878575347312","id":"wattlas-plant-osm-relation-5973911","lifecycleCounts":{"operational":1},"locationPrecision":"exact","name":"Elektrownia wiatrowa Resko I","operatingCapacityCoverage":{"coveragePercent":100.0,"knownUnitCount":0,"method":"plant_aggregate","provenance":{"evidenceCount":0,"recordIds":["wattlas-record-osm-relation-5973911"],"sourceIds":["openstreetmap-power"],"sourceTypes":["community_mapped"],"valueKind":"reported"},"totalUnitCount":0},"operatingCapacityMw":14.0,"operatingCapacityMwByTechnology":{"wind":14.0},"plannedCapacityCoverage":{"coveragePercent":0.0,"knownUnitCount":0,"method":"unavailable","totalUnitCount":0},"plannedCapacityMw":0.0,"plannedCapacityMwByTechnology":{},"recordCount":1,"recordIds":["wattlas-record-osm-relation-5973911"],"sourceIds":["openstreetmap-power"],"technologies":["wind"],"technologyMixMw":{"wind":14.0},"unitCount":0,"unitIds":[]},"type":"Feature"},{"geometry":{"coordinates":[17.767649,54.689465],"type":"Point"},"id":"wattlas-plant-osm-relation-5973912","properties":{"aliases":["Elektrownia wiatrowa Wojciechowo"],"canonicalAnchor":"osm:relation/5973912","canonicalCountryKey":"PL","capacityMw":28.0,"country":"PL","externalIds":{"osm":"relation/5973912"},"geographyId":"PL-17162690B77437931625010","id":"wattlas-plant-osm-relation-5973912","lifecycleCounts":{"operational":1},"locationPrecision":"exact","name":"Elektrownia wiatrowa Wojciechowo","operatingCapacityCoverage":{"coveragePercent":100.0,"knownUnitCount":0,"method":"plant_aggregate","provenance":{"evidenceCount":0,"recordIds":["wattlas-record-osm-relation-5973912"],"sourceIds":["openstreetmap-power"],"sourceTypes":["community_mapped"],"valueKind":"reported"},"totalUnitCount":0},"operatingCapacityMw":28.0,"operatingCapacityMwByTechnology":{"wind":28.0},"plannedCapacityCoverage":{"coveragePercent":0.0,"knownUnitCount":0,"method":"unavailable","totalUnitCount":0},"plannedCapacityMw":0.0,"plannedCapacityMwByTechnology":{},"recordCount":1,"recordIds":["wattlas-record-osm-relation-5973912"],"sourceIds":["openstreetmap-power"],"technologies":["wind"],"technologyMixMw":{"wind":28.0},"unitCount":0,"unitIds":[]},"type":"Feature"},{"geometry":{"coordinates":[19.945019,53.093172],"type":"Point"},"id":"wattlas-plant-osm-relation-5973913","properties":{"aliases":["Elektrownia wiatrowa Żuromin"],"canonicalAnchor":"osm:relation/5973913","canonicalCountryKey":"PL","capacityMw":60.0,"country":"PL","externalIds":{"osm":"relation/5973913"},"geographyId":"PL-17162690B84565288021286","id":"wattlas-plant-osm-relation-5973913","lifecycleCounts":{"operational":1},"locationPrecision":"exact","name":"Elektrownia wiatrowa Żuromin","operatingCapacityCoverage":{"coveragePercent":100.0,"knownUnitCount":0,"method":"plant_aggregate","provenance":{"evidenceCount":0,"recordIds":["wattlas-record-osm-relation-5973913"],"sourceIds":["openstreetmap-power"],"sourceTypes":["community_mapped"],"valueKind":"reported"},"totalUnitCount":0},"operatingCapacityMw":60.0,"operatingCapacityMwByTechnology":{"wind":60.0},"plannedCapacityCoverage":{"coveragePercent":0.0,"knownUnitCount":0,"method":"unavailable","totalUnitCount":0},"plannedCapacityMw":0.0,"plannedCapacityMwByTechnology":{},"recordCount":1,"recordIds":["wattlas-record-osm-relation-5973913"],"sourceIds":["openstreetmap-power"],"technologies":["wind"],"technologyMixMw":{"wind":60.0},"unitCount":0,"unitIds":[]},"type":"Feature"},{"geometry":{"coordinates":[20.161556,51.790906],"type":"Point"},"id":"wattlas-plant-osm-relation-8767298","properties":{"aliases":["Farma Wiatrowa \"Skoczykłody\""],"canonicalAnchor":"osm:relation/8767298","canonicalCountryKey":"PL","capacityMw":36.0,"country":"PL","externalIds":{"osm":"relation/8767298"},"geographyId":"PL-17162690B86810837764805","id":"wattlas-plant-osm-relation-8767298","lifecycleCounts":{"operational":1},"locationPrecision":"exact","name":"Farma Wiatrowa \"Skoczykłody\"","operatingCapacityCoverage":{"coveragePercent":100.0,"knownUnitCount":0,"method":"plant_aggregate","provenance":{"evidenceCount":0,"recordIds":["wattlas-record-osm-relation-8767298"],"sourceIds":["openstreetmap-power"],"sourceTypes":["community_mapped"],"valueKind":"reported"},"totalUnitCount":0},"operatingCapacityMw":36.0,"operatingCapacityMwByTechnology":{"wind":36.0},"plannedCapacityCoverage":{"coveragePercent":0.0,"knownUnitCount":0,"method":"unavailable","totalUnitCount":0},"plannedCapacityMw":0.0,"plannedCapacityMwByTechnology":{},"recordCount":1,"recordIds":["wattlas-record-osm-relation-8767298"],"sourceIds":["openstreetmap-power"],"technologies":["wind"],"technologyMixMw":{"wind":36.0},"unitCount":0,"unitIds":[]},"type":"Feature"},{"geometry":{"coordinates":[20.201083,51.783229],"type":"Point"},"id":"wattlas-plant-osm-relation-8767299","properties":{"aliases":["Farma Wiatrowa \"Ścieki\""],"canonicalAnchor":"osm:relation/8767299","canonicalCountryKey":"PL","capacityMw":22.0,"country":"PL","externalIds":{"osm":"relation/8767299"},"geographyId":"PL-17162690B86810837764805","id":"wattlas-plant-osm-relation-8767299","lifecycleCounts":{"operational":1},"locationPrecision":"exact","name":"Farma Wiatrowa \"Ścieki\"","operatingCapacityCoverage":{"coveragePercent":100.0,"knownUnitCount":0,"method":"plant_aggregate","provenance":{"evidenceCount":0,"recordIds":["wattlas-record-osm-relation-8767299"],"sourceIds":["openstreetmap-power"],"sourceTypes":["community_mapped"],"valueKind":"reported"},"totalUnitCount":0},"operatingCapacityMw":22.0,"operatingCapacityMwByTechnology":{"wind":22.0},"plannedCapacityCoverage":{"coveragePercent":0.0,"knownUnitCount":0,"method":"unavailable","totalUnitCount":0},"plannedCapacityMw":0.0,"plannedCapacityMwByTechnology":{},"recordCount":1,"recordIds":["wattlas-record-osm-relation-8767299"],"sourceIds":["openstreetmap-power"],"technologies":["wind"],"technologyMixMw":{"wind":22.0},"unitCount":0,"unitIds":[]},"type":"Feature"},{"geometry":{"coordinates":[16.560406,54.321735],"type":"Point"},"id":"wattlas-plant-osm-relation-8767319","properties":{"aliases":["Farma Wiatrowa \"Karwice\""],"canonicalAnchor":"osm:relation/8767319","canonicalCountryKey":"PL","capacityMw":40.0,"country":"PL","externalIds":{"osm":"relation/8767319"},"geographyId":"PL-17162690B34878575347312","id":"wattlas-plant-osm-relation-8767319","lifecycleCounts":{"operational":1},"locationPrecision":"exact","name":"Farma Wiatrowa \"Karwice\"","operatingCapacityCoverage":{"coveragePercent":100.0,"knownUnitCount":0,"method":"plant_aggregate","provenance":{"evidenceCount":0,"recordIds":["wattlas-record-osm-relation-8767319"],"sourceIds":["openstreetmap-power"],"sourceTypes":["community_mapped"],"valueKind":"reported"},"totalUnitCount":0},"operatingCapacityMw":40.0,"operatingCapacityMwByTechnology":{"wind":40.0},"plannedCapacityCoverage":{"coveragePercent":0.0,"knownUnitCount":0,"method":"unavailable","totalUnitCount":0},"plannedCapacityMw":0.0,"plannedCapacityMwByTechnology":{},"recordCount":1,"recordIds":["wattlas-record-osm-relation-8767319"],"sourceIds":["openstreetmap-power"],"technologies":["wind"],"technologyMixMw":{"wind":40.0},"unitCount":0,"unitIds":[]},"type":"Feature"},{"geometry":{"coordinates":[17.109788,50.542266],"type":"Point"},"id":"wattlas-plant-osm-relation-9449185","properties":{"aliases":["Farma Wiatrowa \"Lipniki\""],"canonicalAnchor":"osm:relation/9449185","canonicalCountryKey":"PL","capacityMw":30.75,"country":"PL","externalIds":{"osm":"relation/9449185"},"geographyId":"PL-17162690B67719337891950","id":"wattlas-plant-osm-relation-9449185","lifecycleCounts":{"operational":1},"locationPrecision":"exact","name":"Farma Wiatrowa \"Lipniki\"","operatingCapacityCoverage":{"coveragePercent":100.0,"knownUnitCount":0,"method":"plant_aggregate","provenance":{"evidenceCount":0,"recordIds":["wattlas-record-osm-relation-9449185"],"sourceIds":["openstreetmap-power"],"sourceTypes":["community_mapped"],"valueKind":"reported"},"totalUnitCount":0},"operatingCapacityMw":30.75,"operatingCapacityMwByTechnology":{"wind":30.75},"plannedCapacityCoverage":{"coveragePercent":0.0,"knownUnitCount":0,"method":"unavailable","totalUnitCount":0},"plannedCapacityMw":0.0,"plannedCapacityMwByTechnology":{},"recordCount":1,"recordIds":["wattlas-record-osm-relation-9449185"],"sourceIds":["openstreetmap-power"],"technologies":["wind"],"technologyMixMw":{"wind":30.75},"unitCount":0,"unitIds":[]},"type":"Feature"},{"geometry":{"coordinates":[19.048494,50.355108],"type":"Point"},"id":"wattlas-plant-osm-relation-9453009","properties":{"aliases":["Mapped power plant · OSM 9453009"],"canonicalAnchor":"osm:relation/9453009","canonicalCountryKey":"PL","capacityMw":0.0,"country":"PL","externalIds":{"osm":"relation/9453009"},"geographyId":"PL-17162690B16879770934003","id":"wattlas-plant-osm-relation-9453009","lifecycleCounts":{"operational":1},"locationPrecision":"exact","name":"Mapped power plant · OSM 9453009","operatingCapacityCoverage":{"coveragePercent":0.0,"knownUnitCount":0,"method":"unavailable","totalUnitCount":0},"operatingCapacityMw":0.0,"operatingCapacityMwByTechnology":{},"plannedCapacityCoverage":{"coveragePercent":0.0,"knownUnitCount":0,"method":"unavailable","totalUnitCount":0},"plannedCapacityMw":0.0,"plannedCapacityMwByTechnology":{},"recordCount":1,"recordIds":["wattlas-record-osm-relation-9453009"],"sourceIds":["openstreetmap-power"],"technologies":["coal"],"technologyMixMw":{"coal":0.0},"unitCount":0,"unitIds":[]},"type":"Feature"},{"geometry":{"coordinates":[19.833311,51.10844],"type":"Point"},"id":"wattlas-plant-osm-relation-9471922","properties":{"aliases":["Zespół Elektrowni Wiatrowych w Masłowicach"],"canonicalAnchor":"osm:relation/9471922","canonicalCountryKey":"PL","capacityMw":6.7,"country":"PL","externalIds":{"osm":"relation/9471922"},"geographyId":"PL-17162690B86810837764805","id":"wattlas-plant-osm-relation-9471922","lifecycleCounts":{"operational":1},"locationPrecision":"exact","name":"Zespół Elektrowni Wiatrowych w Masłowicach","operatingCapacityCoverage":{"coveragePercent":100.0,"knownUnitCount":0,"method":"plant_aggregate","provenance":{"evidenceCount":0,"recordIds":["wattlas-record-osm-relation-9471922"],"sourceIds":["openstreetmap-power"],"sourceTypes":["community_mapped"],"valueKind":"reported"},"totalUnitCount":0},"operatingCapacityMw":6.7,"operatingCapacityMwByTechnology":{"wind":6.7},"plannedCapacityCoverage":{"coveragePercent":0.0,"knownUnitCount":0,"method":"unavailable","totalUnitCount":0},"plannedCapacityMw":0.0,"plannedCapacityMwByTechnology":{},"recordCount":1,"recordIds":["wattlas-record-osm-relation-9471922"],"sourceIds":["openstreetmap-power"],"technologies":["wind"],"technologyMixMw":{"wind":6.7},"unitCount":0,"unitIds":[]},"type":"Feature"},{"geometry":{"coordinates":[23.736881,50.603598],"type":"Point"},"id":"wattlas-plant-osm-relation-9473060","properties":{"aliases":["Farma Wiatrowa Tyszowce"],"canonicalAnchor":"osm:relation/9473060","canonicalCountryKey":"PL","capacityMw":30.0,"country":"PL","externalIds":{"osm":"relation/9473060"},"geographyId":"PL-17162690B69262761487853","id":"wattlas-plant-osm-relation-9473060","lifecycleCounts":{"operational":1},"locationPrecision":"exact","name":"Farma Wiatrowa Tyszowce","operatingCapacityCoverage":{"coveragePercent":100.0,"knownUnitCount":0,"method":"plant_aggregate","provenance":{"evidenceCount":0,"recordIds":["wattlas-record-osm-relation-9473060"],"sourceIds":["openstreetmap-power"],"sourceTypes":["community_mapped"],"valueKind":"reported"},"totalUnitCount":0},"operatingCapacityMw":30.0,"operatingCapacityMwByTechnology":{"wind":30.0},"plannedCapacityCoverage":{"coveragePercent":0.0,"knownUnitCount":0,"method":"unavailable","totalUnitCount":0},"plannedCapacityMw":0.0,"plannedCapacityMwByTechnology":{},"recordCount":1,"recordIds":["wattlas-record-osm-relation-9473060"],"sourceIds":["openstreetmap-power"],"technologies":["wind"],"technologyMixMw":{"wind":30.0},"unitCount":0,"unitIds":[]},"type":"Feature"},{"geometry":{"coordinates":[20.1043,53.268645],"type":"Point"},"id":"wattlas-plant-osm-relation-9478673","properties":{"aliases":["Farma Wiatrowa Skurpie"],"canonicalAnchor":"osm:relation/9478673","canonicalCountryKey":"PL","capacityMw":43.7,"country":"PL","externalIds":{"osm":"relation/9478673"},"geographyId":"PL-17162690B18723007704312","id":"wattlas-plant-osm-relation-9478673","lifecycleCounts":{"operational":1},"locationPrecision":"exact","name":"Farma Wiatrowa Skurpie","operatingCapacityCoverage":{"coveragePercent":100.0,"knownUnitCount":0,"method":"plant_aggregate","provenance":{"evidenceCount":0,"recordIds":["wattlas-record-osm-relation-9478673"],"sourceIds":["openstreetmap-power"],"sourceTypes":["community_mapped"],"valueKind":"reported"},"totalUnitCount":0},"operatingCapacityMw":43.7,"operatingCapacityMwByTechnology":{"wind":43.7},"plannedCapacityCoverage":{"coveragePercent":0.0,"knownUnitCount":0,"method":"unavailable","totalUnitCount":0},"plannedCapacityMw":0.0,"plannedCapacityMwByTechnology":{},"recordCount":1,"recordIds":["wattlas-record-osm-relation-9478673"],"sourceIds":["openstreetmap-power"],"technologies":["wind"],"technologyMixMw":{"wind":43.7},"unitCount":0,"unitIds":[]},"type":"Feature"},{"geometry":{"coordinates":[17.791175,50.16002],"type":"Point"},"id":"wattlas-plant-osm-relation-9514142","properties":{"aliases":["Farma Wiatrowa Zopowy"],"canonicalAnchor":"osm:relation/9514142","canonicalCountryKey":"PL","capacityMw":30.0,"country":"PL","externalIds":{"osm":"relation/9514142"},"geographyId":"PL-17162690B67719337891950","id":"wattlas-plant-osm-relation-9514142","lifecycleCounts":{"operational":1},"locationPrecision":"exact","name":"Farma Wiatrowa Zopowy","operatingCapacityCoverage":{"coveragePercent":100.0,"knownUnitCount":0,"method":"plant_aggregate","provenance":{"evidenceCount":0,"recordIds":["wattlas-record-osm-relation-9514142"],"sourceIds":["openstreetmap-power"],"sourceTypes":["community_mapped"],"valueKind":"reported"},"totalUnitCount":0},"operatingCapacityMw":30.0,"operatingCapacityMwByTechnology":{"wind":30.0},"plannedCapacityCoverage":{"coveragePercent":0.0,"knownUnitCount":0,"method":"unavailable","totalUnitCount":0},"plannedCapacityMw":0.0,"plannedCapacityMwByTechnology":{},"recordCount":1,"recordIds":["wattlas-record-osm-relation-9514142"],"sourceIds":["openstreetmap-power"],"technologies":["wind"],"technologyMixMw":{"wind":30.0},"unitCount":0,"unitIds":[]},"type":"Feature"},{"geometry":{"coordinates":[19.051982,54.142603],"type":"Point"},"id":"wattlas-plant-osm-relation-9516949","properties":{"aliases":["Farma Wiatrowa \"Nowy Staw II\""],"canonicalAnchor":"osm:relation/9516949","canonicalCountryKey":"PL","capacityMw":28.0,"country":"PL","externalIds":{"osm":"relation/9516949"},"geographyId":"PL-17162690B77437931625010","id":"wattlas-plant-osm-relation-9516949","lifecycleCounts":{"operational":1},"locationPrecision":"exact","name":"Farma Wiatrowa \"Nowy Staw II\"","operatingCapacityCoverage":{"coveragePercent":100.0,"knownUnitCount":0,"method":"plant_aggregate","provenance":{"evidenceCount":0,"recordIds":["wattlas-record-osm-relation-9516949"],"sourceIds":["openstreetmap-power"],"sourceTypes":["community_mapped"],"valueKind":"reported"},"totalUnitCount":0},"operatingCapacityMw":28.0,"operatingCapacityMwByTechnology":{"wind":28.0},"plannedCapacityCoverage":{"coveragePercent":0.0,"knownUnitCount":0,"method":"unavailable","totalUnitCount":0},"plannedCapacityMw":0.0,"plannedCapacityMwByTechnology":{},"recordCount":1,"recordIds":["wattlas-record-osm-relation-9516949"],"sourceIds":["openstreetmap-power"],"technologies":["wind"],"technologyMixMw":{"wind":28.0},"unitCount":0,"unitIds":[]},"type":"Feature"},{"geometry":{"coordinates":[18.995714,54.157735],"type":"Point"},"id":"wattlas-plant-osm-relation-9517001","properties":{"aliases":["Farma Wiatrowa \"Nowy Staw\""],"canonicalAnchor":"osm:relation/9517001","canonicalCountryKey":"PL","capacityMw":45.0,"country":"PL","externalIds":{"osm":"relation/9517001"},"geographyId":"PL-17162690B77437931625010","id":"wattlas-plant-osm-relation-9517001","lifecycleCounts":{"operational":1},"locationPrecision":"exact","name":"Farma Wiatrowa \"Nowy Staw\"","operatingCapacityCoverage":{"coveragePercent":100.0,"knownUnitCount":0,"method":"plant_aggregate","provenance":{"evidenceCount":0,"recordIds":["wattlas-record-osm-relation-9517001"],"sourceIds":["openstreetmap-power"],"sourceTypes":["community_mapped"],"valueKind":"reported"},"totalUnitCount":0},"operatingCapacityMw":45.0,"operatingCapacityMwByTechnology":{"wind":45.0},"plannedCapacityCoverage":{"coveragePercent":0.0,"knownUnitCount":0,"method":"unavailable","totalUnitCount":0},"plannedCapacityMw":0.0,"plannedCapacityMwByTechnology":{},"recordCount":1,"recordIds":["wattlas-record-osm-relation-9517001"],"sourceIds":["openstreetmap-power"],"technologies":["wind"],"technologyMixMw":{"wind":45.0},"unitCount":0,"unitIds":[]},"type":"Feature"},{"geometry":{"coordinates":[19.047638,53.415061],"type":"Point"},"id":"wattlas-plant-osm-relation-9522931","properties":{"aliases":["Farma Wiatrowa Linowo"],"canonicalAnchor":"osm:relation/9522931","canonicalCountryKey":"PL","capacityMw":50.0,"country":"PL","externalIds":{"osm":"relation/9522931"},"geographyId":"PL-17162690B37876665907262","id":"wattlas-plant-osm-relation-9522931","lifecycleCounts":{"operational":1},"locationPrecision":"exact","name":"Farma Wiatrowa Linowo","operatingCapacityCoverage":{"coveragePercent":100.0,"knownUnitCount":0,"method":"plant_aggregate","provenance":{"evidenceCount":0,"recordIds":["wattlas-record-osm-relation-9522931"],"sourceIds":["openstreetmap-power"],"sourceTypes":["community_mapped"],"valueKind":"reported"},"totalUnitCount":0},"operatingCapacityMw":50.0,"operatingCapacityMwByTechnology":{"wind":50.0},"plannedCapacityCoverage":{"coveragePercent":0.0,"knownUnitCount":0,"method":"unavailable","totalUnitCount":0},"plannedCapacityMw":0.0,"plannedCapacityMwByTechnology":{},"recordCount":1,"recordIds":["wattlas-record-osm-relation-9522931"],"sourceIds":["openstreetmap-power"],"technologies":["wind"],"technologyMixMw":{"wind":50.0},"unitCount":0,"unitIds":[]},"type":"Feature"},{"geometry":{"coordinates":[19.03126,53.973094],"type":"Point"},"id":"wattlas-plant-osm-relation-9522941","properties":{"aliases":["Farma Wiatrowa Koniecwałd"],"canonicalAnchor":"osm:relation/9522941","canonicalCountryKey":"PL","capacityMw":18.0,"country":"PL","externalIds":{"osm":"relation/9522941"},"geographyId":"PL-17162690B77437931625010","id":"wattlas-plant-osm-relation-9522941","lifecycleCounts":{"operational":1},"locationPrecision":"exact","name":"Farma Wiatrowa Koniecwałd","operatingCapacityCoverage":{"coveragePercent":100.0,"knownUnitCount":0,"method":"plant_aggregate","provenance":{"evidenceCount":0,"recordIds":["wattlas-record-osm-relation-9522941"],"sourceIds":["openstreetmap-power"],"sourceTypes":["community_mapped"],"valueKind":"reported"},"totalUnitCount":0},"operatingCapacityMw":18.0,"operatingCapacityMwByTechnology":{"wind":18.0},"plannedCapacityCoverage":{"coveragePercent":0.0,"knownUnitCount":0,"method":"unavailable","totalUnitCount":0},"plannedCapacityMw":0.0,"plannedCapacityMwByTechnology":{},"recordCount":1,"recordIds":["wattlas-record-osm-relation-9522941"],"sourceIds":["openstreetmap-power"],"technologies":["wind"],"technologyMixMw":{"wind":18.0},"unitCount":0,"unitIds":[]},"type":"Feature"},{"geometry":{"coordinates":[18.883575,53.353381],"type":"Point"},"id":"wattlas-plant-osm-relation-9522952","properties":{"aliases":["Farma Wiatrowa Gawłowice"],"canonicalAnchor":"osm:relation/9522952","canonicalCountryKey":"PL","capacityMw":48.0,"country":"PL","externalIds":{"osm":"relation/9522952"},"geographyId":"PL-17162690B37876665907262","id":"wattlas-plant-osm-relation-9522952","lifecycleCounts":{"operational":1},"locationPrecision":"exact","name":"Farma Wiatrowa Gawłowice","operatingCapacityCoverage":{"coveragePercent":100.0,"knownUnitCount":0,"method":"plant_aggregate","provenance":{"evidenceCount":0,"recordIds":["wattlas-record-osm-relation-9522952"],"sourceIds":["openstreetmap-power"],"sourceTypes":["community_mapped"],"valueKind":"reported"},"totalUnitCount":0},"operatingCapacityMw":48.0,"operatingCapacityMwByTechnology":{"wind":48.0},"plannedCapacityCoverage":{"coveragePercent":0.0,"knownUnitCount":0,"method":"unavailable","totalUnitCount":0},"plannedCapacityMw":0.0,"plannedCapacityMwByTechnology":{},"recordCount":1,"recordIds":["wattlas-record-osm-relation-9522952"],"sourceIds":["openstreetmap-power"],"technologies":["wind"],"technologyMixMw":{"wind":48.0},"unitCount":0,"unitIds":[]},"type":"Feature"},{"geometry":{"coordinates":[18.745921,54.300148],"type":"Point"},"id":"wattlas-plant-osm-relation-9522961","properties":{"aliases":["Farma Wiatrowa Bystra"],"canonicalAnchor":"osm:relation/9522961","canonicalCountryKey":"PL","capacityMw":24.0,"country":"PL","externalIds":{"osm":"relation/9522961"},"geographyId":"PL-17162690B77437931625010","id":"wattlas-plant-osm-relation-9522961","lifecycleCounts":{"operational":1},"locationPrecision":"exact","name":"Farma Wiatrowa Bystra","operatingCapacityCoverage":{"coveragePercent":100.0,"knownUnitCount":0,"method":"plant_aggregate","provenance":{"evidenceCount":0,"recordIds":["wattlas-record-osm-relation-9522961"],"sourceIds":["openstreetmap-power"],"sourceTypes":["community_mapped"],"valueKind":"reported"},"totalUnitCount":0},"operatingCapacityMw":24.0,"operatingCapacityMwByTechnology":{"wind":24.0},"plannedCapacityCoverage":{"coveragePercent":0.0,"knownUnitCount":0,"method":"unavailable","totalUnitCount":0},"plannedCapacityMw":0.0,"plannedCapacityMwByTechnology":{},"recordCount":1,"recordIds":["wattlas-record-osm-relation-9522961"],"sourceIds":["openstreetmap-power"],"technologies":["wind"],"technologyMixMw":{"wind":24.0},"unitCount":0,"unitIds":[]},"type":"Feature"},{"geometry":{"coordinates":[20.051653,51.799532],"type":"Point"},"id":"wattlas-plant-osm-relation-9529500","properties":{"aliases":["Farma Wiatrowa Głuchów"],"canonicalAnchor":"osm:relation/9529500","canonicalCountryKey":"PL","capacityMw":20.0,"country":"PL","externalIds":{"osm":"relation/9529500"},"geographyId":"PL-17162690B86810837764805","id":"wattlas-plant-osm-relation-9529500","lifecycleCounts":{"operational":1},"locationPrecision":"exact","name":"Farma Wiatrowa Głuchów","operatingCapacityCoverage":{"coveragePercent":100.0,"knownUnitCount":0,"method":"plant_aggregate","provenance":{"evidenceCount":0,"recordIds":["wattlas-record-osm-relation-9529500"],"sourceIds":["openstreetmap-power"],"sourceTypes":["community_mapped"],"valueKind":"reported"},"totalUnitCount":0},"operatingCapacityMw":20.0,"operatingCapacityMwByTechnology":{"wind":20.0},"plannedCapacityCoverage":{"coveragePercent":0.0,"knownUnitCount":0,"method":"unavailable","totalUnitCount":0},"plannedCapacityMw":0.0,"plannedCapacityMwByTechnology":{},"recordCount":1,"recordIds":["wattlas-record-osm-relation-9529500"],"sourceIds":["openstreetmap-power"],"technologies":["wind"],"technologyMixMw":{"wind":20.0},"unitCount":0,"unitIds":[]},"type":"Feature"},{"geometry":{"coordinates":[15.260029,53.28711],"type":"Point"},"id":"wattlas-plant-osm-relation-9743770","properties":{"aliases":["Farma Wiatrowa \"Suchań\""],"canonicalAnchor":"osm:relation/9743770","canonicalCountryKey":"PL","capacityMw":24.0,"country":"PL","externalIds":{"osm":"relation/9743770"},"geographyId":"PL-17162690B34878575347312","id":"wattlas-plant-osm-relation-9743770","lifecycleCounts":{"operational":1},"locationPrecision":"exact","name":"Farma Wiatrowa \"Suchań\"","operatingCapacityCoverage":{"coveragePercent":100.0,"knownUnitCount":0,"method":"plant_aggregate","provenance":{"evidenceCount":0,"recordIds":["wattlas-record-osm-relation-9743770"],"sourceIds":["openstreetmap-power"],"sourceTypes":["community_mapped"],"valueKind":"reported"},"totalUnitCount":0},"operatingCapacityMw":24.0,"operatingCapacityMwByTechnology":{"wind":24.0},"plannedCapacityCoverage":{"coveragePercent":0.0,"knownUnitCount":0,"method":"unavailable","totalUnitCount":0},"plannedCapacityMw":0.0,"plannedCapacityMwByTechnology":{},"recordCount":1,"recordIds":["wattlas-record-osm-relation-9743770"],"sourceIds":["openstreetmap-power"],"technologies":["wind"],"technologyMixMw":{"wind":24.0},"unitCount":0,"unitIds":[]},"type":"Feature"},{"geometry":{"coordinates":[15.155183,53.320058],"type":"Point"},"id":"wattlas-plant-osm-relation-9743908","properties":{"aliases":["Farma Wiatrowa \"Tychowo\""],"canonicalAnchor":"osm:relation/9743908","canonicalCountryKey":"PL","capacityMw":34.5,"country":"PL","externalIds":{"osm":"relation/9743908"},"geographyId":"PL-17162690B34878575347312","id":"wattlas-plant-osm-relation-9743908","lifecycleCounts":{"operational":1},"locationPrecision":"exact","name":"Farma Wiatrowa \"Tychowo\"","operatingCapacityCoverage":{"coveragePercent":100.0,"knownUnitCount":0,"method":"plant_aggregate","provenance":{"evidenceCount":0,"recordIds":["wattlas-record-osm-relation-9743908"],"sourceIds":["openstreetmap-power"],"sourceTypes":["community_mapped"],"valueKind":"reported"},"totalUnitCount":0},"operatingCapacityMw":34.5,"operatingCapacityMwByTechnology":{"wind":34.5},"plannedCapacityCoverage":{"coveragePercent":0.0,"knownUnitCount":0,"method":"unavailable","totalUnitCount":0},"plannedCapacityMw":0.0,"plannedCapacityMwByTechnology":{},"recordCount":1,"recordIds":["wattlas-record-osm-relation-9743908"],"sourceIds":["openstreetmap-power"],"technologies":["wind"],"technologyMixMw":{"wind":34.5},"unitCount":0,"unitIds":[]},"type":"Feature"},{"geometry":{"coordinates":[22.601344,51.240727],"type":"Point"},"id":"wattlas-plant-osm-way-1006582961","properties":{"aliases":["Elektrociepłownia Megatem EC-Lublin"],"canonicalAnchor":"osm:way/1006582961","canonicalCountryKey":"PL","capacityMw":0.0,"country":"PL","externalIds":{"osm":"way/1006582961"},"geographyId":"PL-17162690B69262761487853","id":"wattlas-plant-osm-way-1006582961","lifecycleCounts":{"operational":1},"locationPrecision":"exact","name":"Elektrociepłownia Megatem EC-Lublin","operatingCapacityCoverage":{"coveragePercent":0.0,"knownUnitCount":0,"method":"unavailable","totalUnitCount":0},"operatingCapacityMw":0.0,"operatingCapacityMwByTechnology":{},"plannedCapacityCoverage":{"coveragePercent":0.0,"knownUnitCount":0,"method":"unavailable","totalUnitCount":0},"plannedCapacityMw":0.0,"plannedCapacityMwByTechnology":{},"recordCount":1,"recordIds":["wattlas-record-osm-way-1006582961"],"sourceIds":["openstreetmap-power"],"technologies":["coal"],"technologyMixMw":{"coal":0.0},"unitCount":0,"unitIds":[]},"type":"Feature"},{"geometry":{"coordinates":[16.486761,53.037477],"type":"Point"},"id":"wattlas-plant-osm-way-1010290942","properties":{"aliases":["Elektrownia PV Trzcianka Oczyszczalnia"],"canonicalAnchor":"osm:way/1010290942","canonicalCountryKey":"PL","capacityMw":0.0,"country":"PL","externalIds":{"osm":"way/1010290942"},"geographyId":"PL-17162690B71775569625336","id":"wattlas-plant-osm-way-1010290942","lifecycleCounts":{"operational":1},"locationPrecision":"exact","name":"Elektrownia PV Trzcianka Oczyszczalnia","operatingCapacityCoverage":{"coveragePercent":0.0,"knownUnitCount":0,"method":"unavailable","totalUnitCount":0},"operatingCapacityMw":0.0,"operatingCapacityMwByTechnology":{},"plannedCapacityCoverage":{"coveragePercent":0.0,"knownUnitCount":0,"method":"unavailable","totalUnitCount":0},"plannedCapacityMw":0.0,"plannedCapacityMwByTechnology":{},"recordCount":1,"recordIds":["wattlas-record-osm-way-1010290942"],"sourceIds":["openstreetmap-power"],"technologies":["solar"],"technologyMixMw":{"solar":0.0},"unitCount":0,"unitIds":[]},"type":"Feature"},{"geometry":{"coordinates":[16.514277,53.039199],"type":"Point"},"id":"wattlas-plant-osm-way-1010290943","properties":{"aliases":["Elektrownia PV Trzcianka Osiniec"],"canonicalAnchor":"osm:way/1010290943","canonicalCountryKey":"PL","capacityMw":0.0,"country":"PL","externalIds":{"osm":"way/1010290943"},"geographyId":"PL-17162690B71775569625336","id":"wattlas-plant-osm-way-1010290943","lifecycleCounts":{"operational":1},"locationPrecision":"exact","name":"Elektrownia PV Trzcianka Osiniec","operatingCapacityCoverage":{"coveragePercent":0.0,"knownUnitCount":0,"method":"unavailable","totalUnitCount":0},"operatingCapacityMw":0.0,"operatingCapacityMwByTechnology":{},"plannedCapacityCoverage":{"coveragePercent":0.0,"knownUnitCount":0,"method":"unavailable","totalUnitCount":0},"plannedCapacityMw":0.0,"plannedCapacityMwByTechnology":{},"recordCount":1,"recordIds":["wattlas-record-osm-way-1010290943"],"sourceIds":["openstreetmap-power"],"technologies":["solar"],"technologyMixMw":{"solar":0.0},"unitCount":0,"unitIds":[]},"type":"Feature"},{"geometry":{"coordinates":[16.520091,53.040088],"type":"Point"},"id":"wattlas-plant-osm-way-1010290944","properties":{"aliases":["Elektrownia PV"],"canonicalAnchor":"osm:way/1010290944","canonicalCountryKey":"PL","capacityMw":0.0,"country":"PL","externalIds":{"osm":"way/1010290944"},"geographyId":"PL-17162690B71775569625336","id":"wattlas-plant-osm-way-1010290944","lifecycleCounts":{"operational":1},"locationPrecision":"exact","name":"Elektrownia PV","operatingCapacityCoverage":{"coveragePercent":0.0,"knownUnitCount":0,"method":"unavailable","totalUnitCount":0},"operatingCapacityMw":0.0,"operatingCapacityMwByTechnology":{},"plannedCapacityCoverage":{"coveragePercent":0.0,"knownUnitCount":0,"method":"unavailable","totalUnitCount":0},"plannedCapacityMw":0.0,"plannedCapacityMwByTechnology":{},"recordCount":1,"recordIds":["wattlas-record-osm-way-1010290944"],"sourceIds":["openstreetmap-power"],"technologies":["solar"],"technologyMixMw":{"solar":0.0},"unitCount":0,"unitIds":[]},"type":"Feature"},{"geometry":{"coordinates":[16.184333,51.235367],"type":"Point"},"id":"wattlas-plant-osm-way-1010326630","properties":{"aliases":["Farma fotowoltaiczna Pawice II"],"canonicalAnchor":"osm:way/1010326630","canonicalCountryKey":"PL","capacityMw":0.0,"country":"PL","externalIds":{"osm":"way/1010326630"},"geographyId":"PL-17162690B9130125042960","id":"wattlas-plant-osm-way-1010326630","lifecycleCounts":{"operational":1},"locationPrecision":"exact","name":"Farma fotowoltaiczna Pawice II","operatingCapacityCoverage":{"coveragePercent":0.0,"knownUnitCount":0,"method":"unavailable","totalUnitCount":0},"operatingCapacityMw":0.0,"operatingCapacityMwByTechnology":{},"plannedCapacityCoverage":{"coveragePercent":0.0,"knownUnitCount":0,"method":"unavailable","totalUnitCount":0},"plannedCapacityMw":0.0,"plannedCapacityMwByTechnology":{},"recordCount":1,"recordIds":["wattlas-record-osm-way-1010326630"],"sourceIds":["openstreetmap-power"],"technologies":["solar"],"technologyMixMw":{"solar":0.0},"unitCount":0,"unitIds":[]},"type":"Feature"},{"geometry":{"coordinates":[18.644372,52.073332],"type":"Point"},"id":"wattlas-plant-osm-way-1012248325","properties":{"aliases":["Farma Fotowoltaiczna"],"canonicalAnchor":"osm:way/1012248325","canonicalCountryKey":"PL","capacityMw":0.0,"country":"PL","externalIds":{"osm":"way/1012248325"},"geographyId":"PL-17162690B71775569625336","id":"wattlas-plant-osm-way-1012248325","lifecycleCounts":{"operational":1},"locationPrecision":"exact","name":"Farma Fotowoltaiczna","operatingCapacityCoverage":{"coveragePercent":0.0,"knownUnitCount":0,"method":"unavailable","totalUnitCount":0},"operatingCapacityMw":0.0,"operatingCapacityMwByTechnology":{},"plannedCapacityCoverage":{"coveragePercent":0.0,"knownUnitCount":0,"method":"unavailable","totalUnitCount":0},"plannedCapacityMw":0.0,"plannedCapacityMwByTechnology":{},"recordCount":1,"recordIds":["wattlas-record-osm-way-1012248325"],"sourceIds":["openstreetmap-power"],"technologies":["solar"],"technologyMixMw":{"solar":0.0},"unitCount":0,"unitIds":[]},"type":"Feature"},{"geometry":{"coordinates":[18.358291,53.556608],"type":"Point"},"id":"wattlas-plant-osm-way-1012567142","properties":{"aliases":["Mapped power plant · OSM 1012567142"],"canonicalAnchor":"osm:way/1012567142","canonicalCountryKey":"PL","capacityMw":1.0,"country":"PL","externalIds":{"osm":"way/1012567142"},"geographyId":"PL-17162690B37876665907262","id":"wattlas-plant-osm-way-1012567142","lifecycleCounts":{"operational":1},"locationPrecision":"exact","name":"Mapped power plant · OSM 1012567142","operatingCapacityCoverage":{"coveragePercent":100.0,"knownUnitCount":0,"method":"plant_aggregate","provenance":{"evidenceCount":0,"recordIds":["wattlas-record-osm-way-1012567142"],"sourceIds":["openstreetmap-power"],"sourceTypes":["community_mapped"],"valueKind":"reported"},"totalUnitCount":0},"operatingCapacityMw":1.0,"operatingCapacityMwByTechnology":{"solar":1.0},"plannedCapacityCoverage":{"coveragePercent":0.0,"knownUnitCount":0,"method":"unavailable","totalUnitCount":0},"plannedCapacityMw":0.0,"plannedCapacityMwByTechnology":{},"recordCount":1,"recordIds":["wattlas-record-osm-way-1012567142"],"sourceIds":["openstreetmap-power"],"technologies":["solar"],"technologyMixMw":{"solar":1.0},"unitCount":0,"unitIds":[]},"type":"Feature"},{"geometry":{"coordinates":[17.862097,51.632776],"type":"Point"},"id":"wattlas-plant-osm-way-1013999115","properties":{"aliases":["Elektrownia wiatrowa Wysocko Wielkie"],"canonicalAnchor":"osm:way/1013999115","canonicalCountryKey":"PL","capacityMw":0.0,"country":"PL","externalIds":{"osm":"way/1013999115"},"geographyId":"PL-17162690B71775569625336","id":"wattlas-plant-osm-way-1013999115","lifecycleCounts":{"operational":1},"locationPrecision":"exact","name":"Elektrownia wiatrowa Wysocko Wielkie","operatingCapacityCoverage":{"coveragePercent":0.0,"knownUnitCount":0,"method":"unavailable","totalUnitCount":0},"operatingCapacityMw":0.0,"operatingCapacityMwByTechnology":{},"plannedCapacityCoverage":{"coveragePercent":0.0,"knownUnitCount":0,"method":"unavailable","totalUnitCount":0},"plannedCapacityMw":0.0,"plannedCapacityMwByTechnology":{},"recordCount":1,"recordIds":["wattlas-record-osm-way-1013999115"],"sourceIds":["openstreetmap-power"],"technologies":["solar"],"technologyMixMw":{"solar":0.0},"unitCount":0,"unitIds":[]},"type":"Feature"},{"geometry":{"coordinates":[23.435458,53.893312],"type":"Point"},"id":"wattlas-plant-osm-way-1015212867","properties":{"aliases":["Elektrownia wodna"],"canonicalAnchor":"osm:way/1015212867","canonicalCountryKey":"PL","capacityMw":0.0,"country":"PL","externalIds":{"osm":"way/1015212867"},"geographyId":"PL-17162690B23777949290372","id":"wattlas-plant-osm-way-1015212867","lifecycleCounts":{"operational":1},"locationPrecision":"exact","name":"Elektrownia wodna","operatingCapacityCoverage":{"coveragePercent":0.0,"knownUnitCount":0,"method":"unavailable","totalUnitCount":0},"operatingCapacityMw":0.0,"operatingCapacityMwByTechnology":{},"plannedCapacityCoverage":{"coveragePercent":0.0,"knownUnitCount":0,"method":"unavailable","totalUnitCount":0},"plannedCapacityMw":0.0,"plannedCapacityMwByTechnology":{},"recordCount":1,"recordIds":["wattlas-record-osm-way-1015212867"],"sourceIds":["openstreetmap-power"],"technologies":["hydro"],"technologyMixMw":{"hydro":0.0},"unitCount":0,"unitIds":[]},"type":"Feature"},{"geometry":{"coordinates":[20.406199,52.108814],"type":"Point"},"id":"wattlas-plant-osm-way-1016674991","properties":{"aliases":["Elektrownia fotowoltaiczna"],"canonicalAnchor":"osm:way/1016674991","canonicalCountryKey":"PL","capacityMw":0.0,"country":"PL","externalIds":{"osm":"way/1016674991"},"geographyId":"PL-17162690B84565288021286","id":"wattlas-plant-osm-way-1016674991","lifecycleCounts":{"operational":1},"locationPrecision":"exact","name":"Elektrownia fotowoltaiczna","operatingCapacityCoverage":{"coveragePercent":0.0,"knownUnitCount":0,"method":"unavailable","totalUnitCount":0},"operatingCapacityMw":0.0,"operatingCapacityMwByTechnology":{},"plannedCapacityCoverage":{"coveragePercent":0.0,"knownUnitCount":0,"method":"unavailable","totalUnitCount":0},"plannedCapacityMw":0.0,"plannedCapacityMwByTechnology":{},"recordCount":1,"recordIds":["wattlas-record-osm-way-1016674991"],"sourceIds":["openstreetmap-power"],"technologies":["solar"],"technologyMixMw":{"solar":0.0},"unitCount":0,"unitIds":[]},"type":"Feature"},{"geometry":{"coordinates":[20.60545,52.884775],"type":"Point"},"id":"wattlas-plant-osm-way-1018817085","properties":{"aliases":["Mapped power plant · OSM 1018817085"],"canonicalAnchor":"osm:way/1018817085","canonicalCountryKey":"PL","capacityMw":1.0,"country":"PL","externalIds":{"osm":"way/1018817085"},"geographyId":"PL-17162690B84565288021286","id":"wattlas-plant-osm-way-1018817085","lifecycleCounts":{"operational":1},"locationPrecision":"exact","name":"Mapped power plant · OSM 1018817085","operatingCapacityCoverage":{"coveragePercent":100.0,"knownUnitCount":0,"method":"plant_aggregate","provenance":{"evidenceCount":0,"recordIds":["wattlas-record-osm-way-1018817085"],"sourceIds":["openstreetmap-power"],"sourceTypes":["community_mapped"],"valueKind":"reported"},"totalUnitCount":0},"operatingCapacityMw":1.0,"operatingCapacityMwByTechnology":{"gas":1.0},"plannedCapacityCoverage":{"coveragePercent":0.0,"knownUnitCount":0,"method":"unavailable","totalUnitCount":0},"plannedCapacityMw":0.0,"plannedCapacityMwByTechnology":{},"recordCount":1,"recordIds":["wattlas-record-osm-way-1018817085"],"sourceIds":["openstreetmap-power"],"technologies":["gas"],"technologyMixMw":{"gas":1.0},"unitCount":0,"unitIds":[]},"type":"Feature"},{"geometry":{"coordinates":[20.4451,53.74663],"type":"Point"},"id":"wattlas-plant-osm-way-101915632","properties":{"aliases":["Ciepłownia Kortowo"],"canonicalAnchor":"osm:way/101915632","canonicalCountryKey":"PL","capacityMw":0.0,"country":"PL","externalIds":{"osm":"way/101915632"},"geographyId":"PL-17162690B18723007704312","id":"wattlas-plant-osm-way-101915632","lifecycleCounts":{"operational":1},"locationPrecision":"exact","name":"Ciepłownia Kortowo","operatingCapacityCoverage":{"coveragePercent":0.0,"knownUnitCount":0,"method":"unavailable","totalUnitCount":0},"operatingCapacityMw":0.0,"operatingCapacityMwByTechnology":{},"plannedCapacityCoverage":{"coveragePercent":0.0,"knownUnitCount":0,"method":"unavailable","totalUnitCount":0},"plannedCapacityMw":0.0,"plannedCapacityMwByTechnology":{},"recordCount":1,"recordIds":["wattlas-record-osm-way-101915632"],"sourceIds":["openstreetmap-power"],"technologies":["coal"],"technologyMixMw":{"coal":0.0},"unitCount":0,"unitIds":[]},"type":"Feature"},{"geometry":{"coordinates":[16.062116,51.483905],"type":"Point"},"id":"wattlas-plant-osm-way-102012867","properties":{"aliases":["Elektrociepłownia E-2 Polkowice"],"canonicalAnchor":"osm:way/102012867","canonicalCountryKey":"PL","capacityMw":10.4,"country":"PL","externalIds":{"osm":"way/102012867"},"geographyId":"PL-17162690B9130125042960","id":"wattlas-plant-osm-way-102012867","lifecycleCounts":{"operational":1},"locationPrecision":"exact","name":"Elektrociepłownia E-2 Polkowice","operatingCapacityCoverage":{"coveragePercent":100.0,"knownUnitCount":0,"method":"plant_aggregate","provenance":{"evidenceCount":0,"recordIds":["wattlas-record-osm-way-102012867"],"sourceIds":["openstreetmap-power"],"sourceTypes":["community_mapped"],"valueKind":"reported"},"totalUnitCount":0},"operatingCapacityMw":10.4,"operatingCapacityMwByTechnology":{"coal":10.4},"plannedCapacityCoverage":{"coveragePercent":0.0,"knownUnitCount":0,"method":"unavailable","totalUnitCount":0},"plannedCapacityMw":0.0,"plannedCapacityMwByTechnology":{},"recordCount":1,"recordIds":["wattlas-record-osm-way-102012867"],"sourceIds":["openstreetmap-power"],"technologies":["coal"],"technologyMixMw":{"coal":10.4},"unitCount":0,"unitIds":[]},"type":"Feature"},{"geometry":{"coordinates":[19.222783,54.11814],"type":"Point"},"id":"wattlas-plant-osm-way-1020670650","properties":{"aliases":["Elektrownia Wodna Michałowo"],"canonicalAnchor":"osm:way/1020670650","canonicalCountryKey":"PL","capacityMw":0.0,"country":"PL","externalIds":{"osm":"way/1020670650"},"geographyId":"PL-17162690B77437931625010","id":"wattlas-plant-osm-way-1020670650","lifecycleCounts":{"operational":1},"locationPrecision":"exact","name":"Elektrownia Wodna Michałowo","operatingCapacityCoverage":{"coveragePercent":0.0,"knownUnitCount":0,"method":"unavailable","totalUnitCount":0},"operatingCapacityMw":0.0,"operatingCapacityMwByTechnology":{},"plannedCapacityCoverage":{"coveragePercent":0.0,"knownUnitCount":0,"method":"unavailable","totalUnitCount":0},"plannedCapacityMw":0.0,"plannedCapacityMwByTechnology":{},"recordCount":1,"recordIds":["wattlas-record-osm-way-1020670650"],"sourceIds":["openstreetmap-power"],"technologies":["hydro"],"technologyMixMw":{"hydro":0.0},"unitCount":0,"unitIds":[]},"type":"Feature"},{"geometry":{"coordinates":[15.434499,53.191485],"type":"Point"},"id":"wattlas-plant-osm-way-1020822869","properties":{"aliases":["Farma fotowoltaiczna"],"canonicalAnchor":"osm:way/1020822869","canonicalCountryKey":"PL","capacityMw":0.0,"country":"PL","externalIds":{"osm":"way/1020822869"},"geographyId":"PL-17162690B34878575347312","id":"wattlas-plant-osm-way-1020822869","lifecycleCounts":{"operational":1},"locationPrecision":"exact","name":"Farma fotowoltaiczna","operatingCapacityCoverage":{"coveragePercent":0.0,"knownUnitCount":0,"method":"unavailable","totalUnitCount":0},"operatingCapacityMw":0.0,"operatingCapacityMwByTechnology":{},"plannedCapacityCoverage":{"coveragePercent":0.0,"knownUnitCount":0,"method":"unavailable","totalUnitCount":0},"plannedCapacityMw":0.0,"plannedCapacityMwByTechnology":{},"recordCount":1,"recordIds":["wattlas-record-osm-way-1020822869"],"sourceIds":["openstreetmap-power"],"technologies":["solar"],"technologyMixMw":{"solar":0.0},"unitCount":0,"unitIds":[]},"type":"Feature"},{"geometry":{"coordinates":[22.473153,51.64354],"type":"Point"},"id":"wattlas-plant-osm-way-1026057102","properties":{"aliases":["Farma Fotowoltaiczna PTU Elektra"],"canonicalAnchor":"osm:way/1026057102","canonicalCountryKey":"PL","capacityMw":0.0,"country":"PL","externalIds":{"osm":"way/1026057102"},"geographyId":"PL-17162690B69262761487853","id":"wattlas-plant-osm-way-1026057102","lifecycleCounts":{"operational":1},"locationPrecision":"exact","name":"Farma Fotowoltaiczna PTU Elektra","operatingCapacityCoverage":{"coveragePercent":0.0,"knownUnitCount":0,"method":"unavailable","totalUnitCount":0},"operatingCapacityMw":0.0,"operatingCapacityMwByTechnology":{},"plannedCapacityCoverage":{"coveragePercent":0.0,"knownUnitCount":0,"method":"unavailable","totalUnitCount":0},"plannedCapacityMw":0.0,"plannedCapacityMwByTechnology":{},"recordCount":1,"recordIds":["wattlas-record-osm-way-1026057102"],"sourceIds":["openstreetmap-power"],"technologies":["solar"],"technologyMixMw":{"solar":0.0},"unitCount":0,"unitIds":[]},"type":"Feature"},{"geometry":{"coordinates":[22.45773,51.652209],"type":"Point"},"id":"wattlas-plant-osm-way-1026057104","properties":{"aliases":["Elektrownia fotowoltaiczna Property Sp. z o.o."],"canonicalAnchor":"osm:way/1026057104","canonicalCountryKey":"PL","capacityMw":0.0,"country":"PL","externalIds":{"osm":"way/1026057104"},"geographyId":"PL-17162690B69262761487853","id":"wattlas-plant-osm-way-1026057104","lifecycleCounts":{"operational":1},"locationPrecision":"exact","name":"Elektrownia fotowoltaiczna Property Sp. z o.o.","operatingCapacityCoverage":{"coveragePercent":0.0,"knownUnitCount":0,"method":"unavailable","totalUnitCount":0},"operatingCapacityMw":0.0,"operatingCapacityMwByTechnology":{},"plannedCapacityCoverage":{"coveragePercent":0.0,"knownUnitCount":0,"method":"unavailable","totalUnitCount":0},"plannedCapacityMw":0.0,"plannedCapacityMwByTechnology":{},"recordCount":1,"recordIds":["wattlas-record-osm-way-1026057104"],"sourceIds":["openstreetmap-power"],"technologies":["solar"],"technologyMixMw":{"solar":0.0},"unitCount":0,"unitIds":[]},"type":"Feature"},{"geometry":{"coordinates":[16.181568,51.37552],"type":"Point"},"id":"wattlas-plant-osm-way-102845375","properties":{"aliases":["Elektrociepłownia E-1 Lubin"],"canonicalAnchor":"osm:way/102845375","canonicalCountryKey":"PL","capacityMw":20.9,"country":"PL","externalIds":{"osm":"way/102845375"},"geographyId":"PL-17162690B9130125042960","id":"wattlas-plant-osm-way-102845375","lifecycleCounts":{"operational":1},"locationPrecision":"exact","name":"Elektrociepłownia E-1 Lubin","operatingCapacityCoverage":{"coveragePercent":100.0,"knownUnitCount":0,"method":"plant_aggregate","provenance":{"evidenceCount":0,"recordIds":["wattlas-record-osm-way-102845375"],"sourceIds":["openstreetmap-power"],"sourceTypes":["community_mapped"],"valueKind":"reported"},"totalUnitCount":0},"operatingCapacityMw":20.9,"operatingCapacityMwByTechnology":{"coal":20.9},"plannedCapacityCoverage":{"coveragePercent":0.0,"knownUnitCount":0,"method":"unavailable","totalUnitCount":0},"plannedCapacityMw":0.0,"plannedCapacityMwByTechnology":{},"recordCount":1,"recordIds":["wattlas-record-osm-way-102845375"],"sourceIds":["openstreetmap-power"],"technologies":["coal"],"technologyMixMw":{"coal":20.9},"unitCount":0,"unitIds":[]},"type":"Feature"},{"geometry":{"coordinates":[23.159969,52.027531],"type":"Point"},"id":"wattlas-plant-osm-way-1029287170","properties":{"aliases":["Ciepłownia K-1"],"canonicalAnchor":"osm:way/1029287170","canonicalCountryKey":"PL","capacityMw":0.0,"country":"PL","externalIds":{"osm":"way/1029287170"},"geographyId":"PL-17162690B69262761487853","id":"wattlas-plant-osm-way-1029287170","lifecycleCounts":{"operational":1},"locationPrecision":"exact","name":"Ciepłownia K-1","operatingCapacityCoverage":{"coveragePercent":0.0,"knownUnitCount":0,"method":"unavailable","totalUnitCount":0},"operatingCapacityMw":0.0,"operatingCapacityMwByTechnology":{},"plannedCapacityCoverage":{"coveragePercent":0.0,"knownUnitCount":0,"method":"unavailable","totalUnitCount":0},"plannedCapacityMw":0.0,"plannedCapacityMwByTechnology":{},"recordCount":1,"recordIds":["wattlas-record-osm-way-1029287170"],"sourceIds":["openstreetmap-power"],"technologies":["coal"],"technologyMixMw":{"coal":0.0},"unitCount":0,"unitIds":[]},"type":"Feature"},{"geometry":{"coordinates":[21.545885,51.14551],"type":"Point"},"id":"wattlas-plant-osm-way-1030037821","properties":{"aliases":["Krępa Górna"],"canonicalAnchor":"osm:way/1030037821","canonicalCountryKey":"PL","capacityMw":0.0,"country":"PL","externalIds":{"osm":"way/1030037821"},"geographyId":"PL-17162690B84565288021286","id":"wattlas-plant-osm-way-1030037821","lifecycleCounts":{"operational":1},"locationPrecision":"exact","name":"Krępa Górna","operatingCapacityCoverage":{"coveragePercent":0.0,"knownUnitCount":0,"method":"unavailable","totalUnitCount":0},"operatingCapacityMw":0.0,"operatingCapacityMwByTechnology":{},"plannedCapacityCoverage":{"coveragePercent":0.0,"knownUnitCount":0,"method":"unavailable","totalUnitCount":0},"plannedCapacityMw":0.0,"plannedCapacityMwByTechnology":{},"recordCount":1,"recordIds":["wattlas-record-osm-way-1030037821"],"sourceIds":["openstreetmap-power"],"technologies":["solar"],"technologyMixMw":{"solar":0.0},"unitCount":0,"unitIds":[]},"type":"Feature"},{"geometry":{"coordinates":[14.804999,53.617793],"type":"Point"},"id":"wattlas-plant-osm-way-1030478680","properties":{"aliases":["Farma fotowoltaiczna Miękowo"],"canonicalAnchor":"osm:way/1030478680","canonicalCountryKey":"PL","capacityMw":0.0,"country":"PL","externalIds":{"osm":"way/1030478680"},"geographyId":"PL-17162690B34878575347312","id":"wattlas-plant-osm-way-1030478680","lifecycleCounts":{"operational":1},"locationPrecision":"exact","name":"Farma fotowoltaiczna Miękowo","operatingCapacityCoverage":{"coveragePercent":0.0,"knownUnitCount":0,"method":"unavailable","totalUnitCount":0},"operatingCapacityMw":0.0,"operatingCapacityMwByTechnology":{},"plannedCapacityCoverage":{"coveragePercent":0.0,"knownUnitCount":0,"method":"unavailable","totalUnitCount":0},"plannedCapacityMw":0.0,"plannedCapacityMwByTechnology":{},"recordCount":1,"recordIds":["wattlas-record-osm-way-1030478680"],"sourceIds":["openstreetmap-power"],"technologies":["solar"],"technologyMixMw":{"solar":0.0},"unitCount":0,"unitIds":[]},"type":"Feature"},{"geometry":{"coordinates":[18.365384,53.563594],"type":"Point"},"id":"wattlas-plant-osm-way-1033640604","properties":{"aliases":["Mapped power plant · OSM 1033640604"],"canonicalAnchor":"osm:way/1033640604","canonicalCountryKey":"PL","capacityMw":1.0,"country":"PL","externalIds":{"osm":"way/1033640604"},"geographyId":"PL-17162690B37876665907262","id":"wattlas-plant-osm-way-1033640604","lifecycleCounts":{"operational":1},"locationPrecision":"exact","name":"Mapped power plant · OSM 1033640604","operatingCapacityCoverage":{"coveragePercent":100.0,"knownUnitCount":0,"method":"plant_aggregate","provenance":{"evidenceCount":0,"recordIds":["wattlas-record-osm-way-1033640604"],"sourceIds":["openstreetmap-power"],"sourceTypes":["community_mapped"],"valueKind":"reported"},"totalUnitCount":0},"operatingCapacityMw":1.0,"operatingCapacityMwByTechnology":{"solar":1.0},"plannedCapacityCoverage":{"coveragePercent":0.0,"knownUnitCount":0,"method":"unavailable","totalUnitCount":0},"plannedCapacityMw":0.0,"plannedCapacityMwByTechnology":{},"recordCount":1,"recordIds":["wattlas-record-osm-way-1033640604"],"sourceIds":["openstreetmap-power"],"technologies":["solar"],"technologyMixMw":{"solar":1.0},"unitCount":0,"unitIds":[]},"type":"Feature"},{"geometry":{"coordinates":[16.988684,54.00605],"type":"Point"},"id":"wattlas-plant-osm-way-1036808935","properties":{"aliases":["Zakład Energetyki Cieplnej w Miastku"],"canonicalAnchor":"osm:way/1036808935","canonicalCountryKey":"PL","capacityMw":0.0,"country":"PL","externalIds":{"osm":"way/1036808935"},"geographyId":"PL-17162690B77437931625010","id":"wattlas-plant-osm-way-1036808935","lifecycleCounts":{"operational":1},"locationPrecision":"exact","name":"Zakład Energetyki Cieplnej w Miastku","operatingCapacityCoverage":{"coveragePercent":0.0,"knownUnitCount":0,"method":"unavailable","totalUnitCount":0},"operatingCapacityMw":0.0,"operatingCapacityMwByTechnology":{},"plannedCapacityCoverage":{"coveragePercent":0.0,"knownUnitCount":0,"method":"unavailable","totalUnitCount":0},"plannedCapacityMw":0.0,"plannedCapacityMwByTechnology":{},"recordCount":1,"recordIds":["wattlas-record-osm-way-1036808935"],"sourceIds":["openstreetmap-power"],"technologies":["coal"],"technologyMixMw":{"coal":0.0},"unitCount":0,"unitIds":[]},"type":"Feature"},{"geometry":{"coordinates":[19.28468,50.040425],"type":"Point"},"id":"wattlas-plant-osm-way-1037081433","properties":{"aliases":["Farma słoneczna Oświęcim"],"canonicalAnchor":"osm:way/1037081433","canonicalCountryKey":"PL","capacityMw":1.0,"country":"PL","externalIds":{"osm":"way/1037081433"},"geographyId":"PL-17162690B67655395900928","id":"wattlas-plant-osm-way-1037081433","lifecycleCounts":{"operational":1},"locationPrecision":"exact","name":"Farma słoneczna Oświęcim","operatingCapacityCoverage":{"coveragePercent":100.0,"knownUnitCount":0,"method":"plant_aggregate","provenance":{"evidenceCount":0,"recordIds":["wattlas-record-osm-way-1037081433"],"sourceIds":["openstreetmap-power"],"sourceTypes":["community_mapped"],"valueKind":"reported"},"totalUnitCount":0},"operatingCapacityMw":1.0,"operatingCapacityMwByTechnology":{"solar":1.0},"plannedCapacityCoverage":{"coveragePercent":0.0,"knownUnitCount":0,"method":"unavailable","totalUnitCount":0},"plannedCapacityMw":0.0,"plannedCapacityMwByTechnology":{},"recordCount":1,"recordIds":["wattlas-record-osm-way-1037081433"],"sourceIds":["openstreetmap-power"],"technologies":["solar"],"technologyMixMw":{"solar":1.0},"unitCount":0,"unitIds":[]},"type":"Feature"},{"geometry":{"coordinates":[19.083521,50.116962],"type":"Point"},"id":"wattlas-plant-osm-way-1039159770","properties":{"aliases":["Fotowoltaika Lędziny"],"canonicalAnchor":"osm:way/1039159770","canonicalCountryKey":"PL","capacityMw":0.0,"country":"PL","externalIds":{"osm":"way/1039159770"},"geographyId":"PL-17162690B16879770934003","id":"wattlas-plant-osm-way-1039159770","lifecycleCounts":{"operational":1},"locationPrecision":"exact","name":"Fotowoltaika Lędziny","operatingCapacityCoverage":{"coveragePercent":0.0,"knownUnitCount":0,"method":"unavailable","totalUnitCount":0},"operatingCapacityMw":0.0,"operatingCapacityMwByTechnology":{},"plannedCapacityCoverage":{"coveragePercent":0.0,"knownUnitCount":0,"method":"unavailable","totalUnitCount":0},"plannedCapacityMw":0.0,"plannedCapacityMwByTechnology":{},"recordCount":1,"recordIds":["wattlas-record-osm-way-1039159770"],"sourceIds":["openstreetmap-power"],"technologies":["solar"],"technologyMixMw":{"solar":0.0},"unitCount":0,"unitIds":[]},"type":"Feature"},{"geometry":{"coordinates":[19.060831,50.120101],"type":"Point"},"id":"wattlas-plant-osm-way-1039414351","properties":{"aliases":["Farma słoneczna Tychy"],"canonicalAnchor":"osm:way/1039414351","canonicalCountryKey":"PL","capacityMw":0.0,"country":"PL","externalIds":{"osm":"way/1039414351"},"geographyId":"PL-17162690B16879770934003","id":"wattlas-plant-osm-way-1039414351","lifecycleCounts":{"operational":1},"locationPrecision":"exact","name":"Farma słoneczna Tychy","operatingCapacityCoverage":{"coveragePercent":0.0,"knownUnitCount":0,"method":"unavailable","totalUnitCount":0},"operatingCapacityMw":0.0,"operatingCapacityMwByTechnology":{},"plannedCapacityCoverage":{"coveragePercent":0.0,"knownUnitCount":0,"method":"unavailable","totalUnitCount":0},"plannedCapacityMw":0.0,"plannedCapacityMwByTechnology":{},"recordCount":1,"recordIds":["wattlas-record-osm-way-1039414351"],"sourceIds":["openstreetmap-power"],"technologies":["solar"],"technologyMixMw":{"solar":0.0},"unitCount":0,"unitIds":[]},"type":"Feature"},{"geometry":{"coordinates":[16.992888,54.006759],"type":"Point"},"id":"wattlas-plant-osm-way-1039701220","properties":{"aliases":["Gen Gaz Energia"],"canonicalAnchor":"osm:way/1039701220","canonicalCountryKey":"PL","capacityMw":0.0,"country":"PL","externalIds":{"osm":"way/1039701220"},"geographyId":"PL-17162690B77437931625010","id":"wattlas-plant-osm-way-1039701220","lifecycleCounts":{"operational":1},"locationPrecision":"exact","name":"Gen Gaz Energia","operatingCapacityCoverage":{"coveragePercent":0.0,"knownUnitCount":0,"method":"unavailable","totalUnitCount":0},"operatingCapacityMw":0.0,"operatingCapacityMwByTechnology":{},"plannedCapacityCoverage":{"coveragePercent":0.0,"knownUnitCount":0,"method":"unavailable","totalUnitCount":0},"plannedCapacityMw":0.0,"plannedCapacityMwByTechnology":{},"recordCount":1,"recordIds":["wattlas-record-osm-way-1039701220"],"sourceIds":["openstreetmap-power"],"technologies":["gas"],"technologyMixMw":{"gas":0.0},"unitCount":0,"unitIds":[]},"type":"Feature"},{"geometry":{"coordinates":[18.207288,52.250114],"type":"Point"},"id":"wattlas-plant-osm-way-1043479767","properties":{"aliases":["Farma solarna"],"canonicalAnchor":"osm:way/1043479767","canonicalCountryKey":"PL","capacityMw":0.0,"country":"PL","externalIds":{"osm":"way/1043479767"},"geographyId":"PL-17162690B71775569625336","id":"wattlas-plant-osm-way-1043479767","lifecycleCounts":{"operational":1},"locationPrecision":"exact","name":"Farma solarna","operatingCapacityCoverage":{"coveragePercent":0.0,"knownUnitCount":0,"method":"unavailable","totalUnitCount":0},"operatingCapacityMw":0.0,"operatingCapacityMwByTechnology":{},"plannedCapacityCoverage":{"coveragePercent":0.0,"knownUnitCount":0,"method":"unavailable","totalUnitCount":0},"plannedCapacityMw":0.0,"plannedCapacityMwByTechnology":{},"recordCount":1,"recordIds":["wattlas-record-osm-way-1043479767"],"sourceIds":["openstreetmap-power"],"technologies":["solar"],"technologyMixMw":{"solar":0.0},"unitCount":0,"unitIds":[]},"type":"Feature"},{"geometry":{"coordinates":[17.671859,53.306978],"type":"Point"},"id":"wattlas-plant-osm-way-1044673862","properties":{"aliases":["Farma fotowoltaiczna"],"canonicalAnchor":"osm:way/1044673862","canonicalCountryKey":"PL","capacityMw":0.0,"country":"PL","externalIds":{"osm":"way/1044673862"},"geographyId":"PL-17162690B37876665907262","id":"wattlas-plant-osm-way-1044673862","lifecycleCounts":{"operational":1},"locationPrecision":"exact","name":"Farma fotowoltaiczna","operatingCapacityCoverage":{"coveragePercent":0.0,"knownUnitCount":0,"method":"unavailable","totalUnitCount":0},"operatingCapacityMw":0.0,"operatingCapacityMwByTechnology":{},"plannedCapacityCoverage":{"coveragePercent":0.0,"knownUnitCount":0,"method":"unavailable","totalUnitCount":0},"plannedCapacityMw":0.0,"plannedCapacityMwByTechnology":{},"recordCount":1,"recordIds":["wattlas-record-osm-way-1044673862"],"sourceIds":["openstreetmap-power"],"technologies":["solar"],"technologyMixMw":{"solar":0.0},"unitCount":0,"unitIds":[]},"type":"Feature"},{"geometry":{"coordinates":[22.084818,52.132457],"type":"Point"},"id":"wattlas-plant-osm-way-1046353725","properties":{"aliases":["Farma fotowoltaiczna"],"canonicalAnchor":"osm:way/1046353725","canonicalCountryKey":"PL","capacityMw":0.0,"country":"PL","externalIds":{"osm":"way/1046353725"},"geographyId":"PL-17162690B84565288021286","id":"wattlas-plant-osm-way-1046353725","lifecycleCounts":{"operational":1},"locationPrecision":"exact","name":"Farma fotowoltaiczna","operatingCapacityCoverage":{"coveragePercent":0.0,"knownUnitCount":0,"method":"unavailable","totalUnitCount":0},"operatingCapacityMw":0.0,"operatingCapacityMwByTechnology":{},"plannedCapacityCoverage":{"coveragePercent":0.0,"knownUnitCount":0,"method":"unavailable","totalUnitCount":0},"plannedCapacityMw":0.0,"plannedCapacityMwByTechnology":{},"recordCount":1,"recordIds":["wattlas-record-osm-way-1046353725"],"sourceIds":["openstreetmap-power"],"technologies":["solar"],"technologyMixMw":{"solar":0.0},"unitCount":0,"unitIds":[]},"type":"Feature"},{"geometry":{"coordinates":[14.877309,52.299726],"type":"Point"},"id":"wattlas-plant-osm-way-1046354479","properties":{"aliases":["Farma fotowoltaiczna"],"canonicalAnchor":"osm:way/1046354479","canonicalCountryKey":"PL","capacityMw":0.0,"country":"PL","externalIds":{"osm":"way/1046354479"},"geographyId":"PL-17162690B87710404837799","id":"wattlas-plant-osm-way-1046354479","lifecycleCounts":{"operational":1},"locationPrecision":"exact","name":"Farma fotowoltaiczna","operatingCapacityCoverage":{"coveragePercent":0.0,"knownUnitCount":0,"method":"unavailable","totalUnitCount":0},"operatingCapacityMw":0.0,"operatingCapacityMwByTechnology":{},"plannedCapacityCoverage":{"coveragePercent":0.0,"knownUnitCount":0,"method":"unavailable","totalUnitCount":0},"plannedCapacityMw":0.0,"plannedCapacityMwByTechnology":{},"recordCount":1,"recordIds":["wattlas-record-osm-way-1046354479"],"sourceIds":["openstreetmap-power"],"technologies":["solar"],"technologyMixMw":{"solar":0.0},"unitCount":0,"unitIds":[]},"type":"Feature"},{"geometry":{"coordinates":[20.780404,50.119186],"type":"Point"},"id":"wattlas-plant-osm-way-1046355348","properties":{"aliases":["Farma fotowoltaiczna"],"canonicalAnchor":"osm:way/1046355348","canonicalCountryKey":"PL","capacityMw":0.0,"country":"PL","externalIds":{"osm":"way/1046355348"},"geographyId":"PL-17162690B67655395900928","id":"wattlas-plant-osm-way-1046355348","lifecycleCounts":{"operational":1},"locationPrecision":"exact","name":"Farma fotowoltaiczna","operatingCapacityCoverage":{"coveragePercent":0.0,"knownUnitCount":0,"method":"unavailable","totalUnitCount":0},"operatingCapacityMw":0.0,"operatingCapacityMwByTechnology":{},"plannedCapacityCoverage":{"coveragePercent":0.0,"knownUnitCount":0,"method":"unavailable","totalUnitCount":0},"plannedCapacityMw":0.0,"plannedCapacityMwByTechnology":{},"recordCount":1,"recordIds":["wattlas-record-osm-way-1046355348"],"sourceIds":["openstreetmap-power"],"technologies":["solar"],"technologyMixMw":{"solar":0.0},"unitCount":0,"unitIds":[]},"type":"Feature"},{"geometry":{"coordinates":[21.514289,50.221049],"type":"Point"},"id":"wattlas-plant-osm-way-1052309100","properties":{"aliases":["Farma fotowoltaiczna Rzemień"],"canonicalAnchor":"osm:way/1052309100","canonicalCountryKey":"PL","capacityMw":0.0,"country":"PL","externalIds":{"osm":"way/1052309100"},"geographyId":"PL-17162690B44985096553766","id":"wattlas-plant-osm-way-1052309100","lifecycleCounts":{"operational":1},"locationPrecision":"exact","name":"Farma fotowoltaiczna Rzemień","operatingCapacityCoverage":{"coveragePercent":0.0,"knownUnitCount":0,"method":"unavailable","totalUnitCount":0},"operatingCapacityMw":0.0,"operatingCapacityMwByTechnology":{},"plannedCapacityCoverage":{"coveragePercent":0.0,"knownUnitCount":0,"method":"unavailable","totalUnitCount":0},"plannedCapacityMw":0.0,"plannedCapacityMwByTechnology":{},"recordCount":1,"recordIds":["wattlas-record-osm-way-1052309100"],"sourceIds":["openstreetmap-power"],"technologies":["solar"],"technologyMixMw":{"solar":0.0},"unitCount":0,"unitIds":[]},"type":"Feature"},{"geometry":{"coordinates":[22.292685,51.362719],"type":"Point"},"id":"wattlas-plant-osm-way-1053058818","properties":{"aliases":["Farma fotowoltaiczna"],"canonicalAnchor":"osm:way/1053058818","canonicalCountryKey":"PL","capacityMw":0.0,"country":"PL","externalIds":{"osm":"way/1053058818"},"geographyId":"PL-17162690B69262761487853","id":"wattlas-plant-osm-way-1053058818","lifecycleCounts":{"operational":1},"locationPrecision":"exact","name":"Farma fotowoltaiczna","operatingCapacityCoverage":{"coveragePercent":0.0,"knownUnitCount":0,"method":"unavailable","totalUnitCount":0},"operatingCapacityMw":0.0,"operatingCapacityMwByTechnology":{},"plannedCapacityCoverage":{"coveragePercent":0.0,"knownUnitCount":0,"method":"unavailable","totalUnitCount":0},"plannedCapacityMw":0.0,"plannedCapacityMwByTechnology":{},"recordCount":1,"recordIds":["wattlas-record-osm-way-1053058818"],"sourceIds":["openstreetmap-power"],"technologies":["solar"],"technologyMixMw":{"solar":0.0},"unitCount":0,"unitIds":[]},"type":"Feature"},{"geometry":{"coordinates":[20.490732,50.010797],"type":"Point"},"id":"wattlas-plant-osm-way-1053537995","properties":{"aliases":["RZEZAWA 60"],"canonicalAnchor":"osm:way/1053537995","canonicalCountryKey":"PL","capacityMw":60.0,"country":"PL","externalIds":{"osm":"way/1053537995"},"geographyId":"PL-17162690B67655395900928","id":"wattlas-plant-osm-way-1053537995","lifecycleCounts":{"operational":1},"locationPrecision":"exact","name":"RZEZAWA 60","operatingCapacityCoverage":{"coveragePercent":100.0,"knownUnitCount":0,"method":"plant_aggregate","provenance":{"evidenceCount":0,"recordIds":["wattlas-record-osm-way-1053537995"],"sourceIds":["openstreetmap-power"],"sourceTypes":["community_mapped"],"valueKind":"reported"},"totalUnitCount":0},"operatingCapacityMw":60.0,"operatingCapacityMwByTechnology":{"solar":60.0},"plannedCapacityCoverage":{"coveragePercent":0.0,"knownUnitCount":0,"method":"unavailable","totalUnitCount":0},"plannedCapacityMw":0.0,"plannedCapacityMwByTechnology":{},"recordCount":1,"recordIds":["wattlas-record-osm-way-1053537995"],"sourceIds":["openstreetmap-power"],"technologies":["solar"],"technologyMixMw":{"solar":60.0},"unitCount":0,"unitIds":[]},"type":"Feature"},{"geometry":{"coordinates":[19.398355,49.995813],"type":"Point"},"id":"wattlas-plant-osm-way-1054513628","properties":{"aliases":["Farma słoneczna Zator"],"canonicalAnchor":"osm:way/1054513628","canonicalCountryKey":"PL","capacityMw":0.0,"country":"PL","externalIds":{"osm":"way/1054513628"},"geographyId":"PL-17162690B67655395900928","id":"wattlas-plant-osm-way-1054513628","lifecycleCounts":{"operational":1},"locationPrecision":"exact","name":"Farma słoneczna Zator","operatingCapacityCoverage":{"coveragePercent":0.0,"knownUnitCount":0,"method":"unavailable","totalUnitCount":0},"operatingCapacityMw":0.0,"operatingCapacityMwByTechnology":{},"plannedCapacityCoverage":{"coveragePercent":0.0,"knownUnitCount":0,"method":"unavailable","totalUnitCount":0},"plannedCapacityMw":0.0,"plannedCapacityMwByTechnology":{},"recordCount":1,"recordIds":["wattlas-record-osm-way-1054513628"],"sourceIds":["openstreetmap-power"],"technologies":["solar"],"technologyMixMw":{"solar":0.0},"unitCount":0,"unitIds":[]},"type":"Feature"},{"geometry":{"coordinates":[19.413463,50.20437],"type":"Point"},"id":"wattlas-plant-osm-way-1054876403","properties":{"aliases":["Mapped power plant · OSM 1054876403"],"canonicalAnchor":"osm:way/1054876403","canonicalCountryKey":"PL","capacityMw":0.0,"country":"PL","externalIds":{"osm":"way/1054876403"},"geographyId":"PL-17162690B67655395900928","id":"wattlas-plant-osm-way-1054876403","lifecycleCounts":{"operational":1},"locationPrecision":"exact","name":"Mapped power plant · OSM 1054876403","operatingCapacityCoverage":{"coveragePercent":0.0,"knownUnitCount":0,"method":"unavailable","totalUnitCount":0},"operatingCapacityMw":0.0,"operatingCapacityMwByTechnology":{},"plannedCapacityCoverage":{"coveragePercent":0.0,"knownUnitCount":0,"method":"unavailable","totalUnitCount":0},"plannedCapacityMw":0.0,"plannedCapacityMwByTechnology":{},"recordCount":1,"recordIds":["wattlas-record-osm-way-1054876403"],"sourceIds":["openstreetmap-power"],"technologies":["solar"],"technologyMixMw":{"solar":0.0},"unitCount":0,"unitIds":[]},"type":"Feature"},{"geometry":{"coordinates":[20.292396,52.251421],"type":"Point"},"id":"wattlas-plant-osm-way-1055150886","properties":{"aliases":["Farma fotowoltaiczna"],"canonicalAnchor":"osm:way/1055150886","canonicalCountryKey":"PL","capacityMw":0.0,"country":"PL","externalIds":{"osm":"way/1055150886"},"geographyId":"PL-17162690B84565288021286","id":"wattlas-plant-osm-way-1055150886","lifecycleCounts":{"operational":1},"locationPrecision":"exact","name":"Farma fotowoltaiczna","operatingCapacityCoverage":{"coveragePercent":0.0,"knownUnitCount":0,"method":"unavailable","totalUnitCount":0},"operatingCapacityMw":0.0,"operatingCapacityMwByTechnology":{},"plannedCapacityCoverage":{"coveragePercent":0.0,"knownUnitCount":0,"method":"unavailable","totalUnitCount":0},"plannedCapacityMw":0.0,"plannedCapacityMwByTechnology":{},"recordCount":1,"recordIds":["wattlas-record-osm-way-1055150886"],"sourceIds":["openstreetmap-power"],"technologies":["solar"],"technologyMixMw":{"solar":0.0},"unitCount":0,"unitIds":[]},"type":"Feature"},{"geometry":{"coordinates":[19.081771,54.039641],"type":"Point"},"id":"wattlas-plant-osm-way-1059470321","properties":{"aliases":["Elektrownia Wodna Rakowiec"],"canonicalAnchor":"osm:way/1059470321","canonicalCountryKey":"PL","capacityMw":0.0,"country":"PL","externalIds":{"osm":"way/1059470321"},"geographyId":"PL-17162690B77437931625010","id":"wattlas-plant-osm-way-1059470321","lifecycleCounts":{"operational":1},"locationPrecision":"exact","name":"Elektrownia Wodna Rakowiec","operatingCapacityCoverage":{"coveragePercent":0.0,"knownUnitCount":0,"method":"unavailable","totalUnitCount":0},"operatingCapacityMw":0.0,"operatingCapacityMwByTechnology":{},"plannedCapacityCoverage":{"coveragePercent":0.0,"knownUnitCount":0,"method":"unavailable","totalUnitCount":0},"plannedCapacityMw":0.0,"plannedCapacityMwByTechnology":{},"recordCount":1,"recordIds":["wattlas-record-osm-way-1059470321"],"sourceIds":["openstreetmap-power"],"technologies":["hydro"],"technologyMixMw":{"hydro":0.0},"unitCount":0,"unitIds":[]},"type":"Feature"},{"geometry":{"coordinates":[19.419996,51.134231],"type":"Point"},"id":"wattlas-plant-osm-way-1060884208","properties":{"aliases":["Mapped power plant · OSM 1060884208"],"canonicalAnchor":"osm:way/1060884208","canonicalCountryKey":"PL","capacityMw":1.0,"country":"PL","externalIds":{"osm":"way/1060884208"},"geographyId":"PL-17162690B86810837764805","id":"wattlas-plant-osm-way-1060884208","lifecycleCounts":{"operational":1},"locationPrecision":"exact","name":"Mapped power plant · OSM 1060884208","operatingCapacityCoverage":{"coveragePercent":100.0,"knownUnitCount":0,"method":"plant_aggregate","provenance":{"evidenceCount":0,"recordIds":["wattlas-record-osm-way-1060884208"],"sourceIds":["openstreetmap-power"],"sourceTypes":["community_mapped"],"valueKind":"reported"},"totalUnitCount":0},"operatingCapacityMw":1.0,"operatingCapacityMwByTechnology":{"solar":1.0},"plannedCapacityCoverage":{"coveragePercent":0.0,"knownUnitCount":0,"method":"unavailable","totalUnitCount":0},"plannedCapacityMw":0.0,"plannedCapacityMwByTechnology":{},"recordCount":1,"recordIds":["wattlas-record-osm-way-1060884208"],"sourceIds":["openstreetmap-power"],"technologies":["solar"],"technologyMixMw":{"solar":1.0},"unitCount":0,"unitIds":[]},"type":"Feature"},{"geometry":{"coordinates":[15.986136,51.142989],"type":"Point"},"id":"wattlas-plant-osm-way-1062156494","properties":{"aliases":["Farma Fotowoltaiczna"],"canonicalAnchor":"osm:way/1062156494","canonicalCountryKey":"PL","capacityMw":0.0,"country":"PL","externalIds":{"osm":"way/1062156494"},"geographyId":"PL-17162690B9130125042960","id":"wattlas-plant-osm-way-1062156494","lifecycleCounts":{"operational":1},"locationPrecision":"exact","name":"Farma Fotowoltaiczna","operatingCapacityCoverage":{"coveragePercent":0.0,"knownUnitCount":0,"method":"unavailable","totalUnitCount":0},"operatingCapacityMw":0.0,"operatingCapacityMwByTechnology":{},"plannedCapacityCoverage":{"coveragePercent":0.0,"knownUnitCount":0,"method":"unavailable","totalUnitCount":0},"plannedCapacityMw":0.0,"plannedCapacityMwByTechnology":{},"recordCount":1,"recordIds":["wattlas-record-osm-way-1062156494"],"sourceIds":["openstreetmap-power"],"technologies":["solar"],"technologyMixMw":{"solar":0.0},"unitCount":0,"unitIds":[]},"type":"Feature"},{"geometry":{"coordinates":[16.526468,50.953398],"type":"Point"},"id":"wattlas-plant-osm-way-1062993161","properties":{"aliases":["Farma fotowoltaiczna El-Wind"],"canonicalAnchor":"osm:way/1062993161","canonicalCountryKey":"PL","capacityMw":1.0,"country":"PL","externalIds":{"osm":"way/1062993161"},"geographyId":"PL-17162690B9130125042960","id":"wattlas-plant-osm-way-1062993161","lifecycleCounts":{"operational":1},"locationPrecision":"exact","name":"Farma fotowoltaiczna El-Wind","operatingCapacityCoverage":{"coveragePercent":100.0,"knownUnitCount":0,"method":"plant_aggregate","provenance":{"evidenceCount":0,"recordIds":["wattlas-record-osm-way-1062993161"],"sourceIds":["openstreetmap-power"],"sourceTypes":["community_mapped"],"valueKind":"reported"},"totalUnitCount":0},"operatingCapacityMw":1.0,"operatingCapacityMwByTechnology":{"solar":1.0},"plannedCapacityCoverage":{"coveragePercent":0.0,"knownUnitCount":0,"method":"unavailable","totalUnitCount":0},"plannedCapacityMw":0.0,"plannedCapacityMwByTechnology":{},"recordCount":1,"recordIds":["wattlas-record-osm-way-1062993161"],"sourceIds":["openstreetmap-power"],"technologies":["solar"],"technologyMixMw":{"solar":1.0},"unitCount":0,"unitIds":[]},"type":"Feature"},{"geometry":{"coordinates":[16.726558,54.486135],"type":"Point"},"id":"wattlas-plant-osm-way-1067214311","properties":{"aliases":["Postomino Solar Park"],"canonicalAnchor":"osm:way/1067214311","canonicalCountryKey":"PL","capacityMw":29961.0,"country":"PL","externalIds":{"osm":"way/1067214311"},"geographyId":"PL-17162690B34878575347312","id":"wattlas-plant-osm-way-1067214311","lifecycleCounts":{"operational":1},"locationPrecision":"exact","name":"Postomino Solar Park","operatingCapacityCoverage":{"coveragePercent":100.0,"knownUnitCount":0,"method":"plant_aggregate","provenance":{"evidenceCount":0,"recordIds":["wattlas-record-osm-way-1067214311"],"sourceIds":["openstreetmap-power"],"sourceTypes":["community_mapped"],"valueKind":"reported"},"totalUnitCount":0},"operatingCapacityMw":29961.0,"operatingCapacityMwByTechnology":{"solar":29961.0},"plannedCapacityCoverage":{"coveragePercent":0.0,"knownUnitCount":0,"method":"unavailable","totalUnitCount":0},"plannedCapacityMw":0.0,"plannedCapacityMwByTechnology":{},"recordCount":1,"recordIds":["wattlas-record-osm-way-1067214311"],"sourceIds":["openstreetmap-power"],"technologies":["solar"],"technologyMixMw":{"solar":29961.0},"unitCount":0,"unitIds":[]},"type":"Feature"},{"geometry":{"coordinates":[18.833412,53.240814],"type":"Point"},"id":"wattlas-plant-osm-way-1068426534","properties":{"aliases":["Farma fotowoltaiczna"],"canonicalAnchor":"osm:way/1068426534","canonicalCountryKey":"PL","capacityMw":0.0,"country":"PL","externalIds":{"osm":"way/1068426534"},"geographyId":"PL-17162690B37876665907262","id":"wattlas-plant-osm-way-1068426534","lifecycleCounts":{"operational":1},"locationPrecision":"exact","name":"Farma fotowoltaiczna","operatingCapacityCoverage":{"coveragePercent":0.0,"knownUnitCount":0,"method":"unavailable","totalUnitCount":0},"operatingCapacityMw":0.0,"operatingCapacityMwByTechnology":{},"plannedCapacityCoverage":{"coveragePercent":0.0,"knownUnitCount":0,"method":"unavailable","totalUnitCount":0},"plannedCapacityMw":0.0,"plannedCapacityMwByTechnology":{},"recordCount":1,"recordIds":["wattlas-record-osm-way-1068426534"],"sourceIds":["openstreetmap-power"],"technologies":["solar"],"technologyMixMw":{"solar":0.0},"unitCount":0,"unitIds":[]},"type":"Feature"},{"geometry":{"coordinates":[20.308216,52.241892],"type":"Point"},"id":"wattlas-plant-osm-way-1069343181","properties":{"aliases":["Farma fotowoltaiczna"],"canonicalAnchor":"osm:way/1069343181","canonicalCountryKey":"PL","capacityMw":1.8,"country":"PL","externalIds":{"osm":"way/1069343181"},"geographyId":"PL-17162690B84565288021286","id":"wattlas-plant-osm-way-1069343181","lifecycleCounts":{"operational":1},"locationPrecision":"exact","name":"Farma fotowoltaiczna","operatingCapacityCoverage":{"coveragePercent":100.0,"knownUnitCount":0,"method":"plant_aggregate","provenance":{"evidenceCount":0,"recordIds":["wattlas-record-osm-way-1069343181"],"sourceIds":["openstreetmap-power"],"sourceTypes":["community_mapped"],"valueKind":"reported"},"totalUnitCount":0},"operatingCapacityMw":1.8,"operatingCapacityMwByTechnology":{"solar":1.8},"plannedCapacityCoverage":{"coveragePercent":0.0,"knownUnitCount":0,"method":"unavailable","totalUnitCount":0},"plannedCapacityMw":0.0,"plannedCapacityMwByTechnology":{},"recordCount":1,"recordIds":["wattlas-record-osm-way-1069343181"],"sourceIds":["openstreetmap-power"],"technologies":["solar"],"technologyMixMw":{"solar":1.8},"unitCount":0,"unitIds":[]},"type":"Feature"},{"geometry":{"coordinates":[22.662582,49.855543],"type":"Point"},"id":"wattlas-plant-osm-way-1076668964","properties":{"aliases":["Farma fotowoltaiczna"],"canonicalAnchor":"osm:way/1076668964","canonicalCountryKey":"PL","capacityMw":0.0,"country":"PL","externalIds":{"osm":"way/1076668964"},"geographyId":"PL-17162690B44985096553766","id":"wattlas-plant-osm-way-1076668964","lifecycleCounts":{"operational":1},"locationPrecision":"exact","name":"Farma fotowoltaiczna","operatingCapacityCoverage":{"coveragePercent":0.0,"knownUnitCount":0,"method":"unavailable","totalUnitCount":0},"operatingCapacityMw":0.0,"operatingCapacityMwByTechnology":{},"plannedCapacityCoverage":{"coveragePercent":0.0,"knownUnitCount":0,"method":"unavailable","totalUnitCount":0},"plannedCapacityMw":0.0,"plannedCapacityMwByTechnology":{},"recordCount":1,"recordIds":["wattlas-record-osm-way-1076668964"],"sourceIds":["openstreetmap-power"],"technologies":["solar"],"technologyMixMw":{"solar":0.0},"unitCount":0,"unitIds":[]},"type":"Feature"},{"geometry":{"coordinates":[18.826252,53.768199],"type":"Point"},"id":"wattlas-plant-osm-way-1077201209","properties":{"aliases":["Farma fotowoltaiczna"],"canonicalAnchor":"osm:way/1077201209","canonicalCountryKey":"PL","capacityMw":0.0,"country":"PL","externalIds":{"osm":"way/1077201209"},"geographyId":"PL-17162690B77437931625010","id":"wattlas-plant-osm-way-1077201209","lifecycleCounts":{"operational":1},"locationPrecision":"exact","name":"Farma fotowoltaiczna","operatingCapacityCoverage":{"coveragePercent":0.0,"knownUnitCount":0,"method":"unavailable","totalUnitCount":0},"operatingCapacityMw":0.0,"operatingCapacityMwByTechnology":{},"plannedCapacityCoverage":{"coveragePercent":0.0,"knownUnitCount":0,"method":"unavailable","totalUnitCount":0},"plannedCapacityMw":0.0,"plannedCapacityMwByTechnology":{},"recordCount":1,"recordIds":["wattlas-record-osm-way-1077201209"],"sourceIds":["openstreetmap-power"],"technologies":["solar"],"technologyMixMw":{"solar":0.0},"unitCount":0,"unitIds":[]},"type":"Feature"},{"geometry":{"coordinates":[17.671623,54.52242],"type":"Point"},"id":"wattlas-plant-osm-way-1079311478","properties":{"aliases":["Elektrownia fotowoltaiczna"],"canonicalAnchor":"osm:way/1079311478","canonicalCountryKey":"PL","capacityMw":1.0,"country":"PL","externalIds":{"osm":"way/1079311478"},"geographyId":"PL-17162690B77437931625010","id":"wattlas-plant-osm-way-1079311478","lifecycleCounts":{"operational":1},"locationPrecision":"exact","name":"Elektrownia fotowoltaiczna","operatingCapacityCoverage":{"coveragePercent":100.0,"knownUnitCount":0,"method":"plant_aggregate","provenance":{"evidenceCount":0,"recordIds":["wattlas-record-osm-way-1079311478"],"sourceIds":["openstreetmap-power"],"sourceTypes":["community_mapped"],"valueKind":"reported"},"totalUnitCount":0},"operatingCapacityMw":1.0,"operatingCapacityMwByTechnology":{"solar":1.0},"plannedCapacityCoverage":{"coveragePercent":0.0,"knownUnitCount":0,"method":"unavailable","totalUnitCount":0},"plannedCapacityMw":0.0,"plannedCapacityMwByTechnology":{},"recordCount":1,"recordIds":["wattlas-record-osm-way-1079311478"],"sourceIds":["openstreetmap-power"],"technologies":["solar"],"technologyMixMw":{"solar":1.0},"unitCount":0,"unitIds":[]},"type":"Feature"},{"geometry":{"coordinates":[16.348008,51.264702],"type":"Point"},"id":"wattlas-plant-osm-way-1079404060","properties":{"aliases":["Farma Fotowoltaiczna"],"canonicalAnchor":"osm:way/1079404060","canonicalCountryKey":"PL","capacityMw":0.0,"country":"PL","externalIds":{"osm":"way/1079404060"},"geographyId":"PL-17162690B9130125042960","id":"wattlas-plant-osm-way-1079404060","lifecycleCounts":{"operational":1},"locationPrecision":"exact","name":"Farma Fotowoltaiczna","operatingCapacityCoverage":{"coveragePercent":0.0,"knownUnitCount":0,"method":"unavailable","totalUnitCount":0},"operatingCapacityMw":0.0,"operatingCapacityMwByTechnology":{},"plannedCapacityCoverage":{"coveragePercent":0.0,"knownUnitCount":0,"method":"unavailable","totalUnitCount":0},"plannedCapacityMw":0.0,"plannedCapacityMwByTechnology":{},"recordCount":1,"recordIds":["wattlas-record-osm-way-1079404060"],"sourceIds":["openstreetmap-power"],"technologies":["solar"],"technologyMixMw":{"solar":0.0},"unitCount":0,"unitIds":[]},"type":"Feature"},{"geometry":{"coordinates":[18.92241,50.24543],"type":"Point"},"id":"wattlas-plant-osm-way-1079560709","properties":{"aliases":["Dalkia Polska Energia S.A. Wydział XII - „Śląsk”"],"canonicalAnchor":"osm:way/1079560709","canonicalCountryKey":"PL","capacityMw":0.0,"country":"PL","externalIds":{"osm":"way/1079560709"},"geographyId":"PL-17162690B16879770934003","id":"wattlas-plant-osm-way-1079560709","lifecycleCounts":{"operational":1},"locationPrecision":"exact","name":"Dalkia Polska Energia S.A. Wydział XII - „Śląsk”","operatingCapacityCoverage":{"coveragePercent":0.0,"knownUnitCount":0,"method":"unavailable","totalUnitCount":0},"operatingCapacityMw":0.0,"operatingCapacityMwByTechnology":{},"plannedCapacityCoverage":{"coveragePercent":0.0,"knownUnitCount":0,"method":"unavailable","totalUnitCount":0},"plannedCapacityMw":0.0,"plannedCapacityMwByTechnology":{},"recordCount":1,"recordIds":["wattlas-record-osm-way-1079560709"],"sourceIds":["openstreetmap-power"],"technologies":["coal"],"technologyMixMw":{"coal":0.0},"unitCount":0,"unitIds":[]},"type":"Feature"},{"geometry":{"coordinates":[18.166522,53.503585],"type":"Point"},"id":"wattlas-plant-osm-way-1080791122","properties":{"aliases":["Farma fotowoltaiczna"],"canonicalAnchor":"osm:way/1080791122","canonicalCountryKey":"PL","capacityMw":0.0,"country":"PL","externalIds":{"osm":"way/1080791122"},"geographyId":"PL-17162690B37876665907262","id":"wattlas-plant-osm-way-1080791122","lifecycleCounts":{"operational":1},"locationPrecision":"exact","name":"Farma fotowoltaiczna","operatingCapacityCoverage":{"coveragePercent":0.0,"knownUnitCount":0,"method":"unavailable","totalUnitCount":0},"operatingCapacityMw":0.0,"operatingCapacityMwByTechnology":{},"plannedCapacityCoverage":{"coveragePercent":0.0,"knownUnitCount":0,"method":"unavailable","totalUnitCount":0},"plannedCapacityMw":0.0,"plannedCapacityMwByTechnology":{},"recordCount":1,"recordIds":["wattlas-record-osm-way-1080791122"],"sourceIds":["openstreetmap-power"],"technologies":["solar"],"technologyMixMw":{"solar":0.0},"unitCount":0,"unitIds":[]},"type":"Feature"},{"geometry":{"coordinates":[17.495771,50.546523],"type":"Point"},"id":"wattlas-plant-osm-way-1080937470","properties":{"aliases":["Farma fotowoltaiczna"],"canonicalAnchor":"osm:way/1080937470","canonicalCountryKey":"PL","capacityMw":0.0,"country":"PL","externalIds":{"osm":"way/1080937470"},"geographyId":"PL-17162690B67719337891950","id":"wattlas-plant-osm-way-1080937470","lifecycleCounts":{"operational":1},"locationPrecision":"exact","name":"Farma fotowoltaiczna","operatingCapacityCoverage":{"coveragePercent":0.0,"knownUnitCount":0,"method":"unavailable","totalUnitCount":0},"operatingCapacityMw":0.0,"operatingCapacityMwByTechnology":{},"plannedCapacityCoverage":{"coveragePercent":0.0,"knownUnitCount":0,"method":"unavailable","totalUnitCount":0},"plannedCapacityMw":0.0,"plannedCapacityMwByTechnology":{},"recordCount":1,"recordIds":["wattlas-record-osm-way-1080937470"],"sourceIds":["openstreetmap-power"],"technologies":["solar"],"technologyMixMw":{"solar":0.0},"unitCount":0,"unitIds":[]},"type":"Feature"},{"geometry":{"coordinates":[23.5866,50.554497],"type":"Point"},"id":"wattlas-plant-osm-way-1081138069","properties":{"aliases":["Farma fotowoltaiczna"],"canonicalAnchor":"osm:way/1081138069","canonicalCountryKey":"PL","capacityMw":0.0,"country":"PL","externalIds":{"osm":"way/1081138069"},"geographyId":"PL-17162690B69262761487853","id":"wattlas-plant-osm-way-1081138069","lifecycleCounts":{"operational":1},"locationPrecision":"exact","name":"Farma fotowoltaiczna","operatingCapacityCoverage":{"coveragePercent":0.0,"knownUnitCount":0,"method":"unavailable","totalUnitCount":0},"operatingCapacityMw":0.0,"operatingCapacityMwByTechnology":{},"plannedCapacityCoverage":{"coveragePercent":0.0,"knownUnitCount":0,"method":"unavailable","totalUnitCount":0},"plannedCapacityMw":0.0,"plannedCapacityMwByTechnology":{},"recordCount":1,"recordIds":["wattlas-record-osm-way-1081138069"],"sourceIds":["openstreetmap-power"],"technologies":["solar"],"technologyMixMw":{"solar":0.0},"unitCount":0,"unitIds":[]},"type":"Feature"},{"geometry":{"coordinates":[18.968546,51.599238],"type":"Point"},"id":"wattlas-plant-osm-way-1082879564","properties":{"aliases":["Elektrociepłownia Zduńska Wola"],"canonicalAnchor":"osm:way/1082879564","canonicalCountryKey":"PL","capacityMw":9.0,"country":"PL","externalIds":{"osm":"way/1082879564"},"geographyId":"PL-17162690B86810837764805","id":"wattlas-plant-osm-way-1082879564","lifecycleCounts":{"operational":1},"locationPrecision":"exact","name":"Elektrociepłownia Zduńska Wola","operatingCapacityCoverage":{"coveragePercent":100.0,"knownUnitCount":0,"method":"plant_aggregate","provenance":{"evidenceCount":0,"recordIds":["wattlas-record-osm-way-1082879564"],"sourceIds":["openstreetmap-power"],"sourceTypes":["community_mapped"],"valueKind":"reported"},"totalUnitCount":0},"operatingCapacityMw":9.0,"operatingCapacityMwByTechnology":{"coal":9.0},"plannedCapacityCoverage":{"coveragePercent":0.0,"knownUnitCount":0,"method":"unavailable","totalUnitCount":0},"plannedCapacityMw":0.0,"plannedCapacityMwByTechnology":{},"recordCount":1,"recordIds":["wattlas-record-osm-way-1082879564"],"sourceIds":["openstreetmap-power"],"technologies":["coal"],"technologyMixMw":{"coal":9.0},"unitCount":0,"unitIds":[]},"type":"Feature"},{"geometry":{"coordinates":[20.211672,52.270521],"type":"Point"},"id":"wattlas-plant-osm-way-1083506823","properties":{"aliases":["Farma fotowoltaiczna"],"canonicalAnchor":"osm:way/1083506823","canonicalCountryKey":"PL","capacityMw":0.0,"country":"PL","externalIds":{"osm":"way/1083506823"},"geographyId":"PL-17162690B84565288021286","id":"wattlas-plant-osm-way-1083506823","lifecycleCounts":{"operational":1},"locationPrecision":"exact","name":"Farma fotowoltaiczna","operatingCapacityCoverage":{"coveragePercent":0.0,"knownUnitCount":0,"method":"unavailable","totalUnitCount":0},"operatingCapacityMw":0.0,"operatingCapacityMwByTechnology":{},"plannedCapacityCoverage":{"coveragePercent":0.0,"knownUnitCount":0,"method":"unavailable","totalUnitCount":0},"plannedCapacityMw":0.0,"plannedCapacityMwByTechnology":{},"recordCount":1,"recordIds":["wattlas-record-osm-way-1083506823"],"sourceIds":["openstreetmap-power"],"technologies":["solar"],"technologyMixMw":{"solar":0.0},"unitCount":0,"unitIds":[]},"type":"Feature"},{"geometry":{"coordinates":[19.571002,53.581221],"type":"Point"},"id":"wattlas-plant-osm-way-1083957551","properties":{"aliases":["Energetyka Cieplna Iława"],"canonicalAnchor":"osm:way/1083957551","canonicalCountryKey":"PL","capacityMw":55.0,"country":"PL","externalIds":{"osm":"way/1083957551"},"geographyId":"PL-17162690B18723007704312","id":"wattlas-plant-osm-way-1083957551","lifecycleCounts":{"operational":1},"locationPrecision":"exact","name":"Energetyka Cieplna Iława","operatingCapacityCoverage":{"coveragePercent":100.0,"knownUnitCount":0,"method":"plant_aggregate","provenance":{"evidenceCount":0,"recordIds":["wattlas-record-osm-way-1083957551"],"sourceIds":["openstreetmap-power"],"sourceTypes":["community_mapped"],"valueKind":"reported"},"totalUnitCount":0},"operatingCapacityMw":55.0,"operatingCapacityMwByTechnology":{"coal":55.0},"plannedCapacityCoverage":{"coveragePercent":0.0,"knownUnitCount":0,"method":"unavailable","totalUnitCount":0},"plannedCapacityMw":0.0,"plannedCapacityMwByTechnology":{},"recordCount":1,"recordIds":["wattlas-record-osm-way-1083957551"],"sourceIds":["openstreetmap-power"],"technologies":["coal"],"technologyMixMw":{"coal":55.0},"unitCount":0,"unitIds":[]},"type":"Feature"},{"geometry":{"coordinates":[20.604059,52.856633],"type":"Point"},"id":"wattlas-plant-osm-way-1083979462","properties":{"aliases":["Elektrociepłownia Ciechanów Sp. z o.o."],"canonicalAnchor":"osm:way/1083979462","canonicalCountryKey":"PL","capacityMw":1.1,"country":"PL","externalIds":{"osm":"way/1083979462"},"geographyId":"PL-17162690B84565288021286","id":"wattlas-plant-osm-way-1083979462","lifecycleCounts":{"operational":1},"locationPrecision":"exact","name":"Elektrociepłownia Ciechanów Sp. z o.o.","operatingCapacityCoverage":{"coveragePercent":100.0,"knownUnitCount":0,"method":"plant_aggregate","provenance":{"evidenceCount":0,"recordIds":["wattlas-record-osm-way-1083979462"],"sourceIds":["openstreetmap-power"],"sourceTypes":["community_mapped"],"valueKind":"reported"},"totalUnitCount":0},"operatingCapacityMw":1.1,"operatingCapacityMwByTechnology":{"coal":1.1},"plannedCapacityCoverage":{"coveragePercent":0.0,"knownUnitCount":0,"method":"unavailable","totalUnitCount":0},"plannedCapacityMw":0.0,"plannedCapacityMwByTechnology":{},"recordCount":1,"recordIds":["wattlas-record-osm-way-1083979462"],"sourceIds":["openstreetmap-power"],"technologies":["coal"],"technologyMixMw":{"coal":1.1},"unitCount":0,"unitIds":[]},"type":"Feature"},{"geometry":{"coordinates":[20.848639,51.115404],"type":"Point"},"id":"wattlas-plant-osm-way-1087305012","properties":{"aliases":["Mapped power plant · OSM 1087305012"],"canonicalAnchor":"osm:way/1087305012","canonicalCountryKey":"PL","capacityMw":0.0,"country":"PL","externalIds":{"osm":"way/1087305012"},"geographyId":"PL-17162690B20834640531728","id":"wattlas-plant-osm-way-1087305012","lifecycleCounts":{"operational":1},"locationPrecision":"exact","name":"Mapped power plant · OSM 1087305012","operatingCapacityCoverage":{"coveragePercent":0.0,"knownUnitCount":0,"method":"unavailable","totalUnitCount":0},"operatingCapacityMw":0.0,"operatingCapacityMwByTechnology":{},"plannedCapacityCoverage":{"coveragePercent":0.0,"knownUnitCount":0,"method":"unavailable","totalUnitCount":0},"plannedCapacityMw":0.0,"plannedCapacityMwByTechnology":{},"recordCount":1,"recordIds":["wattlas-record-osm-way-1087305012"],"sourceIds":["openstreetmap-power"],"technologies":["solar"],"technologyMixMw":{"solar":0.0},"unitCount":0,"unitIds":[]},"type":"Feature"},{"geometry":{"coordinates":[20.586797,52.896636],"type":"Point"},"id":"wattlas-plant-osm-way-1088245810","properties":{"aliases":["farma fotowoltaiczna"],"canonicalAnchor":"osm:way/1088245810","canonicalCountryKey":"PL","capacityMw":0.0,"country":"PL","externalIds":{"osm":"way/1088245810"},"geographyId":"PL-17162690B84565288021286","id":"wattlas-plant-osm-way-1088245810","lifecycleCounts":{"operational":1},"locationPrecision":"exact","name":"farma fotowoltaiczna","operatingCapacityCoverage":{"coveragePercent":0.0,"knownUnitCount":0,"method":"unavailable","totalUnitCount":0},"operatingCapacityMw":0.0,"operatingCapacityMwByTechnology":{},"plannedCapacityCoverage":{"coveragePercent":0.0,"knownUnitCount":0,"method":"unavailable","totalUnitCount":0},"plannedCapacityMw":0.0,"plannedCapacityMwByTechnology":{},"recordCount":1,"recordIds":["wattlas-record-osm-way-1088245810"],"sourceIds":["openstreetmap-power"],"technologies":["solar"],"technologyMixMw":{"solar":0.0},"unitCount":0,"unitIds":[]},"type":"Feature"},{"geometry":{"coordinates":[23.527749,51.557838],"type":"Point"},"id":"wattlas-plant-osm-way-1089815908","properties":{"aliases":["Mapped power plant · OSM 1089815908"],"canonicalAnchor":"osm:way/1089815908","canonicalCountryKey":"PL","capacityMw":0.0,"country":"PL","externalIds":{"osm":"way/1089815908"},"geographyId":"PL-17162690B69262761487853","id":"wattlas-plant-osm-way-1089815908","lifecycleCounts":{"operational":1},"locationPrecision":"exact","name":"Mapped power plant · OSM 1089815908","operatingCapacityCoverage":{"coveragePercent":0.0,"knownUnitCount":0,"method":"unavailable","totalUnitCount":0},"operatingCapacityMw":0.0,"operatingCapacityMwByTechnology":{},"plannedCapacityCoverage":{"coveragePercent":0.0,"knownUnitCount":0,"method":"unavailable","totalUnitCount":0},"plannedCapacityMw":0.0,"plannedCapacityMwByTechnology":{},"recordCount":1,"recordIds":["wattlas-record-osm-way-1089815908"],"sourceIds":["openstreetmap-power"],"technologies":["solar"],"technologyMixMw":{"solar":0.0},"unitCount":0,"unitIds":[]},"type":"Feature"},{"geometry":{"coordinates":[15.429402,51.340418],"type":"Point"},"id":"wattlas-plant-osm-way-1090235090","properties":{"aliases":["Elektrownia Wodna \"Kliczków\""],"canonicalAnchor":"osm:way/1090235090","canonicalCountryKey":"PL","capacityMw":0.0,"country":"PL","externalIds":{"osm":"way/1090235090"},"geographyId":"PL-17162690B9130125042960","id":"wattlas-plant-osm-way-1090235090","lifecycleCounts":{"operational":1},"locationPrecision":"exact","name":"Elektrownia Wodna \"Kliczków\"","operatingCapacityCoverage":{"coveragePercent":0.0,"knownUnitCount":0,"method":"unavailable","totalUnitCount":0},"operatingCapacityMw":0.0,"operatingCapacityMwByTechnology":{},"plannedCapacityCoverage":{"coveragePercent":0.0,"knownUnitCount":0,"method":"unavailable","totalUnitCount":0},"plannedCapacityMw":0.0,"plannedCapacityMwByTechnology":{},"recordCount":1,"recordIds":["wattlas-record-osm-way-1090235090"],"sourceIds":["openstreetmap-power"],"technologies":["hydro"],"technologyMixMw":{"hydro":0.0},"unitCount":0,"unitIds":[]},"type":"Feature"},{"geometry":{"coordinates":[20.772506,50.588895],"type":"Point"},"id":"wattlas-plant-osm-way-1092128252","properties":{"aliases":["EF Szyszczyce"],"canonicalAnchor":"osm:way/1092128252","canonicalCountryKey":"PL","capacityMw":0.0,"country":"PL","externalIds":{"osm":"way/1092128252"},"geographyId":"PL-17162690B20834640531728","id":"wattlas-plant-osm-way-1092128252","lifecycleCounts":{"operational":1},"locationPrecision":"exact","name":"EF Szyszczyce","operatingCapacityCoverage":{"coveragePercent":0.0,"knownUnitCount":0,"method":"unavailable","totalUnitCount":0},"operatingCapacityMw":0.0,"operatingCapacityMwByTechnology":{},"plannedCapacityCoverage":{"coveragePercent":0.0,"knownUnitCount":0,"method":"unavailable","totalUnitCount":0},"plannedCapacityMw":0.0,"plannedCapacityMwByTechnology":{},"recordCount":1,"recordIds":["wattlas-record-osm-way-1092128252"],"sourceIds":["openstreetmap-power"],"technologies":["solar"],"technologyMixMw":{"solar":0.0},"unitCount":0,"unitIds":[]},"type":"Feature"},{"geometry":{"coordinates":[20.944044,51.200986],"type":"Point"},"id":"wattlas-plant-osm-way-1093825302","properties":{"aliases":["Farma Fotowoltaiczna Gąsawy Rządowe"],"canonicalAnchor":"osm:way/1093825302","canonicalCountryKey":"PL","capacityMw":0.0,"country":"PL","externalIds":{"osm":"way/1093825302"},"geographyId":"PL-17162690B84565288021286","id":"wattlas-plant-osm-way-1093825302","lifecycleCounts":{"operational":1},"locationPrecision":"exact","name":"Farma Fotowoltaiczna Gąsawy Rządowe","operatingCapacityCoverage":{"coveragePercent":0.0,"knownUnitCount":0,"method":"unavailable","totalUnitCount":0},"operatingCapacityMw":0.0,"operatingCapacityMwByTechnology":{},"plannedCapacityCoverage":{"coveragePercent":0.0,"knownUnitCount":0,"method":"unavailable","totalUnitCount":0},"plannedCapacityMw":0.0,"plannedCapacityMwByTechnology":{},"recordCount":1,"recordIds":["wattlas-record-osm-way-1093825302"],"sourceIds":["openstreetmap-power"],"technologies":["solar"],"technologyMixMw":{"solar":0.0},"unitCount":0,"unitIds":[]},"type":"Feature"},{"geometry":{"coordinates":[18.945426,53.247236],"type":"Point"},"id":"wattlas-plant-osm-way-1098677327","properties":{"aliases":["Farma fotowoltaiczna"],"canonicalAnchor":"osm:way/1098677327","canonicalCountryKey":"PL","capacityMw":0.0,"country":"PL","externalIds":{"osm":"way/1098677327"},"geographyId":"PL-17162690B37876665907262","id":"wattlas-plant-osm-way-1098677327","lifecycleCounts":{"operational":1},"locationPrecision":"exact","name":"Farma fotowoltaiczna","operatingCapacityCoverage":{"coveragePercent":0.0,"knownUnitCount":0,"method":"unavailable","totalUnitCount":0},"operatingCapacityMw":0.0,"operatingCapacityMwByTechnology":{},"plannedCapacityCoverage":{"coveragePercent":0.0,"knownUnitCount":0,"method":"unavailable","totalUnitCount":0},"plannedCapacityMw":0.0,"plannedCapacityMwByTechnology":{},"recordCount":1,"recordIds":["wattlas-record-osm-way-1098677327"],"sourceIds":["openstreetmap-power"],"technologies":["solar"],"technologyMixMw":{"solar":0.0},"unitCount":0,"unitIds":[]},"type":"Feature"},{"geometry":{"coordinates":[20.352125,53.610303],"type":"Point"},"id":"wattlas-plant-osm-way-1103421611","properties":{"aliases":["FOTOWOLTAIKA GRYŹLINY Sp. z o.o."],"canonicalAnchor":"osm:way/1103421611","canonicalCountryKey":"PL","capacityMw":0.0,"country":"PL","externalIds":{"osm":"way/1103421611"},"geographyId":"PL-17162690B18723007704312","id":"wattlas-plant-osm-way-1103421611","lifecycleCounts":{"operational":1},"locationPrecision":"exact","name":"FOTOWOLTAIKA GRYŹLINY Sp. z o.o.","operatingCapacityCoverage":{"coveragePercent":0.0,"knownUnitCount":0,"method":"unavailable","totalUnitCount":0},"operatingCapacityMw":0.0,"operatingCapacityMwByTechnology":{},"plannedCapacityCoverage":{"coveragePercent":0.0,"knownUnitCount":0,"method":"unavailable","totalUnitCount":0},"plannedCapacityMw":0.0,"plannedCapacityMwByTechnology":{},"recordCount":1,"recordIds":["wattlas-record-osm-way-1103421611"],"sourceIds":["openstreetmap-power"],"technologies":["solar"],"technologyMixMw":{"solar":0.0},"unitCount":0,"unitIds":[]},"type":"Feature"},{"geometry":{"coordinates":[18.668523,53.688038],"type":"Point"},"id":"wattlas-plant-osm-way-1104111980","properties":{"aliases":["Farma fotowoltaiczna"],"canonicalAnchor":"osm:way/1104111980","canonicalCountryKey":"PL","capacityMw":0.0,"country":"PL","externalIds":{"osm":"way/1104111980"},"geographyId":"PL-17162690B37876665907262","id":"wattlas-plant-osm-way-1104111980","lifecycleCounts":{"operational":1},"locationPrecision":"exact","name":"Farma fotowoltaiczna","operatingCapacityCoverage":{"coveragePercent":0.0,"knownUnitCount":0,"method":"unavailable","totalUnitCount":0},"operatingCapacityMw":0.0,"operatingCapacityMwByTechnology":{},"plannedCapacityCoverage":{"coveragePercent":0.0,"knownUnitCount":0,"method":"unavailable","totalUnitCount":0},"plannedCapacityMw":0.0,"plannedCapacityMwByTechnology":{},"recordCount":1,"recordIds":["wattlas-record-osm-way-1104111980"],"sourceIds":["openstreetmap-power"],"technologies":["solar"],"technologyMixMw":{"solar":0.0},"unitCount":0,"unitIds":[]},"type":"Feature"},{"geometry":{"coordinates":[22.395606,50.532068],"type":"Point"},"id":"wattlas-plant-osm-way-1106919537","properties":{"aliases":["Farma fotowoltaiczna Golce II"],"canonicalAnchor":"osm:way/1106919537","canonicalCountryKey":"PL","capacityMw":0.0,"country":"PL","externalIds":{"osm":"way/1106919537"},"geographyId":"PL-17162690B44985096553766","id":"wattlas-plant-osm-way-1106919537","lifecycleCounts":{"operational":1},"locationPrecision":"exact","name":"Farma fotowoltaiczna Golce II","operatingCapacityCoverage":{"coveragePercent":0.0,"knownUnitCount":0,"method":"unavailable","totalUnitCount":0},"operatingCapacityMw":0.0,"operatingCapacityMwByTechnology":{},"plannedCapacityCoverage":{"coveragePercent":0.0,"knownUnitCount":0,"method":"unavailable","totalUnitCount":0},"plannedCapacityMw":0.0,"plannedCapacityMwByTechnology":{},"recordCount":1,"recordIds":["wattlas-record-osm-way-1106919537"],"sourceIds":["openstreetmap-power"],"technologies":["solar"],"technologyMixMw":{"solar":0.0},"unitCount":0,"unitIds":[]},"type":"Feature"},{"geometry":{"coordinates":[20.183018,52.121068],"type":"Point"},"id":"wattlas-plant-osm-way-1107992422","properties":{"aliases":["Farma fotowoltaiczna"],"canonicalAnchor":"osm:way/1107992422","canonicalCountryKey":"PL","capacityMw":0.0,"country":"PL","externalIds":{"osm":"way/1107992422"},"geographyId":"PL-17162690B86810837764805","id":"wattlas-plant-osm-way-1107992422","lifecycleCounts":{"operational":1},"locationPrecision":"exact","name":"Farma fotowoltaiczna","operatingCapacityCoverage":{"coveragePercent":0.0,"knownUnitCount":0,"method":"unavailable","totalUnitCount":0},"operatingCapacityMw":0.0,"operatingCapacityMwByTechnology":{},"plannedCapacityCoverage":{"coveragePercent":0.0,"knownUnitCount":0,"method":"unavailable","totalUnitCount":0},"plannedCapacityMw":0.0,"plannedCapacityMwByTechnology":{},"recordCount":1,"recordIds":["wattlas-record-osm-way-1107992422"],"sourceIds":["openstreetmap-power"],"technologies":["solar"],"technologyMixMw":{"solar":0.0},"unitCount":0,"unitIds":[]},"type":"Feature"},{"geometry":{"coordinates":[19.64641,50.127585],"type":"Point"},"id":"wattlas-plant-osm-way-1110504055","properties":{"aliases":["Farma słoneczna"],"canonicalAnchor":"osm:way/1110504055","canonicalCountryKey":"PL","capacityMw":0.0,"country":"PL","externalIds":{"osm":"way/1110504055"},"geographyId":"PL-17162690B67655395900928","id":"wattlas-plant-osm-way-1110504055","lifecycleCounts":{"operational":1},"locationPrecision":"exact","name":"Farma słoneczna","operatingCapacityCoverage":{"coveragePercent":0.0,"knownUnitCount":0,"method":"unavailable","totalUnitCount":0},"operatingCapacityMw":0.0,"operatingCapacityMwByTechnology":{},"plannedCapacityCoverage":{"coveragePercent":0.0,"knownUnitCount":0,"method":"unavailable","totalUnitCount":0},"plannedCapacityMw":0.0,"plannedCapacityMwByTechnology":{},"recordCount":1,"recordIds":["wattlas-record-osm-way-1110504055"],"sourceIds":["openstreetmap-power"],"technologies":["solar"],"technologyMixMw":{"solar":0.0},"unitCount":0,"unitIds":[]},"type":"Feature"},{"geometry":{"coordinates":[19.646786,50.1271],"type":"Point"},"id":"wattlas-plant-osm-way-1110504056","properties":{"aliases":["Farma słoneczna"],"canonicalAnchor":"osm:way/1110504056","canonicalCountryKey":"PL","capacityMw":0.0,"country":"PL","externalIds":{"osm":"way/1110504056"},"geographyId":"PL-17162690B67655395900928","id":"wattlas-plant-osm-way-1110504056","lifecycleCounts":{"operational":1},"locationPrecision":"exact","name":"Farma słoneczna","operatingCapacityCoverage":{"coveragePercent":0.0,"knownUnitCount":0,"method":"unavailable","totalUnitCount":0},"operatingCapacityMw":0.0,"operatingCapacityMwByTechnology":{},"plannedCapacityCoverage":{"coveragePercent":0.0,"knownUnitCount":0,"method":"unavailable","totalUnitCount":0},"plannedCapacityMw":0.0,"plannedCapacityMwByTechnology":{},"recordCount":1,"recordIds":["wattlas-record-osm-way-1110504056"],"sourceIds":["openstreetmap-power"],"technologies":["solar"],"technologyMixMw":{"solar":0.0},"unitCount":0,"unitIds":[]},"type":"Feature"},{"geometry":{"coordinates":[21.685786,51.390781],"type":"Point"},"id":"wattlas-plant-osm-way-1112143794","properties":{"aliases":["EF Władysławów"],"canonicalAnchor":"osm:way/1112143794","canonicalCountryKey":"PL","capacityMw":0.0,"country":"PL","externalIds":{"osm":"way/1112143794"},"geographyId":"PL-17162690B84565288021286","id":"wattlas-plant-osm-way-1112143794","lifecycleCounts":{"operational":1},"locationPrecision":"exact","name":"EF Władysławów","operatingCapacityCoverage":{"coveragePercent":0.0,"knownUnitCount":0,"method":"unavailable","totalUnitCount":0},"operatingCapacityMw":0.0,"operatingCapacityMwByTechnology":{},"plannedCapacityCoverage":{"coveragePercent":0.0,"knownUnitCount":0,"method":"unavailable","totalUnitCount":0},"plannedCapacityMw":0.0,"plannedCapacityMwByTechnology":{},"recordCount":1,"recordIds":["wattlas-record-osm-way-1112143794"],"sourceIds":["openstreetmap-power"],"technologies":["solar"],"technologyMixMw":{"solar":0.0},"unitCount":0,"unitIds":[]},"type":"Feature"},{"geometry":{"coordinates":[22.842012,49.994444],"type":"Point"},"id":"wattlas-plant-osm-way-1115205848","properties":{"aliases":["Farma fotowoltaiczna"],"canonicalAnchor":"osm:way/1115205848","canonicalCountryKey":"PL","capacityMw":0.0,"country":"PL","externalIds":{"osm":"way/1115205848"},"geographyId":"PL-17162690B44985096553766","id":"wattlas-plant-osm-way-1115205848","lifecycleCounts":{"operational":1},"locationPrecision":"exact","name":"Farma fotowoltaiczna","operatingCapacityCoverage":{"coveragePercent":0.0,"knownUnitCount":0,"method":"unavailable","totalUnitCount":0},"operatingCapacityMw":0.0,"operatingCapacityMwByTechnology":{},"plannedCapacityCoverage":{"coveragePercent":0.0,"knownUnitCount":0,"method":"unavailable","totalUnitCount":0},"plannedCapacityMw":0.0,"plannedCapacityMwByTechnology":{},"recordCount":1,"recordIds":["wattlas-record-osm-way-1115205848"],"sourceIds":["openstreetmap-power"],"technologies":["solar"],"technologyMixMw":{"solar":0.0},"unitCount":0,"unitIds":[]},"type":"Feature"},{"geometry":{"coordinates":[15.007793,51.143338],"type":"Point"},"id":"wattlas-plant-osm-way-1116371793","properties":{"aliases":["Mapped power plant · OSM 1116371793"],"canonicalAnchor":"osm:way/1116371793","canonicalCountryKey":"PL","capacityMw":0.0,"country":"PL","externalIds":{"osm":"way/1116371793"},"geographyId":"PL-17162690B9130125042960","id":"wattlas-plant-osm-way-1116371793","lifecycleCounts":{"operational":1},"locationPrecision":"exact","name":"Mapped power plant · OSM 1116371793","operatingCapacityCoverage":{"coveragePercent":0.0,"knownUnitCount":0,"method":"unavailable","totalUnitCount":0},"operatingCapacityMw":0.0,"operatingCapacityMwByTechnology":{},"plannedCapacityCoverage":{"coveragePercent":0.0,"knownUnitCount":0,"method":"unavailable","totalUnitCount":0},"plannedCapacityMw":0.0,"plannedCapacityMwByTechnology":{},"recordCount":1,"recordIds":["wattlas-record-osm-way-1116371793"],"sourceIds":["openstreetmap-power"],"technologies":["solar"],"technologyMixMw":{"solar":0.0},"unitCount":0,"unitIds":[]},"type":"Feature"},{"geometry":{"coordinates":[16.536303,51.455159],"type":"Point"},"id":"wattlas-plant-osm-way-1120008963","properties":{"aliases":["Farma fotowoltaiczna"],"canonicalAnchor":"osm:way/1120008963","canonicalCountryKey":"PL","capacityMw":0.0,"country":"PL","externalIds":{"osm":"way/1120008963"},"geographyId":"PL-17162690B9130125042960","id":"wattlas-plant-osm-way-1120008963","lifecycleCounts":{"operational":1},"locationPrecision":"exact","name":"Farma fotowoltaiczna","operatingCapacityCoverage":{"coveragePercent":0.0,"knownUnitCount":0,"method":"unavailable","totalUnitCount":0},"operatingCapacityMw":0.0,"operatingCapacityMwByTechnology":{},"plannedCapacityCoverage":{"coveragePercent":0.0,"knownUnitCount":0,"method":"unavailable","totalUnitCount":0},"plannedCapacityMw":0.0,"plannedCapacityMwByTechnology":{},"recordCount":1,"recordIds":["wattlas-record-osm-way-1120008963"],"sourceIds":["openstreetmap-power"],"technologies":["solar"],"technologyMixMw":{"solar":0.0},"unitCount":0,"unitIds":[]},"type":"Feature"},{"geometry":{"coordinates":[21.822492,50.540406],"type":"Point"},"id":"wattlas-plant-osm-way-1120219471","properties":{"aliases":["Instalacja Fotowoltaiczna PV Jeziórko 1 - Obszar VI"],"canonicalAnchor":"osm:way/1120219471","canonicalCountryKey":"PL","capacityMw":0.0,"country":"PL","externalIds":{"osm":"way/1120219471"},"geographyId":"PL-17162690B44985096553766","id":"wattlas-plant-osm-way-1120219471","lifecycleCounts":{"operational":1},"locationPrecision":"exact","name":"Instalacja Fotowoltaiczna PV Jeziórko 1 - Obszar VI","operatingCapacityCoverage":{"coveragePercent":0.0,"knownUnitCount":0,"method":"unavailable","totalUnitCount":0},"operatingCapacityMw":0.0,"operatingCapacityMwByTechnology":{},"plannedCapacityCoverage":{"coveragePercent":0.0,"knownUnitCount":0,"method":"unavailable","totalUnitCount":0},"plannedCapacityMw":0.0,"plannedCapacityMwByTechnology":{},"recordCount":1,"recordIds":["wattlas-record-osm-way-1120219471"],"sourceIds":["openstreetmap-power"],"technologies":["solar"],"technologyMixMw":{"solar":0.0},"unitCount":0,"unitIds":[]},"type":"Feature"},{"geometry":{"coordinates":[21.822904,50.53723],"type":"Point"},"id":"wattlas-plant-osm-way-1120221454","properties":{"aliases":["Instalacja Fotowoltaiczna PV Jeziórko 1 - Obszar VIII"],"canonicalAnchor":"osm:way/1120221454","canonicalCountryKey":"PL","capacityMw":0.0,"country":"PL","externalIds":{"osm":"way/1120221454"},"geographyId":"PL-17162690B44985096553766","id":"wattlas-plant-osm-way-1120221454","lifecycleCounts":{"operational":1},"locationPrecision":"exact","name":"Instalacja Fotowoltaiczna PV Jeziórko 1 - Obszar VIII","operatingCapacityCoverage":{"coveragePercent":0.0,"knownUnitCount":0,"method":"unavailable","totalUnitCount":0},"operatingCapacityMw":0.0,"operatingCapacityMwByTechnology":{},"plannedCapacityCoverage":{"coveragePercent":0.0,"knownUnitCount":0,"method":"unavailable","totalUnitCount":0},"plannedCapacityMw":0.0,"plannedCapacityMwByTechnology":{},"recordCount":1,"recordIds":["wattlas-record-osm-way-1120221454"],"sourceIds":["openstreetmap-power"],"technologies":["solar"],"technologyMixMw":{"solar":0.0},"unitCount":0,"unitIds":[]},"type":"Feature"},{"geometry":{"coordinates":[21.825288,50.537691],"type":"Point"},"id":"wattlas-plant-osm-way-1120221740","properties":{"aliases":["Instalacja Fotowoltaiczna PV Jeziórko 1 - Obszar IX"],"canonicalAnchor":"osm:way/1120221740","canonicalCountryKey":"PL","capacityMw":0.0,"country":"PL","externalIds":{"osm":"way/1120221740"},"geographyId":"PL-17162690B44985096553766","id":"wattlas-plant-osm-way-1120221740","lifecycleCounts":{"operational":1},"locationPrecision":"exact","name":"Instalacja Fotowoltaiczna PV Jeziórko 1 - Obszar IX","operatingCapacityCoverage":{"coveragePercent":0.0,"knownUnitCount":0,"method":"unavailable","totalUnitCount":0},"operatingCapacityMw":0.0,"operatingCapacityMwByTechnology":{},"plannedCapacityCoverage":{"coveragePercent":0.0,"knownUnitCount":0,"method":"unavailable","totalUnitCount":0},"plannedCapacityMw":0.0,"plannedCapacityMwByTechnology":{},"recordCount":1,"recordIds":["wattlas-record-osm-way-1120221740"],"sourceIds":["openstreetmap-power"],"technologies":["solar"],"technologyMixMw":{"solar":0.0},"unitCount":0,"unitIds":[]},"type":"Feature"},{"geometry":{"coordinates":[21.823066,50.544044],"type":"Point"},"id":"wattlas-plant-osm-way-1120225705","properties":{"aliases":["Instalacja Fotowoltaiczna PV Jeziórko 1 - Obszar IV"],"canonicalAnchor":"osm:way/1120225705","canonicalCountryKey":"PL","capacityMw":0.0,"country":"PL","externalIds":{"osm":"way/1120225705"},"geographyId":"PL-17162690B44985096553766","id":"wattlas-plant-osm-way-1120225705","lifecycleCounts":{"operational":1},"locationPrecision":"exact","name":"Instalacja Fotowoltaiczna PV Jeziórko 1 - Obszar IV","operatingCapacityCoverage":{"coveragePercent":0.0,"knownUnitCount":0,"method":"unavailable","totalUnitCount":0},"operatingCapacityMw":0.0,"operatingCapacityMwByTechnology":{},"plannedCapacityCoverage":{"coveragePercent":0.0,"knownUnitCount":0,"method":"unavailable","totalUnitCount":0},"plannedCapacityMw":0.0,"plannedCapacityMwByTechnology":{},"recordCount":1,"recordIds":["wattlas-record-osm-way-1120225705"],"sourceIds":["openstreetmap-power"],"technologies":["solar"],"technologyMixMw":{"solar":0.0},"unitCount":0,"unitIds":[]},"type":"Feature"},{"geometry":{"coordinates":[21.815592,50.563888],"type":"Point"},"id":"wattlas-plant-osm-way-1120226988","properties":{"aliases":["Instalacja Fotowoltaiczna PV Jeziórko 1 - Obszar II"],"canonicalAnchor":"osm:way/1120226988","canonicalCountryKey":"PL","capacityMw":0.0,"country":"PL","externalIds":{"osm":"way/1120226988"},"geographyId":"PL-17162690B44985096553766","id":"wattlas-plant-osm-way-1120226988","lifecycleCounts":{"operational":1},"locationPrecision":"exact","name":"Instalacja Fotowoltaiczna PV Jeziórko 1 - Obszar II","operatingCapacityCoverage":{"coveragePercent":0.0,"knownUnitCount":0,"method":"unavailable","totalUnitCount":0},"operatingCapacityMw":0.0,"operatingCapacityMwByTechnology":{},"plannedCapacityCoverage":{"coveragePercent":0.0,"knownUnitCount":0,"method":"unavailable","totalUnitCount":0},"plannedCapacityMw":0.0,"plannedCapacityMwByTechnology":{},"recordCount":1,"recordIds":["wattlas-record-osm-way-1120226988"],"sourceIds":["openstreetmap-power"],"technologies":["solar"],"technologyMixMw":{"solar":0.0},"unitCount":0,"unitIds":[]},"type":"Feature"},{"geometry":{"coordinates":[17.401916,51.183383],"type":"Point"},"id":"wattlas-plant-osm-way-1123098611","properties":{"aliases":["Farma fotowoltaiczna"],"canonicalAnchor":"osm:way/1123098611","canonicalCountryKey":"PL","capacityMw":0.0,"country":"PL","externalIds":{"osm":"way/1123098611"},"geographyId":"PL-17162690B9130125042960","id":"wattlas-plant-osm-way-1123098611","lifecycleCounts":{"operational":1},"locationPrecision":"exact","name":"Farma fotowoltaiczna","operatingCapacityCoverage":{"coveragePercent":0.0,"knownUnitCount":0,"method":"unavailable","totalUnitCount":0},"operatingCapacityMw":0.0,"operatingCapacityMwByTechnology":{},"plannedCapacityCoverage":{"coveragePercent":0.0,"knownUnitCount":0,"method":"unavailable","totalUnitCount":0},"plannedCapacityMw":0.0,"plannedCapacityMwByTechnology":{},"recordCount":1,"recordIds":["wattlas-record-osm-way-1123098611"],"sourceIds":["openstreetmap-power"],"technologies":["solar"],"technologyMixMw":{"solar":0.0},"unitCount":0,"unitIds":[]},"type":"Feature"},{"geometry":{"coordinates":[18.946143,50.860878],"type":"Point"},"id":"wattlas-plant-osm-way-1123304449","properties":{"aliases":["Photovoltaic"],"canonicalAnchor":"osm:way/1123304449","canonicalCountryKey":"PL","capacityMw":0.0,"country":"PL","externalIds":{"osm":"way/1123304449"},"geographyId":"PL-17162690B16879770934003","id":"wattlas-plant-osm-way-1123304449","lifecycleCounts":{"operational":1},"locationPrecision":"exact","name":"Photovoltaic","operatingCapacityCoverage":{"coveragePercent":0.0,"knownUnitCount":0,"method":"unavailable","totalUnitCount":0},"operatingCapacityMw":0.0,"operatingCapacityMwByTechnology":{},"plannedCapacityCoverage":{"coveragePercent":0.0,"knownUnitCount":0,"method":"unavailable","totalUnitCount":0},"plannedCapacityMw":0.0,"plannedCapacityMwByTechnology":{},"recordCount":1,"recordIds":["wattlas-record-osm-way-1123304449"],"sourceIds":["openstreetmap-power"],"technologies":["solar"],"technologyMixMw":{"solar":0.0},"unitCount":0,"unitIds":[]},"type":"Feature"},{"geometry":{"coordinates":[20.605736,50.50568],"type":"Point"},"id":"wattlas-plant-osm-way-1125491185","properties":{"aliases":["Farma fotowoltaiczna"],"canonicalAnchor":"osm:way/1125491185","canonicalCountryKey":"PL","capacityMw":0.0,"country":"PL","externalIds":{"osm":"way/1125491185"},"geographyId":"PL-17162690B20834640531728","id":"wattlas-plant-osm-way-1125491185","lifecycleCounts":{"operational":1},"locationPrecision":"exact","name":"Farma fotowoltaiczna","operatingCapacityCoverage":{"coveragePercent":0.0,"knownUnitCount":0,"method":"unavailable","totalUnitCount":0},"operatingCapacityMw":0.0,"operatingCapacityMwByTechnology":{},"plannedCapacityCoverage":{"coveragePercent":0.0,"knownUnitCount":0,"method":"unavailable","totalUnitCount":0},"plannedCapacityMw":0.0,"plannedCapacityMwByTechnology":{},"recordCount":1,"recordIds":["wattlas-record-osm-way-1125491185"],"sourceIds":["openstreetmap-power"],"technologies":["solar"],"technologyMixMw":{"solar":0.0},"unitCount":0,"unitIds":[]},"type":"Feature"},{"geometry":{"coordinates":[16.661867,54.056401],"type":"Point"},"id":"wattlas-plant-osm-way-1125505638","properties":{"aliases":["Farma fotowoltaiczna"],"canonicalAnchor":"osm:way/1125505638","canonicalCountryKey":"PL","capacityMw":0.0,"country":"PL","externalIds":{"osm":"way/1125505638"},"geographyId":"PL-17162690B34878575347312","id":"wattlas-plant-osm-way-1125505638","lifecycleCounts":{"operational":1},"locationPrecision":"exact","name":"Farma fotowoltaiczna","operatingCapacityCoverage":{"coveragePercent":0.0,"knownUnitCount":0,"method":"unavailable","totalUnitCount":0},"operatingCapacityMw":0.0,"operatingCapacityMwByTechnology":{},"plannedCapacityCoverage":{"coveragePercent":0.0,"knownUnitCount":0,"method":"unavailable","totalUnitCount":0},"plannedCapacityMw":0.0,"plannedCapacityMwByTechnology":{},"recordCount":1,"recordIds":["wattlas-record-osm-way-1125505638"],"sourceIds":["openstreetmap-power"],"technologies":["solar"],"technologyMixMw":{"solar":0.0},"unitCount":0,"unitIds":[]},"type":"Feature"},{"geometry":{"coordinates":[16.700807,54.04647],"type":"Point"},"id":"wattlas-plant-osm-way-1125505721","properties":{"aliases":["Farma fotowoltaiczna \"Polanów Solar Park\""],"canonicalAnchor":"osm:way/1125505721","canonicalCountryKey":"PL","capacityMw":0.0,"country":"PL","externalIds":{"osm":"way/1125505721"},"geographyId":"PL-17162690B34878575347312","id":"wattlas-plant-osm-way-1125505721","lifecycleCounts":{"operational":1},"locationPrecision":"exact","name":"Farma fotowoltaiczna \"Polanów Solar Park\"","operatingCapacityCoverage":{"coveragePercent":0.0,"knownUnitCount":0,"method":"unavailable","totalUnitCount":0},"operatingCapacityMw":0.0,"operatingCapacityMwByTechnology":{},"plannedCapacityCoverage":{"coveragePercent":0.0,"knownUnitCount":0,"method":"unavailable","totalUnitCount":0},"plannedCapacityMw":0.0,"plannedCapacityMwByTechnology":{},"recordCount":1,"recordIds":["wattlas-record-osm-way-1125505721"],"sourceIds":["openstreetmap-power"],"technologies":["solar"],"technologyMixMw":{"solar":0.0},"unitCount":0,"unitIds":[]},"type":"Feature"},{"geometry":{"coordinates":[15.433579,53.193904],"type":"Point"},"id":"wattlas-plant-osm-way-1125508282","properties":{"aliases":["Farma fotowoltaiczna"],"canonicalAnchor":"osm:way/1125508282","canonicalCountryKey":"PL","capacityMw":0.0,"country":"PL","externalIds":{"osm":"way/1125508282"},"geographyId":"PL-17162690B34878575347312","id":"wattlas-plant-osm-way-1125508282","lifecycleCounts":{"operational":1},"locationPrecision":"exact","name":"Farma fotowoltaiczna","operatingCapacityCoverage":{"coveragePercent":0.0,"knownUnitCount":0,"method":"unavailable","totalUnitCount":0},"operatingCapacityMw":0.0,"operatingCapacityMwByTechnology":{},"plannedCapacityCoverage":{"coveragePercent":0.0,"knownUnitCount":0,"method":"unavailable","totalUnitCount":0},"plannedCapacityMw":0.0,"plannedCapacityMwByTechnology":{},"recordCount":1,"recordIds":["wattlas-record-osm-way-1125508282"],"sourceIds":["openstreetmap-power"],"technologies":["solar"],"technologyMixMw":{"solar":0.0},"unitCount":0,"unitIds":[]},"type":"Feature"},{"geometry":{"coordinates":[14.96802,51.382353],"type":"Point"},"id":"wattlas-plant-osm-way-1126169693","properties":{"aliases":["Wasserkraftwerk Lodenau"],"canonicalAnchor":"osm:way/1126169693","canonicalCountryKey":"PL","capacityMw":0.0,"country":"PL","externalIds":{"osm":"way/1126169693"},"geographyId":"PL-17162690B87710404837799","id":"wattlas-plant-osm-way-1126169693","lifecycleCounts":{"operational":1},"locationPrecision":"exact","name":"Wasserkraftwerk Lodenau","operatingCapacityCoverage":{"coveragePercent":0.0,"knownUnitCount":0,"method":"unavailable","totalUnitCount":0},"operatingCapacityMw":0.0,"operatingCapacityMwByTechnology":{},"plannedCapacityCoverage":{"coveragePercent":0.0,"knownUnitCount":0,"method":"unavailable","totalUnitCount":0},"plannedCapacityMw":0.0,"plannedCapacityMwByTechnology":{},"recordCount":1,"recordIds":["wattlas-record-osm-way-1126169693"],"sourceIds":["openstreetmap-power"],"technologies":["hydro"],"technologyMixMw":{"hydro":0.0},"unitCount":0,"unitIds":[]},"type":"Feature"},{"geometry":{"coordinates":[18.868256,53.988762],"type":"Point"},"id":"wattlas-plant-osm-way-1126450322","properties":{"aliases":["Biogazownia"],"canonicalAnchor":"osm:way/1126450322","canonicalCountryKey":"PL","capacityMw":0.0,"country":"PL","externalIds":{"osm":"way/1126450322"},"geographyId":"PL-17162690B77437931625010","id":"wattlas-plant-osm-way-1126450322","lifecycleCounts":{"operational":1},"locationPrecision":"exact","name":"Biogazownia","operatingCapacityCoverage":{"coveragePercent":0.0,"knownUnitCount":0,"method":"unavailable","totalUnitCount":0},"operatingCapacityMw":0.0,"operatingCapacityMwByTechnology":{},"plannedCapacityCoverage":{"coveragePercent":0.0,"knownUnitCount":0,"method":"unavailable","totalUnitCount":0},"plannedCapacityMw":0.0,"plannedCapacityMwByTechnology":{},"recordCount":1,"recordIds":["wattlas-record-osm-way-1126450322"],"sourceIds":["openstreetmap-power"],"technologies":["gas"],"technologyMixMw":{"gas":0.0},"unitCount":0,"unitIds":[]},"type":"Feature"},{"geometry":{"coordinates":[18.730473,53.455706],"type":"Point"},"id":"wattlas-plant-osm-way-1132532338","properties":{"aliases":["Mapped power plant · OSM 1132532338"],"canonicalAnchor":"osm:way/1132532338","canonicalCountryKey":"PL","capacityMw":0.0,"country":"PL","externalIds":{"osm":"way/1132532338"},"geographyId":"PL-17162690B37876665907262","id":"wattlas-plant-osm-way-1132532338","lifecycleCounts":{"operational":1},"locationPrecision":"exact","name":"Mapped power plant · OSM 1132532338","operatingCapacityCoverage":{"coveragePercent":0.0,"knownUnitCount":0,"method":"unavailable","totalUnitCount":0},"operatingCapacityMw":0.0,"operatingCapacityMwByTechnology":{},"plannedCapacityCoverage":{"coveragePercent":0.0,"knownUnitCount":0,"method":"unavailable","totalUnitCount":0},"plannedCapacityMw":0.0,"plannedCapacityMwByTechnology":{},"recordCount":1,"recordIds":["wattlas-record-osm-way-1132532338"],"sourceIds":["openstreetmap-power"],"technologies":["solar"],"technologyMixMw":{"solar":0.0},"unitCount":0,"unitIds":[]},"type":"Feature"},{"geometry":{"coordinates":[21.493729,54.319042],"type":"Point"},"id":"wattlas-plant-osm-way-1133932272","properties":{"aliases":["Biogazownia"],"canonicalAnchor":"osm:way/1133932272","canonicalCountryKey":"PL","capacityMw":0.0,"country":"PL","externalIds":{"osm":"way/1133932272"},"geographyId":"PL-17162690B18723007704312","id":"wattlas-plant-osm-way-1133932272","lifecycleCounts":{"operational":1},"locationPrecision":"exact","name":"Biogazownia","operatingCapacityCoverage":{"coveragePercent":0.0,"knownUnitCount":0,"method":"unavailable","totalUnitCount":0},"operatingCapacityMw":0.0,"operatingCapacityMwByTechnology":{},"plannedCapacityCoverage":{"coveragePercent":0.0,"knownUnitCount":0,"method":"unavailable","totalUnitCount":0},"plannedCapacityMw":0.0,"plannedCapacityMwByTechnology":{},"recordCount":1,"recordIds":["wattlas-record-osm-way-1133932272"],"sourceIds":["openstreetmap-power"],"technologies":["gas"],"technologyMixMw":{"gas":0.0},"unitCount":0,"unitIds":[]},"type":"Feature"},{"geometry":{"coordinates":[20.280304,52.278326],"type":"Point"},"id":"wattlas-plant-osm-way-1134661688","properties":{"aliases":["Farma fotowoltaiczna"],"canonicalAnchor":"osm:way/1134661688","canonicalCountryKey":"PL","capacityMw":0.0,"country":"PL","externalIds":{"osm":"way/1134661688"},"geographyId":"PL-17162690B84565288021286","id":"wattlas-plant-osm-way-1134661688","lifecycleCounts":{"operational":1},"locationPrecision":"exact","name":"Farma fotowoltaiczna","operatingCapacityCoverage":{"coveragePercent":0.0,"knownUnitCount":0,"method":"unavailable","totalUnitCount":0},"operatingCapacityMw":0.0,"operatingCapacityMwByTechnology":{},"plannedCapacityCoverage":{"coveragePercent":0.0,"knownUnitCount":0,"method":"unavailable","totalUnitCount":0},"plannedCapacityMw":0.0,"plannedCapacityMwByTechnology":{},"recordCount":1,"recordIds":["wattlas-record-osm-way-1134661688"],"sourceIds":["openstreetmap-power"],"technologies":["solar"],"technologyMixMw":{"solar":0.0},"unitCount":0,"unitIds":[]},"type":"Feature"},{"geometry":{"coordinates":[22.456906,51.653235],"type":"Point"},"id":"wattlas-plant-osm-way-1136163984","properties":{"aliases":["Elektrownia fotowoltaiczna PTU Elektra"],"canonicalAnchor":"osm:way/1136163984","canonicalCountryKey":"PL","capacityMw":0.0,"country":"PL","externalIds":{"osm":"way/1136163984"},"geographyId":"PL-17162690B69262761487853","id":"wattlas-plant-osm-way-1136163984","lifecycleCounts":{"operational":1},"locationPrecision":"exact","name":"Elektrownia fotowoltaiczna PTU Elektra","operatingCapacityCoverage":{"coveragePercent":0.0,"knownUnitCount":0,"method":"unavailable","totalUnitCount":0},"operatingCapacityMw":0.0,"operatingCapacityMwByTechnology":{},"plannedCapacityCoverage":{"coveragePercent":0.0,"knownUnitCount":0,"method":"unavailable","totalUnitCount":0},"plannedCapacityMw":0.0,"plannedCapacityMwByTechnology":{},"recordCount":1,"recordIds":["wattlas-record-osm-way-1136163984"],"sourceIds":["openstreetmap-power"],"technologies":["solar"],"technologyMixMw":{"solar":0.0},"unitCount":0,"unitIds":[]},"type":"Feature"},{"geometry":{"coordinates":[18.652542,52.014611],"type":"Point"},"id":"wattlas-plant-osm-way-1138658915","properties":{"aliases":["PV Gryf"],"canonicalAnchor":"osm:way/1138658915","canonicalCountryKey":"PL","capacityMw":20.0,"country":"PL","externalIds":{"osm":"way/1138658915"},"geographyId":"PL-17162690B71775569625336","id":"wattlas-plant-osm-way-1138658915","lifecycleCounts":{"operational":1},"locationPrecision":"exact","name":"PV Gryf","operatingCapacityCoverage":{"coveragePercent":100.0,"knownUnitCount":0,"method":"plant_aggregate","provenance":{"evidenceCount":0,"recordIds":["wattlas-record-osm-way-1138658915"],"sourceIds":["openstreetmap-power"],"sourceTypes":["community_mapped"],"valueKind":"reported"},"totalUnitCount":0},"operatingCapacityMw":20.0,"operatingCapacityMwByTechnology":{"solar":20.0},"plannedCapacityCoverage":{"coveragePercent":0.0,"knownUnitCount":0,"method":"unavailable","totalUnitCount":0},"plannedCapacityMw":0.0,"plannedCapacityMwByTechnology":{},"recordCount":1,"recordIds":["wattlas-record-osm-way-1138658915"],"sourceIds":["openstreetmap-power"],"technologies":["solar"],"technologyMixMw":{"solar":20.0},"unitCount":0,"unitIds":[]},"type":"Feature"},{"geometry":{"coordinates":[21.84746,54.020434],"type":"Point"},"id":"wattlas-plant-osm-way-1144157449","properties":{"aliases":["Mapped power plant · OSM 1144157449"],"canonicalAnchor":"osm:way/1144157449","canonicalCountryKey":"PL","capacityMw":9.0,"country":"PL","externalIds":{"osm":"way/1144157449"},"geographyId":"PL-17162690B18723007704312","id":"wattlas-plant-osm-way-1144157449","lifecycleCounts":{"operational":1},"locationPrecision":"exact","name":"Mapped power plant · OSM 1144157449","operatingCapacityCoverage":{"coveragePercent":100.0,"knownUnitCount":0,"method":"plant_aggregate","provenance":{"evidenceCount":0,"recordIds":["wattlas-record-osm-way-1144157449"],"sourceIds":["openstreetmap-power"],"sourceTypes":["community_mapped"],"valueKind":"reported"},"totalUnitCount":0},"operatingCapacityMw":9.0,"operatingCapacityMwByTechnology":{"solar":9.0},"plannedCapacityCoverage":{"coveragePercent":0.0,"knownUnitCount":0,"method":"unavailable","totalUnitCount":0},"plannedCapacityMw":0.0,"plannedCapacityMwByTechnology":{},"recordCount":1,"recordIds":["wattlas-record-osm-way-1144157449"],"sourceIds":["openstreetmap-power"],"technologies":["solar"],"technologyMixMw":{"solar":9.0},"unitCount":0,"unitIds":[]},"type":"Feature"},{"geometry":{"coordinates":[20.241011,50.650411],"type":"Point"},"id":"wattlas-plant-osm-way-1144798022","properties":{"aliases":["Farma Fotowoltaiczna Sudół"],"canonicalAnchor":"osm:way/1144798022","canonicalCountryKey":"PL","capacityMw":0.0,"country":"PL","externalIds":{"osm":"way/1144798022"},"geographyId":"PL-17162690B20834640531728","id":"wattlas-plant-osm-way-1144798022","lifecycleCounts":{"operational":1},"locationPrecision":"exact","name":"Farma Fotowoltaiczna Sudół","operatingCapacityCoverage":{"coveragePercent":0.0,"knownUnitCount":0,"method":"unavailable","totalUnitCount":0},"operatingCapacityMw":0.0,"operatingCapacityMwByTechnology":{},"plannedCapacityCoverage":{"coveragePercent":0.0,"knownUnitCount":0,"method":"unavailable","totalUnitCount":0},"plannedCapacityMw":0.0,"plannedCapacityMwByTechnology":{},"recordCount":1,"recordIds":["wattlas-record-osm-way-1144798022"],"sourceIds":["openstreetmap-power"],"technologies":["solar"],"technologyMixMw":{"solar":0.0},"unitCount":0,"unitIds":[]},"type":"Feature"},{"geometry":{"coordinates":[18.371972,53.965402],"type":"Point"},"id":"wattlas-plant-osm-way-1144923275","properties":{"aliases":["Farma fotowoltaiczna"],"canonicalAnchor":"osm:way/1144923275","canonicalCountryKey":"PL","capacityMw":0.0,"country":"PL","externalIds":{"osm":"way/1144923275"},"geographyId":"PL-17162690B77437931625010","id":"wattlas-plant-osm-way-1144923275","lifecycleCounts":{"operational":1},"locationPrecision":"exact","name":"Farma fotowoltaiczna","operatingCapacityCoverage":{"coveragePercent":0.0,"knownUnitCount":0,"method":"unavailable","totalUnitCount":0},"operatingCapacityMw":0.0,"operatingCapacityMwByTechnology":{},"plannedCapacityCoverage":{"coveragePercent":0.0,"knownUnitCount":0,"method":"unavailable","totalUnitCount":0},"plannedCapacityMw":0.0,"plannedCapacityMwByTechnology":{},"recordCount":1,"recordIds":["wattlas-record-osm-way-1144923275"],"sourceIds":["openstreetmap-power"],"technologies":["solar"],"technologyMixMw":{"solar":0.0},"unitCount":0,"unitIds":[]},"type":"Feature"},{"geometry":{"coordinates":[18.673118,53.794425],"type":"Point"},"id":"wattlas-plant-osm-way-1145294144","properties":{"aliases":["Farma fotowoltaiczna"],"canonicalAnchor":"osm:way/1145294144","canonicalCountryKey":"PL","capacityMw":0.0,"country":"PL","externalIds":{"osm":"way/1145294144"},"geographyId":"PL-17162690B77437931625010","id":"wattlas-plant-osm-way-1145294144","lifecycleCounts":{"operational":1},"locationPrecision":"exact","name":"Farma fotowoltaiczna","operatingCapacityCoverage":{"coveragePercent":0.0,"knownUnitCount":0,"method":"unavailable","totalUnitCount":0},"operatingCapacityMw":0.0,"operatingCapacityMwByTechnology":{},"plannedCapacityCoverage":{"coveragePercent":0.0,"knownUnitCount":0,"method":"unavailable","totalUnitCount":0},"plannedCapacityMw":0.0,"plannedCapacityMwByTechnology":{},"recordCount":1,"recordIds":["wattlas-record-osm-way-1145294144"],"sourceIds":["openstreetmap-power"],"technologies":["solar"],"technologyMixMw":{"solar":0.0},"unitCount":0,"unitIds":[]},"type":"Feature"},{"geometry":{"coordinates":[20.895604,51.119272],"type":"Point"},"id":"wattlas-plant-osm-way-1146515953","properties":{"aliases":["Farma fotowoltaiczna Wtórpol"],"canonicalAnchor":"osm:way/1146515953","canonicalCountryKey":"PL","capacityMw":0.0,"country":"PL","externalIds":{"osm":"way/1146515953"},"geographyId":"PL-17162690B20834640531728","id":"wattlas-plant-osm-way-1146515953","lifecycleCounts":{"operational":1},"locationPrecision":"exact","name":"Farma fotowoltaiczna Wtórpol","operatingCapacityCoverage":{"coveragePercent":0.0,"knownUnitCount":0,"method":"unavailable","totalUnitCount":0},"operatingCapacityMw":0.0,"operatingCapacityMwByTechnology":{},"plannedCapacityCoverage":{"coveragePercent":0.0,"knownUnitCount":0,"method":"unavailable","totalUnitCount":0},"plannedCapacityMw":0.0,"plannedCapacityMwByTechnology":{},"recordCount":1,"recordIds":["wattlas-record-osm-way-1146515953"],"sourceIds":["openstreetmap-power"],"technologies":["solar"],"technologyMixMw":{"solar":0.0},"unitCount":0,"unitIds":[]},"type":"Feature"},{"geometry":{"coordinates":[20.259497,52.200521],"type":"Point"},"id":"wattlas-plant-osm-way-1151595562","properties":{"aliases":["Farma fotowoltaiczna"],"canonicalAnchor":"osm:way/1151595562","canonicalCountryKey":"PL","capacityMw":0.0,"country":"PL","externalIds":{"osm":"way/1151595562"},"geographyId":"PL-17162690B84565288021286","id":"wattlas-plant-osm-way-1151595562","lifecycleCounts":{"operational":1},"locationPrecision":"exact","name":"Farma fotowoltaiczna","operatingCapacityCoverage":{"coveragePercent":0.0,"knownUnitCount":0,"method":"unavailable","totalUnitCount":0},"operatingCapacityMw":0.0,"operatingCapacityMwByTechnology":{},"plannedCapacityCoverage":{"coveragePercent":0.0,"knownUnitCount":0,"method":"unavailable","totalUnitCount":0},"plannedCapacityMw":0.0,"plannedCapacityMwByTechnology":{},"recordCount":1,"recordIds":["wattlas-record-osm-way-1151595562"],"sourceIds":["openstreetmap-power"],"technologies":["solar"],"technologyMixMw":{"solar":0.0},"unitCount":0,"unitIds":[]},"type":"Feature"},{"geometry":{"coordinates":[20.272719,52.186216],"type":"Point"},"id":"wattlas-plant-osm-way-1151598371","properties":{"aliases":["Farma fotowoltaiczna"],"canonicalAnchor":"osm:way/1151598371","canonicalCountryKey":"PL","capacityMw":0.0,"country":"PL","externalIds":{"osm":"way/1151598371"},"geographyId":"PL-17162690B84565288021286","id":"wattlas-plant-osm-way-1151598371","lifecycleCounts":{"operational":1},"locationPrecision":"exact","name":"Farma fotowoltaiczna","operatingCapacityCoverage":{"coveragePercent":0.0,"knownUnitCount":0,"method":"unavailable","totalUnitCount":0},"operatingCapacityMw":0.0,"operatingCapacityMwByTechnology":{},"plannedCapacityCoverage":{"coveragePercent":0.0,"knownUnitCount":0,"method":"unavailable","totalUnitCount":0},"plannedCapacityMw":0.0,"plannedCapacityMwByTechnology":{},"recordCount":1,"recordIds":["wattlas-record-osm-way-1151598371"],"sourceIds":["openstreetmap-power"],"technologies":["solar"],"technologyMixMw":{"solar":0.0},"unitCount":0,"unitIds":[]},"type":"Feature"},{"geometry":{"coordinates":[20.293332,52.182552],"type":"Point"},"id":"wattlas-plant-osm-way-1151598372","properties":{"aliases":["Farma fotowoltaiczna"],"canonicalAnchor":"osm:way/1151598372","canonicalCountryKey":"PL","capacityMw":0.0,"country":"PL","externalIds":{"osm":"way/1151598372"},"geographyId":"PL-17162690B84565288021286","id":"wattlas-plant-osm-way-1151598372","lifecycleCounts":{"operational":1},"locationPrecision":"exact","name":"Farma fotowoltaiczna","operatingCapacityCoverage":{"coveragePercent":0.0,"knownUnitCount":0,"method":"unavailable","totalUnitCount":0},"operatingCapacityMw":0.0,"operatingCapacityMwByTechnology":{},"plannedCapacityCoverage":{"coveragePercent":0.0,"knownUnitCount":0,"method":"unavailable","totalUnitCount":0},"plannedCapacityMw":0.0,"plannedCapacityMwByTechnology":{},"recordCount":1,"recordIds":["wattlas-record-osm-way-1151598372"],"sourceIds":["openstreetmap-power"],"technologies":["solar"],"technologyMixMw":{"solar":0.0},"unitCount":0,"unitIds":[]},"type":"Feature"},{"geometry":{"coordinates":[20.18047,52.208847],"type":"Point"},"id":"wattlas-plant-osm-way-1151610765","properties":{"aliases":["Farma fotowoltaiczna"],"canonicalAnchor":"osm:way/1151610765","canonicalCountryKey":"PL","capacityMw":0.0,"country":"PL","externalIds":{"osm":"way/1151610765"},"geographyId":"PL-17162690B84565288021286","id":"wattlas-plant-osm-way-1151610765","lifecycleCounts":{"operational":1},"locationPrecision":"exact","name":"Farma fotowoltaiczna","operatingCapacityCoverage":{"coveragePercent":0.0,"knownUnitCount":0,"method":"unavailable","totalUnitCount":0},"operatingCapacityMw":0.0,"operatingCapacityMwByTechnology":{},"plannedCapacityCoverage":{"coveragePercent":0.0,"knownUnitCount":0,"method":"unavailable","totalUnitCount":0},"plannedCapacityMw":0.0,"plannedCapacityMwByTechnology":{},"recordCount":1,"recordIds":["wattlas-record-osm-way-1151610765"],"sourceIds":["openstreetmap-power"],"technologies":["solar"],"technologyMixMw":{"solar":0.0},"unitCount":0,"unitIds":[]},"type":"Feature"},{"geometry":{"coordinates":[19.979099,52.299173],"type":"Point"},"id":"wattlas-plant-osm-way-1155233831","properties":{"aliases":["Farma fotowoltaiczna"],"canonicalAnchor":"osm:way/1155233831","canonicalCountryKey":"PL","capacityMw":0.0,"country":"PL","externalIds":{"osm":"way/1155233831"},"geographyId":"PL-17162690B84565288021286","id":"wattlas-plant-osm-way-1155233831","lifecycleCounts":{"operational":1},"locationPrecision":"exact","name":"Farma fotowoltaiczna","operatingCapacityCoverage":{"coveragePercent":0.0,"knownUnitCount":0,"method":"unavailable","totalUnitCount":0},"operatingCapacityMw":0.0,"operatingCapacityMwByTechnology":{},"plannedCapacityCoverage":{"coveragePercent":0.0,"knownUnitCount":0,"method":"unavailable","totalUnitCount":0},"plannedCapacityMw":0.0,"plannedCapacityMwByTechnology":{},"recordCount":1,"recordIds":["wattlas-record-osm-way-1155233831"],"sourceIds":["openstreetmap-power"],"technologies":["solar"],"technologyMixMw":{"solar":0.0},"unitCount":0,"unitIds":[]},"type":"Feature"},{"geometry":{"coordinates":[19.877226,52.312406],"type":"Point"},"id":"wattlas-plant-osm-way-1160273965","properties":{"aliases":["Farma fotowoltaiczna"],"canonicalAnchor":"osm:way/1160273965","canonicalCountryKey":"PL","capacityMw":0.0,"country":"PL","externalIds":{"osm":"way/1160273965"},"geographyId":"PL-17162690B84565288021286","id":"wattlas-plant-osm-way-1160273965","lifecycleCounts":{"operational":1},"locationPrecision":"exact","name":"Farma fotowoltaiczna","operatingCapacityCoverage":{"coveragePercent":0.0,"knownUnitCount":0,"method":"unavailable","totalUnitCount":0},"operatingCapacityMw":0.0,"operatingCapacityMwByTechnology":{},"plannedCapacityCoverage":{"coveragePercent":0.0,"knownUnitCount":0,"method":"unavailable","totalUnitCount":0},"plannedCapacityMw":0.0,"plannedCapacityMwByTechnology":{},"recordCount":1,"recordIds":["wattlas-record-osm-way-1160273965"],"sourceIds":["openstreetmap-power"],"technologies":["solar"],"technologyMixMw":{"solar":0.0},"unitCount":0,"unitIds":[]},"type":"Feature"},{"geometry":{"coordinates":[19.855498,52.348031],"type":"Point"},"id":"wattlas-plant-osm-way-1163729339","properties":{"aliases":["Farma fotowoltaiczna"],"canonicalAnchor":"osm:way/1163729339","canonicalCountryKey":"PL","capacityMw":0.0,"country":"PL","externalIds":{"osm":"way/1163729339"},"geographyId":"PL-17162690B84565288021286","id":"wattlas-plant-osm-way-1163729339","lifecycleCounts":{"operational":1},"locationPrecision":"exact","name":"Farma fotowoltaiczna","operatingCapacityCoverage":{"coveragePercent":0.0,"knownUnitCount":0,"method":"unavailable","totalUnitCount":0},"operatingCapacityMw":0.0,"operatingCapacityMwByTechnology":{},"plannedCapacityCoverage":{"coveragePercent":0.0,"knownUnitCount":0,"method":"unavailable","totalUnitCount":0},"plannedCapacityMw":0.0,"plannedCapacityMwByTechnology":{},"recordCount":1,"recordIds":["wattlas-record-osm-way-1163729339"],"sourceIds":["openstreetmap-power"],"technologies":["solar"],"technologyMixMw":{"solar":0.0},"unitCount":0,"unitIds":[]},"type":"Feature"},{"geometry":{"coordinates":[22.613798,51.576157],"type":"Point"},"id":"wattlas-plant-osm-way-1168448436","properties":{"aliases":["Farma PV ONDE - Ostrówek Wieś"],"canonicalAnchor":"osm:way/1168448436","canonicalCountryKey":"PL","capacityMw":0.0,"country":"PL","externalIds":{"osm":"way/1168448436"},"geographyId":"PL-17162690B69262761487853","id":"wattlas-plant-osm-way-1168448436","lifecycleCounts":{"operational":1},"locationPrecision":"exact","name":"Farma PV ONDE - Ostrówek Wieś","operatingCapacityCoverage":{"coveragePercent":0.0,"knownUnitCount":0,"method":"unavailable","totalUnitCount":0},"operatingCapacityMw":0.0,"operatingCapacityMwByTechnology":{},"plannedCapacityCoverage":{"coveragePercent":0.0,"knownUnitCount":0,"method":"unavailable","totalUnitCount":0},"plannedCapacityMw":0.0,"plannedCapacityMwByTechnology":{},"recordCount":1,"recordIds":["wattlas-record-osm-way-1168448436"],"sourceIds":["openstreetmap-power"],"technologies":["solar"],"technologyMixMw":{"solar":0.0},"unitCount":0,"unitIds":[]},"type":"Feature"},{"geometry":{"coordinates":[14.721784,51.951579],"type":"Point"},"id":"wattlas-plant-osm-way-117383681","properties":{"aliases":["Elektrownia Wodna Gubin"],"canonicalAnchor":"osm:way/117383681","canonicalCountryKey":"PL","capacityMw":1.094,"country":"PL","externalIds":{"osm":"way/117383681"},"geographyId":"PL-17162690B87710404837799","id":"wattlas-plant-osm-way-117383681","lifecycleCounts":{"operational":1},"locationPrecision":"exact","name":"Elektrownia Wodna Gubin","operatingCapacityCoverage":{"coveragePercent":100.0,"knownUnitCount":0,"method":"plant_aggregate","provenance":{"evidenceCount":0,"recordIds":["wattlas-record-osm-way-117383681"],"sourceIds":["openstreetmap-power"],"sourceTypes":["community_mapped"],"valueKind":"reported"},"totalUnitCount":0},"operatingCapacityMw":1.094,"operatingCapacityMwByTechnology":{"hydro":1.094},"plannedCapacityCoverage":{"coveragePercent":0.0,"knownUnitCount":0,"method":"unavailable","totalUnitCount":0},"plannedCapacityMw":0.0,"plannedCapacityMwByTechnology":{},"recordCount":1,"recordIds":["wattlas-record-osm-way-117383681"],"sourceIds":["openstreetmap-power"],"technologies":["hydro"],"technologyMixMw":{"hydro":1.094},"unitCount":0,"unitIds":[]},"type":"Feature"},{"geometry":{"coordinates":[21.904064,53.414961],"type":"Point"},"id":"wattlas-plant-osm-way-1175865522","properties":{"aliases":["PV Kolno V"],"canonicalAnchor":"osm:way/1175865522","canonicalCountryKey":"PL","capacityMw":5.0,"country":"PL","externalIds":{"osm":"way/1175865522"},"geographyId":"PL-17162690B23777949290372","id":"wattlas-plant-osm-way-1175865522","lifecycleCounts":{"operational":1},"locationPrecision":"exact","name":"PV Kolno V","operatingCapacityCoverage":{"coveragePercent":100.0,"knownUnitCount":0,"method":"plant_aggregate","provenance":{"evidenceCount":0,"recordIds":["wattlas-record-osm-way-1175865522"],"sourceIds":["openstreetmap-power"],"sourceTypes":["community_mapped"],"valueKind":"reported"},"totalUnitCount":0},"operatingCapacityMw":5.0,"operatingCapacityMwByTechnology":{"solar":5.0},"plannedCapacityCoverage":{"coveragePercent":0.0,"knownUnitCount":0,"method":"unavailable","totalUnitCount":0},"plannedCapacityMw":0.0,"plannedCapacityMwByTechnology":{},"recordCount":1,"recordIds":["wattlas-record-osm-way-1175865522"],"sourceIds":["openstreetmap-power"],"technologies":["solar"],"technologyMixMw":{"solar":5.0},"unitCount":0,"unitIds":[]},"type":"Feature"},{"geometry":{"coordinates":[21.926996,53.428032],"type":"Point"},"id":"wattlas-plant-osm-way-1175865523","properties":{"aliases":["Mapped power plant · OSM 1175865523"],"canonicalAnchor":"osm:way/1175865523","canonicalCountryKey":"PL","capacityMw":0.0,"country":"PL","externalIds":{"osm":"way/1175865523"},"geographyId":"PL-17162690B23777949290372","id":"wattlas-plant-osm-way-1175865523","lifecycleCounts":{"operational":1},"locationPrecision":"exact","name":"Mapped power plant · OSM 1175865523","operatingCapacityCoverage":{"coveragePercent":0.0,"knownUnitCount":0,"method":"unavailable","totalUnitCount":0},"operatingCapacityMw":0.0,"operatingCapacityMwByTechnology":{},"plannedCapacityCoverage":{"coveragePercent":0.0,"knownUnitCount":0,"method":"unavailable","totalUnitCount":0},"plannedCapacityMw":0.0,"plannedCapacityMwByTechnology":{},"recordCount":1,"recordIds":["wattlas-record-osm-way-1175865523"],"sourceIds":["openstreetmap-power"],"technologies":["solar"],"technologyMixMw":{"solar":0.0},"unitCount":0,"unitIds":[]},"type":"Feature"},{"geometry":{"coordinates":[21.930624,53.42765],"type":"Point"},"id":"wattlas-plant-osm-way-1175865524","properties":{"aliases":["Mapped power plant · OSM 1175865524"],"canonicalAnchor":"osm:way/1175865524","canonicalCountryKey":"PL","capacityMw":1.0,"country":"PL","externalIds":{"osm":"way/1175865524"},"geographyId":"PL-17162690B23777949290372","id":"wattlas-plant-osm-way-1175865524","lifecycleCounts":{"operational":1},"locationPrecision":"exact","name":"Mapped power plant · OSM 1175865524","operatingCapacityCoverage":{"coveragePercent":100.0,"knownUnitCount":0,"method":"plant_aggregate","provenance":{"evidenceCount":0,"recordIds":["wattlas-record-osm-way-1175865524"],"sourceIds":["openstreetmap-power"],"sourceTypes":["community_mapped"],"valueKind":"reported"},"totalUnitCount":0},"operatingCapacityMw":1.0,"operatingCapacityMwByTechnology":{"solar":1.0},"plannedCapacityCoverage":{"coveragePercent":0.0,"knownUnitCount":0,"method":"unavailable","totalUnitCount":0},"plannedCapacityMw":0.0,"plannedCapacityMwByTechnology":{},"recordCount":1,"recordIds":["wattlas-record-osm-way-1175865524"],"sourceIds":["openstreetmap-power"],"technologies":["solar"],"technologyMixMw":{"solar":1.0},"unitCount":0,"unitIds":[]},"type":"Feature"},{"geometry":{"coordinates":[21.944088,53.387653],"type":"Point"},"id":"wattlas-plant-osm-way-1175865526","properties":{"aliases":["Mapped power plant · OSM 1175865526"],"canonicalAnchor":"osm:way/1175865526","canonicalCountryKey":"PL","capacityMw":1.0,"country":"PL","externalIds":{"osm":"way/1175865526"},"geographyId":"PL-17162690B23777949290372","id":"wattlas-plant-osm-way-1175865526","lifecycleCounts":{"operational":1},"locationPrecision":"exact","name":"Mapped power plant · OSM 1175865526","operatingCapacityCoverage":{"coveragePercent":100.0,"knownUnitCount":0,"method":"plant_aggregate","provenance":{"evidenceCount":0,"recordIds":["wattlas-record-osm-way-1175865526"],"sourceIds":["openstreetmap-power"],"sourceTypes":["community_mapped"],"valueKind":"reported"},"totalUnitCount":0},"operatingCapacityMw":1.0,"operatingCapacityMwByTechnology":{"solar":1.0},"plannedCapacityCoverage":{"coveragePercent":0.0,"knownUnitCount":0,"method":"unavailable","totalUnitCount":0},"plannedCapacityMw":0.0,"plannedCapacityMwByTechnology":{},"recordCount":1,"recordIds":["wattlas-record-osm-way-1175865526"],"sourceIds":["openstreetmap-power"],"technologies":["solar"],"technologyMixMw":{"solar":1.0},"unitCount":0,"unitIds":[]},"type":"Feature"},{"geometry":{"coordinates":[21.946112,53.388168],"type":"Point"},"id":"wattlas-plant-osm-way-1175865527","properties":{"aliases":["Mapped power plant · OSM 1175865527"],"canonicalAnchor":"osm:way/1175865527","canonicalCountryKey":"PL","capacityMw":0.0,"country":"PL","externalIds":{"osm":"way/1175865527"},"geographyId":"PL-17162690B23777949290372","id":"wattlas-plant-osm-way-1175865527","lifecycleCounts":{"operational":1},"locationPrecision":"exact","name":"Mapped power plant · OSM 1175865527","operatingCapacityCoverage":{"coveragePercent":0.0,"knownUnitCount":0,"method":"unavailable","totalUnitCount":0},"operatingCapacityMw":0.0,"operatingCapacityMwByTechnology":{},"plannedCapacityCoverage":{"coveragePercent":0.0,"knownUnitCount":0,"method":"unavailable","totalUnitCount":0},"plannedCapacityMw":0.0,"plannedCapacityMwByTechnology":{},"recordCount":1,"recordIds":["wattlas-record-osm-way-1175865527"],"sourceIds":["openstreetmap-power"],"technologies":["solar"],"technologyMixMw":{"solar":0.0},"unitCount":0,"unitIds":[]},"type":"Feature"},{"geometry":{"coordinates":[21.870317,53.323783],"type":"Point"},"id":"wattlas-plant-osm-way-1181093239","properties":{"aliases":["Fotowoltaika"],"canonicalAnchor":"osm:way/1181093239","canonicalCountryKey":"PL","capacityMw":0.0,"country":"PL","externalIds":{"osm":"way/1181093239"},"geographyId":"PL-17162690B23777949290372","id":"wattlas-plant-osm-way-1181093239","lifecycleCounts":{"operational":1},"locationPrecision":"exact","name":"Fotowoltaika","operatingCapacityCoverage":{"coveragePercent":0.0,"knownUnitCount":0,"method":"unavailable","totalUnitCount":0},"operatingCapacityMw":0.0,"operatingCapacityMwByTechnology":{},"plannedCapacityCoverage":{"coveragePercent":0.0,"knownUnitCount":0,"method":"unavailable","totalUnitCount":0},"plannedCapacityMw":0.0,"plannedCapacityMwByTechnology":{},"recordCount":1,"recordIds":["wattlas-record-osm-way-1181093239"],"sourceIds":["openstreetmap-power"],"technologies":["solar"],"technologyMixMw":{"solar":0.0},"unitCount":0,"unitIds":[]},"type":"Feature"},{"geometry":{"coordinates":[23.351148,50.417559],"type":"Point"},"id":"wattlas-plant-osm-way-1181441670","properties":{"aliases":["Farma fotowoltaiczna"],"canonicalAnchor":"osm:way/1181441670","canonicalCountryKey":"PL","capacityMw":0.0,"country":"PL","externalIds":{"osm":"way/1181441670"},"geographyId":"PL-17162690B69262761487853","id":"wattlas-plant-osm-way-1181441670","lifecycleCounts":{"operational":1},"locationPrecision":"exact","name":"Farma fotowoltaiczna","operatingCapacityCoverage":{"coveragePercent":0.0,"knownUnitCount":0,"method":"unavailable","totalUnitCount":0},"operatingCapacityMw":0.0,"operatingCapacityMwByTechnology":{},"plannedCapacityCoverage":{"coveragePercent":0.0,"knownUnitCount":0,"method":"unavailable","totalUnitCount":0},"plannedCapacityMw":0.0,"plannedCapacityMwByTechnology":{},"recordCount":1,"recordIds":["wattlas-record-osm-way-1181441670"],"sourceIds":["openstreetmap-power"],"technologies":["solar"],"technologyMixMw":{"solar":0.0},"unitCount":0,"unitIds":[]},"type":"Feature"},{"geometry":{"coordinates":[23.349516,50.433426],"type":"Point"},"id":"wattlas-plant-osm-way-1181441732","properties":{"aliases":["Farma fotowoltaiczna"],"canonicalAnchor":"osm:way/1181441732","canonicalCountryKey":"PL","capacityMw":0.0,"country":"PL","externalIds":{"osm":"way/1181441732"},"geographyId":"PL-17162690B69262761487853","id":"wattlas-plant-osm-way-1181441732","lifecycleCounts":{"operational":1},"locationPrecision":"exact","name":"Farma fotowoltaiczna","operatingCapacityCoverage":{"coveragePercent":0.0,"knownUnitCount":0,"method":"unavailable","totalUnitCount":0},"operatingCapacityMw":0.0,"operatingCapacityMwByTechnology":{},"plannedCapacityCoverage":{"coveragePercent":0.0,"knownUnitCount":0,"method":"unavailable","totalUnitCount":0},"plannedCapacityMw":0.0,"plannedCapacityMwByTechnology":{},"recordCount":1,"recordIds":["wattlas-record-osm-way-1181441732"],"sourceIds":["openstreetmap-power"],"technologies":["solar"],"technologyMixMw":{"solar":0.0},"unitCount":0,"unitIds":[]},"type":"Feature"},{"geometry":{"coordinates":[20.392135,50.731719],"type":"Point"},"id":"wattlas-plant-osm-way-1181815935","properties":{"aliases":["EF Brzegi"],"canonicalAnchor":"osm:way/1181815935","canonicalCountryKey":"PL","capacityMw":0.0,"country":"PL","externalIds":{"osm":"way/1181815935"},"geographyId":"PL-17162690B20834640531728","id":"wattlas-plant-osm-way-1181815935","lifecycleCounts":{"operational":1},"locationPrecision":"exact","name":"EF Brzegi","operatingCapacityCoverage":{"coveragePercent":0.0,"knownUnitCount":0,"method":"unavailable","totalUnitCount":0},"operatingCapacityMw":0.0,"operatingCapacityMwByTechnology":{},"plannedCapacityCoverage":{"coveragePercent":0.0,"knownUnitCount":0,"method":"unavailable","totalUnitCount":0},"plannedCapacityMw":0.0,"plannedCapacityMwByTechnology":{},"recordCount":1,"recordIds":["wattlas-record-osm-way-1181815935"],"sourceIds":["openstreetmap-power"],"technologies":["solar"],"technologyMixMw":{"solar":0.0},"unitCount":0,"unitIds":[]},"type":"Feature"},{"geometry":{"coordinates":[22.22576,53.723733],"type":"Point"},"id":"wattlas-plant-osm-way-1182411428","properties":{"aliases":["Farma Fotowoltaiczna Krzywińskie"],"canonicalAnchor":"osm:way/1182411428","canonicalCountryKey":"PL","capacityMw":20.0,"country":"PL","externalIds":{"osm":"way/1182411428"},"geographyId":"PL-17162690B18723007704312","id":"wattlas-plant-osm-way-1182411428","lifecycleCounts":{"operational":1},"locationPrecision":"exact","name":"Farma Fotowoltaiczna Krzywińskie","operatingCapacityCoverage":{"coveragePercent":100.0,"knownUnitCount":0,"method":"plant_aggregate","provenance":{"evidenceCount":0,"recordIds":["wattlas-record-osm-way-1182411428"],"sourceIds":["openstreetmap-power"],"sourceTypes":["community_mapped"],"valueKind":"reported"},"totalUnitCount":0},"operatingCapacityMw":20.0,"operatingCapacityMwByTechnology":{"solar":20.0},"plannedCapacityCoverage":{"coveragePercent":0.0,"knownUnitCount":0,"method":"unavailable","totalUnitCount":0},"plannedCapacityMw":0.0,"plannedCapacityMwByTechnology":{},"recordCount":1,"recordIds":["wattlas-record-osm-way-1182411428"],"sourceIds":["openstreetmap-power"],"technologies":["solar"],"technologyMixMw":{"solar":20.0},"unitCount":0,"unitIds":[]},"type":"Feature"},{"geometry":{"coordinates":[20.333499,49.406151],"type":"Point"},"id":"wattlas-plant-osm-way-1183908743","properties":{"aliases":["MEW Sromowce V"],"canonicalAnchor":"osm:way/1183908743","canonicalCountryKey":"PL","capacityMw":325.0,"country":"PL","externalIds":{"osm":"way/1183908743"},"geographyId":"PL-17162690B67655395900928","id":"wattlas-plant-osm-way-1183908743","lifecycleCounts":{"operational":1},"locationPrecision":"exact","name":"MEW Sromowce V","operatingCapacityCoverage":{"coveragePercent":100.0,"knownUnitCount":0,"method":"plant_aggregate","provenance":{"evidenceCount":0,"recordIds":["wattlas-record-osm-way-1183908743"],"sourceIds":["openstreetmap-power"],"sourceTypes":["community_mapped"],"valueKind":"reported"},"totalUnitCount":0},"operatingCapacityMw":325.0,"operatingCapacityMwByTechnology":{"hydro":325.0},"plannedCapacityCoverage":{"coveragePercent":0.0,"knownUnitCount":0,"method":"unavailable","totalUnitCount":0},"plannedCapacityMw":0.0,"plannedCapacityMwByTechnology":{},"recordCount":1,"recordIds":["wattlas-record-osm-way-1183908743"],"sourceIds":["openstreetmap-power"],"technologies":["hydro"],"technologyMixMw":{"hydro":325.0},"unitCount":0,"unitIds":[]},"type":"Feature"},{"geometry":{"coordinates":[20.141325,52.239003],"type":"Point"},"id":"wattlas-plant-osm-way-1184531299","properties":{"aliases":["Farma fotowoltaiczna"],"canonicalAnchor":"osm:way/1184531299","canonicalCountryKey":"PL","capacityMw":0.0,"country":"PL","externalIds":{"osm":"way/1184531299"},"geographyId":"PL-17162690B84565288021286","id":"wattlas-plant-osm-way-1184531299","lifecycleCounts":{"operational":1},"locationPrecision":"exact","name":"Farma fotowoltaiczna","operatingCapacityCoverage":{"coveragePercent":0.0,"knownUnitCount":0,"method":"unavailable","totalUnitCount":0},"operatingCapacityMw":0.0,"operatingCapacityMwByTechnology":{},"plannedCapacityCoverage":{"coveragePercent":0.0,"knownUnitCount":0,"method":"unavailable","totalUnitCount":0},"plannedCapacityMw":0.0,"plannedCapacityMwByTechnology":{},"recordCount":1,"recordIds":["wattlas-record-osm-way-1184531299"],"sourceIds":["openstreetmap-power"],"technologies":["solar"],"technologyMixMw":{"solar":0.0},"unitCount":0,"unitIds":[]},"type":"Feature"},{"geometry":{"coordinates":[18.727494,54.087913],"type":"Point"},"id":"wattlas-plant-osm-way-1185687549","properties":{"aliases":["Mapped power plant · OSM 1185687549"],"canonicalAnchor":"osm:way/1185687549","canonicalCountryKey":"PL","capacityMw":3.0,"country":"PL","externalIds":{"osm":"way/1185687549"},"geographyId":"PL-17162690B77437931625010","id":"wattlas-plant-osm-way-1185687549","lifecycleCounts":{"operational":1},"locationPrecision":"exact","name":"Mapped power plant · OSM 1185687549","operatingCapacityCoverage":{"coveragePercent":100.0,"knownUnitCount":0,"method":"plant_aggregate","provenance":{"evidenceCount":0,"recordIds":["wattlas-record-osm-way-1185687549"],"sourceIds":["openstreetmap-power"],"sourceTypes":["community_mapped"],"valueKind":"reported"},"totalUnitCount":0},"operatingCapacityMw":3.0,"operatingCapacityMwByTechnology":{"solar":3.0},"plannedCapacityCoverage":{"coveragePercent":0.0,"knownUnitCount":0,"method":"unavailable","totalUnitCount":0},"plannedCapacityMw":0.0,"plannedCapacityMwByTechnology":{},"recordCount":1,"recordIds":["wattlas-record-osm-way-1185687549"],"sourceIds":["openstreetmap-power"],"technologies":["solar"],"technologyMixMw":{"solar":3.0},"unitCount":0,"unitIds":[]},"type":"Feature"},{"geometry":{"coordinates":[22.11488,52.605492],"type":"Point"},"id":"wattlas-plant-osm-way-1188250885","properties":{"aliases":["Farma fotowoltaiczna"],"canonicalAnchor":"osm:way/1188250885","canonicalCountryKey":"PL","capacityMw":0.0,"country":"PL","externalIds":{"osm":"way/1188250885"},"geographyId":"PL-17162690B84565288021286","id":"wattlas-plant-osm-way-1188250885","lifecycleCounts":{"operational":1},"locationPrecision":"exact","name":"Farma fotowoltaiczna","operatingCapacityCoverage":{"coveragePercent":0.0,"knownUnitCount":0,"method":"unavailable","totalUnitCount":0},"operatingCapacityMw":0.0,"operatingCapacityMwByTechnology":{},"plannedCapacityCoverage":{"coveragePercent":0.0,"knownUnitCount":0,"method":"unavailable","totalUnitCount":0},"plannedCapacityMw":0.0,"plannedCapacityMwByTechnology":{},"recordCount":1,"recordIds":["wattlas-record-osm-way-1188250885"],"sourceIds":["openstreetmap-power"],"technologies":["solar"],"technologyMixMw":{"solar":0.0},"unitCount":0,"unitIds":[]},"type":"Feature"},{"geometry":{"coordinates":[22.458595,51.654897],"type":"Point"},"id":"wattlas-plant-osm-way-1189992526","properties":{"aliases":["Elektrownia fotowoltaiczna Brossard Holmes Sp. z o.o."],"canonicalAnchor":"osm:way/1189992526","canonicalCountryKey":"PL","capacityMw":0.0,"country":"PL","externalIds":{"osm":"way/1189992526"},"geographyId":"PL-17162690B69262761487853","id":"wattlas-plant-osm-way-1189992526","lifecycleCounts":{"operational":1},"locationPrecision":"exact","name":"Elektrownia fotowoltaiczna Brossard Holmes Sp. z o.o.","operatingCapacityCoverage":{"coveragePercent":0.0,"knownUnitCount":0,"method":"unavailable","totalUnitCount":0},"operatingCapacityMw":0.0,"operatingCapacityMwByTechnology":{},"plannedCapacityCoverage":{"coveragePercent":0.0,"knownUnitCount":0,"method":"unavailable","totalUnitCount":0},"plannedCapacityMw":0.0,"plannedCapacityMwByTechnology":{},"recordCount":1,"recordIds":["wattlas-record-osm-way-1189992526"],"sourceIds":["openstreetmap-power"],"technologies":["solar"],"technologyMixMw":{"solar":0.0},"unitCount":0,"unitIds":[]},"type":"Feature"},{"geometry":{"coordinates":[22.458157,51.653476],"type":"Point"},"id":"wattlas-plant-osm-way-1189992528","properties":{"aliases":["Elektrownia fotowoltaiczna LUK Jacek Wysokiński"],"canonicalAnchor":"osm:way/1189992528","canonicalCountryKey":"PL","capacityMw":0.0,"country":"PL","externalIds":{"osm":"way/1189992528"},"geographyId":"PL-17162690B69262761487853","id":"wattlas-plant-osm-way-1189992528","lifecycleCounts":{"operational":1},"locationPrecision":"exact","name":"Elektrownia fotowoltaiczna LUK Jacek Wysokiński","operatingCapacityCoverage":{"coveragePercent":0.0,"knownUnitCount":0,"method":"unavailable","totalUnitCount":0},"operatingCapacityMw":0.0,"operatingCapacityMwByTechnology":{},"plannedCapacityCoverage":{"coveragePercent":0.0,"knownUnitCount":0,"method":"unavailable","totalUnitCount":0},"plannedCapacityMw":0.0,"plannedCapacityMwByTechnology":{},"recordCount":1,"recordIds":["wattlas-record-osm-way-1189992528"],"sourceIds":["openstreetmap-power"],"technologies":["solar"],"technologyMixMw":{"solar":0.0},"unitCount":0,"unitIds":[]},"type":"Feature"},{"geometry":{"coordinates":[22.884606,51.620856],"type":"Point"},"id":"wattlas-plant-osm-way-1190414699","properties":{"aliases":["Onyx Energy"],"canonicalAnchor":"osm:way/1190414699","canonicalCountryKey":"PL","capacityMw":1.425,"country":"PL","externalIds":{"osm":"way/1190414699"},"geographyId":"PL-17162690B69262761487853","id":"wattlas-plant-osm-way-1190414699","lifecycleCounts":{"operational":1},"locationPrecision":"exact","name":"Onyx Energy","operatingCapacityCoverage":{"coveragePercent":100.0,"knownUnitCount":0,"method":"plant_aggregate","provenance":{"evidenceCount":0,"recordIds":["wattlas-record-osm-way-1190414699"],"sourceIds":["openstreetmap-power"],"sourceTypes":["community_mapped"],"valueKind":"reported"},"totalUnitCount":0},"operatingCapacityMw":1.425,"operatingCapacityMwByTechnology":{"solar":1.425},"plannedCapacityCoverage":{"coveragePercent":0.0,"knownUnitCount":0,"method":"unavailable","totalUnitCount":0},"plannedCapacityMw":0.0,"plannedCapacityMwByTechnology":{},"recordCount":1,"recordIds":["wattlas-record-osm-way-1190414699"],"sourceIds":["openstreetmap-power"],"technologies":["solar"],"technologyMixMw":{"solar":1.425},"unitCount":0,"unitIds":[]},"type":"Feature"},{"geometry":{"coordinates":[17.101383,51.889464],"type":"Point"},"id":"wattlas-plant-osm-way-1190750250","properties":{"aliases":["Piaski I"],"canonicalAnchor":"osm:way/1190750250","canonicalCountryKey":"PL","capacityMw":0.0,"country":"PL","externalIds":{"osm":"way/1190750250"},"geographyId":"PL-17162690B71775569625336","id":"wattlas-plant-osm-way-1190750250","lifecycleCounts":{"operational":1},"locationPrecision":"exact","name":"Piaski I","operatingCapacityCoverage":{"coveragePercent":0.0,"knownUnitCount":0,"method":"unavailable","totalUnitCount":0},"operatingCapacityMw":0.0,"operatingCapacityMwByTechnology":{},"plannedCapacityCoverage":{"coveragePercent":0.0,"knownUnitCount":0,"method":"unavailable","totalUnitCount":0},"plannedCapacityMw":0.0,"plannedCapacityMwByTechnology":{},"recordCount":1,"recordIds":["wattlas-record-osm-way-1190750250"],"sourceIds":["openstreetmap-power"],"technologies":["solar"],"technologyMixMw":{"solar":0.0},"unitCount":0,"unitIds":[]},"type":"Feature"},{"geometry":{"coordinates":[17.086006,51.924705],"type":"Point"},"id":"wattlas-plant-osm-way-1190750251","properties":{"aliases":["Piaski II"],"canonicalAnchor":"osm:way/1190750251","canonicalCountryKey":"PL","capacityMw":0.0,"country":"PL","externalIds":{"osm":"way/1190750251"},"geographyId":"PL-17162690B71775569625336","id":"wattlas-plant-osm-way-1190750251","lifecycleCounts":{"operational":1},"locationPrecision":"exact","name":"Piaski II","operatingCapacityCoverage":{"coveragePercent":0.0,"knownUnitCount":0,"method":"unavailable","totalUnitCount":0},"operatingCapacityMw":0.0,"operatingCapacityMwByTechnology":{},"plannedCapacityCoverage":{"coveragePercent":0.0,"knownUnitCount":0,"method":"unavailable","totalUnitCount":0},"plannedCapacityMw":0.0,"plannedCapacityMwByTechnology":{},"recordCount":1,"recordIds":["wattlas-record-osm-way-1190750251"],"sourceIds":["openstreetmap-power"],"technologies":["solar"],"technologyMixMw":{"solar":0.0},"unitCount":0,"unitIds":[]},"type":"Feature"},{"geometry":{"coordinates":[16.893005,51.752701],"type":"Point"},"id":"wattlas-plant-osm-way-1190750252","properties":{"aliases":["Krobia I"],"canonicalAnchor":"osm:way/1190750252","canonicalCountryKey":"PL","capacityMw":0.0,"country":"PL","externalIds":{"osm":"way/1190750252"},"geographyId":"PL-17162690B71775569625336","id":"wattlas-plant-osm-way-1190750252","lifecycleCounts":{"operational":1},"locationPrecision":"exact","name":"Krobia I","operatingCapacityCoverage":{"coveragePercent":0.0,"knownUnitCount":0,"method":"unavailable","totalUnitCount":0},"operatingCapacityMw":0.0,"operatingCapacityMwByTechnology":{},"plannedCapacityCoverage":{"coveragePercent":0.0,"knownUnitCount":0,"method":"unavailable","totalUnitCount":0},"plannedCapacityMw":0.0,"plannedCapacityMwByTechnology":{},"recordCount":1,"recordIds":["wattlas-record-osm-way-1190750252"],"sourceIds":["openstreetmap-power"],"technologies":["solar"],"technologyMixMw":{"solar":0.0},"unitCount":0,"unitIds":[]},"type":"Feature"},{"geometry":{"coordinates":[23.441926,50.421402],"type":"Point"},"id":"wattlas-plant-osm-way-1192170485","properties":{"aliases":["Farma fotowoltaiczna"],"canonicalAnchor":"osm:way/1192170485","canonicalCountryKey":"PL","capacityMw":0.0,"country":"PL","externalIds":{"osm":"way/1192170485"},"geographyId":"PL-17162690B69262761487853","id":"wattlas-plant-osm-way-1192170485","lifecycleCounts":{"operational":1},"locationPrecision":"exact","name":"Farma fotowoltaiczna","operatingCapacityCoverage":{"coveragePercent":0.0,"knownUnitCount":0,"method":"unavailable","totalUnitCount":0},"operatingCapacityMw":0.0,"operatingCapacityMwByTechnology":{},"plannedCapacityCoverage":{"coveragePercent":0.0,"knownUnitCount":0,"method":"unavailable","totalUnitCount":0},"plannedCapacityMw":0.0,"plannedCapacityMwByTechnology":{},"recordCount":1,"recordIds":["wattlas-record-osm-way-1192170485"],"sourceIds":["openstreetmap-power"],"technologies":["solar"],"technologyMixMw":{"solar":0.0},"unitCount":0,"unitIds":[]},"type":"Feature"},{"geometry":{"coordinates":[18.842782,53.499893],"type":"Point"},"id":"wattlas-plant-osm-way-1192516880","properties":{"aliases":["Farma fotowoltaiczna"],"canonicalAnchor":"osm:way/1192516880","canonicalCountryKey":"PL","capacityMw":0.0,"country":"PL","externalIds":{"osm":"way/1192516880"},"geographyId":"PL-17162690B37876665907262","id":"wattlas-plant-osm-way-1192516880","lifecycleCounts":{"operational":1},"locationPrecision":"exact","name":"Farma fotowoltaiczna","operatingCapacityCoverage":{"coveragePercent":0.0,"knownUnitCount":0,"method":"unavailable","totalUnitCount":0},"operatingCapacityMw":0.0,"operatingCapacityMwByTechnology":{},"plannedCapacityCoverage":{"coveragePercent":0.0,"knownUnitCount":0,"method":"unavailable","totalUnitCount":0},"plannedCapacityMw":0.0,"plannedCapacityMwByTechnology":{},"recordCount":1,"recordIds":["wattlas-record-osm-way-1192516880"],"sourceIds":["openstreetmap-power"],"technologies":["solar"],"technologyMixMw":{"solar":0.0},"unitCount":0,"unitIds":[]},"type":"Feature"},{"geometry":{"coordinates":[22.502929,52.846293],"type":"Point"},"id":"wattlas-plant-osm-way-1193587579","properties":{"aliases":["Mapped power plant · OSM 1193587579"],"canonicalAnchor":"osm:way/1193587579","canonicalCountryKey":"PL","capacityMw":1.0,"country":"PL","externalIds":{"osm":"way/1193587579"},"geographyId":"PL-17162690B23777949290372","id":"wattlas-plant-osm-way-1193587579","lifecycleCounts":{"operational":1},"locationPrecision":"exact","name":"Mapped power plant · OSM 1193587579","operatingCapacityCoverage":{"coveragePercent":100.0,"knownUnitCount":0,"method":"plant_aggregate","provenance":{"evidenceCount":0,"recordIds":["wattlas-record-osm-way-1193587579"],"sourceIds":["openstreetmap-power"],"sourceTypes":["community_mapped"],"valueKind":"reported"},"totalUnitCount":0},"operatingCapacityMw":1.0,"operatingCapacityMwByTechnology":{"solar":1.0},"plannedCapacityCoverage":{"coveragePercent":0.0,"knownUnitCount":0,"method":"unavailable","totalUnitCount":0},"plannedCapacityMw":0.0,"plannedCapacityMwByTechnology":{},"recordCount":1,"recordIds":["wattlas-record-osm-way-1193587579"],"sourceIds":["openstreetmap-power"],"technologies":["solar"],"technologyMixMw":{"solar":1.0},"unitCount":0,"unitIds":[]},"type":"Feature"},{"geometry":{"coordinates":[20.390866,51.24389],"type":"Point"},"id":"wattlas-plant-osm-way-1193596190","properties":{"aliases":["EF Bębnów"],"canonicalAnchor":"osm:way/1193596190","canonicalCountryKey":"PL","capacityMw":0.0,"country":"PL","externalIds":{"osm":"way/1193596190"},"geographyId":"PL-17162690B20834640531728","id":"wattlas-plant-osm-way-1193596190","lifecycleCounts":{"operational":1},"locationPrecision":"exact","name":"EF Bębnów","operatingCapacityCoverage":{"coveragePercent":0.0,"knownUnitCount":0,"method":"unavailable","totalUnitCount":0},"operatingCapacityMw":0.0,"operatingCapacityMwByTechnology":{},"plannedCapacityCoverage":{"coveragePercent":0.0,"knownUnitCount":0,"method":"unavailable","totalUnitCount":0},"plannedCapacityMw":0.0,"plannedCapacityMwByTechnology":{},"recordCount":1,"recordIds":["wattlas-record-osm-way-1193596190"],"sourceIds":["openstreetmap-power"],"technologies":["solar"],"technologyMixMw":{"solar":0.0},"unitCount":0,"unitIds":[]},"type":"Feature"},{"geometry":{"coordinates":[20.110603,52.104781],"type":"Point"},"id":"wattlas-plant-osm-way-1193607272","properties":{"aliases":["Farma fotowoltaiczna"],"canonicalAnchor":"osm:way/1193607272","canonicalCountryKey":"PL","capacityMw":0.0,"country":"PL","externalIds":{"osm":"way/1193607272"},"geographyId":"PL-17162690B86810837764805","id":"wattlas-plant-osm-way-1193607272","lifecycleCounts":{"operational":1},"locationPrecision":"exact","name":"Farma fotowoltaiczna","operatingCapacityCoverage":{"coveragePercent":0.0,"knownUnitCount":0,"method":"unavailable","totalUnitCount":0},"operatingCapacityMw":0.0,"operatingCapacityMwByTechnology":{},"plannedCapacityCoverage":{"coveragePercent":0.0,"knownUnitCount":0,"method":"unavailable","totalUnitCount":0},"plannedCapacityMw":0.0,"plannedCapacityMwByTechnology":{},"recordCount":1,"recordIds":["wattlas-record-osm-way-1193607272"],"sourceIds":["openstreetmap-power"],"technologies":["solar"],"technologyMixMw":{"solar":0.0},"unitCount":0,"unitIds":[]},"type":"Feature"},{"geometry":{"coordinates":[20.096871,50.362119],"type":"Point"},"id":"wattlas-plant-osm-way-1197877971","properties":{"aliases":["EW Bukowska Wola"],"canonicalAnchor":"osm:way/1197877971","canonicalCountryKey":"PL","capacityMw":0.0,"country":"PL","externalIds":{"osm":"way/1197877971"},"geographyId":"PL-17162690B67655395900928","id":"wattlas-plant-osm-way-1197877971","lifecycleCounts":{"operational":1},"locationPrecision":"exact","name":"EW Bukowska Wola","operatingCapacityCoverage":{"coveragePercent":0.0,"knownUnitCount":0,"method":"unavailable","totalUnitCount":0},"operatingCapacityMw":0.0,"operatingCapacityMwByTechnology":{},"plannedCapacityCoverage":{"coveragePercent":0.0,"knownUnitCount":0,"method":"unavailable","totalUnitCount":0},"plannedCapacityMw":0.0,"plannedCapacityMwByTechnology":{},"recordCount":1,"recordIds":["wattlas-record-osm-way-1197877971"],"sourceIds":["openstreetmap-power"],"technologies":["wind"],"technologyMixMw":{"wind":0.0},"unitCount":0,"unitIds":[]},"type":"Feature"},{"geometry":{"coordinates":[15.449164,52.947437],"type":"Point"},"id":"wattlas-plant-osm-way-1204367009","properties":{"aliases":["Farma fotowoltaiczna"],"canonicalAnchor":"osm:way/1204367009","canonicalCountryKey":"PL","capacityMw":0.0,"country":"PL","externalIds":{"osm":"way/1204367009"},"geographyId":"PL-17162690B34878575347312","id":"wattlas-plant-osm-way-1204367009","lifecycleCounts":{"operational":1},"locationPrecision":"exact","name":"Farma fotowoltaiczna","operatingCapacityCoverage":{"coveragePercent":0.0,"knownUnitCount":0,"method":"unavailable","totalUnitCount":0},"operatingCapacityMw":0.0,"operatingCapacityMwByTechnology":{},"plannedCapacityCoverage":{"coveragePercent":0.0,"knownUnitCount":0,"method":"unavailable","totalUnitCount":0},"plannedCapacityMw":0.0,"plannedCapacityMwByTechnology":{},"recordCount":1,"recordIds":["wattlas-record-osm-way-1204367009"],"sourceIds":["openstreetmap-power"],"technologies":["solar"],"technologyMixMw":{"solar":0.0},"unitCount":0,"unitIds":[]},"type":"Feature"},{"geometry":{"coordinates":[15.51781,53.100564],"type":"Point"},"id":"wattlas-plant-osm-way-1206868031","properties":{"aliases":["Farma fotowoltaiczna"],"canonicalAnchor":"osm:way/1206868031","canonicalCountryKey":"PL","capacityMw":0.0,"country":"PL","externalIds":{"osm":"way/1206868031"},"geographyId":"PL-17162690B34878575347312","id":"wattlas-plant-osm-way-1206868031","lifecycleCounts":{"operational":1},"locationPrecision":"exact","name":"Farma fotowoltaiczna","operatingCapacityCoverage":{"coveragePercent":0.0,"knownUnitCount":0,"method":"unavailable","totalUnitCount":0},"operatingCapacityMw":0.0,"operatingCapacityMwByTechnology":{},"plannedCapacityCoverage":{"coveragePercent":0.0,"knownUnitCount":0,"method":"unavailable","totalUnitCount":0},"plannedCapacityMw":0.0,"plannedCapacityMwByTechnology":{},"recordCount":1,"recordIds":["wattlas-record-osm-way-1206868031"],"sourceIds":["openstreetmap-power"],"technologies":["solar"],"technologyMixMw":{"solar":0.0},"unitCount":0,"unitIds":[]},"type":"Feature"},{"geometry":{"coordinates":[20.225121,52.18228],"type":"Point"},"id":"wattlas-plant-osm-way-1209545290","properties":{"aliases":["Farma fotowoltaiczna"],"canonicalAnchor":"osm:way/1209545290","canonicalCountryKey":"PL","capacityMw":0.0,"country":"PL","externalIds":{"osm":"way/1209545290"},"geographyId":"PL-17162690B84565288021286","id":"wattlas-plant-osm-way-1209545290","lifecycleCounts":{"operational":1},"locationPrecision":"exact","name":"Farma fotowoltaiczna","operatingCapacityCoverage":{"coveragePercent":0.0,"knownUnitCount":0,"method":"unavailable","totalUnitCount":0},"operatingCapacityMw":0.0,"operatingCapacityMwByTechnology":{},"plannedCapacityCoverage":{"coveragePercent":0.0,"knownUnitCount":0,"method":"unavailable","totalUnitCount":0},"plannedCapacityMw":0.0,"plannedCapacityMwByTechnology":{},"recordCount":1,"recordIds":["wattlas-record-osm-way-1209545290"],"sourceIds":["openstreetmap-power"],"technologies":["solar"],"technologyMixMw":{"solar":0.0},"unitCount":0,"unitIds":[]},"type":"Feature"},{"geometry":{"coordinates":[21.926626,53.403292],"type":"Point"},"id":"wattlas-plant-osm-way-1211938925","properties":{"aliases":["PUK Kolno"],"canonicalAnchor":"osm:way/1211938925","canonicalCountryKey":"PL","capacityMw":0.0,"country":"PL","externalIds":{"osm":"way/1211938925"},"geographyId":"PL-17162690B23777949290372","id":"wattlas-plant-osm-way-1211938925","lifecycleCounts":{"operational":1},"locationPrecision":"exact","name":"PUK Kolno","operatingCapacityCoverage":{"coveragePercent":0.0,"knownUnitCount":0,"method":"unavailable","totalUnitCount":0},"operatingCapacityMw":0.0,"operatingCapacityMwByTechnology":{},"plannedCapacityCoverage":{"coveragePercent":0.0,"knownUnitCount":0,"method":"unavailable","totalUnitCount":0},"plannedCapacityMw":0.0,"plannedCapacityMwByTechnology":{},"recordCount":1,"recordIds":["wattlas-record-osm-way-1211938925"],"sourceIds":["openstreetmap-power"],"technologies":["solar"],"technologyMixMw":{"solar":0.0},"unitCount":0,"unitIds":[]},"type":"Feature"},{"geometry":{"coordinates":[21.921811,53.408687],"type":"Point"},"id":"wattlas-plant-osm-way-1211938926","properties":{"aliases":["PUK Kolno"],"canonicalAnchor":"osm:way/1211938926","canonicalCountryKey":"PL","capacityMw":0.0,"country":"PL","externalIds":{"osm":"way/1211938926"},"geographyId":"PL-17162690B23777949290372","id":"wattlas-plant-osm-way-1211938926","lifecycleCounts":{"operational":1},"locationPrecision":"exact","name":"PUK Kolno","operatingCapacityCoverage":{"coveragePercent":0.0,"knownUnitCount":0,"method":"unavailable","totalUnitCount":0},"operatingCapacityMw":0.0,"operatingCapacityMwByTechnology":{},"plannedCapacityCoverage":{"coveragePercent":0.0,"knownUnitCount":0,"method":"unavailable","totalUnitCount":0},"plannedCapacityMw":0.0,"plannedCapacityMwByTechnology":{},"recordCount":1,"recordIds":["wattlas-record-osm-way-1211938926"],"sourceIds":["openstreetmap-power"],"technologies":["solar"],"technologyMixMw":{"solar":0.0},"unitCount":0,"unitIds":[]},"type":"Feature"},{"geometry":{"coordinates":[14.58903,53.496967],"type":"Point"},"id":"wattlas-plant-osm-way-1213541517","properties":{"aliases":["Mapped power plant · OSM 1213541517"],"canonicalAnchor":"osm:way/1213541517","canonicalCountryKey":"PL","capacityMw":0.0,"country":"PL","externalIds":{"osm":"way/1213541517"},"geographyId":"PL-17162690B34878575347312","id":"wattlas-plant-osm-way-1213541517","lifecycleCounts":{"operational":1},"locationPrecision":"exact","name":"Mapped power plant · OSM 1213541517","operatingCapacityCoverage":{"coveragePercent":0.0,"knownUnitCount":0,"method":"unavailable","totalUnitCount":0},"operatingCapacityMw":0.0,"operatingCapacityMwByTechnology":{},"plannedCapacityCoverage":{"coveragePercent":0.0,"knownUnitCount":0,"method":"unavailable","totalUnitCount":0},"plannedCapacityMw":0.0,"plannedCapacityMwByTechnology":{},"recordCount":1,"recordIds":["wattlas-record-osm-way-1213541517"],"sourceIds":["openstreetmap-power"],"technologies":["gas"],"technologyMixMw":{"gas":0.0},"unitCount":0,"unitIds":[]},"type":"Feature"},{"geometry":{"coordinates":[20.289169,52.375257],"type":"Point"},"id":"wattlas-plant-osm-way-1220388493","properties":{"aliases":["Farma fotowoltaiczna"],"canonicalAnchor":"osm:way/1220388493","canonicalCountryKey":"PL","capacityMw":0.0,"country":"PL","externalIds":{"osm":"way/1220388493"},"geographyId":"PL-17162690B84565288021286","id":"wattlas-plant-osm-way-1220388493","lifecycleCounts":{"operational":1},"locationPrecision":"exact","name":"Farma fotowoltaiczna","operatingCapacityCoverage":{"coveragePercent":0.0,"knownUnitCount":0,"method":"unavailable","totalUnitCount":0},"operatingCapacityMw":0.0,"operatingCapacityMwByTechnology":{},"plannedCapacityCoverage":{"coveragePercent":0.0,"knownUnitCount":0,"method":"unavailable","totalUnitCount":0},"plannedCapacityMw":0.0,"plannedCapacityMwByTechnology":{},"recordCount":1,"recordIds":["wattlas-record-osm-way-1220388493"],"sourceIds":["openstreetmap-power"],"technologies":["solar"],"technologyMixMw":{"solar":0.0},"unitCount":0,"unitIds":[]},"type":"Feature"},{"geometry":{"coordinates":[21.21968,49.889169],"type":"Point"},"id":"wattlas-plant-osm-way-1221352472","properties":{"aliases":["Mapped power plant · OSM 1221352472"],"canonicalAnchor":"osm:way/1221352472","canonicalCountryKey":"PL","capacityMw":1.5,"country":"PL","externalIds":{"osm":"way/1221352472"},"geographyId":"PL-17162690B67655395900928","id":"wattlas-plant-osm-way-1221352472","lifecycleCounts":{"operational":1},"locationPrecision":"exact","name":"Mapped power plant · OSM 1221352472","operatingCapacityCoverage":{"coveragePercent":100.0,"knownUnitCount":0,"method":"plant_aggregate","provenance":{"evidenceCount":0,"recordIds":["wattlas-record-osm-way-1221352472"],"sourceIds":["openstreetmap-power"],"sourceTypes":["community_mapped"],"valueKind":"reported"},"totalUnitCount":0},"operatingCapacityMw":1.5,"operatingCapacityMwByTechnology":{"solar":1.5},"plannedCapacityCoverage":{"coveragePercent":0.0,"knownUnitCount":0,"method":"unavailable","totalUnitCount":0},"plannedCapacityMw":0.0,"plannedCapacityMwByTechnology":{},"recordCount":1,"recordIds":["wattlas-record-osm-way-1221352472"],"sourceIds":["openstreetmap-power"],"technologies":["solar"],"technologyMixMw":{"solar":1.5},"unitCount":0,"unitIds":[]},"type":"Feature"},{"geometry":{"coordinates":[22.311369,50.55179],"type":"Point"},"id":"wattlas-plant-osm-way-1222723357","properties":{"aliases":["Szyperki 2"],"canonicalAnchor":"osm:way/1222723357","canonicalCountryKey":"PL","capacityMw":0.0,"country":"PL","externalIds":{"osm":"way/1222723357"},"geographyId":"PL-17162690B44985096553766","id":"wattlas-plant-osm-way-1222723357","lifecycleCounts":{"operational":1},"locationPrecision":"exact","name":"Szyperki 2","operatingCapacityCoverage":{"coveragePercent":0.0,"knownUnitCount":0,"method":"unavailable","totalUnitCount":0},"operatingCapacityMw":0.0,"operatingCapacityMwByTechnology":{},"plannedCapacityCoverage":{"coveragePercent":0.0,"knownUnitCount":0,"method":"unavailable","totalUnitCount":0},"plannedCapacityMw":0.0,"plannedCapacityMwByTechnology":{},"recordCount":1,"recordIds":["wattlas-record-osm-way-1222723357"],"sourceIds":["openstreetmap-power"],"technologies":["solar"],"technologyMixMw":{"solar":0.0},"unitCount":0,"unitIds":[]},"type":"Feature"},{"geometry":{"coordinates":[22.133728,52.394448],"type":"Point"},"id":"wattlas-plant-osm-way-1227105782","properties":{"aliases":["Biogazownia"],"canonicalAnchor":"osm:way/1227105782","canonicalCountryKey":"PL","capacityMw":0.0,"country":"PL","externalIds":{"osm":"way/1227105782"},"geographyId":"PL-17162690B84565288021286","id":"wattlas-plant-osm-way-1227105782","lifecycleCounts":{"operational":1},"locationPrecision":"exact","name":"Biogazownia","operatingCapacityCoverage":{"coveragePercent":0.0,"knownUnitCount":0,"method":"unavailable","totalUnitCount":0},"operatingCapacityMw":0.0,"operatingCapacityMwByTechnology":{},"plannedCapacityCoverage":{"coveragePercent":0.0,"knownUnitCount":0,"method":"unavailable","totalUnitCount":0},"plannedCapacityMw":0.0,"plannedCapacityMwByTechnology":{},"recordCount":1,"recordIds":["wattlas-record-osm-way-1227105782"],"sourceIds":["openstreetmap-power"],"technologies":["biomass"],"technologyMixMw":{"biomass":0.0},"unitCount":0,"unitIds":[]},"type":"Feature"},{"geometry":{"coordinates":[20.002121,52.312813],"type":"Point"},"id":"wattlas-plant-osm-way-1228234010","properties":{"aliases":["Farma fotowoltaiczna"],"canonicalAnchor":"osm:way/1228234010","canonicalCountryKey":"PL","capacityMw":0.0,"country":"PL","externalIds":{"osm":"way/1228234010"},"geographyId":"PL-17162690B84565288021286","id":"wattlas-plant-osm-way-1228234010","lifecycleCounts":{"operational":1},"locationPrecision":"exact","name":"Farma fotowoltaiczna","operatingCapacityCoverage":{"coveragePercent":0.0,"knownUnitCount":0,"method":"unavailable","totalUnitCount":0},"operatingCapacityMw":0.0,"operatingCapacityMwByTechnology":{},"plannedCapacityCoverage":{"coveragePercent":0.0,"knownUnitCount":0,"method":"unavailable","totalUnitCount":0},"plannedCapacityMw":0.0,"plannedCapacityMwByTechnology":{},"recordCount":1,"recordIds":["wattlas-record-osm-way-1228234010"],"sourceIds":["openstreetmap-power"],"technologies":["solar"],"technologyMixMw":{"solar":0.0},"unitCount":0,"unitIds":[]},"type":"Feature"},{"geometry":{"coordinates":[19.240227,50.479574],"type":"Point"},"id":"wattlas-plant-osm-way-1228312586","properties":{"aliases":["Mapped power plant · OSM 1228312586"],"canonicalAnchor":"osm:way/1228312586","canonicalCountryKey":"PL","capacityMw":0.0,"country":"PL","externalIds":{"osm":"way/1228312586"},"geographyId":"PL-17162690B16879770934003","id":"wattlas-plant-osm-way-1228312586","lifecycleCounts":{"operational":1},"locationPrecision":"exact","name":"Mapped power plant · OSM 1228312586","operatingCapacityCoverage":{"coveragePercent":0.0,"knownUnitCount":0,"method":"unavailable","totalUnitCount":0},"operatingCapacityMw":0.0,"operatingCapacityMwByTechnology":{},"plannedCapacityCoverage":{"coveragePercent":0.0,"knownUnitCount":0,"method":"unavailable","totalUnitCount":0},"plannedCapacityMw":0.0,"plannedCapacityMwByTechnology":{},"recordCount":1,"recordIds":["wattlas-record-osm-way-1228312586"],"sourceIds":["openstreetmap-power"],"technologies":["solar"],"technologyMixMw":{"solar":0.0},"unitCount":0,"unitIds":[]},"type":"Feature"},{"geometry":{"coordinates":[22.79188,50.573294],"type":"Point"},"id":"wattlas-plant-osm-way-1229774343","properties":{"aliases":["Mapped power plant · OSM 1229774343"],"canonicalAnchor":"osm:way/1229774343","canonicalCountryKey":"PL","capacityMw":1.0,"country":"PL","externalIds":{"osm":"way/1229774343"},"geographyId":"PL-17162690B69262761487853","id":"wattlas-plant-osm-way-1229774343","lifecycleCounts":{"operational":1},"locationPrecision":"exact","name":"Mapped power plant · OSM 1229774343","operatingCapacityCoverage":{"coveragePercent":100.0,"knownUnitCount":0,"method":"plant_aggregate","provenance":{"evidenceCount":0,"recordIds":["wattlas-record-osm-way-1229774343"],"sourceIds":["openstreetmap-power"],"sourceTypes":["community_mapped"],"valueKind":"reported"},"totalUnitCount":0},"operatingCapacityMw":1.0,"operatingCapacityMwByTechnology":{"solar":1.0},"plannedCapacityCoverage":{"coveragePercent":0.0,"knownUnitCount":0,"method":"unavailable","totalUnitCount":0},"plannedCapacityMw":0.0,"plannedCapacityMwByTechnology":{},"recordCount":1,"recordIds":["wattlas-record-osm-way-1229774343"],"sourceIds":["openstreetmap-power"],"technologies":["solar"],"technologyMixMw":{"solar":1.0},"unitCount":0,"unitIds":[]},"type":"Feature"},{"geometry":{"coordinates":[22.374465,50.441279],"type":"Point"},"id":"wattlas-plant-osm-way-1229786092","properties":{"aliases":["Mapped power plant · OSM 1229786092"],"canonicalAnchor":"osm:way/1229786092","canonicalCountryKey":"PL","capacityMw":2.0,"country":"PL","externalIds":{"osm":"way/1229786092"},"geographyId":"PL-17162690B44985096553766","id":"wattlas-plant-osm-way-1229786092","lifecycleCounts":{"operational":1},"locationPrecision":"exact","name":"Mapped power plant · OSM 1229786092","operatingCapacityCoverage":{"coveragePercent":100.0,"knownUnitCount":0,"method":"plant_aggregate","provenance":{"evidenceCount":0,"recordIds":["wattlas-record-osm-way-1229786092"],"sourceIds":["openstreetmap-power"],"sourceTypes":["community_mapped"],"valueKind":"reported"},"totalUnitCount":0},"operatingCapacityMw":2.0,"operatingCapacityMwByTechnology":{"solar":2.0},"plannedCapacityCoverage":{"coveragePercent":0.0,"knownUnitCount":0,"method":"unavailable","totalUnitCount":0},"plannedCapacityMw":0.0,"plannedCapacityMwByTechnology":{},"recordCount":1,"recordIds":["wattlas-record-osm-way-1229786092"],"sourceIds":["openstreetmap-power"],"technologies":["solar"],"technologyMixMw":{"solar":2.0},"unitCount":0,"unitIds":[]},"type":"Feature"},{"geometry":{"coordinates":[21.631104,51.917115],"type":"Point"},"id":"wattlas-plant-osm-way-1234320790","properties":{"aliases":["Mapped power plant · OSM 1234320790"],"canonicalAnchor":"osm:way/1234320790","canonicalCountryKey":"PL","capacityMw":3.0,"country":"PL","externalIds":{"osm":"way/1234320790"},"geographyId":"PL-17162690B84565288021286","id":"wattlas-plant-osm-way-1234320790","lifecycleCounts":{"operational":1},"locationPrecision":"exact","name":"Mapped power plant · OSM 1234320790","operatingCapacityCoverage":{"coveragePercent":100.0,"knownUnitCount":0,"method":"plant_aggregate","provenance":{"evidenceCount":0,"recordIds":["wattlas-record-osm-way-1234320790"],"sourceIds":["openstreetmap-power"],"sourceTypes":["community_mapped"],"valueKind":"reported"},"totalUnitCount":0},"operatingCapacityMw":3.0,"operatingCapacityMwByTechnology":{"solar":3.0},"plannedCapacityCoverage":{"coveragePercent":0.0,"knownUnitCount":0,"method":"unavailable","totalUnitCount":0},"plannedCapacityMw":0.0,"plannedCapacityMwByTechnology":{},"recordCount":1,"recordIds":["wattlas-record-osm-way-1234320790"],"sourceIds":["openstreetmap-power"],"technologies":["solar"],"technologyMixMw":{"solar":3.0},"unitCount":0,"unitIds":[]},"type":"Feature"},{"geometry":{"coordinates":[22.646276,51.830988],"type":"Point"},"id":"wattlas-plant-osm-way-1238129436","properties":{"aliases":["Elektrownia fotowoltaiczna PGE Energia Odnawialna S.A."],"canonicalAnchor":"osm:way/1238129436","canonicalCountryKey":"PL","capacityMw":1.0,"country":"PL","externalIds":{"osm":"way/1238129436"},"geographyId":"PL-17162690B69262761487853","id":"wattlas-plant-osm-way-1238129436","lifecycleCounts":{"operational":1},"locationPrecision":"exact","name":"Elektrownia fotowoltaiczna PGE Energia Odnawialna S.A.","operatingCapacityCoverage":{"coveragePercent":100.0,"knownUnitCount":0,"method":"plant_aggregate","provenance":{"evidenceCount":0,"recordIds":["wattlas-record-osm-way-1238129436"],"sourceIds":["openstreetmap-power"],"sourceTypes":["community_mapped"],"valueKind":"reported"},"totalUnitCount":0},"operatingCapacityMw":1.0,"operatingCapacityMwByTechnology":{"solar":1.0},"plannedCapacityCoverage":{"coveragePercent":0.0,"knownUnitCount":0,"method":"unavailable","totalUnitCount":0},"plannedCapacityMw":0.0,"plannedCapacityMwByTechnology":{},"recordCount":1,"recordIds":["wattlas-record-osm-way-1238129436"],"sourceIds":["openstreetmap-power"],"technologies":["solar"],"technologyMixMw":{"solar":1.0},"unitCount":0,"unitIds":[]},"type":"Feature"},{"geometry":{"coordinates":[22.645514,51.80928],"type":"Point"},"id":"wattlas-plant-osm-way-1238133043","properties":{"aliases":["Elektrownia fotowoltaiczna"],"canonicalAnchor":"osm:way/1238133043","canonicalCountryKey":"PL","capacityMw":1.0,"country":"PL","externalIds":{"osm":"way/1238133043"},"geographyId":"PL-17162690B69262761487853","id":"wattlas-plant-osm-way-1238133043","lifecycleCounts":{"operational":1},"locationPrecision":"exact","name":"Elektrownia fotowoltaiczna","operatingCapacityCoverage":{"coveragePercent":100.0,"knownUnitCount":0,"method":"plant_aggregate","provenance":{"evidenceCount":0,"recordIds":["wattlas-record-osm-way-1238133043"],"sourceIds":["openstreetmap-power"],"sourceTypes":["community_mapped"],"valueKind":"reported"},"totalUnitCount":0},"operatingCapacityMw":1.0,"operatingCapacityMwByTechnology":{"solar":1.0},"plannedCapacityCoverage":{"coveragePercent":0.0,"knownUnitCount":0,"method":"unavailable","totalUnitCount":0},"plannedCapacityMw":0.0,"plannedCapacityMwByTechnology":{},"recordCount":1,"recordIds":["wattlas-record-osm-way-1238133043"],"sourceIds":["openstreetmap-power"],"technologies":["solar"],"technologyMixMw":{"solar":1.0},"unitCount":0,"unitIds":[]},"type":"Feature"},{"geometry":{"coordinates":[22.646161,51.810521],"type":"Point"},"id":"wattlas-plant-osm-way-1238133044","properties":{"aliases":["Elektrownia fotowoltaiczna"],"canonicalAnchor":"osm:way/1238133044","canonicalCountryKey":"PL","capacityMw":1.0,"country":"PL","externalIds":{"osm":"way/1238133044"},"geographyId":"PL-17162690B69262761487853","id":"wattlas-plant-osm-way-1238133044","lifecycleCounts":{"operational":1},"locationPrecision":"exact","name":"Elektrownia fotowoltaiczna","operatingCapacityCoverage":{"coveragePercent":100.0,"knownUnitCount":0,"method":"plant_aggregate","provenance":{"evidenceCount":0,"recordIds":["wattlas-record-osm-way-1238133044"],"sourceIds":["openstreetmap-power"],"sourceTypes":["community_mapped"],"valueKind":"reported"},"totalUnitCount":0},"operatingCapacityMw":1.0,"operatingCapacityMwByTechnology":{"solar":1.0},"plannedCapacityCoverage":{"coveragePercent":0.0,"knownUnitCount":0,"method":"unavailable","totalUnitCount":0},"plannedCapacityMw":0.0,"plannedCapacityMwByTechnology":{},"recordCount":1,"recordIds":["wattlas-record-osm-way-1238133044"],"sourceIds":["openstreetmap-power"],"technologies":["solar"],"technologyMixMw":{"solar":1.0},"unitCount":0,"unitIds":[]},"type":"Feature"},{"geometry":{"coordinates":[22.644984,51.807965],"type":"Point"},"id":"wattlas-plant-osm-way-1238133048","properties":{"aliases":["Elektrownia fotowoltaiczna Pola Energii Foto Sp. z o.o."],"canonicalAnchor":"osm:way/1238133048","canonicalCountryKey":"PL","capacityMw":1.0,"country":"PL","externalIds":{"osm":"way/1238133048"},"geographyId":"PL-17162690B69262761487853","id":"wattlas-plant-osm-way-1238133048","lifecycleCounts":{"operational":1},"locationPrecision":"exact","name":"Elektrownia fotowoltaiczna Pola Energii Foto Sp. z o.o.","operatingCapacityCoverage":{"coveragePercent":100.0,"knownUnitCount":0,"method":"plant_aggregate","provenance":{"evidenceCount":0,"recordIds":["wattlas-record-osm-way-1238133048"],"sourceIds":["openstreetmap-power"],"sourceTypes":["community_mapped"],"valueKind":"reported"},"totalUnitCount":0},"operatingCapacityMw":1.0,"operatingCapacityMwByTechnology":{"solar":1.0},"plannedCapacityCoverage":{"coveragePercent":0.0,"knownUnitCount":0,"method":"unavailable","totalUnitCount":0},"plannedCapacityMw":0.0,"plannedCapacityMwByTechnology":{},"recordCount":1,"recordIds":["wattlas-record-osm-way-1238133048"],"sourceIds":["openstreetmap-power"],"technologies":["solar"],"technologyMixMw":{"solar":1.0},"unitCount":0,"unitIds":[]},"type":"Feature"},{"geometry":{"coordinates":[20.615469,52.193934],"type":"Point"},"id":"wattlas-plant-osm-way-1241774534","properties":{"aliases":["Ciepłownia Błonie"],"canonicalAnchor":"osm:way/1241774534","canonicalCountryKey":"PL","capacityMw":0.0,"country":"PL","externalIds":{"osm":"way/1241774534"},"geographyId":"PL-17162690B84565288021286","id":"wattlas-plant-osm-way-1241774534","lifecycleCounts":{"operational":1},"locationPrecision":"exact","name":"Ciepłownia Błonie","operatingCapacityCoverage":{"coveragePercent":0.0,"knownUnitCount":0,"method":"unavailable","totalUnitCount":0},"operatingCapacityMw":0.0,"operatingCapacityMwByTechnology":{},"plannedCapacityCoverage":{"coveragePercent":0.0,"knownUnitCount":0,"method":"unavailable","totalUnitCount":0},"plannedCapacityMw":0.0,"plannedCapacityMwByTechnology":{},"recordCount":1,"recordIds":["wattlas-record-osm-way-1241774534"],"sourceIds":["openstreetmap-power"],"technologies":["gas"],"technologyMixMw":{"gas":0.0},"unitCount":0,"unitIds":[]},"type":"Feature"},{"geometry":{"coordinates":[23.154836,51.980517],"type":"Point"},"id":"wattlas-plant-osm-way-1243248162","properties":{"aliases":["Farma Fotowoltaiczna"],"canonicalAnchor":"osm:way/1243248162","canonicalCountryKey":"PL","capacityMw":0.0,"country":"PL","externalIds":{"osm":"way/1243248162"},"geographyId":"PL-17162690B69262761487853","id":"wattlas-plant-osm-way-1243248162","lifecycleCounts":{"operational":1},"locationPrecision":"exact","name":"Farma Fotowoltaiczna","operatingCapacityCoverage":{"coveragePercent":0.0,"knownUnitCount":0,"method":"unavailable","totalUnitCount":0},"operatingCapacityMw":0.0,"operatingCapacityMwByTechnology":{},"plannedCapacityCoverage":{"coveragePercent":0.0,"knownUnitCount":0,"method":"unavailable","totalUnitCount":0},"plannedCapacityMw":0.0,"plannedCapacityMwByTechnology":{},"recordCount":1,"recordIds":["wattlas-record-osm-way-1243248162"],"sourceIds":["openstreetmap-power"],"technologies":["solar"],"technologyMixMw":{"solar":0.0},"unitCount":0,"unitIds":[]},"type":"Feature"},{"geometry":{"coordinates":[20.258484,52.17213],"type":"Point"},"id":"wattlas-plant-osm-way-1243323228","properties":{"aliases":["Farma fotowoltaiczna"],"canonicalAnchor":"osm:way/1243323228","canonicalCountryKey":"PL","capacityMw":0.0,"country":"PL","externalIds":{"osm":"way/1243323228"},"geographyId":"PL-17162690B84565288021286","id":"wattlas-plant-osm-way-1243323228","lifecycleCounts":{"operational":1},"locationPrecision":"exact","name":"Farma fotowoltaiczna","operatingCapacityCoverage":{"coveragePercent":0.0,"knownUnitCount":0,"method":"unavailable","totalUnitCount":0},"operatingCapacityMw":0.0,"operatingCapacityMwByTechnology":{},"plannedCapacityCoverage":{"coveragePercent":0.0,"knownUnitCount":0,"method":"unavailable","totalUnitCount":0},"plannedCapacityMw":0.0,"plannedCapacityMwByTechnology":{},"recordCount":1,"recordIds":["wattlas-record-osm-way-1243323228"],"sourceIds":["openstreetmap-power"],"technologies":["solar"],"technologyMixMw":{"solar":0.0},"unitCount":0,"unitIds":[]},"type":"Feature"},{"geometry":{"coordinates":[16.126478,51.658881],"type":"Point"},"id":"wattlas-plant-osm-way-1243685086","properties":{"aliases":["Mapped power plant · OSM 1243685086"],"canonicalAnchor":"osm:way/1243685086","canonicalCountryKey":"PL","capacityMw":0.0,"country":"PL","externalIds":{"osm":"way/1243685086"},"geographyId":"PL-17162690B9130125042960","id":"wattlas-plant-osm-way-1243685086","lifecycleCounts":{"operational":1},"locationPrecision":"exact","name":"Mapped power plant · OSM 1243685086","operatingCapacityCoverage":{"coveragePercent":0.0,"knownUnitCount":0,"method":"unavailable","totalUnitCount":0},"operatingCapacityMw":0.0,"operatingCapacityMwByTechnology":{},"plannedCapacityCoverage":{"coveragePercent":0.0,"knownUnitCount":0,"method":"unavailable","totalUnitCount":0},"plannedCapacityMw":0.0,"plannedCapacityMwByTechnology":{},"recordCount":1,"recordIds":["wattlas-record-osm-way-1243685086"],"sourceIds":["openstreetmap-power"],"technologies":["solar"],"technologyMixMw":{"solar":0.0},"unitCount":0,"unitIds":[]},"type":"Feature"},{"geometry":{"coordinates":[16.1261,51.660786],"type":"Point"},"id":"wattlas-plant-osm-way-1243685087","properties":{"aliases":["Mapped power plant · OSM 1243685087"],"canonicalAnchor":"osm:way/1243685087","canonicalCountryKey":"PL","capacityMw":0.0,"country":"PL","externalIds":{"osm":"way/1243685087"},"geographyId":"PL-17162690B9130125042960","id":"wattlas-plant-osm-way-1243685087","lifecycleCounts":{"operational":1},"locationPrecision":"exact","name":"Mapped power plant · OSM 1243685087","operatingCapacityCoverage":{"coveragePercent":0.0,"knownUnitCount":0,"method":"unavailable","totalUnitCount":0},"operatingCapacityMw":0.0,"operatingCapacityMwByTechnology":{},"plannedCapacityCoverage":{"coveragePercent":0.0,"knownUnitCount":0,"method":"unavailable","totalUnitCount":0},"plannedCapacityMw":0.0,"plannedCapacityMwByTechnology":{},"recordCount":1,"recordIds":["wattlas-record-osm-way-1243685087"],"sourceIds":["openstreetmap-power"],"technologies":["solar"],"technologyMixMw":{"solar":0.0},"unitCount":0,"unitIds":[]},"type":"Feature"},{"geometry":{"coordinates":[21.916068,51.501084],"type":"Point"},"id":"wattlas-plant-osm-way-1244652459","properties":{"aliases":["Farma fotowoltaiczna Gołąb"],"canonicalAnchor":"osm:way/1244652459","canonicalCountryKey":"PL","capacityMw":0.0,"country":"PL","externalIds":{"osm":"way/1244652459"},"geographyId":"PL-17162690B69262761487853","id":"wattlas-plant-osm-way-1244652459","lifecycleCounts":{"operational":1},"locationPrecision":"exact","name":"Farma fotowoltaiczna Gołąb","operatingCapacityCoverage":{"coveragePercent":0.0,"knownUnitCount":0,"method":"unavailable","totalUnitCount":0},"operatingCapacityMw":0.0,"operatingCapacityMwByTechnology":{},"plannedCapacityCoverage":{"coveragePercent":0.0,"knownUnitCount":0,"method":"unavailable","totalUnitCount":0},"plannedCapacityMw":0.0,"plannedCapacityMwByTechnology":{},"recordCount":1,"recordIds":["wattlas-record-osm-way-1244652459"],"sourceIds":["openstreetmap-power"],"technologies":["solar"],"technologyMixMw":{"solar":0.0},"unitCount":0,"unitIds":[]},"type":"Feature"},{"geometry":{"coordinates":[20.986035,50.036893],"type":"Point"},"id":"wattlas-plant-osm-way-1244975679","properties":{"aliases":["Ekospalarnia MPEC S.A."],"canonicalAnchor":"osm:way/1244975679","canonicalCountryKey":"PL","capacityMw":1.0,"country":"PL","externalIds":{"osm":"way/1244975679"},"geographyId":"PL-17162690B67655395900928","id":"wattlas-plant-osm-way-1244975679","lifecycleCounts":{"operational":1},"locationPrecision":"exact","name":"Ekospalarnia MPEC S.A.","operatingCapacityCoverage":{"coveragePercent":100.0,"knownUnitCount":0,"method":"plant_aggregate","provenance":{"evidenceCount":0,"recordIds":["wattlas-record-osm-way-1244975679"],"sourceIds":["openstreetmap-power"],"sourceTypes":["community_mapped"],"valueKind":"reported"},"totalUnitCount":0},"operatingCapacityMw":1.0,"operatingCapacityMwByTechnology":{"other":1.0},"plannedCapacityCoverage":{"coveragePercent":0.0,"knownUnitCount":0,"method":"unavailable","totalUnitCount":0},"plannedCapacityMw":0.0,"plannedCapacityMwByTechnology":{},"recordCount":1,"recordIds":["wattlas-record-osm-way-1244975679"],"sourceIds":["openstreetmap-power"],"technologies":["other"],"technologyMixMw":{"other":1.0},"unitCount":0,"unitIds":[]},"type":"Feature"},{"geometry":{"coordinates":[18.906233,50.138441],"type":"Point"},"id":"wattlas-plant-osm-way-1249000410","properties":{"aliases":["Farma słoneczna Wyry"],"canonicalAnchor":"osm:way/1249000410","canonicalCountryKey":"PL","capacityMw":0.0,"country":"PL","externalIds":{"osm":"way/1249000410"},"geographyId":"PL-17162690B16879770934003","id":"wattlas-plant-osm-way-1249000410","lifecycleCounts":{"operational":1},"locationPrecision":"exact","name":"Farma słoneczna Wyry","operatingCapacityCoverage":{"coveragePercent":0.0,"knownUnitCount":0,"method":"unavailable","totalUnitCount":0},"operatingCapacityMw":0.0,"operatingCapacityMwByTechnology":{},"plannedCapacityCoverage":{"coveragePercent":0.0,"knownUnitCount":0,"method":"unavailable","totalUnitCount":0},"plannedCapacityMw":0.0,"plannedCapacityMwByTechnology":{},"recordCount":1,"recordIds":["wattlas-record-osm-way-1249000410"],"sourceIds":["openstreetmap-power"],"technologies":["solar"],"technologyMixMw":{"solar":0.0},"unitCount":0,"unitIds":[]},"type":"Feature"},{"geometry":{"coordinates":[22.469075,51.652866],"type":"Point"},"id":"wattlas-plant-osm-way-1249720696","properties":{"aliases":["Farma Fotowoltaiczna APG Sp. z o.o."],"canonicalAnchor":"osm:way/1249720696","canonicalCountryKey":"PL","capacityMw":0.0,"country":"PL","externalIds":{"osm":"way/1249720696"},"geographyId":"PL-17162690B69262761487853","id":"wattlas-plant-osm-way-1249720696","lifecycleCounts":{"operational":1},"locationPrecision":"exact","name":"Farma Fotowoltaiczna APG Sp. z o.o.","operatingCapacityCoverage":{"coveragePercent":0.0,"knownUnitCount":0,"method":"unavailable","totalUnitCount":0},"operatingCapacityMw":0.0,"operatingCapacityMwByTechnology":{},"plannedCapacityCoverage":{"coveragePercent":0.0,"knownUnitCount":0,"method":"unavailable","totalUnitCount":0},"plannedCapacityMw":0.0,"plannedCapacityMwByTechnology":{},"recordCount":1,"recordIds":["wattlas-record-osm-way-1249720696"],"sourceIds":["openstreetmap-power"],"technologies":["solar"],"technologyMixMw":{"solar":0.0},"unitCount":0,"unitIds":[]},"type":"Feature"},{"geometry":{"coordinates":[16.224633,51.575685],"type":"Point"},"id":"wattlas-plant-osm-way-1250458484","properties":{"aliases":["Farma fotowoltaiczna Proszówek"],"canonicalAnchor":"osm:way/1250458484","canonicalCountryKey":"PL","capacityMw":55.0,"country":"PL","externalIds":{"osm":"way/1250458484"},"geographyId":"PL-17162690B9130125042960","id":"wattlas-plant-osm-way-1250458484","lifecycleCounts":{"operational":1},"locationPrecision":"exact","name":"Farma fotowoltaiczna Proszówek","operatingCapacityCoverage":{"coveragePercent":100.0,"knownUnitCount":0,"method":"plant_aggregate","provenance":{"evidenceCount":0,"recordIds":["wattlas-record-osm-way-1250458484"],"sourceIds":["openstreetmap-power"],"sourceTypes":["community_mapped"],"valueKind":"reported"},"totalUnitCount":0},"operatingCapacityMw":55.0,"operatingCapacityMwByTechnology":{"solar":55.0},"plannedCapacityCoverage":{"coveragePercent":0.0,"knownUnitCount":0,"method":"unavailable","totalUnitCount":0},"plannedCapacityMw":0.0,"plannedCapacityMwByTechnology":{},"recordCount":1,"recordIds":["wattlas-record-osm-way-1250458484"],"sourceIds":["openstreetmap-power"],"technologies":["solar"],"technologyMixMw":{"solar":55.0},"unitCount":0,"unitIds":[]},"type":"Feature"},{"geometry":{"coordinates":[18.8004,53.441001],"type":"Point"},"id":"wattlas-plant-osm-way-1252341917","properties":{"aliases":["Budowa bloku gazowo-parowego CCGT w Grudziądzu"],"canonicalAnchor":"osm:way/1252341917","canonicalCountryKey":"PL","capacityMw":560.0,"country":"PL","externalIds":{"osm":"way/1252341917"},"geographyId":"PL-17162690B37876665907262","id":"wattlas-plant-osm-way-1252341917","lifecycleCounts":{"under_construction":1},"locationPrecision":"exact","name":"Budowa bloku gazowo-parowego CCGT w Grudziądzu","operatingCapacityCoverage":{"coveragePercent":0.0,"knownUnitCount":0,"method":"unavailable","totalUnitCount":0},"operatingCapacityMw":0.0,"operatingCapacityMwByTechnology":{},"plannedCapacityCoverage":{"coveragePercent":100.0,"knownUnitCount":0,"method":"plant_aggregate","provenance":{"evidenceCount":0,"recordIds":["wattlas-record-osm-way-1252341917"],"sourceIds":["openstreetmap-power"],"sourceTypes":["community_mapped"],"valueKind":"reported"},"totalUnitCount":0},"plannedCapacityMw":560.0,"plannedCapacityMwByTechnology":{"gas":560.0},"recordCount":1,"recordIds":["wattlas-record-osm-way-1252341917"],"sourceIds":["openstreetmap-power"],"technologies":["gas"],"technologyMixMw":{"gas":560.0},"unitCount":0,"unitIds":[]},"type":"Feature"},{"geometry":{"coordinates":[19.420897,50.17163],"type":"Point"},"id":"wattlas-plant-osm-way-1256679152","properties":{"aliases":["EF Luszowice 1"],"canonicalAnchor":"osm:way/1256679152","canonicalCountryKey":"PL","capacityMw":8.0,"country":"PL","externalIds":{"osm":"way/1256679152"},"geographyId":"PL-17162690B67655395900928","id":"wattlas-plant-osm-way-1256679152","lifecycleCounts":{"operational":1},"locationPrecision":"exact","name":"EF Luszowice 1","operatingCapacityCoverage":{"coveragePercent":100.0,"knownUnitCount":0,"method":"plant_aggregate","provenance":{"evidenceCount":0,"recordIds":["wattlas-record-osm-way-1256679152"],"sourceIds":["openstreetmap-power"],"sourceTypes":["community_mapped"],"valueKind":"reported"},"totalUnitCount":0},"operatingCapacityMw":8.0,"operatingCapacityMwByTechnology":{"solar":8.0},"plannedCapacityCoverage":{"coveragePercent":0.0,"knownUnitCount":0,"method":"unavailable","totalUnitCount":0},"plannedCapacityMw":0.0,"plannedCapacityMwByTechnology":{},"recordCount":1,"recordIds":["wattlas-record-osm-way-1256679152"],"sourceIds":["openstreetmap-power"],"technologies":["solar"],"technologyMixMw":{"solar":8.0},"unitCount":0,"unitIds":[]},"type":"Feature"},{"geometry":{"coordinates":[16.19129,51.254409],"type":"Point"},"id":"wattlas-plant-osm-way-1257129005","properties":{"aliases":["Farma fotowoltaiczna Miłkowice"],"canonicalAnchor":"osm:way/1257129005","canonicalCountryKey":"PL","capacityMw":0.0,"country":"PL","externalIds":{"osm":"way/1257129005"},"geographyId":"PL-17162690B9130125042960","id":"wattlas-plant-osm-way-1257129005","lifecycleCounts":{"operational":1},"locationPrecision":"exact","name":"Farma fotowoltaiczna Miłkowice","operatingCapacityCoverage":{"coveragePercent":0.0,"knownUnitCount":0,"method":"unavailable","totalUnitCount":0},"operatingCapacityMw":0.0,"operatingCapacityMwByTechnology":{},"plannedCapacityCoverage":{"coveragePercent":0.0,"knownUnitCount":0,"method":"unavailable","totalUnitCount":0},"plannedCapacityMw":0.0,"plannedCapacityMwByTechnology":{},"recordCount":1,"recordIds":["wattlas-record-osm-way-1257129005"],"sourceIds":["openstreetmap-power"],"technologies":["solar"],"technologyMixMw":{"solar":0.0},"unitCount":0,"unitIds":[]},"type":"Feature"},{"geometry":{"coordinates":[16.190246,51.248631],"type":"Point"},"id":"wattlas-plant-osm-way-1257129153","properties":{"aliases":["Farma fotowoltaiczna Miłkowice"],"canonicalAnchor":"osm:way/1257129153","canonicalCountryKey":"PL","capacityMw":0.0,"country":"PL","externalIds":{"osm":"way/1257129153"},"geographyId":"PL-17162690B9130125042960","id":"wattlas-plant-osm-way-1257129153","lifecycleCounts":{"operational":1},"locationPrecision":"exact","name":"Farma fotowoltaiczna Miłkowice","operatingCapacityCoverage":{"coveragePercent":0.0,"knownUnitCount":0,"method":"unavailable","totalUnitCount":0},"operatingCapacityMw":0.0,"operatingCapacityMwByTechnology":{},"plannedCapacityCoverage":{"coveragePercent":0.0,"knownUnitCount":0,"method":"unavailable","totalUnitCount":0},"plannedCapacityMw":0.0,"plannedCapacityMwByTechnology":{},"recordCount":1,"recordIds":["wattlas-record-osm-way-1257129153"],"sourceIds":["openstreetmap-power"],"technologies":["solar"],"technologyMixMw":{"solar":0.0},"unitCount":0,"unitIds":[]},"type":"Feature"},{"geometry":{"coordinates":[18.376577,53.415562],"type":"Point"},"id":"wattlas-plant-osm-way-1265062087","properties":{"aliases":["Mała Elektrownia Wodna \"Czarnowodzianka\" w Kozłowie"],"canonicalAnchor":"osm:way/1265062087","canonicalCountryKey":"PL","capacityMw":0.0,"country":"PL","externalIds":{"osm":"way/1265062087"},"geographyId":"PL-17162690B37876665907262","id":"wattlas-plant-osm-way-1265062087","lifecycleCounts":{"operational":1},"locationPrecision":"exact","name":"Mała Elektrownia Wodna \"Czarnowodzianka\" w Kozłowie","operatingCapacityCoverage":{"coveragePercent":0.0,"knownUnitCount":0,"method":"unavailable","totalUnitCount":0},"operatingCapacityMw":0.0,"operatingCapacityMwByTechnology":{},"plannedCapacityCoverage":{"coveragePercent":0.0,"knownUnitCount":0,"method":"unavailable","totalUnitCount":0},"plannedCapacityMw":0.0,"plannedCapacityMwByTechnology":{},"recordCount":1,"recordIds":["wattlas-record-osm-way-1265062087"],"sourceIds":["openstreetmap-power"],"technologies":["hydro"],"technologyMixMw":{"hydro":0.0},"unitCount":0,"unitIds":[]},"type":"Feature"},{"geometry":{"coordinates":[19.934032,53.406155],"type":"Point"},"id":"wattlas-plant-osm-way-1266079895","properties":{"aliases":["farma fotowoltaiczna"],"canonicalAnchor":"osm:way/1266079895","canonicalCountryKey":"PL","capacityMw":0.0,"country":"PL","externalIds":{"osm":"way/1266079895"},"geographyId":"PL-17162690B18723007704312","id":"wattlas-plant-osm-way-1266079895","lifecycleCounts":{"operational":1},"locationPrecision":"exact","name":"farma fotowoltaiczna","operatingCapacityCoverage":{"coveragePercent":0.0,"knownUnitCount":0,"method":"unavailable","totalUnitCount":0},"operatingCapacityMw":0.0,"operatingCapacityMwByTechnology":{},"plannedCapacityCoverage":{"coveragePercent":0.0,"knownUnitCount":0,"method":"unavailable","totalUnitCount":0},"plannedCapacityMw":0.0,"plannedCapacityMwByTechnology":{},"recordCount":1,"recordIds":["wattlas-record-osm-way-1266079895"],"sourceIds":["openstreetmap-power"],"technologies":["solar"],"technologyMixMw":{"solar":0.0},"unitCount":0,"unitIds":[]},"type":"Feature"},{"geometry":{"coordinates":[19.976664,53.348939],"type":"Point"},"id":"wattlas-plant-osm-way-1266104003","properties":{"aliases":["farma fotowoltaiczna"],"canonicalAnchor":"osm:way/1266104003","canonicalCountryKey":"PL","capacityMw":0.0,"country":"PL","externalIds":{"osm":"way/1266104003"},"geographyId":"PL-17162690B18723007704312","id":"wattlas-plant-osm-way-1266104003","lifecycleCounts":{"operational":1},"locationPrecision":"exact","name":"farma fotowoltaiczna","operatingCapacityCoverage":{"coveragePercent":0.0,"knownUnitCount":0,"method":"unavailable","totalUnitCount":0},"operatingCapacityMw":0.0,"operatingCapacityMwByTechnology":{},"plannedCapacityCoverage":{"coveragePercent":0.0,"knownUnitCount":0,"method":"unavailable","totalUnitCount":0},"plannedCapacityMw":0.0,"plannedCapacityMwByTechnology":{},"recordCount":1,"recordIds":["wattlas-record-osm-way-1266104003"],"sourceIds":["openstreetmap-power"],"technologies":["solar"],"technologyMixMw":{"solar":0.0},"unitCount":0,"unitIds":[]},"type":"Feature"},{"geometry":{"coordinates":[21.006108,49.387074],"type":"Point"},"id":"wattlas-plant-osm-way-1268443307","properties":{"aliases":["Mapped power plant · OSM 1268443307"],"canonicalAnchor":"osm:way/1268443307","canonicalCountryKey":"PL","capacityMw":0.0,"country":"PL","externalIds":{"osm":"way/1268443307"},"geographyId":"PL-17162690B67655395900928","id":"wattlas-plant-osm-way-1268443307","lifecycleCounts":{"operational":1},"locationPrecision":"exact","name":"Mapped power plant · OSM 1268443307","operatingCapacityCoverage":{"coveragePercent":0.0,"knownUnitCount":0,"method":"unavailable","totalUnitCount":0},"operatingCapacityMw":0.0,"operatingCapacityMwByTechnology":{},"plannedCapacityCoverage":{"coveragePercent":0.0,"knownUnitCount":0,"method":"unavailable","totalUnitCount":0},"plannedCapacityMw":0.0,"plannedCapacityMwByTechnology":{},"recordCount":1,"recordIds":["wattlas-record-osm-way-1268443307"],"sourceIds":["openstreetmap-power"],"technologies":["solar"],"technologyMixMw":{"solar":0.0},"unitCount":0,"unitIds":[]},"type":"Feature"},{"geometry":{"coordinates":[16.431245,52.28143],"type":"Point"},"id":"wattlas-plant-osm-way-1272604611","properties":{"aliases":["Farma fotowoltaiczna Opalenica 1 Południe"],"canonicalAnchor":"osm:way/1272604611","canonicalCountryKey":"PL","capacityMw":0.0,"country":"PL","externalIds":{"osm":"way/1272604611"},"geographyId":"PL-17162690B71775569625336","id":"wattlas-plant-osm-way-1272604611","lifecycleCounts":{"operational":1},"locationPrecision":"exact","name":"Farma fotowoltaiczna Opalenica 1 Południe","operatingCapacityCoverage":{"coveragePercent":0.0,"knownUnitCount":0,"method":"unavailable","totalUnitCount":0},"operatingCapacityMw":0.0,"operatingCapacityMwByTechnology":{},"plannedCapacityCoverage":{"coveragePercent":0.0,"knownUnitCount":0,"method":"unavailable","totalUnitCount":0},"plannedCapacityMw":0.0,"plannedCapacityMwByTechnology":{},"recordCount":1,"recordIds":["wattlas-record-osm-way-1272604611"],"sourceIds":["openstreetmap-power"],"technologies":["solar"],"technologyMixMw":{"solar":0.0},"unitCount":0,"unitIds":[]},"type":"Feature"},{"geometry":{"coordinates":[16.434002,52.285813],"type":"Point"},"id":"wattlas-plant-osm-way-1272604612","properties":{"aliases":["Farma fotowoltaiczna Opalenica 1 Północ"],"canonicalAnchor":"osm:way/1272604612","canonicalCountryKey":"PL","capacityMw":0.0,"country":"PL","externalIds":{"osm":"way/1272604612"},"geographyId":"PL-17162690B71775569625336","id":"wattlas-plant-osm-way-1272604612","lifecycleCounts":{"operational":1},"locationPrecision":"exact","name":"Farma fotowoltaiczna Opalenica 1 Północ","operatingCapacityCoverage":{"coveragePercent":0.0,"knownUnitCount":0,"method":"unavailable","totalUnitCount":0},"operatingCapacityMw":0.0,"operatingCapacityMwByTechnology":{},"plannedCapacityCoverage":{"coveragePercent":0.0,"knownUnitCount":0,"method":"unavailable","totalUnitCount":0},"plannedCapacityMw":0.0,"plannedCapacityMwByTechnology":{},"recordCount":1,"recordIds":["wattlas-record-osm-way-1272604612"],"sourceIds":["openstreetmap-power"],"technologies":["solar"],"technologyMixMw":{"solar":0.0},"unitCount":0,"unitIds":[]},"type":"Feature"},{"geometry":{"coordinates":[18.399848,50.849187],"type":"Point"},"id":"wattlas-plant-osm-way-1274425466","properties":{"aliases":["Mapped power plant · OSM 1274425466"],"canonicalAnchor":"osm:way/1274425466","canonicalCountryKey":"PL","capacityMw":1.0,"country":"PL","externalIds":{"osm":"way/1274425466"},"geographyId":"PL-17162690B67719337891950","id":"wattlas-plant-osm-way-1274425466","lifecycleCounts":{"operational":1},"locationPrecision":"exact","name":"Mapped power plant · OSM 1274425466","operatingCapacityCoverage":{"coveragePercent":100.0,"knownUnitCount":0,"method":"plant_aggregate","provenance":{"evidenceCount":0,"recordIds":["wattlas-record-osm-way-1274425466"],"sourceIds":["openstreetmap-power"],"sourceTypes":["community_mapped"],"valueKind":"reported"},"totalUnitCount":0},"operatingCapacityMw":1.0,"operatingCapacityMwByTechnology":{"solar":1.0},"plannedCapacityCoverage":{"coveragePercent":0.0,"knownUnitCount":0,"method":"unavailable","totalUnitCount":0},"plannedCapacityMw":0.0,"plannedCapacityMwByTechnology":{},"recordCount":1,"recordIds":["wattlas-record-osm-way-1274425466"],"sourceIds":["openstreetmap-power"],"technologies":["solar"],"technologyMixMw":{"solar":1.0},"unitCount":0,"unitIds":[]},"type":"Feature"},{"geometry":{"coordinates":[18.73225,50.69072],"type":"Point"},"id":"wattlas-plant-osm-way-1274969950","properties":{"aliases":["Farma fotowoltaiczna"],"canonicalAnchor":"osm:way/1274969950","canonicalCountryKey":"PL","capacityMw":0.0,"country":"PL","externalIds":{"osm":"way/1274969950"},"geographyId":"PL-17162690B16879770934003","id":"wattlas-plant-osm-way-1274969950","lifecycleCounts":{"operational":1},"locationPrecision":"exact","name":"Farma fotowoltaiczna","operatingCapacityCoverage":{"coveragePercent":0.0,"knownUnitCount":0,"method":"unavailable","totalUnitCount":0},"operatingCapacityMw":0.0,"operatingCapacityMwByTechnology":{},"plannedCapacityCoverage":{"coveragePercent":0.0,"knownUnitCount":0,"method":"unavailable","totalUnitCount":0},"plannedCapacityMw":0.0,"plannedCapacityMwByTechnology":{},"recordCount":1,"recordIds":["wattlas-record-osm-way-1274969950"],"sourceIds":["openstreetmap-power"],"technologies":["solar"],"technologyMixMw":{"solar":0.0},"unitCount":0,"unitIds":[]},"type":"Feature"},{"geometry":{"coordinates":[16.055276,53.301963],"type":"Point"},"id":"wattlas-plant-osm-way-1275193495","properties":{"aliases":["Farma Fotowoltaiczna Kalisz Pomorski"],"canonicalAnchor":"osm:way/1275193495","canonicalCountryKey":"PL","capacityMw":60.0,"country":"PL","externalIds":{"osm":"way/1275193495"},"geographyId":"PL-17162690B34878575347312","id":"wattlas-plant-osm-way-1275193495","lifecycleCounts":{"operational":1},"locationPrecision":"exact","name":"Farma Fotowoltaiczna Kalisz Pomorski","operatingCapacityCoverage":{"coveragePercent":100.0,"knownUnitCount":0,"method":"plant_aggregate","provenance":{"evidenceCount":0,"recordIds":["wattlas-record-osm-way-1275193495"],"sourceIds":["openstreetmap-power"],"sourceTypes":["community_mapped"],"valueKind":"reported"},"totalUnitCount":0},"operatingCapacityMw":60.0,"operatingCapacityMwByTechnology":{"solar":60.0},"plannedCapacityCoverage":{"coveragePercent":0.0,"knownUnitCount":0,"method":"unavailable","totalUnitCount":0},"plannedCapacityMw":0.0,"plannedCapacityMwByTechnology":{},"recordCount":1,"recordIds":["wattlas-record-osm-way-1275193495"],"sourceIds":["openstreetmap-power"],"technologies":["solar"],"technologyMixMw":{"solar":60.0},"unitCount":0,"unitIds":[]},"type":"Feature"},{"geometry":{"coordinates":[20.517952,50.74756],"type":"Point"},"id":"wattlas-plant-osm-way-1282044275","properties":{"aliases":["Farma fotowoltaiczna"],"canonicalAnchor":"osm:way/1282044275","canonicalCountryKey":"PL","capacityMw":0.0,"country":"PL","externalIds":{"osm":"way/1282044275"},"geographyId":"PL-17162690B20834640531728","id":"wattlas-plant-osm-way-1282044275","lifecycleCounts":{"operational":1},"locationPrecision":"exact","name":"Farma fotowoltaiczna","operatingCapacityCoverage":{"coveragePercent":0.0,"knownUnitCount":0,"method":"unavailable","totalUnitCount":0},"operatingCapacityMw":0.0,"operatingCapacityMwByTechnology":{},"plannedCapacityCoverage":{"coveragePercent":0.0,"knownUnitCount":0,"method":"unavailable","totalUnitCount":0},"plannedCapacityMw":0.0,"plannedCapacityMwByTechnology":{},"recordCount":1,"recordIds":["wattlas-record-osm-way-1282044275"],"sourceIds":["openstreetmap-power"],"technologies":["solar"],"technologyMixMw":{"solar":0.0},"unitCount":0,"unitIds":[]},"type":"Feature"},{"geometry":{"coordinates":[18.603539,50.492951],"type":"Point"},"id":"wattlas-plant-osm-way-1282255394","properties":{"aliases":["Wielowieś 2"],"canonicalAnchor":"osm:way/1282255394","canonicalCountryKey":"PL","capacityMw":1.0,"country":"PL","externalIds":{"osm":"way/1282255394"},"geographyId":"PL-17162690B16879770934003","id":"wattlas-plant-osm-way-1282255394","lifecycleCounts":{"operational":1},"locationPrecision":"exact","name":"Wielowieś 2","operatingCapacityCoverage":{"coveragePercent":100.0,"knownUnitCount":0,"method":"plant_aggregate","provenance":{"evidenceCount":0,"recordIds":["wattlas-record-osm-way-1282255394"],"sourceIds":["openstreetmap-power"],"sourceTypes":["community_mapped"],"valueKind":"reported"},"totalUnitCount":0},"operatingCapacityMw":1.0,"operatingCapacityMwByTechnology":{"solar":1.0},"plannedCapacityCoverage":{"coveragePercent":0.0,"knownUnitCount":0,"method":"unavailable","totalUnitCount":0},"plannedCapacityMw":0.0,"plannedCapacityMwByTechnology":{},"recordCount":1,"recordIds":["wattlas-record-osm-way-1282255394"],"sourceIds":["openstreetmap-power"],"technologies":["solar"],"technologyMixMw":{"solar":1.0},"unitCount":0,"unitIds":[]},"type":"Feature"},{"geometry":{"coordinates":[18.601746,50.492876],"type":"Point"},"id":"wattlas-plant-osm-way-1282255395","properties":{"aliases":["Wielowieś 1"],"canonicalAnchor":"osm:way/1282255395","canonicalCountryKey":"PL","capacityMw":1.0,"country":"PL","externalIds":{"osm":"way/1282255395"},"geographyId":"PL-17162690B16879770934003","id":"wattlas-plant-osm-way-1282255395","lifecycleCounts":{"operational":1},"locationPrecision":"exact","name":"Wielowieś 1","operatingCapacityCoverage":{"coveragePercent":100.0,"knownUnitCount":0,"method":"plant_aggregate","provenance":{"evidenceCount":0,"recordIds":["wattlas-record-osm-way-1282255395"],"sourceIds":["openstreetmap-power"],"sourceTypes":["community_mapped"],"valueKind":"reported"},"totalUnitCount":0},"operatingCapacityMw":1.0,"operatingCapacityMwByTechnology":{"solar":1.0},"plannedCapacityCoverage":{"coveragePercent":0.0,"knownUnitCount":0,"method":"unavailable","totalUnitCount":0},"plannedCapacityMw":0.0,"plannedCapacityMwByTechnology":{},"recordCount":1,"recordIds":["wattlas-record-osm-way-1282255395"],"sourceIds":["openstreetmap-power"],"technologies":["solar"],"technologyMixMw":{"solar":1.0},"unitCount":0,"unitIds":[]},"type":"Feature"},{"geometry":{"coordinates":[18.075077,51.784624],"type":"Point"},"id":"wattlas-plant-osm-way-1288614505","properties":{"aliases":["Farma fotowoltaiczna Kalisz II"],"canonicalAnchor":"osm:way/1288614505","canonicalCountryKey":"PL","capacityMw":1.0,"country":"PL","externalIds":{"osm":"way/1288614505"},"geographyId":"PL-17162690B71775569625336","id":"wattlas-plant-osm-way-1288614505","lifecycleCounts":{"operational":1},"locationPrecision":"exact","name":"Farma fotowoltaiczna Kalisz II","operatingCapacityCoverage":{"coveragePercent":100.0,"knownUnitCount":0,"method":"plant_aggregate","provenance":{"evidenceCount":0,"recordIds":["wattlas-record-osm-way-1288614505"],"sourceIds":["openstreetmap-power"],"sourceTypes":["community_mapped"],"valueKind":"reported"},"totalUnitCount":0},"operatingCapacityMw":1.0,"operatingCapacityMwByTechnology":{"solar":1.0},"plannedCapacityCoverage":{"coveragePercent":0.0,"knownUnitCount":0,"method":"unavailable","totalUnitCount":0},"plannedCapacityMw":0.0,"plannedCapacityMwByTechnology":{},"recordCount":1,"recordIds":["wattlas-record-osm-way-1288614505"],"sourceIds":["openstreetmap-power"],"technologies":["solar"],"technologyMixMw":{"solar":1.0},"unitCount":0,"unitIds":[]},"type":"Feature"},{"geometry":{"coordinates":[18.076262,51.784317],"type":"Point"},"id":"wattlas-plant-osm-way-1288614506","properties":{"aliases":["Farma fotowoltaiczna Kalisz I"],"canonicalAnchor":"osm:way/1288614506","canonicalCountryKey":"PL","capacityMw":1.0,"country":"PL","externalIds":{"osm":"way/1288614506"},"geographyId":"PL-17162690B71775569625336","id":"wattlas-plant-osm-way-1288614506","lifecycleCounts":{"operational":1},"locationPrecision":"exact","name":"Farma fotowoltaiczna Kalisz I","operatingCapacityCoverage":{"coveragePercent":100.0,"knownUnitCount":0,"method":"plant_aggregate","provenance":{"evidenceCount":0,"recordIds":["wattlas-record-osm-way-1288614506"],"sourceIds":["openstreetmap-power"],"sourceTypes":["community_mapped"],"valueKind":"reported"},"totalUnitCount":0},"operatingCapacityMw":1.0,"operatingCapacityMwByTechnology":{"solar":1.0},"plannedCapacityCoverage":{"coveragePercent":0.0,"knownUnitCount":0,"method":"unavailable","totalUnitCount":0},"plannedCapacityMw":0.0,"plannedCapacityMwByTechnology":{},"recordCount":1,"recordIds":["wattlas-record-osm-way-1288614506"],"sourceIds":["openstreetmap-power"],"technologies":["solar"],"technologyMixMw":{"solar":1.0},"unitCount":0,"unitIds":[]},"type":"Feature"},{"geometry":{"coordinates":[16.721072,50.504191],"type":"Point"},"id":"wattlas-plant-osm-way-1288978460","properties":{"aliases":["Elektrownia wodna Opolnica"],"canonicalAnchor":"osm:way/1288978460","canonicalCountryKey":"PL","capacityMw":0.0,"country":"PL","externalIds":{"osm":"way/1288978460"},"geographyId":"PL-17162690B9130125042960","id":"wattlas-plant-osm-way-1288978460","lifecycleCounts":{"operational":1},"locationPrecision":"exact","name":"Elektrownia wodna Opolnica","operatingCapacityCoverage":{"coveragePercent":0.0,"knownUnitCount":0,"method":"unavailable","totalUnitCount":0},"operatingCapacityMw":0.0,"operatingCapacityMwByTechnology":{},"plannedCapacityCoverage":{"coveragePercent":0.0,"knownUnitCount":0,"method":"unavailable","totalUnitCount":0},"plannedCapacityMw":0.0,"plannedCapacityMwByTechnology":{},"recordCount":1,"recordIds":["wattlas-record-osm-way-1288978460"],"sourceIds":["openstreetmap-power"],"technologies":["hydro"],"technologyMixMw":{"hydro":0.0},"unitCount":0,"unitIds":[]},"type":"Feature"},{"geometry":{"coordinates":[18.225931,52.368629],"type":"Point"},"id":"wattlas-plant-osm-way-1289637291","properties":{"aliases":["Farma Fotowoltaiczna Helenowo"],"canonicalAnchor":"osm:way/1289637291","canonicalCountryKey":"PL","capacityMw":74.0,"country":"PL","externalIds":{"osm":"way/1289637291"},"geographyId":"PL-17162690B71775569625336","id":"wattlas-plant-osm-way-1289637291","lifecycleCounts":{"operational":1},"locationPrecision":"exact","name":"Farma Fotowoltaiczna Helenowo","operatingCapacityCoverage":{"coveragePercent":100.0,"knownUnitCount":0,"method":"plant_aggregate","provenance":{"evidenceCount":0,"recordIds":["wattlas-record-osm-way-1289637291"],"sourceIds":["openstreetmap-power"],"sourceTypes":["community_mapped"],"valueKind":"reported"},"totalUnitCount":0},"operatingCapacityMw":74.0,"operatingCapacityMwByTechnology":{"solar":74.0},"plannedCapacityCoverage":{"coveragePercent":0.0,"knownUnitCount":0,"method":"unavailable","totalUnitCount":0},"plannedCapacityMw":0.0,"plannedCapacityMwByTechnology":{},"recordCount":1,"recordIds":["wattlas-record-osm-way-1289637291"],"sourceIds":["openstreetmap-power"],"technologies":["solar"],"technologyMixMw":{"solar":74.0},"unitCount":0,"unitIds":[]},"type":"Feature"},{"geometry":{"coordinates":[22.419,51.400778],"type":"Point"},"id":"wattlas-plant-osm-way-1290439129","properties":{"aliases":["SW Sollis Sp. z o.o."],"canonicalAnchor":"osm:way/1290439129","canonicalCountryKey":"PL","capacityMw":0.0,"country":"PL","externalIds":{"osm":"way/1290439129"},"geographyId":"PL-17162690B69262761487853","id":"wattlas-plant-osm-way-1290439129","lifecycleCounts":{"operational":1},"locationPrecision":"exact","name":"SW Sollis Sp. z o.o.","operatingCapacityCoverage":{"coveragePercent":0.0,"knownUnitCount":0,"method":"unavailable","totalUnitCount":0},"operatingCapacityMw":0.0,"operatingCapacityMwByTechnology":{},"plannedCapacityCoverage":{"coveragePercent":0.0,"knownUnitCount":0,"method":"unavailable","totalUnitCount":0},"plannedCapacityMw":0.0,"plannedCapacityMwByTechnology":{},"recordCount":1,"recordIds":["wattlas-record-osm-way-1290439129"],"sourceIds":["openstreetmap-power"],"technologies":["solar"],"technologyMixMw":{"solar":0.0},"unitCount":0,"unitIds":[]},"type":"Feature"},{"geometry":{"coordinates":[14.624093,53.139226],"type":"Point"},"id":"wattlas-plant-osm-way-1292301087","properties":{"aliases":["Farma Fotowoltaiczna Lubanowo"],"canonicalAnchor":"osm:way/1292301087","canonicalCountryKey":"PL","capacityMw":0.0,"country":"PL","externalIds":{"osm":"way/1292301087"},"geographyId":"PL-17162690B34878575347312","id":"wattlas-plant-osm-way-1292301087","lifecycleCounts":{"operational":1},"locationPrecision":"exact","name":"Farma Fotowoltaiczna Lubanowo","operatingCapacityCoverage":{"coveragePercent":0.0,"knownUnitCount":0,"method":"unavailable","totalUnitCount":0},"operatingCapacityMw":0.0,"operatingCapacityMwByTechnology":{},"plannedCapacityCoverage":{"coveragePercent":0.0,"knownUnitCount":0,"method":"unavailable","totalUnitCount":0},"plannedCapacityMw":0.0,"plannedCapacityMwByTechnology":{},"recordCount":1,"recordIds":["wattlas-record-osm-way-1292301087"],"sourceIds":["openstreetmap-power"],"technologies":["solar"],"technologyMixMw":{"solar":0.0},"unitCount":0,"unitIds":[]},"type":"Feature"},{"geometry":{"coordinates":[15.570776,53.214005],"type":"Point"},"id":"wattlas-plant-osm-way-1295698625","properties":{"aliases":["Farma fotowoltaiczna"],"canonicalAnchor":"osm:way/1295698625","canonicalCountryKey":"PL","capacityMw":0.0,"country":"PL","externalIds":{"osm":"way/1295698625"},"geographyId":"PL-17162690B34878575347312","id":"wattlas-plant-osm-way-1295698625","lifecycleCounts":{"operational":1},"locationPrecision":"exact","name":"Farma fotowoltaiczna","operatingCapacityCoverage":{"coveragePercent":0.0,"knownUnitCount":0,"method":"unavailable","totalUnitCount":0},"operatingCapacityMw":0.0,"operatingCapacityMwByTechnology":{},"plannedCapacityCoverage":{"coveragePercent":0.0,"knownUnitCount":0,"method":"unavailable","totalUnitCount":0},"plannedCapacityMw":0.0,"plannedCapacityMwByTechnology":{},"recordCount":1,"recordIds":["wattlas-record-osm-way-1295698625"],"sourceIds":["openstreetmap-power"],"technologies":["solar"],"technologyMixMw":{"solar":0.0},"unitCount":0,"unitIds":[]},"type":"Feature"},{"geometry":{"coordinates":[20.058261,52.079146],"type":"Point"},"id":"wattlas-plant-osm-way-1295835885","properties":{"aliases":["Farma fotowoltaiczna"],"canonicalAnchor":"osm:way/1295835885","canonicalCountryKey":"PL","capacityMw":0.0,"country":"PL","externalIds":{"osm":"way/1295835885"},"geographyId":"PL-17162690B86810837764805","id":"wattlas-plant-osm-way-1295835885","lifecycleCounts":{"operational":1},"locationPrecision":"exact","name":"Farma fotowoltaiczna","operatingCapacityCoverage":{"coveragePercent":0.0,"knownUnitCount":0,"method":"unavailable","totalUnitCount":0},"operatingCapacityMw":0.0,"operatingCapacityMwByTechnology":{},"plannedCapacityCoverage":{"coveragePercent":0.0,"knownUnitCount":0,"method":"unavailable","totalUnitCount":0},"plannedCapacityMw":0.0,"plannedCapacityMwByTechnology":{},"recordCount":1,"recordIds":["wattlas-record-osm-way-1295835885"],"sourceIds":["openstreetmap-power"],"technologies":["solar"],"technologyMixMw":{"solar":0.0},"unitCount":0,"unitIds":[]},"type":"Feature"},{"geometry":{"coordinates":[21.625531,51.915474],"type":"Point"},"id":"wattlas-plant-osm-way-1296940298","properties":{"aliases":["Mapped power plant · OSM 1296940298"],"canonicalAnchor":"osm:way/1296940298","canonicalCountryKey":"PL","capacityMw":4.0,"country":"PL","externalIds":{"osm":"way/1296940298"},"geographyId":"PL-17162690B84565288021286","id":"wattlas-plant-osm-way-1296940298","lifecycleCounts":{"operational":1},"locationPrecision":"exact","name":"Mapped power plant · OSM 1296940298","operatingCapacityCoverage":{"coveragePercent":100.0,"knownUnitCount":0,"method":"plant_aggregate","provenance":{"evidenceCount":0,"recordIds":["wattlas-record-osm-way-1296940298"],"sourceIds":["openstreetmap-power"],"sourceTypes":["community_mapped"],"valueKind":"reported"},"totalUnitCount":0},"operatingCapacityMw":4.0,"operatingCapacityMwByTechnology":{"solar":4.0},"plannedCapacityCoverage":{"coveragePercent":0.0,"knownUnitCount":0,"method":"unavailable","totalUnitCount":0},"plannedCapacityMw":0.0,"plannedCapacityMwByTechnology":{},"recordCount":1,"recordIds":["wattlas-record-osm-way-1296940298"],"sourceIds":["openstreetmap-power"],"technologies":["solar"],"technologyMixMw":{"solar":4.0},"unitCount":0,"unitIds":[]},"type":"Feature"},{"geometry":{"coordinates":[14.976636,51.368811],"type":"Point"},"id":"wattlas-plant-osm-way-129861850","properties":{"aliases":["Bremenwerk"],"canonicalAnchor":"osm:way/129861850","canonicalCountryKey":"PL","capacityMw":0.0,"country":"PL","externalIds":{"osm":"way/129861850"},"geographyId":"PL-17162690B87710404837799","id":"wattlas-plant-osm-way-129861850","lifecycleCounts":{"operational":1},"locationPrecision":"exact","name":"Bremenwerk","operatingCapacityCoverage":{"coveragePercent":0.0,"knownUnitCount":0,"method":"unavailable","totalUnitCount":0},"operatingCapacityMw":0.0,"operatingCapacityMwByTechnology":{},"plannedCapacityCoverage":{"coveragePercent":0.0,"knownUnitCount":0,"method":"unavailable","totalUnitCount":0},"plannedCapacityMw":0.0,"plannedCapacityMwByTechnology":{},"recordCount":1,"recordIds":["wattlas-record-osm-way-129861850"],"sourceIds":["openstreetmap-power"],"technologies":["hydro"],"technologyMixMw":{"hydro":0.0},"unitCount":0,"unitIds":[]},"type":"Feature"},{"geometry":{"coordinates":[15.45657,53.209754],"type":"Point"},"id":"wattlas-plant-osm-way-1298632759","properties":{"aliases":["Farma fotowoltaiczna"],"canonicalAnchor":"osm:way/1298632759","canonicalCountryKey":"PL","capacityMw":0.0,"country":"PL","externalIds":{"osm":"way/1298632759"},"geographyId":"PL-17162690B34878575347312","id":"wattlas-plant-osm-way-1298632759","lifecycleCounts":{"operational":1},"locationPrecision":"exact","name":"Farma fotowoltaiczna","operatingCapacityCoverage":{"coveragePercent":0.0,"knownUnitCount":0,"method":"unavailable","totalUnitCount":0},"operatingCapacityMw":0.0,"operatingCapacityMwByTechnology":{},"plannedCapacityCoverage":{"coveragePercent":0.0,"knownUnitCount":0,"method":"unavailable","totalUnitCount":0},"plannedCapacityMw":0.0,"plannedCapacityMwByTechnology":{},"recordCount":1,"recordIds":["wattlas-record-osm-way-1298632759"],"sourceIds":["openstreetmap-power"],"technologies":["solar"],"technologyMixMw":{"solar":0.0},"unitCount":0,"unitIds":[]},"type":"Feature"},{"geometry":{"coordinates":[15.520375,53.092426],"type":"Point"},"id":"wattlas-plant-osm-way-1298634286","properties":{"aliases":["Farma fotowoltaiczna"],"canonicalAnchor":"osm:way/1298634286","canonicalCountryKey":"PL","capacityMw":0.0,"country":"PL","externalIds":{"osm":"way/1298634286"},"geographyId":"PL-17162690B34878575347312","id":"wattlas-plant-osm-way-1298634286","lifecycleCounts":{"operational":1},"locationPrecision":"exact","name":"Farma fotowoltaiczna","operatingCapacityCoverage":{"coveragePercent":0.0,"knownUnitCount":0,"method":"unavailable","totalUnitCount":0},"operatingCapacityMw":0.0,"operatingCapacityMwByTechnology":{},"plannedCapacityCoverage":{"coveragePercent":0.0,"knownUnitCount":0,"method":"unavailable","totalUnitCount":0},"plannedCapacityMw":0.0,"plannedCapacityMwByTechnology":{},"recordCount":1,"recordIds":["wattlas-record-osm-way-1298634286"],"sourceIds":["openstreetmap-power"],"technologies":["solar"],"technologyMixMw":{"solar":0.0},"unitCount":0,"unitIds":[]},"type":"Feature"},{"geometry":{"coordinates":[15.509997,53.092133],"type":"Point"},"id":"wattlas-plant-osm-way-1298634288","properties":{"aliases":["Farma fotowoltaiczna"],"canonicalAnchor":"osm:way/1298634288","canonicalCountryKey":"PL","capacityMw":0.0,"country":"PL","externalIds":{"osm":"way/1298634288"},"geographyId":"PL-17162690B34878575347312","id":"wattlas-plant-osm-way-1298634288","lifecycleCounts":{"operational":1},"locationPrecision":"exact","name":"Farma fotowoltaiczna","operatingCapacityCoverage":{"coveragePercent":0.0,"knownUnitCount":0,"method":"unavailable","totalUnitCount":0},"operatingCapacityMw":0.0,"operatingCapacityMwByTechnology":{},"plannedCapacityCoverage":{"coveragePercent":0.0,"knownUnitCount":0,"method":"unavailable","totalUnitCount":0},"plannedCapacityMw":0.0,"plannedCapacityMwByTechnology":{},"recordCount":1,"recordIds":["wattlas-record-osm-way-1298634288"],"sourceIds":["openstreetmap-power"],"technologies":["solar"],"technologyMixMw":{"solar":0.0},"unitCount":0,"unitIds":[]},"type":"Feature"},{"geometry":{"coordinates":[15.508951,53.082944],"type":"Point"},"id":"wattlas-plant-osm-way-1298635968","properties":{"aliases":["Farma fotowoltaiczna"],"canonicalAnchor":"osm:way/1298635968","canonicalCountryKey":"PL","capacityMw":0.0,"country":"PL","externalIds":{"osm":"way/1298635968"},"geographyId":"PL-17162690B34878575347312","id":"wattlas-plant-osm-way-1298635968","lifecycleCounts":{"operational":1},"locationPrecision":"exact","name":"Farma fotowoltaiczna","operatingCapacityCoverage":{"coveragePercent":0.0,"knownUnitCount":0,"method":"unavailable","totalUnitCount":0},"operatingCapacityMw":0.0,"operatingCapacityMwByTechnology":{},"plannedCapacityCoverage":{"coveragePercent":0.0,"knownUnitCount":0,"method":"unavailable","totalUnitCount":0},"plannedCapacityMw":0.0,"plannedCapacityMwByTechnology":{},"recordCount":1,"recordIds":["wattlas-record-osm-way-1298635968"],"sourceIds":["openstreetmap-power"],"technologies":["solar"],"technologyMixMw":{"solar":0.0},"unitCount":0,"unitIds":[]},"type":"Feature"},{"geometry":{"coordinates":[20.892928,50.017648],"type":"Point"},"id":"wattlas-plant-osm-way-1303057280","properties":{"aliases":["MEW Ostrów"],"canonicalAnchor":"osm:way/1303057280","canonicalCountryKey":"PL","capacityMw":2.1,"country":"PL","externalIds":{"osm":"way/1303057280"},"geographyId":"PL-17162690B67655395900928","id":"wattlas-plant-osm-way-1303057280","lifecycleCounts":{"operational":1},"locationPrecision":"exact","name":"MEW Ostrów","operatingCapacityCoverage":{"coveragePercent":100.0,"knownUnitCount":0,"method":"plant_aggregate","provenance":{"evidenceCount":0,"recordIds":["wattlas-record-osm-way-1303057280"],"sourceIds":["openstreetmap-power"],"sourceTypes":["community_mapped"],"valueKind":"reported"},"totalUnitCount":0},"operatingCapacityMw":2.1,"operatingCapacityMwByTechnology":{"hydro":2.1},"plannedCapacityCoverage":{"coveragePercent":0.0,"knownUnitCount":0,"method":"unavailable","totalUnitCount":0},"plannedCapacityMw":0.0,"plannedCapacityMwByTechnology":{},"recordCount":1,"recordIds":["wattlas-record-osm-way-1303057280"],"sourceIds":["openstreetmap-power"],"technologies":["hydro"],"technologyMixMw":{"hydro":2.1},"unitCount":0,"unitIds":[]},"type":"Feature"},{"geometry":{"coordinates":[16.248479,51.349476],"type":"Point"},"id":"wattlas-plant-osm-way-1306384048","properties":{"aliases":["Farma fotowoltaiczna Pieszków"],"canonicalAnchor":"osm:way/1306384048","canonicalCountryKey":"PL","capacityMw":0.0,"country":"PL","externalIds":{"osm":"way/1306384048"},"geographyId":"PL-17162690B9130125042960","id":"wattlas-plant-osm-way-1306384048","lifecycleCounts":{"operational":1},"locationPrecision":"exact","name":"Farma fotowoltaiczna Pieszków","operatingCapacityCoverage":{"coveragePercent":0.0,"knownUnitCount":0,"method":"unavailable","totalUnitCount":0},"operatingCapacityMw":0.0,"operatingCapacityMwByTechnology":{},"plannedCapacityCoverage":{"coveragePercent":0.0,"knownUnitCount":0,"method":"unavailable","totalUnitCount":0},"plannedCapacityMw":0.0,"plannedCapacityMwByTechnology":{},"recordCount":1,"recordIds":["wattlas-record-osm-way-1306384048"],"sourceIds":["openstreetmap-power"],"technologies":["solar"],"technologyMixMw":{"solar":0.0},"unitCount":0,"unitIds":[]},"type":"Feature"},{"geometry":{"coordinates":[22.648366,51.453603],"type":"Point"},"id":"wattlas-plant-osm-way-1311873594","properties":{"aliases":["budowa farmy PV"],"canonicalAnchor":"osm:way/1311873594","canonicalCountryKey":"PL","capacityMw":0.0,"country":"PL","externalIds":{"osm":"way/1311873594"},"geographyId":"PL-17162690B69262761487853","id":"wattlas-plant-osm-way-1311873594","lifecycleCounts":{"operational":1},"locationPrecision":"exact","name":"budowa farmy PV","operatingCapacityCoverage":{"coveragePercent":0.0,"knownUnitCount":0,"method":"unavailable","totalUnitCount":0},"operatingCapacityMw":0.0,"operatingCapacityMwByTechnology":{},"plannedCapacityCoverage":{"coveragePercent":0.0,"knownUnitCount":0,"method":"unavailable","totalUnitCount":0},"plannedCapacityMw":0.0,"plannedCapacityMwByTechnology":{},"recordCount":1,"recordIds":["wattlas-record-osm-way-1311873594"],"sourceIds":["openstreetmap-power"],"technologies":["solar"],"technologyMixMw":{"solar":0.0},"unitCount":0,"unitIds":[]},"type":"Feature"},{"geometry":{"coordinates":[22.644142,51.455507],"type":"Point"},"id":"wattlas-plant-osm-way-1311873596","properties":{"aliases":["budowa farmy PV"],"canonicalAnchor":"osm:way/1311873596","canonicalCountryKey":"PL","capacityMw":0.0,"country":"PL","externalIds":{"osm":"way/1311873596"},"geographyId":"PL-17162690B69262761487853","id":"wattlas-plant-osm-way-1311873596","lifecycleCounts":{"operational":1},"locationPrecision":"exact","name":"budowa farmy PV","operatingCapacityCoverage":{"coveragePercent":0.0,"knownUnitCount":0,"method":"unavailable","totalUnitCount":0},"operatingCapacityMw":0.0,"operatingCapacityMwByTechnology":{},"plannedCapacityCoverage":{"coveragePercent":0.0,"knownUnitCount":0,"method":"unavailable","totalUnitCount":0},"plannedCapacityMw":0.0,"plannedCapacityMwByTechnology":{},"recordCount":1,"recordIds":["wattlas-record-osm-way-1311873596"],"sourceIds":["openstreetmap-power"],"technologies":["solar"],"technologyMixMw":{"solar":0.0},"unitCount":0,"unitIds":[]},"type":"Feature"},{"geometry":{"coordinates":[21.902686,50.551713],"type":"Point"},"id":"wattlas-plant-osm-way-1311940628","properties":{"aliases":["Farma fotowoltaiczna PV Jeziórko 3"],"canonicalAnchor":"osm:way/1311940628","canonicalCountryKey":"PL","capacityMw":0.0,"country":"PL","externalIds":{"osm":"way/1311940628"},"geographyId":"PL-17162690B44985096553766","id":"wattlas-plant-osm-way-1311940628","lifecycleCounts":{"operational":1},"locationPrecision":"exact","name":"Farma fotowoltaiczna PV Jeziórko 3","operatingCapacityCoverage":{"coveragePercent":0.0,"knownUnitCount":0,"method":"unavailable","totalUnitCount":0},"operatingCapacityMw":0.0,"operatingCapacityMwByTechnology":{},"plannedCapacityCoverage":{"coveragePercent":0.0,"knownUnitCount":0,"method":"unavailable","totalUnitCount":0},"plannedCapacityMw":0.0,"plannedCapacityMwByTechnology":{},"recordCount":1,"recordIds":["wattlas-record-osm-way-1311940628"],"sourceIds":["openstreetmap-power"],"technologies":["solar"],"technologyMixMw":{"solar":0.0},"unitCount":0,"unitIds":[]},"type":"Feature"},{"geometry":{"coordinates":[21.781377,50.550351],"type":"Point"},"id":"wattlas-plant-osm-way-1311941188","properties":{"aliases":["Farma fotowoltaiczna \"Jeziórko 4\""],"canonicalAnchor":"osm:way/1311941188","canonicalCountryKey":"PL","capacityMw":0.0,"country":"PL","externalIds":{"osm":"way/1311941188"},"geographyId":"PL-17162690B44985096553766","id":"wattlas-plant-osm-way-1311941188","lifecycleCounts":{"operational":1},"locationPrecision":"exact","name":"Farma fotowoltaiczna \"Jeziórko 4\"","operatingCapacityCoverage":{"coveragePercent":0.0,"knownUnitCount":0,"method":"unavailable","totalUnitCount":0},"operatingCapacityMw":0.0,"operatingCapacityMwByTechnology":{},"plannedCapacityCoverage":{"coveragePercent":0.0,"knownUnitCount":0,"method":"unavailable","totalUnitCount":0},"plannedCapacityMw":0.0,"plannedCapacityMwByTechnology":{},"recordCount":1,"recordIds":["wattlas-record-osm-way-1311941188"],"sourceIds":["openstreetmap-power"],"technologies":["solar"],"technologyMixMw":{"solar":0.0},"unitCount":0,"unitIds":[]},"type":"Feature"},{"geometry":{"coordinates":[18.696514,53.971751],"type":"Point"},"id":"wattlas-plant-osm-way-1312054159","properties":{"aliases":["Farma fotowoltaiczna Rajkowy"],"canonicalAnchor":"osm:way/1312054159","canonicalCountryKey":"PL","capacityMw":0.0,"country":"PL","externalIds":{"osm":"way/1312054159"},"geographyId":"PL-17162690B77437931625010","id":"wattlas-plant-osm-way-1312054159","lifecycleCounts":{"operational":1},"locationPrecision":"exact","name":"Farma fotowoltaiczna Rajkowy","operatingCapacityCoverage":{"coveragePercent":0.0,"knownUnitCount":0,"method":"unavailable","totalUnitCount":0},"operatingCapacityMw":0.0,"operatingCapacityMwByTechnology":{},"plannedCapacityCoverage":{"coveragePercent":0.0,"knownUnitCount":0,"method":"unavailable","totalUnitCount":0},"plannedCapacityMw":0.0,"plannedCapacityMwByTechnology":{},"recordCount":1,"recordIds":["wattlas-record-osm-way-1312054159"],"sourceIds":["openstreetmap-power"],"technologies":["solar"],"technologyMixMw":{"solar":0.0},"unitCount":0,"unitIds":[]},"type":"Feature"},{"geometry":{"coordinates":[18.005062,54.56154],"type":"Point"},"id":"wattlas-plant-osm-way-1313045260","properties":{"aliases":["Farma fotowoltaiczna"],"canonicalAnchor":"osm:way/1313045260","canonicalCountryKey":"PL","capacityMw":0.0,"country":"PL","externalIds":{"osm":"way/1313045260"},"geographyId":"PL-17162690B77437931625010","id":"wattlas-plant-osm-way-1313045260","lifecycleCounts":{"operational":1},"locationPrecision":"exact","name":"Farma fotowoltaiczna","operatingCapacityCoverage":{"coveragePercent":0.0,"knownUnitCount":0,"method":"unavailable","totalUnitCount":0},"operatingCapacityMw":0.0,"operatingCapacityMwByTechnology":{},"plannedCapacityCoverage":{"coveragePercent":0.0,"knownUnitCount":0,"method":"unavailable","totalUnitCount":0},"plannedCapacityMw":0.0,"plannedCapacityMwByTechnology":{},"recordCount":1,"recordIds":["wattlas-record-osm-way-1313045260"],"sourceIds":["openstreetmap-power"],"technologies":["solar"],"technologyMixMw":{"solar":0.0},"unitCount":0,"unitIds":[]},"type":"Feature"},{"geometry":{"coordinates":[18.91104,50.446537],"type":"Point"},"id":"wattlas-plant-osm-way-1314136869","properties":{"aliases":["Mapped power plant · OSM 1314136869"],"canonicalAnchor":"osm:way/1314136869","canonicalCountryKey":"PL","capacityMw":0.0,"country":"PL","externalIds":{"osm":"way/1314136869"},"geographyId":"PL-17162690B16879770934003","id":"wattlas-plant-osm-way-1314136869","lifecycleCounts":{"operational":1},"locationPrecision":"exact","name":"Mapped power plant · OSM 1314136869","operatingCapacityCoverage":{"coveragePercent":0.0,"knownUnitCount":0,"method":"unavailable","totalUnitCount":0},"operatingCapacityMw":0.0,"operatingCapacityMwByTechnology":{},"plannedCapacityCoverage":{"coveragePercent":0.0,"knownUnitCount":0,"method":"unavailable","totalUnitCount":0},"plannedCapacityMw":0.0,"plannedCapacityMwByTechnology":{},"recordCount":1,"recordIds":["wattlas-record-osm-way-1314136869"],"sourceIds":["openstreetmap-power"],"technologies":["solar"],"technologyMixMw":{"solar":0.0},"unitCount":0,"unitIds":[]},"type":"Feature"},{"geometry":{"coordinates":[23.166345,51.912046],"type":"Point"},"id":"wattlas-plant-osm-way-1315276973","properties":{"aliases":["Biogazownia w budowie"],"canonicalAnchor":"osm:way/1315276973","canonicalCountryKey":"PL","capacityMw":0.0,"country":"PL","externalIds":{"osm":"way/1315276973"},"geographyId":"PL-17162690B69262761487853","id":"wattlas-plant-osm-way-1315276973","lifecycleCounts":{"operational":1},"locationPrecision":"exact","name":"Biogazownia w budowie","operatingCapacityCoverage":{"coveragePercent":0.0,"knownUnitCount":0,"method":"unavailable","totalUnitCount":0},"operatingCapacityMw":0.0,"operatingCapacityMwByTechnology":{},"plannedCapacityCoverage":{"coveragePercent":0.0,"knownUnitCount":0,"method":"unavailable","totalUnitCount":0},"plannedCapacityMw":0.0,"plannedCapacityMwByTechnology":{},"recordCount":1,"recordIds":["wattlas-record-osm-way-1315276973"],"sourceIds":["openstreetmap-power"],"technologies":["biomass"],"technologyMixMw":{"biomass":0.0},"unitCount":0,"unitIds":[]},"type":"Feature"},{"geometry":{"coordinates":[17.438945,52.715738],"type":"Point"},"id":"wattlas-plant-osm-way-1315772149","properties":{"aliases":["Farma fotowoltaiczna Łopienno 2"],"canonicalAnchor":"osm:way/1315772149","canonicalCountryKey":"PL","capacityMw":6.6,"country":"PL","externalIds":{"osm":"way/1315772149"},"geographyId":"PL-17162690B71775569625336","id":"wattlas-plant-osm-way-1315772149","lifecycleCounts":{"operational":1},"locationPrecision":"exact","name":"Farma fotowoltaiczna Łopienno 2","operatingCapacityCoverage":{"coveragePercent":100.0,"knownUnitCount":0,"method":"plant_aggregate","provenance":{"evidenceCount":0,"recordIds":["wattlas-record-osm-way-1315772149"],"sourceIds":["openstreetmap-power"],"sourceTypes":["community_mapped"],"valueKind":"reported"},"totalUnitCount":0},"operatingCapacityMw":6.6,"operatingCapacityMwByTechnology":{"solar":6.6},"plannedCapacityCoverage":{"coveragePercent":0.0,"knownUnitCount":0,"method":"unavailable","totalUnitCount":0},"plannedCapacityMw":0.0,"plannedCapacityMwByTechnology":{},"recordCount":1,"recordIds":["wattlas-record-osm-way-1315772149"],"sourceIds":["openstreetmap-power"],"technologies":["solar"],"technologyMixMw":{"solar":6.6},"unitCount":0,"unitIds":[]},"type":"Feature"},{"geometry":{"coordinates":[19.449637,50.165264],"type":"Point"},"id":"wattlas-plant-osm-way-1316462781","properties":{"aliases":["Mapped power plant · OSM 1316462781"],"canonicalAnchor":"osm:way/1316462781","canonicalCountryKey":"PL","capacityMw":0.0,"country":"PL","externalIds":{"osm":"way/1316462781"},"geographyId":"PL-17162690B67655395900928","id":"wattlas-plant-osm-way-1316462781","lifecycleCounts":{"operational":1},"locationPrecision":"exact","name":"Mapped power plant · OSM 1316462781","operatingCapacityCoverage":{"coveragePercent":0.0,"knownUnitCount":0,"method":"unavailable","totalUnitCount":0},"operatingCapacityMw":0.0,"operatingCapacityMwByTechnology":{},"plannedCapacityCoverage":{"coveragePercent":0.0,"knownUnitCount":0,"method":"unavailable","totalUnitCount":0},"plannedCapacityMw":0.0,"plannedCapacityMwByTechnology":{},"recordCount":1,"recordIds":["wattlas-record-osm-way-1316462781"],"sourceIds":["openstreetmap-power"],"technologies":["solar"],"technologyMixMw":{"solar":0.0},"unitCount":0,"unitIds":[]},"type":"Feature"},{"geometry":{"coordinates":[18.442879,50.753803],"type":"Point"},"id":"wattlas-plant-osm-way-1322681632","properties":{"aliases":["Farma fotowoltaiczna"],"canonicalAnchor":"osm:way/1322681632","canonicalCountryKey":"PL","capacityMw":0.0,"country":"PL","externalIds":{"osm":"way/1322681632"},"geographyId":"PL-17162690B67719337891950","id":"wattlas-plant-osm-way-1322681632","lifecycleCounts":{"operational":1},"locationPrecision":"exact","name":"Farma fotowoltaiczna","operatingCapacityCoverage":{"coveragePercent":0.0,"knownUnitCount":0,"method":"unavailable","totalUnitCount":0},"operatingCapacityMw":0.0,"operatingCapacityMwByTechnology":{},"plannedCapacityCoverage":{"coveragePercent":0.0,"knownUnitCount":0,"method":"unavailable","totalUnitCount":0},"plannedCapacityMw":0.0,"plannedCapacityMwByTechnology":{},"recordCount":1,"recordIds":["wattlas-record-osm-way-1322681632"],"sourceIds":["openstreetmap-power"],"technologies":["solar"],"technologyMixMw":{"solar":0.0},"unitCount":0,"unitIds":[]},"type":"Feature"},{"geometry":{"coordinates":[18.423097,50.767115],"type":"Point"},"id":"wattlas-plant-osm-way-1322681642","properties":{"aliases":["Farma fotowoltaiczna R.Power"],"canonicalAnchor":"osm:way/1322681642","canonicalCountryKey":"PL","capacityMw":0.0,"country":"PL","externalIds":{"osm":"way/1322681642"},"geographyId":"PL-17162690B67719337891950","id":"wattlas-plant-osm-way-1322681642","lifecycleCounts":{"operational":1},"locationPrecision":"exact","name":"Farma fotowoltaiczna R.Power","operatingCapacityCoverage":{"coveragePercent":0.0,"knownUnitCount":0,"method":"unavailable","totalUnitCount":0},"operatingCapacityMw":0.0,"operatingCapacityMwByTechnology":{},"plannedCapacityCoverage":{"coveragePercent":0.0,"knownUnitCount":0,"method":"unavailable","totalUnitCount":0},"plannedCapacityMw":0.0,"plannedCapacityMwByTechnology":{},"recordCount":1,"recordIds":["wattlas-record-osm-way-1322681642"],"sourceIds":["openstreetmap-power"],"technologies":["solar"],"technologyMixMw":{"solar":0.0},"unitCount":0,"unitIds":[]},"type":"Feature"},{"geometry":{"coordinates":[19.341047,50.344305],"type":"Point"},"id":"wattlas-plant-osm-way-1324882870","properties":{"aliases":["Mapped power plant · OSM 1324882870"],"canonicalAnchor":"osm:way/1324882870","canonicalCountryKey":"PL","capacityMw":110.0,"country":"PL","externalIds":{"osm":"way/1324882870"},"geographyId":"PL-17162690B16879770934003","id":"wattlas-plant-osm-way-1324882870","lifecycleCounts":{"operational":1},"locationPrecision":"exact","name":"Mapped power plant · OSM 1324882870","operatingCapacityCoverage":{"coveragePercent":100.0,"knownUnitCount":0,"method":"plant_aggregate","provenance":{"evidenceCount":0,"recordIds":["wattlas-record-osm-way-1324882870"],"sourceIds":["openstreetmap-power"],"sourceTypes":["community_mapped"],"valueKind":"reported"},"totalUnitCount":0},"operatingCapacityMw":110.0,"operatingCapacityMwByTechnology":{"gas":110.0},"plannedCapacityCoverage":{"coveragePercent":0.0,"knownUnitCount":0,"method":"unavailable","totalUnitCount":0},"plannedCapacityMw":0.0,"plannedCapacityMwByTechnology":{},"recordCount":1,"recordIds":["wattlas-record-osm-way-1324882870"],"sourceIds":["openstreetmap-power"],"technologies":["gas"],"technologyMixMw":{"gas":110.0},"unitCount":0,"unitIds":[]},"type":"Feature"},{"geometry":{"coordinates":[20.124654,52.237564],"type":"Point"},"id":"wattlas-plant-osm-way-1330491078","properties":{"aliases":["Farma fotowoltaiczna"],"canonicalAnchor":"osm:way/1330491078","canonicalCountryKey":"PL","capacityMw":0.0,"country":"PL","externalIds":{"osm":"way/1330491078"},"geographyId":"PL-17162690B84565288021286","id":"wattlas-plant-osm-way-1330491078","lifecycleCounts":{"operational":1},"locationPrecision":"exact","name":"Farma fotowoltaiczna","operatingCapacityCoverage":{"coveragePercent":0.0,"knownUnitCount":0,"method":"unavailable","totalUnitCount":0},"operatingCapacityMw":0.0,"operatingCapacityMwByTechnology":{},"plannedCapacityCoverage":{"coveragePercent":0.0,"knownUnitCount":0,"method":"unavailable","totalUnitCount":0},"plannedCapacityMw":0.0,"plannedCapacityMwByTechnology":{},"recordCount":1,"recordIds":["wattlas-record-osm-way-1330491078"],"sourceIds":["openstreetmap-power"],"technologies":["solar"],"technologyMixMw":{"solar":0.0},"unitCount":0,"unitIds":[]},"type":"Feature"},{"geometry":{"coordinates":[17.738451,54.532871],"type":"Point"},"id":"wattlas-plant-osm-way-1331154004","properties":{"aliases":["Instalacja PV ZPD LP"],"canonicalAnchor":"osm:way/1331154004","canonicalCountryKey":"PL","capacityMw":0.0,"country":"PL","externalIds":{"osm":"way/1331154004"},"geographyId":"PL-17162690B77437931625010","id":"wattlas-plant-osm-way-1331154004","lifecycleCounts":{"operational":1},"locationPrecision":"exact","name":"Instalacja PV ZPD LP","operatingCapacityCoverage":{"coveragePercent":0.0,"knownUnitCount":0,"method":"unavailable","totalUnitCount":0},"operatingCapacityMw":0.0,"operatingCapacityMwByTechnology":{},"plannedCapacityCoverage":{"coveragePercent":0.0,"knownUnitCount":0,"method":"unavailable","totalUnitCount":0},"plannedCapacityMw":0.0,"plannedCapacityMwByTechnology":{},"recordCount":1,"recordIds":["wattlas-record-osm-way-1331154004"],"sourceIds":["openstreetmap-power"],"technologies":["solar"],"technologyMixMw":{"solar":0.0},"unitCount":0,"unitIds":[]},"type":"Feature"},{"geometry":{"coordinates":[15.535338,53.237259],"type":"Point"},"id":"wattlas-plant-osm-way-1333011124","properties":{"aliases":["Farma fotowoltaiczna"],"canonicalAnchor":"osm:way/1333011124","canonicalCountryKey":"PL","capacityMw":0.0,"country":"PL","externalIds":{"osm":"way/1333011124"},"geographyId":"PL-17162690B34878575347312","id":"wattlas-plant-osm-way-1333011124","lifecycleCounts":{"operational":1},"locationPrecision":"exact","name":"Farma fotowoltaiczna","operatingCapacityCoverage":{"coveragePercent":0.0,"knownUnitCount":0,"method":"unavailable","totalUnitCount":0},"operatingCapacityMw":0.0,"operatingCapacityMwByTechnology":{},"plannedCapacityCoverage":{"coveragePercent":0.0,"knownUnitCount":0,"method":"unavailable","totalUnitCount":0},"plannedCapacityMw":0.0,"plannedCapacityMwByTechnology":{},"recordCount":1,"recordIds":["wattlas-record-osm-way-1333011124"],"sourceIds":["openstreetmap-power"],"technologies":["solar"],"technologyMixMw":{"solar":0.0},"unitCount":0,"unitIds":[]},"type":"Feature"},{"geometry":{"coordinates":[19.623077,50.235289],"type":"Point"},"id":"wattlas-plant-osm-way-1333567399","properties":{"aliases":["Mapped power plant · OSM 1333567399"],"canonicalAnchor":"osm:way/1333567399","canonicalCountryKey":"PL","capacityMw":0.0,"country":"PL","externalIds":{"osm":"way/1333567399"},"geographyId":"PL-17162690B67655395900928","id":"wattlas-plant-osm-way-1333567399","lifecycleCounts":{"operational":1},"locationPrecision":"exact","name":"Mapped power plant · OSM 1333567399","operatingCapacityCoverage":{"coveragePercent":0.0,"knownUnitCount":0,"method":"unavailable","totalUnitCount":0},"operatingCapacityMw":0.0,"operatingCapacityMwByTechnology":{},"plannedCapacityCoverage":{"coveragePercent":0.0,"knownUnitCount":0,"method":"unavailable","totalUnitCount":0},"plannedCapacityMw":0.0,"plannedCapacityMwByTechnology":{},"recordCount":1,"recordIds":["wattlas-record-osm-way-1333567399"],"sourceIds":["openstreetmap-power"],"technologies":["solar"],"technologyMixMw":{"solar":0.0},"unitCount":0,"unitIds":[]},"type":"Feature"},{"geometry":{"coordinates":[21.839592,54.021301],"type":"Point"},"id":"wattlas-plant-osm-way-1339049245","properties":{"aliases":["Mapped power plant · OSM 1339049245"],"canonicalAnchor":"osm:way/1339049245","canonicalCountryKey":"PL","capacityMw":9.0,"country":"PL","externalIds":{"osm":"way/1339049245"},"geographyId":"PL-17162690B18723007704312","id":"wattlas-plant-osm-way-1339049245","lifecycleCounts":{"operational":1},"locationPrecision":"exact","name":"Mapped power plant · OSM 1339049245","operatingCapacityCoverage":{"coveragePercent":100.0,"knownUnitCount":0,"method":"plant_aggregate","provenance":{"evidenceCount":0,"recordIds":["wattlas-record-osm-way-1339049245"],"sourceIds":["openstreetmap-power"],"sourceTypes":["community_mapped"],"valueKind":"reported"},"totalUnitCount":0},"operatingCapacityMw":9.0,"operatingCapacityMwByTechnology":{"solar":9.0},"plannedCapacityCoverage":{"coveragePercent":0.0,"knownUnitCount":0,"method":"unavailable","totalUnitCount":0},"plannedCapacityMw":0.0,"plannedCapacityMwByTechnology":{},"recordCount":1,"recordIds":["wattlas-record-osm-way-1339049245"],"sourceIds":["openstreetmap-power"],"technologies":["solar"],"technologyMixMw":{"solar":9.0},"unitCount":0,"unitIds":[]},"type":"Feature"},{"geometry":{"coordinates":[17.03591,50.624075],"type":"Point"},"id":"wattlas-plant-osm-way-1340581332","properties":{"aliases":["Farma fotowoltaiczna PV Ziębice"],"canonicalAnchor":"osm:way/1340581332","canonicalCountryKey":"PL","capacityMw":32.5,"country":"PL","externalIds":{"osm":"way/1340581332"},"geographyId":"PL-17162690B9130125042960","id":"wattlas-plant-osm-way-1340581332","lifecycleCounts":{"operational":1},"locationPrecision":"exact","name":"Farma fotowoltaiczna PV Ziębice","operatingCapacityCoverage":{"coveragePercent":100.0,"knownUnitCount":0,"method":"plant_aggregate","provenance":{"evidenceCount":0,"recordIds":["wattlas-record-osm-way-1340581332"],"sourceIds":["openstreetmap-power"],"sourceTypes":["community_mapped"],"valueKind":"reported"},"totalUnitCount":0},"operatingCapacityMw":32.5,"operatingCapacityMwByTechnology":{"solar":32.5},"plannedCapacityCoverage":{"coveragePercent":0.0,"knownUnitCount":0,"method":"unavailable","totalUnitCount":0},"plannedCapacityMw":0.0,"plannedCapacityMwByTechnology":{},"recordCount":1,"recordIds":["wattlas-record-osm-way-1340581332"],"sourceIds":["openstreetmap-power"],"technologies":["solar"],"technologyMixMw":{"solar":32.5},"unitCount":0,"unitIds":[]},"type":"Feature"},{"geometry":{"coordinates":[21.53038,51.969277],"type":"Point"},"id":"wattlas-plant-osm-way-1342685335","properties":{"aliases":["Farma Fotowoltaiczna Akzo Nobel"],"canonicalAnchor":"osm:way/1342685335","canonicalCountryKey":"PL","capacityMw":0.0,"country":"PL","externalIds":{"osm":"way/1342685335"},"geographyId":"PL-17162690B84565288021286","id":"wattlas-plant-osm-way-1342685335","lifecycleCounts":{"operational":1},"locationPrecision":"exact","name":"Farma Fotowoltaiczna Akzo Nobel","operatingCapacityCoverage":{"coveragePercent":0.0,"knownUnitCount":0,"method":"unavailable","totalUnitCount":0},"operatingCapacityMw":0.0,"operatingCapacityMwByTechnology":{},"plannedCapacityCoverage":{"coveragePercent":0.0,"knownUnitCount":0,"method":"unavailable","totalUnitCount":0},"plannedCapacityMw":0.0,"plannedCapacityMwByTechnology":{},"recordCount":1,"recordIds":["wattlas-record-osm-way-1342685335"],"sourceIds":["openstreetmap-power"],"technologies":["solar"],"technologyMixMw":{"solar":0.0},"unitCount":0,"unitIds":[]},"type":"Feature"},{"geometry":{"coordinates":[18.86808,51.135676],"type":"Point"},"id":"wattlas-plant-osm-way-1343006614","properties":{"aliases":["Mapped power plant · OSM 1343006614"],"canonicalAnchor":"osm:way/1343006614","canonicalCountryKey":"PL","capacityMw":0.0,"country":"PL","externalIds":{"osm":"way/1343006614"},"geographyId":"PL-17162690B86810837764805","id":"wattlas-plant-osm-way-1343006614","lifecycleCounts":{"operational":1},"locationPrecision":"exact","name":"Mapped power plant · OSM 1343006614","operatingCapacityCoverage":{"coveragePercent":0.0,"knownUnitCount":0,"method":"unavailable","totalUnitCount":0},"operatingCapacityMw":0.0,"operatingCapacityMwByTechnology":{},"plannedCapacityCoverage":{"coveragePercent":0.0,"knownUnitCount":0,"method":"unavailable","totalUnitCount":0},"plannedCapacityMw":0.0,"plannedCapacityMwByTechnology":{},"recordCount":1,"recordIds":["wattlas-record-osm-way-1343006614"],"sourceIds":["openstreetmap-power"],"technologies":["solar"],"technologyMixMw":{"solar":0.0},"unitCount":0,"unitIds":[]},"type":"Feature"},{"geometry":{"coordinates":[20.470987,52.103705],"type":"Point"},"id":"wattlas-plant-osm-way-1344893775","properties":{"aliases":["Farma fotowoltaiczna"],"canonicalAnchor":"osm:way/1344893775","canonicalCountryKey":"PL","capacityMw":0.0,"country":"PL","externalIds":{"osm":"way/1344893775"},"geographyId":"PL-17162690B84565288021286","id":"wattlas-plant-osm-way-1344893775","lifecycleCounts":{"operational":1},"locationPrecision":"exact","name":"Farma fotowoltaiczna","operatingCapacityCoverage":{"coveragePercent":0.0,"knownUnitCount":0,"method":"unavailable","totalUnitCount":0},"operatingCapacityMw":0.0,"operatingCapacityMwByTechnology":{},"plannedCapacityCoverage":{"coveragePercent":0.0,"knownUnitCount":0,"method":"unavailable","totalUnitCount":0},"plannedCapacityMw":0.0,"plannedCapacityMwByTechnology":{},"recordCount":1,"recordIds":["wattlas-record-osm-way-1344893775"],"sourceIds":["openstreetmap-power"],"technologies":["solar"],"technologyMixMw":{"solar":0.0},"unitCount":0,"unitIds":[]},"type":"Feature"},{"geometry":{"coordinates":[18.078814,52.819526],"type":"Point"},"id":"wattlas-plant-osm-way-1345107180","properties":{"aliases":["farma fotowoltaiczna"],"canonicalAnchor":"osm:way/1345107180","canonicalCountryKey":"PL","capacityMw":0.0,"country":"PL","externalIds":{"osm":"way/1345107180"},"geographyId":"PL-17162690B37876665907262","id":"wattlas-plant-osm-way-1345107180","lifecycleCounts":{"operational":1},"locationPrecision":"exact","name":"farma fotowoltaiczna","operatingCapacityCoverage":{"coveragePercent":0.0,"knownUnitCount":0,"method":"unavailable","totalUnitCount":0},"operatingCapacityMw":0.0,"operatingCapacityMwByTechnology":{},"plannedCapacityCoverage":{"coveragePercent":0.0,"knownUnitCount":0,"method":"unavailable","totalUnitCount":0},"plannedCapacityMw":0.0,"plannedCapacityMwByTechnology":{},"recordCount":1,"recordIds":["wattlas-record-osm-way-1345107180"],"sourceIds":["openstreetmap-power"],"technologies":["solar"],"technologyMixMw":{"solar":0.0},"unitCount":0,"unitIds":[]},"type":"Feature"},{"geometry":{"coordinates":[18.167629,52.785986],"type":"Point"},"id":"wattlas-plant-osm-way-1345108511","properties":{"aliases":["farma fotowoltaiczna"],"canonicalAnchor":"osm:way/1345108511","canonicalCountryKey":"PL","capacityMw":0.0,"country":"PL","externalIds":{"osm":"way/1345108511"},"geographyId":"PL-17162690B37876665907262","id":"wattlas-plant-osm-way-1345108511","lifecycleCounts":{"operational":1},"locationPrecision":"exact","name":"farma fotowoltaiczna","operatingCapacityCoverage":{"coveragePercent":0.0,"knownUnitCount":0,"method":"unavailable","totalUnitCount":0},"operatingCapacityMw":0.0,"operatingCapacityMwByTechnology":{},"plannedCapacityCoverage":{"coveragePercent":0.0,"knownUnitCount":0,"method":"unavailable","totalUnitCount":0},"plannedCapacityMw":0.0,"plannedCapacityMwByTechnology":{},"recordCount":1,"recordIds":["wattlas-record-osm-way-1345108511"],"sourceIds":["openstreetmap-power"],"technologies":["solar"],"technologyMixMw":{"solar":0.0},"unitCount":0,"unitIds":[]},"type":"Feature"},{"geometry":{"coordinates":[18.172899,52.784397],"type":"Point"},"id":"wattlas-plant-osm-way-1345108515","properties":{"aliases":["farma fotowoltaiczna"],"canonicalAnchor":"osm:way/1345108515","canonicalCountryKey":"PL","capacityMw":0.0,"country":"PL","externalIds":{"osm":"way/1345108515"},"geographyId":"PL-17162690B37876665907262","id":"wattlas-plant-osm-way-1345108515","lifecycleCounts":{"operational":1},"locationPrecision":"exact","name":"farma fotowoltaiczna","operatingCapacityCoverage":{"coveragePercent":0.0,"knownUnitCount":0,"method":"unavailable","totalUnitCount":0},"operatingCapacityMw":0.0,"operatingCapacityMwByTechnology":{},"plannedCapacityCoverage":{"coveragePercent":0.0,"knownUnitCount":0,"method":"unavailable","totalUnitCount":0},"plannedCapacityMw":0.0,"plannedCapacityMwByTechnology":{},"recordCount":1,"recordIds":["wattlas-record-osm-way-1345108515"],"sourceIds":["openstreetmap-power"],"technologies":["solar"],"technologyMixMw":{"solar":0.0},"unitCount":0,"unitIds":[]},"type":"Feature"},{"geometry":{"coordinates":[19.963231,53.343967],"type":"Point"},"id":"wattlas-plant-osm-way-1345110995","properties":{"aliases":["farma fotowoltaiczna"],"canonicalAnchor":"osm:way/1345110995","canonicalCountryKey":"PL","capacityMw":0.0,"country":"PL","externalIds":{"osm":"way/1345110995"},"geographyId":"PL-17162690B18723007704312","id":"wattlas-plant-osm-way-1345110995","lifecycleCounts":{"operational":1},"locationPrecision":"exact","name":"farma fotowoltaiczna","operatingCapacityCoverage":{"coveragePercent":0.0,"knownUnitCount":0,"method":"unavailable","totalUnitCount":0},"operatingCapacityMw":0.0,"operatingCapacityMwByTechnology":{},"plannedCapacityCoverage":{"coveragePercent":0.0,"knownUnitCount":0,"method":"unavailable","totalUnitCount":0},"plannedCapacityMw":0.0,"plannedCapacityMwByTechnology":{},"recordCount":1,"recordIds":["wattlas-record-osm-way-1345110995"],"sourceIds":["openstreetmap-power"],"technologies":["solar"],"technologyMixMw":{"solar":0.0},"unitCount":0,"unitIds":[]},"type":"Feature"},{"geometry":{"coordinates":[18.999123,50.454888],"type":"Point"},"id":"wattlas-plant-osm-way-1346432013","properties":{"aliases":["Mapped power plant · OSM 1346432013"],"canonicalAnchor":"osm:way/1346432013","canonicalCountryKey":"PL","capacityMw":1.1,"country":"PL","externalIds":{"osm":"way/1346432013"},"geographyId":"PL-17162690B16879770934003","id":"wattlas-plant-osm-way-1346432013","lifecycleCounts":{"operational":1},"locationPrecision":"exact","name":"Mapped power plant · OSM 1346432013","operatingCapacityCoverage":{"coveragePercent":100.0,"knownUnitCount":0,"method":"plant_aggregate","provenance":{"evidenceCount":0,"recordIds":["wattlas-record-osm-way-1346432013"],"sourceIds":["openstreetmap-power"],"sourceTypes":["community_mapped"],"valueKind":"reported"},"totalUnitCount":0},"operatingCapacityMw":1.1,"operatingCapacityMwByTechnology":{"solar":1.1},"plannedCapacityCoverage":{"coveragePercent":0.0,"knownUnitCount":0,"method":"unavailable","totalUnitCount":0},"plannedCapacityMw":0.0,"plannedCapacityMwByTechnology":{},"recordCount":1,"recordIds":["wattlas-record-osm-way-1346432013"],"sourceIds":["openstreetmap-power"],"technologies":["solar"],"technologyMixMw":{"solar":1.1},"unitCount":0,"unitIds":[]},"type":"Feature"},{"geometry":{"coordinates":[18.944633,51.464637],"type":"Point"},"id":"wattlas-plant-osm-way-1347934869","properties":{"aliases":["Elektrownia Wodna Podgórze"],"canonicalAnchor":"osm:way/1347934869","canonicalCountryKey":"PL","capacityMw":0.0,"country":"PL","externalIds":{"osm":"way/1347934869"},"geographyId":"PL-17162690B86810837764805","id":"wattlas-plant-osm-way-1347934869","lifecycleCounts":{"operational":1},"locationPrecision":"exact","name":"Elektrownia Wodna Podgórze","operatingCapacityCoverage":{"coveragePercent":0.0,"knownUnitCount":0,"method":"unavailable","totalUnitCount":0},"operatingCapacityMw":0.0,"operatingCapacityMwByTechnology":{},"plannedCapacityCoverage":{"coveragePercent":0.0,"knownUnitCount":0,"method":"unavailable","totalUnitCount":0},"plannedCapacityMw":0.0,"plannedCapacityMwByTechnology":{},"recordCount":1,"recordIds":["wattlas-record-osm-way-1347934869"],"sourceIds":["openstreetmap-power"],"technologies":["hydro"],"technologyMixMw":{"hydro":0.0},"unitCount":0,"unitIds":[]},"type":"Feature"},{"geometry":{"coordinates":[15.56563,53.239068],"type":"Point"},"id":"wattlas-plant-osm-way-1347969019","properties":{"aliases":["Farma fotowoltaiczna"],"canonicalAnchor":"osm:way/1347969019","canonicalCountryKey":"PL","capacityMw":0.0,"country":"PL","externalIds":{"osm":"way/1347969019"},"geographyId":"PL-17162690B34878575347312","id":"wattlas-plant-osm-way-1347969019","lifecycleCounts":{"operational":1},"locationPrecision":"exact","name":"Farma fotowoltaiczna","operatingCapacityCoverage":{"coveragePercent":0.0,"knownUnitCount":0,"method":"unavailable","totalUnitCount":0},"operatingCapacityMw":0.0,"operatingCapacityMwByTechnology":{},"plannedCapacityCoverage":{"coveragePercent":0.0,"knownUnitCount":0,"method":"unavailable","totalUnitCount":0},"plannedCapacityMw":0.0,"plannedCapacityMwByTechnology":{},"recordCount":1,"recordIds":["wattlas-record-osm-way-1347969019"],"sourceIds":["openstreetmap-power"],"technologies":["solar"],"technologyMixMw":{"solar":0.0},"unitCount":0,"unitIds":[]},"type":"Feature"},{"geometry":{"coordinates":[15.567052,53.242642],"type":"Point"},"id":"wattlas-plant-osm-way-1347969020","properties":{"aliases":["Farma fotowoltaiczna"],"canonicalAnchor":"osm:way/1347969020","canonicalCountryKey":"PL","capacityMw":0.0,"country":"PL","externalIds":{"osm":"way/1347969020"},"geographyId":"PL-17162690B34878575347312","id":"wattlas-plant-osm-way-1347969020","lifecycleCounts":{"operational":1},"locationPrecision":"exact","name":"Farma fotowoltaiczna","operatingCapacityCoverage":{"coveragePercent":0.0,"knownUnitCount":0,"method":"unavailable","totalUnitCount":0},"operatingCapacityMw":0.0,"operatingCapacityMwByTechnology":{},"plannedCapacityCoverage":{"coveragePercent":0.0,"knownUnitCount":0,"method":"unavailable","totalUnitCount":0},"plannedCapacityMw":0.0,"plannedCapacityMwByTechnology":{},"recordCount":1,"recordIds":["wattlas-record-osm-way-1347969020"],"sourceIds":["openstreetmap-power"],"technologies":["solar"],"technologyMixMw":{"solar":0.0},"unitCount":0,"unitIds":[]},"type":"Feature"},{"geometry":{"coordinates":[17.129452,54.38675],"type":"Point"},"id":"wattlas-plant-osm-way-1348187598","properties":{"aliases":["Farma PV Dębnica Kaszubska"],"canonicalAnchor":"osm:way/1348187598","canonicalCountryKey":"PL","capacityMw":54.2,"country":"PL","externalIds":{"osm":"way/1348187598"},"geographyId":"PL-17162690B77437931625010","id":"wattlas-plant-osm-way-1348187598","lifecycleCounts":{"operational":1},"locationPrecision":"exact","name":"Farma PV Dębnica Kaszubska","operatingCapacityCoverage":{"coveragePercent":100.0,"knownUnitCount":0,"method":"plant_aggregate","provenance":{"evidenceCount":0,"recordIds":["wattlas-record-osm-way-1348187598"],"sourceIds":["openstreetmap-power"],"sourceTypes":["community_mapped"],"valueKind":"reported"},"totalUnitCount":0},"operatingCapacityMw":54.2,"operatingCapacityMwByTechnology":{"solar":54.2},"plannedCapacityCoverage":{"coveragePercent":0.0,"knownUnitCount":0,"method":"unavailable","totalUnitCount":0},"plannedCapacityMw":0.0,"plannedCapacityMwByTechnology":{},"recordCount":1,"recordIds":["wattlas-record-osm-way-1348187598"],"sourceIds":["openstreetmap-power"],"technologies":["solar"],"technologyMixMw":{"solar":54.2},"unitCount":0,"unitIds":[]},"type":"Feature"},{"geometry":{"coordinates":[15.592883,53.705875],"type":"Point"},"id":"wattlas-plant-osm-way-1348189321","properties":{"aliases":["farma PV European Energy"],"canonicalAnchor":"osm:way/1348189321","canonicalCountryKey":"PL","capacityMw":16.0,"country":"PL","externalIds":{"osm":"way/1348189321"},"geographyId":"PL-17162690B34878575347312","id":"wattlas-plant-osm-way-1348189321","lifecycleCounts":{"operational":1},"locationPrecision":"exact","name":"farma PV European Energy","operatingCapacityCoverage":{"coveragePercent":100.0,"knownUnitCount":0,"method":"plant_aggregate","provenance":{"evidenceCount":0,"recordIds":["wattlas-record-osm-way-1348189321"],"sourceIds":["openstreetmap-power"],"sourceTypes":["community_mapped"],"valueKind":"reported"},"totalUnitCount":0},"operatingCapacityMw":16.0,"operatingCapacityMwByTechnology":{"solar":16.0},"plannedCapacityCoverage":{"coveragePercent":0.0,"knownUnitCount":0,"method":"unavailable","totalUnitCount":0},"plannedCapacityMw":0.0,"plannedCapacityMwByTechnology":{},"recordCount":1,"recordIds":["wattlas-record-osm-way-1348189321"],"sourceIds":["openstreetmap-power"],"technologies":["solar"],"technologyMixMw":{"solar":16.0},"unitCount":0,"unitIds":[]},"type":"Feature"},{"geometry":{"coordinates":[17.556763,50.671195],"type":"Point"},"id":"wattlas-plant-osm-way-1348191394","properties":{"aliases":["farma PV Rutki"],"canonicalAnchor":"osm:way/1348191394","canonicalCountryKey":"PL","capacityMw":0.0,"country":"PL","externalIds":{"osm":"way/1348191394"},"geographyId":"PL-17162690B67719337891950","id":"wattlas-plant-osm-way-1348191394","lifecycleCounts":{"operational":1},"locationPrecision":"exact","name":"farma PV Rutki","operatingCapacityCoverage":{"coveragePercent":0.0,"knownUnitCount":0,"method":"unavailable","totalUnitCount":0},"operatingCapacityMw":0.0,"operatingCapacityMwByTechnology":{},"plannedCapacityCoverage":{"coveragePercent":0.0,"knownUnitCount":0,"method":"unavailable","totalUnitCount":0},"plannedCapacityMw":0.0,"plannedCapacityMwByTechnology":{},"recordCount":1,"recordIds":["wattlas-record-osm-way-1348191394"],"sourceIds":["openstreetmap-power"],"technologies":["solar"],"technologyMixMw":{"solar":0.0},"unitCount":0,"unitIds":[]},"type":"Feature"},{"geometry":{"coordinates":[17.536269,50.672721],"type":"Point"},"id":"wattlas-plant-osm-way-1348191395","properties":{"aliases":["farma PV Rutki"],"canonicalAnchor":"osm:way/1348191395","canonicalCountryKey":"PL","capacityMw":0.0,"country":"PL","externalIds":{"osm":"way/1348191395"},"geographyId":"PL-17162690B67719337891950","id":"wattlas-plant-osm-way-1348191395","lifecycleCounts":{"operational":1},"locationPrecision":"exact","name":"farma PV Rutki","operatingCapacityCoverage":{"coveragePercent":0.0,"knownUnitCount":0,"method":"unavailable","totalUnitCount":0},"operatingCapacityMw":0.0,"operatingCapacityMwByTechnology":{},"plannedCapacityCoverage":{"coveragePercent":0.0,"knownUnitCount":0,"method":"unavailable","totalUnitCount":0},"plannedCapacityMw":0.0,"plannedCapacityMwByTechnology":{},"recordCount":1,"recordIds":["wattlas-record-osm-way-1348191395"],"sourceIds":["openstreetmap-power"],"technologies":["solar"],"technologyMixMw":{"solar":0.0},"unitCount":0,"unitIds":[]},"type":"Feature"},{"geometry":{"coordinates":[17.480756,52.30503],"type":"Point"},"id":"wattlas-plant-osm-way-1348195819","properties":{"aliases":["farma PV Racławki"],"canonicalAnchor":"osm:way/1348195819","canonicalCountryKey":"PL","capacityMw":20.0,"country":"PL","externalIds":{"osm":"way/1348195819"},"geographyId":"PL-17162690B71775569625336","id":"wattlas-plant-osm-way-1348195819","lifecycleCounts":{"operational":1},"locationPrecision":"exact","name":"farma PV Racławki","operatingCapacityCoverage":{"coveragePercent":100.0,"knownUnitCount":0,"method":"plant_aggregate","provenance":{"evidenceCount":0,"recordIds":["wattlas-record-osm-way-1348195819"],"sourceIds":["openstreetmap-power"],"sourceTypes":["community_mapped"],"valueKind":"reported"},"totalUnitCount":0},"operatingCapacityMw":20.0,"operatingCapacityMwByTechnology":{"solar":20.0},"plannedCapacityCoverage":{"coveragePercent":0.0,"knownUnitCount":0,"method":"unavailable","totalUnitCount":0},"plannedCapacityMw":0.0,"plannedCapacityMwByTechnology":{},"recordCount":1,"recordIds":["wattlas-record-osm-way-1348195819"],"sourceIds":["openstreetmap-power"],"technologies":["solar"],"technologyMixMw":{"solar":20.0},"unitCount":0,"unitIds":[]},"type":"Feature"},{"geometry":{"coordinates":[18.927472,51.10402],"type":"Point"},"id":"wattlas-plant-osm-way-1348697111","properties":{"aliases":["Mapped power plant · OSM 1348697111"],"canonicalAnchor":"osm:way/1348697111","canonicalCountryKey":"PL","capacityMw":0.0,"country":"PL","externalIds":{"osm":"way/1348697111"},"geographyId":"PL-17162690B86810837764805","id":"wattlas-plant-osm-way-1348697111","lifecycleCounts":{"operational":1},"locationPrecision":"exact","name":"Mapped power plant · OSM 1348697111","operatingCapacityCoverage":{"coveragePercent":0.0,"knownUnitCount":0,"method":"unavailable","totalUnitCount":0},"operatingCapacityMw":0.0,"operatingCapacityMwByTechnology":{},"plannedCapacityCoverage":{"coveragePercent":0.0,"knownUnitCount":0,"method":"unavailable","totalUnitCount":0},"plannedCapacityMw":0.0,"plannedCapacityMwByTechnology":{},"recordCount":1,"recordIds":["wattlas-record-osm-way-1348697111"],"sourceIds":["openstreetmap-power"],"technologies":["solar"],"technologyMixMw":{"solar":0.0},"unitCount":0,"unitIds":[]},"type":"Feature"},{"geometry":{"coordinates":[20.424786,50.859091],"type":"Point"},"id":"wattlas-plant-osm-way-1350023459","properties":{"aliases":["Farma fotowoltaiczna"],"canonicalAnchor":"osm:way/1350023459","canonicalCountryKey":"PL","capacityMw":0.0,"country":"PL","externalIds":{"osm":"way/1350023459"},"geographyId":"PL-17162690B20834640531728","id":"wattlas-plant-osm-way-1350023459","lifecycleCounts":{"operational":1},"locationPrecision":"exact","name":"Farma fotowoltaiczna","operatingCapacityCoverage":{"coveragePercent":0.0,"knownUnitCount":0,"method":"unavailable","totalUnitCount":0},"operatingCapacityMw":0.0,"operatingCapacityMwByTechnology":{},"plannedCapacityCoverage":{"coveragePercent":0.0,"knownUnitCount":0,"method":"unavailable","totalUnitCount":0},"plannedCapacityMw":0.0,"plannedCapacityMwByTechnology":{},"recordCount":1,"recordIds":["wattlas-record-osm-way-1350023459"],"sourceIds":["openstreetmap-power"],"technologies":["solar"],"technologyMixMw":{"solar":0.0},"unitCount":0,"unitIds":[]},"type":"Feature"},{"geometry":{"coordinates":[19.55479,53.882256],"type":"Point"},"id":"wattlas-plant-osm-way-1350495101","properties":{"aliases":["Farma fotowoltaiczna Bajdy 2"],"canonicalAnchor":"osm:way/1350495101","canonicalCountryKey":"PL","capacityMw":6.0,"country":"PL","externalIds":{"osm":"way/1350495101"},"geographyId":"PL-17162690B18723007704312","id":"wattlas-plant-osm-way-1350495101","lifecycleCounts":{"operational":1},"locationPrecision":"exact","name":"Farma fotowoltaiczna Bajdy 2","operatingCapacityCoverage":{"coveragePercent":100.0,"knownUnitCount":0,"method":"plant_aggregate","provenance":{"evidenceCount":0,"recordIds":["wattlas-record-osm-way-1350495101"],"sourceIds":["openstreetmap-power"],"sourceTypes":["community_mapped"],"valueKind":"reported"},"totalUnitCount":0},"operatingCapacityMw":6.0,"operatingCapacityMwByTechnology":{"solar":6.0},"plannedCapacityCoverage":{"coveragePercent":0.0,"knownUnitCount":0,"method":"unavailable","totalUnitCount":0},"plannedCapacityMw":0.0,"plannedCapacityMwByTechnology":{},"recordCount":1,"recordIds":["wattlas-record-osm-way-1350495101"],"sourceIds":["openstreetmap-power"],"technologies":["solar"],"technologyMixMw":{"solar":6.0},"unitCount":0,"unitIds":[]},"type":"Feature"},{"geometry":{"coordinates":[15.431524,53.184157],"type":"Point"},"id":"wattlas-plant-osm-way-1352421035","properties":{"aliases":["Farma fotowoltaiczna"],"canonicalAnchor":"osm:way/1352421035","canonicalCountryKey":"PL","capacityMw":0.0,"country":"PL","externalIds":{"osm":"way/1352421035"},"geographyId":"PL-17162690B34878575347312","id":"wattlas-plant-osm-way-1352421035","lifecycleCounts":{"operational":1},"locationPrecision":"exact","name":"Farma fotowoltaiczna","operatingCapacityCoverage":{"coveragePercent":0.0,"knownUnitCount":0,"method":"unavailable","totalUnitCount":0},"operatingCapacityMw":0.0,"operatingCapacityMwByTechnology":{},"plannedCapacityCoverage":{"coveragePercent":0.0,"knownUnitCount":0,"method":"unavailable","totalUnitCount":0},"plannedCapacityMw":0.0,"plannedCapacityMwByTechnology":{},"recordCount":1,"recordIds":["wattlas-record-osm-way-1352421035"],"sourceIds":["openstreetmap-power"],"technologies":["solar"],"technologyMixMw":{"solar":0.0},"unitCount":0,"unitIds":[]},"type":"Feature"},{"geometry":{"coordinates":[20.49439,50.7496],"type":"Point"},"id":"wattlas-plant-osm-way-1354881041","properties":{"aliases":["Farma fotowoltaiczna"],"canonicalAnchor":"osm:way/1354881041","canonicalCountryKey":"PL","capacityMw":0.0,"country":"PL","externalIds":{"osm":"way/1354881041"},"geographyId":"PL-17162690B20834640531728","id":"wattlas-plant-osm-way-1354881041","lifecycleCounts":{"operational":1},"locationPrecision":"exact","name":"Farma fotowoltaiczna","operatingCapacityCoverage":{"coveragePercent":0.0,"knownUnitCount":0,"method":"unavailable","totalUnitCount":0},"operatingCapacityMw":0.0,"operatingCapacityMwByTechnology":{},"plannedCapacityCoverage":{"coveragePercent":0.0,"knownUnitCount":0,"method":"unavailable","totalUnitCount":0},"plannedCapacityMw":0.0,"plannedCapacityMwByTechnology":{},"recordCount":1,"recordIds":["wattlas-record-osm-way-1354881041"],"sourceIds":["openstreetmap-power"],"technologies":["solar"],"technologyMixMw":{"solar":0.0},"unitCount":0,"unitIds":[]},"type":"Feature"},{"geometry":{"coordinates":[20.499422,50.747705],"type":"Point"},"id":"wattlas-plant-osm-way-1354881042","properties":{"aliases":["Farma fotowoltaiczna"],"canonicalAnchor":"osm:way/1354881042","canonicalCountryKey":"PL","capacityMw":0.0,"country":"PL","externalIds":{"osm":"way/1354881042"},"geographyId":"PL-17162690B20834640531728","id":"wattlas-plant-osm-way-1354881042","lifecycleCounts":{"operational":1},"locationPrecision":"exact","name":"Farma fotowoltaiczna","operatingCapacityCoverage":{"coveragePercent":0.0,"knownUnitCount":0,"method":"unavailable","totalUnitCount":0},"operatingCapacityMw":0.0,"operatingCapacityMwByTechnology":{},"plannedCapacityCoverage":{"coveragePercent":0.0,"knownUnitCount":0,"method":"unavailable","totalUnitCount":0},"plannedCapacityMw":0.0,"plannedCapacityMwByTechnology":{},"recordCount":1,"recordIds":["wattlas-record-osm-way-1354881042"],"sourceIds":["openstreetmap-power"],"technologies":["solar"],"technologyMixMw":{"solar":0.0},"unitCount":0,"unitIds":[]},"type":"Feature"},{"geometry":{"coordinates":[20.463282,50.749966],"type":"Point"},"id":"wattlas-plant-osm-way-1354881043","properties":{"aliases":["Farma fotowoltaiczna"],"canonicalAnchor":"osm:way/1354881043","canonicalCountryKey":"PL","capacityMw":0.0,"country":"PL","externalIds":{"osm":"way/1354881043"},"geographyId":"PL-17162690B20834640531728","id":"wattlas-plant-osm-way-1354881043","lifecycleCounts":{"operational":1},"locationPrecision":"exact","name":"Farma fotowoltaiczna","operatingCapacityCoverage":{"coveragePercent":0.0,"knownUnitCount":0,"method":"unavailable","totalUnitCount":0},"operatingCapacityMw":0.0,"operatingCapacityMwByTechnology":{},"plannedCapacityCoverage":{"coveragePercent":0.0,"knownUnitCount":0,"method":"unavailable","totalUnitCount":0},"plannedCapacityMw":0.0,"plannedCapacityMwByTechnology":{},"recordCount":1,"recordIds":["wattlas-record-osm-way-1354881043"],"sourceIds":["openstreetmap-power"],"technologies":["solar"],"technologyMixMw":{"solar":0.0},"unitCount":0,"unitIds":[]},"type":"Feature"},{"geometry":{"coordinates":[18.763269,50.201482],"type":"Point"},"id":"wattlas-plant-osm-way-1355446308","properties":{"aliases":["Mapped power plant · OSM 1355446308"],"canonicalAnchor":"osm:way/1355446308","canonicalCountryKey":"PL","capacityMw":0.0,"country":"PL","externalIds":{"osm":"way/1355446308"},"geographyId":"PL-17162690B16879770934003","id":"wattlas-plant-osm-way-1355446308","lifecycleCounts":{"under_construction":1},"locationPrecision":"exact","name":"Mapped power plant · OSM 1355446308","operatingCapacityCoverage":{"coveragePercent":0.0,"knownUnitCount":0,"method":"unavailable","totalUnitCount":0},"operatingCapacityMw":0.0,"operatingCapacityMwByTechnology":{},"plannedCapacityCoverage":{"coveragePercent":0.0,"knownUnitCount":0,"method":"unavailable","totalUnitCount":0},"plannedCapacityMw":0.0,"plannedCapacityMwByTechnology":{},"recordCount":1,"recordIds":["wattlas-record-osm-way-1355446308"],"sourceIds":["openstreetmap-power"],"technologies":["solar"],"technologyMixMw":{"solar":0.0},"unitCount":0,"unitIds":[]},"type":"Feature"},{"geometry":{"coordinates":[17.212311,54.349184],"type":"Point"},"id":"wattlas-plant-osm-way-1356652852","properties":{"aliases":["Elektrownia Wodna Krzynia"],"canonicalAnchor":"osm:way/1356652852","canonicalCountryKey":"PL","capacityMw":0.0,"country":"PL","externalIds":{"osm":"way/1356652852"},"geographyId":"PL-17162690B77437931625010","id":"wattlas-plant-osm-way-1356652852","lifecycleCounts":{"operational":1},"locationPrecision":"exact","name":"Elektrownia Wodna Krzynia","operatingCapacityCoverage":{"coveragePercent":0.0,"knownUnitCount":0,"method":"unavailable","totalUnitCount":0},"operatingCapacityMw":0.0,"operatingCapacityMwByTechnology":{},"plannedCapacityCoverage":{"coveragePercent":0.0,"knownUnitCount":0,"method":"unavailable","totalUnitCount":0},"plannedCapacityMw":0.0,"plannedCapacityMwByTechnology":{},"recordCount":1,"recordIds":["wattlas-record-osm-way-1356652852"],"sourceIds":["openstreetmap-power"],"technologies":["hydro"],"technologyMixMw":{"hydro":0.0},"unitCount":0,"unitIds":[]},"type":"Feature"},{"geometry":{"coordinates":[22.883415,53.271875],"type":"Point"},"id":"wattlas-plant-osm-way-1359387218","properties":{"aliases":["Biogazownia Krypno Wielkie"],"canonicalAnchor":"osm:way/1359387218","canonicalCountryKey":"PL","capacityMw":1.0,"country":"PL","externalIds":{"osm":"way/1359387218"},"geographyId":"PL-17162690B23777949290372","id":"wattlas-plant-osm-way-1359387218","lifecycleCounts":{"operational":1},"locationPrecision":"exact","name":"Biogazownia Krypno Wielkie","operatingCapacityCoverage":{"coveragePercent":100.0,"knownUnitCount":0,"method":"plant_aggregate","provenance":{"evidenceCount":0,"recordIds":["wattlas-record-osm-way-1359387218"],"sourceIds":["openstreetmap-power"],"sourceTypes":["community_mapped"],"valueKind":"reported"},"totalUnitCount":0},"operatingCapacityMw":1.0,"operatingCapacityMwByTechnology":{"biomass":1.0},"plannedCapacityCoverage":{"coveragePercent":0.0,"knownUnitCount":0,"method":"unavailable","totalUnitCount":0},"plannedCapacityMw":0.0,"plannedCapacityMwByTechnology":{},"recordCount":1,"recordIds":["wattlas-record-osm-way-1359387218"],"sourceIds":["openstreetmap-power"],"technologies":["biomass"],"technologyMixMw":{"biomass":1.0},"unitCount":0,"unitIds":[]},"type":"Feature"},{"geometry":{"coordinates":[23.435996,52.708891],"type":"Point"},"id":"wattlas-plant-osm-way-1359393764","properties":{"aliases":["Biogazownia Stary Kornin"],"canonicalAnchor":"osm:way/1359393764","canonicalCountryKey":"PL","capacityMw":1.0,"country":"PL","externalIds":{"osm":"way/1359393764"},"geographyId":"PL-17162690B23777949290372","id":"wattlas-plant-osm-way-1359393764","lifecycleCounts":{"operational":1},"locationPrecision":"exact","name":"Biogazownia Stary Kornin","operatingCapacityCoverage":{"coveragePercent":100.0,"knownUnitCount":0,"method":"plant_aggregate","provenance":{"evidenceCount":0,"recordIds":["wattlas-record-osm-way-1359393764"],"sourceIds":["openstreetmap-power"],"sourceTypes":["community_mapped"],"valueKind":"reported"},"totalUnitCount":0},"operatingCapacityMw":1.0,"operatingCapacityMwByTechnology":{"biomass":1.0},"plannedCapacityCoverage":{"coveragePercent":0.0,"knownUnitCount":0,"method":"unavailable","totalUnitCount":0},"plannedCapacityMw":0.0,"plannedCapacityMwByTechnology":{},"recordCount":1,"recordIds":["wattlas-record-osm-way-1359393764"],"sourceIds":["openstreetmap-power"],"technologies":["biomass"],"technologyMixMw":{"biomass":1.0},"unitCount":0,"unitIds":[]},"type":"Feature"},{"geometry":{"coordinates":[16.742653,50.251025],"type":"Point"},"id":"wattlas-plant-osm-way-1360561697","properties":{"aliases":["Mapped power plant · OSM 1360561697"],"canonicalAnchor":"osm:way/1360561697","canonicalCountryKey":"PL","capacityMw":0.0,"country":"PL","externalIds":{"osm":"way/1360561697"},"geographyId":"PL-17162690B9130125042960","id":"wattlas-plant-osm-way-1360561697","lifecycleCounts":{"operational":1},"locationPrecision":"exact","name":"Mapped power plant · OSM 1360561697","operatingCapacityCoverage":{"coveragePercent":0.0,"knownUnitCount":0,"method":"unavailable","totalUnitCount":0},"operatingCapacityMw":0.0,"operatingCapacityMwByTechnology":{},"plannedCapacityCoverage":{"coveragePercent":0.0,"knownUnitCount":0,"method":"unavailable","totalUnitCount":0},"plannedCapacityMw":0.0,"plannedCapacityMwByTechnology":{},"recordCount":1,"recordIds":["wattlas-record-osm-way-1360561697"],"sourceIds":["openstreetmap-power"],"technologies":["solar"],"technologyMixMw":{"solar":0.0},"unitCount":0,"unitIds":[]},"type":"Feature"},{"geometry":{"coordinates":[23.14807,52.463934],"type":"Point"},"id":"wattlas-plant-osm-way-1361392904","properties":{"aliases":["Mapped power plant · OSM 1361392904"],"canonicalAnchor":"osm:way/1361392904","canonicalCountryKey":"PL","capacityMw":0.0,"country":"PL","externalIds":{"osm":"way/1361392904"},"geographyId":"PL-17162690B23777949290372","id":"wattlas-plant-osm-way-1361392904","lifecycleCounts":{"operational":1},"locationPrecision":"exact","name":"Mapped power plant · OSM 1361392904","operatingCapacityCoverage":{"coveragePercent":0.0,"knownUnitCount":0,"method":"unavailable","totalUnitCount":0},"operatingCapacityMw":0.0,"operatingCapacityMwByTechnology":{},"plannedCapacityCoverage":{"coveragePercent":0.0,"knownUnitCount":0,"method":"unavailable","totalUnitCount":0},"plannedCapacityMw":0.0,"plannedCapacityMwByTechnology":{},"recordCount":1,"recordIds":["wattlas-record-osm-way-1361392904"],"sourceIds":["openstreetmap-power"],"technologies":["solar"],"technologyMixMw":{"solar":0.0},"unitCount":0,"unitIds":[]},"type":"Feature"},{"geometry":{"coordinates":[23.148251,52.460522],"type":"Point"},"id":"wattlas-plant-osm-way-1361392924","properties":{"aliases":["Mapped power plant · OSM 1361392924"],"canonicalAnchor":"osm:way/1361392924","canonicalCountryKey":"PL","capacityMw":0.0,"country":"PL","externalIds":{"osm":"way/1361392924"},"geographyId":"PL-17162690B23777949290372","id":"wattlas-plant-osm-way-1361392924","lifecycleCounts":{"operational":1},"locationPrecision":"exact","name":"Mapped power plant · OSM 1361392924","operatingCapacityCoverage":{"coveragePercent":0.0,"knownUnitCount":0,"method":"unavailable","totalUnitCount":0},"operatingCapacityMw":0.0,"operatingCapacityMwByTechnology":{},"plannedCapacityCoverage":{"coveragePercent":0.0,"knownUnitCount":0,"method":"unavailable","totalUnitCount":0},"plannedCapacityMw":0.0,"plannedCapacityMwByTechnology":{},"recordCount":1,"recordIds":["wattlas-record-osm-way-1361392924"],"sourceIds":["openstreetmap-power"],"technologies":["solar"],"technologyMixMw":{"solar":0.0},"unitCount":0,"unitIds":[]},"type":"Feature"},{"geometry":{"coordinates":[20.5895,50.507039],"type":"Point"},"id":"wattlas-plant-osm-way-1361475064","properties":{"aliases":["Farma fotowoltaiczna"],"canonicalAnchor":"osm:way/1361475064","canonicalCountryKey":"PL","capacityMw":0.0,"country":"PL","externalIds":{"osm":"way/1361475064"},"geographyId":"PL-17162690B20834640531728","id":"wattlas-plant-osm-way-1361475064","lifecycleCounts":{"operational":1},"locationPrecision":"exact","name":"Farma fotowoltaiczna","operatingCapacityCoverage":{"coveragePercent":0.0,"knownUnitCount":0,"method":"unavailable","totalUnitCount":0},"operatingCapacityMw":0.0,"operatingCapacityMwByTechnology":{},"plannedCapacityCoverage":{"coveragePercent":0.0,"knownUnitCount":0,"method":"unavailable","totalUnitCount":0},"plannedCapacityMw":0.0,"plannedCapacityMwByTechnology":{},"recordCount":1,"recordIds":["wattlas-record-osm-way-1361475064"],"sourceIds":["openstreetmap-power"],"technologies":["solar"],"technologyMixMw":{"solar":0.0},"unitCount":0,"unitIds":[]},"type":"Feature"},{"geometry":{"coordinates":[17.230792,54.320266],"type":"Point"},"id":"wattlas-plant-osm-way-1362581726","properties":{"aliases":["Mała Elektrownia Wodna Strzegomino"],"canonicalAnchor":"osm:way/1362581726","canonicalCountryKey":"PL","capacityMw":2.4,"country":"PL","externalIds":{"osm":"way/1362581726"},"geographyId":"PL-17162690B77437931625010","id":"wattlas-plant-osm-way-1362581726","lifecycleCounts":{"operational":1},"locationPrecision":"exact","name":"Mała Elektrownia Wodna Strzegomino","operatingCapacityCoverage":{"coveragePercent":100.0,"knownUnitCount":0,"method":"plant_aggregate","provenance":{"evidenceCount":0,"recordIds":["wattlas-record-osm-way-1362581726"],"sourceIds":["openstreetmap-power"],"sourceTypes":["community_mapped"],"valueKind":"reported"},"totalUnitCount":0},"operatingCapacityMw":2.4,"operatingCapacityMwByTechnology":{"hydro":2.4},"plannedCapacityCoverage":{"coveragePercent":0.0,"knownUnitCount":0,"method":"unavailable","totalUnitCount":0},"plannedCapacityMw":0.0,"plannedCapacityMwByTechnology":{},"recordCount":1,"recordIds":["wattlas-record-osm-way-1362581726"],"sourceIds":["openstreetmap-power"],"technologies":["hydro"],"technologyMixMw":{"hydro":2.4},"unitCount":0,"unitIds":[]},"type":"Feature"},{"geometry":{"coordinates":[21.160917,50.036934],"type":"Point"},"id":"wattlas-plant-osm-way-1363156039","properties":{"aliases":["EF Pogórska Wola"],"canonicalAnchor":"osm:way/1363156039","canonicalCountryKey":"PL","capacityMw":0.0,"country":"PL","externalIds":{"osm":"way/1363156039"},"geographyId":"PL-17162690B44985096553766","id":"wattlas-plant-osm-way-1363156039","lifecycleCounts":{"operational":1},"locationPrecision":"exact","name":"EF Pogórska Wola","operatingCapacityCoverage":{"coveragePercent":0.0,"knownUnitCount":0,"method":"unavailable","totalUnitCount":0},"operatingCapacityMw":0.0,"operatingCapacityMwByTechnology":{},"plannedCapacityCoverage":{"coveragePercent":0.0,"knownUnitCount":0,"method":"unavailable","totalUnitCount":0},"plannedCapacityMw":0.0,"plannedCapacityMwByTechnology":{},"recordCount":1,"recordIds":["wattlas-record-osm-way-1363156039"],"sourceIds":["openstreetmap-power"],"technologies":["solar"],"technologyMixMw":{"solar":0.0},"unitCount":0,"unitIds":[]},"type":"Feature"},{"geometry":{"coordinates":[18.551957,53.9611],"type":"Point"},"id":"wattlas-plant-osm-way-1364575633","properties":{"aliases":["GPEC Starogard"],"canonicalAnchor":"osm:way/1364575633","canonicalCountryKey":"PL","capacityMw":0.0,"country":"PL","externalIds":{"osm":"way/1364575633"},"geographyId":"PL-17162690B77437931625010","id":"wattlas-plant-osm-way-1364575633","lifecycleCounts":{"operational":1},"locationPrecision":"exact","name":"GPEC Starogard","operatingCapacityCoverage":{"coveragePercent":0.0,"knownUnitCount":0,"method":"unavailable","totalUnitCount":0},"operatingCapacityMw":0.0,"operatingCapacityMwByTechnology":{},"plannedCapacityCoverage":{"coveragePercent":0.0,"knownUnitCount":0,"method":"unavailable","totalUnitCount":0},"plannedCapacityMw":0.0,"plannedCapacityMwByTechnology":{},"recordCount":1,"recordIds":["wattlas-record-osm-way-1364575633"],"sourceIds":["openstreetmap-power"],"technologies":["coal"],"technologyMixMw":{"coal":0.0},"unitCount":0,"unitIds":[]},"type":"Feature"},{"geometry":{"coordinates":[15.540279,54.09533],"type":"Point"},"id":"wattlas-plant-osm-way-1372274223","properties":{"aliases":["Mapped power plant · OSM 1372274223"],"canonicalAnchor":"osm:way/1372274223","canonicalCountryKey":"PL","capacityMw":1.7,"country":"PL","externalIds":{"osm":"way/1372274223"},"geographyId":"PL-17162690B34878575347312","id":"wattlas-plant-osm-way-1372274223","lifecycleCounts":{"operational":1},"locationPrecision":"exact","name":"Mapped power plant · OSM 1372274223","operatingCapacityCoverage":{"coveragePercent":100.0,"knownUnitCount":0,"method":"plant_aggregate","provenance":{"evidenceCount":0,"recordIds":["wattlas-record-osm-way-1372274223"],"sourceIds":["openstreetmap-power"],"sourceTypes":["community_mapped"],"valueKind":"reported"},"totalUnitCount":0},"operatingCapacityMw":1.7,"operatingCapacityMwByTechnology":{"solar":1.7},"plannedCapacityCoverage":{"coveragePercent":0.0,"knownUnitCount":0,"method":"unavailable","totalUnitCount":0},"plannedCapacityMw":0.0,"plannedCapacityMwByTechnology":{},"recordCount":1,"recordIds":["wattlas-record-osm-way-1372274223"],"sourceIds":["openstreetmap-power"],"technologies":["solar"],"technologyMixMw":{"solar":1.7},"unitCount":0,"unitIds":[]},"type":"Feature"},{"geometry":{"coordinates":[18.86396,51.132393],"type":"Point"},"id":"wattlas-plant-osm-way-1372755014","properties":{"aliases":["Mapped power plant · OSM 1372755014"],"canonicalAnchor":"osm:way/1372755014","canonicalCountryKey":"PL","capacityMw":0.0,"country":"PL","externalIds":{"osm":"way/1372755014"},"geographyId":"PL-17162690B86810837764805","id":"wattlas-plant-osm-way-1372755014","lifecycleCounts":{"operational":1},"locationPrecision":"exact","name":"Mapped power plant · OSM 1372755014","operatingCapacityCoverage":{"coveragePercent":0.0,"knownUnitCount":0,"method":"unavailable","totalUnitCount":0},"operatingCapacityMw":0.0,"operatingCapacityMwByTechnology":{},"plannedCapacityCoverage":{"coveragePercent":0.0,"knownUnitCount":0,"method":"unavailable","totalUnitCount":0},"plannedCapacityMw":0.0,"plannedCapacityMwByTechnology":{},"recordCount":1,"recordIds":["wattlas-record-osm-way-1372755014"],"sourceIds":["openstreetmap-power"],"technologies":["solar"],"technologyMixMw":{"solar":0.0},"unitCount":0,"unitIds":[]},"type":"Feature"},{"geometry":{"coordinates":[16.499286,53.038208],"type":"Point"},"id":"wattlas-plant-osm-way-1378143658","properties":{"aliases":["Elektrownia PV Trzcianka Wschód"],"canonicalAnchor":"osm:way/1378143658","canonicalCountryKey":"PL","capacityMw":0.0,"country":"PL","externalIds":{"osm":"way/1378143658"},"geographyId":"PL-17162690B71775569625336","id":"wattlas-plant-osm-way-1378143658","lifecycleCounts":{"operational":1},"locationPrecision":"exact","name":"Elektrownia PV Trzcianka Wschód","operatingCapacityCoverage":{"coveragePercent":0.0,"knownUnitCount":0,"method":"unavailable","totalUnitCount":0},"operatingCapacityMw":0.0,"operatingCapacityMwByTechnology":{},"plannedCapacityCoverage":{"coveragePercent":0.0,"knownUnitCount":0,"method":"unavailable","totalUnitCount":0},"plannedCapacityMw":0.0,"plannedCapacityMwByTechnology":{},"recordCount":1,"recordIds":["wattlas-record-osm-way-1378143658"],"sourceIds":["openstreetmap-power"],"technologies":["solar"],"technologyMixMw":{"solar":0.0},"unitCount":0,"unitIds":[]},"type":"Feature"},{"geometry":{"coordinates":[17.504616,52.334373],"type":"Point"},"id":"wattlas-plant-osm-way-1378877825","properties":{"aliases":["Mapped power plant · OSM 1378877825"],"canonicalAnchor":"osm:way/1378877825","canonicalCountryKey":"PL","capacityMw":0.0,"country":"PL","externalIds":{"osm":"way/1378877825"},"geographyId":"PL-17162690B71775569625336","id":"wattlas-plant-osm-way-1378877825","lifecycleCounts":{"operational":1},"locationPrecision":"exact","name":"Mapped power plant · OSM 1378877825","operatingCapacityCoverage":{"coveragePercent":0.0,"knownUnitCount":0,"method":"unavailable","totalUnitCount":0},"operatingCapacityMw":0.0,"operatingCapacityMwByTechnology":{},"plannedCapacityCoverage":{"coveragePercent":0.0,"knownUnitCount":0,"method":"unavailable","totalUnitCount":0},"plannedCapacityMw":0.0,"plannedCapacityMwByTechnology":{},"recordCount":1,"recordIds":["wattlas-record-osm-way-1378877825"],"sourceIds":["openstreetmap-power"],"technologies":["solar"],"technologyMixMw":{"solar":0.0},"unitCount":0,"unitIds":[]},"type":"Feature"},{"geometry":{"coordinates":[17.407345,51.199655],"type":"Point"},"id":"wattlas-plant-osm-way-1381955688","properties":{"aliases":["Zakład Gospodarki Cieplnej"],"canonicalAnchor":"osm:way/1381955688","canonicalCountryKey":"PL","capacityMw":0.0,"country":"PL","externalIds":{"osm":"way/1381955688"},"geographyId":"PL-17162690B9130125042960","id":"wattlas-plant-osm-way-1381955688","lifecycleCounts":{"operational":1},"locationPrecision":"exact","name":"Zakład Gospodarki Cieplnej","operatingCapacityCoverage":{"coveragePercent":0.0,"knownUnitCount":0,"method":"unavailable","totalUnitCount":0},"operatingCapacityMw":0.0,"operatingCapacityMwByTechnology":{},"plannedCapacityCoverage":{"coveragePercent":0.0,"knownUnitCount":0,"method":"unavailable","totalUnitCount":0},"plannedCapacityMw":0.0,"plannedCapacityMwByTechnology":{},"recordCount":1,"recordIds":["wattlas-record-osm-way-1381955688"],"sourceIds":["openstreetmap-power"],"technologies":["coal"],"technologyMixMw":{"coal":0.0},"unitCount":0,"unitIds":[]},"type":"Feature"},{"geometry":{"coordinates":[20.666947,52.439965],"type":"Point"},"id":"wattlas-plant-osm-way-1382493397","properties":{"aliases":["Ciepłownia Modlin"],"canonicalAnchor":"osm:way/1382493397","canonicalCountryKey":"PL","capacityMw":0.0,"country":"PL","externalIds":{"osm":"way/1382493397"},"geographyId":"PL-17162690B84565288021286","id":"wattlas-plant-osm-way-1382493397","lifecycleCounts":{"operational":1},"locationPrecision":"exact","name":"Ciepłownia Modlin","operatingCapacityCoverage":{"coveragePercent":0.0,"knownUnitCount":0,"method":"unavailable","totalUnitCount":0},"operatingCapacityMw":0.0,"operatingCapacityMwByTechnology":{},"plannedCapacityCoverage":{"coveragePercent":0.0,"knownUnitCount":0,"method":"unavailable","totalUnitCount":0},"plannedCapacityMw":0.0,"plannedCapacityMwByTechnology":{},"recordCount":1,"recordIds":["wattlas-record-osm-way-1382493397"],"sourceIds":["openstreetmap-power"],"technologies":["coal"],"technologyMixMw":{"coal":0.0},"unitCount":0,"unitIds":[]},"type":"Feature"},{"geometry":{"coordinates":[20.551771,50.601001],"type":"Point"},"id":"wattlas-plant-osm-way-1384801954","properties":{"aliases":["Farma fotowoltaiczna"],"canonicalAnchor":"osm:way/1384801954","canonicalCountryKey":"PL","capacityMw":0.0,"country":"PL","externalIds":{"osm":"way/1384801954"},"geographyId":"PL-17162690B20834640531728","id":"wattlas-plant-osm-way-1384801954","lifecycleCounts":{"operational":1},"locationPrecision":"exact","name":"Farma fotowoltaiczna","operatingCapacityCoverage":{"coveragePercent":0.0,"knownUnitCount":0,"method":"unavailable","totalUnitCount":0},"operatingCapacityMw":0.0,"operatingCapacityMwByTechnology":{},"plannedCapacityCoverage":{"coveragePercent":0.0,"knownUnitCount":0,"method":"unavailable","totalUnitCount":0},"plannedCapacityMw":0.0,"plannedCapacityMwByTechnology":{},"recordCount":1,"recordIds":["wattlas-record-osm-way-1384801954"],"sourceIds":["openstreetmap-power"],"technologies":["solar"],"technologyMixMw":{"solar":0.0},"unitCount":0,"unitIds":[]},"type":"Feature"},{"geometry":{"coordinates":[20.608423,52.857479],"type":"Point"},"id":"wattlas-plant-osm-way-1387537386","properties":{"aliases":["Mapped power plant · OSM 1387537386"],"canonicalAnchor":"osm:way/1387537386","canonicalCountryKey":"PL","capacityMw":2.0,"country":"PL","externalIds":{"osm":"way/1387537386"},"geographyId":"PL-17162690B84565288021286","id":"wattlas-plant-osm-way-1387537386","lifecycleCounts":{"operational":1},"locationPrecision":"exact","name":"Mapped power plant · OSM 1387537386","operatingCapacityCoverage":{"coveragePercent":100.0,"knownUnitCount":0,"method":"plant_aggregate","provenance":{"evidenceCount":0,"recordIds":["wattlas-record-osm-way-1387537386"],"sourceIds":["openstreetmap-power"],"sourceTypes":["community_mapped"],"valueKind":"reported"},"totalUnitCount":0},"operatingCapacityMw":2.0,"operatingCapacityMwByTechnology":{"gas":2.0},"plannedCapacityCoverage":{"coveragePercent":0.0,"knownUnitCount":0,"method":"unavailable","totalUnitCount":0},"plannedCapacityMw":0.0,"plannedCapacityMwByTechnology":{},"recordCount":1,"recordIds":["wattlas-record-osm-way-1387537386"],"sourceIds":["openstreetmap-power"],"technologies":["gas"],"technologyMixMw":{"gas":2.0},"unitCount":0,"unitIds":[]},"type":"Feature"},{"geometry":{"coordinates":[18.445158,53.363376],"type":"Point"},"id":"wattlas-plant-osm-way-1388457513","properties":{"aliases":["farma fotowoltaiczna"],"canonicalAnchor":"osm:way/1388457513","canonicalCountryKey":"PL","capacityMw":0.0,"country":"PL","externalIds":{"osm":"way/1388457513"},"geographyId":"PL-17162690B37876665907262","id":"wattlas-plant-osm-way-1388457513","lifecycleCounts":{"operational":1},"locationPrecision":"exact","name":"farma fotowoltaiczna","operatingCapacityCoverage":{"coveragePercent":0.0,"knownUnitCount":0,"method":"unavailable","totalUnitCount":0},"operatingCapacityMw":0.0,"operatingCapacityMwByTechnology":{},"plannedCapacityCoverage":{"coveragePercent":0.0,"knownUnitCount":0,"method":"unavailable","totalUnitCount":0},"plannedCapacityMw":0.0,"plannedCapacityMwByTechnology":{},"recordCount":1,"recordIds":["wattlas-record-osm-way-1388457513"],"sourceIds":["openstreetmap-power"],"technologies":["solar"],"technologyMixMw":{"solar":0.0},"unitCount":0,"unitIds":[]},"type":"Feature"},{"geometry":{"coordinates":[18.447292,53.364145],"type":"Point"},"id":"wattlas-plant-osm-way-1388457516","properties":{"aliases":["farma fotowoltaiczna"],"canonicalAnchor":"osm:way/1388457516","canonicalCountryKey":"PL","capacityMw":0.0,"country":"PL","externalIds":{"osm":"way/1388457516"},"geographyId":"PL-17162690B37876665907262","id":"wattlas-plant-osm-way-1388457516","lifecycleCounts":{"operational":1},"locationPrecision":"exact","name":"farma fotowoltaiczna","operatingCapacityCoverage":{"coveragePercent":0.0,"knownUnitCount":0,"method":"unavailable","totalUnitCount":0},"operatingCapacityMw":0.0,"operatingCapacityMwByTechnology":{},"plannedCapacityCoverage":{"coveragePercent":0.0,"knownUnitCount":0,"method":"unavailable","totalUnitCount":0},"plannedCapacityMw":0.0,"plannedCapacityMwByTechnology":{},"recordCount":1,"recordIds":["wattlas-record-osm-way-1388457516"],"sourceIds":["openstreetmap-power"],"technologies":["solar"],"technologyMixMw":{"solar":0.0},"unitCount":0,"unitIds":[]},"type":"Feature"},{"geometry":{"coordinates":[18.44364,53.365007],"type":"Point"},"id":"wattlas-plant-osm-way-1388457518","properties":{"aliases":["farma fotowoltaiczna"],"canonicalAnchor":"osm:way/1388457518","canonicalCountryKey":"PL","capacityMw":0.0,"country":"PL","externalIds":{"osm":"way/1388457518"},"geographyId":"PL-17162690B37876665907262","id":"wattlas-plant-osm-way-1388457518","lifecycleCounts":{"operational":1},"locationPrecision":"exact","name":"farma fotowoltaiczna","operatingCapacityCoverage":{"coveragePercent":0.0,"knownUnitCount":0,"method":"unavailable","totalUnitCount":0},"operatingCapacityMw":0.0,"operatingCapacityMwByTechnology":{},"plannedCapacityCoverage":{"coveragePercent":0.0,"knownUnitCount":0,"method":"unavailable","totalUnitCount":0},"plannedCapacityMw":0.0,"plannedCapacityMwByTechnology":{},"recordCount":1,"recordIds":["wattlas-record-osm-way-1388457518"],"sourceIds":["openstreetmap-power"],"technologies":["solar"],"technologyMixMw":{"solar":0.0},"unitCount":0,"unitIds":[]},"type":"Feature"},{"geometry":{"coordinates":[18.44595,53.366065],"type":"Point"},"id":"wattlas-plant-osm-way-1388457519","properties":{"aliases":["farma fotowoltaiczna"],"canonicalAnchor":"osm:way/1388457519","canonicalCountryKey":"PL","capacityMw":0.0,"country":"PL","externalIds":{"osm":"way/1388457519"},"geographyId":"PL-17162690B37876665907262","id":"wattlas-plant-osm-way-1388457519","lifecycleCounts":{"operational":1},"locationPrecision":"exact","name":"farma fotowoltaiczna","operatingCapacityCoverage":{"coveragePercent":0.0,"knownUnitCount":0,"method":"unavailable","totalUnitCount":0},"operatingCapacityMw":0.0,"operatingCapacityMwByTechnology":{},"plannedCapacityCoverage":{"coveragePercent":0.0,"knownUnitCount":0,"method":"unavailable","totalUnitCount":0},"plannedCapacityMw":0.0,"plannedCapacityMwByTechnology":{},"recordCount":1,"recordIds":["wattlas-record-osm-way-1388457519"],"sourceIds":["openstreetmap-power"],"technologies":["solar"],"technologyMixMw":{"solar":0.0},"unitCount":0,"unitIds":[]},"type":"Feature"},{"geometry":{"coordinates":[20.155206,52.169914],"type":"Point"},"id":"wattlas-plant-osm-way-1392717344","properties":{"aliases":["Farma fotowoltaiczna"],"canonicalAnchor":"osm:way/1392717344","canonicalCountryKey":"PL","capacityMw":0.0,"country":"PL","externalIds":{"osm":"way/1392717344"},"geographyId":"PL-17162690B84565288021286","id":"wattlas-plant-osm-way-1392717344","lifecycleCounts":{"operational":1},"locationPrecision":"exact","name":"Farma fotowoltaiczna","operatingCapacityCoverage":{"coveragePercent":0.0,"knownUnitCount":0,"method":"unavailable","totalUnitCount":0},"operatingCapacityMw":0.0,"operatingCapacityMwByTechnology":{},"plannedCapacityCoverage":{"coveragePercent":0.0,"knownUnitCount":0,"method":"unavailable","totalUnitCount":0},"plannedCapacityMw":0.0,"plannedCapacityMwByTechnology":{},"recordCount":1,"recordIds":["wattlas-record-osm-way-1392717344"],"sourceIds":["openstreetmap-power"],"technologies":["solar"],"technologyMixMw":{"solar":0.0},"unitCount":0,"unitIds":[]},"type":"Feature"},{"geometry":{"coordinates":[14.938032,53.366427],"type":"Point"},"id":"wattlas-plant-osm-way-1395765664","properties":{"aliases":["Mapped power plant · OSM 1395765664"],"canonicalAnchor":"osm:way/1395765664","canonicalCountryKey":"PL","capacityMw":30.0,"country":"PL","externalIds":{"osm":"way/1395765664"},"geographyId":"PL-17162690B34878575347312","id":"wattlas-plant-osm-way-1395765664","lifecycleCounts":{"operational":1},"locationPrecision":"exact","name":"Mapped power plant · OSM 1395765664","operatingCapacityCoverage":{"coveragePercent":100.0,"knownUnitCount":0,"method":"plant_aggregate","provenance":{"evidenceCount":0,"recordIds":["wattlas-record-osm-way-1395765664"],"sourceIds":["openstreetmap-power"],"sourceTypes":["community_mapped"],"valueKind":"reported"},"totalUnitCount":0},"operatingCapacityMw":30.0,"operatingCapacityMwByTechnology":{"solar":30.0},"plannedCapacityCoverage":{"coveragePercent":0.0,"knownUnitCount":0,"method":"unavailable","totalUnitCount":0},"plannedCapacityMw":0.0,"plannedCapacityMwByTechnology":{},"recordCount":1,"recordIds":["wattlas-record-osm-way-1395765664"],"sourceIds":["openstreetmap-power"],"technologies":["solar"],"technologyMixMw":{"solar":30.0},"unitCount":0,"unitIds":[]},"type":"Feature"},{"geometry":{"coordinates":[17.004673,53.342122],"type":"Point"},"id":"wattlas-plant-osm-way-1395959789","properties":{"aliases":["Farma fotowoltaiczna"],"canonicalAnchor":"osm:way/1395959789","canonicalCountryKey":"PL","capacityMw":0.0,"country":"PL","externalIds":{"osm":"way/1395959789"},"geographyId":"PL-17162690B71775569625336","id":"wattlas-plant-osm-way-1395959789","lifecycleCounts":{"operational":1},"locationPrecision":"exact","name":"Farma fotowoltaiczna","operatingCapacityCoverage":{"coveragePercent":0.0,"knownUnitCount":0,"method":"unavailable","totalUnitCount":0},"operatingCapacityMw":0.0,"operatingCapacityMwByTechnology":{},"plannedCapacityCoverage":{"coveragePercent":0.0,"knownUnitCount":0,"method":"unavailable","totalUnitCount":0},"plannedCapacityMw":0.0,"plannedCapacityMwByTechnology":{},"recordCount":1,"recordIds":["wattlas-record-osm-way-1395959789"],"sourceIds":["openstreetmap-power"],"technologies":["solar"],"technologyMixMw":{"solar":0.0},"unitCount":0,"unitIds":[]},"type":"Feature"},{"geometry":{"coordinates":[19.984993,53.445511],"type":"Point"},"id":"wattlas-plant-osm-way-1395966083","properties":{"aliases":["Farma fotowoltaiczna Lewałd Wielki"],"canonicalAnchor":"osm:way/1395966083","canonicalCountryKey":"PL","capacityMw":32.0,"country":"PL","externalIds":{"osm":"way/1395966083"},"geographyId":"PL-17162690B18723007704312","id":"wattlas-plant-osm-way-1395966083","lifecycleCounts":{"operational":1},"locationPrecision":"exact","name":"Farma fotowoltaiczna Lewałd Wielki","operatingCapacityCoverage":{"coveragePercent":100.0,"knownUnitCount":0,"method":"plant_aggregate","provenance":{"evidenceCount":0,"recordIds":["wattlas-record-osm-way-1395966083"],"sourceIds":["openstreetmap-power"],"sourceTypes":["community_mapped"],"valueKind":"reported"},"totalUnitCount":0},"operatingCapacityMw":32.0,"operatingCapacityMwByTechnology":{"solar":32.0},"plannedCapacityCoverage":{"coveragePercent":0.0,"knownUnitCount":0,"method":"unavailable","totalUnitCount":0},"plannedCapacityMw":0.0,"plannedCapacityMwByTechnology":{},"recordCount":1,"recordIds":["wattlas-record-osm-way-1395966083"],"sourceIds":["openstreetmap-power"],"technologies":["solar"],"technologyMixMw":{"solar":32.0},"unitCount":0,"unitIds":[]},"type":"Feature"},{"geometry":{"coordinates":[16.661594,52.522076],"type":"Point"},"id":"wattlas-plant-osm-way-1409338049","properties":{"aliases":["Biogazownia Przybroda"],"canonicalAnchor":"osm:way/1409338049","canonicalCountryKey":"PL","capacityMw":0.0,"country":"PL","externalIds":{"osm":"way/1409338049"},"geographyId":"PL-17162690B71775569625336","id":"wattlas-plant-osm-way-1409338049","lifecycleCounts":{"operational":1},"locationPrecision":"exact","name":"Biogazownia Przybroda","operatingCapacityCoverage":{"coveragePercent":0.0,"knownUnitCount":0,"method":"unavailable","totalUnitCount":0},"operatingCapacityMw":0.0,"operatingCapacityMwByTechnology":{},"plannedCapacityCoverage":{"coveragePercent":0.0,"knownUnitCount":0,"method":"unavailable","totalUnitCount":0},"plannedCapacityMw":0.0,"plannedCapacityMwByTechnology":{},"recordCount":1,"recordIds":["wattlas-record-osm-way-1409338049"],"sourceIds":["openstreetmap-power"],"technologies":["biomass"],"technologyMixMw":{"biomass":0.0},"unitCount":0,"unitIds":[]},"type":"Feature"},{"geometry":{"coordinates":[14.906978,51.914834],"type":"Point"},"id":"wattlas-plant-osm-way-1409355858","properties":{"aliases":["Biogazownia Gubin"],"canonicalAnchor":"osm:way/1409355858","canonicalCountryKey":"PL","capacityMw":0.0,"country":"PL","externalIds":{"osm":"way/1409355858"},"geographyId":"PL-17162690B87710404837799","id":"wattlas-plant-osm-way-1409355858","lifecycleCounts":{"operational":1},"locationPrecision":"exact","name":"Biogazownia Gubin","operatingCapacityCoverage":{"coveragePercent":0.0,"knownUnitCount":0,"method":"unavailable","totalUnitCount":0},"operatingCapacityMw":0.0,"operatingCapacityMwByTechnology":{},"plannedCapacityCoverage":{"coveragePercent":0.0,"knownUnitCount":0,"method":"unavailable","totalUnitCount":0},"plannedCapacityMw":0.0,"plannedCapacityMwByTechnology":{},"recordCount":1,"recordIds":["wattlas-record-osm-way-1409355858"],"sourceIds":["openstreetmap-power"],"technologies":["biomass"],"technologyMixMw":{"biomass":0.0},"unitCount":0,"unitIds":[]},"type":"Feature"},{"geometry":{"coordinates":[16.239339,51.408142],"type":"Point"},"id":"wattlas-plant-osm-way-1413520746","properties":{"aliases":["Farma fotowoltaiczna Księginice"],"canonicalAnchor":"osm:way/1413520746","canonicalCountryKey":"PL","capacityMw":0.0,"country":"PL","externalIds":{"osm":"way/1413520746"},"geographyId":"PL-17162690B9130125042960","id":"wattlas-plant-osm-way-1413520746","lifecycleCounts":{"operational":1},"locationPrecision":"exact","name":"Farma fotowoltaiczna Księginice","operatingCapacityCoverage":{"coveragePercent":0.0,"knownUnitCount":0,"method":"unavailable","totalUnitCount":0},"operatingCapacityMw":0.0,"operatingCapacityMwByTechnology":{},"plannedCapacityCoverage":{"coveragePercent":0.0,"knownUnitCount":0,"method":"unavailable","totalUnitCount":0},"plannedCapacityMw":0.0,"plannedCapacityMwByTechnology":{},"recordCount":1,"recordIds":["wattlas-record-osm-way-1413520746"],"sourceIds":["openstreetmap-power"],"technologies":["solar"],"technologyMixMw":{"solar":0.0},"unitCount":0,"unitIds":[]},"type":"Feature"},{"geometry":{"coordinates":[23.443554,50.424455],"type":"Point"},"id":"wattlas-plant-osm-way-1414502120","properties":{"aliases":["Farma fotowoltaiczna"],"canonicalAnchor":"osm:way/1414502120","canonicalCountryKey":"PL","capacityMw":0.0,"country":"PL","externalIds":{"osm":"way/1414502120"},"geographyId":"PL-17162690B69262761487853","id":"wattlas-plant-osm-way-1414502120","lifecycleCounts":{"operational":1},"locationPrecision":"exact","name":"Farma fotowoltaiczna","operatingCapacityCoverage":{"coveragePercent":0.0,"knownUnitCount":0,"method":"unavailable","totalUnitCount":0},"operatingCapacityMw":0.0,"operatingCapacityMwByTechnology":{},"plannedCapacityCoverage":{"coveragePercent":0.0,"knownUnitCount":0,"method":"unavailable","totalUnitCount":0},"plannedCapacityMw":0.0,"plannedCapacityMwByTechnology":{},"recordCount":1,"recordIds":["wattlas-record-osm-way-1414502120"],"sourceIds":["openstreetmap-power"],"technologies":["solar"],"technologyMixMw":{"solar":0.0},"unitCount":0,"unitIds":[]},"type":"Feature"},{"geometry":{"coordinates":[23.148473,52.747886],"type":"Point"},"id":"wattlas-plant-osm-way-1417909564","properties":{"aliases":["Elektrownia fotowoltaiczna"],"canonicalAnchor":"osm:way/1417909564","canonicalCountryKey":"PL","capacityMw":1.0,"country":"PL","externalIds":{"osm":"way/1417909564"},"geographyId":"PL-17162690B23777949290372","id":"wattlas-plant-osm-way-1417909564","lifecycleCounts":{"operational":1},"locationPrecision":"exact","name":"Elektrownia fotowoltaiczna","operatingCapacityCoverage":{"coveragePercent":100.0,"knownUnitCount":0,"method":"plant_aggregate","provenance":{"evidenceCount":0,"recordIds":["wattlas-record-osm-way-1417909564"],"sourceIds":["openstreetmap-power"],"sourceTypes":["community_mapped"],"valueKind":"reported"},"totalUnitCount":0},"operatingCapacityMw":1.0,"operatingCapacityMwByTechnology":{"solar":1.0},"plannedCapacityCoverage":{"coveragePercent":0.0,"knownUnitCount":0,"method":"unavailable","totalUnitCount":0},"plannedCapacityMw":0.0,"plannedCapacityMwByTechnology":{},"recordCount":1,"recordIds":["wattlas-record-osm-way-1417909564"],"sourceIds":["openstreetmap-power"],"technologies":["solar"],"technologyMixMw":{"solar":1.0},"unitCount":0,"unitIds":[]},"type":"Feature"},{"geometry":{"coordinates":[17.961624,50.646614],"type":"Point"},"id":"wattlas-plant-osm-way-1418256966","properties":{"aliases":["Mapped power plant · OSM 1418256966"],"canonicalAnchor":"osm:way/1418256966","canonicalCountryKey":"PL","capacityMw":0.0,"country":"PL","externalIds":{"osm":"way/1418256966"},"geographyId":"PL-17162690B67719337891950","id":"wattlas-plant-osm-way-1418256966","lifecycleCounts":{"operational":1},"locationPrecision":"exact","name":"Mapped power plant · OSM 1418256966","operatingCapacityCoverage":{"coveragePercent":0.0,"knownUnitCount":0,"method":"unavailable","totalUnitCount":0},"operatingCapacityMw":0.0,"operatingCapacityMwByTechnology":{},"plannedCapacityCoverage":{"coveragePercent":0.0,"knownUnitCount":0,"method":"unavailable","totalUnitCount":0},"plannedCapacityMw":0.0,"plannedCapacityMwByTechnology":{},"recordCount":1,"recordIds":["wattlas-record-osm-way-1418256966"],"sourceIds":["openstreetmap-power"],"technologies":["solar"],"technologyMixMw":{"solar":0.0},"unitCount":0,"unitIds":[]},"type":"Feature"},{"geometry":{"coordinates":[17.961792,50.646512],"type":"Point"},"id":"wattlas-plant-osm-way-1418256967","properties":{"aliases":["Mapped power plant · OSM 1418256967"],"canonicalAnchor":"osm:way/1418256967","canonicalCountryKey":"PL","capacityMw":0.0,"country":"PL","externalIds":{"osm":"way/1418256967"},"geographyId":"PL-17162690B67719337891950","id":"wattlas-plant-osm-way-1418256967","lifecycleCounts":{"operational":1},"locationPrecision":"exact","name":"Mapped power plant · OSM 1418256967","operatingCapacityCoverage":{"coveragePercent":0.0,"knownUnitCount":0,"method":"unavailable","totalUnitCount":0},"operatingCapacityMw":0.0,"operatingCapacityMwByTechnology":{},"plannedCapacityCoverage":{"coveragePercent":0.0,"knownUnitCount":0,"method":"unavailable","totalUnitCount":0},"plannedCapacityMw":0.0,"plannedCapacityMwByTechnology":{},"recordCount":1,"recordIds":["wattlas-record-osm-way-1418256967"],"sourceIds":["openstreetmap-power"],"technologies":["solar"],"technologyMixMw":{"solar":0.0},"unitCount":0,"unitIds":[]},"type":"Feature"},{"geometry":{"coordinates":[17.963232,50.646103],"type":"Point"},"id":"wattlas-plant-osm-way-1418256968","properties":{"aliases":["Mapped power plant · OSM 1418256968"],"canonicalAnchor":"osm:way/1418256968","canonicalCountryKey":"PL","capacityMw":0.0,"country":"PL","externalIds":{"osm":"way/1418256968"},"geographyId":"PL-17162690B67719337891950","id":"wattlas-plant-osm-way-1418256968","lifecycleCounts":{"operational":1},"locationPrecision":"exact","name":"Mapped power plant · OSM 1418256968","operatingCapacityCoverage":{"coveragePercent":0.0,"knownUnitCount":0,"method":"unavailable","totalUnitCount":0},"operatingCapacityMw":0.0,"operatingCapacityMwByTechnology":{},"plannedCapacityCoverage":{"coveragePercent":0.0,"knownUnitCount":0,"method":"unavailable","totalUnitCount":0},"plannedCapacityMw":0.0,"plannedCapacityMwByTechnology":{},"recordCount":1,"recordIds":["wattlas-record-osm-way-1418256968"],"sourceIds":["openstreetmap-power"],"technologies":["solar"],"technologyMixMw":{"solar":0.0},"unitCount":0,"unitIds":[]},"type":"Feature"},{"geometry":{"coordinates":[17.963326,50.646003],"type":"Point"},"id":"wattlas-plant-osm-way-1418256969","properties":{"aliases":["Mapped power plant · OSM 1418256969"],"canonicalAnchor":"osm:way/1418256969","canonicalCountryKey":"PL","capacityMw":0.0,"country":"PL","externalIds":{"osm":"way/1418256969"},"geographyId":"PL-17162690B67719337891950","id":"wattlas-plant-osm-way-1418256969","lifecycleCounts":{"operational":1},"locationPrecision":"exact","name":"Mapped power plant · OSM 1418256969","operatingCapacityCoverage":{"coveragePercent":0.0,"knownUnitCount":0,"method":"unavailable","totalUnitCount":0},"operatingCapacityMw":0.0,"operatingCapacityMwByTechnology":{},"plannedCapacityCoverage":{"coveragePercent":0.0,"knownUnitCount":0,"method":"unavailable","totalUnitCount":0},"plannedCapacityMw":0.0,"plannedCapacityMwByTechnology":{},"recordCount":1,"recordIds":["wattlas-record-osm-way-1418256969"],"sourceIds":["openstreetmap-power"],"technologies":["solar"],"technologyMixMw":{"solar":0.0},"unitCount":0,"unitIds":[]},"type":"Feature"},{"geometry":{"coordinates":[17.963441,50.6459],"type":"Point"},"id":"wattlas-plant-osm-way-1418256970","properties":{"aliases":["Mapped power plant · OSM 1418256970"],"canonicalAnchor":"osm:way/1418256970","canonicalCountryKey":"PL","capacityMw":0.0,"country":"PL","externalIds":{"osm":"way/1418256970"},"geographyId":"PL-17162690B67719337891950","id":"wattlas-plant-osm-way-1418256970","lifecycleCounts":{"operational":1},"locationPrecision":"exact","name":"Mapped power plant · OSM 1418256970","operatingCapacityCoverage":{"coveragePercent":0.0,"knownUnitCount":0,"method":"unavailable","totalUnitCount":0},"operatingCapacityMw":0.0,"operatingCapacityMwByTechnology":{},"plannedCapacityCoverage":{"coveragePercent":0.0,"knownUnitCount":0,"method":"unavailable","totalUnitCount":0},"plannedCapacityMw":0.0,"plannedCapacityMwByTechnology":{},"recordCount":1,"recordIds":["wattlas-record-osm-way-1418256970"],"sourceIds":["openstreetmap-power"],"technologies":["solar"],"technologyMixMw":{"solar":0.0},"unitCount":0,"unitIds":[]},"type":"Feature"},{"geometry":{"coordinates":[17.963554,50.6458],"type":"Point"},"id":"wattlas-plant-osm-way-1418256971","properties":{"aliases":["Mapped power plant · OSM 1418256971"],"canonicalAnchor":"osm:way/1418256971","canonicalCountryKey":"PL","capacityMw":0.0,"country":"PL","externalIds":{"osm":"way/1418256971"},"geographyId":"PL-17162690B67719337891950","id":"wattlas-plant-osm-way-1418256971","lifecycleCounts":{"operational":1},"locationPrecision":"exact","name":"Mapped power plant · OSM 1418256971","operatingCapacityCoverage":{"coveragePercent":0.0,"knownUnitCount":0,"method":"unavailable","totalUnitCount":0},"operatingCapacityMw":0.0,"operatingCapacityMwByTechnology":{},"plannedCapacityCoverage":{"coveragePercent":0.0,"knownUnitCount":0,"method":"unavailable","totalUnitCount":0},"plannedCapacityMw":0.0,"plannedCapacityMwByTechnology":{},"recordCount":1,"recordIds":["wattlas-record-osm-way-1418256971"],"sourceIds":["openstreetmap-power"],"technologies":["solar"],"technologyMixMw":{"solar":0.0},"unitCount":0,"unitIds":[]},"type":"Feature"},{"geometry":{"coordinates":[17.96201,50.646409],"type":"Point"},"id":"wattlas-plant-osm-way-1418256972","properties":{"aliases":["Mapped power plant · OSM 1418256972"],"canonicalAnchor":"osm:way/1418256972","canonicalCountryKey":"PL","capacityMw":0.0,"country":"PL","externalIds":{"osm":"way/1418256972"},"geographyId":"PL-17162690B67719337891950","id":"wattlas-plant-osm-way-1418256972","lifecycleCounts":{"operational":1},"locationPrecision":"exact","name":"Mapped power plant · OSM 1418256972","operatingCapacityCoverage":{"coveragePercent":0.0,"knownUnitCount":0,"method":"unavailable","totalUnitCount":0},"operatingCapacityMw":0.0,"operatingCapacityMwByTechnology":{},"plannedCapacityCoverage":{"coveragePercent":0.0,"knownUnitCount":0,"method":"unavailable","totalUnitCount":0},"plannedCapacityMw":0.0,"plannedCapacityMwByTechnology":{},"recordCount":1,"recordIds":["wattlas-record-osm-way-1418256972"],"sourceIds":["openstreetmap-power"],"technologies":["solar"],"technologyMixMw":{"solar":0.0},"unitCount":0,"unitIds":[]},"type":"Feature"},{"geometry":{"coordinates":[17.962127,50.646307],"type":"Point"},"id":"wattlas-plant-osm-way-1418256973","properties":{"aliases":["Mapped power plant · OSM 1418256973"],"canonicalAnchor":"osm:way/1418256973","canonicalCountryKey":"PL","capacityMw":0.0,"country":"PL","externalIds":{"osm":"way/1418256973"},"geographyId":"PL-17162690B67719337891950","id":"wattlas-plant-osm-way-1418256973","lifecycleCounts":{"operational":1},"locationPrecision":"exact","name":"Mapped power plant · OSM 1418256973","operatingCapacityCoverage":{"coveragePercent":0.0,"knownUnitCount":0,"method":"unavailable","totalUnitCount":0},"operatingCapacityMw":0.0,"operatingCapacityMwByTechnology":{},"plannedCapacityCoverage":{"coveragePercent":0.0,"knownUnitCount":0,"method":"unavailable","totalUnitCount":0},"plannedCapacityMw":0.0,"plannedCapacityMwByTechnology":{},"recordCount":1,"recordIds":["wattlas-record-osm-way-1418256973"],"sourceIds":["openstreetmap-power"],"technologies":["solar"],"technologyMixMw":{"solar":0.0},"unitCount":0,"unitIds":[]},"type":"Feature"},{"geometry":{"coordinates":[17.962374,50.646202],"type":"Point"},"id":"wattlas-plant-osm-way-1418256974","properties":{"aliases":["Mapped power plant · OSM 1418256974"],"canonicalAnchor":"osm:way/1418256974","canonicalCountryKey":"PL","capacityMw":0.0,"country":"PL","externalIds":{"osm":"way/1418256974"},"geographyId":"PL-17162690B67719337891950","id":"wattlas-plant-osm-way-1418256974","lifecycleCounts":{"operational":1},"locationPrecision":"exact","name":"Mapped power plant · OSM 1418256974","operatingCapacityCoverage":{"coveragePercent":0.0,"knownUnitCount":0,"method":"unavailable","totalUnitCount":0},"operatingCapacityMw":0.0,"operatingCapacityMwByTechnology":{},"plannedCapacityCoverage":{"coveragePercent":0.0,"knownUnitCount":0,"method":"unavailable","totalUnitCount":0},"plannedCapacityMw":0.0,"plannedCapacityMwByTechnology":{},"recordCount":1,"recordIds":["wattlas-record-osm-way-1418256974"],"sourceIds":["openstreetmap-power"],"technologies":["solar"],"technologyMixMw":{"solar":0.0},"unitCount":0,"unitIds":[]},"type":"Feature"},{"geometry":{"coordinates":[15.243577,53.103204],"type":"Point"},"id":"wattlas-plant-osm-way-1418685938","properties":{"aliases":["Mapped power plant · OSM 1418685938"],"canonicalAnchor":"osm:way/1418685938","canonicalCountryKey":"PL","capacityMw":10.0,"country":"PL","externalIds":{"osm":"way/1418685938"},"geographyId":"PL-17162690B34878575347312","id":"wattlas-plant-osm-way-1418685938","lifecycleCounts":{"operational":1},"locationPrecision":"exact","name":"Mapped power plant · OSM 1418685938","operatingCapacityCoverage":{"coveragePercent":100.0,"knownUnitCount":0,"method":"plant_aggregate","provenance":{"evidenceCount":0,"recordIds":["wattlas-record-osm-way-1418685938"],"sourceIds":["openstreetmap-power"],"sourceTypes":["community_mapped"],"valueKind":"reported"},"totalUnitCount":0},"operatingCapacityMw":10.0,"operatingCapacityMwByTechnology":{"solar":10.0},"plannedCapacityCoverage":{"coveragePercent":0.0,"knownUnitCount":0,"method":"unavailable","totalUnitCount":0},"plannedCapacityMw":0.0,"plannedCapacityMwByTechnology":{},"recordCount":1,"recordIds":["wattlas-record-osm-way-1418685938"],"sourceIds":["openstreetmap-power"],"technologies":["solar"],"technologyMixMw":{"solar":10.0},"unitCount":0,"unitIds":[]},"type":"Feature"},{"geometry":{"coordinates":[15.389291,51.195065],"type":"Point"},"id":"wattlas-plant-osm-way-1418897812","properties":{"aliases":["Mała Elektrownia Wodna Nowogrodziec"],"canonicalAnchor":"osm:way/1418897812","canonicalCountryKey":"PL","capacityMw":0.0,"country":"PL","externalIds":{"osm":"way/1418897812"},"geographyId":"PL-17162690B9130125042960","id":"wattlas-plant-osm-way-1418897812","lifecycleCounts":{"operational":1},"locationPrecision":"exact","name":"Mała Elektrownia Wodna Nowogrodziec","operatingCapacityCoverage":{"coveragePercent":0.0,"knownUnitCount":0,"method":"unavailable","totalUnitCount":0},"operatingCapacityMw":0.0,"operatingCapacityMwByTechnology":{},"plannedCapacityCoverage":{"coveragePercent":0.0,"knownUnitCount":0,"method":"unavailable","totalUnitCount":0},"plannedCapacityMw":0.0,"plannedCapacityMwByTechnology":{},"recordCount":1,"recordIds":["wattlas-record-osm-way-1418897812"],"sourceIds":["openstreetmap-power"],"technologies":["hydro"],"technologyMixMw":{"hydro":0.0},"unitCount":0,"unitIds":[]},"type":"Feature"},{"geometry":{"coordinates":[15.643531,50.963799],"type":"Point"},"id":"wattlas-plant-osm-way-1419334443","properties":{"aliases":["Elektrownia Wodna Pilchowice I"],"canonicalAnchor":"osm:way/1419334443","canonicalCountryKey":"PL","capacityMw":9.2,"country":"PL","externalIds":{"osm":"way/1419334443"},"geographyId":"PL-17162690B9130125042960","id":"wattlas-plant-osm-way-1419334443","lifecycleCounts":{"operational":1},"locationPrecision":"exact","name":"Elektrownia Wodna Pilchowice I","operatingCapacityCoverage":{"coveragePercent":100.0,"knownUnitCount":0,"method":"plant_aggregate","provenance":{"evidenceCount":0,"recordIds":["wattlas-record-osm-way-1419334443"],"sourceIds":["openstreetmap-power"],"sourceTypes":["community_mapped"],"valueKind":"reported"},"totalUnitCount":0},"operatingCapacityMw":9.2,"operatingCapacityMwByTechnology":{"hydro":9.2},"plannedCapacityCoverage":{"coveragePercent":0.0,"knownUnitCount":0,"method":"unavailable","totalUnitCount":0},"plannedCapacityMw":0.0,"plannedCapacityMwByTechnology":{},"recordCount":1,"recordIds":["wattlas-record-osm-way-1419334443"],"sourceIds":["openstreetmap-power"],"technologies":["hydro"],"technologyMixMw":{"hydro":9.2},"unitCount":0,"unitIds":[]},"type":"Feature"},{"geometry":{"coordinates":[20.395125,52.106599],"type":"Point"},"id":"wattlas-plant-osm-way-1419479811","properties":{"aliases":["Farma fotowoltaiczna"],"canonicalAnchor":"osm:way/1419479811","canonicalCountryKey":"PL","capacityMw":0.0,"country":"PL","externalIds":{"osm":"way/1419479811"},"geographyId":"PL-17162690B84565288021286","id":"wattlas-plant-osm-way-1419479811","lifecycleCounts":{"operational":1},"locationPrecision":"exact","name":"Farma fotowoltaiczna","operatingCapacityCoverage":{"coveragePercent":0.0,"knownUnitCount":0,"method":"unavailable","totalUnitCount":0},"operatingCapacityMw":0.0,"operatingCapacityMwByTechnology":{},"plannedCapacityCoverage":{"coveragePercent":0.0,"knownUnitCount":0,"method":"unavailable","totalUnitCount":0},"plannedCapacityMw":0.0,"plannedCapacityMwByTechnology":{},"recordCount":1,"recordIds":["wattlas-record-osm-way-1419479811"],"sourceIds":["openstreetmap-power"],"technologies":["solar"],"technologyMixMw":{"solar":0.0},"unitCount":0,"unitIds":[]},"type":"Feature"},{"geometry":{"coordinates":[15.335321,51.023259],"type":"Point"},"id":"wattlas-plant-osm-way-1419571996","properties":{"aliases":["Elektrownia wodna Złotniki"],"canonicalAnchor":"osm:way/1419571996","canonicalCountryKey":"PL","capacityMw":0.0,"country":"PL","externalIds":{"osm":"way/1419571996"},"geographyId":"PL-17162690B9130125042960","id":"wattlas-plant-osm-way-1419571996","lifecycleCounts":{"operational":1},"locationPrecision":"exact","name":"Elektrownia wodna Złotniki","operatingCapacityCoverage":{"coveragePercent":0.0,"knownUnitCount":0,"method":"unavailable","totalUnitCount":0},"operatingCapacityMw":0.0,"operatingCapacityMwByTechnology":{},"plannedCapacityCoverage":{"coveragePercent":0.0,"knownUnitCount":0,"method":"unavailable","totalUnitCount":0},"plannedCapacityMw":0.0,"plannedCapacityMwByTechnology":{},"recordCount":1,"recordIds":["wattlas-record-osm-way-1419571996"],"sourceIds":["openstreetmap-power"],"technologies":["hydro"],"technologyMixMw":{"hydro":0.0},"unitCount":0,"unitIds":[]},"type":"Feature"},{"geometry":{"coordinates":[16.534461,51.680765],"type":"Point"},"id":"wattlas-plant-osm-way-1419591937","properties":{"aliases":["Biogazownia"],"canonicalAnchor":"osm:way/1419591937","canonicalCountryKey":"PL","capacityMw":0.0,"country":"PL","externalIds":{"osm":"way/1419591937"},"geographyId":"PL-17162690B9130125042960","id":"wattlas-plant-osm-way-1419591937","lifecycleCounts":{"operational":1},"locationPrecision":"exact","name":"Biogazownia","operatingCapacityCoverage":{"coveragePercent":0.0,"knownUnitCount":0,"method":"unavailable","totalUnitCount":0},"operatingCapacityMw":0.0,"operatingCapacityMwByTechnology":{},"plannedCapacityCoverage":{"coveragePercent":0.0,"knownUnitCount":0,"method":"unavailable","totalUnitCount":0},"plannedCapacityMw":0.0,"plannedCapacityMwByTechnology":{},"recordCount":1,"recordIds":["wattlas-record-osm-way-1419591937"],"sourceIds":["openstreetmap-power"],"technologies":["biomass"],"technologyMixMw":{"biomass":0.0},"unitCount":0,"unitIds":[]},"type":"Feature"},{"geometry":{"coordinates":[16.955038,50.485148],"type":"Point"},"id":"wattlas-plant-osm-way-1419624373","properties":{"aliases":["Elektrownia wodna Topola"],"canonicalAnchor":"osm:way/1419624373","canonicalCountryKey":"PL","capacityMw":1.56,"country":"PL","externalIds":{"osm":"way/1419624373"},"geographyId":"PL-17162690B9130125042960","id":"wattlas-plant-osm-way-1419624373","lifecycleCounts":{"operational":1},"locationPrecision":"exact","name":"Elektrownia wodna Topola","operatingCapacityCoverage":{"coveragePercent":100.0,"knownUnitCount":0,"method":"plant_aggregate","provenance":{"evidenceCount":0,"recordIds":["wattlas-record-osm-way-1419624373"],"sourceIds":["openstreetmap-power"],"sourceTypes":["community_mapped"],"valueKind":"reported"},"totalUnitCount":0},"operatingCapacityMw":1.56,"operatingCapacityMwByTechnology":{"hydro":1.56},"plannedCapacityCoverage":{"coveragePercent":0.0,"knownUnitCount":0,"method":"unavailable","totalUnitCount":0},"plannedCapacityMw":0.0,"plannedCapacityMwByTechnology":{},"recordCount":1,"recordIds":["wattlas-record-osm-way-1419624373"],"sourceIds":["openstreetmap-power"],"technologies":["hydro"],"technologyMixMw":{"hydro":1.56},"unitCount":0,"unitIds":[]},"type":"Feature"},{"geometry":{"coordinates":[17.625041,54.654845],"type":"Point"},"id":"wattlas-plant-osm-way-1420669315","properties":{"aliases":["Mapped power plant · OSM 1420669315"],"canonicalAnchor":"osm:way/1420669315","canonicalCountryKey":"PL","capacityMw":10.0,"country":"PL","externalIds":{"osm":"way/1420669315"},"geographyId":"PL-17162690B77437931625010","id":"wattlas-plant-osm-way-1420669315","lifecycleCounts":{"operational":1},"locationPrecision":"exact","name":"Mapped power plant · OSM 1420669315","operatingCapacityCoverage":{"coveragePercent":100.0,"knownUnitCount":0,"method":"plant_aggregate","provenance":{"evidenceCount":0,"recordIds":["wattlas-record-osm-way-1420669315"],"sourceIds":["openstreetmap-power"],"sourceTypes":["community_mapped"],"valueKind":"reported"},"totalUnitCount":0},"operatingCapacityMw":10.0,"operatingCapacityMwByTechnology":{"wind":10.0},"plannedCapacityCoverage":{"coveragePercent":0.0,"knownUnitCount":0,"method":"unavailable","totalUnitCount":0},"plannedCapacityMw":0.0,"plannedCapacityMwByTechnology":{},"recordCount":1,"recordIds":["wattlas-record-osm-way-1420669315"],"sourceIds":["openstreetmap-power"],"technologies":["wind"],"technologyMixMw":{"wind":10.0},"unitCount":0,"unitIds":[]},"type":"Feature"},{"geometry":{"coordinates":[16.811767,54.424389],"type":"Point"},"id":"wattlas-plant-osm-way-1421349058","properties":{"aliases":["PV Marszewo"],"canonicalAnchor":"osm:way/1421349058","canonicalCountryKey":"PL","capacityMw":90.0,"country":"PL","externalIds":{"osm":"way/1421349058"},"geographyId":"PL-17162690B34878575347312","id":"wattlas-plant-osm-way-1421349058","lifecycleCounts":{"operational":1},"locationPrecision":"exact","name":"PV Marszewo","operatingCapacityCoverage":{"coveragePercent":100.0,"knownUnitCount":0,"method":"plant_aggregate","provenance":{"evidenceCount":0,"recordIds":["wattlas-record-osm-way-1421349058"],"sourceIds":["openstreetmap-power"],"sourceTypes":["community_mapped"],"valueKind":"reported"},"totalUnitCount":0},"operatingCapacityMw":90.0,"operatingCapacityMwByTechnology":{"solar":90.0},"plannedCapacityCoverage":{"coveragePercent":0.0,"knownUnitCount":0,"method":"unavailable","totalUnitCount":0},"plannedCapacityMw":0.0,"plannedCapacityMwByTechnology":{},"recordCount":1,"recordIds":["wattlas-record-osm-way-1421349058"],"sourceIds":["openstreetmap-power"],"technologies":["solar"],"technologyMixMw":{"solar":90.0},"unitCount":0,"unitIds":[]},"type":"Feature"},{"geometry":{"coordinates":[20.546268,53.778278],"type":"Point"},"id":"wattlas-plant-osm-way-1422016693","properties":{"aliases":["Instalacja Termicznego Przekształcania Odpadów (ITPO)"],"canonicalAnchor":"osm:way/1422016693","canonicalCountryKey":"PL","capacityMw":50.0,"country":"PL","externalIds":{"osm":"way/1422016693"},"geographyId":"PL-17162690B18723007704312","id":"wattlas-plant-osm-way-1422016693","lifecycleCounts":{"operational":1},"locationPrecision":"exact","name":"Instalacja Termicznego Przekształcania Odpadów (ITPO)","operatingCapacityCoverage":{"coveragePercent":100.0,"knownUnitCount":0,"method":"plant_aggregate","provenance":{"evidenceCount":0,"recordIds":["wattlas-record-osm-way-1422016693"],"sourceIds":["openstreetmap-power"],"sourceTypes":["community_mapped"],"valueKind":"reported"},"totalUnitCount":0},"operatingCapacityMw":50.0,"operatingCapacityMwByTechnology":{"other":50.0},"plannedCapacityCoverage":{"coveragePercent":0.0,"knownUnitCount":0,"method":"unavailable","totalUnitCount":0},"plannedCapacityMw":0.0,"plannedCapacityMwByTechnology":{},"recordCount":1,"recordIds":["wattlas-record-osm-way-1422016693"],"sourceIds":["openstreetmap-power"],"technologies":["other"],"technologyMixMw":{"other":50.0},"unitCount":0,"unitIds":[]},"type":"Feature"},{"geometry":{"coordinates":[20.02131,53.706207],"type":"Point"},"id":"wattlas-plant-osm-way-1430842340","properties":{"aliases":["Farma fotowoltaiczna"],"canonicalAnchor":"osm:way/1430842340","canonicalCountryKey":"PL","capacityMw":0.0,"country":"PL","externalIds":{"osm":"way/1430842340"},"geographyId":"PL-17162690B18723007704312","id":"wattlas-plant-osm-way-1430842340","lifecycleCounts":{"operational":1},"locationPrecision":"exact","name":"Farma fotowoltaiczna","operatingCapacityCoverage":{"coveragePercent":0.0,"knownUnitCount":0,"method":"unavailable","totalUnitCount":0},"operatingCapacityMw":0.0,"operatingCapacityMwByTechnology":{},"plannedCapacityCoverage":{"coveragePercent":0.0,"knownUnitCount":0,"method":"unavailable","totalUnitCount":0},"plannedCapacityMw":0.0,"plannedCapacityMwByTechnology":{},"recordCount":1,"recordIds":["wattlas-record-osm-way-1430842340"],"sourceIds":["openstreetmap-power"],"technologies":["solar"],"technologyMixMw":{"solar":0.0},"unitCount":0,"unitIds":[]},"type":"Feature"},{"geometry":{"coordinates":[18.094487,54.744685],"type":"Point"},"id":"wattlas-plant-osm-way-1432607463","properties":{"aliases":["Magazyn Energii Żarnowiec"],"canonicalAnchor":"osm:way/1432607463","canonicalCountryKey":"PL","capacityMw":262.0,"country":"PL","externalIds":{"osm":"way/1432607463"},"geographyId":"PL-17162690B77437931625010","id":"wattlas-plant-osm-way-1432607463","lifecycleCounts":{"under_construction":1},"locationPrecision":"exact","name":"Magazyn Energii Żarnowiec","operatingCapacityCoverage":{"coveragePercent":0.0,"knownUnitCount":0,"method":"unavailable","totalUnitCount":0},"operatingCapacityMw":0.0,"operatingCapacityMwByTechnology":{},"plannedCapacityCoverage":{"coveragePercent":100.0,"knownUnitCount":0,"method":"plant_aggregate","provenance":{"evidenceCount":0,"recordIds":["wattlas-record-osm-way-1432607463"],"sourceIds":["openstreetmap-power"],"sourceTypes":["community_mapped"],"valueKind":"reported"},"totalUnitCount":0},"plannedCapacityMw":262.0,"plannedCapacityMwByTechnology":{"other":262.0},"recordCount":1,"recordIds":["wattlas-record-osm-way-1432607463"],"sourceIds":["openstreetmap-power"],"technologies":["other"],"technologyMixMw":{"other":262.0},"unitCount":0,"unitIds":[]},"type":"Feature"},{"geometry":{"coordinates":[19.452061,49.964379],"type":"Point"},"id":"wattlas-plant-osm-way-1436378479","properties":{"aliases":["MEW Grodzisko"],"canonicalAnchor":"osm:way/1436378479","canonicalCountryKey":"PL","capacityMw":0.0,"country":"PL","externalIds":{"osm":"way/1436378479"},"geographyId":"PL-17162690B67655395900928","id":"wattlas-plant-osm-way-1436378479","lifecycleCounts":{"operational":1},"locationPrecision":"exact","name":"MEW Grodzisko","operatingCapacityCoverage":{"coveragePercent":0.0,"knownUnitCount":0,"method":"unavailable","totalUnitCount":0},"operatingCapacityMw":0.0,"operatingCapacityMwByTechnology":{},"plannedCapacityCoverage":{"coveragePercent":0.0,"knownUnitCount":0,"method":"unavailable","totalUnitCount":0},"plannedCapacityMw":0.0,"plannedCapacityMwByTechnology":{},"recordCount":1,"recordIds":["wattlas-record-osm-way-1436378479"],"sourceIds":["openstreetmap-power"],"technologies":["hydro"],"technologyMixMw":{"hydro":0.0},"unitCount":0,"unitIds":[]},"type":"Feature"},{"geometry":{"coordinates":[20.802005,52.170518],"type":"Point"},"id":"wattlas-plant-osm-way-143724615","properties":{"aliases":["PGNiG Termika S.A. Oddział Elektrociepłownia Pruszków"],"canonicalAnchor":"osm:way/143724615","canonicalCountryKey":"PL","capacityMw":9.1,"country":"PL","externalIds":{"osm":"way/143724615"},"geographyId":"PL-17162690B84565288021286","id":"wattlas-plant-osm-way-143724615","lifecycleCounts":{"operational":1},"locationPrecision":"exact","name":"PGNiG Termika S.A. Oddział Elektrociepłownia Pruszków","operatingCapacityCoverage":{"coveragePercent":100.0,"knownUnitCount":0,"method":"plant_aggregate","provenance":{"evidenceCount":0,"recordIds":["wattlas-record-osm-way-143724615"],"sourceIds":["openstreetmap-power"],"sourceTypes":["community_mapped"],"valueKind":"reported"},"totalUnitCount":0},"operatingCapacityMw":9.1,"operatingCapacityMwByTechnology":{"coal":9.1},"plannedCapacityCoverage":{"coveragePercent":0.0,"knownUnitCount":0,"method":"unavailable","totalUnitCount":0},"plannedCapacityMw":0.0,"plannedCapacityMwByTechnology":{},"recordCount":1,"recordIds":["wattlas-record-osm-way-143724615"],"sourceIds":["openstreetmap-power"],"technologies":["coal"],"technologyMixMw":{"coal":9.1},"unitCount":0,"unitIds":[]},"type":"Feature"},{"geometry":{"coordinates":[17.556398,50.668933],"type":"Point"},"id":"wattlas-plant-osm-way-1442329827","properties":{"aliases":["farma PV Rutki"],"canonicalAnchor":"osm:way/1442329827","canonicalCountryKey":"PL","capacityMw":0.0,"country":"PL","externalIds":{"osm":"way/1442329827"},"geographyId":"PL-17162690B67719337891950","id":"wattlas-plant-osm-way-1442329827","lifecycleCounts":{"operational":1},"locationPrecision":"exact","name":"farma PV Rutki","operatingCapacityCoverage":{"coveragePercent":0.0,"knownUnitCount":0,"method":"unavailable","totalUnitCount":0},"operatingCapacityMw":0.0,"operatingCapacityMwByTechnology":{},"plannedCapacityCoverage":{"coveragePercent":0.0,"knownUnitCount":0,"method":"unavailable","totalUnitCount":0},"plannedCapacityMw":0.0,"plannedCapacityMwByTechnology":{},"recordCount":1,"recordIds":["wattlas-record-osm-way-1442329827"],"sourceIds":["openstreetmap-power"],"technologies":["solar"],"technologyMixMw":{"solar":0.0},"unitCount":0,"unitIds":[]},"type":"Feature"},{"geometry":{"coordinates":[17.553758,50.668868],"type":"Point"},"id":"wattlas-plant-osm-way-1442329828","properties":{"aliases":["farma PV Rutki"],"canonicalAnchor":"osm:way/1442329828","canonicalCountryKey":"PL","capacityMw":0.0,"country":"PL","externalIds":{"osm":"way/1442329828"},"geographyId":"PL-17162690B67719337891950","id":"wattlas-plant-osm-way-1442329828","lifecycleCounts":{"operational":1},"locationPrecision":"exact","name":"farma PV Rutki","operatingCapacityCoverage":{"coveragePercent":0.0,"knownUnitCount":0,"method":"unavailable","totalUnitCount":0},"operatingCapacityMw":0.0,"operatingCapacityMwByTechnology":{},"plannedCapacityCoverage":{"coveragePercent":0.0,"knownUnitCount":0,"method":"unavailable","totalUnitCount":0},"plannedCapacityMw":0.0,"plannedCapacityMwByTechnology":{},"recordCount":1,"recordIds":["wattlas-record-osm-way-1442329828"],"sourceIds":["openstreetmap-power"],"technologies":["solar"],"technologyMixMw":{"solar":0.0},"unitCount":0,"unitIds":[]},"type":"Feature"},{"geometry":{"coordinates":[17.554443,50.671571],"type":"Point"},"id":"wattlas-plant-osm-way-1442329829","properties":{"aliases":["farma PV Rutki"],"canonicalAnchor":"osm:way/1442329829","canonicalCountryKey":"PL","capacityMw":0.0,"country":"PL","externalIds":{"osm":"way/1442329829"},"geographyId":"PL-17162690B67719337891950","id":"wattlas-plant-osm-way-1442329829","lifecycleCounts":{"operational":1},"locationPrecision":"exact","name":"farma PV Rutki","operatingCapacityCoverage":{"coveragePercent":0.0,"knownUnitCount":0,"method":"unavailable","totalUnitCount":0},"operatingCapacityMw":0.0,"operatingCapacityMwByTechnology":{},"plannedCapacityCoverage":{"coveragePercent":0.0,"knownUnitCount":0,"method":"unavailable","totalUnitCount":0},"plannedCapacityMw":0.0,"plannedCapacityMwByTechnology":{},"recordCount":1,"recordIds":["wattlas-record-osm-way-1442329829"],"sourceIds":["openstreetmap-power"],"technologies":["solar"],"technologyMixMw":{"solar":0.0},"unitCount":0,"unitIds":[]},"type":"Feature"},{"geometry":{"coordinates":[16.262022,52.23369],"type":"Point"},"id":"wattlas-plant-osm-way-1444362214","properties":{"aliases":["Farma fotowoltaiczna Kąkolewo"],"canonicalAnchor":"osm:way/1444362214","canonicalCountryKey":"PL","capacityMw":0.0,"country":"PL","externalIds":{"osm":"way/1444362214"},"geographyId":"PL-17162690B71775569625336","id":"wattlas-plant-osm-way-1444362214","lifecycleCounts":{"operational":1},"locationPrecision":"exact","name":"Farma fotowoltaiczna Kąkolewo","operatingCapacityCoverage":{"coveragePercent":0.0,"knownUnitCount":0,"method":"unavailable","totalUnitCount":0},"operatingCapacityMw":0.0,"operatingCapacityMwByTechnology":{},"plannedCapacityCoverage":{"coveragePercent":0.0,"knownUnitCount":0,"method":"unavailable","totalUnitCount":0},"plannedCapacityMw":0.0,"plannedCapacityMwByTechnology":{},"recordCount":1,"recordIds":["wattlas-record-osm-way-1444362214"],"sourceIds":["openstreetmap-power"],"technologies":["solar"],"technologyMixMw":{"solar":0.0},"unitCount":0,"unitIds":[]},"type":"Feature"},{"geometry":{"coordinates":[16.262291,52.232971],"type":"Point"},"id":"wattlas-plant-osm-way-1444362383","properties":{"aliases":["Farma fotowoltaiczna Kąkolewo"],"canonicalAnchor":"osm:way/1444362383","canonicalCountryKey":"PL","capacityMw":0.0,"country":"PL","externalIds":{"osm":"way/1444362383"},"geographyId":"PL-17162690B71775569625336","id":"wattlas-plant-osm-way-1444362383","lifecycleCounts":{"operational":1},"locationPrecision":"exact","name":"Farma fotowoltaiczna Kąkolewo","operatingCapacityCoverage":{"coveragePercent":0.0,"knownUnitCount":0,"method":"unavailable","totalUnitCount":0},"operatingCapacityMw":0.0,"operatingCapacityMwByTechnology":{},"plannedCapacityCoverage":{"coveragePercent":0.0,"knownUnitCount":0,"method":"unavailable","totalUnitCount":0},"plannedCapacityMw":0.0,"plannedCapacityMwByTechnology":{},"recordCount":1,"recordIds":["wattlas-record-osm-way-1444362383"],"sourceIds":["openstreetmap-power"],"technologies":["solar"],"technologyMixMw":{"solar":0.0},"unitCount":0,"unitIds":[]},"type":"Feature"},{"geometry":{"coordinates":[22.183205,50.966071],"type":"Point"},"id":"wattlas-plant-osm-way-1446125375","properties":{"aliases":["Veolia Wschód Sp. z o.o. Zakład Kraśnik"],"canonicalAnchor":"osm:way/1446125375","canonicalCountryKey":"PL","capacityMw":0.0,"country":"PL","externalIds":{"osm":"way/1446125375"},"geographyId":"PL-17162690B69262761487853","id":"wattlas-plant-osm-way-1446125375","lifecycleCounts":{"operational":1},"locationPrecision":"exact","name":"Veolia Wschód Sp. z o.o. Zakład Kraśnik","operatingCapacityCoverage":{"coveragePercent":0.0,"knownUnitCount":0,"method":"unavailable","totalUnitCount":0},"operatingCapacityMw":0.0,"operatingCapacityMwByTechnology":{},"plannedCapacityCoverage":{"coveragePercent":0.0,"knownUnitCount":0,"method":"unavailable","totalUnitCount":0},"plannedCapacityMw":0.0,"plannedCapacityMwByTechnology":{},"recordCount":1,"recordIds":["wattlas-record-osm-way-1446125375"],"sourceIds":["openstreetmap-power"],"technologies":["gas"],"technologyMixMw":{"gas":0.0},"unitCount":0,"unitIds":[]},"type":"Feature"},{"geometry":{"coordinates":[18.513302,52.023746],"type":"Point"},"id":"wattlas-plant-osm-way-1446990135","properties":{"aliases":["Farma Fotowoltaiczna Mleczarnia Turek"],"canonicalAnchor":"osm:way/1446990135","canonicalCountryKey":"PL","capacityMw":0.0,"country":"PL","externalIds":{"osm":"way/1446990135"},"geographyId":"PL-17162690B71775569625336","id":"wattlas-plant-osm-way-1446990135","lifecycleCounts":{"operational":1},"locationPrecision":"exact","name":"Farma Fotowoltaiczna Mleczarnia Turek","operatingCapacityCoverage":{"coveragePercent":0.0,"knownUnitCount":0,"method":"unavailable","totalUnitCount":0},"operatingCapacityMw":0.0,"operatingCapacityMwByTechnology":{},"plannedCapacityCoverage":{"coveragePercent":0.0,"knownUnitCount":0,"method":"unavailable","totalUnitCount":0},"plannedCapacityMw":0.0,"plannedCapacityMwByTechnology":{},"recordCount":1,"recordIds":["wattlas-record-osm-way-1446990135"],"sourceIds":["openstreetmap-power"],"technologies":["solar"],"technologyMixMw":{"solar":0.0},"unitCount":0,"unitIds":[]},"type":"Feature"},{"geometry":{"coordinates":[17.137848,51.03917],"type":"Point"},"id":"wattlas-plant-osm-way-144878941","properties":{"aliases":["Elektrociepłownia Czechnica 2"],"canonicalAnchor":"osm:way/144878941","canonicalCountryKey":"PL","capacityMw":179.0,"country":"PL","externalIds":{"osm":"way/144878941"},"geographyId":"PL-17162690B9130125042960","id":"wattlas-plant-osm-way-144878941","lifecycleCounts":{"operational":1},"locationPrecision":"exact","name":"Elektrociepłownia Czechnica 2","operatingCapacityCoverage":{"coveragePercent":100.0,"knownUnitCount":0,"method":"plant_aggregate","provenance":{"evidenceCount":0,"recordIds":["wattlas-record-osm-way-144878941"],"sourceIds":["openstreetmap-power"],"sourceTypes":["community_mapped"],"valueKind":"reported"},"totalUnitCount":0},"operatingCapacityMw":179.0,"operatingCapacityMwByTechnology":{"gas":179.0},"plannedCapacityCoverage":{"coveragePercent":0.0,"knownUnitCount":0,"method":"unavailable","totalUnitCount":0},"plannedCapacityMw":0.0,"plannedCapacityMwByTechnology":{},"recordCount":1,"recordIds":["wattlas-record-osm-way-144878941"],"sourceIds":["openstreetmap-power"],"technologies":["gas"],"technologyMixMw":{"gas":179.0},"unitCount":0,"unitIds":[]},"type":"Feature"},{"geometry":{"coordinates":[22.150294,50.415087],"type":"Point"},"id":"wattlas-plant-osm-way-1449495917","properties":{"aliases":["Mapped power plant · OSM 1449495917"],"canonicalAnchor":"osm:way/1449495917","canonicalCountryKey":"PL","capacityMw":2.0,"country":"PL","externalIds":{"osm":"way/1449495917"},"geographyId":"PL-17162690B44985096553766","id":"wattlas-plant-osm-way-1449495917","lifecycleCounts":{"operational":1},"locationPrecision":"exact","name":"Mapped power plant · OSM 1449495917","operatingCapacityCoverage":{"coveragePercent":100.0,"knownUnitCount":0,"method":"plant_aggregate","provenance":{"evidenceCount":0,"recordIds":["wattlas-record-osm-way-1449495917"],"sourceIds":["openstreetmap-power"],"sourceTypes":["community_mapped"],"valueKind":"reported"},"totalUnitCount":0},"operatingCapacityMw":2.0,"operatingCapacityMwByTechnology":{"solar":2.0},"plannedCapacityCoverage":{"coveragePercent":0.0,"knownUnitCount":0,"method":"unavailable","totalUnitCount":0},"plannedCapacityMw":0.0,"plannedCapacityMwByTechnology":{},"recordCount":1,"recordIds":["wattlas-record-osm-way-1449495917"],"sourceIds":["openstreetmap-power"],"technologies":["solar"],"technologyMixMw":{"solar":2.0},"unitCount":0,"unitIds":[]},"type":"Feature"},{"geometry":{"coordinates":[17.387454,50.666647],"type":"Point"},"id":"wattlas-plant-osm-way-1451171155","properties":{"aliases":["Magazyn Energii Stary Grodków"],"canonicalAnchor":"osm:way/1451171155","canonicalCountryKey":"PL","capacityMw":50.0,"country":"PL","externalIds":{"osm":"way/1451171155"},"geographyId":"PL-17162690B67719337891950","id":"wattlas-plant-osm-way-1451171155","lifecycleCounts":{"operational":1},"locationPrecision":"exact","name":"Magazyn Energii Stary Grodków","operatingCapacityCoverage":{"coveragePercent":100.0,"knownUnitCount":0,"method":"plant_aggregate","provenance":{"evidenceCount":0,"recordIds":["wattlas-record-osm-way-1451171155"],"sourceIds":["openstreetmap-power"],"sourceTypes":["community_mapped"],"valueKind":"reported"},"totalUnitCount":0},"operatingCapacityMw":50.0,"operatingCapacityMwByTechnology":{"other":50.0},"plannedCapacityCoverage":{"coveragePercent":0.0,"knownUnitCount":0,"method":"unavailable","totalUnitCount":0},"plannedCapacityMw":0.0,"plannedCapacityMwByTechnology":{},"recordCount":1,"recordIds":["wattlas-record-osm-way-1451171155"],"sourceIds":["openstreetmap-power"],"technologies":["other"],"technologyMixMw":{"other":50.0},"unitCount":0,"unitIds":[]},"type":"Feature"},{"geometry":{"coordinates":[23.402991,51.111385],"type":"Point"},"id":"wattlas-plant-osm-way-1451945545","properties":{"aliases":["Farma PV Żółtańce"],"canonicalAnchor":"osm:way/1451945545","canonicalCountryKey":"PL","capacityMw":0.0,"country":"PL","externalIds":{"osm":"way/1451945545"},"geographyId":"PL-17162690B69262761487853","id":"wattlas-plant-osm-way-1451945545","lifecycleCounts":{"operational":1},"locationPrecision":"exact","name":"Farma PV Żółtańce","operatingCapacityCoverage":{"coveragePercent":0.0,"knownUnitCount":0,"method":"unavailable","totalUnitCount":0},"operatingCapacityMw":0.0,"operatingCapacityMwByTechnology":{},"plannedCapacityCoverage":{"coveragePercent":0.0,"knownUnitCount":0,"method":"unavailable","totalUnitCount":0},"plannedCapacityMw":0.0,"plannedCapacityMwByTechnology":{},"recordCount":1,"recordIds":["wattlas-record-osm-way-1451945545"],"sourceIds":["openstreetmap-power"],"technologies":["solar"],"technologyMixMw":{"solar":0.0},"unitCount":0,"unitIds":[]},"type":"Feature"},{"geometry":{"coordinates":[18.593603,52.215696],"type":"Point"},"id":"wattlas-plant-osm-way-1457012739","properties":{"aliases":["Elektrownia Fotowoltaiczna EPV Wrząca/Promień"],"canonicalAnchor":"osm:way/1457012739","canonicalCountryKey":"PL","capacityMw":10.0,"country":"PL","externalIds":{"osm":"way/1457012739"},"geographyId":"PL-17162690B71775569625336","id":"wattlas-plant-osm-way-1457012739","lifecycleCounts":{"operational":1},"locationPrecision":"exact","name":"Elektrownia Fotowoltaiczna EPV Wrząca/Promień","operatingCapacityCoverage":{"coveragePercent":100.0,"knownUnitCount":0,"method":"plant_aggregate","provenance":{"evidenceCount":0,"recordIds":["wattlas-record-osm-way-1457012739"],"sourceIds":["openstreetmap-power"],"sourceTypes":["community_mapped"],"valueKind":"reported"},"totalUnitCount":0},"operatingCapacityMw":10.0,"operatingCapacityMwByTechnology":{"solar":10.0},"plannedCapacityCoverage":{"coveragePercent":0.0,"knownUnitCount":0,"method":"unavailable","totalUnitCount":0},"plannedCapacityMw":0.0,"plannedCapacityMwByTechnology":{},"recordCount":1,"recordIds":["wattlas-record-osm-way-1457012739"],"sourceIds":["openstreetmap-power"],"technologies":["solar"],"technologyMixMw":{"solar":10.0},"unitCount":0,"unitIds":[]},"type":"Feature"},{"geometry":{"coordinates":[18.595529,52.214625],"type":"Point"},"id":"wattlas-plant-osm-way-1457012740","properties":{"aliases":["EF PV Chojny Pilot/Czołowo"],"canonicalAnchor":"osm:way/1457012740","canonicalCountryKey":"PL","capacityMw":12.0,"country":"PL","externalIds":{"osm":"way/1457012740"},"geographyId":"PL-17162690B71775569625336","id":"wattlas-plant-osm-way-1457012740","lifecycleCounts":{"operational":1},"locationPrecision":"exact","name":"EF PV Chojny Pilot/Czołowo","operatingCapacityCoverage":{"coveragePercent":100.0,"knownUnitCount":0,"method":"plant_aggregate","provenance":{"evidenceCount":0,"recordIds":["wattlas-record-osm-way-1457012740"],"sourceIds":["openstreetmap-power"],"sourceTypes":["community_mapped"],"valueKind":"reported"},"totalUnitCount":0},"operatingCapacityMw":12.0,"operatingCapacityMwByTechnology":{"solar":12.0},"plannedCapacityCoverage":{"coveragePercent":0.0,"knownUnitCount":0,"method":"unavailable","totalUnitCount":0},"plannedCapacityMw":0.0,"plannedCapacityMwByTechnology":{},"recordCount":1,"recordIds":["wattlas-record-osm-way-1457012740"],"sourceIds":["openstreetmap-power"],"technologies":["solar"],"technologyMixMw":{"solar":12.0},"unitCount":0,"unitIds":[]},"type":"Feature"},{"geometry":{"coordinates":[15.573057,50.988537],"type":"Point"},"id":"wattlas-plant-osm-way-1458358852","properties":{"aliases":["Farma fotowoltaiczna o mocy do 1,0MW"],"canonicalAnchor":"osm:way/1458358852","canonicalCountryKey":"PL","capacityMw":0.0,"country":"PL","externalIds":{"osm":"way/1458358852"},"geographyId":"PL-17162690B9130125042960","id":"wattlas-plant-osm-way-1458358852","lifecycleCounts":{"operational":1},"locationPrecision":"exact","name":"Farma fotowoltaiczna o mocy do 1,0MW","operatingCapacityCoverage":{"coveragePercent":0.0,"knownUnitCount":0,"method":"unavailable","totalUnitCount":0},"operatingCapacityMw":0.0,"operatingCapacityMwByTechnology":{},"plannedCapacityCoverage":{"coveragePercent":0.0,"knownUnitCount":0,"method":"unavailable","totalUnitCount":0},"plannedCapacityMw":0.0,"plannedCapacityMwByTechnology":{},"recordCount":1,"recordIds":["wattlas-record-osm-way-1458358852"],"sourceIds":["openstreetmap-power"],"technologies":["solar"],"technologyMixMw":{"solar":0.0},"unitCount":0,"unitIds":[]},"type":"Feature"},{"geometry":{"coordinates":[19.328208,49.859571],"type":"Point"},"id":"wattlas-plant-osm-way-1458576610","properties":{"aliases":["Mapped power plant · OSM 1458576610"],"canonicalAnchor":"osm:way/1458576610","canonicalCountryKey":"PL","capacityMw":8.0,"country":"PL","externalIds":{"osm":"way/1458576610"},"geographyId":"PL-17162690B67655395900928","id":"wattlas-plant-osm-way-1458576610","lifecycleCounts":{"operational":1},"locationPrecision":"exact","name":"Mapped power plant · OSM 1458576610","operatingCapacityCoverage":{"coveragePercent":100.0,"knownUnitCount":0,"method":"plant_aggregate","provenance":{"evidenceCount":0,"recordIds":["wattlas-record-osm-way-1458576610"],"sourceIds":["openstreetmap-power"],"sourceTypes":["community_mapped"],"valueKind":"reported"},"totalUnitCount":0},"operatingCapacityMw":8.0,"operatingCapacityMwByTechnology":{"solar":8.0},"plannedCapacityCoverage":{"coveragePercent":0.0,"knownUnitCount":0,"method":"unavailable","totalUnitCount":0},"plannedCapacityMw":0.0,"plannedCapacityMwByTechnology":{},"recordCount":1,"recordIds":["wattlas-record-osm-way-1458576610"],"sourceIds":["openstreetmap-power"],"technologies":["solar"],"technologyMixMw":{"solar":8.0},"unitCount":0,"unitIds":[]},"type":"Feature"},{"geometry":{"coordinates":[23.699248,52.885021],"type":"Point"},"id":"wattlas-plant-osm-way-1461327661","properties":{"aliases":["Farma Fotowoltaiczna Lewkowo Stare A i B"],"canonicalAnchor":"osm:way/1461327661","canonicalCountryKey":"PL","capacityMw":1.6,"country":"PL","externalIds":{"osm":"way/1461327661"},"geographyId":"PL-17162690B23777949290372","id":"wattlas-plant-osm-way-1461327661","lifecycleCounts":{"operational":1},"locationPrecision":"exact","name":"Farma Fotowoltaiczna Lewkowo Stare A i B","operatingCapacityCoverage":{"coveragePercent":100.0,"knownUnitCount":0,"method":"plant_aggregate","provenance":{"evidenceCount":0,"recordIds":["wattlas-record-osm-way-1461327661"],"sourceIds":["openstreetmap-power"],"sourceTypes":["community_mapped"],"valueKind":"reported"},"totalUnitCount":0},"operatingCapacityMw":1.6,"operatingCapacityMwByTechnology":{"solar":1.6},"plannedCapacityCoverage":{"coveragePercent":0.0,"knownUnitCount":0,"method":"unavailable","totalUnitCount":0},"plannedCapacityMw":0.0,"plannedCapacityMwByTechnology":{},"recordCount":1,"recordIds":["wattlas-record-osm-way-1461327661"],"sourceIds":["openstreetmap-power"],"technologies":["solar"],"technologyMixMw":{"solar":1.6},"unitCount":0,"unitIds":[]},"type":"Feature"},{"geometry":{"coordinates":[17.489298,51.394484],"type":"Point"},"id":"wattlas-plant-osm-way-1461616747","properties":{"aliases":["Park solarny Goszcz"],"canonicalAnchor":"osm:way/1461616747","canonicalCountryKey":"PL","capacityMw":0.0,"country":"PL","externalIds":{"osm":"way/1461616747"},"geographyId":"PL-17162690B9130125042960","id":"wattlas-plant-osm-way-1461616747","lifecycleCounts":{"operational":1},"locationPrecision":"exact","name":"Park solarny Goszcz","operatingCapacityCoverage":{"coveragePercent":0.0,"knownUnitCount":0,"method":"unavailable","totalUnitCount":0},"operatingCapacityMw":0.0,"operatingCapacityMwByTechnology":{},"plannedCapacityCoverage":{"coveragePercent":0.0,"knownUnitCount":0,"method":"unavailable","totalUnitCount":0},"plannedCapacityMw":0.0,"plannedCapacityMwByTechnology":{},"recordCount":1,"recordIds":["wattlas-record-osm-way-1461616747"],"sourceIds":["openstreetmap-power"],"technologies":["solar"],"technologyMixMw":{"solar":0.0},"unitCount":0,"unitIds":[]},"type":"Feature"},{"geometry":{"coordinates":[23.505575,50.988888],"type":"Point"},"id":"wattlas-plant-osm-way-1462005992","properties":{"aliases":["Farma fotowoltaiczna"],"canonicalAnchor":"osm:way/1462005992","canonicalCountryKey":"PL","capacityMw":0.0,"country":"PL","externalIds":{"osm":"way/1462005992"},"geographyId":"PL-17162690B69262761487853","id":"wattlas-plant-osm-way-1462005992","lifecycleCounts":{"operational":1},"locationPrecision":"exact","name":"Farma fotowoltaiczna","operatingCapacityCoverage":{"coveragePercent":0.0,"knownUnitCount":0,"method":"unavailable","totalUnitCount":0},"operatingCapacityMw":0.0,"operatingCapacityMwByTechnology":{},"plannedCapacityCoverage":{"coveragePercent":0.0,"knownUnitCount":0,"method":"unavailable","totalUnitCount":0},"plannedCapacityMw":0.0,"plannedCapacityMwByTechnology":{},"recordCount":1,"recordIds":["wattlas-record-osm-way-1462005992"],"sourceIds":["openstreetmap-power"],"technologies":["solar"],"technologyMixMw":{"solar":0.0},"unitCount":0,"unitIds":[]},"type":"Feature"},{"geometry":{"coordinates":[20.893695,51.110754],"type":"Point"},"id":"wattlas-plant-osm-way-1462951658","properties":{"aliases":["Mapped power plant · OSM 1462951658"],"canonicalAnchor":"osm:way/1462951658","canonicalCountryKey":"PL","capacityMw":3.0,"country":"PL","externalIds":{"osm":"way/1462951658"},"geographyId":"PL-17162690B20834640531728","id":"wattlas-plant-osm-way-1462951658","lifecycleCounts":{"operational":1},"locationPrecision":"exact","name":"Mapped power plant · OSM 1462951658","operatingCapacityCoverage":{"coveragePercent":100.0,"knownUnitCount":0,"method":"plant_aggregate","provenance":{"evidenceCount":0,"recordIds":["wattlas-record-osm-way-1462951658"],"sourceIds":["openstreetmap-power"],"sourceTypes":["community_mapped"],"valueKind":"reported"},"totalUnitCount":0},"operatingCapacityMw":3.0,"operatingCapacityMwByTechnology":{"solar":3.0},"plannedCapacityCoverage":{"coveragePercent":0.0,"knownUnitCount":0,"method":"unavailable","totalUnitCount":0},"plannedCapacityMw":0.0,"plannedCapacityMwByTechnology":{},"recordCount":1,"recordIds":["wattlas-record-osm-way-1462951658"],"sourceIds":["openstreetmap-power"],"technologies":["solar"],"technologyMixMw":{"solar":3.0},"unitCount":0,"unitIds":[]},"type":"Feature"},{"geometry":{"coordinates":[18.055543,52.705343],"type":"Point"},"id":"wattlas-plant-osm-way-1480683102","properties":{"aliases":["Farma Fotowoltaiczna Janikowo"],"canonicalAnchor":"osm:way/1480683102","canonicalCountryKey":"PL","capacityMw":18.3,"country":"PL","externalIds":{"osm":"way/1480683102"},"geographyId":"PL-17162690B37876665907262","id":"wattlas-plant-osm-way-1480683102","lifecycleCounts":{"operational":1},"locationPrecision":"exact","name":"Farma Fotowoltaiczna Janikowo","operatingCapacityCoverage":{"coveragePercent":100.0,"knownUnitCount":0,"method":"plant_aggregate","provenance":{"evidenceCount":0,"recordIds":["wattlas-record-osm-way-1480683102"],"sourceIds":["openstreetmap-power"],"sourceTypes":["community_mapped"],"valueKind":"reported"},"totalUnitCount":0},"operatingCapacityMw":18.3,"operatingCapacityMwByTechnology":{"solar":18.3},"plannedCapacityCoverage":{"coveragePercent":0.0,"knownUnitCount":0,"method":"unavailable","totalUnitCount":0},"plannedCapacityMw":0.0,"plannedCapacityMwByTechnology":{},"recordCount":1,"recordIds":["wattlas-record-osm-way-1480683102"],"sourceIds":["openstreetmap-power"],"technologies":["solar"],"technologyMixMw":{"solar":18.3},"unitCount":0,"unitIds":[]},"type":"Feature"},{"geometry":{"coordinates":[20.660558,52.883542],"type":"Point"},"id":"wattlas-plant-osm-way-1488518398","properties":{"aliases":["Elektrownia fotowoltaiczna ,,Władysławowo\""],"canonicalAnchor":"osm:way/1488518398","canonicalCountryKey":"PL","capacityMw":0.0,"country":"PL","externalIds":{"osm":"way/1488518398"},"geographyId":"PL-17162690B84565288021286","id":"wattlas-plant-osm-way-1488518398","lifecycleCounts":{"operational":1},"locationPrecision":"exact","name":"Elektrownia fotowoltaiczna ,,Władysławowo\"","operatingCapacityCoverage":{"coveragePercent":0.0,"knownUnitCount":0,"method":"unavailable","totalUnitCount":0},"operatingCapacityMw":0.0,"operatingCapacityMwByTechnology":{},"plannedCapacityCoverage":{"coveragePercent":0.0,"knownUnitCount":0,"method":"unavailable","totalUnitCount":0},"plannedCapacityMw":0.0,"plannedCapacityMwByTechnology":{},"recordCount":1,"recordIds":["wattlas-record-osm-way-1488518398"],"sourceIds":["openstreetmap-power"],"technologies":["solar"],"technologyMixMw":{"solar":0.0},"unitCount":0,"unitIds":[]},"type":"Feature"},{"geometry":{"coordinates":[18.086153,51.801415],"type":"Point"},"id":"wattlas-plant-osm-way-1488824192","properties":{"aliases":["Farma fotowoltaiczna AWW Wawrzyniak"],"canonicalAnchor":"osm:way/1488824192","canonicalCountryKey":"PL","capacityMw":0.0,"country":"PL","externalIds":{"osm":"way/1488824192"},"geographyId":"PL-17162690B71775569625336","id":"wattlas-plant-osm-way-1488824192","lifecycleCounts":{"operational":1},"locationPrecision":"exact","name":"Farma fotowoltaiczna AWW Wawrzyniak","operatingCapacityCoverage":{"coveragePercent":0.0,"knownUnitCount":0,"method":"unavailable","totalUnitCount":0},"operatingCapacityMw":0.0,"operatingCapacityMwByTechnology":{},"plannedCapacityCoverage":{"coveragePercent":0.0,"knownUnitCount":0,"method":"unavailable","totalUnitCount":0},"plannedCapacityMw":0.0,"plannedCapacityMwByTechnology":{},"recordCount":1,"recordIds":["wattlas-record-osm-way-1488824192"],"sourceIds":["openstreetmap-power"],"technologies":["solar"],"technologyMixMw":{"solar":0.0},"unitCount":0,"unitIds":[]},"type":"Feature"},{"geometry":{"coordinates":[18.083437,51.80124],"type":"Point"},"id":"wattlas-plant-osm-way-1488824193","properties":{"aliases":["Farma fotowoltaiczna AWW Wawrzyniak"],"canonicalAnchor":"osm:way/1488824193","canonicalCountryKey":"PL","capacityMw":0.0,"country":"PL","externalIds":{"osm":"way/1488824193"},"geographyId":"PL-17162690B71775569625336","id":"wattlas-plant-osm-way-1488824193","lifecycleCounts":{"operational":1},"locationPrecision":"exact","name":"Farma fotowoltaiczna AWW Wawrzyniak","operatingCapacityCoverage":{"coveragePercent":0.0,"knownUnitCount":0,"method":"unavailable","totalUnitCount":0},"operatingCapacityMw":0.0,"operatingCapacityMwByTechnology":{},"plannedCapacityCoverage":{"coveragePercent":0.0,"knownUnitCount":0,"method":"unavailable","totalUnitCount":0},"plannedCapacityMw":0.0,"plannedCapacityMwByTechnology":{},"recordCount":1,"recordIds":["wattlas-record-osm-way-1488824193"],"sourceIds":["openstreetmap-power"],"technologies":["solar"],"technologyMixMw":{"solar":0.0},"unitCount":0,"unitIds":[]},"type":"Feature"},{"geometry":{"coordinates":[21.130576,49.986506],"type":"Point"},"id":"wattlas-plant-osm-way-1491749983","properties":{"aliases":["EF Szynwałd"],"canonicalAnchor":"osm:way/1491749983","canonicalCountryKey":"PL","capacityMw":0.0,"country":"PL","externalIds":{"osm":"way/1491749983"},"geographyId":"PL-17162690B67655395900928","id":"wattlas-plant-osm-way-1491749983","lifecycleCounts":{"operational":1},"locationPrecision":"exact","name":"EF Szynwałd","operatingCapacityCoverage":{"coveragePercent":0.0,"knownUnitCount":0,"method":"unavailable","totalUnitCount":0},"operatingCapacityMw":0.0,"operatingCapacityMwByTechnology":{},"plannedCapacityCoverage":{"coveragePercent":0.0,"knownUnitCount":0,"method":"unavailable","totalUnitCount":0},"plannedCapacityMw":0.0,"plannedCapacityMwByTechnology":{},"recordCount":1,"recordIds":["wattlas-record-osm-way-1491749983"],"sourceIds":["openstreetmap-power"],"technologies":["solar"],"technologyMixMw":{"solar":0.0},"unitCount":0,"unitIds":[]},"type":"Feature"},{"geometry":{"coordinates":[21.126704,49.986764],"type":"Point"},"id":"wattlas-plant-osm-way-1491749984","properties":{"aliases":["EF Szynwałd"],"canonicalAnchor":"osm:way/1491749984","canonicalCountryKey":"PL","capacityMw":0.0,"country":"PL","externalIds":{"osm":"way/1491749984"},"geographyId":"PL-17162690B67655395900928","id":"wattlas-plant-osm-way-1491749984","lifecycleCounts":{"operational":1},"locationPrecision":"exact","name":"EF Szynwałd","operatingCapacityCoverage":{"coveragePercent":0.0,"knownUnitCount":0,"method":"unavailable","totalUnitCount":0},"operatingCapacityMw":0.0,"operatingCapacityMwByTechnology":{},"plannedCapacityCoverage":{"coveragePercent":0.0,"knownUnitCount":0,"method":"unavailable","totalUnitCount":0},"plannedCapacityMw":0.0,"plannedCapacityMwByTechnology":{},"recordCount":1,"recordIds":["wattlas-record-osm-way-1491749984"],"sourceIds":["openstreetmap-power"],"technologies":["solar"],"technologyMixMw":{"solar":0.0},"unitCount":0,"unitIds":[]},"type":"Feature"},{"geometry":{"coordinates":[18.759372,53.027649],"type":"Point"},"id":"wattlas-plant-osm-way-1500849050","properties":{"aliases":["ENERGUM Drwęca Sp. z o.o."],"canonicalAnchor":"osm:way/1500849050","canonicalCountryKey":"PL","capacityMw":0.0,"country":"PL","externalIds":{"osm":"way/1500849050"},"geographyId":"PL-17162690B37876665907262","id":"wattlas-plant-osm-way-1500849050","lifecycleCounts":{"operational":1},"locationPrecision":"exact","name":"ENERGUM Drwęca Sp. z o.o.","operatingCapacityCoverage":{"coveragePercent":0.0,"knownUnitCount":0,"method":"unavailable","totalUnitCount":0},"operatingCapacityMw":0.0,"operatingCapacityMwByTechnology":{},"plannedCapacityCoverage":{"coveragePercent":0.0,"knownUnitCount":0,"method":"unavailable","totalUnitCount":0},"plannedCapacityMw":0.0,"plannedCapacityMwByTechnology":{},"recordCount":1,"recordIds":["wattlas-record-osm-way-1500849050"],"sourceIds":["openstreetmap-power"],"technologies":["hydro"],"technologyMixMw":{"hydro":0.0},"unitCount":0,"unitIds":[]},"type":"Feature"},{"geometry":{"coordinates":[19.528122,49.8352],"type":"Point"},"id":"wattlas-plant-osm-way-1501002909","properties":{"aliases":["Mapped power plant · OSM 1501002909"],"canonicalAnchor":"osm:way/1501002909","canonicalCountryKey":"PL","capacityMw":2.0,"country":"PL","externalIds":{"osm":"way/1501002909"},"geographyId":"PL-17162690B67655395900928","id":"wattlas-plant-osm-way-1501002909","lifecycleCounts":{"operational":1},"locationPrecision":"exact","name":"Mapped power plant · OSM 1501002909","operatingCapacityCoverage":{"coveragePercent":100.0,"knownUnitCount":0,"method":"plant_aggregate","provenance":{"evidenceCount":0,"recordIds":["wattlas-record-osm-way-1501002909"],"sourceIds":["openstreetmap-power"],"sourceTypes":["community_mapped"],"valueKind":"reported"},"totalUnitCount":0},"operatingCapacityMw":2.0,"operatingCapacityMwByTechnology":{"solar":2.0},"plannedCapacityCoverage":{"coveragePercent":0.0,"knownUnitCount":0,"method":"unavailable","totalUnitCount":0},"plannedCapacityMw":0.0,"plannedCapacityMwByTechnology":{},"recordCount":1,"recordIds":["wattlas-record-osm-way-1501002909"],"sourceIds":["openstreetmap-power"],"technologies":["solar"],"technologyMixMw":{"solar":2.0},"unitCount":0,"unitIds":[]},"type":"Feature"},{"geometry":{"coordinates":[16.20221,51.42246],"type":"Point"},"id":"wattlas-plant-osm-way-1502878874","properties":{"aliases":["Farma fotowoltaiczna"],"canonicalAnchor":"osm:way/1502878874","canonicalCountryKey":"PL","capacityMw":0.0,"country":"PL","externalIds":{"osm":"way/1502878874"},"geographyId":"PL-17162690B9130125042960","id":"wattlas-plant-osm-way-1502878874","lifecycleCounts":{"operational":1},"locationPrecision":"exact","name":"Farma fotowoltaiczna","operatingCapacityCoverage":{"coveragePercent":0.0,"knownUnitCount":0,"method":"unavailable","totalUnitCount":0},"operatingCapacityMw":0.0,"operatingCapacityMwByTechnology":{},"plannedCapacityCoverage":{"coveragePercent":0.0,"knownUnitCount":0,"method":"unavailable","totalUnitCount":0},"plannedCapacityMw":0.0,"plannedCapacityMwByTechnology":{},"recordCount":1,"recordIds":["wattlas-record-osm-way-1502878874"],"sourceIds":["openstreetmap-power"],"technologies":["solar"],"technologyMixMw":{"solar":0.0},"unitCount":0,"unitIds":[]},"type":"Feature"},{"geometry":{"coordinates":[23.044106,53.032105],"type":"Point"},"id":"wattlas-plant-osm-way-1504853956","properties":{"aliases":["Magazyn Energii Turośń Kościelna"],"canonicalAnchor":"osm:way/1504853956","canonicalCountryKey":"PL","capacityMw":200.0,"country":"PL","externalIds":{"osm":"way/1504853956"},"geographyId":"PL-17162690B23777949290372","id":"wattlas-plant-osm-way-1504853956","lifecycleCounts":{"operational":1},"locationPrecision":"exact","name":"Magazyn Energii Turośń Kościelna","operatingCapacityCoverage":{"coveragePercent":100.0,"knownUnitCount":0,"method":"plant_aggregate","provenance":{"evidenceCount":0,"recordIds":["wattlas-record-osm-way-1504853956"],"sourceIds":["openstreetmap-power"],"sourceTypes":["community_mapped"],"valueKind":"reported"},"totalUnitCount":0},"operatingCapacityMw":200.0,"operatingCapacityMwByTechnology":{"other":200.0},"plannedCapacityCoverage":{"coveragePercent":0.0,"knownUnitCount":0,"method":"unavailable","totalUnitCount":0},"plannedCapacityMw":0.0,"plannedCapacityMwByTechnology":{},"recordCount":1,"recordIds":["wattlas-record-osm-way-1504853956"],"sourceIds":["openstreetmap-power"],"technologies":["other"],"technologyMixMw":{"other":200.0},"unitCount":0,"unitIds":[]},"type":"Feature"},{"geometry":{"coordinates":[16.380764,51.26032],"type":"Point"},"id":"wattlas-plant-osm-way-1525693049","properties":{"aliases":["Farma fotowoltaiczna"],"canonicalAnchor":"osm:way/1525693049","canonicalCountryKey":"PL","capacityMw":0.0,"country":"PL","externalIds":{"osm":"way/1525693049"},"geographyId":"PL-17162690B9130125042960","id":"wattlas-plant-osm-way-1525693049","lifecycleCounts":{"operational":1},"locationPrecision":"exact","name":"Farma fotowoltaiczna","operatingCapacityCoverage":{"coveragePercent":0.0,"knownUnitCount":0,"method":"unavailable","totalUnitCount":0},"operatingCapacityMw":0.0,"operatingCapacityMwByTechnology":{},"plannedCapacityCoverage":{"coveragePercent":0.0,"knownUnitCount":0,"method":"unavailable","totalUnitCount":0},"plannedCapacityMw":0.0,"plannedCapacityMwByTechnology":{},"recordCount":1,"recordIds":["wattlas-record-osm-way-1525693049"],"sourceIds":["openstreetmap-power"],"technologies":["solar"],"technologyMixMw":{"solar":0.0},"unitCount":0,"unitIds":[]},"type":"Feature"},{"geometry":{"coordinates":[17.297737,54.330937],"type":"Point"},"id":"wattlas-plant-osm-way-1530557508","properties":{"aliases":["Farma PV Niemczewo-Goszczyno"],"canonicalAnchor":"osm:way/1530557508","canonicalCountryKey":"PL","capacityMw":0.0,"country":"PL","externalIds":{"osm":"way/1530557508"},"geographyId":"PL-17162690B77437931625010","id":"wattlas-plant-osm-way-1530557508","lifecycleCounts":{"operational":1},"locationPrecision":"exact","name":"Farma PV Niemczewo-Goszczyno","operatingCapacityCoverage":{"coveragePercent":0.0,"knownUnitCount":0,"method":"unavailable","totalUnitCount":0},"operatingCapacityMw":0.0,"operatingCapacityMwByTechnology":{},"plannedCapacityCoverage":{"coveragePercent":0.0,"knownUnitCount":0,"method":"unavailable","totalUnitCount":0},"plannedCapacityMw":0.0,"plannedCapacityMwByTechnology":{},"recordCount":1,"recordIds":["wattlas-record-osm-way-1530557508"],"sourceIds":["openstreetmap-power"],"technologies":["solar"],"technologyMixMw":{"solar":0.0},"unitCount":0,"unitIds":[]},"type":"Feature"},{"geometry":{"coordinates":[18.573045,51.233228],"type":"Point"},"id":"wattlas-plant-osm-way-1531337299","properties":{"aliases":["PV \"WIELUŃ 2\""],"canonicalAnchor":"osm:way/1531337299","canonicalCountryKey":"PL","capacityMw":7.0,"country":"PL","externalIds":{"osm":"way/1531337299"},"geographyId":"PL-17162690B86810837764805","id":"wattlas-plant-osm-way-1531337299","lifecycleCounts":{"operational":1},"locationPrecision":"exact","name":"PV \"WIELUŃ 2\"","operatingCapacityCoverage":{"coveragePercent":100.0,"knownUnitCount":0,"method":"plant_aggregate","provenance":{"evidenceCount":0,"recordIds":["wattlas-record-osm-way-1531337299"],"sourceIds":["openstreetmap-power"],"sourceTypes":["community_mapped"],"valueKind":"reported"},"totalUnitCount":0},"operatingCapacityMw":7.0,"operatingCapacityMwByTechnology":{"solar":7.0},"plannedCapacityCoverage":{"coveragePercent":0.0,"knownUnitCount":0,"method":"unavailable","totalUnitCount":0},"plannedCapacityMw":0.0,"plannedCapacityMwByTechnology":{},"recordCount":1,"recordIds":["wattlas-record-osm-way-1531337299"],"sourceIds":["openstreetmap-power"],"technologies":["solar"],"technologyMixMw":{"solar":7.0},"unitCount":0,"unitIds":[]},"type":"Feature"},{"geometry":{"coordinates":[18.576693,51.233305],"type":"Point"},"id":"wattlas-plant-osm-way-1531337300","properties":{"aliases":["PV \"WIELUŃ\""],"canonicalAnchor":"osm:way/1531337300","canonicalCountryKey":"PL","capacityMw":7.0,"country":"PL","externalIds":{"osm":"way/1531337300"},"geographyId":"PL-17162690B86810837764805","id":"wattlas-plant-osm-way-1531337300","lifecycleCounts":{"operational":1},"locationPrecision":"exact","name":"PV \"WIELUŃ\"","operatingCapacityCoverage":{"coveragePercent":100.0,"knownUnitCount":0,"method":"plant_aggregate","provenance":{"evidenceCount":0,"recordIds":["wattlas-record-osm-way-1531337300"],"sourceIds":["openstreetmap-power"],"sourceTypes":["community_mapped"],"valueKind":"reported"},"totalUnitCount":0},"operatingCapacityMw":7.0,"operatingCapacityMwByTechnology":{"solar":7.0},"plannedCapacityCoverage":{"coveragePercent":0.0,"knownUnitCount":0,"method":"unavailable","totalUnitCount":0},"plannedCapacityMw":0.0,"plannedCapacityMwByTechnology":{},"recordCount":1,"recordIds":["wattlas-record-osm-way-1531337300"],"sourceIds":["openstreetmap-power"],"technologies":["solar"],"technologyMixMw":{"solar":7.0},"unitCount":0,"unitIds":[]},"type":"Feature"},{"geometry":{"coordinates":[22.295635,53.766155],"type":"Point"},"id":"wattlas-plant-osm-way-1532642064","properties":{"aliases":["Magazyn Energii BESS EŁK"],"canonicalAnchor":"osm:way/1532642064","canonicalCountryKey":"PL","capacityMw":200.0,"country":"PL","externalIds":{"osm":"way/1532642064"},"geographyId":"PL-17162690B18723007704312","id":"wattlas-plant-osm-way-1532642064","lifecycleCounts":{"operational":1},"locationPrecision":"exact","name":"Magazyn Energii BESS EŁK","operatingCapacityCoverage":{"coveragePercent":100.0,"knownUnitCount":0,"method":"plant_aggregate","provenance":{"evidenceCount":0,"recordIds":["wattlas-record-osm-way-1532642064"],"sourceIds":["openstreetmap-power"],"sourceTypes":["community_mapped"],"valueKind":"reported"},"totalUnitCount":0},"operatingCapacityMw":200.0,"operatingCapacityMwByTechnology":{"other":200.0},"plannedCapacityCoverage":{"coveragePercent":0.0,"knownUnitCount":0,"method":"unavailable","totalUnitCount":0},"plannedCapacityMw":0.0,"plannedCapacityMwByTechnology":{},"recordCount":1,"recordIds":["wattlas-record-osm-way-1532642064"],"sourceIds":["openstreetmap-power"],"technologies":["other"],"technologyMixMw":{"other":200.0},"unitCount":0,"unitIds":[]},"type":"Feature"},{"geometry":{"coordinates":[20.518493,53.774074],"type":"Point"},"id":"wattlas-plant-osm-way-155168516","properties":{"aliases":["Elektrociepłownia"],"canonicalAnchor":"osm:way/155168516","canonicalCountryKey":"PL","capacityMw":0.0,"country":"PL","externalIds":{"osm":"way/155168516"},"geographyId":"PL-17162690B18723007704312","id":"wattlas-plant-osm-way-155168516","lifecycleCounts":{"operational":1},"locationPrecision":"exact","name":"Elektrociepłownia","operatingCapacityCoverage":{"coveragePercent":0.0,"knownUnitCount":0,"method":"unavailable","totalUnitCount":0},"operatingCapacityMw":0.0,"operatingCapacityMwByTechnology":{},"plannedCapacityCoverage":{"coveragePercent":0.0,"knownUnitCount":0,"method":"unavailable","totalUnitCount":0},"plannedCapacityMw":0.0,"plannedCapacityMwByTechnology":{},"recordCount":1,"recordIds":["wattlas-record-osm-way-155168516"],"sourceIds":["openstreetmap-power"],"technologies":["other"],"technologyMixMw":{"other":0.0},"unitCount":0,"unitIds":[]},"type":"Feature"},{"geometry":{"coordinates":[22.707022,51.225435],"type":"Point"},"id":"wattlas-plant-osm-way-155986599","properties":{"aliases":["Elektrociepłownia GIGA"],"canonicalAnchor":"osm:way/155986599","canonicalCountryKey":"PL","capacityMw":6.0,"country":"PL","externalIds":{"osm":"way/155986599"},"geographyId":"PL-17162690B69262761487853","id":"wattlas-plant-osm-way-155986599","lifecycleCounts":{"operational":1},"locationPrecision":"exact","name":"Elektrociepłownia GIGA","operatingCapacityCoverage":{"coveragePercent":100.0,"knownUnitCount":0,"method":"plant_aggregate","provenance":{"evidenceCount":0,"recordIds":["wattlas-record-osm-way-155986599"],"sourceIds":["openstreetmap-power"],"sourceTypes":["community_mapped"],"valueKind":"reported"},"totalUnitCount":0},"operatingCapacityMw":6.0,"operatingCapacityMwByTechnology":{"coal":6.0},"plannedCapacityCoverage":{"coveragePercent":0.0,"knownUnitCount":0,"method":"unavailable","totalUnitCount":0},"plannedCapacityMw":0.0,"plannedCapacityMwByTechnology":{},"recordCount":1,"recordIds":["wattlas-record-osm-way-155986599"],"sourceIds":["openstreetmap-power"],"technologies":["coal"],"technologyMixMw":{"coal":6.0},"unitCount":0,"unitIds":[]},"type":"Feature"},{"geometry":{"coordinates":[22.35656,53.830674],"type":"Point"},"id":"wattlas-plant-osm-way-160839358","properties":{"aliases":["Ciepłownia SM \"Świt\""],"canonicalAnchor":"osm:way/160839358","canonicalCountryKey":"PL","capacityMw":0.0,"country":"PL","externalIds":{"osm":"way/160839358"},"geographyId":"PL-17162690B18723007704312","id":"wattlas-plant-osm-way-160839358","lifecycleCounts":{"operational":1},"locationPrecision":"exact","name":"Ciepłownia SM \"Świt\"","operatingCapacityCoverage":{"coveragePercent":0.0,"knownUnitCount":0,"method":"unavailable","totalUnitCount":0},"operatingCapacityMw":0.0,"operatingCapacityMwByTechnology":{},"plannedCapacityCoverage":{"coveragePercent":0.0,"knownUnitCount":0,"method":"unavailable","totalUnitCount":0},"plannedCapacityMw":0.0,"plannedCapacityMwByTechnology":{},"recordCount":1,"recordIds":["wattlas-record-osm-way-160839358"],"sourceIds":["openstreetmap-power"],"technologies":["coal"],"technologyMixMw":{"coal":0.0},"unitCount":0,"unitIds":[]},"type":"Feature"},{"geometry":{"coordinates":[18.059249,51.744807],"type":"Point"},"id":"wattlas-plant-osm-way-171758918","properties":{"aliases":["ENERGA Kogeneracja Oddział Ciepłownia Rejonowa w Kaliszu"],"canonicalAnchor":"osm:way/171758918","canonicalCountryKey":"PL","capacityMw":0.0,"country":"PL","externalIds":{"osm":"way/171758918"},"geographyId":"PL-17162690B71775569625336","id":"wattlas-plant-osm-way-171758918","lifecycleCounts":{"operational":1},"locationPrecision":"exact","name":"ENERGA Kogeneracja Oddział Ciepłownia Rejonowa w Kaliszu","operatingCapacityCoverage":{"coveragePercent":0.0,"knownUnitCount":0,"method":"unavailable","totalUnitCount":0},"operatingCapacityMw":0.0,"operatingCapacityMwByTechnology":{},"plannedCapacityCoverage":{"coveragePercent":0.0,"knownUnitCount":0,"method":"unavailable","totalUnitCount":0},"plannedCapacityMw":0.0,"plannedCapacityMwByTechnology":{},"recordCount":1,"recordIds":["wattlas-record-osm-way-171758918"],"sourceIds":["openstreetmap-power"],"technologies":["coal"],"technologyMixMw":{"coal":0.0},"unitCount":0,"unitIds":[]},"type":"Feature"},{"geometry":{"coordinates":[18.0892,54.727583],"type":"Point"},"id":"wattlas-plant-osm-way-174742776","properties":{"aliases":["Farma fotowoltaiczna"],"canonicalAnchor":"osm:way/174742776","canonicalCountryKey":"PL","capacityMw":0.0,"country":"PL","externalIds":{"osm":"way/174742776"},"geographyId":"PL-17162690B77437931625010","id":"wattlas-plant-osm-way-174742776","lifecycleCounts":{"operational":1},"locationPrecision":"exact","name":"Farma fotowoltaiczna","operatingCapacityCoverage":{"coveragePercent":0.0,"knownUnitCount":0,"method":"unavailable","totalUnitCount":0},"operatingCapacityMw":0.0,"operatingCapacityMwByTechnology":{},"plannedCapacityCoverage":{"coveragePercent":0.0,"knownUnitCount":0,"method":"unavailable","totalUnitCount":0},"plannedCapacityMw":0.0,"plannedCapacityMwByTechnology":{},"recordCount":1,"recordIds":["wattlas-record-osm-way-174742776"],"sourceIds":["openstreetmap-power"],"technologies":["solar"],"technologyMixMw":{"solar":0.0},"unitCount":0,"unitIds":[]},"type":"Feature"},{"geometry":{"coordinates":[15.071096,52.02975],"type":"Point"},"id":"wattlas-plant-osm-way-178451758","properties":{"aliases":["Elektrownia Wodna Raduszec Stary"],"canonicalAnchor":"osm:way/178451758","canonicalCountryKey":"PL","capacityMw":2.64,"country":"PL","externalIds":{"osm":"way/178451758"},"geographyId":"PL-17162690B87710404837799","id":"wattlas-plant-osm-way-178451758","lifecycleCounts":{"operational":1},"locationPrecision":"exact","name":"Elektrownia Wodna Raduszec Stary","operatingCapacityCoverage":{"coveragePercent":100.0,"knownUnitCount":0,"method":"plant_aggregate","provenance":{"evidenceCount":0,"recordIds":["wattlas-record-osm-way-178451758"],"sourceIds":["openstreetmap-power"],"sourceTypes":["community_mapped"],"valueKind":"reported"},"totalUnitCount":0},"operatingCapacityMw":2.64,"operatingCapacityMwByTechnology":{"hydro":2.64},"plannedCapacityCoverage":{"coveragePercent":0.0,"knownUnitCount":0,"method":"unavailable","totalUnitCount":0},"plannedCapacityMw":0.0,"plannedCapacityMwByTechnology":{},"recordCount":1,"recordIds":["wattlas-record-osm-way-178451758"],"sourceIds":["openstreetmap-power"],"technologies":["hydro"],"technologyMixMw":{"hydro":2.64},"unitCount":0,"unitIds":[]},"type":"Feature"},{"geometry":{"coordinates":[15.258257,51.735888],"type":"Point"},"id":"wattlas-plant-osm-way-178454302","properties":{"aliases":["Elektrownia Wodna Gorzupia II"],"canonicalAnchor":"osm:way/178454302","canonicalCountryKey":"PL","capacityMw":1.68,"country":"PL","externalIds":{"osm":"way/178454302"},"geographyId":"PL-17162690B87710404837799","id":"wattlas-plant-osm-way-178454302","lifecycleCounts":{"operational":1},"locationPrecision":"exact","name":"Elektrownia Wodna Gorzupia II","operatingCapacityCoverage":{"coveragePercent":100.0,"knownUnitCount":0,"method":"plant_aggregate","provenance":{"evidenceCount":0,"recordIds":["wattlas-record-osm-way-178454302"],"sourceIds":["openstreetmap-power"],"sourceTypes":["community_mapped"],"valueKind":"reported"},"totalUnitCount":0},"operatingCapacityMw":1.68,"operatingCapacityMwByTechnology":{"hydro":1.68},"plannedCapacityCoverage":{"coveragePercent":0.0,"knownUnitCount":0,"method":"unavailable","totalUnitCount":0},"plannedCapacityMw":0.0,"plannedCapacityMwByTechnology":{},"recordCount":1,"recordIds":["wattlas-record-osm-way-178454302"],"sourceIds":["openstreetmap-power"],"technologies":["hydro"],"technologyMixMw":{"hydro":1.68},"unitCount":0,"unitIds":[]},"type":"Feature"},{"geometry":{"coordinates":[15.291755,51.672233],"type":"Point"},"id":"wattlas-plant-osm-way-178454761","properties":{"aliases":["Elektrownia Wodna Grajówka"],"canonicalAnchor":"osm:way/178454761","canonicalCountryKey":"PL","capacityMw":2.388,"country":"PL","externalIds":{"osm":"way/178454761"},"geographyId":"PL-17162690B87710404837799","id":"wattlas-plant-osm-way-178454761","lifecycleCounts":{"operational":1},"locationPrecision":"exact","name":"Elektrownia Wodna Grajówka","operatingCapacityCoverage":{"coveragePercent":100.0,"knownUnitCount":0,"method":"plant_aggregate","provenance":{"evidenceCount":0,"recordIds":["wattlas-record-osm-way-178454761"],"sourceIds":["openstreetmap-power"],"sourceTypes":["community_mapped"],"valueKind":"reported"},"totalUnitCount":0},"operatingCapacityMw":2.388,"operatingCapacityMwByTechnology":{"hydro":2.388},"plannedCapacityCoverage":{"coveragePercent":0.0,"knownUnitCount":0,"method":"unavailable","totalUnitCount":0},"plannedCapacityMw":0.0,"plannedCapacityMwByTechnology":{},"recordCount":1,"recordIds":["wattlas-record-osm-way-178454761"],"sourceIds":["openstreetmap-power"],"technologies":["hydro"],"technologyMixMw":{"hydro":2.388},"unitCount":0,"unitIds":[]},"type":"Feature"},{"geometry":{"coordinates":[15.31678,51.615422],"type":"Point"},"id":"wattlas-plant-osm-way-178455436","properties":{"aliases":["Elektrownia Wodna Żagań II"],"canonicalAnchor":"osm:way/178455436","canonicalCountryKey":"PL","capacityMw":1.24,"country":"PL","externalIds":{"osm":"way/178455436"},"geographyId":"PL-17162690B87710404837799","id":"wattlas-plant-osm-way-178455436","lifecycleCounts":{"operational":1},"locationPrecision":"exact","name":"Elektrownia Wodna Żagań II","operatingCapacityCoverage":{"coveragePercent":100.0,"knownUnitCount":0,"method":"plant_aggregate","provenance":{"evidenceCount":0,"recordIds":["wattlas-record-osm-way-178455436"],"sourceIds":["openstreetmap-power"],"sourceTypes":["community_mapped"],"valueKind":"reported"},"totalUnitCount":0},"operatingCapacityMw":1.24,"operatingCapacityMwByTechnology":{"hydro":1.24},"plannedCapacityCoverage":{"coveragePercent":0.0,"knownUnitCount":0,"method":"unavailable","totalUnitCount":0},"plannedCapacityMw":0.0,"plannedCapacityMwByTechnology":{},"recordCount":1,"recordIds":["wattlas-record-osm-way-178455436"],"sourceIds":["openstreetmap-power"],"technologies":["hydro"],"technologyMixMw":{"hydro":1.24},"unitCount":0,"unitIds":[]},"type":"Feature"},{"geometry":{"coordinates":[14.69214,51.708344],"type":"Point"},"id":"wattlas-plant-osm-way-178466047","properties":{"aliases":["Elektrownia Wodna Zasieki"],"canonicalAnchor":"osm:way/178466047","canonicalCountryKey":"PL","capacityMw":1.28,"country":"PL","externalIds":{"osm":"way/178466047"},"geographyId":"PL-17162690B87710404837799","id":"wattlas-plant-osm-way-178466047","lifecycleCounts":{"operational":1},"locationPrecision":"exact","name":"Elektrownia Wodna Zasieki","operatingCapacityCoverage":{"coveragePercent":100.0,"knownUnitCount":0,"method":"plant_aggregate","provenance":{"evidenceCount":0,"recordIds":["wattlas-record-osm-way-178466047"],"sourceIds":["openstreetmap-power"],"sourceTypes":["community_mapped"],"valueKind":"reported"},"totalUnitCount":0},"operatingCapacityMw":1.28,"operatingCapacityMwByTechnology":{"hydro":1.28},"plannedCapacityCoverage":{"coveragePercent":0.0,"knownUnitCount":0,"method":"unavailable","totalUnitCount":0},"plannedCapacityMw":0.0,"plannedCapacityMwByTechnology":{},"recordCount":1,"recordIds":["wattlas-record-osm-way-178466047"],"sourceIds":["openstreetmap-power"],"technologies":["hydro"],"technologyMixMw":{"hydro":1.28},"unitCount":0,"unitIds":[]},"type":"Feature"},{"geometry":{"coordinates":[18.9132,50.383647],"type":"Point"},"id":"wattlas-plant-osm-way-181123953","properties":{"aliases":["Ciepłownia Radzionków"],"canonicalAnchor":"osm:way/181123953","canonicalCountryKey":"PL","capacityMw":0.0,"country":"PL","externalIds":{"osm":"way/181123953"},"geographyId":"PL-17162690B16879770934003","id":"wattlas-plant-osm-way-181123953","lifecycleCounts":{"operational":1},"locationPrecision":"exact","name":"Ciepłownia Radzionków","operatingCapacityCoverage":{"coveragePercent":0.0,"knownUnitCount":0,"method":"unavailable","totalUnitCount":0},"operatingCapacityMw":0.0,"operatingCapacityMwByTechnology":{},"plannedCapacityCoverage":{"coveragePercent":0.0,"knownUnitCount":0,"method":"unavailable","totalUnitCount":0},"plannedCapacityMw":0.0,"plannedCapacityMwByTechnology":{},"recordCount":1,"recordIds":["wattlas-record-osm-way-181123953"],"sourceIds":["openstreetmap-power"],"technologies":["coal"],"technologyMixMw":{"coal":0.0},"unitCount":0,"unitIds":[]},"type":"Feature"},{"geometry":{"coordinates":[15.006819,51.310241],"type":"Point"},"id":"wattlas-plant-osm-way-182010847","properties":{"aliases":["Wasserkraftwerk Nieder-Neundorf"],"canonicalAnchor":"osm:way/182010847","canonicalCountryKey":"PL","capacityMw":0.0,"country":"PL","externalIds":{"osm":"way/182010847"},"geographyId":"PL-17162690B9130125042960","id":"wattlas-plant-osm-way-182010847","lifecycleCounts":{"operational":1},"locationPrecision":"exact","name":"Wasserkraftwerk Nieder-Neundorf","operatingCapacityCoverage":{"coveragePercent":0.0,"knownUnitCount":0,"method":"unavailable","totalUnitCount":0},"operatingCapacityMw":0.0,"operatingCapacityMwByTechnology":{},"plannedCapacityCoverage":{"coveragePercent":0.0,"knownUnitCount":0,"method":"unavailable","totalUnitCount":0},"plannedCapacityMw":0.0,"plannedCapacityMwByTechnology":{},"recordCount":1,"recordIds":["wattlas-record-osm-way-182010847"],"sourceIds":["openstreetmap-power"],"technologies":["hydro"],"technologyMixMw":{"hydro":0.0},"unitCount":0,"unitIds":[]},"type":"Feature"},{"geometry":{"coordinates":[18.037272,50.745757],"type":"Point"},"id":"wattlas-plant-osm-way-185327016","properties":{"aliases":["MEW Osowiec-Węgry"],"canonicalAnchor":"osm:way/185327016","canonicalCountryKey":"PL","capacityMw":0.0,"country":"PL","externalIds":{"osm":"way/185327016"},"geographyId":"PL-17162690B67719337891950","id":"wattlas-plant-osm-way-185327016","lifecycleCounts":{"operational":1},"locationPrecision":"exact","name":"MEW Osowiec-Węgry","operatingCapacityCoverage":{"coveragePercent":0.0,"knownUnitCount":0,"method":"unavailable","totalUnitCount":0},"operatingCapacityMw":0.0,"operatingCapacityMwByTechnology":{},"plannedCapacityCoverage":{"coveragePercent":0.0,"knownUnitCount":0,"method":"unavailable","totalUnitCount":0},"plannedCapacityMw":0.0,"plannedCapacityMwByTechnology":{},"recordCount":1,"recordIds":["wattlas-record-osm-way-185327016"],"sourceIds":["openstreetmap-power"],"technologies":["hydro"],"technologyMixMw":{"hydro":0.0},"unitCount":0,"unitIds":[]},"type":"Feature"},{"geometry":{"coordinates":[18.56963,51.231639],"type":"Point"},"id":"wattlas-plant-osm-way-186938867","properties":{"aliases":["Energetyka Cieplna Wieluń"],"canonicalAnchor":"osm:way/186938867","canonicalCountryKey":"PL","capacityMw":0.0,"country":"PL","externalIds":{"osm":"way/186938867"},"geographyId":"PL-17162690B86810837764805","id":"wattlas-plant-osm-way-186938867","lifecycleCounts":{"operational":1},"locationPrecision":"exact","name":"Energetyka Cieplna Wieluń","operatingCapacityCoverage":{"coveragePercent":0.0,"knownUnitCount":0,"method":"unavailable","totalUnitCount":0},"operatingCapacityMw":0.0,"operatingCapacityMwByTechnology":{},"plannedCapacityCoverage":{"coveragePercent":0.0,"knownUnitCount":0,"method":"unavailable","totalUnitCount":0},"plannedCapacityMw":0.0,"plannedCapacityMwByTechnology":{},"recordCount":1,"recordIds":["wattlas-record-osm-way-186938867"],"sourceIds":["openstreetmap-power"],"technologies":["coal"],"technologyMixMw":{"coal":0.0},"unitCount":0,"unitIds":[]},"type":"Feature"},{"geometry":{"coordinates":[18.16478,54.611259],"type":"Point"},"id":"wattlas-plant-osm-way-188723443","properties":{"aliases":["Elektrownia Wodna Bolszewo"],"canonicalAnchor":"osm:way/188723443","canonicalCountryKey":"PL","capacityMw":0.0,"country":"PL","externalIds":{"osm":"way/188723443"},"geographyId":"PL-17162690B77437931625010","id":"wattlas-plant-osm-way-188723443","lifecycleCounts":{"operational":1},"locationPrecision":"exact","name":"Elektrownia Wodna Bolszewo","operatingCapacityCoverage":{"coveragePercent":0.0,"knownUnitCount":0,"method":"unavailable","totalUnitCount":0},"operatingCapacityMw":0.0,"operatingCapacityMwByTechnology":{},"plannedCapacityCoverage":{"coveragePercent":0.0,"knownUnitCount":0,"method":"unavailable","totalUnitCount":0},"plannedCapacityMw":0.0,"plannedCapacityMwByTechnology":{},"recordCount":1,"recordIds":["wattlas-record-osm-way-188723443"],"sourceIds":["openstreetmap-power"],"technologies":["hydro"],"technologyMixMw":{"hydro":0.0},"unitCount":0,"unitIds":[]},"type":"Feature"},{"geometry":{"coordinates":[18.08842,53.100643],"type":"Point"},"id":"wattlas-plant-osm-way-190451615","properties":{"aliases":["PGE Energia Ciepła S.A. Oddział Elektrociepłownia w Bydgoszczy"],"canonicalAnchor":"osm:way/190451615","canonicalCountryKey":"PL","capacityMw":187.0,"country":"PL","externalIds":{"osm":"way/190451615"},"geographyId":"PL-17162690B37876665907262","id":"wattlas-plant-osm-way-190451615","lifecycleCounts":{"operational":1},"locationPrecision":"exact","name":"PGE Energia Ciepła S.A. Oddział Elektrociepłownia w Bydgoszczy","operatingCapacityCoverage":{"coveragePercent":100.0,"knownUnitCount":0,"method":"plant_aggregate","provenance":{"evidenceCount":0,"recordIds":["wattlas-record-osm-way-190451615"],"sourceIds":["openstreetmap-power"],"sourceTypes":["community_mapped"],"valueKind":"reported"},"totalUnitCount":0},"operatingCapacityMw":187.0,"operatingCapacityMwByTechnology":{"coal":187.0},"plannedCapacityCoverage":{"coveragePercent":0.0,"knownUnitCount":0,"method":"unavailable","totalUnitCount":0},"plannedCapacityMw":0.0,"plannedCapacityMwByTechnology":{},"recordCount":1,"recordIds":["wattlas-record-osm-way-190451615"],"sourceIds":["openstreetmap-power"],"technologies":["coal"],"technologyMixMw":{"coal":187.0},"unitCount":0,"unitIds":[]},"type":"Feature"},{"geometry":{"coordinates":[20.910186,50.028303],"type":"Point"},"id":"wattlas-plant-osm-way-191040031","properties":{"aliases":["Elektrociepłownia Zakładów Azotowych Tarnów-Mościce"],"canonicalAnchor":"osm:way/191040031","canonicalCountryKey":"PL","capacityMw":96.8,"country":"PL","externalIds":{"osm":"way/191040031"},"geographyId":"PL-17162690B67655395900928","id":"wattlas-plant-osm-way-191040031","lifecycleCounts":{"operational":1},"locationPrecision":"exact","name":"Elektrociepłownia Zakładów Azotowych Tarnów-Mościce","operatingCapacityCoverage":{"coveragePercent":100.0,"knownUnitCount":0,"method":"plant_aggregate","provenance":{"evidenceCount":0,"recordIds":["wattlas-record-osm-way-191040031"],"sourceIds":["openstreetmap-power"],"sourceTypes":["community_mapped"],"valueKind":"reported"},"totalUnitCount":0},"operatingCapacityMw":96.8,"operatingCapacityMwByTechnology":{"coal":96.8},"plannedCapacityCoverage":{"coveragePercent":0.0,"knownUnitCount":0,"method":"unavailable","totalUnitCount":0},"plannedCapacityMw":0.0,"plannedCapacityMwByTechnology":{},"recordCount":1,"recordIds":["wattlas-record-osm-way-191040031"],"sourceIds":["openstreetmap-power"],"technologies":["coal"],"technologyMixMw":{"coal":96.8},"unitCount":0,"unitIds":[]},"type":"Feature"},{"geometry":{"coordinates":[22.323842,50.317002],"type":"Point"},"id":"wattlas-plant-osm-way-193457573","properties":{"aliases":["Elektrociepłownia Nowa Sarzyna"],"canonicalAnchor":"osm:way/193457573","canonicalCountryKey":"PL","capacityMw":116.0,"country":"PL","externalIds":{"osm":"way/193457573"},"geographyId":"PL-17162690B44985096553766","id":"wattlas-plant-osm-way-193457573","lifecycleCounts":{"operational":1},"locationPrecision":"exact","name":"Elektrociepłownia Nowa Sarzyna","operatingCapacityCoverage":{"coveragePercent":100.0,"knownUnitCount":0,"method":"plant_aggregate","provenance":{"evidenceCount":0,"recordIds":["wattlas-record-osm-way-193457573"],"sourceIds":["openstreetmap-power"],"sourceTypes":["community_mapped"],"valueKind":"reported"},"totalUnitCount":0},"operatingCapacityMw":116.0,"operatingCapacityMwByTechnology":{"gas":116.0},"plannedCapacityCoverage":{"coveragePercent":0.0,"knownUnitCount":0,"method":"unavailable","totalUnitCount":0},"plannedCapacityMw":0.0,"plannedCapacityMwByTechnology":{},"recordCount":1,"recordIds":["wattlas-record-osm-way-193457573"],"sourceIds":["openstreetmap-power"],"technologies":["gas"],"technologyMixMw":{"gas":116.0},"unitCount":0,"unitIds":[]},"type":"Feature"},{"geometry":{"coordinates":[18.955723,50.386197],"type":"Point"},"id":"wattlas-plant-osm-way-203459051","properties":{"aliases":["ZC Julian-Ziętek"],"canonicalAnchor":"osm:way/203459051","canonicalCountryKey":"PL","capacityMw":0.0,"country":"PL","externalIds":{"osm":"way/203459051"},"geographyId":"PL-17162690B16879770934003","id":"wattlas-plant-osm-way-203459051","lifecycleCounts":{"operational":1},"locationPrecision":"exact","name":"ZC Julian-Ziętek","operatingCapacityCoverage":{"coveragePercent":0.0,"knownUnitCount":0,"method":"unavailable","totalUnitCount":0},"operatingCapacityMw":0.0,"operatingCapacityMwByTechnology":{},"plannedCapacityCoverage":{"coveragePercent":0.0,"knownUnitCount":0,"method":"unavailable","totalUnitCount":0},"plannedCapacityMw":0.0,"plannedCapacityMwByTechnology":{},"recordCount":1,"recordIds":["wattlas-record-osm-way-203459051"],"sourceIds":["openstreetmap-power"],"technologies":["coal"],"technologyMixMw":{"coal":0.0},"unitCount":0,"unitIds":[]},"type":"Feature"},{"geometry":{"coordinates":[18.5712,49.940494],"type":"Point"},"id":"wattlas-plant-osm-way-206737167","properties":{"aliases":["Elektrociepłownia Moszczenica"],"canonicalAnchor":"osm:way/206737167","canonicalCountryKey":"PL","capacityMw":0.0,"country":"PL","externalIds":{"osm":"way/206737167"},"geographyId":"PL-17162690B16879770934003","id":"wattlas-plant-osm-way-206737167","lifecycleCounts":{"operational":1},"locationPrecision":"exact","name":"Elektrociepłownia Moszczenica","operatingCapacityCoverage":{"coveragePercent":0.0,"knownUnitCount":0,"method":"unavailable","totalUnitCount":0},"operatingCapacityMw":0.0,"operatingCapacityMwByTechnology":{},"plannedCapacityCoverage":{"coveragePercent":0.0,"knownUnitCount":0,"method":"unavailable","totalUnitCount":0},"plannedCapacityMw":0.0,"plannedCapacityMwByTechnology":{},"recordCount":1,"recordIds":["wattlas-record-osm-way-206737167"],"sourceIds":["openstreetmap-power"],"technologies":["gas"],"technologyMixMw":{"gas":0.0},"unitCount":0,"unitIds":[]},"type":"Feature"},{"geometry":{"coordinates":[14.626839,52.593358],"type":"Point"},"id":"wattlas-plant-osm-way-216579165","properties":{"aliases":["Mapped power plant · OSM 216579165"],"canonicalAnchor":"osm:way/216579165","canonicalCountryKey":"PL","capacityMw":40.4,"country":"PL","externalIds":{"osm":"way/216579165"},"geographyId":"PL-17162690B87710404837799","id":"wattlas-plant-osm-way-216579165","lifecycleCounts":{"operational":1},"locationPrecision":"exact","name":"Mapped power plant · OSM 216579165","operatingCapacityCoverage":{"coveragePercent":100.0,"knownUnitCount":0,"method":"plant_aggregate","provenance":{"evidenceCount":0,"recordIds":["wattlas-record-osm-way-216579165"],"sourceIds":["openstreetmap-power"],"sourceTypes":["community_mapped"],"valueKind":"reported"},"totalUnitCount":0},"operatingCapacityMw":40.4,"operatingCapacityMwByTechnology":{"gas":40.4},"plannedCapacityCoverage":{"coveragePercent":0.0,"knownUnitCount":0,"method":"unavailable","totalUnitCount":0},"plannedCapacityMw":0.0,"plannedCapacityMwByTechnology":{},"recordCount":1,"recordIds":["wattlas-record-osm-way-216579165"],"sourceIds":["openstreetmap-power"],"technologies":["gas"],"technologyMixMw":{"gas":40.4},"unitCount":0,"unitIds":[]},"type":"Feature"},{"geometry":{"coordinates":[17.313068,54.284929],"type":"Point"},"id":"wattlas-plant-osm-way-220961698","properties":{"aliases":["Elektrownia wodna Gałąźnia Mała"],"canonicalAnchor":"osm:way/220961698","canonicalCountryKey":"PL","capacityMw":4232.0,"country":"PL","externalIds":{"osm":"way/220961698"},"geographyId":"PL-17162690B77437931625010","id":"wattlas-plant-osm-way-220961698","lifecycleCounts":{"operational":1},"locationPrecision":"exact","name":"Elektrownia wodna Gałąźnia Mała","operatingCapacityCoverage":{"coveragePercent":100.0,"knownUnitCount":0,"method":"plant_aggregate","provenance":{"evidenceCount":0,"recordIds":["wattlas-record-osm-way-220961698"],"sourceIds":["openstreetmap-power"],"sourceTypes":["community_mapped"],"valueKind":"reported"},"totalUnitCount":0},"operatingCapacityMw":4232.0,"operatingCapacityMwByTechnology":{"hydro":4232.0},"plannedCapacityCoverage":{"coveragePercent":0.0,"knownUnitCount":0,"method":"unavailable","totalUnitCount":0},"plannedCapacityMw":0.0,"plannedCapacityMwByTechnology":{},"recordCount":1,"recordIds":["wattlas-record-osm-way-220961698"],"sourceIds":["openstreetmap-power"],"technologies":["hydro"],"technologyMixMw":{"hydro":4232.0},"unitCount":0,"unitIds":[]},"type":"Feature"},{"geometry":{"coordinates":[17.306007,50.462969],"type":"Point"},"id":"wattlas-plant-osm-way-221657126","properties":{"aliases":["Elektrownia wodna Głębinów"],"canonicalAnchor":"osm:way/221657126","canonicalCountryKey":"PL","capacityMw":3.04,"country":"PL","externalIds":{"osm":"way/221657126"},"geographyId":"PL-17162690B67719337891950","id":"wattlas-plant-osm-way-221657126","lifecycleCounts":{"operational":1},"locationPrecision":"exact","name":"Elektrownia wodna Głębinów","operatingCapacityCoverage":{"coveragePercent":100.0,"knownUnitCount":0,"method":"plant_aggregate","provenance":{"evidenceCount":0,"recordIds":["wattlas-record-osm-way-221657126"],"sourceIds":["openstreetmap-power"],"sourceTypes":["community_mapped"],"valueKind":"reported"},"totalUnitCount":0},"operatingCapacityMw":3.04,"operatingCapacityMwByTechnology":{"hydro":3.04},"plannedCapacityCoverage":{"coveragePercent":0.0,"knownUnitCount":0,"method":"unavailable","totalUnitCount":0},"plannedCapacityMw":0.0,"plannedCapacityMwByTechnology":{},"recordCount":1,"recordIds":["wattlas-record-osm-way-221657126"],"sourceIds":["openstreetmap-power"],"technologies":["hydro"],"technologyMixMw":{"hydro":3.04},"unitCount":0,"unitIds":[]},"type":"Feature"},{"geometry":{"coordinates":[17.150706,50.458834],"type":"Point"},"id":"wattlas-plant-osm-way-226607275","properties":{"aliases":["Elektrownia wodna Otmuchów"],"canonicalAnchor":"osm:way/226607275","canonicalCountryKey":"PL","capacityMw":4.8,"country":"PL","externalIds":{"osm":"way/226607275"},"geographyId":"PL-17162690B67719337891950","id":"wattlas-plant-osm-way-226607275","lifecycleCounts":{"operational":1},"locationPrecision":"exact","name":"Elektrownia wodna Otmuchów","operatingCapacityCoverage":{"coveragePercent":100.0,"knownUnitCount":0,"method":"plant_aggregate","provenance":{"evidenceCount":0,"recordIds":["wattlas-record-osm-way-226607275"],"sourceIds":["openstreetmap-power"],"sourceTypes":["community_mapped"],"valueKind":"reported"},"totalUnitCount":0},"operatingCapacityMw":4.8,"operatingCapacityMwByTechnology":{"hydro":4.8},"plannedCapacityCoverage":{"coveragePercent":0.0,"knownUnitCount":0,"method":"unavailable","totalUnitCount":0},"plannedCapacityMw":0.0,"plannedCapacityMwByTechnology":{},"recordCount":1,"recordIds":["wattlas-record-osm-way-226607275"],"sourceIds":["openstreetmap-power"],"technologies":["hydro"],"technologyMixMw":{"hydro":4.8},"unitCount":0,"unitIds":[]},"type":"Feature"},{"geometry":{"coordinates":[16.699682,53.145635],"type":"Point"},"id":"wattlas-plant-osm-way-228954733","properties":{"aliases":["Elektrociepłownia Zachód"],"canonicalAnchor":"osm:way/228954733","canonicalCountryKey":"PL","capacityMw":0.0,"country":"PL","externalIds":{"osm":"way/228954733"},"geographyId":"PL-17162690B71775569625336","id":"wattlas-plant-osm-way-228954733","lifecycleCounts":{"operational":1},"locationPrecision":"exact","name":"Elektrociepłownia Zachód","operatingCapacityCoverage":{"coveragePercent":0.0,"knownUnitCount":0,"method":"unavailable","totalUnitCount":0},"operatingCapacityMw":0.0,"operatingCapacityMwByTechnology":{},"plannedCapacityCoverage":{"coveragePercent":0.0,"knownUnitCount":0,"method":"unavailable","totalUnitCount":0},"plannedCapacityMw":0.0,"plannedCapacityMwByTechnology":{},"recordCount":1,"recordIds":["wattlas-record-osm-way-228954733"],"sourceIds":["openstreetmap-power"],"technologies":["other"],"technologyMixMw":{"other":0.0},"unitCount":0,"unitIds":[]},"type":"Feature"},{"geometry":{"coordinates":[16.30049,54.062453],"type":"Point"},"id":"wattlas-plant-osm-way-235224386","properties":{"aliases":["Elektrociepłownia Rosnowo"],"canonicalAnchor":"osm:way/235224386","canonicalCountryKey":"PL","capacityMw":0.0,"country":"PL","externalIds":{"osm":"way/235224386"},"geographyId":"PL-17162690B34878575347312","id":"wattlas-plant-osm-way-235224386","lifecycleCounts":{"operational":1},"locationPrecision":"exact","name":"Elektrociepłownia Rosnowo","operatingCapacityCoverage":{"coveragePercent":0.0,"knownUnitCount":0,"method":"unavailable","totalUnitCount":0},"operatingCapacityMw":0.0,"operatingCapacityMwByTechnology":{},"plannedCapacityCoverage":{"coveragePercent":0.0,"knownUnitCount":0,"method":"unavailable","totalUnitCount":0},"plannedCapacityMw":0.0,"plannedCapacityMwByTechnology":{},"recordCount":1,"recordIds":["wattlas-record-osm-way-235224386"],"sourceIds":["openstreetmap-power"],"technologies":["coal"],"technologyMixMw":{"coal":0.0},"unitCount":0,"unitIds":[]},"type":"Feature"},{"geometry":{"coordinates":[15.987745,51.683241],"type":"Point"},"id":"wattlas-plant-osm-way-237376043","properties":{"aliases":["Elektrociepłownia E-3 Głogów"],"canonicalAnchor":"osm:way/237376043","canonicalCountryKey":"PL","capacityMw":49.5,"country":"PL","externalIds":{"osm":"way/237376043"},"geographyId":"PL-17162690B9130125042960","id":"wattlas-plant-osm-way-237376043","lifecycleCounts":{"operational":1},"locationPrecision":"exact","name":"Elektrociepłownia E-3 Głogów","operatingCapacityCoverage":{"coveragePercent":100.0,"knownUnitCount":0,"method":"plant_aggregate","provenance":{"evidenceCount":0,"recordIds":["wattlas-record-osm-way-237376043"],"sourceIds":["openstreetmap-power"],"sourceTypes":["community_mapped"],"valueKind":"reported"},"totalUnitCount":0},"operatingCapacityMw":49.5,"operatingCapacityMwByTechnology":{"coal":49.5},"plannedCapacityCoverage":{"coveragePercent":0.0,"knownUnitCount":0,"method":"unavailable","totalUnitCount":0},"plannedCapacityMw":0.0,"plannedCapacityMwByTechnology":{},"recordCount":1,"recordIds":["wattlas-record-osm-way-237376043"],"sourceIds":["openstreetmap-power"],"technologies":["coal"],"technologyMixMw":{"coal":49.5},"unitCount":0,"unitIds":[]},"type":"Feature"},{"geometry":{"coordinates":[19.322459,50.590247],"type":"Point"},"id":"wattlas-plant-osm-way-238573868","properties":{"aliases":["Calor Energetyka Cieplna Elektrociepłownia Myszków"],"canonicalAnchor":"osm:way/238573868","canonicalCountryKey":"PL","capacityMw":0.0,"country":"PL","externalIds":{"osm":"way/238573868"},"geographyId":"PL-17162690B16879770934003","id":"wattlas-plant-osm-way-238573868","lifecycleCounts":{"operational":1},"locationPrecision":"exact","name":"Calor Energetyka Cieplna Elektrociepłownia Myszków","operatingCapacityCoverage":{"coveragePercent":0.0,"knownUnitCount":0,"method":"unavailable","totalUnitCount":0},"operatingCapacityMw":0.0,"operatingCapacityMwByTechnology":{},"plannedCapacityCoverage":{"coveragePercent":0.0,"knownUnitCount":0,"method":"unavailable","totalUnitCount":0},"plannedCapacityMw":0.0,"plannedCapacityMwByTechnology":{},"recordCount":1,"recordIds":["wattlas-record-osm-way-238573868"],"sourceIds":["openstreetmap-power"],"technologies":["coal"],"technologyMixMw":{"coal":0.0},"unitCount":0,"unitIds":[]},"type":"Feature"},{"geometry":{"coordinates":[15.389975,51.475613],"type":"Point"},"id":"wattlas-plant-osm-way-239473006","properties":{"aliases":["Ciepłownia Świętoszów"],"canonicalAnchor":"osm:way/239473006","canonicalCountryKey":"PL","capacityMw":0.0,"country":"PL","externalIds":{"osm":"way/239473006"},"geographyId":"PL-17162690B9130125042960","id":"wattlas-plant-osm-way-239473006","lifecycleCounts":{"operational":1},"locationPrecision":"exact","name":"Ciepłownia Świętoszów","operatingCapacityCoverage":{"coveragePercent":0.0,"knownUnitCount":0,"method":"unavailable","totalUnitCount":0},"operatingCapacityMw":0.0,"operatingCapacityMwByTechnology":{},"plannedCapacityCoverage":{"coveragePercent":0.0,"knownUnitCount":0,"method":"unavailable","totalUnitCount":0},"plannedCapacityMw":0.0,"plannedCapacityMwByTechnology":{},"recordCount":1,"recordIds":["wattlas-record-osm-way-239473006"],"sourceIds":["openstreetmap-power"],"technologies":["oil"],"technologyMixMw":{"oil":0.0},"unitCount":0,"unitIds":[]},"type":"Feature"},{"geometry":{"coordinates":[19.049919,52.660702],"type":"Point"},"id":"wattlas-plant-osm-way-242672056","properties":{"aliases":["Ciepłownia Zazamcze"],"canonicalAnchor":"osm:way/242672056","canonicalCountryKey":"PL","capacityMw":0.0,"country":"PL","externalIds":{"osm":"way/242672056"},"geographyId":"PL-17162690B37876665907262","id":"wattlas-plant-osm-way-242672056","lifecycleCounts":{"operational":1},"locationPrecision":"exact","name":"Ciepłownia Zazamcze","operatingCapacityCoverage":{"coveragePercent":0.0,"knownUnitCount":0,"method":"unavailable","totalUnitCount":0},"operatingCapacityMw":0.0,"operatingCapacityMwByTechnology":{},"plannedCapacityCoverage":{"coveragePercent":0.0,"knownUnitCount":0,"method":"unavailable","totalUnitCount":0},"plannedCapacityMw":0.0,"plannedCapacityMwByTechnology":{},"recordCount":1,"recordIds":["wattlas-record-osm-way-242672056"],"sourceIds":["openstreetmap-power"],"technologies":["other"],"technologyMixMw":{"other":0.0},"unitCount":0,"unitIds":[]},"type":"Feature"},{"geometry":{"coordinates":[15.535693,52.243873],"type":"Point"},"id":"wattlas-plant-osm-way-252490426","properties":{"aliases":["Zakład Energetyki Cieplnej Sp. z o.o. w Świebodzinie"],"canonicalAnchor":"osm:way/252490426","canonicalCountryKey":"PL","capacityMw":0.0,"country":"PL","externalIds":{"osm":"way/252490426"},"geographyId":"PL-17162690B87710404837799","id":"wattlas-plant-osm-way-252490426","lifecycleCounts":{"operational":1},"locationPrecision":"exact","name":"Zakład Energetyki Cieplnej Sp. z o.o. w Świebodzinie","operatingCapacityCoverage":{"coveragePercent":0.0,"knownUnitCount":0,"method":"unavailable","totalUnitCount":0},"operatingCapacityMw":0.0,"operatingCapacityMwByTechnology":{},"plannedCapacityCoverage":{"coveragePercent":0.0,"knownUnitCount":0,"method":"unavailable","totalUnitCount":0},"plannedCapacityMw":0.0,"plannedCapacityMwByTechnology":{},"recordCount":1,"recordIds":["wattlas-record-osm-way-252490426"],"sourceIds":["openstreetmap-power"],"technologies":["coal"],"technologyMixMw":{"coal":0.0},"unitCount":0,"unitIds":[]},"type":"Feature"},{"geometry":{"coordinates":[18.605246,50.350869],"type":"Point"},"id":"wattlas-plant-osm-way-255391155","properties":{"aliases":["Mała elektrownia wodna Gliwice"],"canonicalAnchor":"osm:way/255391155","canonicalCountryKey":"PL","capacityMw":0.0,"country":"PL","externalIds":{"osm":"way/255391155"},"geographyId":"PL-17162690B16879770934003","id":"wattlas-plant-osm-way-255391155","lifecycleCounts":{"operational":1},"locationPrecision":"exact","name":"Mała elektrownia wodna Gliwice","operatingCapacityCoverage":{"coveragePercent":0.0,"knownUnitCount":0,"method":"unavailable","totalUnitCount":0},"operatingCapacityMw":0.0,"operatingCapacityMwByTechnology":{},"plannedCapacityCoverage":{"coveragePercent":0.0,"knownUnitCount":0,"method":"unavailable","totalUnitCount":0},"plannedCapacityMw":0.0,"plannedCapacityMwByTechnology":{},"recordCount":1,"recordIds":["wattlas-record-osm-way-255391155"],"sourceIds":["openstreetmap-power"],"technologies":["hydro"],"technologyMixMw":{"hydro":0.0},"unitCount":0,"unitIds":[]},"type":"Feature"},{"geometry":{"coordinates":[16.368917,54.01009],"type":"Point"},"id":"wattlas-plant-osm-way-257957430","properties":{"aliases":["Biogazownia rolnicza w Świelinie"],"canonicalAnchor":"osm:way/257957430","canonicalCountryKey":"PL","capacityMw":0.0,"country":"PL","externalIds":{"osm":"way/257957430"},"geographyId":"PL-17162690B34878575347312","id":"wattlas-plant-osm-way-257957430","lifecycleCounts":{"operational":1},"locationPrecision":"exact","name":"Biogazownia rolnicza w Świelinie","operatingCapacityCoverage":{"coveragePercent":0.0,"knownUnitCount":0,"method":"unavailable","totalUnitCount":0},"operatingCapacityMw":0.0,"operatingCapacityMwByTechnology":{},"plannedCapacityCoverage":{"coveragePercent":0.0,"knownUnitCount":0,"method":"unavailable","totalUnitCount":0},"plannedCapacityMw":0.0,"plannedCapacityMwByTechnology":{},"recordCount":1,"recordIds":["wattlas-record-osm-way-257957430"],"sourceIds":["openstreetmap-power"],"technologies":["biomass"],"technologyMixMw":{"biomass":0.0},"unitCount":0,"unitIds":[]},"type":"Feature"},{"geometry":{"coordinates":[19.384802,54.180622],"type":"Point"},"id":"wattlas-plant-osm-way-261846529","properties":{"aliases":["ENERGA Kogeneracja Sp. z o.o."],"canonicalAnchor":"osm:way/261846529","canonicalCountryKey":"PL","capacityMw":0.0,"country":"PL","externalIds":{"osm":"way/261846529"},"geographyId":"PL-17162690B18723007704312","id":"wattlas-plant-osm-way-261846529","lifecycleCounts":{"operational":1},"locationPrecision":"exact","name":"ENERGA Kogeneracja Sp. z o.o.","operatingCapacityCoverage":{"coveragePercent":0.0,"knownUnitCount":0,"method":"unavailable","totalUnitCount":0},"operatingCapacityMw":0.0,"operatingCapacityMwByTechnology":{},"plannedCapacityCoverage":{"coveragePercent":0.0,"knownUnitCount":0,"method":"unavailable","totalUnitCount":0},"plannedCapacityMw":0.0,"plannedCapacityMwByTechnology":{},"recordCount":1,"recordIds":["wattlas-record-osm-way-261846529"],"sourceIds":["openstreetmap-power"],"technologies":["other"],"technologyMixMw":{"other":0.0},"unitCount":0,"unitIds":[]},"type":"Feature"},{"geometry":{"coordinates":[17.716952,51.072936],"type":"Point"},"id":"wattlas-plant-osm-way-263033744","properties":{"aliases":["Zakład Energetyki Cieplnej"],"canonicalAnchor":"osm:way/263033744","canonicalCountryKey":"PL","capacityMw":0.0,"country":"PL","externalIds":{"osm":"way/263033744"},"geographyId":"PL-17162690B67719337891950","id":"wattlas-plant-osm-way-263033744","lifecycleCounts":{"operational":1},"locationPrecision":"exact","name":"Zakład Energetyki Cieplnej","operatingCapacityCoverage":{"coveragePercent":0.0,"knownUnitCount":0,"method":"unavailable","totalUnitCount":0},"operatingCapacityMw":0.0,"operatingCapacityMwByTechnology":{},"plannedCapacityCoverage":{"coveragePercent":0.0,"knownUnitCount":0,"method":"unavailable","totalUnitCount":0},"plannedCapacityMw":0.0,"plannedCapacityMwByTechnology":{},"recordCount":1,"recordIds":["wattlas-record-osm-way-263033744"],"sourceIds":["openstreetmap-power"],"technologies":["other"],"technologyMixMw":{"other":0.0},"unitCount":0,"unitIds":[]},"type":"Feature"},{"geometry":{"coordinates":[20.080896,50.05861],"type":"Point"},"id":"wattlas-plant-osm-way-266388861","properties":{"aliases":["Zakład Termicznego Przekształcania Odpadów"],"canonicalAnchor":"osm:way/266388861","canonicalCountryKey":"PL","capacityMw":16.9,"country":"PL","externalIds":{"osm":"way/266388861"},"geographyId":"PL-17162690B67655395900928","id":"wattlas-plant-osm-way-266388861","lifecycleCounts":{"operational":1},"locationPrecision":"exact","name":"Zakład Termicznego Przekształcania Odpadów","operatingCapacityCoverage":{"coveragePercent":100.0,"knownUnitCount":0,"method":"plant_aggregate","provenance":{"evidenceCount":0,"recordIds":["wattlas-record-osm-way-266388861"],"sourceIds":["openstreetmap-power"],"sourceTypes":["community_mapped"],"valueKind":"reported"},"totalUnitCount":0},"operatingCapacityMw":16.9,"operatingCapacityMwByTechnology":{"other":16.9},"plannedCapacityCoverage":{"coveragePercent":0.0,"knownUnitCount":0,"method":"unavailable","totalUnitCount":0},"plannedCapacityMw":0.0,"plannedCapacityMwByTechnology":{},"recordCount":1,"recordIds":["wattlas-record-osm-way-266388861"],"sourceIds":["openstreetmap-power"],"technologies":["other"],"technologyMixMw":{"other":16.9},"unitCount":0,"unitIds":[]},"type":"Feature"},{"geometry":{"coordinates":[15.049258,52.718761],"type":"Point"},"id":"wattlas-plant-osm-way-271990218","properties":{"aliases":["Bioenergy Farm Stanowice"],"canonicalAnchor":"osm:way/271990218","canonicalCountryKey":"PL","capacityMw":0.0,"country":"PL","externalIds":{"osm":"way/271990218"},"geographyId":"PL-17162690B87710404837799","id":"wattlas-plant-osm-way-271990218","lifecycleCounts":{"operational":1},"locationPrecision":"exact","name":"Bioenergy Farm Stanowice","operatingCapacityCoverage":{"coveragePercent":0.0,"knownUnitCount":0,"method":"unavailable","totalUnitCount":0},"operatingCapacityMw":0.0,"operatingCapacityMwByTechnology":{},"plannedCapacityCoverage":{"coveragePercent":0.0,"knownUnitCount":0,"method":"unavailable","totalUnitCount":0},"plannedCapacityMw":0.0,"plannedCapacityMwByTechnology":{},"recordCount":1,"recordIds":["wattlas-record-osm-way-271990218"],"sourceIds":["openstreetmap-power"],"technologies":["gas"],"technologyMixMw":{"gas":0.0},"unitCount":0,"unitIds":[]},"type":"Feature"},{"geometry":{"coordinates":[22.375763,53.817087],"type":"Point"},"id":"wattlas-plant-osm-way-274954703","properties":{"aliases":["Przedsiębiorstwo Energetyki Cieplnej"],"canonicalAnchor":"osm:way/274954703","canonicalCountryKey":"PL","capacityMw":0.0,"country":"PL","externalIds":{"osm":"way/274954703"},"geographyId":"PL-17162690B18723007704312","id":"wattlas-plant-osm-way-274954703","lifecycleCounts":{"operational":1},"locationPrecision":"exact","name":"Przedsiębiorstwo Energetyki Cieplnej","operatingCapacityCoverage":{"coveragePercent":0.0,"knownUnitCount":0,"method":"unavailable","totalUnitCount":0},"operatingCapacityMw":0.0,"operatingCapacityMwByTechnology":{},"plannedCapacityCoverage":{"coveragePercent":0.0,"knownUnitCount":0,"method":"unavailable","totalUnitCount":0},"plannedCapacityMw":0.0,"plannedCapacityMwByTechnology":{},"recordCount":1,"recordIds":["wattlas-record-osm-way-274954703"],"sourceIds":["openstreetmap-power"],"technologies":["coal"],"technologyMixMw":{"coal":0.0},"unitCount":0,"unitIds":[]},"type":"Feature"},{"geometry":{"coordinates":[20.852577,50.042044],"type":"Point"},"id":"wattlas-plant-osm-way-285016671","properties":{"aliases":["Energia Wierzchosławice Sp. z o.o."],"canonicalAnchor":"osm:way/285016671","canonicalCountryKey":"PL","capacityMw":0.0,"country":"PL","externalIds":{"osm":"way/285016671"},"geographyId":"PL-17162690B67655395900928","id":"wattlas-plant-osm-way-285016671","lifecycleCounts":{"operational":1},"locationPrecision":"exact","name":"Energia Wierzchosławice Sp. z o.o.","operatingCapacityCoverage":{"coveragePercent":0.0,"knownUnitCount":0,"method":"unavailable","totalUnitCount":0},"operatingCapacityMw":0.0,"operatingCapacityMwByTechnology":{},"plannedCapacityCoverage":{"coveragePercent":0.0,"knownUnitCount":0,"method":"unavailable","totalUnitCount":0},"plannedCapacityMw":0.0,"plannedCapacityMwByTechnology":{},"recordCount":1,"recordIds":["wattlas-record-osm-way-285016671"],"sourceIds":["openstreetmap-power"],"technologies":["solar"],"technologyMixMw":{"solar":0.0},"unitCount":0,"unitIds":[]},"type":"Feature"},{"geometry":{"coordinates":[21.083613,49.560098],"type":"Point"},"id":"wattlas-plant-osm-way-287961310","properties":{"aliases":["Elektrownia Wodna Klimkówka"],"canonicalAnchor":"osm:way/287961310","canonicalCountryKey":"PL","capacityMw":0.0,"country":"PL","externalIds":{"osm":"way/287961310"},"geographyId":"PL-17162690B67655395900928","id":"wattlas-plant-osm-way-287961310","lifecycleCounts":{"operational":1},"locationPrecision":"exact","name":"Elektrownia Wodna Klimkówka","operatingCapacityCoverage":{"coveragePercent":0.0,"knownUnitCount":0,"method":"unavailable","totalUnitCount":0},"operatingCapacityMw":0.0,"operatingCapacityMwByTechnology":{},"plannedCapacityCoverage":{"coveragePercent":0.0,"knownUnitCount":0,"method":"unavailable","totalUnitCount":0},"plannedCapacityMw":0.0,"plannedCapacityMwByTechnology":{},"recordCount":1,"recordIds":["wattlas-record-osm-way-287961310"],"sourceIds":["openstreetmap-power"],"technologies":["hydro"],"technologyMixMw":{"hydro":0.0},"unitCount":0,"unitIds":[]},"type":"Feature"},{"geometry":{"coordinates":[18.74325,54.082751],"type":"Point"},"id":"wattlas-plant-osm-way-288177941","properties":{"aliases":["GPEC"],"canonicalAnchor":"osm:way/288177941","canonicalCountryKey":"PL","capacityMw":0.0,"country":"PL","externalIds":{"osm":"way/288177941"},"geographyId":"PL-17162690B77437931625010","id":"wattlas-plant-osm-way-288177941","lifecycleCounts":{"operational":1},"locationPrecision":"exact","name":"GPEC","operatingCapacityCoverage":{"coveragePercent":0.0,"knownUnitCount":0,"method":"unavailable","totalUnitCount":0},"operatingCapacityMw":0.0,"operatingCapacityMwByTechnology":{},"plannedCapacityCoverage":{"coveragePercent":0.0,"knownUnitCount":0,"method":"unavailable","totalUnitCount":0},"plannedCapacityMw":0.0,"plannedCapacityMwByTechnology":{},"recordCount":1,"recordIds":["wattlas-record-osm-way-288177941"],"sourceIds":["openstreetmap-power"],"technologies":["coal"],"technologyMixMw":{"coal":0.0},"unitCount":0,"unitIds":[]},"type":"Feature"},{"geometry":{"coordinates":[18.509506,54.269842],"type":"Point"},"id":"wattlas-plant-osm-way-289504983","properties":{"aliases":["Elektrownia Wodna Bielkowo"],"canonicalAnchor":"osm:way/289504983","canonicalCountryKey":"PL","capacityMw":7.2,"country":"PL","externalIds":{"osm":"way/289504983","wikipedia":"pl:Bielkowo (powiat gdański)#Elektrownia wodna"},"geographyId":"PL-17162690B77437931625010","id":"wattlas-plant-osm-way-289504983","idAliases":["wattlas-plant-wikipedia-pl-bielkowo-powiat-gda-ski-elektrownia-wodna"],"lifecycleCounts":{"operational":1},"locationPrecision":"exact","name":"Elektrownia Wodna Bielkowo","operatingCapacityCoverage":{"coveragePercent":100.0,"knownUnitCount":0,"method":"plant_aggregate","provenance":{"evidenceCount":0,"recordIds":["wattlas-record-osm-way-289504983"],"sourceIds":["openstreetmap-power"],"sourceTypes":["community_mapped"],"valueKind":"reported"},"totalUnitCount":0},"operatingCapacityMw":7.2,"operatingCapacityMwByTechnology":{"hydro":7.2},"plannedCapacityCoverage":{"coveragePercent":0.0,"knownUnitCount":0,"method":"unavailable","totalUnitCount":0},"plannedCapacityMw":0.0,"plannedCapacityMwByTechnology":{},"recordCount":1,"recordIds":["wattlas-record-osm-way-289504983"],"sourceIds":["openstreetmap-power"],"technologies":["hydro"],"technologyMixMw":{"hydro":7.2},"unitCount":0,"unitIds":[]},"type":"Feature"},{"geometry":{"coordinates":[15.722438,54.196957],"type":"Point"},"id":"wattlas-plant-osm-way-291685298","properties":{"aliases":["Farma Fotowoltaiczna Sianożęty 1"],"canonicalAnchor":"osm:way/291685298","canonicalCountryKey":"PL","capacityMw":0.0,"country":"PL","externalIds":{"osm":"way/291685298"},"geographyId":"PL-17162690B34878575347312","id":"wattlas-plant-osm-way-291685298","lifecycleCounts":{"operational":1},"locationPrecision":"exact","name":"Farma Fotowoltaiczna Sianożęty 1","operatingCapacityCoverage":{"coveragePercent":0.0,"knownUnitCount":0,"method":"unavailable","totalUnitCount":0},"operatingCapacityMw":0.0,"operatingCapacityMwByTechnology":{},"plannedCapacityCoverage":{"coveragePercent":0.0,"knownUnitCount":0,"method":"unavailable","totalUnitCount":0},"plannedCapacityMw":0.0,"plannedCapacityMwByTechnology":{},"recordCount":1,"recordIds":["wattlas-record-osm-way-291685298"],"sourceIds":["openstreetmap-power"],"technologies":["solar"],"technologyMixMw":{"solar":0.0},"unitCount":0,"unitIds":[]},"type":"Feature"},{"geometry":{"coordinates":[15.769182,54.190917],"type":"Point"},"id":"wattlas-plant-osm-way-294357833","properties":{"aliases":["Farma Fotowoltaiczna"],"canonicalAnchor":"osm:way/294357833","canonicalCountryKey":"PL","capacityMw":1.0,"country":"PL","externalIds":{"osm":"way/294357833"},"geographyId":"PL-17162690B34878575347312","id":"wattlas-plant-osm-way-294357833","lifecycleCounts":{"operational":1},"locationPrecision":"exact","name":"Farma Fotowoltaiczna","operatingCapacityCoverage":{"coveragePercent":100.0,"knownUnitCount":0,"method":"plant_aggregate","provenance":{"evidenceCount":0,"recordIds":["wattlas-record-osm-way-294357833"],"sourceIds":["openstreetmap-power"],"sourceTypes":["community_mapped"],"valueKind":"reported"},"totalUnitCount":0},"operatingCapacityMw":1.0,"operatingCapacityMwByTechnology":{"solar":1.0},"plannedCapacityCoverage":{"coveragePercent":0.0,"knownUnitCount":0,"method":"unavailable","totalUnitCount":0},"plannedCapacityMw":0.0,"plannedCapacityMwByTechnology":{},"recordCount":1,"recordIds":["wattlas-record-osm-way-294357833"],"sourceIds":["openstreetmap-power"],"technologies":["solar"],"technologyMixMw":{"solar":1.0},"unitCount":0,"unitIds":[]},"type":"Feature"},{"geometry":{"coordinates":[19.097852,52.652532],"type":"Point"},"id":"wattlas-plant-osm-way-294980012","properties":{"aliases":["MPEC Elektrociepłownia Wschód"],"canonicalAnchor":"osm:way/294980012","canonicalCountryKey":"PL","capacityMw":0.0,"country":"PL","externalIds":{"osm":"way/294980012"},"geographyId":"PL-17162690B37876665907262","id":"wattlas-plant-osm-way-294980012","lifecycleCounts":{"operational":1},"locationPrecision":"exact","name":"MPEC Elektrociepłownia Wschód","operatingCapacityCoverage":{"coveragePercent":0.0,"knownUnitCount":0,"method":"unavailable","totalUnitCount":0},"operatingCapacityMw":0.0,"operatingCapacityMwByTechnology":{},"plannedCapacityCoverage":{"coveragePercent":0.0,"knownUnitCount":0,"method":"unavailable","totalUnitCount":0},"plannedCapacityMw":0.0,"plannedCapacityMwByTechnology":{},"recordCount":1,"recordIds":["wattlas-record-osm-way-294980012"],"sourceIds":["openstreetmap-power"],"technologies":["coal"],"technologyMixMw":{"coal":0.0},"unitCount":0,"unitIds":[]},"type":"Feature"},{"geometry":{"coordinates":[21.625137,50.517746],"type":"Point"},"id":"wattlas-plant-osm-way-296469462","properties":{"aliases":["Mapped power plant · OSM 296469462"],"canonicalAnchor":"osm:way/296469462","canonicalCountryKey":"PL","capacityMw":0.0,"country":"PL","externalIds":{"osm":"way/296469462"},"geographyId":"PL-17162690B44985096553766","id":"wattlas-plant-osm-way-296469462","lifecycleCounts":{"operational":1},"locationPrecision":"exact","name":"Mapped power plant · OSM 296469462","operatingCapacityCoverage":{"coveragePercent":0.0,"knownUnitCount":0,"method":"unavailable","totalUnitCount":0},"operatingCapacityMw":0.0,"operatingCapacityMwByTechnology":{},"plannedCapacityCoverage":{"coveragePercent":0.0,"knownUnitCount":0,"method":"unavailable","totalUnitCount":0},"plannedCapacityMw":0.0,"plannedCapacityMwByTechnology":{},"recordCount":1,"recordIds":["wattlas-record-osm-way-296469462"],"sourceIds":["openstreetmap-power"],"technologies":["solar"],"technologyMixMw":{"solar":0.0},"unitCount":0,"unitIds":[]},"type":"Feature"},{"geometry":{"coordinates":[14.533548,53.574062],"type":"Point"},"id":"wattlas-plant-osm-way-303169627","properties":{"aliases":["Elektrociepłownia nr 2"],"canonicalAnchor":"osm:way/303169627","canonicalCountryKey":"PL","capacityMw":64.0,"country":"PL","externalIds":{"osm":"way/303169627"},"geographyId":"PL-17162690B34878575347312","id":"wattlas-plant-osm-way-303169627","lifecycleCounts":{"operational":1},"locationPrecision":"exact","name":"Elektrociepłownia nr 2","operatingCapacityCoverage":{"coveragePercent":100.0,"knownUnitCount":0,"method":"plant_aggregate","provenance":{"evidenceCount":0,"recordIds":["wattlas-record-osm-way-303169627"],"sourceIds":["openstreetmap-power"],"sourceTypes":["community_mapped"],"valueKind":"reported"},"totalUnitCount":0},"operatingCapacityMw":64.0,"operatingCapacityMwByTechnology":{"coal":64.0},"plannedCapacityCoverage":{"coveragePercent":0.0,"knownUnitCount":0,"method":"unavailable","totalUnitCount":0},"plannedCapacityMw":0.0,"plannedCapacityMwByTechnology":{},"recordCount":1,"recordIds":["wattlas-record-osm-way-303169627"],"sourceIds":["openstreetmap-power"],"technologies":["coal"],"technologyMixMw":{"coal":64.0},"unitCount":0,"unitIds":[]},"type":"Feature"},{"geometry":{"coordinates":[18.408932,50.878254],"type":"Point"},"id":"wattlas-plant-osm-way-303918697","properties":{"aliases":["ECO Elektrociepłownia Olesno"],"canonicalAnchor":"osm:way/303918697","canonicalCountryKey":"PL","capacityMw":0.0,"country":"PL","externalIds":{"osm":"way/303918697"},"geographyId":"PL-17162690B67719337891950","id":"wattlas-plant-osm-way-303918697","lifecycleCounts":{"operational":1},"locationPrecision":"exact","name":"ECO Elektrociepłownia Olesno","operatingCapacityCoverage":{"coveragePercent":0.0,"knownUnitCount":0,"method":"unavailable","totalUnitCount":0},"operatingCapacityMw":0.0,"operatingCapacityMwByTechnology":{},"plannedCapacityCoverage":{"coveragePercent":0.0,"knownUnitCount":0,"method":"unavailable","totalUnitCount":0},"plannedCapacityMw":0.0,"plannedCapacityMwByTechnology":{},"recordCount":1,"recordIds":["wattlas-record-osm-way-303918697"],"sourceIds":["openstreetmap-power"],"technologies":["coal"],"technologyMixMw":{"coal":0.0},"unitCount":0,"unitIds":[]},"type":"Feature"},{"geometry":{"coordinates":[16.191599,51.235262],"type":"Point"},"id":"wattlas-plant-osm-way-313147622","properties":{"aliases":["Elektrociepłownia Pątnów"],"canonicalAnchor":"osm:way/313147622","canonicalCountryKey":"PL","capacityMw":0.0,"country":"PL","externalIds":{"osm":"way/313147622"},"geographyId":"PL-17162690B9130125042960","id":"wattlas-plant-osm-way-313147622","lifecycleCounts":{"operational":1},"locationPrecision":"exact","name":"Elektrociepłownia Pątnów","operatingCapacityCoverage":{"coveragePercent":0.0,"knownUnitCount":0,"method":"unavailable","totalUnitCount":0},"operatingCapacityMw":0.0,"operatingCapacityMwByTechnology":{},"plannedCapacityCoverage":{"coveragePercent":0.0,"knownUnitCount":0,"method":"unavailable","totalUnitCount":0},"plannedCapacityMw":0.0,"plannedCapacityMwByTechnology":{},"recordCount":1,"recordIds":["wattlas-record-osm-way-313147622"],"sourceIds":["openstreetmap-power"],"technologies":["gas"],"technologyMixMw":{"gas":0.0},"unitCount":0,"unitIds":[]},"type":"Feature"},{"geometry":{"coordinates":[16.985374,52.432985],"type":"Point"},"id":"wattlas-plant-osm-way-320884905","properties":{"aliases":["Instalacja Termicznego Przekształacnia Odpadów Komunalnych"],"canonicalAnchor":"osm:way/320884905","canonicalCountryKey":"PL","capacityMw":18.0,"country":"PL","externalIds":{"osm":"way/320884905"},"geographyId":"PL-17162690B71775569625336","id":"wattlas-plant-osm-way-320884905","lifecycleCounts":{"operational":1},"locationPrecision":"exact","name":"Instalacja Termicznego Przekształacnia Odpadów Komunalnych","operatingCapacityCoverage":{"coveragePercent":100.0,"knownUnitCount":0,"method":"plant_aggregate","provenance":{"evidenceCount":0,"recordIds":["wattlas-record-osm-way-320884905"],"sourceIds":["openstreetmap-power"],"sourceTypes":["community_mapped"],"valueKind":"reported"},"totalUnitCount":0},"operatingCapacityMw":18.0,"operatingCapacityMwByTechnology":{"other":18.0},"plannedCapacityCoverage":{"coveragePercent":0.0,"knownUnitCount":0,"method":"unavailable","totalUnitCount":0},"plannedCapacityMw":0.0,"plannedCapacityMwByTechnology":{},"recordCount":1,"recordIds":["wattlas-record-osm-way-320884905"],"sourceIds":["openstreetmap-power"],"technologies":["other"],"technologyMixMw":{"other":18.0},"unitCount":0,"unitIds":[]},"type":"Feature"},{"geometry":{"coordinates":[19.445431,50.060827],"type":"Point"},"id":"wattlas-plant-osm-way-324826401","properties":{"aliases":["Farma słoneczna Babice"],"canonicalAnchor":"osm:way/324826401","canonicalCountryKey":"PL","capacityMw":0.0,"country":"PL","externalIds":{"osm":"way/324826401"},"geographyId":"PL-17162690B67655395900928","id":"wattlas-plant-osm-way-324826401","lifecycleCounts":{"operational":1},"locationPrecision":"exact","name":"Farma słoneczna Babice","operatingCapacityCoverage":{"coveragePercent":0.0,"knownUnitCount":0,"method":"unavailable","totalUnitCount":0},"operatingCapacityMw":0.0,"operatingCapacityMwByTechnology":{},"plannedCapacityCoverage":{"coveragePercent":0.0,"knownUnitCount":0,"method":"unavailable","totalUnitCount":0},"plannedCapacityMw":0.0,"plannedCapacityMwByTechnology":{},"recordCount":1,"recordIds":["wattlas-record-osm-way-324826401"],"sourceIds":["openstreetmap-power"],"technologies":["solar"],"technologyMixMw":{"solar":0.0},"unitCount":0,"unitIds":[]},"type":"Feature"},{"geometry":{"coordinates":[19.430209,50.029945],"type":"Point"},"id":"wattlas-plant-osm-way-326871631","properties":{"aliases":["Elektrownia Wodna Smolice"],"canonicalAnchor":"osm:way/326871631","canonicalCountryKey":"PL","capacityMw":2.0,"country":"PL","externalIds":{"osm":"way/326871631"},"geographyId":"PL-17162690B67655395900928","id":"wattlas-plant-osm-way-326871631","lifecycleCounts":{"operational":1},"locationPrecision":"exact","name":"Elektrownia Wodna Smolice","operatingCapacityCoverage":{"coveragePercent":100.0,"knownUnitCount":0,"method":"plant_aggregate","provenance":{"evidenceCount":0,"recordIds":["wattlas-record-osm-way-326871631"],"sourceIds":["openstreetmap-power"],"sourceTypes":["community_mapped"],"valueKind":"reported"},"totalUnitCount":0},"operatingCapacityMw":2.0,"operatingCapacityMwByTechnology":{"hydro":2.0},"plannedCapacityCoverage":{"coveragePercent":0.0,"knownUnitCount":0,"method":"unavailable","totalUnitCount":0},"plannedCapacityMw":0.0,"plannedCapacityMwByTechnology":{},"recordCount":1,"recordIds":["wattlas-record-osm-way-326871631"],"sourceIds":["openstreetmap-power"],"technologies":["hydro"],"technologyMixMw":{"hydro":2.0},"unitCount":0,"unitIds":[]},"type":"Feature"},{"geometry":{"coordinates":[18.710967,50.291969],"type":"Point"},"id":"wattlas-plant-osm-way-33711545","properties":{"aliases":["Ciepłownia Gliwice"],"canonicalAnchor":"osm:way/33711545","canonicalCountryKey":"PL","capacityMw":0.0,"country":"PL","externalIds":{"osm":"way/33711545"},"geographyId":"PL-17162690B16879770934003","id":"wattlas-plant-osm-way-33711545","lifecycleCounts":{"operational":1},"locationPrecision":"exact","name":"Ciepłownia Gliwice","operatingCapacityCoverage":{"coveragePercent":0.0,"knownUnitCount":0,"method":"unavailable","totalUnitCount":0},"operatingCapacityMw":0.0,"operatingCapacityMwByTechnology":{},"plannedCapacityCoverage":{"coveragePercent":0.0,"knownUnitCount":0,"method":"unavailable","totalUnitCount":0},"plannedCapacityMw":0.0,"plannedCapacityMwByTechnology":{},"recordCount":1,"recordIds":["wattlas-record-osm-way-33711545"],"sourceIds":["openstreetmap-power"],"technologies":["coal"],"technologyMixMw":{"coal":0.0},"unitCount":0,"unitIds":[]},"type":"Feature"},{"geometry":{"coordinates":[19.055315,50.350348],"type":"Point"},"id":"wattlas-plant-osm-way-344248348","properties":{"aliases":["Elektrownia fotowoltaiczna"],"canonicalAnchor":"osm:way/344248348","canonicalCountryKey":"PL","capacityMw":0.0,"country":"PL","externalIds":{"osm":"way/344248348"},"geographyId":"PL-17162690B16879770934003","id":"wattlas-plant-osm-way-344248348","lifecycleCounts":{"operational":1},"locationPrecision":"exact","name":"Elektrownia fotowoltaiczna","operatingCapacityCoverage":{"coveragePercent":0.0,"knownUnitCount":0,"method":"unavailable","totalUnitCount":0},"operatingCapacityMw":0.0,"operatingCapacityMwByTechnology":{},"plannedCapacityCoverage":{"coveragePercent":0.0,"knownUnitCount":0,"method":"unavailable","totalUnitCount":0},"plannedCapacityMw":0.0,"plannedCapacityMwByTechnology":{},"recordCount":1,"recordIds":["wattlas-record-osm-way-344248348"],"sourceIds":["openstreetmap-power"],"technologies":["solar"],"technologyMixMw":{"solar":0.0},"unitCount":0,"unitIds":[]},"type":"Feature"},{"geometry":{"coordinates":[19.308585,53.504266],"type":"Point"},"id":"wattlas-plant-osm-way-344312058","properties":{"aliases":["MEW Słupnica"],"canonicalAnchor":"osm:way/344312058","canonicalCountryKey":"PL","capacityMw":0.0,"country":"PL","externalIds":{"osm":"way/344312058"},"geographyId":"PL-17162690B18723007704312","id":"wattlas-plant-osm-way-344312058","lifecycleCounts":{"operational":1},"locationPrecision":"exact","name":"MEW Słupnica","operatingCapacityCoverage":{"coveragePercent":0.0,"knownUnitCount":0,"method":"unavailable","totalUnitCount":0},"operatingCapacityMw":0.0,"operatingCapacityMwByTechnology":{},"plannedCapacityCoverage":{"coveragePercent":0.0,"knownUnitCount":0,"method":"unavailable","totalUnitCount":0},"plannedCapacityMw":0.0,"plannedCapacityMwByTechnology":{},"recordCount":1,"recordIds":["wattlas-record-osm-way-344312058"],"sourceIds":["openstreetmap-power"],"technologies":["hydro"],"technologyMixMw":{"hydro":0.0},"unitCount":0,"unitIds":[]},"type":"Feature"},{"geometry":{"coordinates":[20.084286,49.878059],"type":"Point"},"id":"wattlas-plant-osm-way-352824781","properties":{"aliases":["Elektrownia Wodna Dobczyce"],"canonicalAnchor":"osm:way/352824781","canonicalCountryKey":"PL","capacityMw":0.0,"country":"PL","externalIds":{"osm":"way/352824781"},"geographyId":"PL-17162690B67655395900928","id":"wattlas-plant-osm-way-352824781","lifecycleCounts":{"operational":1},"locationPrecision":"exact","name":"Elektrownia Wodna Dobczyce","operatingCapacityCoverage":{"coveragePercent":0.0,"knownUnitCount":0,"method":"unavailable","totalUnitCount":0},"operatingCapacityMw":0.0,"operatingCapacityMwByTechnology":{},"plannedCapacityCoverage":{"coveragePercent":0.0,"knownUnitCount":0,"method":"unavailable","totalUnitCount":0},"plannedCapacityMw":0.0,"plannedCapacityMwByTechnology":{},"recordCount":1,"recordIds":["wattlas-record-osm-way-352824781"],"sourceIds":["openstreetmap-power"],"technologies":["hydro"],"technologyMixMw":{"hydro":0.0},"unitCount":0,"unitIds":[]},"type":"Feature"},{"geometry":{"coordinates":[18.550278,53.960274],"type":"Point"},"id":"wattlas-plant-osm-way-362985491","properties":{"aliases":["Elektrociepłownia Starogard Sp. z o.o."],"canonicalAnchor":"osm:way/362985491","canonicalCountryKey":"PL","capacityMw":0.0,"country":"PL","externalIds":{"osm":"way/362985491"},"geographyId":"PL-17162690B77437931625010","id":"wattlas-plant-osm-way-362985491","lifecycleCounts":{"operational":1},"locationPrecision":"exact","name":"Elektrociepłownia Starogard Sp. z o.o.","operatingCapacityCoverage":{"coveragePercent":0.0,"knownUnitCount":0,"method":"unavailable","totalUnitCount":0},"operatingCapacityMw":0.0,"operatingCapacityMwByTechnology":{},"plannedCapacityCoverage":{"coveragePercent":0.0,"knownUnitCount":0,"method":"unavailable","totalUnitCount":0},"plannedCapacityMw":0.0,"plannedCapacityMwByTechnology":{},"recordCount":1,"recordIds":["wattlas-record-osm-way-362985491"],"sourceIds":["openstreetmap-power"],"technologies":["coal"],"technologyMixMw":{"coal":0.0},"unitCount":0,"unitIds":[]},"type":"Feature"},{"geometry":{"coordinates":[18.959123,52.936445],"type":"Point"},"id":"wattlas-plant-osm-way-377718608","properties":{"aliases":["Farma fotowoltaiczna Czernikowo"],"canonicalAnchor":"osm:way/377718608","canonicalCountryKey":"PL","capacityMw":3.77,"country":"PL","externalIds":{"osm":"way/377718608"},"geographyId":"PL-17162690B37876665907262","id":"wattlas-plant-osm-way-377718608","lifecycleCounts":{"operational":1},"locationPrecision":"exact","name":"Farma fotowoltaiczna Czernikowo","operatingCapacityCoverage":{"coveragePercent":100.0,"knownUnitCount":0,"method":"plant_aggregate","provenance":{"evidenceCount":0,"recordIds":["wattlas-record-osm-way-377718608"],"sourceIds":["openstreetmap-power"],"sourceTypes":["community_mapped"],"valueKind":"reported"},"totalUnitCount":0},"operatingCapacityMw":3.77,"operatingCapacityMwByTechnology":{"solar":3.77},"plannedCapacityCoverage":{"coveragePercent":0.0,"knownUnitCount":0,"method":"unavailable","totalUnitCount":0},"plannedCapacityMw":0.0,"plannedCapacityMwByTechnology":{},"recordCount":1,"recordIds":["wattlas-record-osm-way-377718608"],"sourceIds":["openstreetmap-power"],"technologies":["solar"],"technologyMixMw":{"solar":3.77},"unitCount":0,"unitIds":[]},"type":"Feature"},{"geometry":{"coordinates":[18.752806,54.337118],"type":"Point"},"id":"wattlas-plant-osm-way-377839973","properties":{"aliases":["CCGT Gdańsk"],"canonicalAnchor":"osm:way/377839973","canonicalCountryKey":"PL","capacityMw":0.0,"country":"PL","externalIds":{"osm":"way/377839973"},"geographyId":"PL-17162690B77437931625010","id":"wattlas-plant-osm-way-377839973","lifecycleCounts":{"under_construction":1},"locationPrecision":"exact","name":"CCGT Gdańsk","operatingCapacityCoverage":{"coveragePercent":0.0,"knownUnitCount":0,"method":"unavailable","totalUnitCount":0},"operatingCapacityMw":0.0,"operatingCapacityMwByTechnology":{},"plannedCapacityCoverage":{"coveragePercent":0.0,"knownUnitCount":0,"method":"unavailable","totalUnitCount":0},"plannedCapacityMw":0.0,"plannedCapacityMwByTechnology":{},"recordCount":1,"recordIds":["wattlas-record-osm-way-377839973"],"sourceIds":["openstreetmap-power"],"technologies":["other"],"technologyMixMw":{"other":0.0},"unitCount":0,"unitIds":[]},"type":"Feature"},{"geometry":{"coordinates":[17.935922,51.414396],"type":"Point"},"id":"wattlas-plant-osm-way-378114282","properties":{"aliases":["Farma fotowoltaiczna \"Ostrzeszów II\""],"canonicalAnchor":"osm:way/378114282","canonicalCountryKey":"PL","capacityMw":2.0,"country":"PL","externalIds":{"osm":"way/378114282"},"geographyId":"PL-17162690B71775569625336","id":"wattlas-plant-osm-way-378114282","lifecycleCounts":{"operational":1},"locationPrecision":"exact","name":"Farma fotowoltaiczna \"Ostrzeszów II\"","operatingCapacityCoverage":{"coveragePercent":100.0,"knownUnitCount":0,"method":"plant_aggregate","provenance":{"evidenceCount":0,"recordIds":["wattlas-record-osm-way-378114282"],"sourceIds":["openstreetmap-power"],"sourceTypes":["community_mapped"],"valueKind":"reported"},"totalUnitCount":0},"operatingCapacityMw":2.0,"operatingCapacityMwByTechnology":{"solar":2.0},"plannedCapacityCoverage":{"coveragePercent":0.0,"knownUnitCount":0,"method":"unavailable","totalUnitCount":0},"plannedCapacityMw":0.0,"plannedCapacityMwByTechnology":{},"recordCount":1,"recordIds":["wattlas-record-osm-way-378114282"],"sourceIds":["openstreetmap-power"],"technologies":["solar"],"technologyMixMw":{"solar":2.0},"unitCount":0,"unitIds":[]},"type":"Feature"},{"geometry":{"coordinates":[18.520569,50.585179],"type":"Point"},"id":"wattlas-plant-osm-way-394350804","properties":{"aliases":["Mała Elektrownia Wodna Młyn Thiel"],"canonicalAnchor":"osm:way/394350804","canonicalCountryKey":"PL","capacityMw":0.0,"country":"PL","externalIds":{"osm":"way/394350804"},"geographyId":"PL-17162690B67719337891950","id":"wattlas-plant-osm-way-394350804","lifecycleCounts":{"operational":1},"locationPrecision":"exact","name":"Mała Elektrownia Wodna Młyn Thiel","operatingCapacityCoverage":{"coveragePercent":0.0,"knownUnitCount":0,"method":"unavailable","totalUnitCount":0},"operatingCapacityMw":0.0,"operatingCapacityMwByTechnology":{},"plannedCapacityCoverage":{"coveragePercent":0.0,"knownUnitCount":0,"method":"unavailable","totalUnitCount":0},"plannedCapacityMw":0.0,"plannedCapacityMwByTechnology":{},"recordCount":1,"recordIds":["wattlas-record-osm-way-394350804"],"sourceIds":["openstreetmap-power"],"technologies":["hydro"],"technologyMixMw":{"hydro":0.0},"unitCount":0,"unitIds":[]},"type":"Feature"},{"geometry":{"coordinates":[17.963531,50.732903],"type":"Point"},"id":"wattlas-plant-osm-way-400977654","properties":{"aliases":["Elektrownia wodna Luboszyce"],"canonicalAnchor":"osm:way/400977654","canonicalCountryKey":"PL","capacityMw":55.0,"country":"PL","externalIds":{"osm":"way/400977654"},"geographyId":"PL-17162690B67719337891950","id":"wattlas-plant-osm-way-400977654","lifecycleCounts":{"operational":1},"locationPrecision":"exact","name":"Elektrownia wodna Luboszyce","operatingCapacityCoverage":{"coveragePercent":100.0,"knownUnitCount":0,"method":"plant_aggregate","provenance":{"evidenceCount":0,"recordIds":["wattlas-record-osm-way-400977654"],"sourceIds":["openstreetmap-power"],"sourceTypes":["community_mapped"],"valueKind":"reported"},"totalUnitCount":0},"operatingCapacityMw":55.0,"operatingCapacityMwByTechnology":{"hydro":55.0},"plannedCapacityCoverage":{"coveragePercent":0.0,"knownUnitCount":0,"method":"unavailable","totalUnitCount":0},"plannedCapacityMw":0.0,"plannedCapacityMwByTechnology":{},"recordCount":1,"recordIds":["wattlas-record-osm-way-400977654"],"sourceIds":["openstreetmap-power"],"technologies":["hydro"],"technologyMixMw":{"hydro":55.0},"unitCount":0,"unitIds":[]},"type":"Feature"},{"geometry":{"coordinates":[18.090542,50.73684],"type":"Point"},"id":"wattlas-plant-osm-way-402610174","properties":{"aliases":["Elektrownia wodna Turawa"],"canonicalAnchor":"osm:way/402610174","canonicalCountryKey":"PL","capacityMw":1.8,"country":"PL","externalIds":{"osm":"way/402610174"},"geographyId":"PL-17162690B67719337891950","id":"wattlas-plant-osm-way-402610174","lifecycleCounts":{"operational":1},"locationPrecision":"exact","name":"Elektrownia wodna Turawa","operatingCapacityCoverage":{"coveragePercent":100.0,"knownUnitCount":0,"method":"plant_aggregate","provenance":{"evidenceCount":0,"recordIds":["wattlas-record-osm-way-402610174"],"sourceIds":["openstreetmap-power"],"sourceTypes":["community_mapped"],"valueKind":"reported"},"totalUnitCount":0},"operatingCapacityMw":1.8,"operatingCapacityMwByTechnology":{"hydro":1.8},"plannedCapacityCoverage":{"coveragePercent":0.0,"knownUnitCount":0,"method":"unavailable","totalUnitCount":0},"plannedCapacityMw":0.0,"plannedCapacityMwByTechnology":{},"recordCount":1,"recordIds":["wattlas-record-osm-way-402610174"],"sourceIds":["openstreetmap-power"],"technologies":["hydro"],"technologyMixMw":{"hydro":1.8},"unitCount":0,"unitIds":[]},"type":"Feature"},{"geometry":{"coordinates":[16.843035,50.528242],"type":"Point"},"id":"wattlas-plant-osm-way-404089551","properties":{"aliases":["Gminna Instalacja Fotowoltaiczna"],"canonicalAnchor":"osm:way/404089551","canonicalCountryKey":"PL","capacityMw":5.0,"country":"PL","externalIds":{"osm":"way/404089551"},"geographyId":"PL-17162690B9130125042960","id":"wattlas-plant-osm-way-404089551","lifecycleCounts":{"operational":1},"locationPrecision":"exact","name":"Gminna Instalacja Fotowoltaiczna","operatingCapacityCoverage":{"coveragePercent":100.0,"knownUnitCount":0,"method":"plant_aggregate","provenance":{"evidenceCount":0,"recordIds":["wattlas-record-osm-way-404089551"],"sourceIds":["openstreetmap-power"],"sourceTypes":["community_mapped"],"valueKind":"reported"},"totalUnitCount":0},"operatingCapacityMw":5.0,"operatingCapacityMwByTechnology":{"solar":5.0},"plannedCapacityCoverage":{"coveragePercent":0.0,"knownUnitCount":0,"method":"unavailable","totalUnitCount":0},"plannedCapacityMw":0.0,"plannedCapacityMwByTechnology":{},"recordCount":1,"recordIds":["wattlas-record-osm-way-404089551"],"sourceIds":["openstreetmap-power"],"technologies":["solar"],"technologyMixMw":{"solar":5.0},"unitCount":0,"unitIds":[]},"type":"Feature"},{"geometry":{"coordinates":[16.080899,51.187715],"type":"Point"},"id":"wattlas-plant-osm-way-407775184","properties":{"aliases":["Farma fotowoltaiczna Pawłowice Małe"],"canonicalAnchor":"osm:way/407775184","canonicalCountryKey":"PL","capacityMw":1.0,"country":"PL","externalIds":{"osm":"way/407775184"},"geographyId":"PL-17162690B9130125042960","id":"wattlas-plant-osm-way-407775184","lifecycleCounts":{"operational":1},"locationPrecision":"exact","name":"Farma fotowoltaiczna Pawłowice Małe","operatingCapacityCoverage":{"coveragePercent":100.0,"knownUnitCount":0,"method":"plant_aggregate","provenance":{"evidenceCount":0,"recordIds":["wattlas-record-osm-way-407775184"],"sourceIds":["openstreetmap-power"],"sourceTypes":["community_mapped"],"valueKind":"reported"},"totalUnitCount":0},"operatingCapacityMw":1.0,"operatingCapacityMwByTechnology":{"solar":1.0},"plannedCapacityCoverage":{"coveragePercent":0.0,"knownUnitCount":0,"method":"unavailable","totalUnitCount":0},"plannedCapacityMw":0.0,"plannedCapacityMwByTechnology":{},"recordCount":1,"recordIds":["wattlas-record-osm-way-407775184"],"sourceIds":["openstreetmap-power"],"technologies":["solar"],"technologyMixMw":{"solar":1.0},"unitCount":0,"unitIds":[]},"type":"Feature"},{"geometry":{"coordinates":[17.955619,53.228056],"type":"Point"},"id":"wattlas-plant-osm-way-424699615","properties":{"aliases":["Elektrownia Wodna Tryszczyn"],"canonicalAnchor":"osm:way/424699615","canonicalCountryKey":"PL","capacityMw":3.3,"country":"PL","externalIds":{"osm":"way/424699615"},"geographyId":"PL-17162690B37876665907262","id":"wattlas-plant-osm-way-424699615","lifecycleCounts":{"operational":1},"locationPrecision":"exact","name":"Elektrownia Wodna Tryszczyn","operatingCapacityCoverage":{"coveragePercent":100.0,"knownUnitCount":0,"method":"plant_aggregate","provenance":{"evidenceCount":0,"recordIds":["wattlas-record-osm-way-424699615"],"sourceIds":["openstreetmap-power"],"sourceTypes":["community_mapped"],"valueKind":"reported"},"totalUnitCount":0},"operatingCapacityMw":3.3,"operatingCapacityMwByTechnology":{"hydro":3.3},"plannedCapacityCoverage":{"coveragePercent":0.0,"knownUnitCount":0,"method":"unavailable","totalUnitCount":0},"plannedCapacityMw":0.0,"plannedCapacityMwByTechnology":{},"recordCount":1,"recordIds":["wattlas-record-osm-way-424699615"],"sourceIds":["openstreetmap-power"],"technologies":["hydro"],"technologyMixMw":{"hydro":3.3},"unitCount":0,"unitIds":[]},"type":"Feature"},{"geometry":{"coordinates":[14.858063,53.782907],"type":"Point"},"id":"wattlas-plant-osm-way-431867902","properties":{"aliases":["Mała Elektrownia Wodna"],"canonicalAnchor":"osm:way/431867902","canonicalCountryKey":"PL","capacityMw":0.0,"country":"PL","externalIds":{"osm":"way/431867902"},"geographyId":"PL-17162690B34878575347312","id":"wattlas-plant-osm-way-431867902","lifecycleCounts":{"operational":1},"locationPrecision":"exact","name":"Mała Elektrownia Wodna","operatingCapacityCoverage":{"coveragePercent":0.0,"knownUnitCount":0,"method":"unavailable","totalUnitCount":0},"operatingCapacityMw":0.0,"operatingCapacityMwByTechnology":{},"plannedCapacityCoverage":{"coveragePercent":0.0,"knownUnitCount":0,"method":"unavailable","totalUnitCount":0},"plannedCapacityMw":0.0,"plannedCapacityMwByTechnology":{},"recordCount":1,"recordIds":["wattlas-record-osm-way-431867902"],"sourceIds":["openstreetmap-power"],"technologies":["hydro"],"technologyMixMw":{"hydro":0.0},"unitCount":0,"unitIds":[]},"type":"Feature"},{"geometry":{"coordinates":[17.22924,54.468855],"type":"Point"},"id":"wattlas-plant-osm-way-432963422","properties":{"aliases":["Farma fotowoltaiczna Zagórzyca"],"canonicalAnchor":"osm:way/432963422","canonicalCountryKey":"PL","capacityMw":60.0,"country":"PL","externalIds":{"osm":"way/432963422"},"geographyId":"PL-17162690B77437931625010","id":"wattlas-plant-osm-way-432963422","lifecycleCounts":{"operational":1},"locationPrecision":"exact","name":"Farma fotowoltaiczna Zagórzyca","operatingCapacityCoverage":{"coveragePercent":100.0,"knownUnitCount":0,"method":"plant_aggregate","provenance":{"evidenceCount":0,"recordIds":["wattlas-record-osm-way-432963422"],"sourceIds":["openstreetmap-power"],"sourceTypes":["community_mapped"],"valueKind":"reported"},"totalUnitCount":0},"operatingCapacityMw":60.0,"operatingCapacityMwByTechnology":{"solar":60.0},"plannedCapacityCoverage":{"coveragePercent":0.0,"knownUnitCount":0,"method":"unavailable","totalUnitCount":0},"plannedCapacityMw":0.0,"plannedCapacityMwByTechnology":{},"recordCount":1,"recordIds":["wattlas-record-osm-way-432963422"],"sourceIds":["openstreetmap-power"],"technologies":["solar"],"technologyMixMw":{"solar":60.0},"unitCount":0,"unitIds":[]},"type":"Feature"},{"geometry":{"coordinates":[18.423827,54.791487],"type":"Point"},"id":"wattlas-plant-osm-way-438966088","properties":{"aliases":["Elektrociepłownia Władysławowo"],"canonicalAnchor":"osm:way/438966088","canonicalCountryKey":"PL","capacityMw":11.0,"country":"PL","externalIds":{"osm":"way/438966088"},"geographyId":"PL-17162690B77437931625010","id":"wattlas-plant-osm-way-438966088","lifecycleCounts":{"operational":1},"locationPrecision":"exact","name":"Elektrociepłownia Władysławowo","operatingCapacityCoverage":{"coveragePercent":100.0,"knownUnitCount":0,"method":"plant_aggregate","provenance":{"evidenceCount":0,"recordIds":["wattlas-record-osm-way-438966088"],"sourceIds":["openstreetmap-power"],"sourceTypes":["community_mapped"],"valueKind":"reported"},"totalUnitCount":0},"operatingCapacityMw":11.0,"operatingCapacityMwByTechnology":{"gas":11.0},"plannedCapacityCoverage":{"coveragePercent":0.0,"knownUnitCount":0,"method":"unavailable","totalUnitCount":0},"plannedCapacityMw":0.0,"plannedCapacityMwByTechnology":{},"recordCount":1,"recordIds":["wattlas-record-osm-way-438966088"],"sourceIds":["openstreetmap-power"],"technologies":["gas"],"technologyMixMw":{"gas":11.0},"unitCount":0,"unitIds":[]},"type":"Feature"},{"geometry":{"coordinates":[23.107692,51.846748],"type":"Point"},"id":"wattlas-plant-osm-way-444546918","properties":{"aliases":["Biogazownia Kożanówka"],"canonicalAnchor":"osm:way/444546918","canonicalCountryKey":"PL","capacityMw":0.0,"country":"PL","externalIds":{"osm":"way/444546918"},"geographyId":"PL-17162690B69262761487853","id":"wattlas-plant-osm-way-444546918","lifecycleCounts":{"operational":1},"locationPrecision":"exact","name":"Biogazownia Kożanówka","operatingCapacityCoverage":{"coveragePercent":0.0,"knownUnitCount":0,"method":"unavailable","totalUnitCount":0},"operatingCapacityMw":0.0,"operatingCapacityMwByTechnology":{},"plannedCapacityCoverage":{"coveragePercent":0.0,"knownUnitCount":0,"method":"unavailable","totalUnitCount":0},"plannedCapacityMw":0.0,"plannedCapacityMwByTechnology":{},"recordCount":1,"recordIds":["wattlas-record-osm-way-444546918"],"sourceIds":["openstreetmap-power"],"technologies":["biomass"],"technologyMixMw":{"biomass":0.0},"unitCount":0,"unitIds":[]},"type":"Feature"},{"geometry":{"coordinates":[18.745839,53.490876],"type":"Point"},"id":"wattlas-plant-osm-way-444906960","properties":{"aliases":["Mała Elektrownia Wodna Trynka"],"canonicalAnchor":"osm:way/444906960","canonicalCountryKey":"PL","capacityMw":0.0,"country":"PL","externalIds":{"osm":"way/444906960"},"geographyId":"PL-17162690B37876665907262","id":"wattlas-plant-osm-way-444906960","lifecycleCounts":{"operational":1},"locationPrecision":"exact","name":"Mała Elektrownia Wodna Trynka","operatingCapacityCoverage":{"coveragePercent":0.0,"knownUnitCount":0,"method":"unavailable","totalUnitCount":0},"operatingCapacityMw":0.0,"operatingCapacityMwByTechnology":{},"plannedCapacityCoverage":{"coveragePercent":0.0,"knownUnitCount":0,"method":"unavailable","totalUnitCount":0},"plannedCapacityMw":0.0,"plannedCapacityMwByTechnology":{},"recordCount":1,"recordIds":["wattlas-record-osm-way-444906960"],"sourceIds":["openstreetmap-power"],"technologies":["hydro"],"technologyMixMw":{"hydro":0.0},"unitCount":0,"unitIds":[]},"type":"Feature"},{"geometry":{"coordinates":[14.594241,53.425356],"type":"Point"},"id":"wattlas-plant-osm-way-455838856","properties":{"aliases":["EcoGenerator – Zakład Unieszkodliwiania Odpadów"],"canonicalAnchor":"osm:way/455838856","canonicalCountryKey":"PL","capacityMw":7.0,"country":"PL","externalIds":{"osm":"way/455838856"},"geographyId":"PL-17162690B34878575347312","id":"wattlas-plant-osm-way-455838856","lifecycleCounts":{"operational":1},"locationPrecision":"exact","name":"EcoGenerator – Zakład Unieszkodliwiania Odpadów","operatingCapacityCoverage":{"coveragePercent":100.0,"knownUnitCount":0,"method":"plant_aggregate","provenance":{"evidenceCount":0,"recordIds":["wattlas-record-osm-way-455838856"],"sourceIds":["openstreetmap-power"],"sourceTypes":["community_mapped"],"valueKind":"reported"},"totalUnitCount":0},"operatingCapacityMw":7.0,"operatingCapacityMwByTechnology":{"other":7.0},"plannedCapacityCoverage":{"coveragePercent":0.0,"knownUnitCount":0,"method":"unavailable","totalUnitCount":0},"plannedCapacityMw":0.0,"plannedCapacityMwByTechnology":{},"recordCount":1,"recordIds":["wattlas-record-osm-way-455838856"],"sourceIds":["openstreetmap-power"],"technologies":["other"],"technologyMixMw":{"other":7.0},"unitCount":0,"unitIds":[]},"type":"Feature"},{"geometry":{"coordinates":[20.984064,50.036894],"type":"Point"},"id":"wattlas-plant-osm-way-45890005","properties":{"aliases":["MPEC S.A. Elektrociepłownia Piaskówka"],"canonicalAnchor":"osm:way/45890005","canonicalCountryKey":"PL","capacityMw":3.75,"country":"PL","externalIds":{"osm":"way/45890005"},"geographyId":"PL-17162690B67655395900928","id":"wattlas-plant-osm-way-45890005","lifecycleCounts":{"operational":1},"locationPrecision":"exact","name":"MPEC S.A. Elektrociepłownia Piaskówka","operatingCapacityCoverage":{"coveragePercent":100.0,"knownUnitCount":0,"method":"plant_aggregate","provenance":{"evidenceCount":0,"recordIds":["wattlas-record-osm-way-45890005"],"sourceIds":["openstreetmap-power"],"sourceTypes":["community_mapped"],"valueKind":"reported"},"totalUnitCount":0},"operatingCapacityMw":3.75,"operatingCapacityMwByTechnology":{"gas":3.75},"plannedCapacityCoverage":{"coveragePercent":0.0,"knownUnitCount":0,"method":"unavailable","totalUnitCount":0},"plannedCapacityMw":0.0,"plannedCapacityMwByTechnology":{},"recordCount":1,"recordIds":["wattlas-record-osm-way-45890005"],"sourceIds":["openstreetmap-power"],"technologies":["gas"],"technologyMixMw":{"gas":3.75},"unitCount":0,"unitIds":[]},"type":"Feature"},{"geometry":{"coordinates":[19.320622,51.811581],"type":"Point"},"id":"wattlas-plant-osm-way-467756271","properties":{"aliases":["Ciepłownia PGKiM Sp. z o. o."],"canonicalAnchor":"osm:way/467756271","canonicalCountryKey":"PL","capacityMw":0.0,"country":"PL","externalIds":{"osm":"way/467756271"},"geographyId":"PL-17162690B86810837764805","id":"wattlas-plant-osm-way-467756271","lifecycleCounts":{"operational":1},"locationPrecision":"exact","name":"Ciepłownia PGKiM Sp. z o. o.","operatingCapacityCoverage":{"coveragePercent":0.0,"knownUnitCount":0,"method":"unavailable","totalUnitCount":0},"operatingCapacityMw":0.0,"operatingCapacityMwByTechnology":{},"plannedCapacityCoverage":{"coveragePercent":0.0,"knownUnitCount":0,"method":"unavailable","totalUnitCount":0},"plannedCapacityMw":0.0,"plannedCapacityMwByTechnology":{},"recordCount":1,"recordIds":["wattlas-record-osm-way-467756271"],"sourceIds":["openstreetmap-power"],"technologies":["other"],"technologyMixMw":{"other":0.0},"unitCount":0,"unitIds":[]},"type":"Feature"},{"geometry":{"coordinates":[19.311039,51.823846],"type":"Point"},"id":"wattlas-plant-osm-way-468688135","properties":{"aliases":["Ciepłownia w Aleksandrowie Łódzkim"],"canonicalAnchor":"osm:way/468688135","canonicalCountryKey":"PL","capacityMw":0.0,"country":"PL","externalIds":{"osm":"way/468688135"},"geographyId":"PL-17162690B86810837764805","id":"wattlas-plant-osm-way-468688135","lifecycleCounts":{"operational":1},"locationPrecision":"exact","name":"Ciepłownia w Aleksandrowie Łódzkim","operatingCapacityCoverage":{"coveragePercent":0.0,"knownUnitCount":0,"method":"unavailable","totalUnitCount":0},"operatingCapacityMw":0.0,"operatingCapacityMwByTechnology":{},"plannedCapacityCoverage":{"coveragePercent":0.0,"knownUnitCount":0,"method":"unavailable","totalUnitCount":0},"plannedCapacityMw":0.0,"plannedCapacityMwByTechnology":{},"recordCount":1,"recordIds":["wattlas-record-osm-way-468688135"],"sourceIds":["openstreetmap-power"],"technologies":["other"],"technologyMixMw":{"other":0.0},"unitCount":0,"unitIds":[]},"type":"Feature"},{"geometry":{"coordinates":[14.561148,53.553737],"type":"Point"},"id":"wattlas-plant-osm-way-480651312","properties":{"aliases":["Ciepłownia Rejonowa PEC Police"],"canonicalAnchor":"osm:way/480651312","canonicalCountryKey":"PL","capacityMw":0.0,"country":"PL","externalIds":{"osm":"way/480651312"},"geographyId":"PL-17162690B34878575347312","id":"wattlas-plant-osm-way-480651312","lifecycleCounts":{"operational":1},"locationPrecision":"exact","name":"Ciepłownia Rejonowa PEC Police","operatingCapacityCoverage":{"coveragePercent":0.0,"knownUnitCount":0,"method":"unavailable","totalUnitCount":0},"operatingCapacityMw":0.0,"operatingCapacityMwByTechnology":{},"plannedCapacityCoverage":{"coveragePercent":0.0,"knownUnitCount":0,"method":"unavailable","totalUnitCount":0},"plannedCapacityMw":0.0,"plannedCapacityMwByTechnology":{},"recordCount":1,"recordIds":["wattlas-record-osm-way-480651312"],"sourceIds":["openstreetmap-power"],"technologies":["coal"],"technologyMixMw":{"coal":0.0},"unitCount":0,"unitIds":[]},"type":"Feature"},{"geometry":{"coordinates":[18.845367,50.288904],"type":"Point"},"id":"wattlas-plant-osm-way-485925562","properties":{"aliases":["Elektrociepłownia Mikołaj"],"canonicalAnchor":"osm:way/485925562","canonicalCountryKey":"PL","capacityMw":0.0,"country":"PL","externalIds":{"osm":"way/485925562"},"geographyId":"PL-17162690B16879770934003","id":"wattlas-plant-osm-way-485925562","lifecycleCounts":{"operational":1},"locationPrecision":"exact","name":"Elektrociepłownia Mikołaj","operatingCapacityCoverage":{"coveragePercent":0.0,"knownUnitCount":0,"method":"unavailable","totalUnitCount":0},"operatingCapacityMw":0.0,"operatingCapacityMwByTechnology":{},"plannedCapacityCoverage":{"coveragePercent":0.0,"knownUnitCount":0,"method":"unavailable","totalUnitCount":0},"plannedCapacityMw":0.0,"plannedCapacityMwByTechnology":{},"recordCount":1,"recordIds":["wattlas-record-osm-way-485925562"],"sourceIds":["openstreetmap-power"],"technologies":["gas"],"technologyMixMw":{"gas":0.0},"unitCount":0,"unitIds":[]},"type":"Feature"},{"geometry":{"coordinates":[22.069717,51.807807],"type":"Point"},"id":"wattlas-plant-osm-way-537392224","properties":{"aliases":["Elektrowania słoneczna"],"canonicalAnchor":"osm:way/537392224","canonicalCountryKey":"PL","capacityMw":0.0,"country":"PL","externalIds":{"osm":"way/537392224"},"geographyId":"PL-17162690B69262761487853","id":"wattlas-plant-osm-way-537392224","lifecycleCounts":{"operational":1},"locationPrecision":"exact","name":"Elektrowania słoneczna","operatingCapacityCoverage":{"coveragePercent":0.0,"knownUnitCount":0,"method":"unavailable","totalUnitCount":0},"operatingCapacityMw":0.0,"operatingCapacityMwByTechnology":{},"plannedCapacityCoverage":{"coveragePercent":0.0,"knownUnitCount":0,"method":"unavailable","totalUnitCount":0},"plannedCapacityMw":0.0,"plannedCapacityMwByTechnology":{},"recordCount":1,"recordIds":["wattlas-record-osm-way-537392224"],"sourceIds":["openstreetmap-power"],"technologies":["solar"],"technologyMixMw":{"solar":0.0},"unitCount":0,"unitIds":[]},"type":"Feature"},{"geometry":{"coordinates":[22.592222,51.206016],"type":"Point"},"id":"wattlas-plant-osm-way-540415464","properties":{"aliases":["panele słoneczne"],"canonicalAnchor":"osm:way/540415464","canonicalCountryKey":"PL","capacityMw":0.0,"country":"PL","externalIds":{"osm":"way/540415464"},"geographyId":"PL-17162690B69262761487853","id":"wattlas-plant-osm-way-540415464","lifecycleCounts":{"operational":1},"locationPrecision":"exact","name":"panele słoneczne","operatingCapacityCoverage":{"coveragePercent":0.0,"knownUnitCount":0,"method":"unavailable","totalUnitCount":0},"operatingCapacityMw":0.0,"operatingCapacityMwByTechnology":{},"plannedCapacityCoverage":{"coveragePercent":0.0,"knownUnitCount":0,"method":"unavailable","totalUnitCount":0},"plannedCapacityMw":0.0,"plannedCapacityMwByTechnology":{},"recordCount":1,"recordIds":["wattlas-record-osm-way-540415464"],"sourceIds":["openstreetmap-power"],"technologies":["solar"],"technologyMixMw":{"solar":0.0},"unitCount":0,"unitIds":[]},"type":"Feature"},{"geometry":{"coordinates":[23.16361,51.846846],"type":"Point"},"id":"wattlas-plant-osm-way-572312595","properties":{"aliases":["Energia Dolina Zielawy"],"canonicalAnchor":"osm:way/572312595","canonicalCountryKey":"PL","capacityMw":1.4,"country":"PL","externalIds":{"osm":"way/572312595"},"geographyId":"PL-17162690B69262761487853","id":"wattlas-plant-osm-way-572312595","lifecycleCounts":{"operational":1},"locationPrecision":"exact","name":"Energia Dolina Zielawy","operatingCapacityCoverage":{"coveragePercent":100.0,"knownUnitCount":0,"method":"plant_aggregate","provenance":{"evidenceCount":0,"recordIds":["wattlas-record-osm-way-572312595"],"sourceIds":["openstreetmap-power"],"sourceTypes":["community_mapped"],"valueKind":"reported"},"totalUnitCount":0},"operatingCapacityMw":1.4,"operatingCapacityMwByTechnology":{"solar":1.4},"plannedCapacityCoverage":{"coveragePercent":0.0,"knownUnitCount":0,"method":"unavailable","totalUnitCount":0},"plannedCapacityMw":0.0,"plannedCapacityMwByTechnology":{},"recordCount":1,"recordIds":["wattlas-record-osm-way-572312595"],"sourceIds":["openstreetmap-power"],"technologies":["solar"],"technologyMixMw":{"solar":1.4},"unitCount":0,"unitIds":[]},"type":"Feature"},{"geometry":{"coordinates":[23.136977,51.875354],"type":"Point"},"id":"wattlas-plant-osm-way-572565242","properties":{"aliases":["Farma fotowoltaiczna Rossosz"],"canonicalAnchor":"osm:way/572565242","canonicalCountryKey":"PL","capacityMw":0.0,"country":"PL","externalIds":{"osm":"way/572565242"},"geographyId":"PL-17162690B69262761487853","id":"wattlas-plant-osm-way-572565242","lifecycleCounts":{"operational":1},"locationPrecision":"exact","name":"Farma fotowoltaiczna Rossosz","operatingCapacityCoverage":{"coveragePercent":0.0,"knownUnitCount":0,"method":"unavailable","totalUnitCount":0},"operatingCapacityMw":0.0,"operatingCapacityMwByTechnology":{},"plannedCapacityCoverage":{"coveragePercent":0.0,"knownUnitCount":0,"method":"unavailable","totalUnitCount":0},"plannedCapacityMw":0.0,"plannedCapacityMwByTechnology":{},"recordCount":1,"recordIds":["wattlas-record-osm-way-572565242"],"sourceIds":["openstreetmap-power"],"technologies":["solar"],"technologyMixMw":{"solar":0.0},"unitCount":0,"unitIds":[]},"type":"Feature"},{"geometry":{"coordinates":[23.095098,51.852028],"type":"Point"},"id":"wattlas-plant-osm-way-572565246","properties":{"aliases":["Bialspokodlaska Fundacja Rozwoju (PV)"],"canonicalAnchor":"osm:way/572565246","canonicalCountryKey":"PL","capacityMw":0.0,"country":"PL","externalIds":{"osm":"way/572565246"},"geographyId":"PL-17162690B69262761487853","id":"wattlas-plant-osm-way-572565246","lifecycleCounts":{"operational":1},"locationPrecision":"exact","name":"Bialspokodlaska Fundacja Rozwoju (PV)","operatingCapacityCoverage":{"coveragePercent":0.0,"knownUnitCount":0,"method":"unavailable","totalUnitCount":0},"operatingCapacityMw":0.0,"operatingCapacityMwByTechnology":{},"plannedCapacityCoverage":{"coveragePercent":0.0,"knownUnitCount":0,"method":"unavailable","totalUnitCount":0},"plannedCapacityMw":0.0,"plannedCapacityMwByTechnology":{},"recordCount":1,"recordIds":["wattlas-record-osm-way-572565246"],"sourceIds":["openstreetmap-power"],"technologies":["solar"],"technologyMixMw":{"solar":0.0},"unitCount":0,"unitIds":[]},"type":"Feature"},{"geometry":{"coordinates":[14.474923,53.49489],"type":"Point"},"id":"wattlas-plant-osm-way-578818456","properties":{"aliases":["Farma fotowoltaiczna"],"canonicalAnchor":"osm:way/578818456","canonicalCountryKey":"PL","capacityMw":0.0,"country":"PL","externalIds":{"osm":"way/578818456"},"geographyId":"PL-17162690B34878575347312","id":"wattlas-plant-osm-way-578818456","lifecycleCounts":{"operational":1},"locationPrecision":"exact","name":"Farma fotowoltaiczna","operatingCapacityCoverage":{"coveragePercent":0.0,"knownUnitCount":0,"method":"unavailable","totalUnitCount":0},"operatingCapacityMw":0.0,"operatingCapacityMwByTechnology":{},"plannedCapacityCoverage":{"coveragePercent":0.0,"knownUnitCount":0,"method":"unavailable","totalUnitCount":0},"plannedCapacityMw":0.0,"plannedCapacityMwByTechnology":{},"recordCount":1,"recordIds":["wattlas-record-osm-way-578818456"],"sourceIds":["openstreetmap-power"],"technologies":["solar"],"technologyMixMw":{"solar":0.0},"unitCount":0,"unitIds":[]},"type":"Feature"},{"geometry":{"coordinates":[23.505575,51.552603],"type":"Point"},"id":"wattlas-plant-osm-way-594888827","properties":{"aliases":["Farma fotowoltaiczna BC i SIS Włodawa"],"canonicalAnchor":"osm:way/594888827","canonicalCountryKey":"PL","capacityMw":1.0,"country":"PL","externalIds":{"osm":"way/594888827"},"geographyId":"PL-17162690B69262761487853","id":"wattlas-plant-osm-way-594888827","lifecycleCounts":{"operational":1},"locationPrecision":"exact","name":"Farma fotowoltaiczna BC i SIS Włodawa","operatingCapacityCoverage":{"coveragePercent":100.0,"knownUnitCount":0,"method":"plant_aggregate","provenance":{"evidenceCount":0,"recordIds":["wattlas-record-osm-way-594888827"],"sourceIds":["openstreetmap-power"],"sourceTypes":["community_mapped"],"valueKind":"reported"},"totalUnitCount":0},"operatingCapacityMw":1.0,"operatingCapacityMwByTechnology":{"solar":1.0},"plannedCapacityCoverage":{"coveragePercent":0.0,"knownUnitCount":0,"method":"unavailable","totalUnitCount":0},"plannedCapacityMw":0.0,"plannedCapacityMwByTechnology":{},"recordCount":1,"recordIds":["wattlas-record-osm-way-594888827"],"sourceIds":["openstreetmap-power"],"technologies":["solar"],"technologyMixMw":{"solar":1.0},"unitCount":0,"unitIds":[]},"type":"Feature"},{"geometry":{"coordinates":[18.276587,52.278189],"type":"Point"},"id":"wattlas-plant-osm-way-615203997","properties":{"aliases":["Zakład Termicznego Unieszkodliwiania Odpadów Komunalnych"],"canonicalAnchor":"osm:way/615203997","canonicalCountryKey":"PL","capacityMw":0.0,"country":"PL","externalIds":{"osm":"way/615203997"},"geographyId":"PL-17162690B71775569625336","id":"wattlas-plant-osm-way-615203997","lifecycleCounts":{"operational":1},"locationPrecision":"exact","name":"Zakład Termicznego Unieszkodliwiania Odpadów Komunalnych","operatingCapacityCoverage":{"coveragePercent":0.0,"knownUnitCount":0,"method":"unavailable","totalUnitCount":0},"operatingCapacityMw":0.0,"operatingCapacityMwByTechnology":{},"plannedCapacityCoverage":{"coveragePercent":0.0,"knownUnitCount":0,"method":"unavailable","totalUnitCount":0},"plannedCapacityMw":0.0,"plannedCapacityMwByTechnology":{},"recordCount":1,"recordIds":["wattlas-record-osm-way-615203997"],"sourceIds":["openstreetmap-power"],"technologies":["other"],"technologyMixMw":{"other":0.0},"unitCount":0,"unitIds":[]},"type":"Feature"},{"geometry":{"coordinates":[18.970426,50.267988],"type":"Point"},"id":"wattlas-plant-osm-way-650808990","properties":{"aliases":["Dalkia Polska Energia Wydział VIII - \" Kleofas \""],"canonicalAnchor":"osm:way/650808990","canonicalCountryKey":"PL","capacityMw":0.0,"country":"PL","externalIds":{"osm":"way/650808990"},"geographyId":"PL-17162690B16879770934003","id":"wattlas-plant-osm-way-650808990","lifecycleCounts":{"operational":1},"locationPrecision":"exact","name":"Dalkia Polska Energia Wydział VIII - \" Kleofas \"","operatingCapacityCoverage":{"coveragePercent":0.0,"knownUnitCount":0,"method":"unavailable","totalUnitCount":0},"operatingCapacityMw":0.0,"operatingCapacityMwByTechnology":{},"plannedCapacityCoverage":{"coveragePercent":0.0,"knownUnitCount":0,"method":"unavailable","totalUnitCount":0},"plannedCapacityMw":0.0,"plannedCapacityMwByTechnology":{},"recordCount":1,"recordIds":["wattlas-record-osm-way-650808990"],"sourceIds":["openstreetmap-power"],"technologies":["coal"],"technologyMixMw":{"coal":0.0},"unitCount":0,"unitIds":[]},"type":"Feature"},{"geometry":{"coordinates":[15.049634,52.717397],"type":"Point"},"id":"wattlas-plant-osm-way-654466343","properties":{"aliases":["Farma fotowoltaiczna Stanowice"],"canonicalAnchor":"osm:way/654466343","canonicalCountryKey":"PL","capacityMw":1.0,"country":"PL","externalIds":{"osm":"way/654466343"},"geographyId":"PL-17162690B87710404837799","id":"wattlas-plant-osm-way-654466343","lifecycleCounts":{"operational":1},"locationPrecision":"exact","name":"Farma fotowoltaiczna Stanowice","operatingCapacityCoverage":{"coveragePercent":100.0,"knownUnitCount":0,"method":"plant_aggregate","provenance":{"evidenceCount":0,"recordIds":["wattlas-record-osm-way-654466343"],"sourceIds":["openstreetmap-power"],"sourceTypes":["community_mapped"],"valueKind":"reported"},"totalUnitCount":0},"operatingCapacityMw":1.0,"operatingCapacityMwByTechnology":{"solar":1.0},"plannedCapacityCoverage":{"coveragePercent":0.0,"knownUnitCount":0,"method":"unavailable","totalUnitCount":0},"plannedCapacityMw":0.0,"plannedCapacityMwByTechnology":{},"recordCount":1,"recordIds":["wattlas-record-osm-way-654466343"],"sourceIds":["openstreetmap-power"],"technologies":["solar"],"technologyMixMw":{"solar":1.0},"unitCount":0,"unitIds":[]},"type":"Feature"},{"geometry":{"coordinates":[18.112742,53.272543],"type":"Point"},"id":"wattlas-plant-osm-way-657983959","properties":{"aliases":["Farma fotowoltaiczna Dobrcz II"],"canonicalAnchor":"osm:way/657983959","canonicalCountryKey":"PL","capacityMw":0.0,"country":"PL","externalIds":{"osm":"way/657983959"},"geographyId":"PL-17162690B37876665907262","id":"wattlas-plant-osm-way-657983959","lifecycleCounts":{"operational":1},"locationPrecision":"exact","name":"Farma fotowoltaiczna Dobrcz II","operatingCapacityCoverage":{"coveragePercent":0.0,"knownUnitCount":0,"method":"unavailable","totalUnitCount":0},"operatingCapacityMw":0.0,"operatingCapacityMwByTechnology":{},"plannedCapacityCoverage":{"coveragePercent":0.0,"knownUnitCount":0,"method":"unavailable","totalUnitCount":0},"plannedCapacityMw":0.0,"plannedCapacityMwByTechnology":{},"recordCount":1,"recordIds":["wattlas-record-osm-way-657983959"],"sourceIds":["openstreetmap-power"],"technologies":["solar"],"technologyMixMw":{"solar":0.0},"unitCount":0,"unitIds":[]},"type":"Feature"},{"geometry":{"coordinates":[18.10977,53.275374],"type":"Point"},"id":"wattlas-plant-osm-way-657983960","properties":{"aliases":["Farma fotowoltaiczna Dobrcz I"],"canonicalAnchor":"osm:way/657983960","canonicalCountryKey":"PL","capacityMw":0.0,"country":"PL","externalIds":{"osm":"way/657983960"},"geographyId":"PL-17162690B37876665907262","id":"wattlas-plant-osm-way-657983960","lifecycleCounts":{"operational":1},"locationPrecision":"exact","name":"Farma fotowoltaiczna Dobrcz I","operatingCapacityCoverage":{"coveragePercent":0.0,"knownUnitCount":0,"method":"unavailable","totalUnitCount":0},"operatingCapacityMw":0.0,"operatingCapacityMwByTechnology":{},"plannedCapacityCoverage":{"coveragePercent":0.0,"knownUnitCount":0,"method":"unavailable","totalUnitCount":0},"plannedCapacityMw":0.0,"plannedCapacityMwByTechnology":{},"recordCount":1,"recordIds":["wattlas-record-osm-way-657983960"],"sourceIds":["openstreetmap-power"],"technologies":["solar"],"technologyMixMw":{"solar":0.0},"unitCount":0,"unitIds":[]},"type":"Feature"},{"geometry":{"coordinates":[21.901762,49.585782],"type":"Point"},"id":"wattlas-plant-osm-way-658154761","properties":{"aliases":["Farma fotowoltaiczna Łazy"],"canonicalAnchor":"osm:way/658154761","canonicalCountryKey":"PL","capacityMw":1.63,"country":"PL","externalIds":{"osm":"way/658154761"},"geographyId":"PL-17162690B44985096553766","id":"wattlas-plant-osm-way-658154761","lifecycleCounts":{"operational":1},"locationPrecision":"exact","name":"Farma fotowoltaiczna Łazy","operatingCapacityCoverage":{"coveragePercent":100.0,"knownUnitCount":0,"method":"plant_aggregate","provenance":{"evidenceCount":0,"recordIds":["wattlas-record-osm-way-658154761"],"sourceIds":["openstreetmap-power"],"sourceTypes":["community_mapped"],"valueKind":"reported"},"totalUnitCount":0},"operatingCapacityMw":1.63,"operatingCapacityMwByTechnology":{"solar":1.63},"plannedCapacityCoverage":{"coveragePercent":0.0,"knownUnitCount":0,"method":"unavailable","totalUnitCount":0},"plannedCapacityMw":0.0,"plannedCapacityMwByTechnology":{},"recordCount":1,"recordIds":["wattlas-record-osm-way-658154761"],"sourceIds":["openstreetmap-power"],"technologies":["solar"],"technologyMixMw":{"solar":1.63},"unitCount":0,"unitIds":[]},"type":"Feature"},{"geometry":{"coordinates":[23.518808,51.03274],"type":"Point"},"id":"wattlas-plant-osm-way-658700164","properties":{"aliases":["Farma fotowoltaiczna"],"canonicalAnchor":"osm:way/658700164","canonicalCountryKey":"PL","capacityMw":0.0,"country":"PL","externalIds":{"osm":"way/658700164"},"geographyId":"PL-17162690B69262761487853","id":"wattlas-plant-osm-way-658700164","lifecycleCounts":{"operational":1},"locationPrecision":"exact","name":"Farma fotowoltaiczna","operatingCapacityCoverage":{"coveragePercent":0.0,"knownUnitCount":0,"method":"unavailable","totalUnitCount":0},"operatingCapacityMw":0.0,"operatingCapacityMwByTechnology":{},"plannedCapacityCoverage":{"coveragePercent":0.0,"knownUnitCount":0,"method":"unavailable","totalUnitCount":0},"plannedCapacityMw":0.0,"plannedCapacityMwByTechnology":{},"recordCount":1,"recordIds":["wattlas-record-osm-way-658700164"],"sourceIds":["openstreetmap-power"],"technologies":["solar"],"technologyMixMw":{"solar":0.0},"unitCount":0,"unitIds":[]},"type":"Feature"},{"geometry":{"coordinates":[17.372174,51.161653],"type":"Point"},"id":"wattlas-plant-osm-way-659141403","properties":{"aliases":["Farma Fotovoltaiczna"],"canonicalAnchor":"osm:way/659141403","canonicalCountryKey":"PL","capacityMw":0.0,"country":"PL","externalIds":{"osm":"way/659141403"},"geographyId":"PL-17162690B9130125042960","id":"wattlas-plant-osm-way-659141403","lifecycleCounts":{"operational":1},"locationPrecision":"exact","name":"Farma Fotovoltaiczna","operatingCapacityCoverage":{"coveragePercent":0.0,"knownUnitCount":0,"method":"unavailable","totalUnitCount":0},"operatingCapacityMw":0.0,"operatingCapacityMwByTechnology":{},"plannedCapacityCoverage":{"coveragePercent":0.0,"knownUnitCount":0,"method":"unavailable","totalUnitCount":0},"plannedCapacityMw":0.0,"plannedCapacityMwByTechnology":{},"recordCount":1,"recordIds":["wattlas-record-osm-way-659141403"],"sourceIds":["openstreetmap-power"],"technologies":["solar"],"technologyMixMw":{"solar":0.0},"unitCount":0,"unitIds":[]},"type":"Feature"},{"geometry":{"coordinates":[18.637598,51.982941],"type":"Point"},"id":"wattlas-plant-osm-way-662228246","properties":{"aliases":["Farma fotowoltaiczna Wichertów"],"canonicalAnchor":"osm:way/662228246","canonicalCountryKey":"PL","capacityMw":1.0,"country":"PL","externalIds":{"osm":"way/662228246"},"geographyId":"PL-17162690B71775569625336","id":"wattlas-plant-osm-way-662228246","lifecycleCounts":{"operational":1},"locationPrecision":"exact","name":"Farma fotowoltaiczna Wichertów","operatingCapacityCoverage":{"coveragePercent":100.0,"knownUnitCount":0,"method":"plant_aggregate","provenance":{"evidenceCount":0,"recordIds":["wattlas-record-osm-way-662228246"],"sourceIds":["openstreetmap-power"],"sourceTypes":["community_mapped"],"valueKind":"reported"},"totalUnitCount":0},"operatingCapacityMw":1.0,"operatingCapacityMwByTechnology":{"solar":1.0},"plannedCapacityCoverage":{"coveragePercent":0.0,"knownUnitCount":0,"method":"unavailable","totalUnitCount":0},"plannedCapacityMw":0.0,"plannedCapacityMwByTechnology":{},"recordCount":1,"recordIds":["wattlas-record-osm-way-662228246"],"sourceIds":["openstreetmap-power"],"technologies":["solar"],"technologyMixMw":{"solar":1.0},"unitCount":0,"unitIds":[]},"type":"Feature"},{"geometry":{"coordinates":[19.412362,51.132004],"type":"Point"},"id":"wattlas-plant-osm-way-668121114","properties":{"aliases":["Farma fotowoltaiczna ReneSoli Dobryszyce"],"canonicalAnchor":"osm:way/668121114","canonicalCountryKey":"PL","capacityMw":1.0,"country":"PL","externalIds":{"osm":"way/668121114"},"geographyId":"PL-17162690B86810837764805","id":"wattlas-plant-osm-way-668121114","lifecycleCounts":{"operational":1},"locationPrecision":"exact","name":"Farma fotowoltaiczna ReneSoli Dobryszyce","operatingCapacityCoverage":{"coveragePercent":100.0,"knownUnitCount":0,"method":"plant_aggregate","provenance":{"evidenceCount":0,"recordIds":["wattlas-record-osm-way-668121114"],"sourceIds":["openstreetmap-power"],"sourceTypes":["community_mapped"],"valueKind":"reported"},"totalUnitCount":0},"operatingCapacityMw":1.0,"operatingCapacityMwByTechnology":{"solar":1.0},"plannedCapacityCoverage":{"coveragePercent":0.0,"knownUnitCount":0,"method":"unavailable","totalUnitCount":0},"plannedCapacityMw":0.0,"plannedCapacityMwByTechnology":{},"recordCount":1,"recordIds":["wattlas-record-osm-way-668121114"],"sourceIds":["openstreetmap-power"],"technologies":["solar"],"technologyMixMw":{"solar":1.0},"unitCount":0,"unitIds":[]},"type":"Feature"},{"geometry":{"coordinates":[15.008729,51.192676],"type":"Point"},"id":"wattlas-plant-osm-way-675968964","properties":{"aliases":["Ludwigsdorf"],"canonicalAnchor":"osm:way/675968964","canonicalCountryKey":"PL","capacityMw":0.0,"country":"PL","externalIds":{"osm":"way/675968964"},"geographyId":"PL-17162690B9130125042960","id":"wattlas-plant-osm-way-675968964","lifecycleCounts":{"operational":1},"locationPrecision":"exact","name":"Ludwigsdorf","operatingCapacityCoverage":{"coveragePercent":0.0,"knownUnitCount":0,"method":"unavailable","totalUnitCount":0},"operatingCapacityMw":0.0,"operatingCapacityMwByTechnology":{},"plannedCapacityCoverage":{"coveragePercent":0.0,"knownUnitCount":0,"method":"unavailable","totalUnitCount":0},"plannedCapacityMw":0.0,"plannedCapacityMwByTechnology":{},"recordCount":1,"recordIds":["wattlas-record-osm-way-675968964"],"sourceIds":["openstreetmap-power"],"technologies":["hydro"],"technologyMixMw":{"hydro":0.0},"unitCount":0,"unitIds":[]},"type":"Feature"},{"geometry":{"coordinates":[14.761559,51.621905],"type":"Point"},"id":"wattlas-plant-osm-way-677214171","properties":{"aliases":["Elektrownia Wodna Zielisko"],"canonicalAnchor":"osm:way/677214171","canonicalCountryKey":"PL","capacityMw":1.529,"country":"PL","externalIds":{"osm":"way/677214171"},"geographyId":"PL-17162690B87710404837799","id":"wattlas-plant-osm-way-677214171","lifecycleCounts":{"operational":1},"locationPrecision":"exact","name":"Elektrownia Wodna Zielisko","operatingCapacityCoverage":{"coveragePercent":100.0,"knownUnitCount":0,"method":"plant_aggregate","provenance":{"evidenceCount":0,"recordIds":["wattlas-record-osm-way-677214171"],"sourceIds":["openstreetmap-power"],"sourceTypes":["community_mapped"],"valueKind":"reported"},"totalUnitCount":0},"operatingCapacityMw":1.529,"operatingCapacityMwByTechnology":{"hydro":1.529},"plannedCapacityCoverage":{"coveragePercent":0.0,"knownUnitCount":0,"method":"unavailable","totalUnitCount":0},"plannedCapacityMw":0.0,"plannedCapacityMwByTechnology":{},"recordCount":1,"recordIds":["wattlas-record-osm-way-677214171"],"sourceIds":["openstreetmap-power"],"technologies":["hydro"],"technologyMixMw":{"hydro":1.529},"unitCount":0,"unitIds":[]},"type":"Feature"},{"geometry":{"coordinates":[22.461316,51.651313],"type":"Point"},"id":"wattlas-plant-osm-way-677751217","properties":{"aliases":["Elektrownia fotowoltaiczna Mts Energia Sp. z o.o."],"canonicalAnchor":"osm:way/677751217","canonicalCountryKey":"PL","capacityMw":0.0,"country":"PL","externalIds":{"osm":"way/677751217"},"geographyId":"PL-17162690B69262761487853","id":"wattlas-plant-osm-way-677751217","lifecycleCounts":{"operational":1},"locationPrecision":"exact","name":"Elektrownia fotowoltaiczna Mts Energia Sp. z o.o.","operatingCapacityCoverage":{"coveragePercent":0.0,"knownUnitCount":0,"method":"unavailable","totalUnitCount":0},"operatingCapacityMw":0.0,"operatingCapacityMwByTechnology":{},"plannedCapacityCoverage":{"coveragePercent":0.0,"knownUnitCount":0,"method":"unavailable","totalUnitCount":0},"plannedCapacityMw":0.0,"plannedCapacityMwByTechnology":{},"recordCount":1,"recordIds":["wattlas-record-osm-way-677751217"],"sourceIds":["openstreetmap-power"],"technologies":["solar"],"technologyMixMw":{"solar":0.0},"unitCount":0,"unitIds":[]},"type":"Feature"},{"geometry":{"coordinates":[17.719459,51.082597],"type":"Point"},"id":"wattlas-plant-osm-way-680224485","properties":{"aliases":["Zakład Energetyki Cieplnej"],"canonicalAnchor":"osm:way/680224485","canonicalCountryKey":"PL","capacityMw":0.0,"country":"PL","externalIds":{"osm":"way/680224485"},"geographyId":"PL-17162690B67719337891950","id":"wattlas-plant-osm-way-680224485","lifecycleCounts":{"operational":1},"locationPrecision":"exact","name":"Zakład Energetyki Cieplnej","operatingCapacityCoverage":{"coveragePercent":0.0,"knownUnitCount":0,"method":"unavailable","totalUnitCount":0},"operatingCapacityMw":0.0,"operatingCapacityMwByTechnology":{},"plannedCapacityCoverage":{"coveragePercent":0.0,"knownUnitCount":0,"method":"unavailable","totalUnitCount":0},"plannedCapacityMw":0.0,"plannedCapacityMwByTechnology":{},"recordCount":1,"recordIds":["wattlas-record-osm-way-680224485"],"sourceIds":["openstreetmap-power"],"technologies":["other"],"technologyMixMw":{"other":0.0},"unitCount":0,"unitIds":[]},"type":"Feature"},{"geometry":{"coordinates":[17.728573,51.073481],"type":"Point"},"id":"wattlas-plant-osm-way-680224488","properties":{"aliases":["Zakład Energetyki Cieplnej"],"canonicalAnchor":"osm:way/680224488","canonicalCountryKey":"PL","capacityMw":0.0,"country":"PL","externalIds":{"osm":"way/680224488"},"geographyId":"PL-17162690B67719337891950","id":"wattlas-plant-osm-way-680224488","lifecycleCounts":{"operational":1},"locationPrecision":"exact","name":"Zakład Energetyki Cieplnej","operatingCapacityCoverage":{"coveragePercent":0.0,"knownUnitCount":0,"method":"unavailable","totalUnitCount":0},"operatingCapacityMw":0.0,"operatingCapacityMwByTechnology":{},"plannedCapacityCoverage":{"coveragePercent":0.0,"knownUnitCount":0,"method":"unavailable","totalUnitCount":0},"plannedCapacityMw":0.0,"plannedCapacityMwByTechnology":{},"recordCount":1,"recordIds":["wattlas-record-osm-way-680224488"],"sourceIds":["openstreetmap-power"],"technologies":["coal"],"technologyMixMw":{"coal":0.0},"unitCount":0,"unitIds":[]},"type":"Feature"},{"geometry":{"coordinates":[21.892463,51.56033],"type":"Point"},"id":"wattlas-plant-osm-way-683916740","properties":{"aliases":["Farma fotowoltaniczna \"TAYLOR\""],"canonicalAnchor":"osm:way/683916740","canonicalCountryKey":"PL","capacityMw":0.0,"country":"PL","externalIds":{"osm":"way/683916740"},"geographyId":"PL-17162690B69262761487853","id":"wattlas-plant-osm-way-683916740","lifecycleCounts":{"operational":1},"locationPrecision":"exact","name":"Farma fotowoltaniczna \"TAYLOR\"","operatingCapacityCoverage":{"coveragePercent":0.0,"knownUnitCount":0,"method":"unavailable","totalUnitCount":0},"operatingCapacityMw":0.0,"operatingCapacityMwByTechnology":{},"plannedCapacityCoverage":{"coveragePercent":0.0,"knownUnitCount":0,"method":"unavailable","totalUnitCount":0},"plannedCapacityMw":0.0,"plannedCapacityMwByTechnology":{},"recordCount":1,"recordIds":["wattlas-record-osm-way-683916740"],"sourceIds":["openstreetmap-power"],"technologies":["solar"],"technologyMixMw":{"solar":0.0},"unitCount":0,"unitIds":[]},"type":"Feature"},{"geometry":{"coordinates":[19.441521,50.887944],"type":"Point"},"id":"wattlas-plant-osm-way-684357245","properties":{"aliases":["Mała Elektrownia Wodna Karczewice"],"canonicalAnchor":"osm:way/684357245","canonicalCountryKey":"PL","capacityMw":0.0,"country":"PL","externalIds":{"osm":"way/684357245"},"geographyId":"PL-17162690B16879770934003","id":"wattlas-plant-osm-way-684357245","lifecycleCounts":{"operational":1},"locationPrecision":"exact","name":"Mała Elektrownia Wodna Karczewice","operatingCapacityCoverage":{"coveragePercent":0.0,"knownUnitCount":0,"method":"unavailable","totalUnitCount":0},"operatingCapacityMw":0.0,"operatingCapacityMwByTechnology":{},"plannedCapacityCoverage":{"coveragePercent":0.0,"knownUnitCount":0,"method":"unavailable","totalUnitCount":0},"plannedCapacityMw":0.0,"plannedCapacityMwByTechnology":{},"recordCount":1,"recordIds":["wattlas-record-osm-way-684357245"],"sourceIds":["openstreetmap-power"],"technologies":["hydro"],"technologyMixMw":{"hydro":0.0},"unitCount":0,"unitIds":[]},"type":"Feature"},{"geometry":{"coordinates":[19.398144,50.876952],"type":"Point"},"id":"wattlas-plant-osm-way-684451072","properties":{"aliases":["Mała Elektrownia Wodna Rzeki Wielkie"],"canonicalAnchor":"osm:way/684451072","canonicalCountryKey":"PL","capacityMw":0.0,"country":"PL","externalIds":{"osm":"way/684451072"},"geographyId":"PL-17162690B16879770934003","id":"wattlas-plant-osm-way-684451072","lifecycleCounts":{"operational":1},"locationPrecision":"exact","name":"Mała Elektrownia Wodna Rzeki Wielkie","operatingCapacityCoverage":{"coveragePercent":0.0,"knownUnitCount":0,"method":"unavailable","totalUnitCount":0},"operatingCapacityMw":0.0,"operatingCapacityMwByTechnology":{},"plannedCapacityCoverage":{"coveragePercent":0.0,"knownUnitCount":0,"method":"unavailable","totalUnitCount":0},"plannedCapacityMw":0.0,"plannedCapacityMwByTechnology":{},"recordCount":1,"recordIds":["wattlas-record-osm-way-684451072"],"sourceIds":["openstreetmap-power"],"technologies":["hydro"],"technologyMixMw":{"hydro":0.0},"unitCount":0,"unitIds":[]},"type":"Feature"},{"geometry":{"coordinates":[19.002965,50.775387],"type":"Point"},"id":"wattlas-plant-osm-way-691295219","properties":{"aliases":["Mapped power plant · OSM 691295219"],"canonicalAnchor":"osm:way/691295219","canonicalCountryKey":"PL","capacityMw":1.0,"country":"PL","externalIds":{"osm":"way/691295219"},"geographyId":"PL-17162690B16879770934003","id":"wattlas-plant-osm-way-691295219","lifecycleCounts":{"operational":1},"locationPrecision":"exact","name":"Mapped power plant · OSM 691295219","operatingCapacityCoverage":{"coveragePercent":100.0,"knownUnitCount":0,"method":"plant_aggregate","provenance":{"evidenceCount":0,"recordIds":["wattlas-record-osm-way-691295219"],"sourceIds":["openstreetmap-power"],"sourceTypes":["community_mapped"],"valueKind":"reported"},"totalUnitCount":0},"operatingCapacityMw":1.0,"operatingCapacityMwByTechnology":{"solar":1.0},"plannedCapacityCoverage":{"coveragePercent":0.0,"knownUnitCount":0,"method":"unavailable","totalUnitCount":0},"plannedCapacityMw":0.0,"plannedCapacityMwByTechnology":{},"recordCount":1,"recordIds":["wattlas-record-osm-way-691295219"],"sourceIds":["openstreetmap-power"],"technologies":["solar"],"technologyMixMw":{"solar":1.0},"unitCount":0,"unitIds":[]},"type":"Feature"},{"geometry":{"coordinates":[20.027129,50.927401],"type":"Point"},"id":"wattlas-plant-osm-way-691299430","properties":{"aliases":["Mapped power plant · OSM 691299430"],"canonicalAnchor":"osm:way/691299430","canonicalCountryKey":"PL","capacityMw":2.0,"country":"PL","externalIds":{"osm":"way/691299430"},"geographyId":"PL-17162690B20834640531728","id":"wattlas-plant-osm-way-691299430","lifecycleCounts":{"operational":1},"locationPrecision":"exact","name":"Mapped power plant · OSM 691299430","operatingCapacityCoverage":{"coveragePercent":100.0,"knownUnitCount":0,"method":"plant_aggregate","provenance":{"evidenceCount":0,"recordIds":["wattlas-record-osm-way-691299430"],"sourceIds":["openstreetmap-power"],"sourceTypes":["community_mapped"],"valueKind":"reported"},"totalUnitCount":0},"operatingCapacityMw":2.0,"operatingCapacityMwByTechnology":{"solar":2.0},"plannedCapacityCoverage":{"coveragePercent":0.0,"knownUnitCount":0,"method":"unavailable","totalUnitCount":0},"plannedCapacityMw":0.0,"plannedCapacityMwByTechnology":{},"recordCount":1,"recordIds":["wattlas-record-osm-way-691299430"],"sourceIds":["openstreetmap-power"],"technologies":["solar"],"technologyMixMw":{"solar":2.0},"unitCount":0,"unitIds":[]},"type":"Feature"},{"geometry":{"coordinates":[20.03075,50.927212],"type":"Point"},"id":"wattlas-plant-osm-way-691299431","properties":{"aliases":["Mapped power plant · OSM 691299431"],"canonicalAnchor":"osm:way/691299431","canonicalCountryKey":"PL","capacityMw":3.0,"country":"PL","externalIds":{"osm":"way/691299431"},"geographyId":"PL-17162690B20834640531728","id":"wattlas-plant-osm-way-691299431","lifecycleCounts":{"operational":1},"locationPrecision":"exact","name":"Mapped power plant · OSM 691299431","operatingCapacityCoverage":{"coveragePercent":100.0,"knownUnitCount":0,"method":"plant_aggregate","provenance":{"evidenceCount":0,"recordIds":["wattlas-record-osm-way-691299431"],"sourceIds":["openstreetmap-power"],"sourceTypes":["community_mapped"],"valueKind":"reported"},"totalUnitCount":0},"operatingCapacityMw":3.0,"operatingCapacityMwByTechnology":{"solar":3.0},"plannedCapacityCoverage":{"coveragePercent":0.0,"knownUnitCount":0,"method":"unavailable","totalUnitCount":0},"plannedCapacityMw":0.0,"plannedCapacityMwByTechnology":{},"recordCount":1,"recordIds":["wattlas-record-osm-way-691299431"],"sourceIds":["openstreetmap-power"],"technologies":["solar"],"technologyMixMw":{"solar":3.0},"unitCount":0,"unitIds":[]},"type":"Feature"},{"geometry":{"coordinates":[18.729824,50.683008],"type":"Point"},"id":"wattlas-plant-osm-way-691301613","properties":{"aliases":["Mapped power plant · OSM 691301613"],"canonicalAnchor":"osm:way/691301613","canonicalCountryKey":"PL","capacityMw":2.0,"country":"PL","externalIds":{"osm":"way/691301613"},"geographyId":"PL-17162690B16879770934003","id":"wattlas-plant-osm-way-691301613","lifecycleCounts":{"operational":1},"locationPrecision":"exact","name":"Mapped power plant · OSM 691301613","operatingCapacityCoverage":{"coveragePercent":100.0,"knownUnitCount":0,"method":"plant_aggregate","provenance":{"evidenceCount":0,"recordIds":["wattlas-record-osm-way-691301613"],"sourceIds":["openstreetmap-power"],"sourceTypes":["community_mapped"],"valueKind":"reported"},"totalUnitCount":0},"operatingCapacityMw":2.0,"operatingCapacityMwByTechnology":{"solar":2.0},"plannedCapacityCoverage":{"coveragePercent":0.0,"knownUnitCount":0,"method":"unavailable","totalUnitCount":0},"plannedCapacityMw":0.0,"plannedCapacityMwByTechnology":{},"recordCount":1,"recordIds":["wattlas-record-osm-way-691301613"],"sourceIds":["openstreetmap-power"],"technologies":["solar"],"technologyMixMw":{"solar":2.0},"unitCount":0,"unitIds":[]},"type":"Feature"},{"geometry":{"coordinates":[16.083431,51.886051],"type":"Point"},"id":"wattlas-plant-osm-way-698323299","properties":{"aliases":["Elektrownia fotowoltaiczna"],"canonicalAnchor":"osm:way/698323299","canonicalCountryKey":"PL","capacityMw":0.0,"country":"PL","externalIds":{"osm":"way/698323299"},"geographyId":"PL-17162690B87710404837799","id":"wattlas-plant-osm-way-698323299","lifecycleCounts":{"operational":1},"locationPrecision":"exact","name":"Elektrownia fotowoltaiczna","operatingCapacityCoverage":{"coveragePercent":0.0,"knownUnitCount":0,"method":"unavailable","totalUnitCount":0},"operatingCapacityMw":0.0,"operatingCapacityMwByTechnology":{},"plannedCapacityCoverage":{"coveragePercent":0.0,"knownUnitCount":0,"method":"unavailable","totalUnitCount":0},"plannedCapacityMw":0.0,"plannedCapacityMwByTechnology":{},"recordCount":1,"recordIds":["wattlas-record-osm-way-698323299"],"sourceIds":["openstreetmap-power"],"technologies":["solar"],"technologyMixMw":{"solar":0.0},"unitCount":0,"unitIds":[]},"type":"Feature"},{"geometry":{"coordinates":[23.429036,50.413329],"type":"Point"},"id":"wattlas-plant-osm-way-700660025","properties":{"aliases":["Farma fotowoltaiczna"],"canonicalAnchor":"osm:way/700660025","canonicalCountryKey":"PL","capacityMw":0.0,"country":"PL","externalIds":{"osm":"way/700660025"},"geographyId":"PL-17162690B69262761487853","id":"wattlas-plant-osm-way-700660025","lifecycleCounts":{"operational":1},"locationPrecision":"exact","name":"Farma fotowoltaiczna","operatingCapacityCoverage":{"coveragePercent":0.0,"knownUnitCount":0,"method":"unavailable","totalUnitCount":0},"operatingCapacityMw":0.0,"operatingCapacityMwByTechnology":{},"plannedCapacityCoverage":{"coveragePercent":0.0,"knownUnitCount":0,"method":"unavailable","totalUnitCount":0},"plannedCapacityMw":0.0,"plannedCapacityMwByTechnology":{},"recordCount":1,"recordIds":["wattlas-record-osm-way-700660025"],"sourceIds":["openstreetmap-power"],"technologies":["solar"],"technologyMixMw":{"solar":0.0},"unitCount":0,"unitIds":[]},"type":"Feature"},{"geometry":{"coordinates":[19.140538,50.303453],"type":"Point"},"id":"wattlas-plant-osm-way-70083946","properties":{"aliases":["EC Zagłębie Dąbrowskie"],"canonicalAnchor":"osm:way/70083946","canonicalCountryKey":"PL","capacityMw":0.0,"country":"PL","externalIds":{"osm":"way/70083946"},"geographyId":"PL-17162690B16879770934003","id":"wattlas-plant-osm-way-70083946","lifecycleCounts":{"operational":1},"locationPrecision":"exact","name":"EC Zagłębie Dąbrowskie","operatingCapacityCoverage":{"coveragePercent":0.0,"knownUnitCount":0,"method":"unavailable","totalUnitCount":0},"operatingCapacityMw":0.0,"operatingCapacityMwByTechnology":{},"plannedCapacityCoverage":{"coveragePercent":0.0,"knownUnitCount":0,"method":"unavailable","totalUnitCount":0},"plannedCapacityMw":0.0,"plannedCapacityMwByTechnology":{},"recordCount":1,"recordIds":["wattlas-record-osm-way-70083946"],"sourceIds":["openstreetmap-power"],"technologies":["coal"],"technologyMixMw":{"coal":0.0},"unitCount":0,"unitIds":[]},"type":"Feature"},{"geometry":{"coordinates":[16.959176,54.494084],"type":"Point"},"id":"wattlas-plant-osm-way-701642550","properties":{"aliases":["Farma fotowoltaiczna Strzelino"],"canonicalAnchor":"osm:way/701642550","canonicalCountryKey":"PL","capacityMw":45.0,"country":"PL","externalIds":{"osm":"way/701642550"},"geographyId":"PL-17162690B77437931625010","id":"wattlas-plant-osm-way-701642550","lifecycleCounts":{"operational":1},"locationPrecision":"exact","name":"Farma fotowoltaiczna Strzelino","operatingCapacityCoverage":{"coveragePercent":100.0,"knownUnitCount":0,"method":"plant_aggregate","provenance":{"evidenceCount":0,"recordIds":["wattlas-record-osm-way-701642550"],"sourceIds":["openstreetmap-power"],"sourceTypes":["community_mapped"],"valueKind":"reported"},"totalUnitCount":0},"operatingCapacityMw":45.0,"operatingCapacityMwByTechnology":{"solar":45.0},"plannedCapacityCoverage":{"coveragePercent":0.0,"knownUnitCount":0,"method":"unavailable","totalUnitCount":0},"plannedCapacityMw":0.0,"plannedCapacityMwByTechnology":{},"recordCount":1,"recordIds":["wattlas-record-osm-way-701642550"],"sourceIds":["openstreetmap-power"],"technologies":["solar"],"technologyMixMw":{"solar":45.0},"unitCount":0,"unitIds":[]},"type":"Feature"},{"geometry":{"coordinates":[18.950281,51.885867],"type":"Point"},"id":"wattlas-plant-osm-way-703842234","properties":{"aliases":["Geotermia Poddębice"],"canonicalAnchor":"osm:way/703842234","canonicalCountryKey":"PL","capacityMw":0.0,"country":"PL","externalIds":{"osm":"way/703842234"},"geographyId":"PL-17162690B86810837764805","id":"wattlas-plant-osm-way-703842234","lifecycleCounts":{"operational":1},"locationPrecision":"exact","name":"Geotermia Poddębice","operatingCapacityCoverage":{"coveragePercent":0.0,"knownUnitCount":0,"method":"unavailable","totalUnitCount":0},"operatingCapacityMw":0.0,"operatingCapacityMwByTechnology":{},"plannedCapacityCoverage":{"coveragePercent":0.0,"knownUnitCount":0,"method":"unavailable","totalUnitCount":0},"plannedCapacityMw":0.0,"plannedCapacityMwByTechnology":{},"recordCount":1,"recordIds":["wattlas-record-osm-way-703842234"],"sourceIds":["openstreetmap-power"],"technologies":["geothermal"],"technologyMixMw":{"geothermal":0.0},"unitCount":0,"unitIds":[]},"type":"Feature"},{"geometry":{"coordinates":[17.868068,54.254478],"type":"Point"},"id":"wattlas-plant-osm-way-704440438","properties":{"aliases":["PV Mściszewice"],"canonicalAnchor":"osm:way/704440438","canonicalCountryKey":"PL","capacityMw":0.0,"country":"PL","externalIds":{"osm":"way/704440438"},"geographyId":"PL-17162690B77437931625010","id":"wattlas-plant-osm-way-704440438","lifecycleCounts":{"operational":1},"locationPrecision":"exact","name":"PV Mściszewice","operatingCapacityCoverage":{"coveragePercent":0.0,"knownUnitCount":0,"method":"unavailable","totalUnitCount":0},"operatingCapacityMw":0.0,"operatingCapacityMwByTechnology":{},"plannedCapacityCoverage":{"coveragePercent":0.0,"knownUnitCount":0,"method":"unavailable","totalUnitCount":0},"plannedCapacityMw":0.0,"plannedCapacityMwByTechnology":{},"recordCount":1,"recordIds":["wattlas-record-osm-way-704440438"],"sourceIds":["openstreetmap-power"],"technologies":["solar"],"technologyMixMw":{"solar":0.0},"unitCount":0,"unitIds":[]},"type":"Feature"},{"geometry":{"coordinates":[21.914821,53.390683],"type":"Point"},"id":"wattlas-plant-osm-way-721918553","properties":{"aliases":["Podlasie Solar Park - Kolno"],"canonicalAnchor":"osm:way/721918553","canonicalCountryKey":"PL","capacityMw":0.0,"country":"PL","externalIds":{"osm":"way/721918553"},"geographyId":"PL-17162690B23777949290372","id":"wattlas-plant-osm-way-721918553","lifecycleCounts":{"operational":1},"locationPrecision":"exact","name":"Podlasie Solar Park - Kolno","operatingCapacityCoverage":{"coveragePercent":0.0,"knownUnitCount":0,"method":"unavailable","totalUnitCount":0},"operatingCapacityMw":0.0,"operatingCapacityMwByTechnology":{},"plannedCapacityCoverage":{"coveragePercent":0.0,"knownUnitCount":0,"method":"unavailable","totalUnitCount":0},"plannedCapacityMw":0.0,"plannedCapacityMwByTechnology":{},"recordCount":1,"recordIds":["wattlas-record-osm-way-721918553"],"sourceIds":["openstreetmap-power"],"technologies":["solar"],"technologyMixMw":{"solar":0.0},"unitCount":0,"unitIds":[]},"type":"Feature"},{"geometry":{"coordinates":[19.421054,51.796596],"type":"Point"},"id":"wattlas-plant-osm-way-72879900","properties":{"aliases":["Elektrociepłownia EC3"],"canonicalAnchor":"osm:way/72879900","canonicalCountryKey":"PL","capacityMw":205.0,"country":"PL","externalIds":{"osm":"way/72879900"},"geographyId":"PL-17162690B86810837764805","id":"wattlas-plant-osm-way-72879900","lifecycleCounts":{"operational":1},"locationPrecision":"exact","name":"Elektrociepłownia EC3","operatingCapacityCoverage":{"coveragePercent":100.0,"knownUnitCount":0,"method":"plant_aggregate","provenance":{"evidenceCount":0,"recordIds":["wattlas-record-osm-way-72879900"],"sourceIds":["openstreetmap-power"],"sourceTypes":["community_mapped"],"valueKind":"reported"},"totalUnitCount":0},"operatingCapacityMw":205.0,"operatingCapacityMwByTechnology":{"coal":205.0},"plannedCapacityCoverage":{"coveragePercent":0.0,"knownUnitCount":0,"method":"unavailable","totalUnitCount":0},"plannedCapacityMw":0.0,"plannedCapacityMwByTechnology":{},"recordCount":1,"recordIds":["wattlas-record-osm-way-72879900"],"sourceIds":["openstreetmap-power"],"technologies":["coal"],"technologyMixMw":{"coal":205.0},"unitCount":0,"unitIds":[]},"type":"Feature"},{"geometry":{"coordinates":[22.454207,49.396585],"type":"Point"},"id":"wattlas-plant-osm-way-758548443","properties":{"aliases":["Elektrownia Wodna Solina"],"canonicalAnchor":"osm:way/758548443","canonicalCountryKey":"PL","capacityMw":198.66,"country":"PL","externalIds":{"osm":"way/758548443"},"geographyId":"PL-17162690B44985096553766","id":"wattlas-plant-osm-way-758548443","lifecycleCounts":{"operational":1},"locationPrecision":"exact","name":"Elektrownia Wodna Solina","operatingCapacityCoverage":{"coveragePercent":100.0,"knownUnitCount":0,"method":"plant_aggregate","provenance":{"evidenceCount":0,"recordIds":["wattlas-record-osm-way-758548443"],"sourceIds":["openstreetmap-power"],"sourceTypes":["community_mapped"],"valueKind":"reported"},"totalUnitCount":0},"operatingCapacityMw":198.66,"operatingCapacityMwByTechnology":{"hydro":198.66},"plannedCapacityCoverage":{"coveragePercent":0.0,"knownUnitCount":0,"method":"unavailable","totalUnitCount":0},"plannedCapacityMw":0.0,"plannedCapacityMwByTechnology":{},"recordCount":1,"recordIds":["wattlas-record-osm-way-758548443"],"sourceIds":["openstreetmap-power"],"technologies":["hydro"],"technologyMixMw":{"hydro":198.66},"unitCount":0,"unitIds":[]},"type":"Feature"},{"geometry":{"coordinates":[23.530898,51.554975],"type":"Point"},"id":"wattlas-plant-osm-way-765366496","properties":{"aliases":["Farma PV Efekt"],"canonicalAnchor":"osm:way/765366496","canonicalCountryKey":"PL","capacityMw":1.0,"country":"PL","externalIds":{"osm":"way/765366496"},"geographyId":"PL-17162690B69262761487853","id":"wattlas-plant-osm-way-765366496","lifecycleCounts":{"operational":1},"locationPrecision":"exact","name":"Farma PV Efekt","operatingCapacityCoverage":{"coveragePercent":100.0,"knownUnitCount":0,"method":"plant_aggregate","provenance":{"evidenceCount":0,"recordIds":["wattlas-record-osm-way-765366496"],"sourceIds":["openstreetmap-power"],"sourceTypes":["community_mapped"],"valueKind":"reported"},"totalUnitCount":0},"operatingCapacityMw":1.0,"operatingCapacityMwByTechnology":{"solar":1.0},"plannedCapacityCoverage":{"coveragePercent":0.0,"knownUnitCount":0,"method":"unavailable","totalUnitCount":0},"plannedCapacityMw":0.0,"plannedCapacityMwByTechnology":{},"recordCount":1,"recordIds":["wattlas-record-osm-way-765366496"],"sourceIds":["openstreetmap-power"],"technologies":["solar"],"technologyMixMw":{"solar":1.0},"unitCount":0,"unitIds":[]},"type":"Feature"},{"geometry":{"coordinates":[14.876749,52.928202],"type":"Point"},"id":"wattlas-plant-osm-way-766363527","properties":{"aliases":["Ciepłownia SEC Myślibórz"],"canonicalAnchor":"osm:way/766363527","canonicalCountryKey":"PL","capacityMw":0.0,"country":"PL","externalIds":{"osm":"way/766363527"},"geographyId":"PL-17162690B34878575347312","id":"wattlas-plant-osm-way-766363527","lifecycleCounts":{"operational":1},"locationPrecision":"exact","name":"Ciepłownia SEC Myślibórz","operatingCapacityCoverage":{"coveragePercent":0.0,"knownUnitCount":0,"method":"unavailable","totalUnitCount":0},"operatingCapacityMw":0.0,"operatingCapacityMwByTechnology":{},"plannedCapacityCoverage":{"coveragePercent":0.0,"knownUnitCount":0,"method":"unavailable","totalUnitCount":0},"plannedCapacityMw":0.0,"plannedCapacityMwByTechnology":{},"recordCount":1,"recordIds":["wattlas-record-osm-way-766363527"],"sourceIds":["openstreetmap-power"],"technologies":["coal"],"technologyMixMw":{"coal":0.0},"unitCount":0,"unitIds":[]},"type":"Feature"},{"geometry":{"coordinates":[18.422101,54.395233],"type":"Point"},"id":"wattlas-plant-osm-way-775185733","properties":{"aliases":["PV Rębiechowo"],"canonicalAnchor":"osm:way/775185733","canonicalCountryKey":"PL","capacityMw":0.0,"country":"PL","externalIds":{"osm":"way/775185733"},"geographyId":"PL-17162690B77437931625010","id":"wattlas-plant-osm-way-775185733","lifecycleCounts":{"operational":1},"locationPrecision":"exact","name":"PV Rębiechowo","operatingCapacityCoverage":{"coveragePercent":0.0,"knownUnitCount":0,"method":"unavailable","totalUnitCount":0},"operatingCapacityMw":0.0,"operatingCapacityMwByTechnology":{},"plannedCapacityCoverage":{"coveragePercent":0.0,"knownUnitCount":0,"method":"unavailable","totalUnitCount":0},"plannedCapacityMw":0.0,"plannedCapacityMwByTechnology":{},"recordCount":1,"recordIds":["wattlas-record-osm-way-775185733"],"sourceIds":["openstreetmap-power"],"technologies":["solar"],"technologyMixMw":{"solar":0.0},"unitCount":0,"unitIds":[]},"type":"Feature"},{"geometry":{"coordinates":[14.600347,53.366723],"type":"Point"},"id":"wattlas-plant-osm-way-777434313","properties":{"aliases":["Ciepłownia Rejonowa „Sąsiedzka”"],"canonicalAnchor":"osm:way/777434313","canonicalCountryKey":"PL","capacityMw":0.0,"country":"PL","externalIds":{"osm":"way/777434313"},"geographyId":"PL-17162690B34878575347312","id":"wattlas-plant-osm-way-777434313","lifecycleCounts":{"operational":1},"locationPrecision":"exact","name":"Ciepłownia Rejonowa „Sąsiedzka”","operatingCapacityCoverage":{"coveragePercent":0.0,"knownUnitCount":0,"method":"unavailable","totalUnitCount":0},"operatingCapacityMw":0.0,"operatingCapacityMwByTechnology":{},"plannedCapacityCoverage":{"coveragePercent":0.0,"knownUnitCount":0,"method":"unavailable","totalUnitCount":0},"plannedCapacityMw":0.0,"plannedCapacityMwByTechnology":{},"recordCount":1,"recordIds":["wattlas-record-osm-way-777434313"],"sourceIds":["openstreetmap-power"],"technologies":["gas"],"technologyMixMw":{"gas":0.0},"unitCount":0,"unitIds":[]},"type":"Feature"},{"geometry":{"coordinates":[20.122108,54.232759],"type":"Point"},"id":"wattlas-plant-osm-way-777680150","properties":{"aliases":["Elektrownia wodna w Pieniężnie"],"canonicalAnchor":"osm:way/777680150","canonicalCountryKey":"PL","capacityMw":0.0,"country":"PL","externalIds":{"osm":"way/777680150"},"geographyId":"PL-17162690B18723007704312","id":"wattlas-plant-osm-way-777680150","lifecycleCounts":{"operational":1},"locationPrecision":"exact","name":"Elektrownia wodna w Pieniężnie","operatingCapacityCoverage":{"coveragePercent":0.0,"knownUnitCount":0,"method":"unavailable","totalUnitCount":0},"operatingCapacityMw":0.0,"operatingCapacityMwByTechnology":{},"plannedCapacityCoverage":{"coveragePercent":0.0,"knownUnitCount":0,"method":"unavailable","totalUnitCount":0},"plannedCapacityMw":0.0,"plannedCapacityMwByTechnology":{},"recordCount":1,"recordIds":["wattlas-record-osm-way-777680150"],"sourceIds":["openstreetmap-power"],"technologies":["hydro"],"technologyMixMw":{"hydro":0.0},"unitCount":0,"unitIds":[]},"type":"Feature"},{"geometry":{"coordinates":[22.430161,51.910361],"type":"Point"},"id":"wattlas-plant-osm-way-802950697","properties":{"aliases":["farma fotowoltaiczna"],"canonicalAnchor":"osm:way/802950697","canonicalCountryKey":"PL","capacityMw":0.0,"country":"PL","externalIds":{"osm":"way/802950697"},"geographyId":"PL-17162690B69262761487853","id":"wattlas-plant-osm-way-802950697","lifecycleCounts":{"operational":1},"locationPrecision":"exact","name":"farma fotowoltaiczna","operatingCapacityCoverage":{"coveragePercent":0.0,"knownUnitCount":0,"method":"unavailable","totalUnitCount":0},"operatingCapacityMw":0.0,"operatingCapacityMwByTechnology":{},"plannedCapacityCoverage":{"coveragePercent":0.0,"knownUnitCount":0,"method":"unavailable","totalUnitCount":0},"plannedCapacityMw":0.0,"plannedCapacityMwByTechnology":{},"recordCount":1,"recordIds":["wattlas-record-osm-way-802950697"],"sourceIds":["openstreetmap-power"],"technologies":["solar"],"technologyMixMw":{"solar":0.0},"unitCount":0,"unitIds":[]},"type":"Feature"},{"geometry":{"coordinates":[22.428901,51.910332],"type":"Point"},"id":"wattlas-plant-osm-way-802950698","properties":{"aliases":["farma fotowoltaiczna"],"canonicalAnchor":"osm:way/802950698","canonicalCountryKey":"PL","capacityMw":0.0,"country":"PL","externalIds":{"osm":"way/802950698"},"geographyId":"PL-17162690B69262761487853","id":"wattlas-plant-osm-way-802950698","lifecycleCounts":{"operational":1},"locationPrecision":"exact","name":"farma fotowoltaiczna","operatingCapacityCoverage":{"coveragePercent":0.0,"knownUnitCount":0,"method":"unavailable","totalUnitCount":0},"operatingCapacityMw":0.0,"operatingCapacityMwByTechnology":{},"plannedCapacityCoverage":{"coveragePercent":0.0,"knownUnitCount":0,"method":"unavailable","totalUnitCount":0},"plannedCapacityMw":0.0,"plannedCapacityMwByTechnology":{},"recordCount":1,"recordIds":["wattlas-record-osm-way-802950698"],"sourceIds":["openstreetmap-power"],"technologies":["solar"],"technologyMixMw":{"solar":0.0},"unitCount":0,"unitIds":[]},"type":"Feature"},{"geometry":{"coordinates":[18.729124,54.346164],"type":"Point"},"id":"wattlas-plant-osm-way-806880261","properties":{"aliases":["Elektrociepłownia gazowa"],"canonicalAnchor":"osm:way/806880261","canonicalCountryKey":"PL","capacityMw":200.0,"country":"PL","externalIds":{"osm":"way/806880261"},"geographyId":"PL-17162690B77437931625010","id":"wattlas-plant-osm-way-806880261","lifecycleCounts":{"operational":1},"locationPrecision":"exact","name":"Elektrociepłownia gazowa","operatingCapacityCoverage":{"coveragePercent":100.0,"knownUnitCount":0,"method":"plant_aggregate","provenance":{"evidenceCount":0,"recordIds":["wattlas-record-osm-way-806880261"],"sourceIds":["openstreetmap-power"],"sourceTypes":["community_mapped"],"valueKind":"reported"},"totalUnitCount":0},"operatingCapacityMw":200.0,"operatingCapacityMwByTechnology":{"gas":200.0},"plannedCapacityCoverage":{"coveragePercent":0.0,"knownUnitCount":0,"method":"unavailable","totalUnitCount":0},"plannedCapacityMw":0.0,"plannedCapacityMwByTechnology":{},"recordCount":1,"recordIds":["wattlas-record-osm-way-806880261"],"sourceIds":["openstreetmap-power"],"technologies":["gas"],"technologyMixMw":{"gas":200.0},"unitCount":0,"unitIds":[]},"type":"Feature"},{"geometry":{"coordinates":[19.531716,49.835552],"type":"Point"},"id":"wattlas-plant-osm-way-812653523","properties":{"aliases":["Elektrownia wodna Świnna Poręba"],"canonicalAnchor":"osm:way/812653523","canonicalCountryKey":"PL","capacityMw":4.4,"country":"PL","externalIds":{"osm":"way/812653523"},"geographyId":"PL-17162690B67655395900928","id":"wattlas-plant-osm-way-812653523","lifecycleCounts":{"operational":1},"locationPrecision":"exact","name":"Elektrownia wodna Świnna Poręba","operatingCapacityCoverage":{"coveragePercent":100.0,"knownUnitCount":0,"method":"plant_aggregate","provenance":{"evidenceCount":0,"recordIds":["wattlas-record-osm-way-812653523"],"sourceIds":["openstreetmap-power"],"sourceTypes":["community_mapped"],"valueKind":"reported"},"totalUnitCount":0},"operatingCapacityMw":4.4,"operatingCapacityMwByTechnology":{"hydro":4.4},"plannedCapacityCoverage":{"coveragePercent":0.0,"knownUnitCount":0,"method":"unavailable","totalUnitCount":0},"plannedCapacityMw":0.0,"plannedCapacityMwByTechnology":{},"recordCount":1,"recordIds":["wattlas-record-osm-way-812653523"],"sourceIds":["openstreetmap-power"],"technologies":["hydro"],"technologyMixMw":{"hydro":4.4},"unitCount":0,"unitIds":[]},"type":"Feature"},{"geometry":{"coordinates":[22.476353,51.648337],"type":"Point"},"id":"wattlas-plant-osm-way-813977483","properties":{"aliases":["Farma Fotowoltaiczna PTU Elektra"],"canonicalAnchor":"osm:way/813977483","canonicalCountryKey":"PL","capacityMw":0.0,"country":"PL","externalIds":{"osm":"way/813977483"},"geographyId":"PL-17162690B69262761487853","id":"wattlas-plant-osm-way-813977483","lifecycleCounts":{"operational":1},"locationPrecision":"exact","name":"Farma Fotowoltaiczna PTU Elektra","operatingCapacityCoverage":{"coveragePercent":0.0,"knownUnitCount":0,"method":"unavailable","totalUnitCount":0},"operatingCapacityMw":0.0,"operatingCapacityMwByTechnology":{},"plannedCapacityCoverage":{"coveragePercent":0.0,"knownUnitCount":0,"method":"unavailable","totalUnitCount":0},"plannedCapacityMw":0.0,"plannedCapacityMwByTechnology":{},"recordCount":1,"recordIds":["wattlas-record-osm-way-813977483"],"sourceIds":["openstreetmap-power"],"technologies":["solar"],"technologyMixMw":{"solar":0.0},"unitCount":0,"unitIds":[]},"type":"Feature"},{"geometry":{"coordinates":[19.20739,50.185058],"type":"Point"},"id":"wattlas-plant-osm-way-815666197","properties":{"aliases":["Farma fotowoltaiczna Mysłowice - Dziećkowice (etap I)"],"canonicalAnchor":"osm:way/815666197","canonicalCountryKey":"PL","capacityMw":37.0,"country":"PL","externalIds":{"osm":"way/815666197"},"geographyId":"PL-17162690B16879770934003","id":"wattlas-plant-osm-way-815666197","lifecycleCounts":{"operational":1},"locationPrecision":"exact","name":"Farma fotowoltaiczna Mysłowice - Dziećkowice (etap I)","operatingCapacityCoverage":{"coveragePercent":100.0,"knownUnitCount":0,"method":"plant_aggregate","provenance":{"evidenceCount":0,"recordIds":["wattlas-record-osm-way-815666197"],"sourceIds":["openstreetmap-power"],"sourceTypes":["community_mapped"],"valueKind":"reported"},"totalUnitCount":0},"operatingCapacityMw":37.0,"operatingCapacityMwByTechnology":{"solar":37.0},"plannedCapacityCoverage":{"coveragePercent":0.0,"knownUnitCount":0,"method":"unavailable","totalUnitCount":0},"plannedCapacityMw":0.0,"plannedCapacityMwByTechnology":{},"recordCount":1,"recordIds":["wattlas-record-osm-way-815666197"],"sourceIds":["openstreetmap-power"],"technologies":["solar"],"technologyMixMw":{"solar":37.0},"unitCount":0,"unitIds":[]},"type":"Feature"},{"geometry":{"coordinates":[14.540825,53.575701],"type":"Point"},"id":"wattlas-plant-osm-way-824288502","properties":{"aliases":["Elektrociepłownia nr 1"],"canonicalAnchor":"osm:way/824288502","canonicalCountryKey":"PL","capacityMw":37.6,"country":"PL","externalIds":{"osm":"way/824288502"},"geographyId":"PL-17162690B34878575347312","id":"wattlas-plant-osm-way-824288502","lifecycleCounts":{"operational":1},"locationPrecision":"exact","name":"Elektrociepłownia nr 1","operatingCapacityCoverage":{"coveragePercent":100.0,"knownUnitCount":0,"method":"plant_aggregate","provenance":{"evidenceCount":0,"recordIds":["wattlas-record-osm-way-824288502"],"sourceIds":["openstreetmap-power"],"sourceTypes":["community_mapped"],"valueKind":"reported"},"totalUnitCount":0},"operatingCapacityMw":37.6,"operatingCapacityMwByTechnology":{"coal":37.6},"plannedCapacityCoverage":{"coveragePercent":0.0,"knownUnitCount":0,"method":"unavailable","totalUnitCount":0},"plannedCapacityMw":0.0,"plannedCapacityMwByTechnology":{},"recordCount":1,"recordIds":["wattlas-record-osm-way-824288502"],"sourceIds":["openstreetmap-power"],"technologies":["coal"],"technologyMixMw":{"coal":37.6},"unitCount":0,"unitIds":[]},"type":"Feature"},{"geometry":{"coordinates":[17.962237,54.340352],"type":"Point"},"id":"wattlas-plant-osm-way-825852554","properties":{"aliases":["Park fotowoltaiczny w Mojuszu"],"canonicalAnchor":"osm:way/825852554","canonicalCountryKey":"PL","capacityMw":1.0,"country":"PL","externalIds":{"osm":"way/825852554"},"geographyId":"PL-17162690B77437931625010","id":"wattlas-plant-osm-way-825852554","lifecycleCounts":{"operational":1},"locationPrecision":"exact","name":"Park fotowoltaiczny w Mojuszu","operatingCapacityCoverage":{"coveragePercent":100.0,"knownUnitCount":0,"method":"plant_aggregate","provenance":{"evidenceCount":0,"recordIds":["wattlas-record-osm-way-825852554"],"sourceIds":["openstreetmap-power"],"sourceTypes":["community_mapped"],"valueKind":"reported"},"totalUnitCount":0},"operatingCapacityMw":1.0,"operatingCapacityMwByTechnology":{"solar":1.0},"plannedCapacityCoverage":{"coveragePercent":0.0,"knownUnitCount":0,"method":"unavailable","totalUnitCount":0},"plannedCapacityMw":0.0,"plannedCapacityMwByTechnology":{},"recordCount":1,"recordIds":["wattlas-record-osm-way-825852554"],"sourceIds":["openstreetmap-power"],"technologies":["solar"],"technologyMixMw":{"solar":1.0},"unitCount":0,"unitIds":[]},"type":"Feature"},{"geometry":{"coordinates":[22.476232,51.652771],"type":"Point"},"id":"wattlas-plant-osm-way-832668621","properties":{"aliases":["Farma Fotowoltaiczna PTU Elektra"],"canonicalAnchor":"osm:way/832668621","canonicalCountryKey":"PL","capacityMw":0.0,"country":"PL","externalIds":{"osm":"way/832668621"},"geographyId":"PL-17162690B69262761487853","id":"wattlas-plant-osm-way-832668621","lifecycleCounts":{"operational":1},"locationPrecision":"exact","name":"Farma Fotowoltaiczna PTU Elektra","operatingCapacityCoverage":{"coveragePercent":0.0,"knownUnitCount":0,"method":"unavailable","totalUnitCount":0},"operatingCapacityMw":0.0,"operatingCapacityMwByTechnology":{},"plannedCapacityCoverage":{"coveragePercent":0.0,"knownUnitCount":0,"method":"unavailable","totalUnitCount":0},"plannedCapacityMw":0.0,"plannedCapacityMwByTechnology":{},"recordCount":1,"recordIds":["wattlas-record-osm-way-832668621"],"sourceIds":["openstreetmap-power"],"technologies":["solar"],"technologyMixMw":{"solar":0.0},"unitCount":0,"unitIds":[]},"type":"Feature"},{"geometry":{"coordinates":[19.206533,49.747853],"type":"Point"},"id":"wattlas-plant-osm-way-837985002","properties":{"aliases":["Elektrownia Wodna Tresna"],"canonicalAnchor":"osm:way/837985002","canonicalCountryKey":"PL","capacityMw":21.0,"country":"PL","externalIds":{"osm":"way/837985002"},"geographyId":"PL-17162690B16879770934003","id":"wattlas-plant-osm-way-837985002","lifecycleCounts":{"operational":1},"locationPrecision":"exact","name":"Elektrownia Wodna Tresna","operatingCapacityCoverage":{"coveragePercent":100.0,"knownUnitCount":0,"method":"plant_aggregate","provenance":{"evidenceCount":0,"recordIds":["wattlas-record-osm-way-837985002"],"sourceIds":["openstreetmap-power"],"sourceTypes":["community_mapped"],"valueKind":"reported"},"totalUnitCount":0},"operatingCapacityMw":21.0,"operatingCapacityMwByTechnology":{"hydro":21.0},"plannedCapacityCoverage":{"coveragePercent":0.0,"knownUnitCount":0,"method":"unavailable","totalUnitCount":0},"plannedCapacityMw":0.0,"plannedCapacityMwByTechnology":{},"recordCount":1,"recordIds":["wattlas-record-osm-way-837985002"],"sourceIds":["openstreetmap-power"],"technologies":["hydro"],"technologyMixMw":{"hydro":21.0},"unitCount":0,"unitIds":[]},"type":"Feature"},{"geometry":{"coordinates":[19.732643,54.329633],"type":"Point"},"id":"wattlas-plant-osm-way-838084251","properties":{"aliases":["Frombork II"],"canonicalAnchor":"osm:way/838084251","canonicalCountryKey":"PL","capacityMw":1.0,"country":"PL","externalIds":{"osm":"way/838084251"},"geographyId":"PL-17162690B18723007704312","id":"wattlas-plant-osm-way-838084251","lifecycleCounts":{"operational":1},"locationPrecision":"exact","name":"Frombork II","operatingCapacityCoverage":{"coveragePercent":100.0,"knownUnitCount":0,"method":"plant_aggregate","provenance":{"evidenceCount":0,"recordIds":["wattlas-record-osm-way-838084251"],"sourceIds":["openstreetmap-power"],"sourceTypes":["community_mapped"],"valueKind":"reported"},"totalUnitCount":0},"operatingCapacityMw":1.0,"operatingCapacityMwByTechnology":{"solar":1.0},"plannedCapacityCoverage":{"coveragePercent":0.0,"knownUnitCount":0,"method":"unavailable","totalUnitCount":0},"plannedCapacityMw":0.0,"plannedCapacityMwByTechnology":{},"recordCount":1,"recordIds":["wattlas-record-osm-way-838084251"],"sourceIds":["openstreetmap-power"],"technologies":["solar"],"technologyMixMw":{"solar":1.0},"unitCount":0,"unitIds":[]},"type":"Feature"},{"geometry":{"coordinates":[19.723914,54.342582],"type":"Point"},"id":"wattlas-plant-osm-way-838084252","properties":{"aliases":["Frombork I"],"canonicalAnchor":"osm:way/838084252","canonicalCountryKey":"PL","capacityMw":1.0,"country":"PL","externalIds":{"osm":"way/838084252"},"geographyId":"PL-17162690B18723007704312","id":"wattlas-plant-osm-way-838084252","lifecycleCounts":{"operational":1},"locationPrecision":"exact","name":"Frombork I","operatingCapacityCoverage":{"coveragePercent":100.0,"knownUnitCount":0,"method":"plant_aggregate","provenance":{"evidenceCount":0,"recordIds":["wattlas-record-osm-way-838084252"],"sourceIds":["openstreetmap-power"],"sourceTypes":["community_mapped"],"valueKind":"reported"},"totalUnitCount":0},"operatingCapacityMw":1.0,"operatingCapacityMwByTechnology":{"solar":1.0},"plannedCapacityCoverage":{"coveragePercent":0.0,"knownUnitCount":0,"method":"unavailable","totalUnitCount":0},"plannedCapacityMw":0.0,"plannedCapacityMwByTechnology":{},"recordCount":1,"recordIds":["wattlas-record-osm-way-838084252"],"sourceIds":["openstreetmap-power"],"technologies":["solar"],"technologyMixMw":{"solar":1.0},"unitCount":0,"unitIds":[]},"type":"Feature"},{"geometry":{"coordinates":[15.941513,51.285021],"type":"Point"},"id":"wattlas-plant-osm-way-838935400","properties":{"aliases":["PV Chojnów III"],"canonicalAnchor":"osm:way/838935400","canonicalCountryKey":"PL","capacityMw":0.0,"country":"PL","externalIds":{"osm":"way/838935400"},"geographyId":"PL-17162690B9130125042960","id":"wattlas-plant-osm-way-838935400","lifecycleCounts":{"operational":1},"locationPrecision":"exact","name":"PV Chojnów III","operatingCapacityCoverage":{"coveragePercent":0.0,"knownUnitCount":0,"method":"unavailable","totalUnitCount":0},"operatingCapacityMw":0.0,"operatingCapacityMwByTechnology":{},"plannedCapacityCoverage":{"coveragePercent":0.0,"knownUnitCount":0,"method":"unavailable","totalUnitCount":0},"plannedCapacityMw":0.0,"plannedCapacityMwByTechnology":{},"recordCount":1,"recordIds":["wattlas-record-osm-way-838935400"],"sourceIds":["openstreetmap-power"],"technologies":["solar"],"technologyMixMw":{"solar":0.0},"unitCount":0,"unitIds":[]},"type":"Feature"},{"geometry":{"coordinates":[15.940734,51.289194],"type":"Point"},"id":"wattlas-plant-osm-way-838935401","properties":{"aliases":["PV Chojnów IV"],"canonicalAnchor":"osm:way/838935401","canonicalCountryKey":"PL","capacityMw":0.0,"country":"PL","externalIds":{"osm":"way/838935401"},"geographyId":"PL-17162690B9130125042960","id":"wattlas-plant-osm-way-838935401","lifecycleCounts":{"operational":1},"locationPrecision":"exact","name":"PV Chojnów IV","operatingCapacityCoverage":{"coveragePercent":0.0,"knownUnitCount":0,"method":"unavailable","totalUnitCount":0},"operatingCapacityMw":0.0,"operatingCapacityMwByTechnology":{},"plannedCapacityCoverage":{"coveragePercent":0.0,"knownUnitCount":0,"method":"unavailable","totalUnitCount":0},"plannedCapacityMw":0.0,"plannedCapacityMwByTechnology":{},"recordCount":1,"recordIds":["wattlas-record-osm-way-838935401"],"sourceIds":["openstreetmap-power"],"technologies":["solar"],"technologyMixMw":{"solar":0.0},"unitCount":0,"unitIds":[]},"type":"Feature"},{"geometry":{"coordinates":[17.280952,50.937378],"type":"Point"},"id":"wattlas-plant-osm-way-84788452","properties":{"aliases":["Miejski Zakład Energetyki Cieplnej Oława"],"canonicalAnchor":"osm:way/84788452","canonicalCountryKey":"PL","capacityMw":0.0,"country":"PL","externalIds":{"osm":"way/84788452"},"geographyId":"PL-17162690B9130125042960","id":"wattlas-plant-osm-way-84788452","lifecycleCounts":{"operational":1},"locationPrecision":"exact","name":"Miejski Zakład Energetyki Cieplnej Oława","operatingCapacityCoverage":{"coveragePercent":0.0,"knownUnitCount":0,"method":"unavailable","totalUnitCount":0},"operatingCapacityMw":0.0,"operatingCapacityMwByTechnology":{},"plannedCapacityCoverage":{"coveragePercent":0.0,"knownUnitCount":0,"method":"unavailable","totalUnitCount":0},"plannedCapacityMw":0.0,"plannedCapacityMwByTechnology":{},"recordCount":1,"recordIds":["wattlas-record-osm-way-84788452"],"sourceIds":["openstreetmap-power"],"technologies":["coal"],"technologyMixMw":{"coal":0.0},"unitCount":0,"unitIds":[]},"type":"Feature"},{"geometry":{"coordinates":[18.377651,50.63909],"type":"Point"},"id":"wattlas-plant-osm-way-848765547","properties":{"aliases":["Mała Elektrownia Wodna Kolonowskie"],"canonicalAnchor":"osm:way/848765547","canonicalCountryKey":"PL","capacityMw":0.0,"country":"PL","externalIds":{"osm":"way/848765547"},"geographyId":"PL-17162690B67719337891950","id":"wattlas-plant-osm-way-848765547","lifecycleCounts":{"operational":1},"locationPrecision":"exact","name":"Mała Elektrownia Wodna Kolonowskie","operatingCapacityCoverage":{"coveragePercent":0.0,"knownUnitCount":0,"method":"unavailable","totalUnitCount":0},"operatingCapacityMw":0.0,"operatingCapacityMwByTechnology":{},"plannedCapacityCoverage":{"coveragePercent":0.0,"knownUnitCount":0,"method":"unavailable","totalUnitCount":0},"plannedCapacityMw":0.0,"plannedCapacityMwByTechnology":{},"recordCount":1,"recordIds":["wattlas-record-osm-way-848765547"],"sourceIds":["openstreetmap-power"],"technologies":["hydro"],"technologyMixMw":{"hydro":0.0},"unitCount":0,"unitIds":[]},"type":"Feature"},{"geometry":{"coordinates":[19.696418,52.584673],"type":"Point"},"id":"wattlas-plant-osm-way-858041878","properties":{"aliases":["Blok Gazowo Parowy"],"canonicalAnchor":"osm:way/858041878","canonicalCountryKey":"PL","capacityMw":596.0,"country":"PL","externalIds":{"osm":"way/858041878"},"geographyId":"PL-17162690B84565288021286","id":"wattlas-plant-osm-way-858041878","lifecycleCounts":{"operational":1},"locationPrecision":"exact","name":"Blok Gazowo Parowy","operatingCapacityCoverage":{"coveragePercent":100.0,"knownUnitCount":0,"method":"plant_aggregate","provenance":{"evidenceCount":0,"recordIds":["wattlas-record-osm-way-858041878"],"sourceIds":["openstreetmap-power"],"sourceTypes":["community_mapped"],"valueKind":"reported"},"totalUnitCount":0},"operatingCapacityMw":596.0,"operatingCapacityMwByTechnology":{"gas":596.0},"plannedCapacityCoverage":{"coveragePercent":0.0,"knownUnitCount":0,"method":"unavailable","totalUnitCount":0},"plannedCapacityMw":0.0,"plannedCapacityMwByTechnology":{},"recordCount":1,"recordIds":["wattlas-record-osm-way-858041878"],"sourceIds":["openstreetmap-power"],"technologies":["gas"],"technologyMixMw":{"gas":596.0},"unitCount":0,"unitIds":[]},"type":"Feature"},{"geometry":{"coordinates":[19.820697,50.030492],"type":"Point"},"id":"wattlas-plant-osm-way-860300383","properties":{"aliases":["MEW Stopień Kościuszko"],"canonicalAnchor":"osm:way/860300383","canonicalCountryKey":"PL","capacityMw":3.0,"country":"PL","externalIds":{"osm":"way/860300383"},"geographyId":"PL-17162690B67655395900928","id":"wattlas-plant-osm-way-860300383","lifecycleCounts":{"operational":1},"locationPrecision":"exact","name":"MEW Stopień Kościuszko","operatingCapacityCoverage":{"coveragePercent":100.0,"knownUnitCount":0,"method":"plant_aggregate","provenance":{"evidenceCount":0,"recordIds":["wattlas-record-osm-way-860300383"],"sourceIds":["openstreetmap-power"],"sourceTypes":["community_mapped"],"valueKind":"reported"},"totalUnitCount":0},"operatingCapacityMw":3.0,"operatingCapacityMwByTechnology":{"hydro":3.0},"plannedCapacityCoverage":{"coveragePercent":0.0,"knownUnitCount":0,"method":"unavailable","totalUnitCount":0},"plannedCapacityMw":0.0,"plannedCapacityMwByTechnology":{},"recordCount":1,"recordIds":["wattlas-record-osm-way-860300383"],"sourceIds":["openstreetmap-power"],"technologies":["hydro"],"technologyMixMw":{"hydro":3.0},"unitCount":0,"unitIds":[]},"type":"Feature"},{"geometry":{"coordinates":[19.977911,50.053015],"type":"Point"},"id":"wattlas-plant-osm-way-860300384","properties":{"aliases":["Elektrownia Wodna Dąbie"],"canonicalAnchor":"osm:way/860300384","canonicalCountryKey":"PL","capacityMw":2.94,"country":"PL","externalIds":{"osm":"way/860300384"},"geographyId":"PL-17162690B67655395900928","id":"wattlas-plant-osm-way-860300384","lifecycleCounts":{"operational":1},"locationPrecision":"exact","name":"Elektrownia Wodna Dąbie","operatingCapacityCoverage":{"coveragePercent":100.0,"knownUnitCount":0,"method":"plant_aggregate","provenance":{"evidenceCount":0,"recordIds":["wattlas-record-osm-way-860300384"],"sourceIds":["openstreetmap-power"],"sourceTypes":["community_mapped"],"valueKind":"reported"},"totalUnitCount":0},"operatingCapacityMw":2.94,"operatingCapacityMwByTechnology":{"hydro":2.94},"plannedCapacityCoverage":{"coveragePercent":0.0,"knownUnitCount":0,"method":"unavailable","totalUnitCount":0},"plannedCapacityMw":0.0,"plannedCapacityMwByTechnology":{},"recordCount":1,"recordIds":["wattlas-record-osm-way-860300384"],"sourceIds":["openstreetmap-power"],"technologies":["hydro"],"technologyMixMw":{"hydro":2.94},"unitCount":0,"unitIds":[]},"type":"Feature"},{"geometry":{"coordinates":[20.097334,50.041313],"type":"Point"},"id":"wattlas-plant-osm-way-860300385","properties":{"aliases":["Elektrownia Wodna Przewóz"],"canonicalAnchor":"osm:way/860300385","canonicalCountryKey":"PL","capacityMw":4.0,"country":"PL","externalIds":{"osm":"way/860300385"},"geographyId":"PL-17162690B67655395900928","id":"wattlas-plant-osm-way-860300385","lifecycleCounts":{"operational":1},"locationPrecision":"exact","name":"Elektrownia Wodna Przewóz","operatingCapacityCoverage":{"coveragePercent":100.0,"knownUnitCount":0,"method":"plant_aggregate","provenance":{"evidenceCount":0,"recordIds":["wattlas-record-osm-way-860300385"],"sourceIds":["openstreetmap-power"],"sourceTypes":["community_mapped"],"valueKind":"reported"},"totalUnitCount":0},"operatingCapacityMw":4.0,"operatingCapacityMwByTechnology":{"hydro":4.0},"plannedCapacityCoverage":{"coveragePercent":0.0,"knownUnitCount":0,"method":"unavailable","totalUnitCount":0},"plannedCapacityMw":0.0,"plannedCapacityMwByTechnology":{},"recordCount":1,"recordIds":["wattlas-record-osm-way-860300385"],"sourceIds":["openstreetmap-power"],"technologies":["hydro"],"technologyMixMw":{"hydro":4.0},"unitCount":0,"unitIds":[]},"type":"Feature"},{"geometry":{"coordinates":[16.220489,51.190851],"type":"Point"},"id":"wattlas-plant-osm-way-868314578","properties":{"aliases":["Farma Fotowoltaiczna Legnica-Piekary"],"canonicalAnchor":"osm:way/868314578","canonicalCountryKey":"PL","capacityMw":1.0,"country":"PL","externalIds":{"osm":"way/868314578"},"geographyId":"PL-17162690B9130125042960","id":"wattlas-plant-osm-way-868314578","lifecycleCounts":{"operational":1},"locationPrecision":"exact","name":"Farma Fotowoltaiczna Legnica-Piekary","operatingCapacityCoverage":{"coveragePercent":100.0,"knownUnitCount":0,"method":"plant_aggregate","provenance":{"evidenceCount":0,"recordIds":["wattlas-record-osm-way-868314578"],"sourceIds":["openstreetmap-power"],"sourceTypes":["community_mapped"],"valueKind":"reported"},"totalUnitCount":0},"operatingCapacityMw":1.0,"operatingCapacityMwByTechnology":{"solar":1.0},"plannedCapacityCoverage":{"coveragePercent":0.0,"knownUnitCount":0,"method":"unavailable","totalUnitCount":0},"plannedCapacityMw":0.0,"plannedCapacityMwByTechnology":{},"recordCount":1,"recordIds":["wattlas-record-osm-way-868314578"],"sourceIds":["openstreetmap-power"],"technologies":["solar"],"technologyMixMw":{"solar":1.0},"unitCount":0,"unitIds":[]},"type":"Feature"},{"geometry":{"coordinates":[20.398661,53.382534],"type":"Point"},"id":"wattlas-plant-osm-way-874419291","properties":{"aliases":["Farma fotowoltaiczna Nidzica 3"],"canonicalAnchor":"osm:way/874419291","canonicalCountryKey":"PL","capacityMw":1.0,"country":"PL","externalIds":{"osm":"way/874419291"},"geographyId":"PL-17162690B18723007704312","id":"wattlas-plant-osm-way-874419291","lifecycleCounts":{"operational":1},"locationPrecision":"exact","name":"Farma fotowoltaiczna Nidzica 3","operatingCapacityCoverage":{"coveragePercent":100.0,"knownUnitCount":0,"method":"plant_aggregate","provenance":{"evidenceCount":0,"recordIds":["wattlas-record-osm-way-874419291"],"sourceIds":["openstreetmap-power"],"sourceTypes":["community_mapped"],"valueKind":"reported"},"totalUnitCount":0},"operatingCapacityMw":1.0,"operatingCapacityMwByTechnology":{"solar":1.0},"plannedCapacityCoverage":{"coveragePercent":0.0,"knownUnitCount":0,"method":"unavailable","totalUnitCount":0},"plannedCapacityMw":0.0,"plannedCapacityMwByTechnology":{},"recordCount":1,"recordIds":["wattlas-record-osm-way-874419291"],"sourceIds":["openstreetmap-power"],"technologies":["solar"],"technologyMixMw":{"solar":1.0},"unitCount":0,"unitIds":[]},"type":"Feature"},{"geometry":{"coordinates":[20.397265,53.383003],"type":"Point"},"id":"wattlas-plant-osm-way-874419292","properties":{"aliases":["Farma fotowoltaiczna Nidzica 4"],"canonicalAnchor":"osm:way/874419292","canonicalCountryKey":"PL","capacityMw":1.0,"country":"PL","externalIds":{"osm":"way/874419292"},"geographyId":"PL-17162690B18723007704312","id":"wattlas-plant-osm-way-874419292","lifecycleCounts":{"operational":1},"locationPrecision":"exact","name":"Farma fotowoltaiczna Nidzica 4","operatingCapacityCoverage":{"coveragePercent":100.0,"knownUnitCount":0,"method":"plant_aggregate","provenance":{"evidenceCount":0,"recordIds":["wattlas-record-osm-way-874419292"],"sourceIds":["openstreetmap-power"],"sourceTypes":["community_mapped"],"valueKind":"reported"},"totalUnitCount":0},"operatingCapacityMw":1.0,"operatingCapacityMwByTechnology":{"solar":1.0},"plannedCapacityCoverage":{"coveragePercent":0.0,"knownUnitCount":0,"method":"unavailable","totalUnitCount":0},"plannedCapacityMw":0.0,"plannedCapacityMwByTechnology":{},"recordCount":1,"recordIds":["wattlas-record-osm-way-874419292"],"sourceIds":["openstreetmap-power"],"technologies":["solar"],"technologyMixMw":{"solar":1.0},"unitCount":0,"unitIds":[]},"type":"Feature"},{"geometry":{"coordinates":[20.395812,53.383491],"type":"Point"},"id":"wattlas-plant-osm-way-874419293","properties":{"aliases":["Farma fotowoltaiczna Nidzica 5"],"canonicalAnchor":"osm:way/874419293","canonicalCountryKey":"PL","capacityMw":1.0,"country":"PL","externalIds":{"osm":"way/874419293"},"geographyId":"PL-17162690B18723007704312","id":"wattlas-plant-osm-way-874419293","lifecycleCounts":{"operational":1},"locationPrecision":"exact","name":"Farma fotowoltaiczna Nidzica 5","operatingCapacityCoverage":{"coveragePercent":100.0,"knownUnitCount":0,"method":"plant_aggregate","provenance":{"evidenceCount":0,"recordIds":["wattlas-record-osm-way-874419293"],"sourceIds":["openstreetmap-power"],"sourceTypes":["community_mapped"],"valueKind":"reported"},"totalUnitCount":0},"operatingCapacityMw":1.0,"operatingCapacityMwByTechnology":{"solar":1.0},"plannedCapacityCoverage":{"coveragePercent":0.0,"knownUnitCount":0,"method":"unavailable","totalUnitCount":0},"plannedCapacityMw":0.0,"plannedCapacityMwByTechnology":{},"recordCount":1,"recordIds":["wattlas-record-osm-way-874419293"],"sourceIds":["openstreetmap-power"],"technologies":["solar"],"technologyMixMw":{"solar":1.0},"unitCount":0,"unitIds":[]},"type":"Feature"},{"geometry":{"coordinates":[20.394416,53.383968],"type":"Point"},"id":"wattlas-plant-osm-way-874419294","properties":{"aliases":["Farma fotowoltaiczna Nidzica 6"],"canonicalAnchor":"osm:way/874419294","canonicalCountryKey":"PL","capacityMw":1.0,"country":"PL","externalIds":{"osm":"way/874419294"},"geographyId":"PL-17162690B18723007704312","id":"wattlas-plant-osm-way-874419294","lifecycleCounts":{"operational":1},"locationPrecision":"exact","name":"Farma fotowoltaiczna Nidzica 6","operatingCapacityCoverage":{"coveragePercent":100.0,"knownUnitCount":0,"method":"plant_aggregate","provenance":{"evidenceCount":0,"recordIds":["wattlas-record-osm-way-874419294"],"sourceIds":["openstreetmap-power"],"sourceTypes":["community_mapped"],"valueKind":"reported"},"totalUnitCount":0},"operatingCapacityMw":1.0,"operatingCapacityMwByTechnology":{"solar":1.0},"plannedCapacityCoverage":{"coveragePercent":0.0,"knownUnitCount":0,"method":"unavailable","totalUnitCount":0},"plannedCapacityMw":0.0,"plannedCapacityMwByTechnology":{},"recordCount":1,"recordIds":["wattlas-record-osm-way-874419294"],"sourceIds":["openstreetmap-power"],"technologies":["solar"],"technologyMixMw":{"solar":1.0},"unitCount":0,"unitIds":[]},"type":"Feature"},{"geometry":{"coordinates":[20.423218,53.380665],"type":"Point"},"id":"wattlas-plant-osm-way-874419296","properties":{"aliases":["Farma fotowoltaiczna Nidzica 2"],"canonicalAnchor":"osm:way/874419296","canonicalCountryKey":"PL","capacityMw":0.0,"country":"PL","externalIds":{"osm":"way/874419296"},"geographyId":"PL-17162690B18723007704312","id":"wattlas-plant-osm-way-874419296","lifecycleCounts":{"operational":1},"locationPrecision":"exact","name":"Farma fotowoltaiczna Nidzica 2","operatingCapacityCoverage":{"coveragePercent":0.0,"knownUnitCount":0,"method":"unavailable","totalUnitCount":0},"operatingCapacityMw":0.0,"operatingCapacityMwByTechnology":{},"plannedCapacityCoverage":{"coveragePercent":0.0,"knownUnitCount":0,"method":"unavailable","totalUnitCount":0},"plannedCapacityMw":0.0,"plannedCapacityMwByTechnology":{},"recordCount":1,"recordIds":["wattlas-record-osm-way-874419296"],"sourceIds":["openstreetmap-power"],"technologies":["solar"],"technologyMixMw":{"solar":0.0},"unitCount":0,"unitIds":[]},"type":"Feature"},{"geometry":{"coordinates":[20.312931,53.577845],"type":"Point"},"id":"wattlas-plant-osm-way-878023403","properties":{"aliases":["Farma fotowoltaiczna Mierki 9"],"canonicalAnchor":"osm:way/878023403","canonicalCountryKey":"PL","capacityMw":1.0,"country":"PL","externalIds":{"osm":"way/878023403"},"geographyId":"PL-17162690B18723007704312","id":"wattlas-plant-osm-way-878023403","lifecycleCounts":{"operational":1},"locationPrecision":"exact","name":"Farma fotowoltaiczna Mierki 9","operatingCapacityCoverage":{"coveragePercent":100.0,"knownUnitCount":0,"method":"plant_aggregate","provenance":{"evidenceCount":0,"recordIds":["wattlas-record-osm-way-878023403"],"sourceIds":["openstreetmap-power"],"sourceTypes":["community_mapped"],"valueKind":"reported"},"totalUnitCount":0},"operatingCapacityMw":1.0,"operatingCapacityMwByTechnology":{"solar":1.0},"plannedCapacityCoverage":{"coveragePercent":0.0,"knownUnitCount":0,"method":"unavailable","totalUnitCount":0},"plannedCapacityMw":0.0,"plannedCapacityMwByTechnology":{},"recordCount":1,"recordIds":["wattlas-record-osm-way-878023403"],"sourceIds":["openstreetmap-power"],"technologies":["solar"],"technologyMixMw":{"solar":1.0},"unitCount":0,"unitIds":[]},"type":"Feature"},{"geometry":{"coordinates":[20.315008,53.578926],"type":"Point"},"id":"wattlas-plant-osm-way-878023404","properties":{"aliases":["Farma fotowoltaiczna Mierki 7"],"canonicalAnchor":"osm:way/878023404","canonicalCountryKey":"PL","capacityMw":1.0,"country":"PL","externalIds":{"osm":"way/878023404"},"geographyId":"PL-17162690B18723007704312","id":"wattlas-plant-osm-way-878023404","lifecycleCounts":{"operational":1},"locationPrecision":"exact","name":"Farma fotowoltaiczna Mierki 7","operatingCapacityCoverage":{"coveragePercent":100.0,"knownUnitCount":0,"method":"plant_aggregate","provenance":{"evidenceCount":0,"recordIds":["wattlas-record-osm-way-878023404"],"sourceIds":["openstreetmap-power"],"sourceTypes":["community_mapped"],"valueKind":"reported"},"totalUnitCount":0},"operatingCapacityMw":1.0,"operatingCapacityMwByTechnology":{"solar":1.0},"plannedCapacityCoverage":{"coveragePercent":0.0,"knownUnitCount":0,"method":"unavailable","totalUnitCount":0},"plannedCapacityMw":0.0,"plannedCapacityMwByTechnology":{},"recordCount":1,"recordIds":["wattlas-record-osm-way-878023404"],"sourceIds":["openstreetmap-power"],"technologies":["solar"],"technologyMixMw":{"solar":1.0},"unitCount":0,"unitIds":[]},"type":"Feature"},{"geometry":{"coordinates":[20.315847,53.577452],"type":"Point"},"id":"wattlas-plant-osm-way-878023405","properties":{"aliases":["Farma fotowoltaiczna Mierki 8"],"canonicalAnchor":"osm:way/878023405","canonicalCountryKey":"PL","capacityMw":1.0,"country":"PL","externalIds":{"osm":"way/878023405"},"geographyId":"PL-17162690B18723007704312","id":"wattlas-plant-osm-way-878023405","lifecycleCounts":{"operational":1},"locationPrecision":"exact","name":"Farma fotowoltaiczna Mierki 8","operatingCapacityCoverage":{"coveragePercent":100.0,"knownUnitCount":0,"method":"plant_aggregate","provenance":{"evidenceCount":0,"recordIds":["wattlas-record-osm-way-878023405"],"sourceIds":["openstreetmap-power"],"sourceTypes":["community_mapped"],"valueKind":"reported"},"totalUnitCount":0},"operatingCapacityMw":1.0,"operatingCapacityMwByTechnology":{"solar":1.0},"plannedCapacityCoverage":{"coveragePercent":0.0,"knownUnitCount":0,"method":"unavailable","totalUnitCount":0},"plannedCapacityMw":0.0,"plannedCapacityMwByTechnology":{},"recordCount":1,"recordIds":["wattlas-record-osm-way-878023405"],"sourceIds":["openstreetmap-power"],"technologies":["solar"],"technologyMixMw":{"solar":1.0},"unitCount":0,"unitIds":[]},"type":"Feature"},{"geometry":{"coordinates":[20.459359,53.371742],"type":"Point"},"id":"wattlas-plant-osm-way-878023406","properties":{"aliases":["Farma fotowoltaiczna Nidzica 1"],"canonicalAnchor":"osm:way/878023406","canonicalCountryKey":"PL","capacityMw":1.0,"country":"PL","externalIds":{"osm":"way/878023406"},"geographyId":"PL-17162690B18723007704312","id":"wattlas-plant-osm-way-878023406","lifecycleCounts":{"operational":1},"locationPrecision":"exact","name":"Farma fotowoltaiczna Nidzica 1","operatingCapacityCoverage":{"coveragePercent":100.0,"knownUnitCount":0,"method":"plant_aggregate","provenance":{"evidenceCount":0,"recordIds":["wattlas-record-osm-way-878023406"],"sourceIds":["openstreetmap-power"],"sourceTypes":["community_mapped"],"valueKind":"reported"},"totalUnitCount":0},"operatingCapacityMw":1.0,"operatingCapacityMwByTechnology":{"solar":1.0},"plannedCapacityCoverage":{"coveragePercent":0.0,"knownUnitCount":0,"method":"unavailable","totalUnitCount":0},"plannedCapacityMw":0.0,"plannedCapacityMwByTechnology":{},"recordCount":1,"recordIds":["wattlas-record-osm-way-878023406"],"sourceIds":["openstreetmap-power"],"technologies":["solar"],"technologyMixMw":{"solar":1.0},"unitCount":0,"unitIds":[]},"type":"Feature"},{"geometry":{"coordinates":[18.074473,51.807747],"type":"Point"},"id":"wattlas-plant-osm-way-880511129","properties":{"aliases":["Farma fotowoltaiczna"],"canonicalAnchor":"osm:way/880511129","canonicalCountryKey":"PL","capacityMw":1.0,"country":"PL","externalIds":{"osm":"way/880511129"},"geographyId":"PL-17162690B71775569625336","id":"wattlas-plant-osm-way-880511129","lifecycleCounts":{"operational":1},"locationPrecision":"exact","name":"Farma fotowoltaiczna","operatingCapacityCoverage":{"coveragePercent":100.0,"knownUnitCount":0,"method":"plant_aggregate","provenance":{"evidenceCount":0,"recordIds":["wattlas-record-osm-way-880511129"],"sourceIds":["openstreetmap-power"],"sourceTypes":["community_mapped"],"valueKind":"reported"},"totalUnitCount":0},"operatingCapacityMw":1.0,"operatingCapacityMwByTechnology":{"solar":1.0},"plannedCapacityCoverage":{"coveragePercent":0.0,"knownUnitCount":0,"method":"unavailable","totalUnitCount":0},"plannedCapacityMw":0.0,"plannedCapacityMwByTechnology":{},"recordCount":1,"recordIds":["wattlas-record-osm-way-880511129"],"sourceIds":["openstreetmap-power"],"technologies":["solar"],"technologyMixMw":{"solar":1.0},"unitCount":0,"unitIds":[]},"type":"Feature"},{"geometry":{"coordinates":[16.547336,51.245267],"type":"Point"},"id":"wattlas-plant-osm-way-890461270","properties":{"aliases":["Elektrownia wodna Malczyce"],"canonicalAnchor":"osm:way/890461270","canonicalCountryKey":"PL","capacityMw":9.0,"country":"PL","externalIds":{"osm":"way/890461270"},"geographyId":"PL-17162690B9130125042960","id":"wattlas-plant-osm-way-890461270","lifecycleCounts":{"operational":1},"locationPrecision":"exact","name":"Elektrownia wodna Malczyce","operatingCapacityCoverage":{"coveragePercent":100.0,"knownUnitCount":0,"method":"plant_aggregate","provenance":{"evidenceCount":0,"recordIds":["wattlas-record-osm-way-890461270"],"sourceIds":["openstreetmap-power"],"sourceTypes":["community_mapped"],"valueKind":"reported"},"totalUnitCount":0},"operatingCapacityMw":9.0,"operatingCapacityMwByTechnology":{"hydro":9.0},"plannedCapacityCoverage":{"coveragePercent":0.0,"knownUnitCount":0,"method":"unavailable","totalUnitCount":0},"plannedCapacityMw":0.0,"plannedCapacityMwByTechnology":{},"recordCount":1,"recordIds":["wattlas-record-osm-way-890461270"],"sourceIds":["openstreetmap-power"],"technologies":["hydro"],"technologyMixMw":{"hydro":9.0},"unitCount":0,"unitIds":[]},"type":"Feature"},{"geometry":{"coordinates":[21.984034,52.454454],"type":"Point"},"id":"wattlas-plant-osm-way-890938289","properties":{"aliases":["PGB Energetyka 2 Sp. z o. o."],"canonicalAnchor":"osm:way/890938289","canonicalCountryKey":"PL","capacityMw":0.0,"country":"PL","externalIds":{"osm":"way/890938289"},"geographyId":"PL-17162690B84565288021286","id":"wattlas-plant-osm-way-890938289","lifecycleCounts":{"operational":1},"locationPrecision":"exact","name":"PGB Energetyka 2 Sp. z o. o.","operatingCapacityCoverage":{"coveragePercent":0.0,"knownUnitCount":0,"method":"unavailable","totalUnitCount":0},"operatingCapacityMw":0.0,"operatingCapacityMwByTechnology":{},"plannedCapacityCoverage":{"coveragePercent":0.0,"knownUnitCount":0,"method":"unavailable","totalUnitCount":0},"plannedCapacityMw":0.0,"plannedCapacityMwByTechnology":{},"recordCount":1,"recordIds":["wattlas-record-osm-way-890938289"],"sourceIds":["openstreetmap-power"],"technologies":["gas"],"technologyMixMw":{"gas":0.0},"unitCount":0,"unitIds":[]},"type":"Feature"},{"geometry":{"coordinates":[15.626982,52.063842],"type":"Point"},"id":"wattlas-plant-osm-way-891998433","properties":{"aliases":["PV Sulechów"],"canonicalAnchor":"osm:way/891998433","canonicalCountryKey":"PL","capacityMw":8.0,"country":"PL","externalIds":{"osm":"way/891998433"},"geographyId":"PL-17162690B87710404837799","id":"wattlas-plant-osm-way-891998433","lifecycleCounts":{"operational":1},"locationPrecision":"exact","name":"PV Sulechów","operatingCapacityCoverage":{"coveragePercent":100.0,"knownUnitCount":0,"method":"plant_aggregate","provenance":{"evidenceCount":0,"recordIds":["wattlas-record-osm-way-891998433"],"sourceIds":["openstreetmap-power"],"sourceTypes":["community_mapped"],"valueKind":"reported"},"totalUnitCount":0},"operatingCapacityMw":8.0,"operatingCapacityMwByTechnology":{"solar":8.0},"plannedCapacityCoverage":{"coveragePercent":0.0,"knownUnitCount":0,"method":"unavailable","totalUnitCount":0},"plannedCapacityMw":0.0,"plannedCapacityMwByTechnology":{},"recordCount":1,"recordIds":["wattlas-record-osm-way-891998433"],"sourceIds":["openstreetmap-power"],"technologies":["solar"],"technologyMixMw":{"solar":8.0},"unitCount":0,"unitIds":[]},"type":"Feature"},{"geometry":{"coordinates":[17.499251,50.543511],"type":"Point"},"id":"wattlas-plant-osm-way-893162733","properties":{"aliases":["Farma fotowoltaiczna"],"canonicalAnchor":"osm:way/893162733","canonicalCountryKey":"PL","capacityMw":0.0,"country":"PL","externalIds":{"osm":"way/893162733"},"geographyId":"PL-17162690B67719337891950","id":"wattlas-plant-osm-way-893162733","lifecycleCounts":{"operational":1},"locationPrecision":"exact","name":"Farma fotowoltaiczna","operatingCapacityCoverage":{"coveragePercent":0.0,"knownUnitCount":0,"method":"unavailable","totalUnitCount":0},"operatingCapacityMw":0.0,"operatingCapacityMwByTechnology":{},"plannedCapacityCoverage":{"coveragePercent":0.0,"knownUnitCount":0,"method":"unavailable","totalUnitCount":0},"plannedCapacityMw":0.0,"plannedCapacityMwByTechnology":{},"recordCount":1,"recordIds":["wattlas-record-osm-way-893162733"],"sourceIds":["openstreetmap-power"],"technologies":["solar"],"technologyMixMw":{"solar":0.0},"unitCount":0,"unitIds":[]},"type":"Feature"},{"geometry":{"coordinates":[23.48599,51.12417],"type":"Point"},"id":"wattlas-plant-osm-way-908122162","properties":{"aliases":["Elektrociepłownia Nowe Miasto"],"canonicalAnchor":"osm:way/908122162","canonicalCountryKey":"PL","capacityMw":0.0,"country":"PL","externalIds":{"osm":"way/908122162"},"geographyId":"PL-17162690B69262761487853","id":"wattlas-plant-osm-way-908122162","lifecycleCounts":{"operational":1},"locationPrecision":"exact","name":"Elektrociepłownia Nowe Miasto","operatingCapacityCoverage":{"coveragePercent":0.0,"knownUnitCount":0,"method":"unavailable","totalUnitCount":0},"operatingCapacityMw":0.0,"operatingCapacityMwByTechnology":{},"plannedCapacityCoverage":{"coveragePercent":0.0,"knownUnitCount":0,"method":"unavailable","totalUnitCount":0},"plannedCapacityMw":0.0,"plannedCapacityMwByTechnology":{},"recordCount":1,"recordIds":["wattlas-record-osm-way-908122162"],"sourceIds":["openstreetmap-power"],"technologies":["coal"],"technologyMixMw":{"coal":0.0},"unitCount":0,"unitIds":[]},"type":"Feature"},{"geometry":{"coordinates":[15.849456,52.353564],"type":"Point"},"id":"wattlas-plant-osm-way-912453874","properties":{"aliases":["Mapped power plant · OSM 912453874"],"canonicalAnchor":"osm:way/912453874","canonicalCountryKey":"PL","capacityMw":2.0,"country":"PL","externalIds":{"osm":"way/912453874"},"geographyId":"PL-17162690B87710404837799","id":"wattlas-plant-osm-way-912453874","lifecycleCounts":{"operational":1},"locationPrecision":"exact","name":"Mapped power plant · OSM 912453874","operatingCapacityCoverage":{"coveragePercent":100.0,"knownUnitCount":0,"method":"plant_aggregate","provenance":{"evidenceCount":0,"recordIds":["wattlas-record-osm-way-912453874"],"sourceIds":["openstreetmap-power"],"sourceTypes":["community_mapped"],"valueKind":"reported"},"totalUnitCount":0},"operatingCapacityMw":2.0,"operatingCapacityMwByTechnology":{"solar":2.0},"plannedCapacityCoverage":{"coveragePercent":0.0,"knownUnitCount":0,"method":"unavailable","totalUnitCount":0},"plannedCapacityMw":0.0,"plannedCapacityMwByTechnology":{},"recordCount":1,"recordIds":["wattlas-record-osm-way-912453874"],"sourceIds":["openstreetmap-power"],"technologies":["solar"],"technologyMixMw":{"solar":2.0},"unitCount":0,"unitIds":[]},"type":"Feature"},{"geometry":{"coordinates":[20.437677,52.091136],"type":"Point"},"id":"wattlas-plant-osm-way-914000580","properties":{"aliases":["Farma fotowoltaiczna"],"canonicalAnchor":"osm:way/914000580","canonicalCountryKey":"PL","capacityMw":0.0,"country":"PL","externalIds":{"osm":"way/914000580"},"geographyId":"PL-17162690B84565288021286","id":"wattlas-plant-osm-way-914000580","lifecycleCounts":{"operational":1},"locationPrecision":"exact","name":"Farma fotowoltaiczna","operatingCapacityCoverage":{"coveragePercent":0.0,"knownUnitCount":0,"method":"unavailable","totalUnitCount":0},"operatingCapacityMw":0.0,"operatingCapacityMwByTechnology":{},"plannedCapacityCoverage":{"coveragePercent":0.0,"knownUnitCount":0,"method":"unavailable","totalUnitCount":0},"plannedCapacityMw":0.0,"plannedCapacityMwByTechnology":{},"recordCount":1,"recordIds":["wattlas-record-osm-way-914000580"],"sourceIds":["openstreetmap-power"],"technologies":["solar"],"technologyMixMw":{"solar":0.0},"unitCount":0,"unitIds":[]},"type":"Feature"},{"geometry":{"coordinates":[19.161704,52.677166],"type":"Point"},"id":"wattlas-plant-osm-way-914012572","properties":{"aliases":["Farma słoneczna w Krępinach"],"canonicalAnchor":"osm:way/914012572","canonicalCountryKey":"PL","capacityMw":0.0,"country":"PL","externalIds":{"osm":"way/914012572"},"geographyId":"PL-17162690B37876665907262","id":"wattlas-plant-osm-way-914012572","lifecycleCounts":{"operational":1},"locationPrecision":"exact","name":"Farma słoneczna w Krępinach","operatingCapacityCoverage":{"coveragePercent":0.0,"knownUnitCount":0,"method":"unavailable","totalUnitCount":0},"operatingCapacityMw":0.0,"operatingCapacityMwByTechnology":{},"plannedCapacityCoverage":{"coveragePercent":0.0,"knownUnitCount":0,"method":"unavailable","totalUnitCount":0},"plannedCapacityMw":0.0,"plannedCapacityMwByTechnology":{},"recordCount":1,"recordIds":["wattlas-record-osm-way-914012572"],"sourceIds":["openstreetmap-power"],"technologies":["solar"],"technologyMixMw":{"solar":0.0},"unitCount":0,"unitIds":[]},"type":"Feature"},{"geometry":{"coordinates":[23.510924,50.340783],"type":"Point"},"id":"wattlas-plant-osm-way-915623312","properties":{"aliases":["Farma fotowoltaiczna"],"canonicalAnchor":"osm:way/915623312","canonicalCountryKey":"PL","capacityMw":0.0,"country":"PL","externalIds":{"osm":"way/915623312"},"geographyId":"PL-17162690B69262761487853","id":"wattlas-plant-osm-way-915623312","lifecycleCounts":{"operational":1},"locationPrecision":"exact","name":"Farma fotowoltaiczna","operatingCapacityCoverage":{"coveragePercent":0.0,"knownUnitCount":0,"method":"unavailable","totalUnitCount":0},"operatingCapacityMw":0.0,"operatingCapacityMwByTechnology":{},"plannedCapacityCoverage":{"coveragePercent":0.0,"knownUnitCount":0,"method":"unavailable","totalUnitCount":0},"plannedCapacityMw":0.0,"plannedCapacityMwByTechnology":{},"recordCount":1,"recordIds":["wattlas-record-osm-way-915623312"],"sourceIds":["openstreetmap-power"],"technologies":["solar"],"technologyMixMw":{"solar":0.0},"unitCount":0,"unitIds":[]},"type":"Feature"},{"geometry":{"coordinates":[23.529072,50.343152],"type":"Point"},"id":"wattlas-plant-osm-way-915623313","properties":{"aliases":["Farma fotowoltaiczna"],"canonicalAnchor":"osm:way/915623313","canonicalCountryKey":"PL","capacityMw":0.0,"country":"PL","externalIds":{"osm":"way/915623313"},"geographyId":"PL-17162690B69262761487853","id":"wattlas-plant-osm-way-915623313","lifecycleCounts":{"operational":1},"locationPrecision":"exact","name":"Farma fotowoltaiczna","operatingCapacityCoverage":{"coveragePercent":0.0,"knownUnitCount":0,"method":"unavailable","totalUnitCount":0},"operatingCapacityMw":0.0,"operatingCapacityMwByTechnology":{},"plannedCapacityCoverage":{"coveragePercent":0.0,"knownUnitCount":0,"method":"unavailable","totalUnitCount":0},"plannedCapacityMw":0.0,"plannedCapacityMwByTechnology":{},"recordCount":1,"recordIds":["wattlas-record-osm-way-915623313"],"sourceIds":["openstreetmap-power"],"technologies":["solar"],"technologyMixMw":{"solar":0.0},"unitCount":0,"unitIds":[]},"type":"Feature"},{"geometry":{"coordinates":[16.997063,51.354041],"type":"Point"},"id":"wattlas-plant-osm-way-915725952","properties":{"aliases":["Farma fotowoltaiczna"],"canonicalAnchor":"osm:way/915725952","canonicalCountryKey":"PL","capacityMw":0.0,"country":"PL","externalIds":{"osm":"way/915725952"},"geographyId":"PL-17162690B9130125042960","id":"wattlas-plant-osm-way-915725952","lifecycleCounts":{"operational":1},"locationPrecision":"exact","name":"Farma fotowoltaiczna","operatingCapacityCoverage":{"coveragePercent":0.0,"knownUnitCount":0,"method":"unavailable","totalUnitCount":0},"operatingCapacityMw":0.0,"operatingCapacityMwByTechnology":{},"plannedCapacityCoverage":{"coveragePercent":0.0,"knownUnitCount":0,"method":"unavailable","totalUnitCount":0},"plannedCapacityMw":0.0,"plannedCapacityMwByTechnology":{},"recordCount":1,"recordIds":["wattlas-record-osm-way-915725952"],"sourceIds":["openstreetmap-power"],"technologies":["solar"],"technologyMixMw":{"solar":0.0},"unitCount":0,"unitIds":[]},"type":"Feature"},{"geometry":{"coordinates":[18.766358,50.046669],"type":"Point"},"id":"wattlas-plant-osm-way-916908835","properties":{"aliases":["Elektrociepłownia Suszec"],"canonicalAnchor":"osm:way/916908835","canonicalCountryKey":"PL","capacityMw":0.0,"country":"PL","externalIds":{"osm":"way/916908835"},"geographyId":"PL-17162690B16879770934003","id":"wattlas-plant-osm-way-916908835","lifecycleCounts":{"operational":1},"locationPrecision":"exact","name":"Elektrociepłownia Suszec","operatingCapacityCoverage":{"coveragePercent":0.0,"knownUnitCount":0,"method":"unavailable","totalUnitCount":0},"operatingCapacityMw":0.0,"operatingCapacityMwByTechnology":{},"plannedCapacityCoverage":{"coveragePercent":0.0,"knownUnitCount":0,"method":"unavailable","totalUnitCount":0},"plannedCapacityMw":0.0,"plannedCapacityMwByTechnology":{},"recordCount":1,"recordIds":["wattlas-record-osm-way-916908835"],"sourceIds":["openstreetmap-power"],"technologies":["gas"],"technologyMixMw":{"gas":0.0},"unitCount":0,"unitIds":[]},"type":"Feature"},{"geometry":{"coordinates":[18.694386,49.967192],"type":"Point"},"id":"wattlas-plant-osm-way-916908836","properties":{"aliases":["Elektrociepłownia Pniówek"],"canonicalAnchor":"osm:way/916908836","canonicalCountryKey":"PL","capacityMw":0.0,"country":"PL","externalIds":{"osm":"way/916908836"},"geographyId":"PL-17162690B16879770934003","id":"wattlas-plant-osm-way-916908836","lifecycleCounts":{"operational":1},"locationPrecision":"exact","name":"Elektrociepłownia Pniówek","operatingCapacityCoverage":{"coveragePercent":0.0,"knownUnitCount":0,"method":"unavailable","totalUnitCount":0},"operatingCapacityMw":0.0,"operatingCapacityMwByTechnology":{},"plannedCapacityCoverage":{"coveragePercent":0.0,"knownUnitCount":0,"method":"unavailable","totalUnitCount":0},"plannedCapacityMw":0.0,"plannedCapacityMwByTechnology":{},"recordCount":1,"recordIds":["wattlas-record-osm-way-916908836"],"sourceIds":["openstreetmap-power"],"technologies":["gas"],"technologyMixMw":{"gas":0.0},"unitCount":0,"unitIds":[]},"type":"Feature"},{"geometry":{"coordinates":[18.628615,49.963792],"type":"Point"},"id":"wattlas-plant-osm-way-916908838","properties":{"aliases":["Elektrociepłownia \"Zofiówka\""],"canonicalAnchor":"osm:way/916908838","canonicalCountryKey":"PL","capacityMw":113.0,"country":"PL","externalIds":{"osm":"way/916908838"},"geographyId":"PL-17162690B16879770934003","id":"wattlas-plant-osm-way-916908838","lifecycleCounts":{"operational":1},"locationPrecision":"exact","name":"Elektrociepłownia \"Zofiówka\"","operatingCapacityCoverage":{"coveragePercent":100.0,"knownUnitCount":0,"method":"plant_aggregate","provenance":{"evidenceCount":0,"recordIds":["wattlas-record-osm-way-916908838"],"sourceIds":["openstreetmap-power"],"sourceTypes":["community_mapped"],"valueKind":"reported"},"totalUnitCount":0},"operatingCapacityMw":113.0,"operatingCapacityMwByTechnology":{"coal":113.0},"plannedCapacityCoverage":{"coveragePercent":0.0,"knownUnitCount":0,"method":"unavailable","totalUnitCount":0},"plannedCapacityMw":0.0,"plannedCapacityMwByTechnology":{},"recordCount":1,"recordIds":["wattlas-record-osm-way-916908838"],"sourceIds":["openstreetmap-power"],"technologies":["coal"],"technologyMixMw":{"coal":113.0},"unitCount":0,"unitIds":[]},"type":"Feature"},{"geometry":{"coordinates":[19.144344,50.795081],"type":"Point"},"id":"wattlas-plant-osm-way-917168995","properties":{"aliases":["Elektrociepłownia Częstochowa"],"canonicalAnchor":"osm:way/917168995","canonicalCountryKey":"PL","capacityMw":0.0,"country":"PL","externalIds":{"osm":"way/917168995"},"geographyId":"PL-17162690B16879770934003","id":"wattlas-plant-osm-way-917168995","lifecycleCounts":{"operational":1},"locationPrecision":"exact","name":"Elektrociepłownia Częstochowa","operatingCapacityCoverage":{"coveragePercent":0.0,"knownUnitCount":0,"method":"unavailable","totalUnitCount":0},"operatingCapacityMw":0.0,"operatingCapacityMwByTechnology":{},"plannedCapacityCoverage":{"coveragePercent":0.0,"knownUnitCount":0,"method":"unavailable","totalUnitCount":0},"plannedCapacityMw":0.0,"plannedCapacityMwByTechnology":{},"recordCount":1,"recordIds":["wattlas-record-osm-way-917168995"],"sourceIds":["openstreetmap-power"],"technologies":["coal"],"technologyMixMw":{"coal":0.0},"unitCount":0,"unitIds":[]},"type":"Feature"},{"geometry":{"coordinates":[14.882673,52.658289],"type":"Point"},"id":"wattlas-plant-osm-way-918863070","properties":{"aliases":["Farma fotowoltaiczna Witnica"],"canonicalAnchor":"osm:way/918863070","canonicalCountryKey":"PL","capacityMw":0.0,"country":"PL","externalIds":{"osm":"way/918863070"},"geographyId":"PL-17162690B87710404837799","id":"wattlas-plant-osm-way-918863070","lifecycleCounts":{"operational":1},"locationPrecision":"exact","name":"Farma fotowoltaiczna Witnica","operatingCapacityCoverage":{"coveragePercent":0.0,"knownUnitCount":0,"method":"unavailable","totalUnitCount":0},"operatingCapacityMw":0.0,"operatingCapacityMwByTechnology":{},"plannedCapacityCoverage":{"coveragePercent":0.0,"knownUnitCount":0,"method":"unavailable","totalUnitCount":0},"plannedCapacityMw":0.0,"plannedCapacityMwByTechnology":{},"recordCount":1,"recordIds":["wattlas-record-osm-way-918863070"],"sourceIds":["openstreetmap-power"],"technologies":["solar"],"technologyMixMw":{"solar":0.0},"unitCount":0,"unitIds":[]},"type":"Feature"},{"geometry":{"coordinates":[19.279292,50.194085],"type":"Point"},"id":"wattlas-plant-osm-way-918872513","properties":{"aliases":["Mapped power plant · OSM 918872513"],"canonicalAnchor":"osm:way/918872513","canonicalCountryKey":"PL","capacityMw":5.0,"country":"PL","externalIds":{"osm":"way/918872513"},"geographyId":"PL-17162690B16879770934003","id":"wattlas-plant-osm-way-918872513","lifecycleCounts":{"operational":1},"locationPrecision":"exact","name":"Mapped power plant · OSM 918872513","operatingCapacityCoverage":{"coveragePercent":100.0,"knownUnitCount":0,"method":"plant_aggregate","provenance":{"evidenceCount":0,"recordIds":["wattlas-record-osm-way-918872513"],"sourceIds":["openstreetmap-power"],"sourceTypes":["community_mapped"],"valueKind":"reported"},"totalUnitCount":0},"operatingCapacityMw":5.0,"operatingCapacityMwByTechnology":{"solar":5.0},"plannedCapacityCoverage":{"coveragePercent":0.0,"knownUnitCount":0,"method":"unavailable","totalUnitCount":0},"plannedCapacityMw":0.0,"plannedCapacityMwByTechnology":{},"recordCount":1,"recordIds":["wattlas-record-osm-way-918872513"],"sourceIds":["openstreetmap-power"],"technologies":["solar"],"technologyMixMw":{"solar":5.0},"unitCount":0,"unitIds":[]},"type":"Feature"},{"geometry":{"coordinates":[17.522445,51.13278],"type":"Point"},"id":"wattlas-plant-osm-way-918878852","properties":{"aliases":["Farma fotowoltaiczna Bierutów"],"canonicalAnchor":"osm:way/918878852","canonicalCountryKey":"PL","capacityMw":0.0,"country":"PL","externalIds":{"osm":"way/918878852"},"geographyId":"PL-17162690B9130125042960","id":"wattlas-plant-osm-way-918878852","lifecycleCounts":{"operational":1},"locationPrecision":"exact","name":"Farma fotowoltaiczna Bierutów","operatingCapacityCoverage":{"coveragePercent":0.0,"knownUnitCount":0,"method":"unavailable","totalUnitCount":0},"operatingCapacityMw":0.0,"operatingCapacityMwByTechnology":{},"plannedCapacityCoverage":{"coveragePercent":0.0,"knownUnitCount":0,"method":"unavailable","totalUnitCount":0},"plannedCapacityMw":0.0,"plannedCapacityMwByTechnology":{},"recordCount":1,"recordIds":["wattlas-record-osm-way-918878852"],"sourceIds":["openstreetmap-power"],"technologies":["solar"],"technologyMixMw":{"solar":0.0},"unitCount":0,"unitIds":[]},"type":"Feature"},{"geometry":{"coordinates":[17.69936,50.634194],"type":"Point"},"id":"wattlas-plant-osm-way-919189821","properties":{"aliases":["Farma fotowoltaiczna Eplant 6 Sp. z o.o."],"canonicalAnchor":"osm:way/919189821","canonicalCountryKey":"PL","capacityMw":0.0,"country":"PL","externalIds":{"osm":"way/919189821"},"geographyId":"PL-17162690B67719337891950","id":"wattlas-plant-osm-way-919189821","lifecycleCounts":{"operational":1},"locationPrecision":"exact","name":"Farma fotowoltaiczna Eplant 6 Sp. z o.o.","operatingCapacityCoverage":{"coveragePercent":0.0,"knownUnitCount":0,"method":"unavailable","totalUnitCount":0},"operatingCapacityMw":0.0,"operatingCapacityMwByTechnology":{},"plannedCapacityCoverage":{"coveragePercent":0.0,"knownUnitCount":0,"method":"unavailable","totalUnitCount":0},"plannedCapacityMw":0.0,"plannedCapacityMwByTechnology":{},"recordCount":1,"recordIds":["wattlas-record-osm-way-919189821"],"sourceIds":["openstreetmap-power"],"technologies":["solar"],"technologyMixMw":{"solar":0.0},"unitCount":0,"unitIds":[]},"type":"Feature"},{"geometry":{"coordinates":[18.117044,53.272417],"type":"Point"},"id":"wattlas-plant-osm-way-919375482","properties":{"aliases":["Farma fotowoltaiczna Dobrcz X"],"canonicalAnchor":"osm:way/919375482","canonicalCountryKey":"PL","capacityMw":0.0,"country":"PL","externalIds":{"osm":"way/919375482"},"geographyId":"PL-17162690B37876665907262","id":"wattlas-plant-osm-way-919375482","lifecycleCounts":{"operational":1},"locationPrecision":"exact","name":"Farma fotowoltaiczna Dobrcz X","operatingCapacityCoverage":{"coveragePercent":0.0,"knownUnitCount":0,"method":"unavailable","totalUnitCount":0},"operatingCapacityMw":0.0,"operatingCapacityMwByTechnology":{},"plannedCapacityCoverage":{"coveragePercent":0.0,"knownUnitCount":0,"method":"unavailable","totalUnitCount":0},"plannedCapacityMw":0.0,"plannedCapacityMwByTechnology":{},"recordCount":1,"recordIds":["wattlas-record-osm-way-919375482"],"sourceIds":["openstreetmap-power"],"technologies":["solar"],"technologyMixMw":{"solar":0.0},"unitCount":0,"unitIds":[]},"type":"Feature"},{"geometry":{"coordinates":[18.115327,53.272503],"type":"Point"},"id":"wattlas-plant-osm-way-919375485","properties":{"aliases":["Farma fotowoltaiczna Dobrcz III"],"canonicalAnchor":"osm:way/919375485","canonicalCountryKey":"PL","capacityMw":0.0,"country":"PL","externalIds":{"osm":"way/919375485"},"geographyId":"PL-17162690B37876665907262","id":"wattlas-plant-osm-way-919375485","lifecycleCounts":{"operational":1},"locationPrecision":"exact","name":"Farma fotowoltaiczna Dobrcz III","operatingCapacityCoverage":{"coveragePercent":0.0,"knownUnitCount":0,"method":"unavailable","totalUnitCount":0},"operatingCapacityMw":0.0,"operatingCapacityMwByTechnology":{},"plannedCapacityCoverage":{"coveragePercent":0.0,"knownUnitCount":0,"method":"unavailable","totalUnitCount":0},"plannedCapacityMw":0.0,"plannedCapacityMwByTechnology":{},"recordCount":1,"recordIds":["wattlas-record-osm-way-919375485"],"sourceIds":["openstreetmap-power"],"technologies":["solar"],"technologyMixMw":{"solar":0.0},"unitCount":0,"unitIds":[]},"type":"Feature"},{"geometry":{"coordinates":[15.98771,54.202532],"type":"Point"},"id":"wattlas-plant-osm-way-919726101","properties":{"aliases":["Mapped power plant · OSM 919726101"],"canonicalAnchor":"osm:way/919726101","canonicalCountryKey":"PL","capacityMw":1.0,"country":"PL","externalIds":{"osm":"way/919726101"},"geographyId":"PL-17162690B34878575347312","id":"wattlas-plant-osm-way-919726101","lifecycleCounts":{"operational":1},"locationPrecision":"exact","name":"Mapped power plant · OSM 919726101","operatingCapacityCoverage":{"coveragePercent":100.0,"knownUnitCount":0,"method":"plant_aggregate","provenance":{"evidenceCount":0,"recordIds":["wattlas-record-osm-way-919726101"],"sourceIds":["openstreetmap-power"],"sourceTypes":["community_mapped"],"valueKind":"reported"},"totalUnitCount":0},"operatingCapacityMw":1.0,"operatingCapacityMwByTechnology":{"solar":1.0},"plannedCapacityCoverage":{"coveragePercent":0.0,"knownUnitCount":0,"method":"unavailable","totalUnitCount":0},"plannedCapacityMw":0.0,"plannedCapacityMwByTechnology":{},"recordCount":1,"recordIds":["wattlas-record-osm-way-919726101"],"sourceIds":["openstreetmap-power"],"technologies":["solar"],"technologyMixMw":{"solar":1.0},"unitCount":0,"unitIds":[]},"type":"Feature"},{"geometry":{"coordinates":[15.787548,52.816208],"type":"Point"},"id":"wattlas-plant-osm-way-919747977","properties":{"aliases":["Farma fotowoltaiczna Osów II"],"canonicalAnchor":"osm:way/919747977","canonicalCountryKey":"PL","capacityMw":0.0,"country":"PL","externalIds":{"osm":"way/919747977"},"geographyId":"PL-17162690B87710404837799","id":"wattlas-plant-osm-way-919747977","lifecycleCounts":{"operational":1},"locationPrecision":"exact","name":"Farma fotowoltaiczna Osów II","operatingCapacityCoverage":{"coveragePercent":0.0,"knownUnitCount":0,"method":"unavailable","totalUnitCount":0},"operatingCapacityMw":0.0,"operatingCapacityMwByTechnology":{},"plannedCapacityCoverage":{"coveragePercent":0.0,"knownUnitCount":0,"method":"unavailable","totalUnitCount":0},"plannedCapacityMw":0.0,"plannedCapacityMwByTechnology":{},"recordCount":1,"recordIds":["wattlas-record-osm-way-919747977"],"sourceIds":["openstreetmap-power"],"technologies":["solar"],"technologyMixMw":{"solar":0.0},"unitCount":0,"unitIds":[]},"type":"Feature"},{"geometry":{"coordinates":[15.807634,52.819023],"type":"Point"},"id":"wattlas-plant-osm-way-919747978","properties":{"aliases":["Mapped power plant · OSM 919747978"],"canonicalAnchor":"osm:way/919747978","canonicalCountryKey":"PL","capacityMw":0.0,"country":"PL","externalIds":{"osm":"way/919747978"},"geographyId":"PL-17162690B87710404837799","id":"wattlas-plant-osm-way-919747978","lifecycleCounts":{"operational":1},"locationPrecision":"exact","name":"Mapped power plant · OSM 919747978","operatingCapacityCoverage":{"coveragePercent":0.0,"knownUnitCount":0,"method":"unavailable","totalUnitCount":0},"operatingCapacityMw":0.0,"operatingCapacityMwByTechnology":{},"plannedCapacityCoverage":{"coveragePercent":0.0,"knownUnitCount":0,"method":"unavailable","totalUnitCount":0},"plannedCapacityMw":0.0,"plannedCapacityMwByTechnology":{},"recordCount":1,"recordIds":["wattlas-record-osm-way-919747978"],"sourceIds":["openstreetmap-power"],"technologies":["solar"],"technologyMixMw":{"solar":0.0},"unitCount":0,"unitIds":[]},"type":"Feature"},{"geometry":{"coordinates":[15.572258,51.545134],"type":"Point"},"id":"wattlas-plant-osm-way-919762971","properties":{"aliases":["Elektrownia wodna Dziećmarowice"],"canonicalAnchor":"osm:way/919762971","canonicalCountryKey":"PL","capacityMw":0.0,"country":"PL","externalIds":{"osm":"way/919762971"},"geographyId":"PL-17162690B87710404837799","id":"wattlas-plant-osm-way-919762971","lifecycleCounts":{"operational":1},"locationPrecision":"exact","name":"Elektrownia wodna Dziećmarowice","operatingCapacityCoverage":{"coveragePercent":0.0,"knownUnitCount":0,"method":"unavailable","totalUnitCount":0},"operatingCapacityMw":0.0,"operatingCapacityMwByTechnology":{},"plannedCapacityCoverage":{"coveragePercent":0.0,"knownUnitCount":0,"method":"unavailable","totalUnitCount":0},"plannedCapacityMw":0.0,"plannedCapacityMwByTechnology":{},"recordCount":1,"recordIds":["wattlas-record-osm-way-919762971"],"sourceIds":["openstreetmap-power"],"technologies":["hydro"],"technologyMixMw":{"hydro":0.0},"unitCount":0,"unitIds":[]},"type":"Feature"},{"geometry":{"coordinates":[19.017198,50.10634],"type":"Point"},"id":"wattlas-plant-osm-way-920212136","properties":{"aliases":["Elektrociepłownia Tychy"],"canonicalAnchor":"osm:way/920212136","canonicalCountryKey":"PL","capacityMw":105.0,"country":"PL","externalIds":{"osm":"way/920212136"},"geographyId":"PL-17162690B16879770934003","id":"wattlas-plant-osm-way-920212136","lifecycleCounts":{"operational":1},"locationPrecision":"exact","name":"Elektrociepłownia Tychy","operatingCapacityCoverage":{"coveragePercent":100.0,"knownUnitCount":0,"method":"plant_aggregate","provenance":{"evidenceCount":0,"recordIds":["wattlas-record-osm-way-920212136"],"sourceIds":["openstreetmap-power"],"sourceTypes":["community_mapped"],"valueKind":"reported"},"totalUnitCount":0},"operatingCapacityMw":105.0,"operatingCapacityMwByTechnology":{"coal":105.0},"plannedCapacityCoverage":{"coveragePercent":0.0,"knownUnitCount":0,"method":"unavailable","totalUnitCount":0},"plannedCapacityMw":0.0,"plannedCapacityMwByTechnology":{},"recordCount":1,"recordIds":["wattlas-record-osm-way-920212136"],"sourceIds":["openstreetmap-power"],"technologies":["coal"],"technologyMixMw":{"coal":105.0},"unitCount":0,"unitIds":[]},"type":"Feature"},{"geometry":{"coordinates":[18.374495,53.393404],"type":"Point"},"id":"wattlas-plant-osm-way-920244948","properties":{"aliases":["Swiecie Pulp Mill Power Station"],"canonicalAnchor":"osm:way/920244948","canonicalCountryKey":"PL","capacityMw":0.0,"country":"PL","externalIds":{"osm":"way/920244948"},"geographyId":"PL-17162690B37876665907262","id":"wattlas-plant-osm-way-920244948","lifecycleCounts":{"operational":1},"locationPrecision":"exact","name":"Swiecie Pulp Mill Power Station","operatingCapacityCoverage":{"coveragePercent":0.0,"knownUnitCount":0,"method":"unavailable","totalUnitCount":0},"operatingCapacityMw":0.0,"operatingCapacityMwByTechnology":{},"plannedCapacityCoverage":{"coveragePercent":0.0,"knownUnitCount":0,"method":"unavailable","totalUnitCount":0},"plannedCapacityMw":0.0,"plannedCapacityMwByTechnology":{},"recordCount":1,"recordIds":["wattlas-record-osm-way-920244948"],"sourceIds":["openstreetmap-power"],"technologies":["coal"],"technologyMixMw":{"coal":0.0},"unitCount":0,"unitIds":[]},"type":"Feature"},{"geometry":{"coordinates":[19.262536,51.215024],"type":"Point"},"id":"wattlas-plant-osm-way-922908656","properties":{"aliases":["Farma fotowoltaiczna"],"canonicalAnchor":"osm:way/922908656","canonicalCountryKey":"PL","capacityMw":0.0,"country":"PL","externalIds":{"osm":"way/922908656"},"geographyId":"PL-17162690B86810837764805","id":"wattlas-plant-osm-way-922908656","lifecycleCounts":{"operational":1},"locationPrecision":"exact","name":"Farma fotowoltaiczna","operatingCapacityCoverage":{"coveragePercent":0.0,"knownUnitCount":0,"method":"unavailable","totalUnitCount":0},"operatingCapacityMw":0.0,"operatingCapacityMwByTechnology":{},"plannedCapacityCoverage":{"coveragePercent":0.0,"knownUnitCount":0,"method":"unavailable","totalUnitCount":0},"plannedCapacityMw":0.0,"plannedCapacityMwByTechnology":{},"recordCount":1,"recordIds":["wattlas-record-osm-way-922908656"],"sourceIds":["openstreetmap-power"],"technologies":["solar"],"technologyMixMw":{"solar":0.0},"unitCount":0,"unitIds":[]},"type":"Feature"},{"geometry":{"coordinates":[20.946449,53.221821],"type":"Point"},"id":"wattlas-plant-osm-way-922989296","properties":{"aliases":["Farma fotowoltaiczna Chorzele 2"],"canonicalAnchor":"osm:way/922989296","canonicalCountryKey":"PL","capacityMw":1.0,"country":"PL","externalIds":{"osm":"way/922989296"},"geographyId":"PL-17162690B84565288021286","id":"wattlas-plant-osm-way-922989296","lifecycleCounts":{"operational":1},"locationPrecision":"exact","name":"Farma fotowoltaiczna Chorzele 2","operatingCapacityCoverage":{"coveragePercent":100.0,"knownUnitCount":0,"method":"plant_aggregate","provenance":{"evidenceCount":0,"recordIds":["wattlas-record-osm-way-922989296"],"sourceIds":["openstreetmap-power"],"sourceTypes":["community_mapped"],"valueKind":"reported"},"totalUnitCount":0},"operatingCapacityMw":1.0,"operatingCapacityMwByTechnology":{"solar":1.0},"plannedCapacityCoverage":{"coveragePercent":0.0,"knownUnitCount":0,"method":"unavailable","totalUnitCount":0},"plannedCapacityMw":0.0,"plannedCapacityMwByTechnology":{},"recordCount":1,"recordIds":["wattlas-record-osm-way-922989296"],"sourceIds":["openstreetmap-power"],"technologies":["solar"],"technologyMixMw":{"solar":1.0},"unitCount":0,"unitIds":[]},"type":"Feature"},{"geometry":{"coordinates":[20.916789,53.236168],"type":"Point"},"id":"wattlas-plant-osm-way-922992061","properties":{"aliases":["Farma fotowoltaiczna Chorzele 3"],"canonicalAnchor":"osm:way/922992061","canonicalCountryKey":"PL","capacityMw":1.0,"country":"PL","externalIds":{"osm":"way/922992061"},"geographyId":"PL-17162690B84565288021286","id":"wattlas-plant-osm-way-922992061","lifecycleCounts":{"operational":1},"locationPrecision":"exact","name":"Farma fotowoltaiczna Chorzele 3","operatingCapacityCoverage":{"coveragePercent":100.0,"knownUnitCount":0,"method":"plant_aggregate","provenance":{"evidenceCount":0,"recordIds":["wattlas-record-osm-way-922992061"],"sourceIds":["openstreetmap-power"],"sourceTypes":["community_mapped"],"valueKind":"reported"},"totalUnitCount":0},"operatingCapacityMw":1.0,"operatingCapacityMwByTechnology":{"solar":1.0},"plannedCapacityCoverage":{"coveragePercent":0.0,"knownUnitCount":0,"method":"unavailable","totalUnitCount":0},"plannedCapacityMw":0.0,"plannedCapacityMwByTechnology":{},"recordCount":1,"recordIds":["wattlas-record-osm-way-922992061"],"sourceIds":["openstreetmap-power"],"technologies":["solar"],"technologyMixMw":{"solar":1.0},"unitCount":0,"unitIds":[]},"type":"Feature"},{"geometry":{"coordinates":[17.135341,51.150252],"type":"Point"},"id":"wattlas-plant-osm-way-923159582","properties":{"aliases":["Elektrociepłownia Zawidawie"],"canonicalAnchor":"osm:way/923159582","canonicalCountryKey":"PL","capacityMw":0.0,"country":"PL","externalIds":{"osm":"way/923159582"},"geographyId":"PL-17162690B9130125042960","id":"wattlas-plant-osm-way-923159582","lifecycleCounts":{"operational":1},"locationPrecision":"exact","name":"Elektrociepłownia Zawidawie","operatingCapacityCoverage":{"coveragePercent":0.0,"knownUnitCount":0,"method":"unavailable","totalUnitCount":0},"operatingCapacityMw":0.0,"operatingCapacityMwByTechnology":{},"plannedCapacityCoverage":{"coveragePercent":0.0,"knownUnitCount":0,"method":"unavailable","totalUnitCount":0},"plannedCapacityMw":0.0,"plannedCapacityMwByTechnology":{},"recordCount":1,"recordIds":["wattlas-record-osm-way-923159582"],"sourceIds":["openstreetmap-power"],"technologies":["gas"],"technologyMixMw":{"gas":0.0},"unitCount":0,"unitIds":[]},"type":"Feature"},{"geometry":{"coordinates":[19.647233,54.318],"type":"Point"},"id":"wattlas-plant-osm-way-924934131","properties":{"aliases":["Farma fotowoltaiczna Frombork 4"],"canonicalAnchor":"osm:way/924934131","canonicalCountryKey":"PL","capacityMw":1.0,"country":"PL","externalIds":{"osm":"way/924934131"},"geographyId":"PL-17162690B18723007704312","id":"wattlas-plant-osm-way-924934131","lifecycleCounts":{"operational":1},"locationPrecision":"exact","name":"Farma fotowoltaiczna Frombork 4","operatingCapacityCoverage":{"coveragePercent":100.0,"knownUnitCount":0,"method":"plant_aggregate","provenance":{"evidenceCount":0,"recordIds":["wattlas-record-osm-way-924934131"],"sourceIds":["openstreetmap-power"],"sourceTypes":["community_mapped"],"valueKind":"reported"},"totalUnitCount":0},"operatingCapacityMw":1.0,"operatingCapacityMwByTechnology":{"solar":1.0},"plannedCapacityCoverage":{"coveragePercent":0.0,"knownUnitCount":0,"method":"unavailable","totalUnitCount":0},"plannedCapacityMw":0.0,"plannedCapacityMwByTechnology":{},"recordCount":1,"recordIds":["wattlas-record-osm-way-924934131"],"sourceIds":["openstreetmap-power"],"technologies":["solar"],"technologyMixMw":{"solar":1.0},"unitCount":0,"unitIds":[]},"type":"Feature"},{"geometry":{"coordinates":[19.646311,54.317327],"type":"Point"},"id":"wattlas-plant-osm-way-924934132","properties":{"aliases":["Farma fotowoltaiczna Frombork 3"],"canonicalAnchor":"osm:way/924934132","canonicalCountryKey":"PL","capacityMw":1.0,"country":"PL","externalIds":{"osm":"way/924934132"},"geographyId":"PL-17162690B18723007704312","id":"wattlas-plant-osm-way-924934132","lifecycleCounts":{"operational":1},"locationPrecision":"exact","name":"Farma fotowoltaiczna Frombork 3","operatingCapacityCoverage":{"coveragePercent":100.0,"knownUnitCount":0,"method":"plant_aggregate","provenance":{"evidenceCount":0,"recordIds":["wattlas-record-osm-way-924934132"],"sourceIds":["openstreetmap-power"],"sourceTypes":["community_mapped"],"valueKind":"reported"},"totalUnitCount":0},"operatingCapacityMw":1.0,"operatingCapacityMwByTechnology":{"solar":1.0},"plannedCapacityCoverage":{"coveragePercent":0.0,"knownUnitCount":0,"method":"unavailable","totalUnitCount":0},"plannedCapacityMw":0.0,"plannedCapacityMwByTechnology":{},"recordCount":1,"recordIds":["wattlas-record-osm-way-924934132"],"sourceIds":["openstreetmap-power"],"technologies":["solar"],"technologyMixMw":{"solar":1.0},"unitCount":0,"unitIds":[]},"type":"Feature"},{"geometry":{"coordinates":[20.167015,54.111744],"type":"Point"},"id":"wattlas-plant-osm-way-924934134","properties":{"aliases":["Farma fotowoltaiczna Orneta 1"],"canonicalAnchor":"osm:way/924934134","canonicalCountryKey":"PL","capacityMw":1.0,"country":"PL","externalIds":{"osm":"way/924934134"},"geographyId":"PL-17162690B18723007704312","id":"wattlas-plant-osm-way-924934134","lifecycleCounts":{"operational":1},"locationPrecision":"exact","name":"Farma fotowoltaiczna Orneta 1","operatingCapacityCoverage":{"coveragePercent":100.0,"knownUnitCount":0,"method":"plant_aggregate","provenance":{"evidenceCount":0,"recordIds":["wattlas-record-osm-way-924934134"],"sourceIds":["openstreetmap-power"],"sourceTypes":["community_mapped"],"valueKind":"reported"},"totalUnitCount":0},"operatingCapacityMw":1.0,"operatingCapacityMwByTechnology":{"solar":1.0},"plannedCapacityCoverage":{"coveragePercent":0.0,"knownUnitCount":0,"method":"unavailable","totalUnitCount":0},"plannedCapacityMw":0.0,"plannedCapacityMwByTechnology":{},"recordCount":1,"recordIds":["wattlas-record-osm-way-924934134"],"sourceIds":["openstreetmap-power"],"technologies":["solar"],"technologyMixMw":{"solar":1.0},"unitCount":0,"unitIds":[]},"type":"Feature"},{"geometry":{"coordinates":[19.724723,54.107998],"type":"Point"},"id":"wattlas-plant-osm-way-924934135","properties":{"aliases":["Farma fotowoltaiczna Pasłęk 2"],"canonicalAnchor":"osm:way/924934135","canonicalCountryKey":"PL","capacityMw":1.0,"country":"PL","externalIds":{"osm":"way/924934135"},"geographyId":"PL-17162690B18723007704312","id":"wattlas-plant-osm-way-924934135","lifecycleCounts":{"operational":1},"locationPrecision":"exact","name":"Farma fotowoltaiczna Pasłęk 2","operatingCapacityCoverage":{"coveragePercent":100.0,"knownUnitCount":0,"method":"plant_aggregate","provenance":{"evidenceCount":0,"recordIds":["wattlas-record-osm-way-924934135"],"sourceIds":["openstreetmap-power"],"sourceTypes":["community_mapped"],"valueKind":"reported"},"totalUnitCount":0},"operatingCapacityMw":1.0,"operatingCapacityMwByTechnology":{"solar":1.0},"plannedCapacityCoverage":{"coveragePercent":0.0,"knownUnitCount":0,"method":"unavailable","totalUnitCount":0},"plannedCapacityMw":0.0,"plannedCapacityMwByTechnology":{},"recordCount":1,"recordIds":["wattlas-record-osm-way-924934135"],"sourceIds":["openstreetmap-power"],"technologies":["solar"],"technologyMixMw":{"solar":1.0},"unitCount":0,"unitIds":[]},"type":"Feature"},{"geometry":{"coordinates":[19.048489,53.899478],"type":"Point"},"id":"wattlas-plant-osm-way-924934136","properties":{"aliases":["Farma fotowoltaiczna Sztum 2"],"canonicalAnchor":"osm:way/924934136","canonicalCountryKey":"PL","capacityMw":1.0,"country":"PL","externalIds":{"osm":"way/924934136"},"geographyId":"PL-17162690B77437931625010","id":"wattlas-plant-osm-way-924934136","lifecycleCounts":{"operational":1},"locationPrecision":"exact","name":"Farma fotowoltaiczna Sztum 2","operatingCapacityCoverage":{"coveragePercent":100.0,"knownUnitCount":0,"method":"plant_aggregate","provenance":{"evidenceCount":0,"recordIds":["wattlas-record-osm-way-924934136"],"sourceIds":["openstreetmap-power"],"sourceTypes":["community_mapped"],"valueKind":"reported"},"totalUnitCount":0},"operatingCapacityMw":1.0,"operatingCapacityMwByTechnology":{"solar":1.0},"plannedCapacityCoverage":{"coveragePercent":0.0,"knownUnitCount":0,"method":"unavailable","totalUnitCount":0},"plannedCapacityMw":0.0,"plannedCapacityMwByTechnology":{},"recordCount":1,"recordIds":["wattlas-record-osm-way-924934136"],"sourceIds":["openstreetmap-power"],"technologies":["solar"],"technologyMixMw":{"solar":1.0},"unitCount":0,"unitIds":[]},"type":"Feature"},{"geometry":{"coordinates":[19.55913,51.290268],"type":"Point"},"id":"wattlas-plant-osm-way-927872584","properties":{"aliases":["Mapped power plant · OSM 927872584"],"canonicalAnchor":"osm:way/927872584","canonicalCountryKey":"PL","capacityMw":2.0,"country":"PL","externalIds":{"osm":"way/927872584"},"geographyId":"PL-17162690B86810837764805","id":"wattlas-plant-osm-way-927872584","lifecycleCounts":{"operational":1},"locationPrecision":"exact","name":"Mapped power plant · OSM 927872584","operatingCapacityCoverage":{"coveragePercent":100.0,"knownUnitCount":0,"method":"plant_aggregate","provenance":{"evidenceCount":0,"recordIds":["wattlas-record-osm-way-927872584"],"sourceIds":["openstreetmap-power"],"sourceTypes":["community_mapped"],"valueKind":"reported"},"totalUnitCount":0},"operatingCapacityMw":2.0,"operatingCapacityMwByTechnology":{"wind":2.0},"plannedCapacityCoverage":{"coveragePercent":0.0,"knownUnitCount":0,"method":"unavailable","totalUnitCount":0},"plannedCapacityMw":0.0,"plannedCapacityMwByTechnology":{},"recordCount":1,"recordIds":["wattlas-record-osm-way-927872584"],"sourceIds":["openstreetmap-power"],"technologies":["wind"],"technologyMixMw":{"wind":2.0},"unitCount":0,"unitIds":[]},"type":"Feature"},{"geometry":{"coordinates":[17.771774,54.586942],"type":"Point"},"id":"wattlas-plant-osm-way-931860445","properties":{"aliases":["Farma fotowoltaiczna Wilkowo 1"],"canonicalAnchor":"osm:way/931860445","canonicalCountryKey":"PL","capacityMw":1.0,"country":"PL","externalIds":{"osm":"way/931860445"},"geographyId":"PL-17162690B77437931625010","id":"wattlas-plant-osm-way-931860445","lifecycleCounts":{"operational":1},"locationPrecision":"exact","name":"Farma fotowoltaiczna Wilkowo 1","operatingCapacityCoverage":{"coveragePercent":100.0,"knownUnitCount":0,"method":"plant_aggregate","provenance":{"evidenceCount":0,"recordIds":["wattlas-record-osm-way-931860445"],"sourceIds":["openstreetmap-power"],"sourceTypes":["community_mapped"],"valueKind":"reported"},"totalUnitCount":0},"operatingCapacityMw":1.0,"operatingCapacityMwByTechnology":{"solar":1.0},"plannedCapacityCoverage":{"coveragePercent":0.0,"knownUnitCount":0,"method":"unavailable","totalUnitCount":0},"plannedCapacityMw":0.0,"plannedCapacityMwByTechnology":{},"recordCount":1,"recordIds":["wattlas-record-osm-way-931860445"],"sourceIds":["openstreetmap-power"],"technologies":["solar"],"technologyMixMw":{"solar":1.0},"unitCount":0,"unitIds":[]},"type":"Feature"},{"geometry":{"coordinates":[21.655162,52.926503],"type":"Point"},"id":"wattlas-plant-osm-way-932955877","properties":{"aliases":["Farma fotowoltaiczna Czerwin 2"],"canonicalAnchor":"osm:way/932955877","canonicalCountryKey":"PL","capacityMw":1.0,"country":"PL","externalIds":{"osm":"way/932955877"},"geographyId":"PL-17162690B84565288021286","id":"wattlas-plant-osm-way-932955877","lifecycleCounts":{"operational":1},"locationPrecision":"exact","name":"Farma fotowoltaiczna Czerwin 2","operatingCapacityCoverage":{"coveragePercent":100.0,"knownUnitCount":0,"method":"plant_aggregate","provenance":{"evidenceCount":0,"recordIds":["wattlas-record-osm-way-932955877"],"sourceIds":["openstreetmap-power"],"sourceTypes":["community_mapped"],"valueKind":"reported"},"totalUnitCount":0},"operatingCapacityMw":1.0,"operatingCapacityMwByTechnology":{"solar":1.0},"plannedCapacityCoverage":{"coveragePercent":0.0,"knownUnitCount":0,"method":"unavailable","totalUnitCount":0},"plannedCapacityMw":0.0,"plannedCapacityMwByTechnology":{},"recordCount":1,"recordIds":["wattlas-record-osm-way-932955877"],"sourceIds":["openstreetmap-power"],"technologies":["solar"],"technologyMixMw":{"solar":1.0},"unitCount":0,"unitIds":[]},"type":"Feature"},{"geometry":{"coordinates":[21.656488,52.926201],"type":"Point"},"id":"wattlas-plant-osm-way-932955878","properties":{"aliases":["Farma fotowoltaiczna Czerwin 1"],"canonicalAnchor":"osm:way/932955878","canonicalCountryKey":"PL","capacityMw":1.0,"country":"PL","externalIds":{"osm":"way/932955878"},"geographyId":"PL-17162690B84565288021286","id":"wattlas-plant-osm-way-932955878","lifecycleCounts":{"operational":1},"locationPrecision":"exact","name":"Farma fotowoltaiczna Czerwin 1","operatingCapacityCoverage":{"coveragePercent":100.0,"knownUnitCount":0,"method":"plant_aggregate","provenance":{"evidenceCount":0,"recordIds":["wattlas-record-osm-way-932955878"],"sourceIds":["openstreetmap-power"],"sourceTypes":["community_mapped"],"valueKind":"reported"},"totalUnitCount":0},"operatingCapacityMw":1.0,"operatingCapacityMwByTechnology":{"solar":1.0},"plannedCapacityCoverage":{"coveragePercent":0.0,"knownUnitCount":0,"method":"unavailable","totalUnitCount":0},"plannedCapacityMw":0.0,"plannedCapacityMwByTechnology":{},"recordCount":1,"recordIds":["wattlas-record-osm-way-932955878"],"sourceIds":["openstreetmap-power"],"technologies":["solar"],"technologyMixMw":{"solar":1.0},"unitCount":0,"unitIds":[]},"type":"Feature"},{"geometry":{"coordinates":[21.7951,52.909626],"type":"Point"},"id":"wattlas-plant-osm-way-932955880","properties":{"aliases":["Farma fotowoltaiczna Czerwin 3"],"canonicalAnchor":"osm:way/932955880","canonicalCountryKey":"PL","capacityMw":1.0,"country":"PL","externalIds":{"osm":"way/932955880"},"geographyId":"PL-17162690B84565288021286","id":"wattlas-plant-osm-way-932955880","lifecycleCounts":{"operational":1},"locationPrecision":"exact","name":"Farma fotowoltaiczna Czerwin 3","operatingCapacityCoverage":{"coveragePercent":100.0,"knownUnitCount":0,"method":"plant_aggregate","provenance":{"evidenceCount":0,"recordIds":["wattlas-record-osm-way-932955880"],"sourceIds":["openstreetmap-power"],"sourceTypes":["community_mapped"],"valueKind":"reported"},"totalUnitCount":0},"operatingCapacityMw":1.0,"operatingCapacityMwByTechnology":{"solar":1.0},"plannedCapacityCoverage":{"coveragePercent":0.0,"knownUnitCount":0,"method":"unavailable","totalUnitCount":0},"plannedCapacityMw":0.0,"plannedCapacityMwByTechnology":{},"recordCount":1,"recordIds":["wattlas-record-osm-way-932955880"],"sourceIds":["openstreetmap-power"],"technologies":["solar"],"technologyMixMw":{"solar":1.0},"unitCount":0,"unitIds":[]},"type":"Feature"},{"geometry":{"coordinates":[16.194285,51.239792],"type":"Point"},"id":"wattlas-plant-osm-way-933847525","properties":{"aliases":["Farma fotowoltaiczna Pawice"],"canonicalAnchor":"osm:way/933847525","canonicalCountryKey":"PL","capacityMw":0.0,"country":"PL","externalIds":{"osm":"way/933847525"},"geographyId":"PL-17162690B9130125042960","id":"wattlas-plant-osm-way-933847525","lifecycleCounts":{"operational":1},"locationPrecision":"exact","name":"Farma fotowoltaiczna Pawice","operatingCapacityCoverage":{"coveragePercent":0.0,"knownUnitCount":0,"method":"unavailable","totalUnitCount":0},"operatingCapacityMw":0.0,"operatingCapacityMwByTechnology":{},"plannedCapacityCoverage":{"coveragePercent":0.0,"knownUnitCount":0,"method":"unavailable","totalUnitCount":0},"plannedCapacityMw":0.0,"plannedCapacityMwByTechnology":{},"recordCount":1,"recordIds":["wattlas-record-osm-way-933847525"],"sourceIds":["openstreetmap-power"],"technologies":["solar"],"technologyMixMw":{"solar":0.0},"unitCount":0,"unitIds":[]},"type":"Feature"},{"geometry":{"coordinates":[22.034684,51.462603],"type":"Point"},"id":"wattlas-plant-osm-way-933954389","properties":{"aliases":["Elektrownia PV Landia"],"canonicalAnchor":"osm:way/933954389","canonicalCountryKey":"PL","capacityMw":0.0,"country":"PL","externalIds":{"osm":"way/933954389"},"geographyId":"PL-17162690B69262761487853","id":"wattlas-plant-osm-way-933954389","lifecycleCounts":{"operational":1},"locationPrecision":"exact","name":"Elektrownia PV Landia","operatingCapacityCoverage":{"coveragePercent":0.0,"knownUnitCount":0,"method":"unavailable","totalUnitCount":0},"operatingCapacityMw":0.0,"operatingCapacityMwByTechnology":{},"plannedCapacityCoverage":{"coveragePercent":0.0,"knownUnitCount":0,"method":"unavailable","totalUnitCount":0},"plannedCapacityMw":0.0,"plannedCapacityMwByTechnology":{},"recordCount":1,"recordIds":["wattlas-record-osm-way-933954389"],"sourceIds":["openstreetmap-power"],"technologies":["solar"],"technologyMixMw":{"solar":0.0},"unitCount":0,"unitIds":[]},"type":"Feature"},{"geometry":{"coordinates":[20.404174,53.840014],"type":"Point"},"id":"wattlas-plant-osm-way-936917313","properties":{"aliases":["Elektrownia wodna Brąswałd"],"canonicalAnchor":"osm:way/936917313","canonicalCountryKey":"PL","capacityMw":2.16,"country":"PL","externalIds":{"osm":"way/936917313"},"geographyId":"PL-17162690B18723007704312","id":"wattlas-plant-osm-way-936917313","lifecycleCounts":{"operational":1},"locationPrecision":"exact","name":"Elektrownia wodna Brąswałd","operatingCapacityCoverage":{"coveragePercent":100.0,"knownUnitCount":0,"method":"plant_aggregate","provenance":{"evidenceCount":0,"recordIds":["wattlas-record-osm-way-936917313"],"sourceIds":["openstreetmap-power"],"sourceTypes":["community_mapped"],"valueKind":"reported"},"totalUnitCount":0},"operatingCapacityMw":2.16,"operatingCapacityMwByTechnology":{"hydro":2.16},"plannedCapacityCoverage":{"coveragePercent":0.0,"knownUnitCount":0,"method":"unavailable","totalUnitCount":0},"plannedCapacityMw":0.0,"plannedCapacityMwByTechnology":{},"recordCount":1,"recordIds":["wattlas-record-osm-way-936917313"],"sourceIds":["openstreetmap-power"],"technologies":["hydro"],"technologyMixMw":{"hydro":2.16},"unitCount":0,"unitIds":[]},"type":"Feature"},{"geometry":{"coordinates":[18.656686,50.310141],"type":"Point"},"id":"wattlas-plant-osm-way-942254864","properties":{"aliases":["Elektrociepłownia Gliwice"],"canonicalAnchor":"osm:way/942254864","canonicalCountryKey":"PL","capacityMw":1580.0,"country":"PL","externalIds":{"osm":"way/942254864"},"geographyId":"PL-17162690B16879770934003","id":"wattlas-plant-osm-way-942254864","lifecycleCounts":{"operational":1},"locationPrecision":"exact","name":"Elektrociepłownia Gliwice","operatingCapacityCoverage":{"coveragePercent":100.0,"knownUnitCount":0,"method":"plant_aggregate","provenance":{"evidenceCount":0,"recordIds":["wattlas-record-osm-way-942254864"],"sourceIds":["openstreetmap-power"],"sourceTypes":["community_mapped"],"valueKind":"reported"},"totalUnitCount":0},"operatingCapacityMw":1580.0,"operatingCapacityMwByTechnology":{"coal":1580.0},"plannedCapacityCoverage":{"coveragePercent":0.0,"knownUnitCount":0,"method":"unavailable","totalUnitCount":0},"plannedCapacityMw":0.0,"plannedCapacityMwByTechnology":{},"recordCount":1,"recordIds":["wattlas-record-osm-way-942254864"],"sourceIds":["openstreetmap-power"],"technologies":["coal"],"technologyMixMw":{"coal":1580.0},"unitCount":0,"unitIds":[]},"type":"Feature"},{"geometry":{"coordinates":[19.273237,50.039691],"type":"Point"},"id":"wattlas-plant-osm-way-943939364","properties":{"aliases":["Elektrociepłownia Synthos Dwory"],"canonicalAnchor":"osm:way/943939364","canonicalCountryKey":"PL","capacityMw":79.0,"country":"PL","externalIds":{"osm":"way/943939364"},"geographyId":"PL-17162690B67655395900928","id":"wattlas-plant-osm-way-943939364","lifecycleCounts":{"operational":1},"locationPrecision":"exact","name":"Elektrociepłownia Synthos Dwory","operatingCapacityCoverage":{"coveragePercent":100.0,"knownUnitCount":0,"method":"plant_aggregate","provenance":{"evidenceCount":0,"recordIds":["wattlas-record-osm-way-943939364"],"sourceIds":["openstreetmap-power"],"sourceTypes":["community_mapped"],"valueKind":"reported"},"totalUnitCount":0},"operatingCapacityMw":79.0,"operatingCapacityMwByTechnology":{"gas":79.0},"plannedCapacityCoverage":{"coveragePercent":0.0,"knownUnitCount":0,"method":"unavailable","totalUnitCount":0},"plannedCapacityMw":0.0,"plannedCapacityMwByTechnology":{},"recordCount":1,"recordIds":["wattlas-record-osm-way-943939364"],"sourceIds":["openstreetmap-power"],"technologies":["gas"],"technologyMixMw":{"gas":79.0},"unitCount":0,"unitIds":[]},"type":"Feature"},{"geometry":{"coordinates":[21.974519,51.456994],"type":"Point"},"id":"wattlas-plant-osm-way-946558887","properties":{"aliases":["Elektrownia Puławy"],"canonicalAnchor":"osm:way/946558887","canonicalCountryKey":"PL","capacityMw":0.0,"country":"PL","externalIds":{"osm":"way/946558887"},"geographyId":"PL-17162690B69262761487853","id":"wattlas-plant-osm-way-946558887","lifecycleCounts":{"operational":1},"locationPrecision":"exact","name":"Elektrownia Puławy","operatingCapacityCoverage":{"coveragePercent":0.0,"knownUnitCount":0,"method":"unavailable","totalUnitCount":0},"operatingCapacityMw":0.0,"operatingCapacityMwByTechnology":{},"plannedCapacityCoverage":{"coveragePercent":0.0,"knownUnitCount":0,"method":"unavailable","totalUnitCount":0},"plannedCapacityMw":0.0,"plannedCapacityMwByTechnology":{},"recordCount":1,"recordIds":["wattlas-record-osm-way-946558887"],"sourceIds":["openstreetmap-power"],"technologies":["coal"],"technologyMixMw":{"coal":0.0},"unitCount":0,"unitIds":[]},"type":"Feature"},{"geometry":{"coordinates":[20.100847,52.052121],"type":"Point"},"id":"wattlas-plant-osm-way-948896410","properties":{"aliases":["Farma fotowoltaiczna"],"canonicalAnchor":"osm:way/948896410","canonicalCountryKey":"PL","capacityMw":0.0,"country":"PL","externalIds":{"osm":"way/948896410"},"geographyId":"PL-17162690B86810837764805","id":"wattlas-plant-osm-way-948896410","lifecycleCounts":{"operational":1},"locationPrecision":"exact","name":"Farma fotowoltaiczna","operatingCapacityCoverage":{"coveragePercent":0.0,"knownUnitCount":0,"method":"unavailable","totalUnitCount":0},"operatingCapacityMw":0.0,"operatingCapacityMwByTechnology":{},"plannedCapacityCoverage":{"coveragePercent":0.0,"knownUnitCount":0,"method":"unavailable","totalUnitCount":0},"plannedCapacityMw":0.0,"plannedCapacityMwByTechnology":{},"recordCount":1,"recordIds":["wattlas-record-osm-way-948896410"],"sourceIds":["openstreetmap-power"],"technologies":["solar"],"technologyMixMw":{"solar":0.0},"unitCount":0,"unitIds":[]},"type":"Feature"},{"geometry":{"coordinates":[23.303168,51.039299],"type":"Point"},"id":"wattlas-plant-osm-way-951506204","properties":{"aliases":["Farma fotowoltaiczna"],"canonicalAnchor":"osm:way/951506204","canonicalCountryKey":"PL","capacityMw":0.0,"country":"PL","externalIds":{"osm":"way/951506204"},"geographyId":"PL-17162690B69262761487853","id":"wattlas-plant-osm-way-951506204","lifecycleCounts":{"operational":1},"locationPrecision":"exact","name":"Farma fotowoltaiczna","operatingCapacityCoverage":{"coveragePercent":0.0,"knownUnitCount":0,"method":"unavailable","totalUnitCount":0},"operatingCapacityMw":0.0,"operatingCapacityMwByTechnology":{},"plannedCapacityCoverage":{"coveragePercent":0.0,"knownUnitCount":0,"method":"unavailable","totalUnitCount":0},"plannedCapacityMw":0.0,"plannedCapacityMwByTechnology":{},"recordCount":1,"recordIds":["wattlas-record-osm-way-951506204"],"sourceIds":["openstreetmap-power"],"technologies":["solar"],"technologyMixMw":{"solar":0.0},"unitCount":0,"unitIds":[]},"type":"Feature"},{"geometry":{"coordinates":[16.028344,50.866443],"type":"Point"},"id":"wattlas-plant-osm-way-953901384","properties":{"aliases":["Farma fotowoltaiczna"],"canonicalAnchor":"osm:way/953901384","canonicalCountryKey":"PL","capacityMw":0.0,"country":"PL","externalIds":{"osm":"way/953901384"},"geographyId":"PL-17162690B9130125042960","id":"wattlas-plant-osm-way-953901384","lifecycleCounts":{"operational":1},"locationPrecision":"exact","name":"Farma fotowoltaiczna","operatingCapacityCoverage":{"coveragePercent":0.0,"knownUnitCount":0,"method":"unavailable","totalUnitCount":0},"operatingCapacityMw":0.0,"operatingCapacityMwByTechnology":{},"plannedCapacityCoverage":{"coveragePercent":0.0,"knownUnitCount":0,"method":"unavailable","totalUnitCount":0},"plannedCapacityMw":0.0,"plannedCapacityMwByTechnology":{},"recordCount":1,"recordIds":["wattlas-record-osm-way-953901384"],"sourceIds":["openstreetmap-power"],"technologies":["solar"],"technologyMixMw":{"solar":0.0},"unitCount":0,"unitIds":[]},"type":"Feature"},{"geometry":{"coordinates":[16.029518,51.122765],"type":"Point"},"id":"wattlas-plant-osm-way-954593872","properties":{"aliases":["Biogazownia"],"canonicalAnchor":"osm:way/954593872","canonicalCountryKey":"PL","capacityMw":0.0,"country":"PL","externalIds":{"osm":"way/954593872"},"geographyId":"PL-17162690B9130125042960","id":"wattlas-plant-osm-way-954593872","lifecycleCounts":{"operational":1},"locationPrecision":"exact","name":"Biogazownia","operatingCapacityCoverage":{"coveragePercent":0.0,"knownUnitCount":0,"method":"unavailable","totalUnitCount":0},"operatingCapacityMw":0.0,"operatingCapacityMwByTechnology":{},"plannedCapacityCoverage":{"coveragePercent":0.0,"knownUnitCount":0,"method":"unavailable","totalUnitCount":0},"plannedCapacityMw":0.0,"plannedCapacityMwByTechnology":{},"recordCount":1,"recordIds":["wattlas-record-osm-way-954593872"],"sourceIds":["openstreetmap-power"],"technologies":["biomass"],"technologyMixMw":{"biomass":0.0},"unitCount":0,"unitIds":[]},"type":"Feature"},{"geometry":{"coordinates":[19.276439,50.194688],"type":"Point"},"id":"wattlas-plant-osm-way-963722749","properties":{"aliases":["TAURON Wytwarzanie S.A. Farma fotowoltaiczna Jaworzno"],"canonicalAnchor":"osm:way/963722749","canonicalCountryKey":"PL","capacityMw":5.0,"country":"PL","externalIds":{"osm":"way/963722749"},"geographyId":"PL-17162690B16879770934003","id":"wattlas-plant-osm-way-963722749","lifecycleCounts":{"operational":1},"locationPrecision":"exact","name":"TAURON Wytwarzanie S.A. Farma fotowoltaiczna Jaworzno","operatingCapacityCoverage":{"coveragePercent":100.0,"knownUnitCount":0,"method":"plant_aggregate","provenance":{"evidenceCount":0,"recordIds":["wattlas-record-osm-way-963722749"],"sourceIds":["openstreetmap-power"],"sourceTypes":["community_mapped"],"valueKind":"reported"},"totalUnitCount":0},"operatingCapacityMw":5.0,"operatingCapacityMwByTechnology":{"solar":5.0},"plannedCapacityCoverage":{"coveragePercent":0.0,"knownUnitCount":0,"method":"unavailable","totalUnitCount":0},"plannedCapacityMw":0.0,"plannedCapacityMwByTechnology":{},"recordCount":1,"recordIds":["wattlas-record-osm-way-963722749"],"sourceIds":["openstreetmap-power"],"technologies":["solar"],"technologyMixMw":{"solar":5.0},"unitCount":0,"unitIds":[]},"type":"Feature"},{"geometry":{"coordinates":[21.124152,51.31699],"type":"Point"},"id":"wattlas-plant-osm-way-966972748","properties":{"aliases":["Farma Fotowoltaiczna"],"canonicalAnchor":"osm:way/966972748","canonicalCountryKey":"PL","capacityMw":0.0,"country":"PL","externalIds":{"osm":"way/966972748"},"geographyId":"PL-17162690B84565288021286","id":"wattlas-plant-osm-way-966972748","lifecycleCounts":{"operational":1},"locationPrecision":"exact","name":"Farma Fotowoltaiczna","operatingCapacityCoverage":{"coveragePercent":0.0,"knownUnitCount":0,"method":"unavailable","totalUnitCount":0},"operatingCapacityMw":0.0,"operatingCapacityMwByTechnology":{},"plannedCapacityCoverage":{"coveragePercent":0.0,"knownUnitCount":0,"method":"unavailable","totalUnitCount":0},"plannedCapacityMw":0.0,"plannedCapacityMwByTechnology":{},"recordCount":1,"recordIds":["wattlas-record-osm-way-966972748"],"sourceIds":["openstreetmap-power"],"technologies":["solar"],"technologyMixMw":{"solar":0.0},"unitCount":0,"unitIds":[]},"type":"Feature"},{"geometry":{"coordinates":[23.26065,51.124733],"type":"Point"},"id":"wattlas-plant-osm-way-967009871","properties":{"aliases":["Farma fotowoltaiczna"],"canonicalAnchor":"osm:way/967009871","canonicalCountryKey":"PL","capacityMw":0.0,"country":"PL","externalIds":{"osm":"way/967009871"},"geographyId":"PL-17162690B69262761487853","id":"wattlas-plant-osm-way-967009871","lifecycleCounts":{"operational":1},"locationPrecision":"exact","name":"Farma fotowoltaiczna","operatingCapacityCoverage":{"coveragePercent":0.0,"knownUnitCount":0,"method":"unavailable","totalUnitCount":0},"operatingCapacityMw":0.0,"operatingCapacityMwByTechnology":{},"plannedCapacityCoverage":{"coveragePercent":0.0,"knownUnitCount":0,"method":"unavailable","totalUnitCount":0},"plannedCapacityMw":0.0,"plannedCapacityMwByTechnology":{},"recordCount":1,"recordIds":["wattlas-record-osm-way-967009871"],"sourceIds":["openstreetmap-power"],"technologies":["solar"],"technologyMixMw":{"solar":0.0},"unitCount":0,"unitIds":[]},"type":"Feature"},{"geometry":{"coordinates":[18.734304,54.302362],"type":"Point"},"id":"wattlas-plant-osm-way-972008482","properties":{"aliases":["Magazyn energii - Bystra"],"canonicalAnchor":"osm:way/972008482","canonicalCountryKey":"PL","capacityMw":6.0,"country":"PL","externalIds":{"osm":"way/972008482"},"geographyId":"PL-17162690B77437931625010","id":"wattlas-plant-osm-way-972008482","lifecycleCounts":{"operational":1},"locationPrecision":"exact","name":"Magazyn energii - Bystra","operatingCapacityCoverage":{"coveragePercent":100.0,"knownUnitCount":0,"method":"plant_aggregate","provenance":{"evidenceCount":0,"recordIds":["wattlas-record-osm-way-972008482"],"sourceIds":["openstreetmap-power"],"sourceTypes":["community_mapped"],"valueKind":"reported"},"totalUnitCount":0},"operatingCapacityMw":6.0,"operatingCapacityMwByTechnology":{"other":6.0},"plannedCapacityCoverage":{"coveragePercent":0.0,"knownUnitCount":0,"method":"unavailable","totalUnitCount":0},"plannedCapacityMw":0.0,"plannedCapacityMwByTechnology":{},"recordCount":1,"recordIds":["wattlas-record-osm-way-972008482"],"sourceIds":["openstreetmap-power"],"technologies":["other"],"technologyMixMw":{"other":6.0},"unitCount":0,"unitIds":[]},"type":"Feature"},{"geometry":{"coordinates":[18.479059,54.551716],"type":"Point"},"id":"wattlas-plant-osm-way-97219304","properties":{"aliases":["PGE Energia Ciepła Oddział Wybrzeże w Gdyni"],"canonicalAnchor":"osm:way/97219304","canonicalCountryKey":"PL","capacityMw":105.2,"country":"PL","externalIds":{"osm":"way/97219304"},"geographyId":"PL-17162690B77437931625010","id":"wattlas-plant-osm-way-97219304","lifecycleCounts":{"operational":1},"locationPrecision":"exact","name":"PGE Energia Ciepła Oddział Wybrzeże w Gdyni","operatingCapacityCoverage":{"coveragePercent":100.0,"knownUnitCount":0,"method":"plant_aggregate","provenance":{"evidenceCount":0,"recordIds":["wattlas-record-osm-way-97219304"],"sourceIds":["openstreetmap-power"],"sourceTypes":["community_mapped"],"valueKind":"reported"},"totalUnitCount":0},"operatingCapacityMw":105.2,"operatingCapacityMwByTechnology":{"coal":105.2},"plannedCapacityCoverage":{"coveragePercent":0.0,"knownUnitCount":0,"method":"unavailable","totalUnitCount":0},"plannedCapacityMw":0.0,"plannedCapacityMwByTechnology":{},"recordCount":1,"recordIds":["wattlas-record-osm-way-97219304"],"sourceIds":["openstreetmap-power"],"technologies":["coal"],"technologyMixMw":{"coal":105.2},"unitCount":0,"unitIds":[]},"type":"Feature"},{"geometry":{"coordinates":[16.140064,51.663965],"type":"Point"},"id":"wattlas-plant-osm-way-974461258","properties":{"aliases":["Mapped power plant · OSM 974461258"],"canonicalAnchor":"osm:way/974461258","canonicalCountryKey":"PL","capacityMw":0.0,"country":"PL","externalIds":{"osm":"way/974461258"},"geographyId":"PL-17162690B9130125042960","id":"wattlas-plant-osm-way-974461258","lifecycleCounts":{"operational":1},"locationPrecision":"exact","name":"Mapped power plant · OSM 974461258","operatingCapacityCoverage":{"coveragePercent":0.0,"knownUnitCount":0,"method":"unavailable","totalUnitCount":0},"operatingCapacityMw":0.0,"operatingCapacityMwByTechnology":{},"plannedCapacityCoverage":{"coveragePercent":0.0,"knownUnitCount":0,"method":"unavailable","totalUnitCount":0},"plannedCapacityMw":0.0,"plannedCapacityMwByTechnology":{},"recordCount":1,"recordIds":["wattlas-record-osm-way-974461258"],"sourceIds":["openstreetmap-power"],"technologies":["solar"],"technologyMixMw":{"solar":0.0},"unitCount":0,"unitIds":[]},"type":"Feature"},{"geometry":{"coordinates":[18.657652,52.082752],"type":"Point"},"id":"wattlas-plant-osm-way-974640932","properties":{"aliases":["Farma Fotowoltaiczna"],"canonicalAnchor":"osm:way/974640932","canonicalCountryKey":"PL","capacityMw":0.0,"country":"PL","externalIds":{"osm":"way/974640932"},"geographyId":"PL-17162690B71775569625336","id":"wattlas-plant-osm-way-974640932","lifecycleCounts":{"operational":1},"locationPrecision":"exact","name":"Farma Fotowoltaiczna","operatingCapacityCoverage":{"coveragePercent":0.0,"knownUnitCount":0,"method":"unavailable","totalUnitCount":0},"operatingCapacityMw":0.0,"operatingCapacityMwByTechnology":{},"plannedCapacityCoverage":{"coveragePercent":0.0,"knownUnitCount":0,"method":"unavailable","totalUnitCount":0},"plannedCapacityMw":0.0,"plannedCapacityMwByTechnology":{},"recordCount":1,"recordIds":["wattlas-record-osm-way-974640932"],"sourceIds":["openstreetmap-power"],"technologies":["solar"],"technologyMixMw":{"solar":0.0},"unitCount":0,"unitIds":[]},"type":"Feature"},{"geometry":{"coordinates":[18.649053,52.079817],"type":"Point"},"id":"wattlas-plant-osm-way-974640933","properties":{"aliases":["Farma Fotowoltaiczna"],"canonicalAnchor":"osm:way/974640933","canonicalCountryKey":"PL","capacityMw":0.0,"country":"PL","externalIds":{"osm":"way/974640933"},"geographyId":"PL-17162690B71775569625336","id":"wattlas-plant-osm-way-974640933","lifecycleCounts":{"operational":1},"locationPrecision":"exact","name":"Farma Fotowoltaiczna","operatingCapacityCoverage":{"coveragePercent":0.0,"knownUnitCount":0,"method":"unavailable","totalUnitCount":0},"operatingCapacityMw":0.0,"operatingCapacityMwByTechnology":{},"plannedCapacityCoverage":{"coveragePercent":0.0,"knownUnitCount":0,"method":"unavailable","totalUnitCount":0},"plannedCapacityMw":0.0,"plannedCapacityMwByTechnology":{},"recordCount":1,"recordIds":["wattlas-record-osm-way-974640933"],"sourceIds":["openstreetmap-power"],"technologies":["solar"],"technologyMixMw":{"solar":0.0},"unitCount":0,"unitIds":[]},"type":"Feature"},{"geometry":{"coordinates":[16.995984,50.472511],"type":"Point"},"id":"wattlas-plant-osm-way-977582377","properties":{"aliases":["Elektrownia wodna Kozielno"],"canonicalAnchor":"osm:way/977582377","canonicalCountryKey":"PL","capacityMw":1.9,"country":"PL","externalIds":{"osm":"way/977582377"},"geographyId":"PL-17162690B67719337891950","id":"wattlas-plant-osm-way-977582377","lifecycleCounts":{"operational":1},"locationPrecision":"exact","name":"Elektrownia wodna Kozielno","operatingCapacityCoverage":{"coveragePercent":100.0,"knownUnitCount":0,"method":"plant_aggregate","provenance":{"evidenceCount":0,"recordIds":["wattlas-record-osm-way-977582377"],"sourceIds":["openstreetmap-power"],"sourceTypes":["community_mapped"],"valueKind":"reported"},"totalUnitCount":0},"operatingCapacityMw":1.9,"operatingCapacityMwByTechnology":{"hydro":1.9},"plannedCapacityCoverage":{"coveragePercent":0.0,"knownUnitCount":0,"method":"unavailable","totalUnitCount":0},"plannedCapacityMw":0.0,"plannedCapacityMwByTechnology":{},"recordCount":1,"recordIds":["wattlas-record-osm-way-977582377"],"sourceIds":["openstreetmap-power"],"technologies":["hydro"],"technologyMixMw":{"hydro":1.9},"unitCount":0,"unitIds":[]},"type":"Feature"},{"geometry":{"coordinates":[20.848748,51.422911],"type":"Point"},"id":"wattlas-plant-osm-way-984415511","properties":{"aliases":["Elektrownia Wodna Domaniów"],"canonicalAnchor":"osm:way/984415511","canonicalCountryKey":"PL","capacityMw":0.0,"country":"PL","externalIds":{"osm":"way/984415511"},"geographyId":"PL-17162690B84565288021286","id":"wattlas-plant-osm-way-984415511","lifecycleCounts":{"operational":1},"locationPrecision":"exact","name":"Elektrownia Wodna Domaniów","operatingCapacityCoverage":{"coveragePercent":0.0,"knownUnitCount":0,"method":"unavailable","totalUnitCount":0},"operatingCapacityMw":0.0,"operatingCapacityMwByTechnology":{},"plannedCapacityCoverage":{"coveragePercent":0.0,"knownUnitCount":0,"method":"unavailable","totalUnitCount":0},"plannedCapacityMw":0.0,"plannedCapacityMwByTechnology":{},"recordCount":1,"recordIds":["wattlas-record-osm-way-984415511"],"sourceIds":["openstreetmap-power"],"technologies":["hydro"],"technologyMixMw":{"hydro":0.0},"unitCount":0,"unitIds":[]},"type":"Feature"},{"geometry":{"coordinates":[20.140894,52.207753],"type":"Point"},"id":"wattlas-plant-osm-way-987218582","properties":{"aliases":["Farma fotowoltaiczna"],"canonicalAnchor":"osm:way/987218582","canonicalCountryKey":"PL","capacityMw":0.0,"country":"PL","externalIds":{"osm":"way/987218582"},"geographyId":"PL-17162690B84565288021286","id":"wattlas-plant-osm-way-987218582","lifecycleCounts":{"operational":1},"locationPrecision":"exact","name":"Farma fotowoltaiczna","operatingCapacityCoverage":{"coveragePercent":0.0,"knownUnitCount":0,"method":"unavailable","totalUnitCount":0},"operatingCapacityMw":0.0,"operatingCapacityMwByTechnology":{},"plannedCapacityCoverage":{"coveragePercent":0.0,"knownUnitCount":0,"method":"unavailable","totalUnitCount":0},"plannedCapacityMw":0.0,"plannedCapacityMwByTechnology":{},"recordCount":1,"recordIds":["wattlas-record-osm-way-987218582"],"sourceIds":["openstreetmap-power"],"technologies":["solar"],"technologyMixMw":{"solar":0.0},"unitCount":0,"unitIds":[]},"type":"Feature"},{"geometry":{"coordinates":[21.170746,52.209129],"type":"Point"},"id":"wattlas-plant-osm-way-991749759","properties":{"aliases":["Veolia Energia S.A. - Ciepłownia Międzylesie"],"canonicalAnchor":"osm:way/991749759","canonicalCountryKey":"PL","capacityMw":0.0,"country":"PL","externalIds":{"osm":"way/991749759"},"geographyId":"PL-17162690B84565288021286","id":"wattlas-plant-osm-way-991749759","lifecycleCounts":{"operational":1},"locationPrecision":"exact","name":"Veolia Energia S.A. - Ciepłownia Międzylesie","operatingCapacityCoverage":{"coveragePercent":0.0,"knownUnitCount":0,"method":"unavailable","totalUnitCount":0},"operatingCapacityMw":0.0,"operatingCapacityMwByTechnology":{},"plannedCapacityCoverage":{"coveragePercent":0.0,"knownUnitCount":0,"method":"unavailable","totalUnitCount":0},"plannedCapacityMw":0.0,"plannedCapacityMwByTechnology":{},"recordCount":1,"recordIds":["wattlas-record-osm-way-991749759"],"sourceIds":["openstreetmap-power"],"technologies":["coal"],"technologyMixMw":{"coal":0.0},"unitCount":0,"unitIds":[]},"type":"Feature"},{"geometry":{"coordinates":[16.126982,51.18953],"type":"Point"},"id":"wattlas-plant-osm-way-992499883","properties":{"aliases":["Mapped power plant · OSM 992499883"],"canonicalAnchor":"osm:way/992499883","canonicalCountryKey":"PL","capacityMw":0.0,"country":"PL","externalIds":{"osm":"way/992499883"},"geographyId":"PL-17162690B9130125042960","id":"wattlas-plant-osm-way-992499883","lifecycleCounts":{"operational":1},"locationPrecision":"exact","name":"Mapped power plant · OSM 992499883","operatingCapacityCoverage":{"coveragePercent":0.0,"knownUnitCount":0,"method":"unavailable","totalUnitCount":0},"operatingCapacityMw":0.0,"operatingCapacityMwByTechnology":{},"plannedCapacityCoverage":{"coveragePercent":0.0,"knownUnitCount":0,"method":"unavailable","totalUnitCount":0},"plannedCapacityMw":0.0,"plannedCapacityMwByTechnology":{},"recordCount":1,"recordIds":["wattlas-record-osm-way-992499883"],"sourceIds":["openstreetmap-power"],"technologies":["solar"],"technologyMixMw":{"solar":0.0},"unitCount":0,"unitIds":[]},"type":"Feature"},{"geometry":{"coordinates":[21.308551,50.233923],"type":"Point"},"id":"wattlas-plant-osm-way-993522025","properties":{"aliases":["Farma fotowoltaiczna"],"canonicalAnchor":"osm:way/993522025","canonicalCountryKey":"PL","capacityMw":0.0,"country":"PL","externalIds":{"osm":"way/993522025"},"geographyId":"PL-17162690B44985096553766","id":"wattlas-plant-osm-way-993522025","lifecycleCounts":{"operational":1},"locationPrecision":"exact","name":"Farma fotowoltaiczna","operatingCapacityCoverage":{"coveragePercent":0.0,"knownUnitCount":0,"method":"unavailable","totalUnitCount":0},"operatingCapacityMw":0.0,"operatingCapacityMwByTechnology":{},"plannedCapacityCoverage":{"coveragePercent":0.0,"knownUnitCount":0,"method":"unavailable","totalUnitCount":0},"plannedCapacityMw":0.0,"plannedCapacityMwByTechnology":{},"recordCount":1,"recordIds":["wattlas-record-osm-way-993522025"],"sourceIds":["openstreetmap-power"],"technologies":["solar"],"technologyMixMw":{"solar":0.0},"unitCount":0,"unitIds":[]},"type":"Feature"},{"geometry":{"coordinates":[22.396578,50.531315],"type":"Point"},"id":"wattlas-plant-osm-way-994915594","properties":{"aliases":["Farma fotowoltaiczna Golce I"],"canonicalAnchor":"osm:way/994915594","canonicalCountryKey":"PL","capacityMw":999.0,"country":"PL","externalIds":{"osm":"way/994915594"},"geographyId":"PL-17162690B44985096553766","id":"wattlas-plant-osm-way-994915594","lifecycleCounts":{"operational":1},"locationPrecision":"exact","name":"Farma fotowoltaiczna Golce I","operatingCapacityCoverage":{"coveragePercent":100.0,"knownUnitCount":0,"method":"plant_aggregate","provenance":{"evidenceCount":0,"recordIds":["wattlas-record-osm-way-994915594"],"sourceIds":["openstreetmap-power"],"sourceTypes":["community_mapped"],"valueKind":"reported"},"totalUnitCount":0},"operatingCapacityMw":999.0,"operatingCapacityMwByTechnology":{"solar":999.0},"plannedCapacityCoverage":{"coveragePercent":0.0,"knownUnitCount":0,"method":"unavailable","totalUnitCount":0},"plannedCapacityMw":0.0,"plannedCapacityMwByTechnology":{},"recordCount":1,"recordIds":["wattlas-record-osm-way-994915594"],"sourceIds":["openstreetmap-power"],"technologies":["solar"],"technologyMixMw":{"solar":999.0},"unitCount":0,"unitIds":[]},"type":"Feature"},{"geometry":{"coordinates":[16.706864,54.084653],"type":"Point"},"id":"wattlas-plant-osm-way-995562351","properties":{"aliases":["Farma fotowoltaiczna"],"canonicalAnchor":"osm:way/995562351","canonicalCountryKey":"PL","capacityMw":0.0,"country":"PL","externalIds":{"osm":"way/995562351"},"geographyId":"PL-17162690B34878575347312","id":"wattlas-plant-osm-way-995562351","lifecycleCounts":{"operational":1},"locationPrecision":"exact","name":"Farma fotowoltaiczna","operatingCapacityCoverage":{"coveragePercent":0.0,"knownUnitCount":0,"method":"unavailable","totalUnitCount":0},"operatingCapacityMw":0.0,"operatingCapacityMwByTechnology":{},"plannedCapacityCoverage":{"coveragePercent":0.0,"knownUnitCount":0,"method":"unavailable","totalUnitCount":0},"plannedCapacityMw":0.0,"plannedCapacityMwByTechnology":{},"recordCount":1,"recordIds":["wattlas-record-osm-way-995562351"],"sourceIds":["openstreetmap-power"],"technologies":["solar"],"technologyMixMw":{"solar":0.0},"unitCount":0,"unitIds":[]},"type":"Feature"},{"geometry":{"coordinates":[18.90882,50.269888],"type":"Point"},"id":"wattlas-plant-osm-way-996210863","properties":{"aliases":["Węglokoks Energia - żródło Nowy Wirek"],"canonicalAnchor":"osm:way/996210863","canonicalCountryKey":"PL","capacityMw":8.8,"country":"PL","externalIds":{"osm":"way/996210863"},"geographyId":"PL-17162690B16879770934003","id":"wattlas-plant-osm-way-996210863","lifecycleCounts":{"operational":1},"locationPrecision":"exact","name":"Węglokoks Energia - żródło Nowy Wirek","operatingCapacityCoverage":{"coveragePercent":100.0,"knownUnitCount":0,"method":"plant_aggregate","provenance":{"evidenceCount":0,"recordIds":["wattlas-record-osm-way-996210863"],"sourceIds":["openstreetmap-power"],"sourceTypes":["community_mapped"],"valueKind":"reported"},"totalUnitCount":0},"operatingCapacityMw":8.8,"operatingCapacityMwByTechnology":{"gas":8.8},"plannedCapacityCoverage":{"coveragePercent":0.0,"knownUnitCount":0,"method":"unavailable","totalUnitCount":0},"plannedCapacityMw":0.0,"plannedCapacityMwByTechnology":{},"recordCount":1,"recordIds":["wattlas-record-osm-way-996210863"],"sourceIds":["openstreetmap-power"],"technologies":["gas"],"technologyMixMw":{"gas":8.8},"unitCount":0,"unitIds":[]},"type":"Feature"},{"geometry":{"coordinates":[23.126567,50.240822],"type":"Point"},"id":"wattlas-plant-osm-way-998128239","properties":{"aliases":["Farma fotowoltaliczna"],"canonicalAnchor":"osm:way/998128239","canonicalCountryKey":"PL","capacityMw":0.0,"country":"PL","externalIds":{"osm":"way/998128239"},"geographyId":"PL-17162690B44985096553766","id":"wattlas-plant-osm-way-998128239","lifecycleCounts":{"operational":1},"locationPrecision":"exact","name":"Farma fotowoltaliczna","operatingCapacityCoverage":{"coveragePercent":0.0,"knownUnitCount":0,"method":"unavailable","totalUnitCount":0},"operatingCapacityMw":0.0,"operatingCapacityMwByTechnology":{},"plannedCapacityCoverage":{"coveragePercent":0.0,"knownUnitCount":0,"method":"unavailable","totalUnitCount":0},"plannedCapacityMw":0.0,"plannedCapacityMwByTechnology":{},"recordCount":1,"recordIds":["wattlas-record-osm-way-998128239"],"sourceIds":["openstreetmap-power"],"technologies":["solar"],"technologyMixMw":{"solar":0.0},"unitCount":0,"unitIds":[]},"type":"Feature"},{"geometry":{"coordinates":[19.84911,54.300695],"type":"Point"},"id":"wattlas-plant-wikidata-q106634882","properties":{"aliases":["Elektrownia Wodna Pierzchały"],"canonicalAnchor":"wikidata:Q106634882","canonicalCountryKey":"PL","capacityMw":2.64,"country":"PL","externalIds":{"osm":"way/253397619","wikidata":"Q106634882","wikipedia":"pl:Elektrownia Pierzchały"},"geographyId":"PL-17162690B18723007704312","id":"wattlas-plant-wikidata-q106634882","idAliases":["wattlas-plant-osm-way-253397619","wattlas-plant-wikipedia-pl-elektrownia-pierzcha-y"],"lifecycleCounts":{"operational":1},"locationPrecision":"exact","name":"Elektrownia Wodna Pierzchały","operatingCapacityCoverage":{"coveragePercent":100.0,"knownUnitCount":0,"method":"plant_aggregate","provenance":{"evidenceCount":0,"recordIds":["wattlas-record-osm-way-253397619"],"sourceIds":["openstreetmap-power"],"sourceTypes":["community_mapped"],"valueKind":"reported"},"totalUnitCount":0},"operatingCapacityMw":2.64,"operatingCapacityMwByTechnology":{"hydro":2.64},"plannedCapacityCoverage":{"coveragePercent":0.0,"knownUnitCount":0,"method":"unavailable","totalUnitCount":0},"plannedCapacityMw":0.0,"plannedCapacityMwByTechnology":{},"recordCount":1,"recordIds":["wattlas-record-osm-way-253397619"],"sourceIds":["openstreetmap-power"],"technologies":["hydro"],"technologyMixMw":{"hydro":2.64},"unitCount":0,"unitIds":[]},"type":"Feature"},{"geometry":{"coordinates":[14.465897,53.205803],"type":"Point"},"id":"wattlas-plant-wikidata-q1164234","properties":{"aliases":["Elektrownia Dolna Odra"],"canonicalAnchor":"wikidata:Q1164234","canonicalCountryKey":"PL","capacityMw":908.0,"country":"PL","externalIds":{"osm":"way/35222596","wikidata":"Q1164234","wikipedia":"pl:Elektrownia Dolna Odra"},"geographyId":"PL-17162690B34878575347312","id":"wattlas-plant-wikidata-q1164234","idAliases":["wattlas-plant-osm-way-35222596","wattlas-plant-wikipedia-pl-elektrownia-dolna-odra"],"lifecycleCounts":{"operational":1},"locationPrecision":"exact","name":"Elektrownia Dolna Odra","operatingCapacityCoverage":{"coveragePercent":100.0,"knownUnitCount":0,"method":"plant_aggregate","provenance":{"evidenceCount":0,"recordIds":["wattlas-record-osm-way-35222596"],"sourceIds":["openstreetmap-power"],"sourceTypes":["community_mapped"],"valueKind":"reported"},"totalUnitCount":0},"operatingCapacityMw":908.0,"operatingCapacityMwByTechnology":{"coal":908.0},"plannedCapacityCoverage":{"coveragePercent":0.0,"knownUnitCount":0,"method":"unavailable","totalUnitCount":0},"plannedCapacityMw":0.0,"plannedCapacityMwByTechnology":{},"recordCount":1,"recordIds":["wattlas-record-osm-way-35222596"],"sourceIds":["openstreetmap-power"],"technologies":["coal"],"technologyMixMw":{"coal":908.0},"unitCount":0,"unitIds":[]},"type":"Feature"},{"geometry":{"coordinates":[20.921682,52.220091],"type":"Point"},"id":"wattlas-plant-wikidata-q11690601","properties":{"aliases":["Ciepłownia Wola"],"canonicalAnchor":"wikidata:Q11690601","canonicalCountryKey":"PL","capacityMw":0.0,"country":"PL","externalIds":{"osm":"way/169259924","wikidata":"Q11690601","wikipedia":"pl:Ciepłownia Wola"},"geographyId":"PL-17162690B84565288021286","id":"wattlas-plant-wikidata-q11690601","idAliases":["wattlas-plant-osm-way-169259924","wattlas-plant-wikipedia-pl-ciep-ownia-wola"],"lifecycleCounts":{"operational":1},"locationPrecision":"exact","name":"Ciepłownia Wola","operatingCapacityCoverage":{"coveragePercent":0.0,"knownUnitCount":0,"method":"unavailable","totalUnitCount":0},"operatingCapacityMw":0.0,"operatingCapacityMwByTechnology":{},"plannedCapacityCoverage":{"coveragePercent":0.0,"knownUnitCount":0,"method":"unavailable","totalUnitCount":0},"plannedCapacityMw":0.0,"plannedCapacityMwByTechnology":{},"recordCount":1,"recordIds":["wattlas-record-osm-way-169259924"],"sourceIds":["openstreetmap-power"],"technologies":["coal"],"technologyMixMw":{"coal":0.0},"unitCount":0,"unitIds":[]},"type":"Feature"},{"geometry":{"coordinates":[16.990999,52.435577],"type":"Point"},"id":"wattlas-plant-wikidata-q11692675","properties":{"aliases":["Veolia Energia Poznań - oddział Elektrociepłownia Poznań Karolin EC-II"],"canonicalAnchor":"wikidata:Q11692675","canonicalCountryKey":"PL","capacityMw":276.0,"country":"PL","externalIds":{"osm":"relation/17448376","wikidata":"Q11692675","wikipedia":"pl:Veolia Energia Poznań"},"geographyId":"PL-17162690B71775569625336","id":"wattlas-plant-wikidata-q11692675","idAliases":["wattlas-plant-osm-relation-17448376","wattlas-plant-wikipedia-pl-veolia-energia-pozna"],"lifecycleCounts":{"operational":1},"locationPrecision":"exact","name":"Veolia Energia Poznań - oddział Elektrociepłownia Poznań Karolin EC-II","operatingCapacityCoverage":{"coveragePercent":100.0,"knownUnitCount":0,"method":"plant_aggregate","provenance":{"evidenceCount":0,"recordIds":["wattlas-record-osm-relation-17448376"],"sourceIds":["openstreetmap-power"],"sourceTypes":["community_mapped"],"valueKind":"reported"},"totalUnitCount":0},"operatingCapacityMw":276.0,"operatingCapacityMwByTechnology":{"coal":276.0},"plannedCapacityCoverage":{"coveragePercent":0.0,"knownUnitCount":0,"method":"unavailable","totalUnitCount":0},"plannedCapacityMw":0.0,"plannedCapacityMwByTechnology":{},"recordCount":1,"recordIds":["wattlas-record-osm-relation-17448376"],"sourceIds":["openstreetmap-power"],"technologies":["coal"],"technologyMixMw":{"coal":276.0},"unitCount":0,"unitIds":[]},"type":"Feature"},{"geometry":{"coordinates":[19.336876,49.852405],"type":"Point"},"id":"wattlas-plant-wikidata-q11696546","properties":{"aliases":["Elektrociepłownia Andrychów"],"canonicalAnchor":"wikidata:Q11696546","canonicalCountryKey":"PL","capacityMw":12.5,"country":"PL","externalIds":{"osm":"way/301062138","wikidata":"Q11696546","wikipedia":"pl:Elektrociepłownia Andrychów"},"geographyId":"PL-17162690B67655395900928","id":"wattlas-plant-wikidata-q11696546","idAliases":["wattlas-plant-osm-way-301062138","wattlas-plant-wikipedia-pl-elektrociep-ownia-andrych-w"],"lifecycleCounts":{"operational":1},"locationPrecision":"exact","name":"Elektrociepłownia Andrychów","operatingCapacityCoverage":{"coveragePercent":100.0,"knownUnitCount":0,"method":"plant_aggregate","provenance":{"evidenceCount":0,"recordIds":["wattlas-record-osm-way-301062138"],"sourceIds":["openstreetmap-power"],"sourceTypes":["community_mapped"],"valueKind":"reported"},"totalUnitCount":0},"operatingCapacityMw":12.5,"operatingCapacityMwByTechnology":{"coal":12.5},"plannedCapacityCoverage":{"coveragePercent":0.0,"knownUnitCount":0,"method":"unavailable","totalUnitCount":0},"plannedCapacityMw":0.0,"plannedCapacityMwByTechnology":{},"recordCount":1,"recordIds":["wattlas-record-osm-way-301062138"],"sourceIds":["openstreetmap-power"],"technologies":["coal"],"technologyMixMw":{"coal":12.5},"unitCount":0,"unitIds":[]},"type":"Feature"},{"geometry":{"coordinates":[19.27685,50.348217],"type":"Point"},"id":"wattlas-plant-wikidata-q11696549","properties":{"aliases":["Elektrociepłownia EC Nowa"],"canonicalAnchor":"wikidata:Q11696549","canonicalCountryKey":"PL","capacityMw":180.0,"country":"PL","externalIds":{"osm":"way/977408835","wikidata":"Q11696549","wikipedia":"pl:Elektrociepłownia EC Nowa"},"geographyId":"PL-17162690B16879770934003","id":"wattlas-plant-wikidata-q11696549","idAliases":["wattlas-plant-osm-way-977408835","wattlas-plant-wikipedia-pl-elektrociep-ownia-ec-nowa"],"lifecycleCounts":{"operational":1},"locationPrecision":"exact","name":"Elektrociepłownia EC Nowa","operatingCapacityCoverage":{"coveragePercent":100.0,"knownUnitCount":0,"method":"plant_aggregate","provenance":{"evidenceCount":0,"recordIds":["wattlas-record-osm-way-977408835"],"sourceIds":["openstreetmap-power"],"sourceTypes":["community_mapped"],"valueKind":"reported"},"totalUnitCount":0},"operatingCapacityMw":180.0,"operatingCapacityMwByTechnology":{"gas":180.0},"plannedCapacityCoverage":{"coveragePercent":0.0,"knownUnitCount":0,"method":"unavailable","totalUnitCount":0},"plannedCapacityMw":0.0,"plannedCapacityMwByTechnology":{},"recordCount":1,"recordIds":["wattlas-record-osm-way-977408835"],"sourceIds":["openstreetmap-power"],"technologies":["gas"],"technologyMixMw":{"gas":180.0},"unitCount":0,"unitIds":[]},"type":"Feature"},{"geometry":{"coordinates":[15.271429,52.7497],"type":"Point"},"id":"wattlas-plant-wikidata-q11696552","properties":{"aliases":["PGE Energia Ciepła - Oddział Elektrociepłownia w Gorzowie Wielkopolskim"],"canonicalAnchor":"wikidata:Q11696552","canonicalCountryKey":"PL","capacityMw":232.0,"country":"PL","externalIds":{"osm":"way/177633612","wikidata":"Q11696552","wikipedia":"pl:Elektrociepłownia Gorzów"},"geographyId":"PL-17162690B87710404837799","id":"wattlas-plant-wikidata-q11696552","idAliases":["wattlas-plant-osm-way-177633612","wattlas-plant-wikipedia-pl-elektrociep-ownia-gorz-w"],"lifecycleCounts":{"operational":1},"locationPrecision":"exact","name":"PGE Energia Ciepła - Oddział Elektrociepłownia w Gorzowie Wielkopolskim","operatingCapacityCoverage":{"coveragePercent":100.0,"knownUnitCount":0,"method":"plant_aggregate","provenance":{"evidenceCount":0,"recordIds":["wattlas-record-osm-way-177633612"],"sourceIds":["openstreetmap-power"],"sourceTypes":["community_mapped"],"valueKind":"reported"},"totalUnitCount":0},"operatingCapacityMw":232.0,"operatingCapacityMwByTechnology":{"gas":232.0},"plannedCapacityCoverage":{"coveragePercent":0.0,"knownUnitCount":0,"method":"unavailable","totalUnitCount":0},"plannedCapacityMw":0.0,"plannedCapacityMwByTechnology":{},"recordCount":1,"recordIds":["wattlas-record-osm-way-177633612"],"sourceIds":["openstreetmap-power"],"technologies":["gas"],"technologyMixMw":{"gas":232.0},"unitCount":0,"unitIds":[]},"type":"Feature"},{"geometry":{"coordinates":[18.810862,50.298379],"type":"Point"},"id":"wattlas-plant-wikidata-q11696555","properties":{"aliases":["Fortum Zabrze"],"canonicalAnchor":"wikidata:Q11696555","canonicalCountryKey":"PL","capacityMw":138.0,"country":"PL","externalIds":{"osm":"way/42833625","wikidata":"Q11696555","wikipedia":"pl:Elektrociepłownia Zabrze"},"geographyId":"PL-17162690B16879770934003","id":"wattlas-plant-wikidata-q11696555","idAliases":["wattlas-plant-osm-way-42833625","wattlas-plant-wikipedia-pl-elektrociep-ownia-zabrze"],"lifecycleCounts":{"operational":1},"locationPrecision":"exact","name":"Fortum Zabrze","operatingCapacityCoverage":{"coveragePercent":100.0,"knownUnitCount":0,"method":"plant_aggregate","provenance":{"evidenceCount":0,"recordIds":["wattlas-record-osm-way-42833625"],"sourceIds":["openstreetmap-power"],"sourceTypes":["community_mapped"],"valueKind":"reported"},"totalUnitCount":0},"operatingCapacityMw":138.0,"operatingCapacityMwByTechnology":{"coal":138.0},"plannedCapacityCoverage":{"coveragePercent":0.0,"knownUnitCount":0,"method":"unavailable","totalUnitCount":0},"plannedCapacityMw":0.0,"plannedCapacityMwByTechnology":{},"recordCount":1,"recordIds":["wattlas-record-osm-way-42833625"],"sourceIds":["openstreetmap-power"],"technologies":["coal"],"technologyMixMw":{"coal":138.0},"unitCount":0,"unitIds":[]},"type":"Feature"},{"geometry":{"coordinates":[19.801083,49.977338],"type":"Point"},"id":"wattlas-plant-wikidata-q11696584","properties":{"aliases":["ResInvest Energy Skawina S.A."],"canonicalAnchor":"wikidata:Q11696584","canonicalCountryKey":"PL","capacityMw":330.0,"country":"PL","externalIds":{"osm":"way/179864449","wikidata":"Q11696584","wikipedia":"pl:Elektrownia Skawina"},"geographyId":"PL-17162690B67655395900928","id":"wattlas-plant-wikidata-q11696584","idAliases":["wattlas-plant-osm-way-179864449","wattlas-plant-wikipedia-pl-elektrownia-skawina"],"lifecycleCounts":{"operational":1},"locationPrecision":"exact","name":"ResInvest Energy Skawina S.A.","operatingCapacityCoverage":{"coveragePercent":100.0,"knownUnitCount":0,"method":"plant_aggregate","provenance":{"evidenceCount":0,"recordIds":["wattlas-record-osm-way-179864449"],"sourceIds":["openstreetmap-power"],"sourceTypes":["community_mapped"],"valueKind":"reported"},"totalUnitCount":0},"operatingCapacityMw":330.0,"operatingCapacityMwByTechnology":{"coal":330.0},"plannedCapacityCoverage":{"coveragePercent":0.0,"knownUnitCount":0,"method":"unavailable","totalUnitCount":0},"plannedCapacityMw":0.0,"plannedCapacityMwByTechnology":{},"recordCount":1,"recordIds":["wattlas-record-osm-way-179864449"],"sourceIds":["openstreetmap-power"],"technologies":["coal"],"technologyMixMw":{"coal":330.0},"unitCount":0,"unitIds":[]},"type":"Feature"},{"geometry":{"coordinates":[17.833052,50.755811],"type":"Point"},"id":"wattlas-plant-wikidata-q11696587","properties":{"aliases":["Elektrownia Wodna Dobrzeń"],"canonicalAnchor":"wikidata:Q11696587","canonicalCountryKey":"PL","capacityMw":1.6,"country":"PL","externalIds":{"osm":"way/404862897","wikidata":"Q11696587","wikipedia":"pl:Elektrownia Wodna Dobrzeń"},"geographyId":"PL-17162690B67719337891950","id":"wattlas-plant-wikidata-q11696587","idAliases":["wattlas-plant-osm-way-404862897","wattlas-plant-wikipedia-pl-elektrownia-wodna-dobrze"],"lifecycleCounts":{"operational":1},"locationPrecision":"exact","name":"Elektrownia Wodna Dobrzeń","operatingCapacityCoverage":{"coveragePercent":100.0,"knownUnitCount":0,"method":"plant_aggregate","provenance":{"evidenceCount":0,"recordIds":["wattlas-record-osm-way-404862897"],"sourceIds":["openstreetmap-power"],"sourceTypes":["community_mapped"],"valueKind":"reported"},"totalUnitCount":0},"operatingCapacityMw":1.6,"operatingCapacityMwByTechnology":{"hydro":1.6},"plannedCapacityCoverage":{"coveragePercent":0.0,"knownUnitCount":0,"method":"unavailable","totalUnitCount":0},"plannedCapacityMw":0.0,"plannedCapacityMwByTechnology":{},"recordCount":1,"recordIds":["wattlas-record-osm-way-404862897"],"sourceIds":["openstreetmap-power"],"technologies":["hydro"],"technologyMixMw":{"hydro":1.6},"unitCount":0,"unitIds":[]},"type":"Feature"},{"geometry":{"coordinates":[17.031148,51.115213],"type":"Point"},"id":"wattlas-plant-wikidata-q11696588","properties":{"aliases":["Elektrownia Wodna Wrocław II"],"canonicalAnchor":"wikidata:Q11696588","canonicalCountryKey":"PL","capacityMw":1.0,"country":"PL","externalIds":{"osm":"way/1064339144","wikidata":"Q11696588","wikipedia":"pl:Elektrownia Wodna Wrocław II"},"geographyId":"PL-17162690B9130125042960","id":"wattlas-plant-wikidata-q11696588","idAliases":["wattlas-plant-osm-way-1064339144","wattlas-plant-wikipedia-pl-elektrownia-wodna-wroc-aw-ii"],"lifecycleCounts":{"operational":1},"locationPrecision":"exact","name":"Elektrownia Wodna Wrocław II","operatingCapacityCoverage":{"coveragePercent":100.0,"knownUnitCount":0,"method":"plant_aggregate","provenance":{"evidenceCount":0,"recordIds":["wattlas-record-osm-way-1064339144"],"sourceIds":["openstreetmap-power"],"sourceTypes":["community_mapped"],"valueKind":"reported"},"totalUnitCount":0},"operatingCapacityMw":1.0,"operatingCapacityMwByTechnology":{"hydro":1.0},"plannedCapacityCoverage":{"coveragePercent":0.0,"knownUnitCount":0,"method":"unavailable","totalUnitCount":0},"plannedCapacityMw":0.0,"plannedCapacityMwByTechnology":{},"recordCount":1,"recordIds":["wattlas-record-osm-way-1064339144"],"sourceIds":["openstreetmap-power"],"technologies":["hydro"],"technologyMixMw":{"hydro":1.0},"unitCount":0,"unitIds":[]},"type":"Feature"},{"geometry":{"coordinates":[22.556978,51.215474],"type":"Point"},"id":"wattlas-plant-wikidata-q11801817","properties":{"aliases":["Elektrociepłownia Lublin Wrotków"],"canonicalAnchor":"wikidata:Q11801817","canonicalCountryKey":"PL","capacityMw":231.0,"country":"PL","externalIds":{"osm":"way/40049736","wikidata":"Q11801817","wikipedia":"pl:Elektrociepłownia Lublin-Wrotków"},"geographyId":"PL-17162690B69262761487853","id":"wattlas-plant-wikidata-q11801817","idAliases":["wattlas-plant-osm-way-40049736","wattlas-plant-wikipedia-pl-elektrociep-ownia-lublin-wrotk-w"],"lifecycleCounts":{"operational":1},"locationPrecision":"exact","name":"Elektrociepłownia Lublin Wrotków","operatingCapacityCoverage":{"coveragePercent":100.0,"knownUnitCount":0,"method":"plant_aggregate","provenance":{"evidenceCount":0,"recordIds":["wattlas-record-osm-way-40049736"],"sourceIds":["openstreetmap-power"],"sourceTypes":["community_mapped"],"valueKind":"reported"},"totalUnitCount":0},"operatingCapacityMw":231.0,"operatingCapacityMwByTechnology":{"gas":231.0},"plannedCapacityCoverage":{"coveragePercent":0.0,"knownUnitCount":0,"method":"unavailable","totalUnitCount":0},"plannedCapacityMw":0.0,"plannedCapacityMwByTechnology":{},"recordCount":1,"recordIds":["wattlas-record-osm-way-40049736"],"sourceIds":["openstreetmap-power"],"technologies":["gas"],"technologyMixMw":{"gas":231.0},"unitCount":0,"unitIds":[]},"type":"Feature"},{"geometry":{"coordinates":[20.923553,52.488511],"type":"Point"},"id":"wattlas-plant-wikidata-q1272590","properties":{"aliases":["Elektrownia Wodna Dębe"],"canonicalAnchor":"wikidata:Q1272590","canonicalCountryKey":"PL","capacityMw":21.18,"country":"PL","externalIds":{"osm":"way/6281239","wikidata":"Q1272590","wikipedia":"pl:Elektrownia Wodna Dębe"},"geographyId":"PL-17162690B84565288021286","id":"wattlas-plant-wikidata-q1272590","idAliases":["wattlas-plant-osm-way-6281239","wattlas-plant-wikipedia-pl-elektrownia-wodna-d-be"],"lifecycleCounts":{"operational":1},"locationPrecision":"exact","name":"Elektrownia Wodna Dębe","operatingCapacityCoverage":{"coveragePercent":100.0,"knownUnitCount":0,"method":"plant_aggregate","provenance":{"evidenceCount":0,"recordIds":["wattlas-record-osm-way-6281239"],"sourceIds":["openstreetmap-power"],"sourceTypes":["community_mapped"],"valueKind":"reported"},"totalUnitCount":0},"operatingCapacityMw":21.18,"operatingCapacityMwByTechnology":{"hydro":21.18},"plannedCapacityCoverage":{"coveragePercent":0.0,"knownUnitCount":0,"method":"unavailable","totalUnitCount":0},"plannedCapacityMw":0.0,"plannedCapacityMwByTechnology":{},"recordCount":1,"recordIds":["wattlas-record-osm-way-6281239"],"sourceIds":["openstreetmap-power"],"technologies":["hydro"],"technologyMixMw":{"hydro":21.18},"unitCount":0,"unitIds":[]},"type":"Feature"},{"geometry":{"coordinates":[14.91067,50.946734],"type":"Point"},"id":"wattlas-plant-wikidata-q1418949","properties":{"aliases":["Elektrownia Turów"],"canonicalAnchor":"wikidata:Q1418949","canonicalCountryKey":"PL","capacityMw":1994.8,"country":"PL","externalIds":{"osm":"relation/13268627","wikidata":"Q1418949","wikipedia":"pl:Elektrownia Turów"},"geographyId":"PL-17162690B9130125042960","id":"wattlas-plant-wikidata-q1418949","idAliases":["wattlas-plant-osm-relation-13268627","wattlas-plant-wikipedia-pl-elektrownia-tur-w"],"lifecycleCounts":{"operational":1},"locationPrecision":"exact","name":"Elektrownia Turów","operatingCapacityCoverage":{"coveragePercent":100.0,"knownUnitCount":0,"method":"plant_aggregate","provenance":{"evidenceCount":0,"recordIds":["wattlas-record-osm-relation-13268627"],"sourceIds":["openstreetmap-power"],"sourceTypes":["community_mapped"],"valueKind":"reported"},"totalUnitCount":0},"operatingCapacityMw":1994.8,"operatingCapacityMwByTechnology":{"coal":1994.8},"plannedCapacityCoverage":{"coveragePercent":0.0,"knownUnitCount":0,"method":"unavailable","totalUnitCount":0},"plannedCapacityMw":0.0,"plannedCapacityMwByTechnology":{},"recordCount":1,"recordIds":["wattlas-record-osm-relation-13268627"],"sourceIds":["openstreetmap-power"],"technologies":["coal"],"technologyMixMw":{"coal":1994.8},"unitCount":0,"unitIds":[]},"type":"Feature"},{"geometry":{"coordinates":[19.325551,51.267062],"type":"Point"},"id":"wattlas-plant-wikidata-q1546242","properties":{"aliases":["Elektrownia Bełchatów"],"canonicalAnchor":"wikidata:Q1546242","canonicalCountryKey":"PL","capacityMw":5472.0,"country":"PL","externalIds":{"osm":"way/592157961","wikidata":"Q1546242","wikipedia":"pl:Elektrownia Bełchatów"},"geographyId":"PL-17162690B86810837764805","id":"wattlas-plant-wikidata-q1546242","idAliases":["wattlas-plant-osm-way-592157961","wattlas-plant-wikipedia-pl-elektrownia-be-chat-w"],"lifecycleCounts":{"operational":1},"locationPrecision":"exact","name":"Elektrownia Bełchatów","operatingCapacityCoverage":{"coveragePercent":100.0,"knownUnitCount":0,"method":"plant_aggregate","provenance":{"evidenceCount":0,"recordIds":["wattlas-record-osm-way-592157961"],"sourceIds":["openstreetmap-power"],"sourceTypes":["community_mapped"],"valueKind":"reported"},"totalUnitCount":0},"operatingCapacityMw":5472.0,"operatingCapacityMwByTechnology":{"coal":5472.0},"plannedCapacityCoverage":{"coveragePercent":0.0,"knownUnitCount":0,"method":"unavailable","totalUnitCount":0},"plannedCapacityMw":0.0,"plannedCapacityMwByTechnology":{},"recordCount":1,"recordIds":["wattlas-record-osm-way-592157961"],"sourceIds":["openstreetmap-power"],"technologies":["coal"],"technologyMixMw":{"coal":5472.0},"unitCount":0,"unitIds":[]},"type":"Feature"},{"geometry":{"coordinates":[15.576649,51.129405],"type":"Point"},"id":"wattlas-plant-wikidata-q16543377","properties":{"aliases":["Elektrownia Wodna Rakowice"],"canonicalAnchor":"wikidata:Q16543377","canonicalCountryKey":"PL","capacityMw":1.92,"country":"PL","externalIds":{"osm":"way/393648537","wikidata":"Q16543377","wikipedia":"pl:Elektrownia wodna Rakowice"},"geographyId":"PL-17162690B9130125042960","id":"wattlas-plant-wikidata-q16543377","idAliases":["wattlas-plant-osm-way-393648537","wattlas-plant-wikipedia-pl-elektrownia-wodna-rakowice"],"lifecycleCounts":{"operational":1},"locationPrecision":"exact","name":"Elektrownia Wodna Rakowice","operatingCapacityCoverage":{"coveragePercent":100.0,"knownUnitCount":0,"method":"plant_aggregate","provenance":{"evidenceCount":0,"recordIds":["wattlas-record-osm-way-393648537"],"sourceIds":["openstreetmap-power"],"sourceTypes":["community_mapped"],"valueKind":"reported"},"totalUnitCount":0},"operatingCapacityMw":1.92,"operatingCapacityMwByTechnology":{"hydro":1.92},"plannedCapacityCoverage":{"coveragePercent":0.0,"knownUnitCount":0,"method":"unavailable","totalUnitCount":0},"plannedCapacityMw":0.0,"plannedCapacityMwByTechnology":{},"recordCount":1,"recordIds":["wattlas-record-osm-way-393648537"],"sourceIds":["openstreetmap-power"],"technologies":["hydro"],"technologyMixMw":{"hydro":1.92},"unitCount":0,"unitIds":[]},"type":"Feature"},{"geometry":{"coordinates":[14.863979,53.879027],"type":"Point"},"id":"wattlas-plant-wikidata-q16544796","properties":{"aliases":["Farma wiatrowa Śniatowo"],"canonicalAnchor":"wikidata:Q16544796","canonicalCountryKey":"PL","capacityMw":32.0,"country":"PL","externalIds":{"osm":"relation/5973914","wikidata":"Q16544796","wikipedia":"pl:Farma wiatrowa Śniatowo"},"geographyId":"PL-17162690B34878575347312","id":"wattlas-plant-wikidata-q16544796","idAliases":["wattlas-plant-osm-relation-5973914","wattlas-plant-wikipedia-pl-farma-wiatrowa-niatowo"],"lifecycleCounts":{"operational":1},"locationPrecision":"exact","name":"Farma wiatrowa Śniatowo","operatingCapacityCoverage":{"coveragePercent":100.0,"knownUnitCount":0,"method":"plant_aggregate","provenance":{"evidenceCount":0,"recordIds":["wattlas-record-osm-relation-5973914"],"sourceIds":["openstreetmap-power"],"sourceTypes":["community_mapped"],"valueKind":"reported"},"totalUnitCount":0},"operatingCapacityMw":32.0,"operatingCapacityMwByTechnology":{"wind":32.0},"plannedCapacityCoverage":{"coveragePercent":0.0,"knownUnitCount":0,"method":"unavailable","totalUnitCount":0},"plannedCapacityMw":0.0,"plannedCapacityMwByTechnology":{},"recordCount":1,"recordIds":["wattlas-record-osm-relation-5973914"],"sourceIds":["openstreetmap-power"],"technologies":["wind"],"technologyMixMw":{"wind":32.0},"unitCount":0,"unitIds":[]},"type":"Feature"},{"geometry":{"coordinates":[18.084094,54.721896],"type":"Point"},"id":"wattlas-plant-wikidata-q1727941","properties":{"aliases":["Elektrownia Wodna Żarnowiec"],"canonicalAnchor":"wikidata:Q1727941","canonicalCountryKey":"PL","capacityMw":716.0,"country":"PL","externalIds":{"osm":"way/53294547","wikidata":"Q1727941","wikipedia":"pl:Elektrownia Wodna Żarnowiec"},"geographyId":"PL-17162690B77437931625010","id":"wattlas-plant-wikidata-q1727941","idAliases":["wattlas-plant-osm-way-53294547","wattlas-plant-wikipedia-pl-elektrownia-wodna-arnowiec"],"lifecycleCounts":{"operational":1},"locationPrecision":"exact","name":"Elektrownia Wodna Żarnowiec","operatingCapacityCoverage":{"coveragePercent":100.0,"knownUnitCount":0,"method":"plant_aggregate","provenance":{"evidenceCount":0,"recordIds":["wattlas-record-osm-way-53294547"],"sourceIds":["openstreetmap-power"],"sourceTypes":["community_mapped"],"valueKind":"reported"},"totalUnitCount":0},"operatingCapacityMw":716.0,"operatingCapacityMwByTechnology":{"hydro":716.0},"plannedCapacityCoverage":{"coveragePercent":0.0,"knownUnitCount":0,"method":"unavailable","totalUnitCount":0},"plannedCapacityMw":0.0,"plannedCapacityMwByTechnology":{},"recordCount":1,"recordIds":["wattlas-record-osm-way-53294547"],"sourceIds":["openstreetmap-power"],"technologies":["hydro"],"technologyMixMw":{"hydro":716.0},"unitCount":0,"unitIds":[]},"type":"Feature"},{"geometry":{"coordinates":[21.460622,51.664903],"type":"Point"},"id":"wattlas-plant-wikidata-q1786153","properties":{"aliases":["Elektrownia Kozienice"],"canonicalAnchor":"wikidata:Q1786153","canonicalCountryKey":"PL","capacityMw":4016.0,"country":"PL","externalIds":{"osm":"way/386883572","wikidata":"Q1786153","wikipedia":"pl:Enea Wytwarzanie"},"geographyId":"PL-17162690B84565288021286","id":"wattlas-plant-wikidata-q1786153","idAliases":["wattlas-plant-osm-way-386883572","wattlas-plant-wikipedia-pl-enea-wytwarzanie"],"lifecycleCounts":{"operational":1},"locationPrecision":"exact","name":"Elektrownia Kozienice","operatingCapacityCoverage":{"coveragePercent":100.0,"knownUnitCount":0,"method":"plant_aggregate","provenance":{"evidenceCount":0,"recordIds":["wattlas-record-osm-way-386883572"],"sourceIds":["openstreetmap-power"],"sourceTypes":["community_mapped"],"valueKind":"reported"},"totalUnitCount":0},"operatingCapacityMw":4016.0,"operatingCapacityMwByTechnology":{"coal":4016.0},"plannedCapacityCoverage":{"coveragePercent":0.0,"knownUnitCount":0,"method":"unavailable","totalUnitCount":0},"plannedCapacityMw":0.0,"plannedCapacityMwByTechnology":{},"recordCount":1,"recordIds":["wattlas-record-osm-way-386883572"],"sourceIds":["openstreetmap-power"],"technologies":["coal"],"technologyMixMw":{"coal":4016.0},"unitCount":0,"unitIds":[]},"type":"Feature"},{"geometry":{"coordinates":[21.090686,52.188088],"type":"Point"},"id":"wattlas-plant-wikidata-q1786207","properties":{"aliases":["Elektrociepłownia Siekierki"],"canonicalAnchor":"wikidata:Q1786207","canonicalCountryKey":"PL","capacityMw":622.0,"country":"PL","externalIds":{"osm":"way/7991621","wikidata":"Q1786207","wikipedia":"pl:Elektrociepłownia Siekierki"},"geographyId":"PL-17162690B84565288021286","id":"wattlas-plant-wikidata-q1786207","idAliases":["wattlas-plant-osm-way-7991621","wattlas-plant-wikipedia-pl-elektrociep-ownia-siekierki"],"lifecycleCounts":{"operational":1},"locationPrecision":"exact","name":"Elektrociepłownia Siekierki","operatingCapacityCoverage":{"coveragePercent":100.0,"knownUnitCount":0,"method":"plant_aggregate","provenance":{"evidenceCount":0,"recordIds":["wattlas-record-osm-way-7991621"],"sourceIds":["openstreetmap-power"],"sourceTypes":["community_mapped"],"valueKind":"reported"},"totalUnitCount":0},"operatingCapacityMw":622.0,"operatingCapacityMwByTechnology":{"coal":622.0},"plannedCapacityCoverage":{"coveragePercent":0.0,"knownUnitCount":0,"method":"unavailable","totalUnitCount":0},"plannedCapacityMw":0.0,"plannedCapacityMwByTechnology":{},"recordCount":1,"recordIds":["wattlas-record-osm-way-7991621"],"sourceIds":["openstreetmap-power"],"technologies":["coal"],"technologyMixMw":{"coal":622.0},"unitCount":0,"unitIds":[]},"type":"Feature"},{"geometry":{"coordinates":[20.99104,52.294607],"type":"Point"},"id":"wattlas-plant-wikidata-q1786249","properties":{"aliases":["Elektrociepłownia Żerań"],"canonicalAnchor":"wikidata:Q1786249","canonicalCountryKey":"PL","capacityMw":795.0,"country":"PL","externalIds":{"osm":"way/25898809","wikidata":"Q1786249","wikipedia":"pl:Elektrociepłownia Żerań"},"geographyId":"PL-17162690B84565288021286","id":"wattlas-plant-wikidata-q1786249","idAliases":["wattlas-plant-osm-way-25898809","wattlas-plant-wikipedia-pl-elektrociep-ownia-era"],"lifecycleCounts":{"operational":1},"locationPrecision":"exact","name":"Elektrociepłownia Żerań","operatingCapacityCoverage":{"coveragePercent":100.0,"knownUnitCount":0,"method":"plant_aggregate","provenance":{"evidenceCount":0,"recordIds":["wattlas-record-osm-way-25898809"],"sourceIds":["openstreetmap-power"],"sourceTypes":["community_mapped"],"valueKind":"reported"},"totalUnitCount":0},"operatingCapacityMw":795.0,"operatingCapacityMwByTechnology":{"gas":795.0},"plannedCapacityCoverage":{"coveragePercent":0.0,"knownUnitCount":0,"method":"unavailable","totalUnitCount":0},"plannedCapacityMw":0.0,"plannedCapacityMwByTechnology":{},"recordCount":1,"recordIds":["wattlas-record-osm-way-25898809"],"sourceIds":["openstreetmap-power"],"technologies":["gas"],"technologyMixMw":{"gas":795.0},"unitCount":0,"unitIds":[]},"type":"Feature"},{"geometry":{"coordinates":[16.710155,54.025293],"type":"Point"},"id":"wattlas-plant-wikidata-q1799539","properties":{"aliases":["Elektrownia Wodna Żydowo"],"canonicalAnchor":"wikidata:Q1799539","canonicalCountryKey":"PL","capacityMw":156.0,"country":"PL","externalIds":{"osm":"way/679135353","wikidata":"Q1799539","wikipedia":"pl:Elektrownia Żydowo"},"geographyId":"PL-17162690B34878575347312","id":"wattlas-plant-wikidata-q1799539","idAliases":["wattlas-plant-osm-way-679135353","wattlas-plant-wikipedia-pl-elektrownia-ydowo"],"lifecycleCounts":{"operational":1},"locationPrecision":"exact","name":"Elektrownia Wodna Żydowo","operatingCapacityCoverage":{"coveragePercent":100.0,"knownUnitCount":0,"method":"plant_aggregate","provenance":{"evidenceCount":0,"recordIds":["wattlas-record-osm-way-679135353"],"sourceIds":["openstreetmap-power"],"sourceTypes":["community_mapped"],"valueKind":"reported"},"totalUnitCount":0},"operatingCapacityMw":156.0,"operatingCapacityMwByTechnology":{"hydro":156.0},"plannedCapacityCoverage":{"coveragePercent":0.0,"knownUnitCount":0,"method":"unavailable","totalUnitCount":0},"plannedCapacityMw":0.0,"plannedCapacityMwByTechnology":{},"recordCount":1,"recordIds":["wattlas-record-osm-way-679135353"],"sourceIds":["openstreetmap-power"],"technologies":["hydro"],"technologyMixMw":{"hydro":156.0},"unitCount":0,"unitIds":[]},"type":"Feature"},{"geometry":{"coordinates":[17.261627,52.954439],"type":"Point"},"id":"wattlas-plant-wikidata-q18424631","properties":{"aliases":["Farma Wiatrowa Pawłowo-Gołańcz"],"canonicalAnchor":"wikidata:Q18424631","canonicalCountryKey":"PL","capacityMw":0.0,"country":"PL","externalIds":{"osm":"relation/12271727","wikidata":"Q18424631","wikipedia":"pl:Farma wiatrowa Pawłowo-Gołańcz"},"geographyId":"PL-17162690B71775569625336","id":"wattlas-plant-wikidata-q18424631","idAliases":["wattlas-plant-osm-relation-12271727","wattlas-plant-wikipedia-pl-farma-wiatrowa-paw-owo-go-a-cz"],"lifecycleCounts":{"operational":1},"locationPrecision":"exact","name":"Farma Wiatrowa Pawłowo-Gołańcz","operatingCapacityCoverage":{"coveragePercent":0.0,"knownUnitCount":0,"method":"unavailable","totalUnitCount":0},"operatingCapacityMw":0.0,"operatingCapacityMwByTechnology":{},"plannedCapacityCoverage":{"coveragePercent":0.0,"knownUnitCount":0,"method":"unavailable","totalUnitCount":0},"plannedCapacityMw":0.0,"plannedCapacityMwByTechnology":{},"recordCount":1,"recordIds":["wattlas-record-osm-relation-12271727"],"sourceIds":["openstreetmap-power"],"technologies":["wind"],"technologyMixMw":{"wind":0.0},"unitCount":0,"unitIds":[]},"type":"Feature"},{"geometry":{"coordinates":[18.270865,52.284706],"type":"Point"},"id":"wattlas-plant-wikidata-q19377929","properties":{"aliases":["Elektrownia Konin"],"canonicalAnchor":"wikidata:Q19377929","canonicalCountryKey":"PL","capacityMw":100.0,"country":"PL","externalIds":{"osm":"way/760639987","wikidata":"Q19377929","wikipedia":"no:Konin kullkraftverk"},"geographyId":"PL-17162690B71775569625336","id":"wattlas-plant-wikidata-q19377929","idAliases":["wattlas-plant-osm-way-760639987","wattlas-plant-wikipedia-no-konin-kullkraftverk"],"lifecycleCounts":{"operational":1},"locationPrecision":"exact","name":"Elektrownia Konin","operatingCapacityCoverage":{"coveragePercent":100.0,"knownUnitCount":0,"method":"plant_aggregate","provenance":{"evidenceCount":0,"recordIds":["wattlas-record-osm-way-760639987"],"sourceIds":["openstreetmap-power"],"sourceTypes":["community_mapped"],"valueKind":"reported"},"totalUnitCount":0},"operatingCapacityMw":100.0,"operatingCapacityMwByTechnology":{"coal":100.0},"plannedCapacityCoverage":{"coveragePercent":0.0,"knownUnitCount":0,"method":"unavailable","totalUnitCount":0},"plannedCapacityMw":0.0,"plannedCapacityMwByTechnology":{},"recordCount":1,"recordIds":["wattlas-record-osm-way-760639987"],"sourceIds":["openstreetmap-power"],"technologies":["coal"],"technologyMixMw":{"coal":100.0},"unitCount":0,"unitIds":[]},"type":"Feature"},{"geometry":{"coordinates":[18.239202,52.303288],"type":"Point"},"id":"wattlas-plant-wikidata-q196808","properties":{"aliases":["Elektrownia Pątnów I i II"],"canonicalAnchor":"wikidata:Q196808","canonicalCountryKey":"PL","capacityMw":446.0,"country":"PL","externalIds":{"osm":"way/448844031","wikidata":"Q196808","wikipedia":"pl:ZE PAK"},"geographyId":"PL-17162690B71775569625336","id":"wattlas-plant-wikidata-q196808","idAliases":["wattlas-plant-osm-way-448844031","wattlas-plant-wikipedia-pl-ze-pak"],"lifecycleCounts":{"operational":1},"locationPrecision":"exact","name":"Elektrownia Pątnów I i II","operatingCapacityCoverage":{"coveragePercent":100.0,"knownUnitCount":0,"method":"plant_aggregate","provenance":{"evidenceCount":0,"recordIds":["wattlas-record-osm-way-448844031"],"sourceIds":["openstreetmap-power"],"sourceTypes":["community_mapped"],"valueKind":"reported"},"totalUnitCount":0},"operatingCapacityMw":446.0,"operatingCapacityMwByTechnology":{"coal":446.0},"plannedCapacityCoverage":{"coveragePercent":0.0,"knownUnitCount":0,"method":"unavailable","totalUnitCount":0},"plannedCapacityMw":0.0,"plannedCapacityMwByTechnology":{},"recordCount":1,"recordIds":["wattlas-record-osm-way-448844031"],"sourceIds":["openstreetmap-power"],"technologies":["coal"],"technologyMixMw":{"coal":446.0},"unitCount":0,"unitIds":[]},"type":"Feature"},{"geometry":{"coordinates":[21.129107,52.26569],"type":"Point"},"id":"wattlas-plant-wikidata-q2216198","properties":{"aliases":["Ciepłownia Kawęczyn"],"canonicalAnchor":"wikidata:Q2216198","canonicalCountryKey":"PL","capacityMw":0.0,"country":"PL","externalIds":{"osm":"way/38094851","wikidata":"Q2216198","wikipedia":"pl:Ciepłownia Kawęczyn"},"geographyId":"PL-17162690B84565288021286","id":"wattlas-plant-wikidata-q2216198","idAliases":["wattlas-plant-osm-way-38094851","wattlas-plant-wikipedia-pl-ciep-ownia-kaw-czyn"],"lifecycleCounts":{"operational":1},"locationPrecision":"exact","name":"Ciepłownia Kawęczyn","operatingCapacityCoverage":{"coveragePercent":0.0,"knownUnitCount":0,"method":"unavailable","totalUnitCount":0},"operatingCapacityMw":0.0,"operatingCapacityMwByTechnology":{},"plannedCapacityCoverage":{"coveragePercent":0.0,"knownUnitCount":0,"method":"unavailable","totalUnitCount":0},"plannedCapacityMw":0.0,"plannedCapacityMwByTechnology":{},"recordCount":1,"recordIds":["wattlas-record-osm-way-38094851"],"sourceIds":["openstreetmap-power"],"technologies":["coal"],"technologyMixMw":{"coal":0.0},"unitCount":0,"unitIds":[]},"type":"Feature"},{"geometry":{"coordinates":[18.083538,53.069581],"type":"Point"},"id":"wattlas-plant-wikidata-q24947830","properties":{"aliases":["Międzygminny Kompleks Unieszkodliwiania Odpadów ProNatura Sp. z o. o."],"canonicalAnchor":"wikidata:Q24947830","canonicalCountryKey":"PL","capacityMw":0.0,"country":"PL","externalIds":{"osm":"way/302964071","wikidata":"Q24947830","wikipedia":"pl:Zakład Termicznego Przekształcania Odpadów Komunalnych w Bydgoszczy"},"geographyId":"PL-17162690B37876665907262","id":"wattlas-plant-wikidata-q24947830","idAliases":["wattlas-plant-osm-way-302964071","wattlas-plant-wikipedia-pl-zak-ad-termicznego-przekszta-cania-odpad-w-ko-d9a9527358"],"lifecycleCounts":{"operational":1},"locationPrecision":"exact","name":"Międzygminny Kompleks Unieszkodliwiania Odpadów ProNatura Sp. z o. o.","operatingCapacityCoverage":{"coveragePercent":0.0,"knownUnitCount":0,"method":"unavailable","totalUnitCount":0},"operatingCapacityMw":0.0,"operatingCapacityMwByTechnology":{},"plannedCapacityCoverage":{"coveragePercent":0.0,"knownUnitCount":0,"method":"unavailable","totalUnitCount":0},"plannedCapacityMw":0.0,"plannedCapacityMwByTechnology":{},"recordCount":1,"recordIds":["wattlas-record-osm-way-302964071"],"sourceIds":["openstreetmap-power"],"technologies":["other"],"technologyMixMw":{"other":0.0},"unitCount":0,"unitIds":[]},"type":"Feature"},{"geometry":{"coordinates":[22.302845,51.497938],"type":"Point"},"id":"wattlas-plant-wikidata-q30906213","properties":{"aliases":["Farma Wiatrowa Lubartów"],"canonicalAnchor":"wikidata:Q30906213","canonicalCountryKey":"PL","capacityMw":51.2,"country":"PL","externalIds":{"osm":"relation/10962775","wikidata":"Q30906213","wikipedia":"pl:Farma Wiatrowa Lubartów"},"geographyId":"PL-17162690B69262761487853","id":"wattlas-plant-wikidata-q30906213","idAliases":["wattlas-plant-osm-relation-10962775","wattlas-plant-wikipedia-pl-farma-wiatrowa-lubart-w"],"lifecycleCounts":{"operational":1},"locationPrecision":"exact","name":"Farma Wiatrowa Lubartów","operatingCapacityCoverage":{"coveragePercent":100.0,"knownUnitCount":0,"method":"plant_aggregate","provenance":{"evidenceCount":0,"recordIds":["wattlas-record-osm-relation-10962775"],"sourceIds":["openstreetmap-power"],"sourceTypes":["community_mapped"],"valueKind":"reported"},"totalUnitCount":0},"operatingCapacityMw":51.2,"operatingCapacityMwByTechnology":{"wind":51.2},"plannedCapacityCoverage":{"coveragePercent":0.0,"knownUnitCount":0,"method":"unavailable","totalUnitCount":0},"plannedCapacityMw":0.0,"plannedCapacityMwByTechnology":{},"recordCount":1,"recordIds":["wattlas-record-osm-relation-10962775"],"sourceIds":["openstreetmap-power"],"technologies":["wind"],"technologyMixMw":{"wind":51.2},"unitCount":0,"unitIds":[]},"type":"Feature"},{"geometry":{"coordinates":[18.963849,52.724565],"type":"Point"},"id":"wattlas-plant-wikidata-q30973342","properties":{"aliases":["Elektrociepłownia Gazowo-Parowa Anwil Włocławek"],"canonicalAnchor":"wikidata:Q30973342","canonicalCountryKey":"PL","capacityMw":463.0,"country":"PL","externalIds":{"osm":"way/293937780","wikidata":"Q30973342"},"geographyId":"PL-17162690B37876665907262","id":"wattlas-plant-wikidata-q30973342","idAliases":["wattlas-plant-osm-way-293937780"],"lifecycleCounts":{"operational":1},"locationPrecision":"exact","name":"Elektrociepłownia Gazowo-Parowa Anwil Włocławek","operatingCapacityCoverage":{"coveragePercent":100.0,"knownUnitCount":0,"method":"plant_aggregate","provenance":{"evidenceCount":0,"recordIds":["wattlas-record-osm-way-293937780"],"sourceIds":["openstreetmap-power"],"sourceTypes":["community_mapped"],"valueKind":"reported"},"totalUnitCount":0},"operatingCapacityMw":463.0,"operatingCapacityMwByTechnology":{"gas":463.0},"plannedCapacityCoverage":{"coveragePercent":0.0,"knownUnitCount":0,"method":"unavailable","totalUnitCount":0},"plannedCapacityMw":0.0,"plannedCapacityMwByTechnology":{},"recordCount":1,"recordIds":["wattlas-record-osm-way-293937780"],"sourceIds":["openstreetmap-power"],"technologies":["gas"],"technologyMixMw":{"gas":463.0},"unitCount":0,"unitIds":[]},"type":"Feature"},{"geometry":{"coordinates":[21.337874,50.439254],"type":"Point"},"id":"wattlas-plant-wikidata-q3503862","properties":{"aliases":["Elektrownia Połaniec"],"canonicalAnchor":"wikidata:Q3503862","canonicalCountryKey":"PL","capacityMw":1882.0,"country":"PL","externalIds":{"osm":"way/130207099","wikidata":"Q3503862","wikipedia":"pl:Enea Elektrownia Połaniec"},"geographyId":"PL-17162690B20834640531728","id":"wattlas-plant-wikidata-q3503862","idAliases":["wattlas-plant-osm-way-130207099","wattlas-plant-wikipedia-pl-enea-elektrownia-po-aniec"],"lifecycleCounts":{"operational":1},"locationPrecision":"exact","name":"Elektrownia Połaniec","operatingCapacityCoverage":{"coveragePercent":100.0,"knownUnitCount":0,"method":"plant_aggregate","provenance":{"evidenceCount":0,"recordIds":["wattlas-record-osm-way-130207099"],"sourceIds":["openstreetmap-power"],"sourceTypes":["community_mapped"],"valueKind":"reported"},"totalUnitCount":0},"operatingCapacityMw":1882.0,"operatingCapacityMwByTechnology":{"coal":1882.0},"plannedCapacityCoverage":{"coveragePercent":0.0,"knownUnitCount":0,"method":"unavailable","totalUnitCount":0},"plannedCapacityMw":0.0,"plannedCapacityMwByTechnology":{},"recordCount":1,"recordIds":["wattlas-record-osm-way-130207099"],"sourceIds":["openstreetmap-power"],"technologies":["coal"],"technologyMixMw":{"coal":1882.0},"unitCount":0,"unitIds":[]},"type":"Feature"},{"geometry":{"coordinates":[19.462678,50.208743],"type":"Point"},"id":"wattlas-plant-wikidata-q3504783","properties":{"aliases":["Elektrownia Siersza"],"canonicalAnchor":"wikidata:Q3504783","canonicalCountryKey":"PL","capacityMw":813.0,"country":"PL","externalIds":{"osm":"way/187420594","wikidata":"Q3504783","wikipedia":"pl:Elektrownia Siersza"},"geographyId":"PL-17162690B67655395900928","id":"wattlas-plant-wikidata-q3504783","idAliases":["wattlas-plant-osm-way-187420594","wattlas-plant-wikipedia-pl-elektrownia-siersza"],"lifecycleCounts":{"operational":1},"locationPrecision":"exact","name":"Elektrownia Siersza","operatingCapacityCoverage":{"coveragePercent":100.0,"knownUnitCount":0,"method":"plant_aggregate","provenance":{"evidenceCount":0,"recordIds":["wattlas-record-osm-way-187420594"],"sourceIds":["openstreetmap-power"],"sourceTypes":["community_mapped"],"valueKind":"reported"},"totalUnitCount":0},"operatingCapacityMw":813.0,"operatingCapacityMwByTechnology":{"coal":813.0},"plannedCapacityCoverage":{"coveragePercent":0.0,"knownUnitCount":0,"method":"unavailable","totalUnitCount":0},"plannedCapacityMw":0.0,"plannedCapacityMwByTechnology":{},"recordCount":1,"recordIds":["wattlas-record-osm-way-187420594"],"sourceIds":["openstreetmap-power"],"technologies":["coal"],"technologyMixMw":{"coal":813.0},"unitCount":0,"unitIds":[]},"type":"Feature"},{"geometry":{"coordinates":[23.167384,53.147476],"type":"Point"},"id":"wattlas-plant-wikidata-q4902924","properties":{"aliases":["Enea Ciepło Oddział Elektrociepłownia Białystok"],"canonicalAnchor":"wikidata:Q4902924","canonicalCountryKey":"PL","capacityMw":530.0,"country":"PL","externalIds":{"osm":"way/392226308","wikidata":"Q4902924","wikipedia":"pl:Elektrociepłownia Białystok"},"geographyId":"PL-17162690B23777949290372","id":"wattlas-plant-wikidata-q4902924","idAliases":["wattlas-plant-osm-way-392226308","wattlas-plant-wikipedia-pl-elektrociep-ownia-bia-ystok"],"lifecycleCounts":{"operational":1},"locationPrecision":"exact","name":"Enea Ciepło Oddział Elektrociepłownia Białystok","operatingCapacityCoverage":{"coveragePercent":100.0,"knownUnitCount":0,"method":"plant_aggregate","provenance":{"evidenceCount":0,"recordIds":["wattlas-record-osm-way-392226308"],"sourceIds":["openstreetmap-power"],"sourceTypes":["community_mapped"],"valueKind":"reported"},"totalUnitCount":0},"operatingCapacityMw":530.0,"operatingCapacityMwByTechnology":{"coal":530.0},"plannedCapacityCoverage":{"coveragePercent":0.0,"knownUnitCount":0,"method":"unavailable","totalUnitCount":0},"plannedCapacityMw":0.0,"plannedCapacityMwByTechnology":{},"recordCount":1,"recordIds":["wattlas-record-osm-way-392226308"],"sourceIds":["openstreetmap-power"],"technologies":["coal"],"technologyMixMw":{"coal":530.0},"unitCount":0,"unitIds":[]},"type":"Feature"},{"geometry":{"coordinates":[18.641133,54.37828],"type":"Point"},"id":"wattlas-plant-wikidata-q5529380","properties":{"aliases":["PGE Energia Ciepła Oddział Wybrzeże w Gdańsku"],"canonicalAnchor":"wikidata:Q5529380","canonicalCountryKey":"PL","capacityMw":226.9,"country":"PL","externalIds":{"osm":"way/132405986","wikidata":"Q5529380","wikipedia":"pl:Elektrociepłownie Wybrzeże"},"geographyId":"PL-17162690B77437931625010","id":"wattlas-plant-wikidata-q5529380","idAliases":["wattlas-plant-osm-way-132405986","wattlas-plant-wikipedia-pl-elektrociep-ownie-wybrze-e"],"lifecycleCounts":{"operational":1},"locationPrecision":"exact","name":"PGE Energia Ciepła Oddział Wybrzeże w Gdańsku","operatingCapacityCoverage":{"coveragePercent":100.0,"knownUnitCount":0,"method":"plant_aggregate","provenance":{"evidenceCount":0,"recordIds":["wattlas-record-osm-way-132405986"],"sourceIds":["openstreetmap-power"],"sourceTypes":["community_mapped"],"valueKind":"reported"},"totalUnitCount":0},"operatingCapacityMw":226.9,"operatingCapacityMwByTechnology":{"coal":226.9},"plannedCapacityCoverage":{"coveragePercent":0.0,"knownUnitCount":0,"method":"unavailable","totalUnitCount":0},"plannedCapacityMw":0.0,"plannedCapacityMwByTechnology":{},"recordCount":1,"recordIds":["wattlas-record-osm-way-132405986"],"sourceIds":["openstreetmap-power"],"technologies":["coal"],"technologyMixMw":{"coal":226.9},"unitCount":0,"unitIds":[]},"type":"Feature"},{"geometry":{"coordinates":[19.203197,49.806878],"type":"Point"},"id":"wattlas-plant-wikidata-q609296-9d427c4e21","properties":{"aliases":["Elektrownia Wodna Porąbka"],"canonicalAnchor":"wikidata:Q609296","canonicalCountryKey":"PL","capacityMw":12.52,"country":"PL","externalIds":{"osm":"way/837984997","wikidata":"Q609296","wikipedia":"pl:Elektrownia Porąbka-Żar"},"geographyId":"PL-17162690B16879770934003","id":"wattlas-plant-wikidata-q609296-9d427c4e21","idAliases":["wattlas-plant-osm-way-837984997","wattlas-plant-wikidata-q609296","wattlas-plant-wikipedia-pl-elektrownia-por-bka-ar"],"lifecycleCounts":{"operational":1},"locationPrecision":"exact","name":"Elektrownia Wodna Porąbka","operatingCapacityCoverage":{"coveragePercent":100.0,"knownUnitCount":0,"method":"plant_aggregate","provenance":{"evidenceCount":0,"recordIds":["wattlas-record-osm-way-837984997"],"sourceIds":["openstreetmap-power"],"sourceTypes":["community_mapped"],"valueKind":"reported"},"totalUnitCount":0},"operatingCapacityMw":12.52,"operatingCapacityMwByTechnology":{"hydro":12.52},"plannedCapacityCoverage":{"coveragePercent":0.0,"knownUnitCount":0,"method":"unavailable","totalUnitCount":0},"plannedCapacityMw":0.0,"plannedCapacityMwByTechnology":{},"recordCount":1,"recordIds":["wattlas-record-osm-way-837984997"],"sourceIds":["openstreetmap-power"],"technologies":["hydro"],"technologyMixMw":{"hydro":12.52},"unitCount":0,"unitIds":[]},"type":"Feature"},{"geometry":{"coordinates":[19.211722,49.780303],"type":"Point"},"id":"wattlas-plant-wikidata-q609296-b7e32edce7","properties":{"aliases":["Elektrownia Wodna Żar"],"canonicalAnchor":"wikidata:Q609296","canonicalCountryKey":"PL","capacityMw":540.0,"country":"PL","externalIds":{"osm":"way/264474767","wikidata":"Q609296","wikipedia":"pl:Elektrownia Porąbka-Żar"},"geographyId":"PL-17162690B16879770934003","id":"wattlas-plant-wikidata-q609296-b7e32edce7","idAliases":["wattlas-plant-osm-way-264474767"],"lifecycleCounts":{"operational":1},"locationPrecision":"exact","name":"Elektrownia Wodna Żar","operatingCapacityCoverage":{"coveragePercent":100.0,"knownUnitCount":0,"method":"plant_aggregate","provenance":{"evidenceCount":0,"recordIds":["wattlas-record-osm-way-264474767"],"sourceIds":["openstreetmap-power"],"sourceTypes":["community_mapped"],"valueKind":"reported"},"totalUnitCount":0},"operatingCapacityMw":540.0,"operatingCapacityMwByTechnology":{"hydro":540.0},"plannedCapacityCoverage":{"coveragePercent":0.0,"knownUnitCount":0,"method":"unavailable","totalUnitCount":0},"plannedCapacityMw":0.0,"plannedCapacityMwByTechnology":{},"recordCount":1,"recordIds":["wattlas-record-osm-way-264474767"],"sourceIds":["openstreetmap-power"],"technologies":["hydro"],"technologyMixMw":{"hydro":540.0},"unitCount":0,"unitIds":[]},"type":"Feature"},{"geometry":{"coordinates":[19.055785,50.285697],"type":"Point"},"id":"wattlas-plant-wikidata-q6377825","properties":{"aliases":["Elektrociepłownia Katowice"],"canonicalAnchor":"wikidata:Q6377825","canonicalCountryKey":"PL","capacityMw":135.0,"country":"PL","externalIds":{"osm":"way/179252288","wikidata":"Q6377825","wikipedia":"pl:Elektrociepłownia Katowice"},"geographyId":"PL-17162690B16879770934003","id":"wattlas-plant-wikidata-q6377825","idAliases":["wattlas-plant-osm-way-179252288","wattlas-plant-wikipedia-pl-elektrociep-ownia-katowice"],"lifecycleCounts":{"operational":1},"locationPrecision":"exact","name":"Elektrociepłownia Katowice","operatingCapacityCoverage":{"coveragePercent":100.0,"knownUnitCount":0,"method":"plant_aggregate","provenance":{"evidenceCount":0,"recordIds":["wattlas-record-osm-way-179252288"],"sourceIds":["openstreetmap-power"],"sourceTypes":["community_mapped"],"valueKind":"reported"},"totalUnitCount":0},"operatingCapacityMw":135.0,"operatingCapacityMwByTechnology":{"coal":135.0},"plannedCapacityCoverage":{"coveragePercent":0.0,"knownUnitCount":0,"method":"unavailable","totalUnitCount":0},"plannedCapacityMw":0.0,"plannedCapacityMwByTechnology":{},"recordCount":1,"recordIds":["wattlas-record-osm-way-179252288"],"sourceIds":["openstreetmap-power"],"technologies":["coal"],"technologyMixMw":{"coal":135.0},"unitCount":0,"unitIds":[]},"type":"Feature"},{"geometry":{"coordinates":[20.616692,50.897956],"type":"Point"},"id":"wattlas-plant-wikidata-q6405238","properties":{"aliases":["PGE Energia Ciepła S.A. Oddział Elektrociepłownia w Kielcach"],"canonicalAnchor":"wikidata:Q6405238","canonicalCountryKey":"PL","capacityMw":18.0,"country":"PL","externalIds":{"osm":"way/228211578","wikidata":"Q6405238","wikipedia":"pl:Elektrociepłownia Kielce"},"geographyId":"PL-17162690B20834640531728","id":"wattlas-plant-wikidata-q6405238","idAliases":["wattlas-plant-osm-way-228211578","wattlas-plant-wikipedia-pl-elektrociep-ownia-kielce"],"lifecycleCounts":{"operational":1},"locationPrecision":"exact","name":"PGE Energia Ciepła S.A. Oddział Elektrociepłownia w Kielcach","operatingCapacityCoverage":{"coveragePercent":100.0,"knownUnitCount":0,"method":"plant_aggregate","provenance":{"evidenceCount":0,"recordIds":["wattlas-record-osm-way-228211578"],"sourceIds":["openstreetmap-power"],"sourceTypes":["community_mapped"],"valueKind":"reported"},"totalUnitCount":0},"operatingCapacityMw":18.0,"operatingCapacityMwByTechnology":{"coal":18.0},"plannedCapacityCoverage":{"coveragePercent":0.0,"knownUnitCount":0,"method":"unavailable","totalUnitCount":0},"plannedCapacityMw":0.0,"plannedCapacityMwByTechnology":{},"recordCount":1,"recordIds":["wattlas-record-osm-way-228211578"],"sourceIds":["openstreetmap-power"],"technologies":["coal"],"technologyMixMw":{"coal":18.0},"unitCount":0,"unitIds":[]},"type":"Feature"},{"geometry":{"coordinates":[21.855604,51.557613],"type":"Point"},"id":"wattlas-plant-wikidata-q673670","properties":{"aliases":["Centralna Ciepłownia Dęblin"],"canonicalAnchor":"wikidata:Q673670","canonicalCountryKey":"PL","capacityMw":0.0,"country":"PL","externalIds":{"osm":"way/1076356126","wikidata":"Q673670","wikipedia":"pl:Polskie Górnictwo Naftowe i Gazownictwo"},"geographyId":"PL-17162690B69262761487853","id":"wattlas-plant-wikidata-q673670","idAliases":["wattlas-plant-osm-way-1076356126","wattlas-plant-wikipedia-pl-polskie-g-rnictwo-naftowe-i-gazownictwo"],"lifecycleCounts":{"operational":1},"locationPrecision":"exact","name":"Centralna Ciepłownia Dęblin","operatingCapacityCoverage":{"coveragePercent":0.0,"knownUnitCount":0,"method":"unavailable","totalUnitCount":0},"operatingCapacityMw":0.0,"operatingCapacityMwByTechnology":{},"plannedCapacityCoverage":{"coveragePercent":0.0,"knownUnitCount":0,"method":"unavailable","totalUnitCount":0},"plannedCapacityMw":0.0,"plannedCapacityMwByTechnology":{},"recordCount":1,"recordIds":["wattlas-record-osm-way-1076356126"],"sourceIds":["openstreetmap-power"],"technologies":["coal"],"technologyMixMw":{"coal":0.0},"unitCount":0,"unitIds":[]},"type":"Feature"},{"geometry":{"coordinates":[22.031337,50.064081],"type":"Point"},"id":"wattlas-plant-wikidata-q7385772","properties":{"aliases":["Elektrociepłownia Rzeszów"],"canonicalAnchor":"wikidata:Q7385772","canonicalCountryKey":"PL","capacityMw":141.0,"country":"PL","externalIds":{"osm":"way/197474976","wikidata":"Q7385772","wikipedia":"pl:Elektrociepłownia Rzeszów"},"geographyId":"PL-17162690B44985096553766","id":"wattlas-plant-wikidata-q7385772","idAliases":["wattlas-plant-osm-way-197474976","wattlas-plant-wikipedia-pl-elektrociep-ownia-rzesz-w"],"lifecycleCounts":{"operational":1},"locationPrecision":"exact","name":"Elektrociepłownia Rzeszów","operatingCapacityCoverage":{"coveragePercent":100.0,"knownUnitCount":0,"method":"plant_aggregate","provenance":{"evidenceCount":0,"recordIds":["wattlas-record-osm-way-197474976"],"sourceIds":["openstreetmap-power"],"sourceTypes":["community_mapped"],"valueKind":"reported"},"totalUnitCount":0},"operatingCapacityMw":141.0,"operatingCapacityMwByTechnology":{"gas":141.0},"plannedCapacityCoverage":{"coveragePercent":0.0,"knownUnitCount":0,"method":"unavailable","totalUnitCount":0},"plannedCapacityMw":0.0,"plannedCapacityMwByTechnology":{},"recordCount":1,"recordIds":["wattlas-record-osm-way-197474976"],"sourceIds":["openstreetmap-power"],"technologies":["gas"],"technologyMixMw":{"gas":141.0},"unitCount":0,"unitIds":[]},"type":"Feature"},{"geometry":{"coordinates":[18.520942,50.135024],"type":"Point"},"id":"wattlas-plant-wikidata-q751203","properties":{"aliases":["PGE Energia Ciepła Oddział w Rybniku"],"canonicalAnchor":"wikidata:Q751203","canonicalCountryKey":"PL","capacityMw":1350.0,"country":"PL","externalIds":{"osm":"relation/12825526","wikidata":"Q751203","wikipedia":"pl:Elektrownia Rybnik"},"geographyId":"PL-17162690B16879770934003","id":"wattlas-plant-wikidata-q751203","idAliases":["wattlas-plant-osm-relation-12825526","wattlas-plant-wikipedia-pl-elektrownia-rybnik"],"lifecycleCounts":{"operational":1},"locationPrecision":"exact","name":"PGE Energia Ciepła Oddział w Rybniku","operatingCapacityCoverage":{"coveragePercent":100.0,"knownUnitCount":0,"method":"plant_aggregate","provenance":{"evidenceCount":0,"recordIds":["wattlas-record-osm-relation-12825526"],"sourceIds":["openstreetmap-power"],"sourceTypes":["community_mapped"],"valueKind":"reported"},"totalUnitCount":0},"operatingCapacityMw":1350.0,"operatingCapacityMwByTechnology":{"coal":1350.0},"plannedCapacityCoverage":{"coveragePercent":0.0,"knownUnitCount":0,"method":"unavailable","totalUnitCount":0},"plannedCapacityMw":0.0,"plannedCapacityMwByTechnology":{},"recordCount":1,"recordIds":["wattlas-record-osm-relation-12825526"],"sourceIds":["openstreetmap-power"],"technologies":["coal"],"technologyMixMw":{"coal":1350.0},"unitCount":0,"unitIds":[]},"type":"Feature"},{"geometry":{"coordinates":[22.454024,49.39581],"type":"Point"},"id":"wattlas-plant-wikidata-q7558147-537eef9ba8","properties":{"aliases":["Elektrownia Wodna Solina"],"canonicalAnchor":"wikidata:Q7558147","canonicalCountryKey":"PL","capacityMw":198.66,"country":"PL","externalIds":{"osm":"way/356217892","wikidata":"Q7558147","wikipedia":"pl:Zespół Elektrowni Wodnych Solina-Myczkowce"},"geographyId":"PL-17162690B44985096553766","id":"wattlas-plant-wikidata-q7558147-537eef9ba8","idAliases":["wattlas-plant-osm-way-356217892","wattlas-plant-wikidata-q7558147","wattlas-plant-wikipedia-pl-zesp-elektrowni-wodnych-solina-myczkowce"],"lifecycleCounts":{"operational":1},"locationPrecision":"exact","name":"Elektrownia Wodna Solina","operatingCapacityCoverage":{"coveragePercent":100.0,"knownUnitCount":0,"method":"plant_aggregate","provenance":{"evidenceCount":0,"recordIds":["wattlas-record-osm-way-356217892"],"sourceIds":["openstreetmap-power"],"sourceTypes":["community_mapped"],"valueKind":"reported"},"totalUnitCount":0},"operatingCapacityMw":198.66,"operatingCapacityMwByTechnology":{"hydro":198.66},"plannedCapacityCoverage":{"coveragePercent":0.0,"knownUnitCount":0,"method":"unavailable","totalUnitCount":0},"plannedCapacityMw":0.0,"plannedCapacityMwByTechnology":{},"recordCount":1,"recordIds":["wattlas-record-osm-way-356217892"],"sourceIds":["openstreetmap-power"],"technologies":["hydro"],"technologyMixMw":{"hydro":198.66},"unitCount":0,"unitIds":[]},"type":"Feature"},{"geometry":{"coordinates":[22.401855,49.43202],"type":"Point"},"id":"wattlas-plant-wikidata-q7558147-5de7e03d72","properties":{"aliases":["Elektrownia Wodna Myczkowce"],"canonicalAnchor":"wikidata:Q7558147","canonicalCountryKey":"PL","capacityMw":8.32,"country":"PL","externalIds":{"osm":"way/294606769","wikidata":"Q7558147","wikipedia":"pl:Zespół Elektrowni Wodnych Solina-Myczkowce"},"geographyId":"PL-17162690B44985096553766","id":"wattlas-plant-wikidata-q7558147-5de7e03d72","idAliases":["wattlas-plant-osm-way-294606769"],"lifecycleCounts":{"operational":1},"locationPrecision":"exact","name":"Elektrownia Wodna Myczkowce","operatingCapacityCoverage":{"coveragePercent":100.0,"knownUnitCount":0,"method":"plant_aggregate","provenance":{"evidenceCount":0,"recordIds":["wattlas-record-osm-way-294606769"],"sourceIds":["openstreetmap-power"],"sourceTypes":["community_mapped"],"valueKind":"reported"},"totalUnitCount":0},"operatingCapacityMw":8.32,"operatingCapacityMwByTechnology":{"hydro":8.32},"plannedCapacityCoverage":{"coveragePercent":0.0,"knownUnitCount":0,"method":"unavailable","totalUnitCount":0},"plannedCapacityMw":0.0,"plannedCapacityMwByTechnology":{},"recordCount":1,"recordIds":["wattlas-record-osm-way-294606769"],"sourceIds":["openstreetmap-power"],"technologies":["hydro"],"technologyMixMw":{"hydro":8.32},"unitCount":0,"unitIds":[]},"type":"Feature"},{"geometry":{"coordinates":[18.96906,50.306872],"type":"Point"},"id":"wattlas-plant-wikidata-q779196","properties":{"aliases":["CEZ Elektrociepłownia Chorzów \"ELCHO\""],"canonicalAnchor":"wikidata:Q779196","canonicalCountryKey":"PL","capacityMw":208.0,"country":"PL","externalIds":{"osm":"way/164050266","wikidata":"Q779196","wikipedia":"pl:Elektrociepłownia Chorzów"},"geographyId":"PL-17162690B16879770934003","id":"wattlas-plant-wikidata-q779196","idAliases":["wattlas-plant-osm-way-164050266","wattlas-plant-wikipedia-pl-elektrociep-ownia-chorz-w"],"lifecycleCounts":{"operational":1},"locationPrecision":"exact","name":"CEZ Elektrociepłownia Chorzów \"ELCHO\"","operatingCapacityCoverage":{"coveragePercent":100.0,"knownUnitCount":0,"method":"plant_aggregate","provenance":{"evidenceCount":0,"recordIds":["wattlas-record-osm-way-164050266"],"sourceIds":["openstreetmap-power"],"sourceTypes":["community_mapped"],"valueKind":"reported"},"totalUnitCount":0},"operatingCapacityMw":208.0,"operatingCapacityMwByTechnology":{"coal":208.0},"plannedCapacityCoverage":{"coveragePercent":0.0,"knownUnitCount":0,"method":"unavailable","totalUnitCount":0},"plannedCapacityMw":0.0,"plannedCapacityMwByTechnology":{},"recordCount":1,"recordIds":["wattlas-record-osm-way-164050266"],"sourceIds":["openstreetmap-power"],"technologies":["coal"],"technologyMixMw":{"coal":208.0},"unitCount":0,"unitIds":[]},"type":"Feature"},{"geometry":{"coordinates":[19.14427,50.34974],"type":"Point"},"id":"wattlas-plant-wikidata-q8080403","properties":{"aliases":["Elektrownia Łagisza"],"canonicalAnchor":"wikidata:Q8080403","canonicalCountryKey":"PL","capacityMw":460.0,"country":"PL","externalIds":{"osm":"way/40157613","wikidata":"Q8080403","wikipedia":"pl:Elektrownia Łagisza"},"geographyId":"PL-17162690B16879770934003","id":"wattlas-plant-wikidata-q8080403","idAliases":["wattlas-plant-osm-way-40157613","wattlas-plant-wikipedia-pl-elektrownia-agisza"],"lifecycleCounts":{"operational":1},"locationPrecision":"exact","name":"Elektrownia Łagisza","operatingCapacityCoverage":{"coveragePercent":100.0,"knownUnitCount":0,"method":"plant_aggregate","provenance":{"evidenceCount":0,"recordIds":["wattlas-record-osm-way-40157613"],"sourceIds":["openstreetmap-power"],"sourceTypes":["community_mapped"],"valueKind":"reported"},"totalUnitCount":0},"operatingCapacityMw":460.0,"operatingCapacityMwByTechnology":{"coal":460.0},"plannedCapacityCoverage":{"coveragePercent":0.0,"knownUnitCount":0,"method":"unavailable","totalUnitCount":0},"plannedCapacityMw":0.0,"plannedCapacityMwByTechnology":{},"recordCount":1,"recordIds":["wattlas-record-osm-way-40157613"],"sourceIds":["openstreetmap-power"],"technologies":["coal"],"technologyMixMw":{"coal":460.0},"unitCount":0,"unitIds":[]},"type":"Feature"},{"geometry":{"coordinates":[18.845898,50.134145],"type":"Point"},"id":"wattlas-plant-wikidata-q8080562","properties":{"aliases":["TAURON Wytwarzanie S. A. Oddział Elektrownia Łaziska w Łaziskach Górnych"],"canonicalAnchor":"wikidata:Q8080562","canonicalCountryKey":"PL","capacityMw":1155.0,"country":"PL","externalIds":{"osm":"way/85146997","wikidata":"Q8080562","wikipedia":"pl:Elektrownia Łaziska"},"geographyId":"PL-17162690B16879770934003","id":"wattlas-plant-wikidata-q8080562","idAliases":["wattlas-plant-osm-way-85146997","wattlas-plant-wikipedia-pl-elektrownia-aziska"],"lifecycleCounts":{"operational":1},"locationPrecision":"exact","name":"TAURON Wytwarzanie S. A. Oddział Elektrownia Łaziska w Łaziskach Górnych","operatingCapacityCoverage":{"coveragePercent":100.0,"knownUnitCount":0,"method":"plant_aggregate","provenance":{"evidenceCount":0,"recordIds":["wattlas-record-osm-way-85146997"],"sourceIds":["openstreetmap-power"],"sourceTypes":["community_mapped"],"valueKind":"reported"},"totalUnitCount":0},"operatingCapacityMw":1155.0,"operatingCapacityMwByTechnology":{"coal":1155.0},"plannedCapacityCoverage":{"coveragePercent":0.0,"knownUnitCount":0,"method":"unavailable","totalUnitCount":0},"plannedCapacityMw":0.0,"plannedCapacityMwByTechnology":{},"recordCount":1,"recordIds":["wattlas-record-osm-way-85146997"],"sourceIds":["openstreetmap-power"],"technologies":["coal"],"technologyMixMw":{"coal":1155.0},"unitCount":0,"unitIds":[]},"type":"Feature"},{"geometry":{"coordinates":[19.540653,51.745714],"type":"Point"},"id":"wattlas-plant-wikidata-q8081139","properties":{"aliases":["Elektrociepłownia EC4"],"canonicalAnchor":"wikidata:Q8081139","canonicalCountryKey":"PL","capacityMw":198.0,"country":"PL","externalIds":{"osm":"way/257824726","wikidata":"Q8081139","wikipedia":"pl:Veolia Energia Łódź"},"geographyId":"PL-17162690B86810837764805","id":"wattlas-plant-wikidata-q8081139","idAliases":["wattlas-plant-osm-way-257824726","wattlas-plant-wikipedia-pl-veolia-energia-d"],"lifecycleCounts":{"operational":1},"locationPrecision":"exact","name":"Elektrociepłownia EC4","operatingCapacityCoverage":{"coveragePercent":100.0,"knownUnitCount":0,"method":"plant_aggregate","provenance":{"evidenceCount":0,"recordIds":["wattlas-record-osm-way-257824726"],"sourceIds":["openstreetmap-power"],"sourceTypes":["community_mapped"],"valueKind":"reported"},"totalUnitCount":0},"operatingCapacityMw":198.0,"operatingCapacityMwByTechnology":{"coal":198.0},"plannedCapacityCoverage":{"coveragePercent":0.0,"knownUnitCount":0,"method":"unavailable","totalUnitCount":0},"plannedCapacityMw":0.0,"plannedCapacityMwByTechnology":{},"recordCount":1,"recordIds":["wattlas-record-osm-way-257824726"],"sourceIds":["openstreetmap-power"],"technologies":["coal"],"technologyMixMw":{"coal":198.0},"unitCount":0,"unitIds":[]},"type":"Feature"},{"geometry":{"coordinates":[18.120042,53.1106],"type":"Point"},"id":"wattlas-plant-wikidata-q9182627","properties":{"aliases":["Elektrownia „Mewat” w Czersku Polskim"],"canonicalAnchor":"wikidata:Q9182627","canonicalCountryKey":"PL","capacityMw":1.0,"country":"PL","externalIds":{"osm":"way/1008797118","wikidata":"Q9182627","wikipedia":"pl:Elektrownie wodne w Bydgoszczy"},"geographyId":"PL-17162690B37876665907262","id":"wattlas-plant-wikidata-q9182627","idAliases":["wattlas-plant-osm-way-1008797118","wattlas-plant-wikipedia-pl-elektrownie-wodne-w-bydgoszczy"],"lifecycleCounts":{"operational":1},"locationPrecision":"exact","name":"Elektrownia „Mewat” w Czersku Polskim","operatingCapacityCoverage":{"coveragePercent":100.0,"knownUnitCount":0,"method":"plant_aggregate","provenance":{"evidenceCount":0,"recordIds":["wattlas-record-osm-way-1008797118"],"sourceIds":["openstreetmap-power"],"sourceTypes":["community_mapped"],"valueKind":"reported"},"totalUnitCount":0},"operatingCapacityMw":1.0,"operatingCapacityMwByTechnology":{"hydro":1.0},"plannedCapacityCoverage":{"coveragePercent":0.0,"knownUnitCount":0,"method":"unavailable","totalUnitCount":0},"plannedCapacityMw":0.0,"plannedCapacityMwByTechnology":{},"recordCount":1,"recordIds":["wattlas-record-osm-way-1008797118"],"sourceIds":["openstreetmap-power"],"technologies":["hydro"],"technologyMixMw":{"hydro":1.0},"unitCount":0,"unitIds":[]},"type":"Feature"},{"geometry":{"coordinates":[19.02998,49.87612],"type":"Point"},"id":"wattlas-plant-wikidata-q9252380","properties":{"aliases":["Elektrociepłownia Bielsko-Północ EC2"],"canonicalAnchor":"wikidata:Q9252380","canonicalCountryKey":"PL","capacityMw":55.0,"country":"PL","externalIds":{"osm":"way/365268334","wikidata":"Q9252380","wikipedia":"pl:Elektrociepłownia Bielsko-Północ"},"geographyId":"PL-17162690B16879770934003","id":"wattlas-plant-wikidata-q9252380","idAliases":["wattlas-plant-osm-way-365268334","wattlas-plant-wikipedia-pl-elektrociep-ownia-bielsko-p-noc"],"lifecycleCounts":{"operational":1},"locationPrecision":"exact","name":"Elektrociepłownia Bielsko-Północ EC2","operatingCapacityCoverage":{"coveragePercent":100.0,"knownUnitCount":0,"method":"plant_aggregate","provenance":{"evidenceCount":0,"recordIds":["wattlas-record-osm-way-365268334"],"sourceIds":["openstreetmap-power"],"sourceTypes":["community_mapped"],"valueKind":"reported"},"totalUnitCount":0},"operatingCapacityMw":55.0,"operatingCapacityMwByTechnology":{"coal":55.0},"plannedCapacityCoverage":{"coveragePercent":0.0,"knownUnitCount":0,"method":"unavailable","totalUnitCount":0},"plannedCapacityMw":0.0,"plannedCapacityMwByTechnology":{},"recordCount":1,"recordIds":["wattlas-record-osm-way-365268334"],"sourceIds":["openstreetmap-power"],"technologies":["coal"],"technologyMixMw":{"coal":55.0},"unitCount":0,"unitIds":[]},"type":"Feature"},{"geometry":{"coordinates":[19.052698,49.811487],"type":"Point"},"id":"wattlas-plant-wikidata-q9252382","properties":{"aliases":["TAURON Ciepło Sp. z o.o. Zakład Wytwarzania Bielsko-Biała"],"canonicalAnchor":"wikidata:Q9252382","canonicalCountryKey":"PL","capacityMw":77.0,"country":"PL","externalIds":{"osm":"way/27120045","wikidata":"Q9252382","wikipedia":"pl:Elektrociepłownia Bielsko-Biała"},"geographyId":"PL-17162690B16879770934003","id":"wattlas-plant-wikidata-q9252382","idAliases":["wattlas-plant-osm-way-27120045","wattlas-plant-wikipedia-pl-elektrociep-ownia-bielsko-bia-a"],"lifecycleCounts":{"operational":1},"locationPrecision":"exact","name":"TAURON Ciepło Sp. z o.o. Zakład Wytwarzania Bielsko-Biała","operatingCapacityCoverage":{"coveragePercent":100.0,"knownUnitCount":0,"method":"plant_aggregate","provenance":{"evidenceCount":0,"recordIds":["wattlas-record-osm-way-27120045"],"sourceIds":["openstreetmap-power"],"sourceTypes":["community_mapped"],"valueKind":"reported"},"totalUnitCount":0},"operatingCapacityMw":77.0,"operatingCapacityMwByTechnology":{"coal":77.0},"plannedCapacityCoverage":{"coveragePercent":0.0,"knownUnitCount":0,"method":"unavailable","totalUnitCount":0},"plannedCapacityMw":0.0,"plannedCapacityMwByTechnology":{},"recordCount":1,"recordIds":["wattlas-record-osm-way-27120045"],"sourceIds":["openstreetmap-power"],"technologies":["coal"],"technologyMixMw":{"coal":77.0},"unitCount":0,"unitIds":[]},"type":"Feature"},{"geometry":{"coordinates":[18.106497,51.729759],"type":"Point"},"id":"wattlas-plant-wikidata-q9252389","properties":{"aliases":["ENERGA Elektrociepłownia Kalisz S.A."],"canonicalAnchor":"wikidata:Q9252389","canonicalCountryKey":"PL","capacityMw":8.0,"country":"PL","externalIds":{"osm":"way/167504438","wikidata":"Q9252389","wikipedia":"pl:Elektrociepłownia Kalisz"},"geographyId":"PL-17162690B71775569625336","id":"wattlas-plant-wikidata-q9252389","idAliases":["wattlas-plant-osm-way-167504438","wattlas-plant-wikipedia-pl-elektrociep-ownia-kalisz"],"lifecycleCounts":{"operational":1},"locationPrecision":"exact","name":"ENERGA Elektrociepłownia Kalisz S.A.","operatingCapacityCoverage":{"coveragePercent":100.0,"knownUnitCount":0,"method":"plant_aggregate","provenance":{"evidenceCount":0,"recordIds":["wattlas-record-osm-way-167504438"],"sourceIds":["openstreetmap-power"],"sourceTypes":["community_mapped"],"valueKind":"reported"},"totalUnitCount":0},"operatingCapacityMw":8.0,"operatingCapacityMwByTechnology":{"coal":8.0},"plannedCapacityCoverage":{"coveragePercent":0.0,"knownUnitCount":0,"method":"unavailable","totalUnitCount":0},"plannedCapacityMw":0.0,"plannedCapacityMwByTechnology":{},"recordCount":1,"recordIds":["wattlas-record-osm-way-167504438"],"sourceIds":["openstreetmap-power"],"technologies":["coal"],"technologyMixMw":{"coal":8.0},"unitCount":0,"unitIds":[]},"type":"Feature"},{"geometry":{"coordinates":[20.01424,50.053808],"type":"Point"},"id":"wattlas-plant-wikidata-q9252391","properties":{"aliases":["PGE Energia Ciepła Oddział nr 1 w Krakowie"],"canonicalAnchor":"wikidata:Q9252391","canonicalCountryKey":"PL","capacityMw":460.0,"country":"PL","externalIds":{"osm":"way/81464828","wikidata":"Q9252391","wikipedia":"pl:Elektrociepłownia Kraków"},"geographyId":"PL-17162690B67655395900928","id":"wattlas-plant-wikidata-q9252391","idAliases":["wattlas-plant-osm-way-81464828","wattlas-plant-wikipedia-pl-elektrociep-ownia-krak-w"],"lifecycleCounts":{"operational":1},"locationPrecision":"exact","name":"PGE Energia Ciepła Oddział nr 1 w Krakowie","operatingCapacityCoverage":{"coveragePercent":100.0,"knownUnitCount":0,"method":"plant_aggregate","provenance":{"evidenceCount":0,"recordIds":["wattlas-record-osm-way-81464828"],"sourceIds":["openstreetmap-power"],"sourceTypes":["community_mapped"],"valueKind":"reported"},"totalUnitCount":0},"operatingCapacityMw":460.0,"operatingCapacityMwByTechnology":{"coal":460.0},"plannedCapacityCoverage":{"coveragePercent":0.0,"knownUnitCount":0,"method":"unavailable","totalUnitCount":0},"plannedCapacityMw":0.0,"plannedCapacityMwByTechnology":{},"recordCount":1,"recordIds":["wattlas-record-osm-way-81464828"],"sourceIds":["openstreetmap-power"],"technologies":["coal"],"technologyMixMw":{"coal":460.0},"unitCount":0,"unitIds":[]},"type":"Feature"},{"geometry":{"coordinates":[22.602918,51.240334],"type":"Point"},"id":"wattlas-plant-wikidata-q9252392","properties":{"aliases":["Elektrociepłownia Megatem EC-Lublin"],"canonicalAnchor":"wikidata:Q9252392","canonicalCountryKey":"PL","capacityMw":21.0,"country":"PL","externalIds":{"osm":"way/177098502","wikidata":"Q9252392","wikipedia":"pl:Elektrociepłownia Lublin-Megatem"},"geographyId":"PL-17162690B69262761487853","id":"wattlas-plant-wikidata-q9252392","idAliases":["wattlas-plant-osm-way-177098502","wattlas-plant-wikipedia-pl-elektrociep-ownia-lublin-megatem"],"lifecycleCounts":{"operational":1},"locationPrecision":"exact","name":"Elektrociepłownia Megatem EC-Lublin","operatingCapacityCoverage":{"coveragePercent":100.0,"knownUnitCount":0,"method":"plant_aggregate","provenance":{"evidenceCount":0,"recordIds":["wattlas-record-osm-way-177098502"],"sourceIds":["openstreetmap-power"],"sourceTypes":["community_mapped"],"valueKind":"reported"},"totalUnitCount":0},"operatingCapacityMw":21.0,"operatingCapacityMwByTechnology":{"coal":21.0},"plannedCapacityCoverage":{"coveragePercent":0.0,"knownUnitCount":0,"method":"unavailable","totalUnitCount":0},"plannedCapacityMw":0.0,"plannedCapacityMwByTechnology":{},"recordCount":1,"recordIds":["wattlas-record-osm-way-177098502"],"sourceIds":["openstreetmap-power"],"technologies":["coal"],"technologyMixMw":{"coal":21.0},"unitCount":0,"unitIds":[]},"type":"Feature"},{"geometry":{"coordinates":[21.463061,50.304465],"type":"Point"},"id":"wattlas-plant-wikidata-q9252395","properties":{"aliases":["Elektrociepłownia Mielec"],"canonicalAnchor":"wikidata:Q9252395","canonicalCountryKey":"PL","capacityMw":32.87,"country":"PL","externalIds":{"osm":"way/414515269","wikidata":"Q9252395","wikipedia":"pl:Elektrociepłownia Mielec"},"geographyId":"PL-17162690B44985096553766","id":"wattlas-plant-wikidata-q9252395","idAliases":["wattlas-plant-osm-way-414515269","wattlas-plant-wikipedia-pl-elektrociep-ownia-mielec"],"lifecycleCounts":{"operational":1},"locationPrecision":"exact","name":"Elektrociepłownia Mielec","operatingCapacityCoverage":{"coveragePercent":100.0,"knownUnitCount":0,"method":"plant_aggregate","provenance":{"evidenceCount":0,"recordIds":["wattlas-record-osm-way-414515269"],"sourceIds":["openstreetmap-power"],"sourceTypes":["community_mapped"],"valueKind":"reported"},"totalUnitCount":0},"operatingCapacityMw":32.87,"operatingCapacityMwByTechnology":{"gas":32.87},"plannedCapacityCoverage":{"coveragePercent":0.0,"knownUnitCount":0,"method":"unavailable","totalUnitCount":0},"plannedCapacityMw":0.0,"plannedCapacityMwByTechnology":{},"recordCount":1,"recordIds":["wattlas-record-osm-way-414515269"],"sourceIds":["openstreetmap-power"],"technologies":["gas"],"technologyMixMw":{"gas":32.87},"unitCount":0,"unitIds":[]},"type":"Feature"},{"geometry":{"coordinates":[17.024407,51.123418],"type":"Point"},"id":"wattlas-plant-wikidata-q9252401","properties":{"aliases":["Elektrociepłownia Wrocław"],"canonicalAnchor":"wikidata:Q9252401","canonicalCountryKey":"PL","capacityMw":260.0,"country":"PL","externalIds":{"osm":"way/200617506","wikidata":"Q9252401","wikipedia":"pl:Elektrociepłownia Wrocław"},"geographyId":"PL-17162690B9130125042960","id":"wattlas-plant-wikidata-q9252401","idAliases":["wattlas-plant-osm-way-200617506","wattlas-plant-wikipedia-pl-elektrociep-ownia-wroc-aw"],"lifecycleCounts":{"operational":1},"locationPrecision":"exact","name":"Elektrociepłownia Wrocław","operatingCapacityCoverage":{"coveragePercent":100.0,"knownUnitCount":0,"method":"plant_aggregate","provenance":{"evidenceCount":0,"recordIds":["wattlas-record-osm-way-200617506"],"sourceIds":["openstreetmap-power"],"sourceTypes":["community_mapped"],"valueKind":"reported"},"totalUnitCount":0},"operatingCapacityMw":260.0,"operatingCapacityMwByTechnology":{"coal":260.0},"plannedCapacityCoverage":{"coveragePercent":0.0,"knownUnitCount":0,"method":"unavailable","totalUnitCount":0},"plannedCapacityMw":0.0,"plannedCapacityMwByTechnology":{},"recordCount":1,"recordIds":["wattlas-record-osm-way-200617506"],"sourceIds":["openstreetmap-power"],"technologies":["coal"],"technologyMixMw":{"coal":260.0},"unitCount":0,"unitIds":[]},"type":"Feature"},{"geometry":{"coordinates":[15.487844,51.950878],"type":"Point"},"id":"wattlas-plant-wikidata-q9252403","properties":{"aliases":["Elektrociepłownia Zielona Góra S.A."],"canonicalAnchor":"wikidata:Q9252403","canonicalCountryKey":"PL","capacityMw":221.4,"country":"PL","externalIds":{"osm":"way/221120858","wikidata":"Q9252403","wikipedia":"pl:Elektrociepłownia Zielona Góra"},"geographyId":"PL-17162690B87710404837799","id":"wattlas-plant-wikidata-q9252403","idAliases":["wattlas-plant-osm-way-221120858","wattlas-plant-wikipedia-pl-elektrociep-ownia-zielona-g-ra"],"lifecycleCounts":{"operational":1},"locationPrecision":"exact","name":"Elektrociepłownia Zielona Góra S.A.","operatingCapacityCoverage":{"coveragePercent":100.0,"knownUnitCount":0,"method":"plant_aggregate","provenance":{"evidenceCount":0,"recordIds":["wattlas-record-osm-way-221120858"],"sourceIds":["openstreetmap-power"],"sourceTypes":["community_mapped"],"valueKind":"reported"},"totalUnitCount":0},"operatingCapacityMw":221.4,"operatingCapacityMwByTechnology":{"gas":221.4},"plannedCapacityCoverage":{"coveragePercent":0.0,"knownUnitCount":0,"method":"unavailable","totalUnitCount":0},"plannedCapacityMw":0.0,"plannedCapacityMwByTechnology":{},"recordCount":1,"recordIds":["wattlas-record-osm-way-221120858"],"sourceIds":["openstreetmap-power"],"technologies":["gas"],"technologyMixMw":{"gas":221.4},"unitCount":0,"unitIds":[]},"type":"Feature"},{"geometry":{"coordinates":[17.982847,53.135791],"type":"Point"},"id":"wattlas-plant-wikidata-q9252406","properties":{"aliases":["PGE Energia Ciepła S.A. Oddział Elektrociepłownia Bydgoszcz I"],"canonicalAnchor":"wikidata:Q9252406","canonicalCountryKey":"PL","capacityMw":10.0,"country":"PL","externalIds":{"osm":"way/127449746","wikidata":"Q9252406","wikipedia":"pl:Elektrociepłownie w Bydgoszczy"},"geographyId":"PL-17162690B37876665907262","id":"wattlas-plant-wikidata-q9252406","idAliases":["wattlas-plant-osm-way-127449746","wattlas-plant-wikipedia-pl-elektrociep-ownie-w-bydgoszczy"],"lifecycleCounts":{"operational":1},"locationPrecision":"exact","name":"PGE Energia Ciepła S.A. Oddział Elektrociepłownia Bydgoszcz I","operatingCapacityCoverage":{"coveragePercent":100.0,"knownUnitCount":0,"method":"plant_aggregate","provenance":{"evidenceCount":0,"recordIds":["wattlas-record-osm-way-127449746"],"sourceIds":["openstreetmap-power"],"sourceTypes":["community_mapped"],"valueKind":"reported"},"totalUnitCount":0},"operatingCapacityMw":10.0,"operatingCapacityMwByTechnology":{"coal":10.0},"plannedCapacityCoverage":{"coveragePercent":0.0,"knownUnitCount":0,"method":"unavailable","totalUnitCount":0},"plannedCapacityMw":0.0,"plannedCapacityMwByTechnology":{},"recordCount":1,"recordIds":["wattlas-record-osm-way-127449746"],"sourceIds":["openstreetmap-power"],"technologies":["coal"],"technologyMixMw":{"coal":10.0},"unitCount":0,"unitIds":[]},"type":"Feature"},{"geometry":{"coordinates":[18.293173,50.357355],"type":"Point"},"id":"wattlas-plant-wikidata-q9252492","properties":{"aliases":["Elektrownia Blachownia"],"canonicalAnchor":"wikidata:Q9252492","canonicalCountryKey":"PL","capacityMw":83.0,"country":"PL","externalIds":{"osm":"way/306373338","wikidata":"Q9252492","wikipedia":"pl:Elektrownia Blachownia"},"geographyId":"PL-17162690B67719337891950","id":"wattlas-plant-wikidata-q9252492","idAliases":["wattlas-plant-osm-way-306373338","wattlas-plant-wikipedia-pl-elektrownia-blachownia"],"lifecycleCounts":{"operational":1},"locationPrecision":"exact","name":"Elektrownia Blachownia","operatingCapacityCoverage":{"coveragePercent":100.0,"knownUnitCount":0,"method":"plant_aggregate","provenance":{"evidenceCount":0,"recordIds":["wattlas-record-osm-way-306373338"],"sourceIds":["openstreetmap-power"],"sourceTypes":["community_mapped"],"valueKind":"reported"},"totalUnitCount":0},"operatingCapacityMw":83.0,"operatingCapacityMwByTechnology":{"gas":83.0},"plannedCapacityCoverage":{"coveragePercent":0.0,"knownUnitCount":0,"method":"unavailable","totalUnitCount":0},"plannedCapacityMw":0.0,"plannedCapacityMwByTechnology":{},"recordCount":1,"recordIds":["wattlas-record-osm-way-306373338"],"sourceIds":["openstreetmap-power"],"technologies":["gas"],"technologyMixMw":{"gas":83.0},"unitCount":0,"unitIds":[]},"type":"Feature"},{"geometry":{"coordinates":[20.679486,49.811144],"type":"Point"},"id":"wattlas-plant-wikidata-q9252493","properties":{"aliases":["Elektrownia wodna Czchów"],"canonicalAnchor":"wikidata:Q9252493","canonicalCountryKey":"PL","capacityMw":8.4,"country":"PL","externalIds":{"osm":"way/917149329","wikidata":"Q9252493","wikipedia":"pl:Elektrownia Czchów"},"geographyId":"PL-17162690B67655395900928","id":"wattlas-plant-wikidata-q9252493","idAliases":["wattlas-plant-osm-way-917149329","wattlas-plant-wikipedia-pl-elektrownia-czch-w"],"lifecycleCounts":{"operational":1},"locationPrecision":"exact","name":"Elektrownia wodna Czchów","operatingCapacityCoverage":{"coveragePercent":100.0,"knownUnitCount":0,"method":"plant_aggregate","provenance":{"evidenceCount":0,"recordIds":["wattlas-record-osm-way-917149329"],"sourceIds":["openstreetmap-power"],"sourceTypes":["community_mapped"],"valueKind":"reported"},"totalUnitCount":0},"operatingCapacityMw":8.4,"operatingCapacityMwByTechnology":{"hydro":8.4},"plannedCapacityCoverage":{"coveragePercent":0.0,"knownUnitCount":0,"method":"unavailable","totalUnitCount":0},"plannedCapacityMw":0.0,"plannedCapacityMwByTechnology":{},"recordCount":1,"recordIds":["wattlas-record-osm-way-917149329"],"sourceIds":["openstreetmap-power"],"technologies":["hydro"],"technologyMixMw":{"hydro":8.4},"unitCount":0,"unitIds":[]},"type":"Feature"},{"geometry":{"coordinates":[20.323074,49.418385],"type":"Point"},"id":"wattlas-plant-wikidata-q9252496-e603a9955c","properties":{"aliases":["Elektrownia Wodna Niedzica"],"canonicalAnchor":"wikidata:Q9252496","canonicalCountryKey":"PL","capacityMw":92.75,"country":"PL","externalIds":{"osm":"way/246184212","wikidata":"Q9252496","wikipedia":"pl:Zespół Elektrowni Wodnych Niedzica"},"geographyId":"PL-17162690B67655395900928","id":"wattlas-plant-wikidata-q9252496-e603a9955c","idAliases":["wattlas-plant-osm-way-246184212","wattlas-plant-wikidata-q9252496","wattlas-plant-wikipedia-pl-zesp-elektrowni-wodnych-niedzica"],"lifecycleCounts":{"operational":1},"locationPrecision":"exact","name":"Elektrownia Wodna Niedzica","operatingCapacityCoverage":{"coveragePercent":100.0,"knownUnitCount":0,"method":"plant_aggregate","provenance":{"evidenceCount":0,"recordIds":["wattlas-record-osm-way-246184212"],"sourceIds":["openstreetmap-power"],"sourceTypes":["community_mapped"],"valueKind":"reported"},"totalUnitCount":0},"operatingCapacityMw":92.75,"operatingCapacityMwByTechnology":{"hydro":92.75},"plannedCapacityCoverage":{"coveragePercent":0.0,"knownUnitCount":0,"method":"unavailable","totalUnitCount":0},"plannedCapacityMw":0.0,"plannedCapacityMwByTechnology":{},"recordCount":1,"recordIds":["wattlas-record-osm-way-246184212"],"sourceIds":["openstreetmap-power"],"technologies":["hydro"],"technologyMixMw":{"hydro":92.75},"unitCount":0,"unitIds":[]},"type":"Feature"},{"geometry":{"coordinates":[20.33482,49.406601],"type":"Point"},"id":"wattlas-plant-wikidata-q9252496-f3aece0344","properties":{"aliases":["Elektrownia Wodna Sromowce Wyżne"],"canonicalAnchor":"wikidata:Q9252496","canonicalCountryKey":"PL","capacityMw":2.0,"country":"PL","externalIds":{"osm":"way/326876268","wikidata":"Q9252496","wikipedia":"pl:Zespół Elektrowni Wodnych Niedzica"},"geographyId":"PL-17162690B67655395900928","id":"wattlas-plant-wikidata-q9252496-f3aece0344","idAliases":["wattlas-plant-osm-way-326876268"],"lifecycleCounts":{"operational":1},"locationPrecision":"exact","name":"Elektrownia Wodna Sromowce Wyżne","operatingCapacityCoverage":{"coveragePercent":100.0,"knownUnitCount":0,"method":"plant_aggregate","provenance":{"evidenceCount":0,"recordIds":["wattlas-record-osm-way-326876268"],"sourceIds":["openstreetmap-power"],"sourceTypes":["community_mapped"],"valueKind":"reported"},"totalUnitCount":0},"operatingCapacityMw":2.0,"operatingCapacityMwByTechnology":{"hydro":2.0},"plannedCapacityCoverage":{"coveragePercent":0.0,"knownUnitCount":0,"method":"unavailable","totalUnitCount":0},"plannedCapacityMw":0.0,"plannedCapacityMwByTechnology":{},"recordCount":1,"recordIds":["wattlas-record-osm-way-326876268"],"sourceIds":["openstreetmap-power"],"technologies":["hydro"],"technologyMixMw":{"hydro":2.0},"unitCount":0,"unitIds":[]},"type":"Feature"},{"geometry":{"coordinates":[17.880882,50.751195],"type":"Point"},"id":"wattlas-plant-wikidata-q9252500","properties":{"aliases":["Elektrownia Opole"],"canonicalAnchor":"wikidata:Q9252500","canonicalCountryKey":"PL","capacityMw":3292.0,"country":"PL","externalIds":{"osm":"way/44961415","wikidata":"Q9252500","wikipedia":"pl:Elektrownia Opole"},"geographyId":"PL-17162690B67719337891950","id":"wattlas-plant-wikidata-q9252500","idAliases":["wattlas-plant-osm-way-44961415","wattlas-plant-wikipedia-pl-elektrownia-opole"],"lifecycleCounts":{"operational":1},"locationPrecision":"exact","name":"Elektrownia Opole","operatingCapacityCoverage":{"coveragePercent":100.0,"knownUnitCount":0,"method":"plant_aggregate","provenance":{"evidenceCount":0,"recordIds":["wattlas-record-osm-way-44961415"],"sourceIds":["openstreetmap-power"],"sourceTypes":["community_mapped"],"valueKind":"reported"},"totalUnitCount":0},"operatingCapacityMw":3292.0,"operatingCapacityMwByTechnology":{"coal":3292.0},"plannedCapacityCoverage":{"coveragePercent":0.0,"knownUnitCount":0,"method":"unavailable","totalUnitCount":0},"plannedCapacityMw":0.0,"plannedCapacityMwByTechnology":{},"recordCount":1,"recordIds":["wattlas-record-osm-way-44961415"],"sourceIds":["openstreetmap-power"],"technologies":["coal"],"technologyMixMw":{"coal":3292.0},"unitCount":0,"unitIds":[]},"type":"Feature"},{"geometry":{"coordinates":[14.526471,53.392315],"type":"Point"},"id":"wattlas-plant-wikidata-q9252502","properties":{"aliases":["Elektrociepłownia Pomorzany"],"canonicalAnchor":"wikidata:Q9252502","canonicalCountryKey":"PL","capacityMw":134.2,"country":"PL","externalIds":{"osm":"relation/20371128","wikidata":"Q9252502","wikipedia":"pl:Elektrownia Pomorzany"},"geographyId":"PL-17162690B34878575347312","id":"wattlas-plant-wikidata-q9252502","idAliases":["wattlas-plant-osm-relation-20371128","wattlas-plant-wikipedia-pl-elektrownia-pomorzany"],"lifecycleCounts":{"operational":1},"locationPrecision":"exact","name":"Elektrociepłownia Pomorzany","operatingCapacityCoverage":{"coveragePercent":100.0,"knownUnitCount":0,"method":"plant_aggregate","provenance":{"evidenceCount":0,"recordIds":["wattlas-record-osm-relation-20371128"],"sourceIds":["openstreetmap-power"],"sourceTypes":["community_mapped"],"valueKind":"reported"},"totalUnitCount":0},"operatingCapacityMw":134.2,"operatingCapacityMwByTechnology":{"coal":134.2},"plannedCapacityCoverage":{"coveragePercent":0.0,"knownUnitCount":0,"method":"unavailable","totalUnitCount":0},"plannedCapacityMw":0.0,"plannedCapacityMwByTechnology":{},"recordCount":1,"recordIds":["wattlas-record-osm-relation-20371128"],"sourceIds":["openstreetmap-power"],"technologies":["coal"],"technologyMixMw":{"coal":134.2},"unitCount":0,"unitIds":[]},"type":"Feature"},{"geometry":{"coordinates":[20.66328,49.761428],"type":"Point"},"id":"wattlas-plant-wikidata-q9252508","properties":{"aliases":["Elektrownia wodna Rożnów"],"canonicalAnchor":"wikidata:Q9252508","canonicalCountryKey":"PL","capacityMw":58.0,"country":"PL","externalIds":{"osm":"way/478355282","wikidata":"Q9252508","wikipedia":"pl:Elektrownia Rożnów"},"geographyId":"PL-17162690B67655395900928","id":"wattlas-plant-wikidata-q9252508","idAliases":["wattlas-plant-osm-way-478355282","wattlas-plant-wikipedia-pl-elektrownia-ro-n-w"],"lifecycleCounts":{"operational":1},"locationPrecision":"exact","name":"Elektrownia wodna Rożnów","operatingCapacityCoverage":{"coveragePercent":100.0,"knownUnitCount":0,"method":"plant_aggregate","provenance":{"evidenceCount":0,"recordIds":["wattlas-record-osm-way-478355282"],"sourceIds":["openstreetmap-power"],"sourceTypes":["community_mapped"],"valueKind":"reported"},"totalUnitCount":0},"operatingCapacityMw":58.0,"operatingCapacityMwByTechnology":{"hydro":58.0},"plannedCapacityCoverage":{"coveragePercent":0.0,"knownUnitCount":0,"method":"unavailable","totalUnitCount":0},"plannedCapacityMw":0.0,"plannedCapacityMwByTechnology":{},"recordCount":1,"recordIds":["wattlas-record-osm-way-478355282"],"sourceIds":["openstreetmap-power"],"technologies":["hydro"],"technologyMixMw":{"hydro":58.0},"unitCount":0,"unitIds":[]},"type":"Feature"},{"geometry":{"coordinates":[22.080709,50.552222],"type":"Point"},"id":"wattlas-plant-wikidata-q9252510","properties":{"aliases":["TAURON Wytwarzanie S.A. Oddział Elektrownia Stalowa Wola"],"canonicalAnchor":"wikidata:Q9252510","canonicalCountryKey":"PL","capacityMw":450.0,"country":"PL","externalIds":{"osm":"way/50778337","wikidata":"Q9252510","wikipedia":"pl:Elektrownia Stalowa Wola"},"geographyId":"PL-17162690B44985096553766","id":"wattlas-plant-wikidata-q9252510","idAliases":["wattlas-plant-osm-way-50778337","wattlas-plant-wikipedia-pl-elektrownia-stalowa-wola"],"lifecycleCounts":{"operational":1},"locationPrecision":"exact","name":"TAURON Wytwarzanie S.A. Oddział Elektrownia Stalowa Wola","operatingCapacityCoverage":{"coveragePercent":100.0,"knownUnitCount":0,"method":"plant_aggregate","provenance":{"evidenceCount":0,"recordIds":["wattlas-record-osm-way-50778337"],"sourceIds":["openstreetmap-power"],"sourceTypes":["community_mapped"],"valueKind":"reported"},"totalUnitCount":0},"operatingCapacityMw":450.0,"operatingCapacityMwByTechnology":{"gas":450.0},"plannedCapacityCoverage":{"coveragePercent":0.0,"knownUnitCount":0,"method":"unavailable","totalUnitCount":0},"plannedCapacityMw":0.0,"plannedCapacityMwByTechnology":{},"recordCount":1,"recordIds":["wattlas-record-osm-way-50778337"],"sourceIds":["openstreetmap-power"],"technologies":["gas"],"technologyMixMw":{"gas":450.0},"unitCount":0,"unitIds":[]},"type":"Feature"},{"geometry":{"coordinates":[14.584945,53.411029],"type":"Point"},"id":"wattlas-plant-wikidata-q9252512","properties":{"aliases":["PGE GiEK S.A. Oddział Elektrociepłownia Szczecin"],"canonicalAnchor":"wikidata:Q9252512","canonicalCountryKey":"PL","capacityMw":88.0,"country":"PL","externalIds":{"osm":"way/35037834","wikidata":"Q9252512","wikipedia":"pl:Elektrownia Szczecin"},"geographyId":"PL-17162690B34878575347312","id":"wattlas-plant-wikidata-q9252512","idAliases":["wattlas-plant-osm-way-35037834","wattlas-plant-wikipedia-pl-elektrownia-szczecin"],"lifecycleCounts":{"operational":1},"locationPrecision":"exact","name":"PGE GiEK S.A. Oddział Elektrociepłownia Szczecin","operatingCapacityCoverage":{"coveragePercent":100.0,"knownUnitCount":0,"method":"plant_aggregate","provenance":{"evidenceCount":0,"recordIds":["wattlas-record-osm-way-35037834"],"sourceIds":["openstreetmap-power"],"sourceTypes":["community_mapped"],"valueKind":"reported"},"totalUnitCount":0},"operatingCapacityMw":88.0,"operatingCapacityMwByTechnology":{"biomass":88.0},"plannedCapacityCoverage":{"coveragePercent":0.0,"knownUnitCount":0,"method":"unavailable","totalUnitCount":0},"plannedCapacityMw":0.0,"plannedCapacityMwByTechnology":{},"recordCount":1,"recordIds":["wattlas-record-osm-way-35037834"],"sourceIds":["openstreetmap-power"],"technologies":["biomass"],"technologyMixMw":{"biomass":88.0},"unitCount":0,"unitIds":[]},"type":"Feature"},{"geometry":{"coordinates":[19.430166,51.214636],"type":"Point"},"id":"wattlas-plant-wikidata-q9252515","properties":{"aliases":["Elektrownia wiatrowa Kamieńsk"],"canonicalAnchor":"wikidata:Q9252515","canonicalCountryKey":"PL","capacityMw":31.2,"country":"PL","externalIds":{"osm":"relation/4759048","wikidata":"Q9252515","wikipedia":"pl:Elektrownia Wiatrowa Kamieńsk"},"geographyId":"PL-17162690B86810837764805","id":"wattlas-plant-wikidata-q9252515","idAliases":["wattlas-plant-osm-relation-4759048","wattlas-plant-wikipedia-pl-elektrownia-wiatrowa-kamie-sk"],"lifecycleCounts":{"operational":1},"locationPrecision":"exact","name":"Elektrownia wiatrowa Kamieńsk","operatingCapacityCoverage":{"coveragePercent":100.0,"knownUnitCount":0,"method":"plant_aggregate","provenance":{"evidenceCount":0,"recordIds":["wattlas-record-osm-relation-4759048"],"sourceIds":["openstreetmap-power"],"sourceTypes":["community_mapped"],"valueKind":"reported"},"totalUnitCount":0},"operatingCapacityMw":31.2,"operatingCapacityMwByTechnology":{"wind":31.2},"plannedCapacityCoverage":{"coveragePercent":0.0,"knownUnitCount":0,"method":"unavailable","totalUnitCount":0},"plannedCapacityMw":0.0,"plannedCapacityMwByTechnology":{},"recordCount":1,"recordIds":["wattlas-record-osm-relation-4759048"],"sourceIds":["openstreetmap-power"],"technologies":["wind"],"technologyMixMw":{"wind":31.2},"unitCount":0,"unitIds":[]},"type":"Feature"},{"geometry":{"coordinates":[17.029004,51.113448],"type":"Point"},"id":"wattlas-plant-wikidata-q9252527","properties":{"aliases":["Elektrownia Wodna Wrocław I"],"canonicalAnchor":"wikidata:Q9252527","canonicalCountryKey":"PL","capacityMw":4.83,"country":"PL","externalIds":{"osm":"way/1064339145","wikidata":"Q9252527","wikipedia":"pl:Elektrownia Wodna Wrocław I"},"geographyId":"PL-17162690B9130125042960","id":"wattlas-plant-wikidata-q9252527","idAliases":["wattlas-plant-osm-way-1064339145","wattlas-plant-wikipedia-pl-elektrownia-wodna-wroc-aw-i"],"lifecycleCounts":{"operational":1},"locationPrecision":"exact","name":"Elektrownia Wodna Wrocław I","operatingCapacityCoverage":{"coveragePercent":100.0,"knownUnitCount":0,"method":"plant_aggregate","provenance":{"evidenceCount":0,"recordIds":["wattlas-record-osm-way-1064339145"],"sourceIds":["openstreetmap-power"],"sourceTypes":["community_mapped"],"valueKind":"reported"},"totalUnitCount":0},"operatingCapacityMw":4.83,"operatingCapacityMwByTechnology":{"hydro":4.83},"plannedCapacityCoverage":{"coveragePercent":0.0,"knownUnitCount":0,"method":"unavailable","totalUnitCount":0},"plannedCapacityMw":0.0,"plannedCapacityMwByTechnology":{},"recordCount":1,"recordIds":["wattlas-record-osm-way-1064339145"],"sourceIds":["openstreetmap-power"],"technologies":["hydro"],"technologyMixMw":{"hydro":4.83},"unitCount":0,"unitIds":[]},"type":"Feature"},{"geometry":{"coordinates":[19.133314,52.655349],"type":"Point"},"id":"wattlas-plant-wikidata-q9252529","properties":{"aliases":["Elektrownia Wodna Włocławek"],"canonicalAnchor":"wikidata:Q9252529","canonicalCountryKey":"PL","capacityMw":160.2,"country":"PL","externalIds":{"osm":"relation/9421576","wikidata":"Q9252529","wikipedia":"pl:Elektrownia Wodna we Włocławku"},"geographyId":"PL-17162690B37876665907262","id":"wattlas-plant-wikidata-q9252529","idAliases":["wattlas-plant-osm-relation-9421576","wattlas-plant-wikipedia-pl-elektrownia-wodna-we-w-oc-awku"],"lifecycleCounts":{"operational":1},"locationPrecision":"exact","name":"Elektrownia Wodna Włocławek","operatingCapacityCoverage":{"coveragePercent":100.0,"knownUnitCount":0,"method":"plant_aggregate","provenance":{"evidenceCount":0,"recordIds":["wattlas-record-osm-relation-9421576"],"sourceIds":["openstreetmap-power"],"sourceTypes":["community_mapped"],"valueKind":"reported"},"totalUnitCount":0},"operatingCapacityMw":160.2,"operatingCapacityMwByTechnology":{"hydro":160.2},"plannedCapacityCoverage":{"coveragePercent":0.0,"knownUnitCount":0,"method":"unavailable","totalUnitCount":0},"plannedCapacityMw":0.0,"plannedCapacityMwByTechnology":{},"recordCount":1,"recordIds":["wattlas-record-osm-relation-9421576"],"sourceIds":["openstreetmap-power"],"technologies":["hydro"],"technologyMixMw":{"hydro":160.2},"unitCount":0,"unitIds":[]},"type":"Feature"},{"geometry":{"coordinates":[19.39552,51.841642],"type":"Point"},"id":"wattlas-plant-wikidata-q9253969","properties":{"aliases":["PGE Energia Ciepła S.A. Oddział Elektrociepłownia w Zgierzu"],"canonicalAnchor":"wikidata:Q9253969","canonicalCountryKey":"PL","capacityMw":0.0,"country":"PL","externalIds":{"osm":"way/171033316","wikidata":"Q9253969","wikipedia":"pl:Energetyka Boruta"},"geographyId":"PL-17162690B86810837764805","id":"wattlas-plant-wikidata-q9253969","idAliases":["wattlas-plant-osm-way-171033316","wattlas-plant-wikipedia-pl-energetyka-boruta"],"lifecycleCounts":{"operational":1},"locationPrecision":"exact","name":"PGE Energia Ciepła S.A. Oddział Elektrociepłownia w Zgierzu","operatingCapacityCoverage":{"coveragePercent":0.0,"knownUnitCount":0,"method":"unavailable","totalUnitCount":0},"operatingCapacityMw":0.0,"operatingCapacityMwByTechnology":{},"plannedCapacityCoverage":{"coveragePercent":0.0,"knownUnitCount":0,"method":"unavailable","totalUnitCount":0},"plannedCapacityMw":0.0,"plannedCapacityMwByTechnology":{},"recordCount":1,"recordIds":["wattlas-record-osm-way-171033316"],"sourceIds":["openstreetmap-power"],"technologies":["coal"],"technologyMixMw":{"coal":0.0},"unitCount":0,"unitIds":[]},"type":"Feature"},{"geometry":{"coordinates":[15.681507,54.066305],"type":"Point"},"id":"wattlas-plant-wikidata-q9258040","properties":{"aliases":["Farma Wiatrowa Jarogniew Mołtowo"],"canonicalAnchor":"wikidata:Q9258040","canonicalCountryKey":"PL","capacityMw":20.5,"country":"PL","externalIds":{"osm":"relation/5971398","wikidata":"Q9258040","wikipedia":"pl:Farma Wiatrowa Jarogniew-Mołtowo"},"geographyId":"PL-17162690B34878575347312","id":"wattlas-plant-wikidata-q9258040","idAliases":["wattlas-plant-osm-relation-5971398","wattlas-plant-wikipedia-pl-farma-wiatrowa-jarogniew-mo-towo"],"lifecycleCounts":{"operational":1},"locationPrecision":"exact","name":"Farma Wiatrowa Jarogniew Mołtowo","operatingCapacityCoverage":{"coveragePercent":100.0,"knownUnitCount":0,"method":"plant_aggregate","provenance":{"evidenceCount":0,"recordIds":["wattlas-record-osm-relation-5971398"],"sourceIds":["openstreetmap-power"],"sourceTypes":["community_mapped"],"valueKind":"reported"},"totalUnitCount":0},"operatingCapacityMw":20.5,"operatingCapacityMwByTechnology":{"wind":20.5},"plannedCapacityCoverage":{"coveragePercent":0.0,"knownUnitCount":0,"method":"unavailable","totalUnitCount":0},"plannedCapacityMw":0.0,"plannedCapacityMwByTechnology":{},"recordCount":1,"recordIds":["wattlas-record-osm-relation-5971398"],"sourceIds":["openstreetmap-power"],"technologies":["wind"],"technologyMixMw":{"wind":20.5},"unitCount":0,"unitIds":[]},"type":"Feature"},{"geometry":{"coordinates":[15.756148,54.044366],"type":"Point"},"id":"wattlas-plant-wikidata-q9258043","properties":{"aliases":["Farma Wiatrowa Karścino"],"canonicalAnchor":"wikidata:Q9258043","canonicalCountryKey":"PL","capacityMw":90.0,"country":"PL","externalIds":{"osm":"relation/5971399","wikidata":"Q9258043","wikipedia":"pl:Farma Wiatrowa Karścino"},"geographyId":"PL-17162690B34878575347312","id":"wattlas-plant-wikidata-q9258043","idAliases":["wattlas-plant-osm-relation-5971399","wattlas-plant-wikipedia-pl-farma-wiatrowa-kar-cino"],"lifecycleCounts":{"operational":1},"locationPrecision":"exact","name":"Farma Wiatrowa Karścino","operatingCapacityCoverage":{"coveragePercent":100.0,"knownUnitCount":0,"method":"plant_aggregate","provenance":{"evidenceCount":0,"recordIds":["wattlas-record-osm-relation-5971399"],"sourceIds":["openstreetmap-power"],"sourceTypes":["community_mapped"],"valueKind":"reported"},"totalUnitCount":0},"operatingCapacityMw":90.0,"operatingCapacityMwByTechnology":{"wind":90.0},"plannedCapacityCoverage":{"coveragePercent":0.0,"knownUnitCount":0,"method":"unavailable","totalUnitCount":0},"plannedCapacityMw":0.0,"plannedCapacityMwByTechnology":{},"recordCount":1,"recordIds":["wattlas-record-osm-relation-5971399"],"sourceIds":["openstreetmap-power"],"technologies":["wind"],"technologyMixMw":{"wind":90.0},"unitCount":0,"unitIds":[]},"type":"Feature"},{"geometry":{"coordinates":[14.632469,53.802075],"type":"Point"},"id":"wattlas-plant-wikidata-q9258046","properties":{"aliases":["Farma Wiatrowa „Zagórze”"],"canonicalAnchor":"wikidata:Q9258046","canonicalCountryKey":"PL","capacityMw":30.0,"country":"PL","externalIds":{"osm":"relation/4547501","wikidata":"Q9258046","wikipedia":"pl:Farma Wiatrowa Zagórze"},"geographyId":"PL-17162690B34878575347312","id":"wattlas-plant-wikidata-q9258046","idAliases":["wattlas-plant-osm-relation-4547501","wattlas-plant-wikipedia-pl-farma-wiatrowa-zag-rze"],"lifecycleCounts":{"operational":1},"locationPrecision":"exact","name":"Farma Wiatrowa „Zagórze”","operatingCapacityCoverage":{"coveragePercent":100.0,"knownUnitCount":0,"method":"plant_aggregate","provenance":{"evidenceCount":0,"recordIds":["wattlas-record-osm-relation-4547501"],"sourceIds":["openstreetmap-power"],"sourceTypes":["community_mapped"],"valueKind":"reported"},"totalUnitCount":0},"operatingCapacityMw":30.0,"operatingCapacityMwByTechnology":{"wind":30.0},"plannedCapacityCoverage":{"coveragePercent":0.0,"knownUnitCount":0,"method":"unavailable","totalUnitCount":0},"plannedCapacityMw":0.0,"plannedCapacityMwByTechnology":{},"recordCount":1,"recordIds":["wattlas-record-osm-relation-4547501"],"sourceIds":["openstreetmap-power"],"technologies":["wind"],"technologyMixMw":{"wind":30.0},"unitCount":0,"unitIds":[]},"type":"Feature"},{"geometry":{"coordinates":[18.751769,53.904366],"type":"Point"},"id":"wattlas-plant-wikidata-q9258053","properties":{"aliases":["Elektrownia wiatrowa Pelplin"],"canonicalAnchor":"wikidata:Q9258053","canonicalCountryKey":"PL","capacityMw":48.0,"country":"PL","externalIds":{"osm":"relation/5973910","wikidata":"Q9258053","wikipedia":"pl:Farma wiatrowa w Pelplinie"},"geographyId":"PL-17162690B77437931625010","id":"wattlas-plant-wikidata-q9258053","idAliases":["wattlas-plant-osm-relation-5973910","wattlas-plant-wikipedia-pl-farma-wiatrowa-w-pelplinie"],"lifecycleCounts":{"operational":1},"locationPrecision":"exact","name":"Elektrownia wiatrowa Pelplin","operatingCapacityCoverage":{"coveragePercent":100.0,"knownUnitCount":0,"method":"plant_aggregate","provenance":{"evidenceCount":0,"recordIds":["wattlas-record-osm-relation-5973910"],"sourceIds":["openstreetmap-power"],"sourceTypes":["community_mapped"],"valueKind":"reported"},"totalUnitCount":0},"operatingCapacityMw":48.0,"operatingCapacityMwByTechnology":{"wind":48.0},"plannedCapacityCoverage":{"coveragePercent":0.0,"knownUnitCount":0,"method":"unavailable","totalUnitCount":0},"plannedCapacityMw":0.0,"plannedCapacityMwByTechnology":{},"recordCount":1,"recordIds":["wattlas-record-osm-relation-5973910"],"sourceIds":["openstreetmap-power"],"technologies":["wind"],"technologyMixMw":{"wind":48.0},"unitCount":0,"unitIds":[]},"type":"Feature"},{"geometry":{"coordinates":[17.103738,52.954717],"type":"Point"},"id":"wattlas-plant-wikidata-q9258054","properties":{"aliases":["Farma Wiatrowa Margonin"],"canonicalAnchor":"wikidata:Q9258054","canonicalCountryKey":"PL","capacityMw":120.0,"country":"PL","externalIds":{"osm":"relation/5971400","wikidata":"Q9258054","wikipedia":"pl:Farma wiatrowa w Margoninie"},"geographyId":"PL-17162690B71775569625336","id":"wattlas-plant-wikidata-q9258054","idAliases":["wattlas-plant-osm-relation-5971400","wattlas-plant-wikipedia-pl-farma-wiatrowa-w-margoninie"],"lifecycleCounts":{"operational":1},"locationPrecision":"exact","name":"Farma Wiatrowa Margonin","operatingCapacityCoverage":{"coveragePercent":100.0,"knownUnitCount":0,"method":"plant_aggregate","provenance":{"evidenceCount":0,"recordIds":["wattlas-record-osm-relation-5971400"],"sourceIds":["openstreetmap-power"],"sourceTypes":["community_mapped"],"valueKind":"reported"},"totalUnitCount":0},"operatingCapacityMw":120.0,"operatingCapacityMwByTechnology":{"wind":120.0},"plannedCapacityCoverage":{"coveragePercent":0.0,"knownUnitCount":0,"method":"unavailable","totalUnitCount":0},"plannedCapacityMw":0.0,"plannedCapacityMwByTechnology":{},"recordCount":1,"recordIds":["wattlas-record-osm-relation-5971400"],"sourceIds":["openstreetmap-power"],"technologies":["wind"],"technologyMixMw":{"wind":120.0},"unitCount":0,"unitIds":[]},"type":"Feature"},{"geometry":{"coordinates":[18.693357,53.047142],"type":"Point"},"id":"wattlas-plant-wikidata-q9360260","properties":{"aliases":["Elektrociepłownia PGE Toruń"],"canonicalAnchor":"wikidata:Q9360260","canonicalCountryKey":"PL","capacityMw":107.1,"country":"PL","externalIds":{"osm":"way/922412500","wikidata":"Q9360260","wikipedia":"pl:PGE Toruń"},"geographyId":"PL-17162690B37876665907262","id":"wattlas-plant-wikidata-q9360260","idAliases":["wattlas-plant-osm-way-922412500","wattlas-plant-wikipedia-pl-pge-toru"],"lifecycleCounts":{"operational":1},"locationPrecision":"exact","name":"Elektrociepłownia PGE Toruń","operatingCapacityCoverage":{"coveragePercent":100.0,"knownUnitCount":0,"method":"plant_aggregate","provenance":{"evidenceCount":0,"recordIds":["wattlas-record-osm-way-922412500"],"sourceIds":["openstreetmap-power"],"sourceTypes":["community_mapped"],"valueKind":"reported"},"totalUnitCount":0},"operatingCapacityMw":107.1,"operatingCapacityMwByTechnology":{"gas":107.1},"plannedCapacityCoverage":{"coveragePercent":0.0,"knownUnitCount":0,"method":"unavailable","totalUnitCount":0},"plannedCapacityMw":0.0,"plannedCapacityMwByTechnology":{},"recordCount":1,"recordIds":["wattlas-record-osm-way-922412500"],"sourceIds":["openstreetmap-power"],"technologies":["gas"],"technologyMixMw":{"gas":107.1},"unitCount":0,"unitIds":[]},"type":"Feature"},{"geometry":{"coordinates":[21.105835,52.261432],"type":"Point"},"id":"wattlas-plant-wikidata-q9386238","properties":{"aliases":["Warszawska Wytwórnia Energii"],"canonicalAnchor":"wikidata:Q9386238","canonicalCountryKey":"PL","capacityMw":0.0,"country":"PL","externalIds":{"osm":"way/1091831072","wikidata":"Q9386238","wikipedia":"pl:Warszawska Wytwórnia Energii"},"geographyId":"PL-17162690B84565288021286","id":"wattlas-plant-wikidata-q9386238","idAliases":["wattlas-plant-osm-way-1091831072","wattlas-plant-wikipedia-pl-warszawska-wytw-rnia-energii"],"lifecycleCounts":{"operational":1},"locationPrecision":"exact","name":"Warszawska Wytwórnia Energii","operatingCapacityCoverage":{"coveragePercent":0.0,"knownUnitCount":0,"method":"unavailable","totalUnitCount":0},"operatingCapacityMw":0.0,"operatingCapacityMwByTechnology":{},"plannedCapacityCoverage":{"coveragePercent":0.0,"knownUnitCount":0,"method":"unavailable","totalUnitCount":0},"plannedCapacityMw":0.0,"plannedCapacityMwByTechnology":{},"recordCount":1,"recordIds":["wattlas-record-osm-way-1091831072"],"sourceIds":["openstreetmap-power"],"technologies":["other"],"technologyMixMw":{"other":0.0},"unitCount":0,"unitIds":[]},"type":"Feature"},{"geometry":{"coordinates":[15.052571,51.989018],"type":"Point"},"id":"wattlas-plant-wikidata-q9390227","properties":{"aliases":["Elektrownia Wodna Dychów"],"canonicalAnchor":"wikidata:Q9390227","canonicalCountryKey":"PL","capacityMw":87.975,"country":"PL","externalIds":{"osm":"way/178449095","wikidata":"Q9390227","wikipedia":"pl:Zespół Elektrowni Wodnych Dychów"},"geographyId":"PL-17162690B87710404837799","id":"wattlas-plant-wikidata-q9390227","idAliases":["wattlas-plant-osm-way-178449095","wattlas-plant-wikipedia-pl-zesp-elektrowni-wodnych-dych-w"],"lifecycleCounts":{"operational":1},"locationPrecision":"exact","name":"Elektrownia Wodna Dychów","operatingCapacityCoverage":{"coveragePercent":100.0,"knownUnitCount":0,"method":"plant_aggregate","provenance":{"evidenceCount":0,"recordIds":["wattlas-record-osm-way-178449095"],"sourceIds":["openstreetmap-power"],"sourceTypes":["community_mapped"],"valueKind":"reported"},"totalUnitCount":0},"operatingCapacityMw":87.975,"operatingCapacityMwByTechnology":{"hydro":87.975},"plannedCapacityCoverage":{"coveragePercent":0.0,"knownUnitCount":0,"method":"unavailable","totalUnitCount":0},"plannedCapacityMw":0.0,"plannedCapacityMwByTechnology":{},"recordCount":1,"recordIds":["wattlas-record-osm-way-178449095"],"sourceIds":["openstreetmap-power"],"technologies":["hydro"],"technologyMixMw":{"hydro":87.975},"unitCount":0,"unitIds":[]},"type":"Feature"},{"geometry":{"coordinates":[21.610644,53.103638],"type":"Point"},"id":"wattlas-plant-wikidata-q9390228","properties":{"aliases":["ENERGA Elektrownie Ostrołęka S.A."],"canonicalAnchor":"wikidata:Q9390228","canonicalCountryKey":"PL","capacityMw":765.0,"country":"PL","externalIds":{"osm":"way/97648143","wikidata":"Q9390228","wikipedia":"pl:Energa Elektrownie Ostrołęka"},"geographyId":"PL-17162690B84565288021286","id":"wattlas-plant-wikidata-q9390228","idAliases":["wattlas-plant-osm-way-97648143","wattlas-plant-wikipedia-pl-energa-elektrownie-ostro-ka"],"lifecycleCounts":{"operational":1},"locationPrecision":"exact","name":"ENERGA Elektrownie Ostrołęka S.A.","operatingCapacityCoverage":{"coveragePercent":100.0,"knownUnitCount":0,"method":"plant_aggregate","provenance":{"evidenceCount":0,"recordIds":["wattlas-record-osm-way-97648143"],"sourceIds":["openstreetmap-power"],"sourceTypes":["community_mapped"],"valueKind":"reported"},"totalUnitCount":0},"operatingCapacityMw":765.0,"operatingCapacityMwByTechnology":{"coal":765.0},"plannedCapacityCoverage":{"coveragePercent":0.0,"knownUnitCount":0,"method":"unavailable","totalUnitCount":0},"plannedCapacityMw":0.0,"plannedCapacityMwByTechnology":{},"recordCount":1,"recordIds":["wattlas-record-osm-way-97648143"],"sourceIds":["openstreetmap-power"],"technologies":["coal"],"technologyMixMw":{"coal":765.0},"unitCount":0,"unitIds":[]},"type":"Feature"},{"geometry":{"coordinates":[17.953412,53.275557],"type":"Point"},"id":"wattlas-plant-wikidata-q9390230","properties":{"aliases":["ENEA Wytwarzanie S.A. Elektrownia Wodna Koronowo w Samociążku"],"canonicalAnchor":"wikidata:Q9390230","canonicalCountryKey":"PL","capacityMw":26.0,"country":"PL","externalIds":{"osm":"way/88493682","wikidata":"Q9390230","wikipedia":"pl:Zespół Elektrowni Wodnych Koronowo"},"geographyId":"PL-17162690B37876665907262","id":"wattlas-plant-wikidata-q9390230","idAliases":["wattlas-plant-osm-way-88493682","wattlas-plant-wikipedia-pl-zesp-elektrowni-wodnych-koronowo"],"lifecycleCounts":{"operational":1},"locationPrecision":"exact","name":"ENEA Wytwarzanie S.A. Elektrownia Wodna Koronowo w Samociążku","operatingCapacityCoverage":{"coveragePercent":100.0,"knownUnitCount":0,"method":"plant_aggregate","provenance":{"evidenceCount":0,"recordIds":["wattlas-record-osm-way-88493682"],"sourceIds":["openstreetmap-power"],"sourceTypes":["community_mapped"],"valueKind":"reported"},"totalUnitCount":0},"operatingCapacityMw":26.0,"operatingCapacityMwByTechnology":{"hydro":26.0},"plannedCapacityCoverage":{"coveragePercent":0.0,"knownUnitCount":0,"method":"unavailable","totalUnitCount":0},"plannedCapacityMw":0.0,"plannedCapacityMwByTechnology":{},"recordCount":1,"recordIds":["wattlas-record-osm-way-88493682"],"sourceIds":["openstreetmap-power"],"technologies":["hydro"],"technologyMixMw":{"hydro":26.0},"unitCount":0,"unitIds":[]},"type":"Feature"},{"geometry":{"coordinates":[19.216624,50.209957],"type":"Point"},"id":"wattlas-plant-wikidata-q990952","properties":{"aliases":["Elektrownia Jaworzno III"],"canonicalAnchor":"wikidata:Q990952","canonicalCountryKey":"PL","capacityMw":2255.0,"country":"PL","externalIds":{"osm":"relation/9399159","wikidata":"Q990952","wikipedia":"pl:Elektrownia Jaworzno"},"geographyId":"PL-17162690B16879770934003","id":"wattlas-plant-wikidata-q990952","idAliases":["wattlas-plant-osm-relation-9399159","wattlas-plant-wikipedia-pl-elektrownia-jaworzno"],"lifecycleCounts":{"operational":1},"locationPrecision":"exact","name":"Elektrownia Jaworzno III","operatingCapacityCoverage":{"coveragePercent":100.0,"knownUnitCount":0,"method":"plant_aggregate","provenance":{"evidenceCount":0,"recordIds":["wattlas-record-osm-relation-9399159"],"sourceIds":["openstreetmap-power"],"sourceTypes":["community_mapped"],"valueKind":"reported"},"totalUnitCount":0},"operatingCapacityMw":2255.0,"operatingCapacityMwByTechnology":{"coal":2255.0},"plannedCapacityCoverage":{"coveragePercent":0.0,"knownUnitCount":0,"method":"unavailable","totalUnitCount":0},"plannedCapacityMw":0.0,"plannedCapacityMwByTechnology":{},"recordCount":1,"recordIds":["wattlas-record-osm-relation-9399159"],"sourceIds":["openstreetmap-power"],"technologies":["coal"],"technologyMixMw":{"coal":2255.0},"unitCount":0,"unitIds":[]},"type":"Feature"}],"type":"FeatureCollection"}