{"features":[{"geometry":{"coordinates":[90.062712,21.961035],"type":"Point"},"id":"wattlas-plant-gemplant-l100000100053","properties":{"aliases":["Barisal power station","Unit 1","Unit 2"],"canonicalAnchor":"gemplant:L100000100053","canonicalCountryKey":"BD","capacityMw":700.0,"country":"BD","externalIdAliases":{"gemUnit":["G100000113488","G100000114243"]},"externalIds":{"gemPlant":"L100000100053","gemUnit":"G100000114243"},"gemWikiUrl":"https://www.gem.wiki/Barisal_power_station","geographyId":"BD-32408957B31852228482374","id":"wattlas-plant-gemplant-l100000100053","lifecycleCounts":{"announced":1,"operational":1},"locationPrecision":"exact","name":"Barisal power station","operatingCapacityCoverage":{"coveragePercent":100.0,"knownUnitCount":1,"method":"complete_unit_sum","provenance":{"evidenceCount":0,"recordIds":["wattlas-record-gemunit-g100000113488"],"sourceIds":["gem-global-integrated-power-tracker"],"sourceTypes":["research_verified"],"valueKind":"reported"},"totalUnitCount":1},"operatingCapacityMw":350.0,"operatingCapacityMwByTechnology":{"coal":350.0},"plannedCapacityCoverage":{"coveragePercent":100.0,"knownUnitCount":1,"method":"complete_unit_sum","provenance":{"evidenceCount":0,"recordIds":["wattlas-record-gemunit-g100000114243"],"sourceIds":["gem-global-integrated-power-tracker"],"sourceTypes":["research_verified"],"valueKind":"reported"},"totalUnitCount":1},"plannedCapacityMw":350.0,"plannedCapacityMwByTechnology":{"coal":350.0},"recordCount":2,"recordIds":["wattlas-record-gemunit-g100000113488","wattlas-record-gemunit-g100000114243"],"sourceIds":["gem-global-integrated-power-tracker"],"sourceUrl":"https://www.gem.wiki/Barisal_power_station","technologies":["coal"],"technologyMixMw":{"coal":700.0},"unitCount":2,"unitIds":["gem-unit-G100000113488","gem-unit-G100000114243"]},"type":"Feature"},{"geometry":{"coordinates":[90.319494,22.056481],"type":"Point"},"id":"wattlas-plant-gemplant-l100000100055","properties":{"aliases":["1-1","1-2","1-3","2-1","2-2","2-3","Patuakhali power station (Ashuganj)","Phase I Unit 1","Phase I Unit 2","Phase II Unit 1","Phase II Unit 2"],"canonicalAnchor":"gemplant:L100000100055","canonicalCountryKey":"BD","capacityMw":3600.0,"country":"BD","externalIdAliases":{"gemUnit":["G100000113491","G100000113492","G100000115097","G100000115098","G100000409975","G100000410541","G100000410686","G100000411105","G100000411106","G100000411107"]},"externalIds":{"gemPlant":"L100000100055","gemUnit":"G100000115098"},"gemWikiUrl":"https://www.gem.wiki/Patuakhali_power_station_(Ashuganj)","geographyId":"BD-32408957B31852228482374","id":"wattlas-plant-gemplant-l100000100055","lifecycleCounts":{"announced":6,"cancelled":4},"locationPrecision":"exact","name":"Patuakhali power station (Ashuganj)","operatingCapacityCoverage":{"coveragePercent":0.0,"knownUnitCount":0,"method":"unavailable","totalUnitCount":0},"operatingCapacityMw":0.0,"operatingCapacityMwByTechnology":{},"plannedCapacityCoverage":{"coveragePercent":100.0,"knownUnitCount":6,"method":"complete_unit_sum","provenance":{"evidenceCount":0,"recordIds":["wattlas-record-gemunit-g100000409975","wattlas-record-gemunit-g100000410541","wattlas-record-gemunit-g100000410686","wattlas-record-gemunit-g100000411105","wattlas-record-gemunit-g100000411106","wattlas-record-gemunit-g100000411107"],"sourceIds":["gem-global-integrated-power-tracker"],"sourceTypes":["research_verified"],"valueKind":"reported"},"totalUnitCount":6},"plannedCapacityMw":3600.0,"plannedCapacityMwByTechnology":{"gas":3600.0},"recordCount":10,"recordIds":["wattlas-record-gemunit-g100000113491","wattlas-record-gemunit-g100000113492","wattlas-record-gemunit-g100000115097","wattlas-record-gemunit-g100000115098","wattlas-record-gemunit-g100000409975","wattlas-record-gemunit-g100000410541","wattlas-record-gemunit-g100000410686","wattlas-record-gemunit-g100000411105","wattlas-record-gemunit-g100000411106","wattlas-record-gemunit-g100000411107"],"sourceIds":["gem-global-integrated-power-tracker"],"sourceUrl":"https://www.gem.wiki/Patuakhali_power_station_(Ashuganj)","technologies":["coal","gas"],"technologyMixMw":{"gas":3600.0},"unitCount":10,"unitIds":["gem-unit-G100000113491","gem-unit-G100000113492","gem-unit-G100000115097","gem-unit-G100000115098","gem-unit-G100000409975","gem-unit-G100000410541","gem-unit-G100000410686","gem-unit-G100000411105","gem-unit-G100000411106","gem-unit-G100000411107"]},"type":"Feature"},{"geometry":{"coordinates":[90.305655,21.999967],"type":"Point"},"id":"wattlas-plant-gemplant-l100000100056-a866fd7678","properties":{"aliases":["Payra power station (BCPCL)","Phase I Unit 1","Phase I Unit 2"],"canonicalAnchor":"gemplant:L100000100056","canonicalCountryKey":"BD","capacityMw":1320.0,"country":"BD","externalIdAliases":{"gemUnit":["G100000105461","G100000105462"]},"externalIds":{"gemPlant":"L100000100056","gemUnit":"G100000105462"},"gemWikiUrl":"https://www.gem.wiki/Payra_power_station_(BCPCL)","geographyId":"BD-32408957B31852228482374","id":"wattlas-plant-gemplant-l100000100056-a866fd7678","lifecycleCounts":{"operational":2},"locationPrecision":"exact","name":"Payra power station (BCPCL)","operatingCapacityCoverage":{"coveragePercent":100.0,"knownUnitCount":2,"method":"complete_unit_sum","provenance":{"evidenceCount":0,"recordIds":["wattlas-record-gemunit-g100000105461","wattlas-record-gemunit-g100000105462"],"sourceIds":["gem-global-integrated-power-tracker"],"sourceTypes":["research_verified"],"valueKind":"reported"},"totalUnitCount":2},"operatingCapacityMw":1320.0,"operatingCapacityMwByTechnology":{"coal":1320.0},"plannedCapacityCoverage":{"coveragePercent":0.0,"knownUnitCount":0,"method":"unavailable","totalUnitCount":0},"plannedCapacityMw":0.0,"plannedCapacityMwByTechnology":{},"recordCount":2,"recordIds":["wattlas-record-gemunit-g100000105461","wattlas-record-gemunit-g100000105462"],"sourceIds":["gem-global-integrated-power-tracker"],"sourceUrl":"https://www.gem.wiki/Payra_power_station_(BCPCL)","technologies":["coal"],"technologyMixMw":{"coal":1320.0},"unitCount":2,"unitIds":["gem-unit-G100000105461","gem-unit-G100000105462"]},"type":"Feature"},{"geometry":{"coordinates":[90.312349,22.025149],"type":"Point"},"id":"wattlas-plant-gemplant-l100000100057","properties":{"aliases":["Patuakhali power station (RPCL/NORINCO)","Phase I Unit 1","Phase I Unit 2","Phase II Unit 1","Phase II Unit 2"],"canonicalAnchor":"gemplant:L100000100057","canonicalCountryKey":"BD","capacityMw":1320.0,"country":"BD","externalIdAliases":{"gemUnit":["G100000107884","G100000107885","G100000115099","G100000115100"]},"externalIds":{"gemPlant":"L100000100057","gemUnit":"G100000115100"},"gemWikiUrl":"https://www.gem.wiki/Patuakhali_power_station_(RPCL/NORINCO)","geographyId":"BD-32408957B31852228482374","id":"wattlas-plant-gemplant-l100000100057","lifecycleCounts":{"cancelled":2,"operational":2},"locationPrecision":"exact","name":"Patuakhali power station (RPCL/NORINCO)","operatingCapacityCoverage":{"coveragePercent":100.0,"knownUnitCount":2,"method":"complete_unit_sum","provenance":{"evidenceCount":0,"recordIds":["wattlas-record-gemunit-g100000107884","wattlas-record-gemunit-g100000107885"],"sourceIds":["gem-global-integrated-power-tracker"],"sourceTypes":["research_verified"],"valueKind":"reported"},"totalUnitCount":2},"operatingCapacityMw":1320.0,"operatingCapacityMwByTechnology":{"coal":1320.0},"plannedCapacityCoverage":{"coveragePercent":0.0,"knownUnitCount":0,"method":"unavailable","totalUnitCount":0},"plannedCapacityMw":0.0,"plannedCapacityMwByTechnology":{},"recordCount":4,"recordIds":["wattlas-record-gemunit-g100000107884","wattlas-record-gemunit-g100000107885","wattlas-record-gemunit-g100000115099","wattlas-record-gemunit-g100000115100"],"sourceIds":["gem-global-integrated-power-tracker"],"sourceUrl":"https://www.gem.wiki/Patuakhali_power_station_(RPCL/NORINCO)","technologies":["coal"],"technologyMixMw":{"coal":1320.0},"unitCount":4,"unitIds":["gem-unit-G100000107884","gem-unit-G100000107885","gem-unit-G100000115099","gem-unit-G100000115100"]},"type":"Feature"},{"geometry":{"coordinates":[90.305597,21.999205],"type":"Point"},"id":"wattlas-plant-gemplant-l100000100058","properties":{"aliases":["1-1","2-1","3-1","Payra LNG power station"],"canonicalAnchor":"gemplant:L100000100058","canonicalCountryKey":"BD","capacityMw":1200.0,"country":"BD","externalIdAliases":{"gemUnit":["G100000400840","G100000400841","G100000400842"]},"externalIds":{"gemPlant":"L100000100058","gemUnit":"G100000400842"},"gemWikiUrl":"https://www.gem.wiki/Payra_LNG_power_station","geographyId":"BD-32408957B31852228482374","id":"wattlas-plant-gemplant-l100000100058","lifecycleCounts":{"announced":1,"cancelled":2},"locationPrecision":"exact","name":"Payra LNG power station","operatingCapacityCoverage":{"coveragePercent":0.0,"knownUnitCount":0,"method":"unavailable","totalUnitCount":0},"operatingCapacityMw":0.0,"operatingCapacityMwByTechnology":{},"plannedCapacityCoverage":{"coveragePercent":100.0,"knownUnitCount":1,"method":"complete_unit_sum","provenance":{"evidenceCount":0,"recordIds":["wattlas-record-gemunit-g100000400840"],"sourceIds":["gem-global-integrated-power-tracker"],"sourceTypes":["research_verified"],"valueKind":"reported"},"totalUnitCount":1},"plannedCapacityMw":1200.0,"plannedCapacityMwByTechnology":{"gas":1200.0},"recordCount":3,"recordIds":["wattlas-record-gemunit-g100000400840","wattlas-record-gemunit-g100000400841","wattlas-record-gemunit-g100000400842"],"sourceIds":["gem-global-integrated-power-tracker"],"sourceUrl":"https://www.gem.wiki/Payra_LNG_power_station","technologies":["gas"],"technologyMixMw":{"gas":1200.0},"unitCount":3,"unitIds":["gem-unit-G100000400840","gem-unit-G100000400841","gem-unit-G100000400842"]},"type":"Feature"},{"geometry":{"coordinates":[91.469544,22.757626],"type":"Point"},"id":"wattlas-plant-gemplant-l100000100071","properties":{"aliases":["Mirsarai power station (Hangzhou Jinjiang)","Unit 1","Unit 2"],"canonicalAnchor":"gemplant:L100000100071","canonicalCountryKey":"BD","capacityMw":0.0,"country":"BD","externalIdAliases":{"gemUnit":["G100000112684","G100000112685"]},"externalIds":{"gemPlant":"L100000100071","gemUnit":"G100000112685"},"gemWikiUrl":"https://www.gem.wiki/Mirsarai_power_station_(Hangzhou_Jinjiang)","geographyId":"BD-32408957B94023193097291","id":"wattlas-plant-gemplant-l100000100071","lifecycleCounts":{"cancelled":2},"locationPrecision":"exact","name":"Mirsarai power station (Hangzhou Jinjiang)","operatingCapacityCoverage":{"coveragePercent":0.0,"knownUnitCount":0,"method":"unavailable","totalUnitCount":0},"operatingCapacityMw":0.0,"operatingCapacityMwByTechnology":{},"plannedCapacityCoverage":{"coveragePercent":0.0,"knownUnitCount":0,"method":"unavailable","totalUnitCount":0},"plannedCapacityMw":0.0,"plannedCapacityMwByTechnology":{},"recordCount":2,"recordIds":["wattlas-record-gemunit-g100000112684","wattlas-record-gemunit-g100000112685"],"sourceIds":["gem-global-integrated-power-tracker"],"sourceUrl":"https://www.gem.wiki/Mirsarai_power_station_(Hangzhou_Jinjiang)","technologies":["coal"],"technologyMixMw":{"coal":0.0},"unitCount":2,"unitIds":["gem-unit-G100000112684","gem-unit-G100000112685"]},"type":"Feature"},{"geometry":{"coordinates":[91.939525,21.813814],"type":"Point"},"id":"wattlas-plant-gemplant-l100000100072","properties":{"aliases":["Pekua power station","Phase I Unit 1","Phase I Unit 2","Phase II Unit 1","Phase II Unit 2"],"canonicalAnchor":"gemplant:L100000100072","canonicalCountryKey":"BD","capacityMw":0.0,"country":"BD","externalIdAliases":{"gemUnit":["G100000113489","G100000113490","G100000115101","G100000115102"]},"externalIds":{"gemPlant":"L100000100072","gemUnit":"G100000115102"},"gemWikiUrl":"https://www.gem.wiki/Pekua_power_station","geographyId":"BD-32408957B94023193097291","id":"wattlas-plant-gemplant-l100000100072","lifecycleCounts":{"cancelled":4},"locationPrecision":"exact","name":"Pekua power station","operatingCapacityCoverage":{"coveragePercent":0.0,"knownUnitCount":0,"method":"unavailable","totalUnitCount":0},"operatingCapacityMw":0.0,"operatingCapacityMwByTechnology":{},"plannedCapacityCoverage":{"coveragePercent":0.0,"knownUnitCount":0,"method":"unavailable","totalUnitCount":0},"plannedCapacityMw":0.0,"plannedCapacityMwByTechnology":{},"recordCount":4,"recordIds":["wattlas-record-gemunit-g100000113489","wattlas-record-gemunit-g100000113490","wattlas-record-gemunit-g100000115101","wattlas-record-gemunit-g100000115102"],"sourceIds":["gem-global-integrated-power-tracker"],"sourceUrl":"https://www.gem.wiki/Pekua_power_station","technologies":["coal"],"technologyMixMw":{"coal":0.0},"unitCount":4,"unitIds":["gem-unit-G100000113489","gem-unit-G100000113490","gem-unit-G100000115101","gem-unit-G100000115102"]},"type":"Feature"},{"geometry":{"coordinates":[90.59335,23.61095],"type":"Point"},"id":"wattlas-plant-gemplant-l100000100073","properties":{"aliases":["--","Orion power station"],"canonicalAnchor":"gemplant:L100000100073","canonicalCountryKey":"BD","capacityMw":0.0,"country":"BD","externalIds":{"gemPlant":"L100000100073","gemUnit":"G100000102964"},"gemWikiUrl":"https://www.gem.wiki/Orion_power_station","geographyId":"BD-32408957B77718829177955","id":"wattlas-plant-gemplant-l100000100073","lifecycleCounts":{"cancelled":1},"locationPrecision":"exact","name":"Orion power station","operatingCapacityCoverage":{"coveragePercent":0.0,"knownUnitCount":0,"method":"unavailable","totalUnitCount":0},"operatingCapacityMw":0.0,"operatingCapacityMwByTechnology":{},"plannedCapacityCoverage":{"coveragePercent":0.0,"knownUnitCount":0,"method":"unavailable","totalUnitCount":0},"plannedCapacityMw":0.0,"plannedCapacityMwByTechnology":{},"recordCount":1,"recordIds":["wattlas-record-gemunit-g100000102964"],"sourceIds":["gem-global-integrated-power-tracker"],"sourceUrl":"https://www.gem.wiki/Orion_power_station","technologies":["coal"],"technologyMixMw":{"coal":0.0},"unitCount":1,"unitIds":["gem-unit-G100000102964"]},"type":"Feature"},{"geometry":{"coordinates":[90.627202,23.524007],"type":"Point"},"id":"wattlas-plant-gemplant-l100000100074","properties":{"aliases":["1-1","Gazaria power station (RPCL)","Unit 1"],"canonicalAnchor":"gemplant:L100000100074","canonicalCountryKey":"BD","capacityMw":600.0,"country":"BD","externalIdAliases":{"gemUnit":["G100000102965","G100000410691"]},"externalIds":{"gemPlant":"L100000100074","gemUnit":"G100000102965"},"gemWikiUrl":"https://www.gem.wiki/Gazaria_power_station_(RPCL)","geographyId":"BD-32408957B77718829177955","id":"wattlas-plant-gemplant-l100000100074","lifecycleCounts":{"announced":1,"cancelled":1},"locationPrecision":"exact","name":"Gazaria power station (RPCL)","operatingCapacityCoverage":{"coveragePercent":0.0,"knownUnitCount":0,"method":"unavailable","totalUnitCount":0},"operatingCapacityMw":0.0,"operatingCapacityMwByTechnology":{},"plannedCapacityCoverage":{"coveragePercent":100.0,"knownUnitCount":1,"method":"complete_unit_sum","provenance":{"evidenceCount":0,"recordIds":["wattlas-record-gemunit-g100000410691"],"sourceIds":["gem-global-integrated-power-tracker"],"sourceTypes":["research_verified"],"valueKind":"reported"},"totalUnitCount":1},"plannedCapacityMw":600.0,"plannedCapacityMwByTechnology":{"gas":600.0},"recordCount":2,"recordIds":["wattlas-record-gemunit-g100000102965","wattlas-record-gemunit-g100000410691"],"sourceIds":["gem-global-integrated-power-tracker"],"sourceUrl":"https://www.gem.wiki/Gazaria_power_station_(RPCL)","technologies":["coal","gas"],"technologyMixMw":{"gas":600.0},"unitCount":2,"unitIds":["gem-unit-G100000102965","gem-unit-G100000410691"]},"type":"Feature"},{"geometry":{"coordinates":[90.271721,23.470926],"type":"Point"},"id":"wattlas-plant-gemplant-l100000100075","properties":{"aliases":["--","Mawa power station"],"canonicalAnchor":"gemplant:L100000100075","canonicalCountryKey":"BD","capacityMw":0.0,"country":"BD","externalIds":{"gemPlant":"L100000100075","gemUnit":"G100000106750"},"gemWikiUrl":"https://www.gem.wiki/Mawa_power_station","geographyId":"BD-32408957B77718829177955","id":"wattlas-plant-gemplant-l100000100075","lifecycleCounts":{"cancelled":1},"locationPrecision":"exact","name":"Mawa power station","operatingCapacityCoverage":{"coveragePercent":0.0,"knownUnitCount":0,"method":"unavailable","totalUnitCount":0},"operatingCapacityMw":0.0,"operatingCapacityMwByTechnology":{},"plannedCapacityCoverage":{"coveragePercent":0.0,"knownUnitCount":0,"method":"unavailable","totalUnitCount":0},"plannedCapacityMw":0.0,"plannedCapacityMwByTechnology":{},"recordCount":1,"recordIds":["wattlas-record-gemunit-g100000106750"],"sourceIds":["gem-global-integrated-power-tracker"],"sourceUrl":"https://www.gem.wiki/Mawa_power_station","technologies":["coal"],"technologyMixMw":{"coal":0.0},"unitCount":1,"unitIds":["gem-unit-G100000106750"]},"type":"Feature"},{"geometry":{"coordinates":[89.566212,22.571219],"type":"Point"},"id":"wattlas-plant-gemplant-l100000100076","properties":{"aliases":["--","Khulna power station (Orion)"],"canonicalAnchor":"gemplant:L100000100076","canonicalCountryKey":"BD","capacityMw":0.0,"country":"BD","externalIds":{"gemPlant":"L100000100076","gemUnit":"G100000105726"},"gemWikiUrl":"https://www.gem.wiki/Khulna_power_station_(Orion)","geographyId":"BD-32408957B3859287816056","id":"wattlas-plant-gemplant-l100000100076","lifecycleCounts":{"cancelled":1},"locationPrecision":"exact","name":"Khulna power station (Orion)","operatingCapacityCoverage":{"coveragePercent":0.0,"knownUnitCount":0,"method":"unavailable","totalUnitCount":0},"operatingCapacityMw":0.0,"operatingCapacityMwByTechnology":{},"plannedCapacityCoverage":{"coveragePercent":0.0,"knownUnitCount":0,"method":"unavailable","totalUnitCount":0},"plannedCapacityMw":0.0,"plannedCapacityMwByTechnology":{},"recordCount":1,"recordIds":["wattlas-record-gemunit-g100000105726"],"sourceIds":["gem-global-integrated-power-tracker"],"sourceUrl":"https://www.gem.wiki/Khulna_power_station_(Orion)","technologies":["coal"],"technologyMixMw":{"coal":0.0},"unitCount":1,"unitIds":["gem-unit-G100000105726"]},"type":"Feature"},{"geometry":{"coordinates":[89.556427,22.592458],"type":"Point"},"id":"wattlas-plant-gemplant-l100000100077","properties":{"aliases":["Rampal power station","Unit 1","Unit 2","Unit 3","Unit 4"],"canonicalAnchor":"gemplant:L100000100077","canonicalCountryKey":"BD","capacityMw":1320.0,"country":"BD","externalIdAliases":{"gemUnit":["G100000108473","G100000108474","G100000112636","G100000112637"]},"externalIds":{"gemPlant":"L100000100077","gemUnit":"G100000112637"},"gemWikiUrl":"https://www.gem.wiki/Rampal_power_station","geographyId":"BD-32408957B3859287816056","id":"wattlas-plant-gemplant-l100000100077","lifecycleCounts":{"cancelled":2,"operational":2},"locationPrecision":"exact","name":"Rampal power station","operatingCapacityCoverage":{"coveragePercent":100.0,"knownUnitCount":2,"method":"complete_unit_sum","provenance":{"evidenceCount":0,"recordIds":["wattlas-record-gemunit-g100000108473","wattlas-record-gemunit-g100000108474"],"sourceIds":["gem-global-integrated-power-tracker"],"sourceTypes":["research_verified"],"valueKind":"reported"},"totalUnitCount":2},"operatingCapacityMw":1320.0,"operatingCapacityMwByTechnology":{"coal":1320.0},"plannedCapacityCoverage":{"coveragePercent":0.0,"knownUnitCount":0,"method":"unavailable","totalUnitCount":0},"plannedCapacityMw":0.0,"plannedCapacityMwByTechnology":{},"recordCount":4,"recordIds":["wattlas-record-gemunit-g100000108473","wattlas-record-gemunit-g100000108474","wattlas-record-gemunit-g100000112636","wattlas-record-gemunit-g100000112637"],"sourceIds":["gem-global-integrated-power-tracker"],"sourceUrl":"https://www.gem.wiki/Rampal_power_station","technologies":["coal"],"technologyMixMw":{"coal":1320.0},"unitCount":4,"unitIds":["gem-unit-G100000108473","gem-unit-G100000108474","gem-unit-G100000112636","gem-unit-G100000112637"]},"type":"Feature"},{"geometry":{"coordinates":[88.95048,25.553438],"type":"Point"},"id":"wattlas-plant-gemplant-l100000100079","properties":{"aliases":["Barapukuria power station","Unit 1","Unit 2","Unit 3"],"canonicalAnchor":"gemplant:L100000100079","canonicalCountryKey":"BD","capacityMw":400.0,"country":"BD","externalIdAliases":{"gemUnit":["G100000100598","G100000100599","G100000100600"]},"externalIds":{"gemPlant":"L100000100079","gemUnit":"G100000100600"},"gemWikiUrl":"https://www.gem.wiki/Barapukuria_power_station","geographyId":"BD-32408957B77489436868882","id":"wattlas-plant-gemplant-l100000100079","lifecycleCounts":{"operational":2,"paused":1},"locationPrecision":"exact","name":"Barapukuria power station","operatingCapacityCoverage":{"coveragePercent":100.0,"knownUnitCount":2,"method":"complete_unit_sum","provenance":{"evidenceCount":0,"recordIds":["wattlas-record-gemunit-g100000100598","wattlas-record-gemunit-g100000100600"],"sourceIds":["gem-global-integrated-power-tracker"],"sourceTypes":["research_verified"],"valueKind":"reported"},"totalUnitCount":2},"operatingCapacityMw":400.0,"operatingCapacityMwByTechnology":{"coal":400.0},"plannedCapacityCoverage":{"coveragePercent":0.0,"knownUnitCount":0,"method":"unavailable","totalUnitCount":0},"plannedCapacityMw":0.0,"plannedCapacityMwByTechnology":{},"recordCount":3,"recordIds":["wattlas-record-gemunit-g100000100598","wattlas-record-gemunit-g100000100599","wattlas-record-gemunit-g100000100600"],"sourceIds":["gem-global-integrated-power-tracker"],"sourceUrl":"https://www.gem.wiki/Barapukuria_power_station","technologies":["coal"],"technologyMixMw":{"coal":400.0},"unitCount":3,"unitIds":["gem-unit-G100000100598","gem-unit-G100000100599","gem-unit-G100000100600"]},"type":"Feature"},{"geometry":{"coordinates":[90.2792,21.989],"type":"Point"},"id":"wattlas-plant-gemplant-l100000104588","properties":{"aliases":["Sena Kalyan Sangstha power station","Unit 1","Unit 2"],"canonicalAnchor":"gemplant:L100000104588","canonicalCountryKey":"BD","capacityMw":0.0,"country":"BD","externalIdAliases":{"gemUnit":["G100000114224","G100000114225"]},"externalIds":{"gemPlant":"L100000104588","gemUnit":"G100000114225"},"gemWikiUrl":"https://www.gem.wiki/Sena_Kalyan_Sangstha_power_station","geographyId":"BD-32408957B31852228482374","id":"wattlas-plant-gemplant-l100000104588","lifecycleCounts":{"cancelled":2},"locationPrecision":"exact","name":"Sena Kalyan Sangstha power station","operatingCapacityCoverage":{"coveragePercent":0.0,"knownUnitCount":0,"method":"unavailable","totalUnitCount":0},"operatingCapacityMw":0.0,"operatingCapacityMwByTechnology":{},"plannedCapacityCoverage":{"coveragePercent":0.0,"knownUnitCount":0,"method":"unavailable","totalUnitCount":0},"plannedCapacityMw":0.0,"plannedCapacityMwByTechnology":{},"recordCount":2,"recordIds":["wattlas-record-gemunit-g100000114224","wattlas-record-gemunit-g100000114225"],"sourceIds":["gem-global-integrated-power-tracker"],"sourceUrl":"https://www.gem.wiki/Sena_Kalyan_Sangstha_power_station","technologies":["coal"],"technologyMixMw":{"coal":0.0},"unitCount":2,"unitIds":["gem-unit-G100000114224","gem-unit-G100000114225"]},"type":"Feature"},{"geometry":{"coordinates":[90.571471,23.541887],"type":"Point"},"id":"wattlas-plant-gemplant-l100000104595","properties":{"aliases":["1-1","2-1","3-1","4-1","5-1","6-1","Munshiganj power station","Phase I","Phase II"],"canonicalAnchor":"gemplant:L100000104595","canonicalCountryKey":"BD","capacityMw":3300.0,"country":"BD","externalIdAliases":{"gemUnit":["G100000114244","G100000115143","G100000410700","G100000410701","G100000410702","G100000410703","G100000410704","G100000414473"]},"externalIds":{"gemPlant":"L100000104595","gemUnit":"G100000115143"},"gemWikiUrl":"https://www.gem.wiki/Munshiganj_power_station","geographyId":"BD-32408957B77718829177955","id":"wattlas-plant-gemplant-l100000104595","lifecycleCounts":{"announced":5,"cancelled":3},"locationPrecision":"exact","name":"Munshiganj power station","operatingCapacityCoverage":{"coveragePercent":0.0,"knownUnitCount":0,"method":"unavailable","totalUnitCount":0},"operatingCapacityMw":0.0,"operatingCapacityMwByTechnology":{},"plannedCapacityCoverage":{"coveragePercent":100.0,"knownUnitCount":5,"method":"complete_unit_sum","provenance":{"evidenceCount":0,"recordIds":["wattlas-record-gemunit-g100000410700","wattlas-record-gemunit-g100000410701","wattlas-record-gemunit-g100000410702","wattlas-record-gemunit-g100000410703","wattlas-record-gemunit-g100000410704"],"sourceIds":["gem-global-integrated-power-tracker"],"sourceTypes":["research_verified"],"valueKind":"reported"},"totalUnitCount":5},"plannedCapacityMw":3300.0,"plannedCapacityMwByTechnology":{"gas":3300.0},"recordCount":8,"recordIds":["wattlas-record-gemunit-g100000114244","wattlas-record-gemunit-g100000115143","wattlas-record-gemunit-g100000410700","wattlas-record-gemunit-g100000410701","wattlas-record-gemunit-g100000410702","wattlas-record-gemunit-g100000410703","wattlas-record-gemunit-g100000410704","wattlas-record-gemunit-g100000414473"],"sourceIds":["gem-global-integrated-power-tracker"],"sourceUrl":"https://www.gem.wiki/Munshiganj_power_station","technologies":["coal","gas"],"technologyMixMw":{"gas":3300.0},"unitCount":8,"unitIds":["gem-unit-G100000114244","gem-unit-G100000115143","gem-unit-G100000410700","gem-unit-G100000410701","gem-unit-G100000410702","gem-unit-G100000410703","gem-unit-G100000410704","gem-unit-G100000414473"]},"type":"Feature"},{"geometry":{"coordinates":[91.014254,24.043332],"type":"Point"},"id":"wattlas-plant-gemplant-l100000405983","properties":{"aliases":["1-2","16-1","2-2","3-2","4-2","Ashuganj power station","CC2","North","ST3","ST4","ST5","South"],"canonicalAnchor":"gemplant:L100000405983","canonicalCountryKey":"BD","capacityMw":3731.0,"country":"BD","externalIdAliases":{"gemUnit":["G100000406012","G100000406013","G100000406014","G100000406017","G100000406018","G100000406019","G100000410542","G100000410543","G100000410544","G100000410545","G100000412587"]},"externalIds":{"gemPlant":"L100000405983","gemUnit":"G100000406014"},"gemWikiUrl":"https://www.gem.wiki/Ashuganj_power_station","geographyId":"BD-32408957B94023193097291","id":"wattlas-plant-gemplant-l100000405983","lifecycleCounts":{"announced":4,"cancelled":1,"operational":6},"locationPrecision":"exact","name":"Ashuganj power station","operatingCapacityCoverage":{"coveragePercent":100.0,"knownUnitCount":6,"method":"complete_unit_sum","provenance":{"evidenceCount":0,"recordIds":["wattlas-record-gemunit-g100000406012","wattlas-record-gemunit-g100000406013","wattlas-record-gemunit-g100000406014","wattlas-record-gemunit-g100000406017","wattlas-record-gemunit-g100000406018","wattlas-record-gemunit-g100000412587"],"sourceIds":["gem-global-integrated-power-tracker"],"sourceTypes":["research_verified"],"valueKind":"reported"},"totalUnitCount":6},"operatingCapacityMw":1481.0,"operatingCapacityMwByTechnology":{"gas":1481.0},"plannedCapacityCoverage":{"coveragePercent":100.0,"knownUnitCount":4,"method":"complete_unit_sum","provenance":{"evidenceCount":0,"recordIds":["wattlas-record-gemunit-g100000410542","wattlas-record-gemunit-g100000410543","wattlas-record-gemunit-g100000410544","wattlas-record-gemunit-g100000410545"],"sourceIds":["gem-global-integrated-power-tracker"],"sourceTypes":["research_verified"],"valueKind":"reported"},"totalUnitCount":4},"plannedCapacityMw":2250.0,"plannedCapacityMwByTechnology":{"gas":2250.0},"recordCount":11,"recordIds":["wattlas-record-gemunit-g100000406012","wattlas-record-gemunit-g100000406013","wattlas-record-gemunit-g100000406014","wattlas-record-gemunit-g100000406017","wattlas-record-gemunit-g100000406018","wattlas-record-gemunit-g100000406019","wattlas-record-gemunit-g100000410542","wattlas-record-gemunit-g100000410543","wattlas-record-gemunit-g100000410544","wattlas-record-gemunit-g100000410545","wattlas-record-gemunit-g100000412587"],"sourceIds":["gem-global-integrated-power-tracker"],"sourceUrl":"https://www.gem.wiki/Ashuganj_power_station","technologies":["gas"],"technologyMixMw":{"gas":3731.0},"unitCount":11,"unitIds":["gem-unit-G100000406012","gem-unit-G100000406013","gem-unit-G100000406014","gem-unit-G100000406017","gem-unit-G100000406018","gem-unit-G100000406019","gem-unit-G100000410542","gem-unit-G100000410543","gem-unit-G100000410544","gem-unit-G100000410545","gem-unit-G100000412587"]},"type":"Feature"},{"geometry":{"coordinates":[89.590839,24.13568],"type":"Point"},"id":"wattlas-plant-gemplant-l100000405984","properties":{"aliases":["1-1","2-1","Baghabari power station"],"canonicalAnchor":"gemplant:L100000405984","canonicalCountryKey":"BD","capacityMw":100.0,"country":"BD","externalIdAliases":{"gemUnit":["G100000406020","G100000406021"]},"externalIds":{"gemPlant":"L100000405984","gemUnit":"G100000406021"},"gemWikiUrl":"https://www.gem.wiki/Baghabari_power_station","geographyId":"BD-32408957B27409320841034","id":"wattlas-plant-gemplant-l100000405984","lifecycleCounts":{"cancelled":1,"operational":1},"locationPrecision":"exact","name":"Baghabari power station","operatingCapacityCoverage":{"coveragePercent":100.0,"knownUnitCount":1,"method":"complete_unit_sum","provenance":{"evidenceCount":0,"recordIds":["wattlas-record-gemunit-g100000406021"],"sourceIds":["gem-global-integrated-power-tracker"],"sourceTypes":["research_verified"],"valueKind":"reported"},"totalUnitCount":1},"operatingCapacityMw":100.0,"operatingCapacityMwByTechnology":{"gas":100.0},"plannedCapacityCoverage":{"coveragePercent":0.0,"knownUnitCount":0,"method":"unavailable","totalUnitCount":0},"plannedCapacityMw":0.0,"plannedCapacityMwByTechnology":{},"recordCount":2,"recordIds":["wattlas-record-gemunit-g100000406020","wattlas-record-gemunit-g100000406021"],"sourceIds":["gem-global-integrated-power-tracker"],"sourceUrl":"https://www.gem.wiki/Baghabari_power_station","technologies":["gas"],"technologyMixMw":{"gas":100.0},"unitCount":2,"unitIds":["gem-unit-G100000406020","gem-unit-G100000406021"]},"type":"Feature"},{"geometry":{"coordinates":[89.017492,24.049377],"type":"Point"},"id":"wattlas-plant-gemplant-l100000405985","properties":{"aliases":["1-1","Bheramara power station"],"canonicalAnchor":"gemplant:L100000405985","canonicalCountryKey":"BD","capacityMw":410.0,"country":"BD","externalIds":{"gemPlant":"L100000405985","gemUnit":"G100000406022"},"gemWikiUrl":"https://www.gem.wiki/Bheramara_power_station","geographyId":"BD-32408957B3859287816056","id":"wattlas-plant-gemplant-l100000405985","lifecycleCounts":{"operational":1},"locationPrecision":"exact","name":"Bheramara power station","operatingCapacityCoverage":{"coveragePercent":100.0,"knownUnitCount":1,"method":"complete_unit_sum","provenance":{"evidenceCount":0,"recordIds":["wattlas-record-gemunit-g100000406022"],"sourceIds":["gem-global-integrated-power-tracker"],"sourceTypes":["research_verified"],"valueKind":"reported"},"totalUnitCount":1},"operatingCapacityMw":410.0,"operatingCapacityMwByTechnology":{"gas":410.0},"plannedCapacityCoverage":{"coveragePercent":0.0,"knownUnitCount":0,"method":"unavailable","totalUnitCount":0},"plannedCapacityMw":0.0,"plannedCapacityMwByTechnology":{},"recordCount":1,"recordIds":["wattlas-record-gemunit-g100000406022"],"sourceIds":["gem-global-integrated-power-tracker"],"sourceUrl":"https://www.gem.wiki/Bheramara_power_station","technologies":["gas"],"technologyMixMw":{"gas":410.0},"unitCount":1,"unitIds":["gem-unit-G100000406022"]},"type":"Feature"},{"geometry":{"coordinates":[90.710957,22.479292],"type":"Point"},"id":"wattlas-plant-gemplant-l100000405986","properties":{"aliases":["1-1","2-1","Bhola power station"],"canonicalAnchor":"gemplant:L100000405986","canonicalCountryKey":"BD","capacityMw":445.0,"country":"BD","externalIdAliases":{"gemUnit":["G100000406023","G100000406024"]},"externalIds":{"gemPlant":"L100000405986","gemUnit":"G100000406024"},"gemWikiUrl":"https://www.gem.wiki/Bhola_power_station","geographyId":"BD-32408957B31852228482374","id":"wattlas-plant-gemplant-l100000405986","lifecycleCounts":{"operational":2},"locationPrecision":"exact","name":"Bhola power station","operatingCapacityCoverage":{"coveragePercent":100.0,"knownUnitCount":2,"method":"complete_unit_sum","provenance":{"evidenceCount":0,"recordIds":["wattlas-record-gemunit-g100000406023","wattlas-record-gemunit-g100000406024"],"sourceIds":["gem-global-integrated-power-tracker"],"sourceTypes":["research_verified"],"valueKind":"reported"},"totalUnitCount":2},"operatingCapacityMw":445.0,"operatingCapacityMwByTechnology":{"gas":445.0},"plannedCapacityCoverage":{"coveragePercent":0.0,"knownUnitCount":0,"method":"unavailable","totalUnitCount":0},"plannedCapacityMw":0.0,"plannedCapacityMwByTechnology":{},"recordCount":2,"recordIds":["wattlas-record-gemunit-g100000406023","wattlas-record-gemunit-g100000406024"],"sourceIds":["gem-global-integrated-power-tracker"],"sourceUrl":"https://www.gem.wiki/Bhola_power_station","technologies":["gas"],"technologyMixMw":{"gas":445.0},"unitCount":2,"unitIds":["gem-unit-G100000406023","gem-unit-G100000406024"]},"type":"Feature"},{"geometry":{"coordinates":[91.65947,24.639505],"type":"Point"},"id":"wattlas-plant-gemplant-l100000405987","properties":{"aliases":["1-1","Bibiana II (Summit) power station"],"canonicalAnchor":"gemplant:L100000405987","canonicalCountryKey":"BD","capacityMw":341.0,"country":"BD","externalIds":{"gemPlant":"L100000405987","gemUnit":"G100000406025"},"gemWikiUrl":"https://www.gem.wiki/Bibiana_II_(Summit)_power_station","geographyId":"BD-32408957B58397560032916","id":"wattlas-plant-gemplant-l100000405987","lifecycleCounts":{"operational":1},"locationPrecision":"exact","name":"Bibiana II (Summit) power station","operatingCapacityCoverage":{"coveragePercent":100.0,"knownUnitCount":1,"method":"complete_unit_sum","provenance":{"evidenceCount":0,"recordIds":["wattlas-record-gemunit-g100000406025"],"sourceIds":["gem-global-integrated-power-tracker"],"sourceTypes":["research_verified"],"valueKind":"reported"},"totalUnitCount":1},"operatingCapacityMw":341.0,"operatingCapacityMwByTechnology":{"gas":341.0},"plannedCapacityCoverage":{"coveragePercent":0.0,"knownUnitCount":0,"method":"unavailable","totalUnitCount":0},"plannedCapacityMw":0.0,"plannedCapacityMwByTechnology":{},"recordCount":1,"recordIds":["wattlas-record-gemunit-g100000406025"],"sourceIds":["gem-global-integrated-power-tracker"],"sourceUrl":"https://www.gem.wiki/Bibiana_II_(Summit)_power_station","technologies":["gas"],"technologyMixMw":{"gas":341.0},"unitCount":1,"unitIds":["gem-unit-G100000406025"]},"type":"Feature"},{"geometry":{"coordinates":[91.656487,24.636557],"type":"Point"},"id":"wattlas-plant-gemplant-l100000405988","properties":{"aliases":["1-1","Bibiana III power station"],"canonicalAnchor":"gemplant:L100000405988","canonicalCountryKey":"BD","capacityMw":400.0,"country":"BD","externalIds":{"gemPlant":"L100000405988","gemUnit":"G100000406026"},"gemWikiUrl":"https://www.gem.wiki/Bibiana_III_power_station","geographyId":"BD-32408957B58397560032916","id":"wattlas-plant-gemplant-l100000405988","lifecycleCounts":{"operational":1},"locationPrecision":"exact","name":"Bibiana III power station","operatingCapacityCoverage":{"coveragePercent":100.0,"knownUnitCount":1,"method":"complete_unit_sum","provenance":{"evidenceCount":0,"recordIds":["wattlas-record-gemunit-g100000406026"],"sourceIds":["gem-global-integrated-power-tracker"],"sourceTypes":["research_verified"],"valueKind":"reported"},"totalUnitCount":1},"operatingCapacityMw":400.0,"operatingCapacityMwByTechnology":{"gas":400.0},"plannedCapacityCoverage":{"coveragePercent":0.0,"knownUnitCount":0,"method":"unavailable","totalUnitCount":0},"plannedCapacityMw":0.0,"plannedCapacityMwByTechnology":{},"recordCount":1,"recordIds":["wattlas-record-gemunit-g100000406026"],"sourceIds":["gem-global-integrated-power-tracker"],"sourceUrl":"https://www.gem.wiki/Bibiana_III_power_station","technologies":["gas"],"technologyMixMw":{"gas":400.0},"unitCount":1,"unitIds":["gem-unit-G100000406026"]},"type":"Feature"},{"geometry":{"coordinates":[90.669029,23.222418],"type":"Point"},"id":"wattlas-plant-gemplant-l100000405989","properties":{"aliases":["1-1","Chandpur power station"],"canonicalAnchor":"gemplant:L100000405989","canonicalCountryKey":"BD","capacityMw":163.0,"country":"BD","externalIds":{"gemPlant":"L100000405989","gemUnit":"G100000406027"},"gemWikiUrl":"https://www.gem.wiki/Chandpur_power_station","geographyId":"BD-32408957B94023193097291","id":"wattlas-plant-gemplant-l100000405989","lifecycleCounts":{"operational":1},"locationPrecision":"exact","name":"Chandpur power station","operatingCapacityCoverage":{"coveragePercent":100.0,"knownUnitCount":1,"method":"complete_unit_sum","provenance":{"evidenceCount":0,"recordIds":["wattlas-record-gemunit-g100000406027"],"sourceIds":["gem-global-integrated-power-tracker"],"sourceTypes":["research_verified"],"valueKind":"reported"},"totalUnitCount":1},"operatingCapacityMw":163.0,"operatingCapacityMwByTechnology":{"gas":163.0},"plannedCapacityCoverage":{"coveragePercent":0.0,"knownUnitCount":0,"method":"unavailable","totalUnitCount":0},"plannedCapacityMw":0.0,"plannedCapacityMwByTechnology":{},"recordCount":1,"recordIds":["wattlas-record-gemunit-g100000406027"],"sourceIds":["gem-global-integrated-power-tracker"],"sourceUrl":"https://www.gem.wiki/Chandpur_power_station","technologies":["gas"],"technologyMixMw":{"gas":163.0},"unitCount":1,"unitIds":["gem-unit-G100000406027"]},"type":"Feature"},{"geometry":{"coordinates":[91.91923,24.685359],"type":"Point"},"id":"wattlas-plant-gemplant-l100000405990","properties":{"aliases":["1-1","2-1","Fenchuganj power station"],"canonicalAnchor":"gemplant:L100000405990","canonicalCountryKey":"BD","capacityMw":201.0,"country":"BD","externalIdAliases":{"gemUnit":["G100000406028","G100000406029"]},"externalIds":{"gemPlant":"L100000405990","gemUnit":"G100000406029"},"gemWikiUrl":"https://www.gem.wiki/Fenchuganj_power_station","geographyId":"BD-32408957B58397560032916","id":"wattlas-plant-gemplant-l100000405990","lifecycleCounts":{"operational":2},"locationPrecision":"exact","name":"Fenchuganj power station","operatingCapacityCoverage":{"coveragePercent":100.0,"knownUnitCount":2,"method":"complete_unit_sum","provenance":{"evidenceCount":0,"recordIds":["wattlas-record-gemunit-g100000406028","wattlas-record-gemunit-g100000406029"],"sourceIds":["gem-global-integrated-power-tracker"],"sourceTypes":["research_verified"],"valueKind":"reported"},"totalUnitCount":2},"operatingCapacityMw":201.0,"operatingCapacityMwByTechnology":{"gas":201.0},"plannedCapacityCoverage":{"coveragePercent":0.0,"knownUnitCount":0,"method":"unavailable","totalUnitCount":0},"plannedCapacityMw":0.0,"plannedCapacityMwByTechnology":{},"recordCount":2,"recordIds":["wattlas-record-gemunit-g100000406028","wattlas-record-gemunit-g100000406029"],"sourceIds":["gem-global-integrated-power-tracker"],"sourceUrl":"https://www.gem.wiki/Fenchuganj_power_station","technologies":["gas"],"technologyMixMw":{"gas":201.0},"unitCount":2,"unitIds":["gem-unit-G100000406028","gem-unit-G100000406029"]},"type":"Feature"},{"geometry":{"coordinates":[90.637084,23.980072],"type":"Point"},"id":"wattlas-plant-gemplant-l100000405991","properties":{"aliases":["1-1","2-1","4-1","5-1","7-1","8-1","Ghorasal power station","Repowered 3","Repowered 4"],"canonicalAnchor":"gemplant:L100000405991","canonicalCountryKey":"BD","capacityMw":1045.0,"country":"BD","externalIdAliases":{"gemUnit":["G100000406030","G100000406031","G100000406032","G100000406033","G100000406034","G100000406035","G100000406036","G100000406037"]},"externalIds":{"gemPlant":"L100000405991","gemUnit":"G100000406037"},"gemWikiUrl":"https://www.gem.wiki/Ghorasal_power_station","geographyId":"BD-32408957B77718829177955","id":"wattlas-plant-gemplant-l100000405991","lifecycleCounts":{"cancelled":3,"operational":4,"paused":1},"locationPrecision":"exact","name":"Ghorasal power station","operatingCapacityCoverage":{"coveragePercent":100.0,"knownUnitCount":4,"method":"complete_unit_sum","provenance":{"evidenceCount":0,"recordIds":["wattlas-record-gemunit-g100000406033","wattlas-record-gemunit-g100000406034","wattlas-record-gemunit-g100000406036","wattlas-record-gemunit-g100000406037"],"sourceIds":["gem-global-integrated-power-tracker"],"sourceTypes":["research_verified"],"valueKind":"reported"},"totalUnitCount":4},"operatingCapacityMw":1045.0,"operatingCapacityMwByTechnology":{"gas":1045.0},"plannedCapacityCoverage":{"coveragePercent":0.0,"knownUnitCount":0,"method":"unavailable","totalUnitCount":0},"plannedCapacityMw":0.0,"plannedCapacityMwByTechnology":{},"recordCount":8,"recordIds":["wattlas-record-gemunit-g100000406030","wattlas-record-gemunit-g100000406031","wattlas-record-gemunit-g100000406032","wattlas-record-gemunit-g100000406033","wattlas-record-gemunit-g100000406034","wattlas-record-gemunit-g100000406035","wattlas-record-gemunit-g100000406036","wattlas-record-gemunit-g100000406037"],"sourceIds":["gem-global-integrated-power-tracker"],"sourceUrl":"https://www.gem.wiki/Ghorasal_power_station","technologies":["gas"],"technologyMixMw":{"gas":1045.0},"unitCount":8,"unitIds":["gem-unit-G100000406030","gem-unit-G100000406031","gem-unit-G100000406032","gem-unit-G100000406033","gem-unit-G100000406034","gem-unit-G100000406035","gem-unit-G100000406036","gem-unit-G100000406037"]},"type":"Feature"},{"geometry":{"coordinates":[90.532318,23.67774],"type":"Point"},"id":"wattlas-plant-gemplant-l100000405992","properties":{"aliases":["1-1","Haripur (HPL) power station"],"canonicalAnchor":"gemplant:L100000405992","canonicalCountryKey":"BD","capacityMw":360.0,"country":"BD","externalIds":{"gemPlant":"L100000405992","gemUnit":"G100000406038"},"gemWikiUrl":"https://www.gem.wiki/Haripur_(HPL)_power_station","geographyId":"BD-32408957B77718829177955","id":"wattlas-plant-gemplant-l100000405992","lifecycleCounts":{"operational":1},"locationPrecision":"exact","name":"Haripur (HPL) power station","operatingCapacityCoverage":{"coveragePercent":100.0,"knownUnitCount":1,"method":"complete_unit_sum","provenance":{"evidenceCount":0,"recordIds":["wattlas-record-gemunit-g100000406038"],"sourceIds":["gem-global-integrated-power-tracker"],"sourceTypes":["research_verified"],"valueKind":"reported"},"totalUnitCount":1},"operatingCapacityMw":360.0,"operatingCapacityMwByTechnology":{"gas":360.0},"plannedCapacityCoverage":{"coveragePercent":0.0,"knownUnitCount":0,"method":"unavailable","totalUnitCount":0},"plannedCapacityMw":0.0,"plannedCapacityMwByTechnology":{},"recordCount":1,"recordIds":["wattlas-record-gemunit-g100000406038"],"sourceIds":["gem-global-integrated-power-tracker"],"sourceUrl":"https://www.gem.wiki/Haripur_(HPL)_power_station","technologies":["gas"],"technologyMixMw":{"gas":360.0},"unitCount":1,"unitIds":["gem-unit-G100000406038"]},"type":"Feature"},{"geometry":{"coordinates":[90.52135,23.680401],"type":"Point"},"id":"wattlas-plant-gemplant-l100000405993","properties":{"aliases":["1-1","2-1","Haripur power station"],"canonicalAnchor":"gemplant:L100000405993","canonicalCountryKey":"BD","capacityMw":412.0,"country":"BD","externalIdAliases":{"gemUnit":["G100000406039","G100000406040"]},"externalIds":{"gemPlant":"L100000405993","gemUnit":"G100000406040"},"gemWikiUrl":"https://www.gem.wiki/Haripur_power_station","geographyId":"BD-32408957B77718829177955","id":"wattlas-plant-gemplant-l100000405993","lifecycleCounts":{"operational":1,"paused":1},"locationPrecision":"exact","name":"Haripur power station","operatingCapacityCoverage":{"coveragePercent":100.0,"knownUnitCount":1,"method":"complete_unit_sum","provenance":{"evidenceCount":0,"recordIds":["wattlas-record-gemunit-g100000406039"],"sourceIds":["gem-global-integrated-power-tracker"],"sourceTypes":["research_verified"],"valueKind":"reported"},"totalUnitCount":1},"operatingCapacityMw":412.0,"operatingCapacityMwByTechnology":{"gas":412.0},"plannedCapacityCoverage":{"coveragePercent":0.0,"knownUnitCount":0,"method":"unavailable","totalUnitCount":0},"plannedCapacityMw":0.0,"plannedCapacityMwByTechnology":{},"recordCount":2,"recordIds":["wattlas-record-gemunit-g100000406039","wattlas-record-gemunit-g100000406040"],"sourceIds":["gem-global-integrated-power-tracker"],"sourceUrl":"https://www.gem.wiki/Haripur_power_station","technologies":["gas"],"technologyMixMw":{"gas":412.0},"unitCount":2,"unitIds":["gem-unit-G100000406039","gem-unit-G100000406040"]},"type":"Feature"},{"geometry":{"coordinates":[91.917388,24.684884],"type":"Point"},"id":"wattlas-plant-gemplant-l100000405994","properties":{"aliases":["1-1","Kushiara power station"],"canonicalAnchor":"gemplant:L100000405994","canonicalCountryKey":"BD","capacityMw":163.0,"country":"BD","externalIds":{"gemPlant":"L100000405994","gemUnit":"G100000406042"},"gemWikiUrl":"https://www.gem.wiki/Kushiara_power_station","geographyId":"BD-32408957B58397560032916","id":"wattlas-plant-gemplant-l100000405994","lifecycleCounts":{"operational":1},"locationPrecision":"exact","name":"Kushiara power station","operatingCapacityCoverage":{"coveragePercent":100.0,"knownUnitCount":1,"method":"complete_unit_sum","provenance":{"evidenceCount":0,"recordIds":["wattlas-record-gemunit-g100000406042"],"sourceIds":["gem-global-integrated-power-tracker"],"sourceTypes":["research_verified"],"valueKind":"reported"},"totalUnitCount":1},"operatingCapacityMw":163.0,"operatingCapacityMwByTechnology":{"gas":163.0},"plannedCapacityCoverage":{"coveragePercent":0.0,"knownUnitCount":0,"method":"unavailable","totalUnitCount":0},"plannedCapacityMw":0.0,"plannedCapacityMwByTechnology":{},"recordCount":1,"recordIds":["wattlas-record-gemunit-g100000406042"],"sourceIds":["gem-global-integrated-power-tracker"],"sourceUrl":"https://www.gem.wiki/Kushiara_power_station","technologies":["gas"],"technologyMixMw":{"gas":163.0},"unitCount":1,"unitIds":["gem-unit-G100000406042"]},"type":"Feature"},{"geometry":{"coordinates":[90.599703,23.609062],"type":"Point"},"id":"wattlas-plant-gemplant-l100000405995","properties":{"aliases":["1-1","Meghnaghat (MPL) power station"],"canonicalAnchor":"gemplant:L100000405995","canonicalCountryKey":"BD","capacityMw":450.0,"country":"BD","externalIds":{"gemPlant":"L100000405995","gemUnit":"G100000406043"},"gemWikiUrl":"https://www.gem.wiki/Meghnaghat_(MPL)_power_station","geographyId":"BD-32408957B77718829177955","id":"wattlas-plant-gemplant-l100000405995","lifecycleCounts":{"operational":1},"locationPrecision":"exact","name":"Meghnaghat (MPL) power station","operatingCapacityCoverage":{"coveragePercent":100.0,"knownUnitCount":1,"method":"complete_unit_sum","provenance":{"evidenceCount":0,"recordIds":["wattlas-record-gemunit-g100000406043"],"sourceIds":["gem-global-integrated-power-tracker"],"sourceTypes":["research_verified"],"valueKind":"reported"},"totalUnitCount":1},"operatingCapacityMw":450.0,"operatingCapacityMwByTechnology":{"gas":450.0},"plannedCapacityCoverage":{"coveragePercent":0.0,"knownUnitCount":0,"method":"unavailable","totalUnitCount":0},"plannedCapacityMw":0.0,"plannedCapacityMwByTechnology":{},"recordCount":1,"recordIds":["wattlas-record-gemunit-g100000406043"],"sourceIds":["gem-global-integrated-power-tracker"],"sourceUrl":"https://www.gem.wiki/Meghnaghat_(MPL)_power_station","technologies":["gas"],"technologyMixMw":{"gas":450.0},"unitCount":1,"unitIds":["gem-unit-G100000406043"]},"type":"Feature"},{"geometry":{"coordinates":[90.416515,24.761578],"type":"Point"},"id":"wattlas-plant-gemplant-l100000405998","properties":{"aliases":["1-1","2-1","Mymensingh power station"],"canonicalAnchor":"gemplant:L100000405998","canonicalCountryKey":"BD","capacityMw":630.0,"country":"BD","externalIdAliases":{"gemUnit":["G100000406047","G100000406048"]},"externalIds":{"gemPlant":"L100000405998","gemUnit":"G100000406047"},"gemWikiUrl":"https://www.gem.wiki/Mymensingh_power_station","geographyId":"BD-32408957B83626866084602","id":"wattlas-plant-gemplant-l100000405998","lifecycleCounts":{"operational":1,"under_construction":1},"locationPrecision":"exact","name":"Mymensingh power station","operatingCapacityCoverage":{"coveragePercent":100.0,"knownUnitCount":1,"method":"complete_unit_sum","provenance":{"evidenceCount":0,"recordIds":["wattlas-record-gemunit-g100000406048"],"sourceIds":["gem-global-integrated-power-tracker"],"sourceTypes":["research_verified"],"valueKind":"reported"},"totalUnitCount":1},"operatingCapacityMw":210.0,"operatingCapacityMwByTechnology":{"gas":210.0},"plannedCapacityCoverage":{"coveragePercent":100.0,"knownUnitCount":1,"method":"complete_unit_sum","provenance":{"evidenceCount":0,"recordIds":["wattlas-record-gemunit-g100000406047"],"sourceIds":["gem-global-integrated-power-tracker"],"sourceTypes":["research_verified"],"valueKind":"reported"},"totalUnitCount":1},"plannedCapacityMw":420.0,"plannedCapacityMwByTechnology":{"gas":420.0},"recordCount":2,"recordIds":["wattlas-record-gemunit-g100000406047","wattlas-record-gemunit-g100000406048"],"sourceIds":["gem-global-integrated-power-tracker"],"sourceUrl":"https://www.gem.wiki/Mymensingh_power_station","technologies":["gas"],"technologyMixMw":{"gas":630.0},"unitCount":2,"unitIds":["gem-unit-G100000406047","gem-unit-G100000406048"]},"type":"Feature"},{"geometry":{"coordinates":[91.939432,22.402074],"type":"Point"},"id":"wattlas-plant-gemplant-l100000405999","properties":{"aliases":["1-1","2-1","3-1","Rauzan power station"],"canonicalAnchor":"gemplant:L100000405999","canonicalCountryKey":"BD","capacityMw":420.0,"country":"BD","externalIdAliases":{"gemUnit":["G100000406049","G100000406050","G100000406051"]},"externalIds":{"gemPlant":"L100000405999","gemUnit":"G100000406051"},"gemWikiUrl":"https://www.gem.wiki/Rauzan_power_station","geographyId":"BD-32408957B94023193097291","id":"wattlas-plant-gemplant-l100000405999","lifecycleCounts":{"cancelled":1,"operational":2},"locationPrecision":"exact","name":"Rauzan power station","operatingCapacityCoverage":{"coveragePercent":100.0,"knownUnitCount":2,"method":"complete_unit_sum","provenance":{"evidenceCount":0,"recordIds":["wattlas-record-gemunit-g100000406049","wattlas-record-gemunit-g100000406050"],"sourceIds":["gem-global-integrated-power-tracker"],"sourceTypes":["research_verified"],"valueKind":"reported"},"totalUnitCount":2},"operatingCapacityMw":420.0,"operatingCapacityMwByTechnology":{"gas":420.0},"plannedCapacityCoverage":{"coveragePercent":0.0,"knownUnitCount":0,"method":"unavailable","totalUnitCount":0},"plannedCapacityMw":0.0,"plannedCapacityMwByTechnology":{},"recordCount":3,"recordIds":["wattlas-record-gemunit-g100000406049","wattlas-record-gemunit-g100000406050","wattlas-record-gemunit-g100000406051"],"sourceIds":["gem-global-integrated-power-tracker"],"sourceUrl":"https://www.gem.wiki/Rauzan_power_station","technologies":["gas"],"technologyMixMw":{"gas":420.0},"unitCount":3,"unitIds":["gem-unit-G100000406049","gem-unit-G100000406050","gem-unit-G100000406051"]},"type":"Feature"},{"geometry":{"coordinates":[91.378674,24.252242],"type":"Point"},"id":"wattlas-plant-gemplant-l100000406000","properties":{"aliases":["1-1","2-1","Shajibazar power station"],"canonicalAnchor":"gemplant:L100000406000","canonicalCountryKey":"BD","capacityMw":430.0,"country":"BD","externalIdAliases":{"gemUnit":["G100000406052","G100000406175"]},"externalIds":{"gemPlant":"L100000406000","gemUnit":"G100000406175"},"gemWikiUrl":"https://www.gem.wiki/Shajibazar_power_station","geographyId":"BD-32408957B58397560032916","id":"wattlas-plant-gemplant-l100000406000","lifecycleCounts":{"operational":2},"locationPrecision":"exact","name":"Shajibazar power station","operatingCapacityCoverage":{"coveragePercent":100.0,"knownUnitCount":2,"method":"complete_unit_sum","provenance":{"evidenceCount":0,"recordIds":["wattlas-record-gemunit-g100000406052","wattlas-record-gemunit-g100000406175"],"sourceIds":["gem-global-integrated-power-tracker"],"sourceTypes":["research_verified"],"valueKind":"reported"},"totalUnitCount":2},"operatingCapacityMw":430.0,"operatingCapacityMwByTechnology":{"gas":430.0},"plannedCapacityCoverage":{"coveragePercent":0.0,"knownUnitCount":0,"method":"unavailable","totalUnitCount":0},"plannedCapacityMw":0.0,"plannedCapacityMwByTechnology":{},"recordCount":2,"recordIds":["wattlas-record-gemunit-g100000406052","wattlas-record-gemunit-g100000406175"],"sourceIds":["gem-global-integrated-power-tracker"],"sourceUrl":"https://www.gem.wiki/Shajibazar_power_station","technologies":["gas"],"technologyMixMw":{"gas":430.0},"unitCount":2,"unitIds":["gem-unit-G100000406052","gem-unit-G100000406175"]},"type":"Feature"},{"geometry":{"coordinates":[90.526097,23.683172],"type":"Point"},"id":"wattlas-plant-gemplant-l100000406001","properties":{"aliases":["1-1","2-1","Shiddhirgonj Peaking power station"],"canonicalAnchor":"gemplant:L100000406001","canonicalCountryKey":"BD","capacityMw":210.0,"country":"BD","externalIdAliases":{"gemUnit":["G100000406053","G100000406054"]},"externalIds":{"gemPlant":"L100000406001","gemUnit":"G100000406054"},"gemWikiUrl":"https://www.gem.wiki/Shiddhirgonj_Peaking_power_station","geographyId":"BD-32408957B77718829177955","id":"wattlas-plant-gemplant-l100000406001","lifecycleCounts":{"operational":2},"locationPrecision":"exact","name":"Shiddhirgonj Peaking power station","operatingCapacityCoverage":{"coveragePercent":100.0,"knownUnitCount":2,"method":"complete_unit_sum","provenance":{"evidenceCount":0,"recordIds":["wattlas-record-gemunit-g100000406053","wattlas-record-gemunit-g100000406054"],"sourceIds":["gem-global-integrated-power-tracker"],"sourceTypes":["research_verified"],"valueKind":"reported"},"totalUnitCount":2},"operatingCapacityMw":210.0,"operatingCapacityMwByTechnology":{"gas":210.0},"plannedCapacityCoverage":{"coveragePercent":0.0,"knownUnitCount":0,"method":"unavailable","totalUnitCount":0},"plannedCapacityMw":0.0,"plannedCapacityMwByTechnology":{},"recordCount":2,"recordIds":["wattlas-record-gemunit-g100000406053","wattlas-record-gemunit-g100000406054"],"sourceIds":["gem-global-integrated-power-tracker"],"sourceUrl":"https://www.gem.wiki/Shiddhirgonj_Peaking_power_station","technologies":["gas"],"technologyMixMw":{"gas":210.0},"unitCount":2,"unitIds":["gem-unit-G100000406053","gem-unit-G100000406054"]},"type":"Feature"},{"geometry":{"coordinates":[90.516272,23.684283],"type":"Point"},"id":"wattlas-plant-gemplant-l100000406002","properties":{"aliases":["1-1","2-1","Shiddirgonj power station"],"canonicalAnchor":"gemplant:L100000406002","canonicalCountryKey":"BD","capacityMw":335.0,"country":"BD","externalIdAliases":{"gemUnit":["G100000406055","G100000406056"]},"externalIds":{"gemPlant":"L100000406002","gemUnit":"G100000406055"},"gemWikiUrl":"https://www.gem.wiki/Shiddirgonj_power_station","geographyId":"BD-32408957B77718829177955","id":"wattlas-plant-gemplant-l100000406002","lifecycleCounts":{"operational":1,"paused":1},"locationPrecision":"exact","name":"Shiddirgonj power station","operatingCapacityCoverage":{"coveragePercent":100.0,"knownUnitCount":1,"method":"complete_unit_sum","provenance":{"evidenceCount":0,"recordIds":["wattlas-record-gemunit-g100000406056"],"sourceIds":["gem-global-integrated-power-tracker"],"sourceTypes":["research_verified"],"valueKind":"reported"},"totalUnitCount":1},"operatingCapacityMw":335.0,"operatingCapacityMwByTechnology":{"gas":335.0},"plannedCapacityCoverage":{"coveragePercent":0.0,"knownUnitCount":0,"method":"unavailable","totalUnitCount":0},"plannedCapacityMw":0.0,"plannedCapacityMwByTechnology":{},"recordCount":2,"recordIds":["wattlas-record-gemunit-g100000406055","wattlas-record-gemunit-g100000406056"],"sourceIds":["gem-global-integrated-power-tracker"],"sourceUrl":"https://www.gem.wiki/Shiddirgonj_power_station","technologies":["gas"],"technologyMixMw":{"gas":335.0},"unitCount":2,"unitIds":["gem-unit-G100000406055","gem-unit-G100000406056"]},"type":"Feature"},{"geometry":{"coordinates":[91.863078,22.323513],"type":"Point"},"id":"wattlas-plant-gemplant-l100000406003","properties":{"aliases":["1-1","Sikalbaha Peaking power station"],"canonicalAnchor":"gemplant:L100000406003","canonicalCountryKey":"BD","capacityMw":150.0,"country":"BD","externalIds":{"gemPlant":"L100000406003","gemUnit":"G100000406057"},"gemWikiUrl":"https://www.gem.wiki/Sikalbaha_Peaking_power_station","geographyId":"BD-32408957B94023193097291","id":"wattlas-plant-gemplant-l100000406003","lifecycleCounts":{"operational":1},"locationPrecision":"exact","name":"Sikalbaha Peaking power station","operatingCapacityCoverage":{"coveragePercent":100.0,"knownUnitCount":1,"method":"complete_unit_sum","provenance":{"evidenceCount":0,"recordIds":["wattlas-record-gemunit-g100000406057"],"sourceIds":["gem-global-integrated-power-tracker"],"sourceTypes":["research_verified"],"valueKind":"reported"},"totalUnitCount":1},"operatingCapacityMw":150.0,"operatingCapacityMwByTechnology":{"gas":150.0},"plannedCapacityCoverage":{"coveragePercent":0.0,"knownUnitCount":0,"method":"unavailable","totalUnitCount":0},"plannedCapacityMw":0.0,"plannedCapacityMwByTechnology":{},"recordCount":1,"recordIds":["wattlas-record-gemunit-g100000406057"],"sourceIds":["gem-global-integrated-power-tracker"],"sourceUrl":"https://www.gem.wiki/Sikalbaha_Peaking_power_station","technologies":["gas"],"technologyMixMw":{"gas":150.0},"unitCount":1,"unitIds":["gem-unit-G100000406057"]},"type":"Feature"},{"geometry":{"coordinates":[91.863078,22.323513],"type":"Point"},"id":"wattlas-plant-gemplant-l100000406004","properties":{"aliases":["1-1","Sikalbaha power station"],"canonicalAnchor":"gemplant:L100000406004","canonicalCountryKey":"BD","capacityMw":225.0,"country":"BD","externalIds":{"gemPlant":"L100000406004","gemUnit":"G100000406058"},"gemWikiUrl":"https://www.gem.wiki/Sikalbaha_power_station","geographyId":"BD-32408957B94023193097291","id":"wattlas-plant-gemplant-l100000406004","lifecycleCounts":{"operational":1},"locationPrecision":"exact","name":"Sikalbaha power station","operatingCapacityCoverage":{"coveragePercent":100.0,"knownUnitCount":1,"method":"complete_unit_sum","provenance":{"evidenceCount":0,"recordIds":["wattlas-record-gemunit-g100000406058"],"sourceIds":["gem-global-integrated-power-tracker"],"sourceTypes":["research_verified"],"valueKind":"reported"},"totalUnitCount":1},"operatingCapacityMw":225.0,"operatingCapacityMwByTechnology":{"gas":225.0},"plannedCapacityCoverage":{"coveragePercent":0.0,"knownUnitCount":0,"method":"unavailable","totalUnitCount":0},"plannedCapacityMw":0.0,"plannedCapacityMwByTechnology":{},"recordCount":1,"recordIds":["wattlas-record-gemunit-g100000406058"],"sourceIds":["gem-global-integrated-power-tracker"],"sourceUrl":"https://www.gem.wiki/Sikalbaha_power_station","technologies":["gas"],"technologyMixMw":{"gas":225.0},"unitCount":1,"unitIds":["gem-unit-G100000406058"]},"type":"Feature"},{"geometry":{"coordinates":[89.743267,24.386142],"type":"Point"},"id":"wattlas-plant-gemplant-l100000406005","properties":{"aliases":["1-1","2-1","3-1","4-1","Sirajgonj power station"],"canonicalAnchor":"gemplant:L100000406005","canonicalCountryKey":"BD","capacityMw":1089.0,"country":"BD","externalIdAliases":{"gemUnit":["G100000406059","G100000406060","G100000406061","G100000406062"]},"externalIds":{"gemPlant":"L100000406005","gemUnit":"G100000406062"},"gemWikiUrl":"https://www.gem.wiki/Sirajgonj_power_station","geographyId":"BD-32408957B27409320841034","id":"wattlas-plant-gemplant-l100000406005","lifecycleCounts":{"operational":4},"locationPrecision":"exact","name":"Sirajgonj power station","operatingCapacityCoverage":{"coveragePercent":100.0,"knownUnitCount":4,"method":"complete_unit_sum","provenance":{"evidenceCount":0,"recordIds":["wattlas-record-gemunit-g100000406059","wattlas-record-gemunit-g100000406060","wattlas-record-gemunit-g100000406061","wattlas-record-gemunit-g100000406062"],"sourceIds":["gem-global-integrated-power-tracker"],"sourceTypes":["research_verified"],"valueKind":"reported"},"totalUnitCount":4},"operatingCapacityMw":1089.0,"operatingCapacityMwByTechnology":{"gas":1089.0},"plannedCapacityCoverage":{"coveragePercent":0.0,"knownUnitCount":0,"method":"unavailable","totalUnitCount":0},"plannedCapacityMw":0.0,"plannedCapacityMwByTechnology":{},"recordCount":4,"recordIds":["wattlas-record-gemunit-g100000406059","wattlas-record-gemunit-g100000406060","wattlas-record-gemunit-g100000406061","wattlas-record-gemunit-g100000406062"],"sourceIds":["gem-global-integrated-power-tracker"],"sourceUrl":"https://www.gem.wiki/Sirajgonj_power_station","technologies":["gas"],"technologyMixMw":{"gas":1089.0},"unitCount":4,"unitIds":["gem-unit-G100000406059","gem-unit-G100000406060","gem-unit-G100000406061","gem-unit-G100000406062"]},"type":"Feature"},{"geometry":{"coordinates":[91.828812,24.910271],"type":"Point"},"id":"wattlas-plant-gemplant-l100000406006","properties":{"aliases":["1-1","Sylhet power station"],"canonicalAnchor":"gemplant:L100000406006","canonicalCountryKey":"BD","capacityMw":225.0,"country":"BD","externalIds":{"gemPlant":"L100000406006","gemUnit":"G100000406063"},"gemWikiUrl":"https://www.gem.wiki/Sylhet_power_station","geographyId":"BD-32408957B58397560032916","id":"wattlas-plant-gemplant-l100000406006","lifecycleCounts":{"operational":1},"locationPrecision":"exact","name":"Sylhet power station","operatingCapacityCoverage":{"coveragePercent":100.0,"knownUnitCount":1,"method":"complete_unit_sum","provenance":{"evidenceCount":0,"recordIds":["wattlas-record-gemunit-g100000406063"],"sourceIds":["gem-global-integrated-power-tracker"],"sourceTypes":["research_verified"],"valueKind":"reported"},"totalUnitCount":1},"operatingCapacityMw":225.0,"operatingCapacityMwByTechnology":{"gas":225.0},"plannedCapacityCoverage":{"coveragePercent":0.0,"knownUnitCount":0,"method":"unavailable","totalUnitCount":0},"plannedCapacityMw":0.0,"plannedCapacityMwByTechnology":{},"recordCount":1,"recordIds":["wattlas-record-gemunit-g100000406063"],"sourceIds":["gem-global-integrated-power-tracker"],"sourceUrl":"https://www.gem.wiki/Sylhet_power_station","technologies":["gas"],"technologyMixMw":{"gas":225.0},"unitCount":1,"unitIds":["gem-unit-G100000406063"]},"type":"Feature"},{"geometry":{"coordinates":[90.409989,23.896606],"type":"Point"},"id":"wattlas-plant-gemplant-l100000406007","properties":{"aliases":["1-1","Tongi power station"],"canonicalAnchor":"gemplant:L100000406007","canonicalCountryKey":"BD","capacityMw":105.0,"country":"BD","externalIds":{"gemPlant":"L100000406007","gemUnit":"G100000406064"},"gemWikiUrl":"https://www.gem.wiki/Tongi_power_station","geographyId":"BD-32408957B77718829177955","id":"wattlas-plant-gemplant-l100000406007","lifecycleCounts":{"operational":1},"locationPrecision":"exact","name":"Tongi power station","operatingCapacityCoverage":{"coveragePercent":100.0,"knownUnitCount":1,"method":"complete_unit_sum","provenance":{"evidenceCount":0,"recordIds":["wattlas-record-gemunit-g100000406064"],"sourceIds":["gem-global-integrated-power-tracker"],"sourceTypes":["research_verified"],"valueKind":"reported"},"totalUnitCount":1},"operatingCapacityMw":105.0,"operatingCapacityMwByTechnology":{"gas":105.0},"plannedCapacityCoverage":{"coveragePercent":0.0,"knownUnitCount":0,"method":"unavailable","totalUnitCount":0},"plannedCapacityMw":0.0,"plannedCapacityMwByTechnology":{},"recordCount":1,"recordIds":["wattlas-record-gemunit-g100000406064"],"sourceIds":["gem-global-integrated-power-tracker"],"sourceUrl":"https://www.gem.wiki/Tongi_power_station","technologies":["gas"],"technologyMixMw":{"gas":105.0},"unitCount":1,"unitIds":["gem-unit-G100000406064"]},"type":"Feature"},{"geometry":{"coordinates":[90.595154,23.608172],"type":"Point"},"id":"wattlas-plant-gemplant-l100000406354","properties":{"aliases":["1-1","Meghnaghat-I power station"],"canonicalAnchor":"gemplant:L100000406354","canonicalCountryKey":"BD","capacityMw":335.0,"country":"BD","externalIds":{"gemPlant":"L100000406354","gemUnit":"G100000406045"},"gemWikiUrl":"https://www.gem.wiki/Meghnaghat-I_power_station","geographyId":"BD-32408957B77718829177955","id":"wattlas-plant-gemplant-l100000406354","lifecycleCounts":{"operational":1},"locationPrecision":"exact","name":"Meghnaghat-I power station","operatingCapacityCoverage":{"coveragePercent":100.0,"knownUnitCount":1,"method":"complete_unit_sum","provenance":{"evidenceCount":0,"recordIds":["wattlas-record-gemunit-g100000406045"],"sourceIds":["gem-global-integrated-power-tracker"],"sourceTypes":["research_verified"],"valueKind":"reported"},"totalUnitCount":1},"operatingCapacityMw":335.0,"operatingCapacityMwByTechnology":{"gas":335.0},"plannedCapacityCoverage":{"coveragePercent":0.0,"knownUnitCount":0,"method":"unavailable","totalUnitCount":0},"plannedCapacityMw":0.0,"plannedCapacityMwByTechnology":{},"recordCount":1,"recordIds":["wattlas-record-gemunit-g100000406045"],"sourceIds":["gem-global-integrated-power-tracker"],"sourceUrl":"https://www.gem.wiki/Meghnaghat-I_power_station","technologies":["gas"],"technologyMixMw":{"gas":335.0},"unitCount":1,"unitIds":["gem-unit-G100000406045"]},"type":"Feature"},{"geometry":{"coordinates":[91.017108,24.04477],"type":"Point"},"id":"wattlas-plant-gemplant-l100000406356","properties":{"aliases":["1-1","Ashuganj East power station"],"canonicalAnchor":"gemplant:L100000406356","canonicalCountryKey":"BD","capacityMw":420.0,"country":"BD","externalIds":{"gemPlant":"L100000406356","gemUnit":"G100000400855"},"gemWikiUrl":"https://www.gem.wiki/Ashuganj_East_power_station","geographyId":"BD-32408957B94023193097291","id":"wattlas-plant-gemplant-l100000406356","lifecycleCounts":{"operational":1},"locationPrecision":"exact","name":"Ashuganj East power station","operatingCapacityCoverage":{"coveragePercent":100.0,"knownUnitCount":1,"method":"complete_unit_sum","provenance":{"evidenceCount":0,"recordIds":["wattlas-record-gemunit-g100000400855"],"sourceIds":["gem-global-integrated-power-tracker"],"sourceTypes":["research_verified"],"valueKind":"reported"},"totalUnitCount":1},"operatingCapacityMw":420.0,"operatingCapacityMwByTechnology":{"gas":420.0},"plannedCapacityCoverage":{"coveragePercent":0.0,"knownUnitCount":0,"method":"unavailable","totalUnitCount":0},"plannedCapacityMw":0.0,"plannedCapacityMwByTechnology":{},"recordCount":1,"recordIds":["wattlas-record-gemunit-g100000400855"],"sourceIds":["gem-global-integrated-power-tracker"],"sourceUrl":"https://www.gem.wiki/Ashuganj_East_power_station","technologies":["gas"],"technologyMixMw":{"gas":420.0},"unitCount":1,"unitIds":["gem-unit-G100000400855"]},"type":"Feature"},{"geometry":{"coordinates":[90.596336,23.607983],"type":"Point"},"id":"wattlas-plant-gemplant-l100000406357","properties":{"aliases":["1-1","Reliance Meghnaghat power station"],"canonicalAnchor":"gemplant:L100000406357","canonicalCountryKey":"BD","capacityMw":750.0,"country":"BD","externalIds":{"gemPlant":"L100000406357","gemUnit":"G100000400848"},"gemWikiUrl":"https://www.gem.wiki/Reliance_Meghnaghat_power_station","geographyId":"BD-32408957B77718829177955","id":"wattlas-plant-gemplant-l100000406357","lifecycleCounts":{"under_construction":1},"locationPrecision":"exact","name":"Reliance Meghnaghat power station","operatingCapacityCoverage":{"coveragePercent":0.0,"knownUnitCount":0,"method":"unavailable","totalUnitCount":0},"operatingCapacityMw":0.0,"operatingCapacityMwByTechnology":{},"plannedCapacityCoverage":{"coveragePercent":100.0,"knownUnitCount":1,"method":"complete_unit_sum","provenance":{"evidenceCount":0,"recordIds":["wattlas-record-gemunit-g100000400848"],"sourceIds":["gem-global-integrated-power-tracker"],"sourceTypes":["research_verified"],"valueKind":"reported"},"totalUnitCount":1},"plannedCapacityMw":750.0,"plannedCapacityMwByTechnology":{"gas":750.0},"recordCount":1,"recordIds":["wattlas-record-gemunit-g100000400848"],"sourceIds":["gem-global-integrated-power-tracker"],"sourceUrl":"https://www.gem.wiki/Reliance_Meghnaghat_power_station","technologies":["gas"],"technologyMixMw":{"gas":750.0},"unitCount":1,"unitIds":["gem-unit-G100000400848"]},"type":"Feature"},{"geometry":{"coordinates":[91.660499,24.634998],"type":"Point"},"id":"wattlas-plant-gemplant-l100000406358","properties":{"aliases":["1-1","Bibiyana South power station"],"canonicalAnchor":"gemplant:L100000406358","canonicalCountryKey":"BD","capacityMw":383.0,"country":"BD","externalIds":{"gemPlant":"L100000406358","gemUnit":"G100000400856"},"gemWikiUrl":"https://www.gem.wiki/Bibiyana_South_power_station","geographyId":"BD-32408957B58397560032916","id":"wattlas-plant-gemplant-l100000406358","lifecycleCounts":{"operational":1},"locationPrecision":"exact","name":"Bibiyana South power station","operatingCapacityCoverage":{"coveragePercent":100.0,"knownUnitCount":1,"method":"complete_unit_sum","provenance":{"evidenceCount":0,"recordIds":["wattlas-record-gemunit-g100000400856"],"sourceIds":["gem-global-integrated-power-tracker"],"sourceTypes":["research_verified"],"valueKind":"reported"},"totalUnitCount":1},"operatingCapacityMw":383.0,"operatingCapacityMwByTechnology":{"gas":383.0},"plannedCapacityCoverage":{"coveragePercent":0.0,"knownUnitCount":0,"method":"unavailable","totalUnitCount":0},"plannedCapacityMw":0.0,"plannedCapacityMwByTechnology":{},"recordCount":1,"recordIds":["wattlas-record-gemunit-g100000400856"],"sourceIds":["gem-global-integrated-power-tracker"],"sourceUrl":"https://www.gem.wiki/Bibiyana_South_power_station","technologies":["gas"],"technologyMixMw":{"gas":383.0},"unitCount":1,"unitIds":["gem-unit-G100000400856"]},"type":"Feature"},{"geometry":{"coordinates":[89.536417,22.866248],"type":"Point"},"id":"wattlas-plant-gemplant-l100000406359","properties":{"aliases":["1-1","2-1","Khulna power station"],"canonicalAnchor":"gemplant:L100000406359","canonicalCountryKey":"BD","capacityMw":555.0,"country":"BD","externalIdAliases":{"gemUnit":["G100000400857","G100000406041"]},"externalIds":{"gemPlant":"L100000406359","gemUnit":"G100000400857"},"gemWikiUrl":"https://www.gem.wiki/Khulna_power_station","geographyId":"BD-32408957B3859287816056","id":"wattlas-plant-gemplant-l100000406359","lifecycleCounts":{"operational":2},"locationPrecision":"exact","name":"Khulna power station","operatingCapacityCoverage":{"coveragePercent":100.0,"knownUnitCount":2,"method":"complete_unit_sum","provenance":{"evidenceCount":0,"recordIds":["wattlas-record-gemunit-g100000400857","wattlas-record-gemunit-g100000406041"],"sourceIds":["gem-global-integrated-power-tracker"],"sourceTypes":["research_verified"],"valueKind":"reported"},"totalUnitCount":2},"operatingCapacityMw":555.0,"operatingCapacityMwByTechnology":{"gas":555.0},"plannedCapacityCoverage":{"coveragePercent":0.0,"knownUnitCount":0,"method":"unavailable","totalUnitCount":0},"plannedCapacityMw":0.0,"plannedCapacityMwByTechnology":{},"recordCount":2,"recordIds":["wattlas-record-gemunit-g100000400857","wattlas-record-gemunit-g100000406041"],"sourceIds":["gem-global-integrated-power-tracker"],"sourceUrl":"https://www.gem.wiki/Khulna_power_station","technologies":["gas"],"technologyMixMw":{"gas":555.0},"unitCount":2,"unitIds":["gem-unit-G100000400857","gem-unit-G100000406041"]},"type":"Feature"},{"geometry":{"coordinates":[90.595154,23.608172],"type":"Point"},"id":"wattlas-plant-gemplant-l100000406362","properties":{"aliases":["1-1","Meghnaghat-II power station"],"canonicalAnchor":"gemplant:L100000406362","canonicalCountryKey":"BD","capacityMw":590.0,"country":"BD","externalIds":{"gemPlant":"L100000406362","gemUnit":"G100000400853"},"gemWikiUrl":"https://www.gem.wiki/Meghnaghat-II_power_station","geographyId":"BD-32408957B77718829177955","id":"wattlas-plant-gemplant-l100000406362","lifecycleCounts":{"operational":1},"locationPrecision":"exact","name":"Meghnaghat-II power station","operatingCapacityCoverage":{"coveragePercent":100.0,"knownUnitCount":1,"method":"complete_unit_sum","provenance":{"evidenceCount":0,"recordIds":["wattlas-record-gemunit-g100000400853"],"sourceIds":["gem-global-integrated-power-tracker"],"sourceTypes":["research_verified"],"valueKind":"reported"},"totalUnitCount":1},"operatingCapacityMw":590.0,"operatingCapacityMwByTechnology":{"gas":590.0},"plannedCapacityCoverage":{"coveragePercent":0.0,"knownUnitCount":0,"method":"unavailable","totalUnitCount":0},"plannedCapacityMw":0.0,"plannedCapacityMwByTechnology":{},"recordCount":1,"recordIds":["wattlas-record-gemunit-g100000400853"],"sourceIds":["gem-global-integrated-power-tracker"],"sourceUrl":"https://www.gem.wiki/Meghnaghat-II_power_station","technologies":["gas"],"technologyMixMw":{"gas":590.0},"unitCount":1,"unitIds":["gem-unit-G100000400853"]},"type":"Feature"},{"geometry":{"coordinates":[89.551191,22.853987],"type":"Point"},"id":"wattlas-plant-gemplant-l100000406364","properties":{"aliases":["1-1","2-1","Rupsha power station"],"canonicalAnchor":"gemplant:L100000406364","canonicalCountryKey":"BD","capacityMw":800.0,"country":"BD","externalIdAliases":{"gemUnit":["G100000400849","G100000400850"]},"externalIds":{"gemPlant":"L100000406364","gemUnit":"G100000400850"},"gemWikiUrl":"https://www.gem.wiki/Rupsha_power_station","geographyId":"BD-32408957B3859287816056","id":"wattlas-plant-gemplant-l100000406364","lifecycleCounts":{"under_construction":2},"locationPrecision":"exact","name":"Rupsha power station","operatingCapacityCoverage":{"coveragePercent":0.0,"knownUnitCount":0,"method":"unavailable","totalUnitCount":0},"operatingCapacityMw":0.0,"operatingCapacityMwByTechnology":{},"plannedCapacityCoverage":{"coveragePercent":100.0,"knownUnitCount":2,"method":"complete_unit_sum","provenance":{"evidenceCount":0,"recordIds":["wattlas-record-gemunit-g100000400849","wattlas-record-gemunit-g100000400850"],"sourceIds":["gem-global-integrated-power-tracker"],"sourceTypes":["research_verified"],"valueKind":"reported"},"totalUnitCount":2},"plannedCapacityMw":800.0,"plannedCapacityMwByTechnology":{"gas":800.0},"recordCount":2,"recordIds":["wattlas-record-gemunit-g100000400849","wattlas-record-gemunit-g100000400850"],"sourceIds":["gem-global-integrated-power-tracker"],"sourceUrl":"https://www.gem.wiki/Rupsha_power_station","technologies":["gas"],"technologyMixMw":{"gas":800.0},"unitCount":2,"unitIds":["gem-unit-G100000400849","gem-unit-G100000400850"]},"type":"Feature"},{"geometry":{"coordinates":[90.525111,23.682719],"type":"Point"},"id":"wattlas-plant-gemplant-l100000407141","properties":{"aliases":["1-1","Shiddhirgonj Thermal power station"],"canonicalAnchor":"gemplant:L100000407141","canonicalCountryKey":"BD","capacityMw":210.0,"country":"BD","externalIds":{"gemPlant":"L100000407141","gemUnit":"G100000408632"},"gemWikiUrl":"https://www.gem.wiki/Shiddhirgonj_Thermal_power_station","geographyId":"BD-32408957B77718829177955","id":"wattlas-plant-gemplant-l100000407141","lifecycleCounts":{"operational":1},"locationPrecision":"exact","name":"Shiddhirgonj Thermal power station","operatingCapacityCoverage":{"coveragePercent":100.0,"knownUnitCount":1,"method":"complete_unit_sum","provenance":{"evidenceCount":0,"recordIds":["wattlas-record-gemunit-g100000408632"],"sourceIds":["gem-global-integrated-power-tracker"],"sourceTypes":["research_verified"],"valueKind":"reported"},"totalUnitCount":1},"operatingCapacityMw":210.0,"operatingCapacityMwByTechnology":{"gas":210.0},"plannedCapacityCoverage":{"coveragePercent":0.0,"knownUnitCount":0,"method":"unavailable","totalUnitCount":0},"plannedCapacityMw":0.0,"plannedCapacityMwByTechnology":{},"recordCount":1,"recordIds":["wattlas-record-gemunit-g100000408632"],"sourceIds":["gem-global-integrated-power-tracker"],"sourceUrl":"https://www.gem.wiki/Shiddhirgonj_Thermal_power_station","technologies":["gas"],"technologyMixMw":{"gas":210.0},"unitCount":1,"unitIds":["gem-unit-G100000408632"]},"type":"Feature"},{"geometry":{"coordinates":[91.874191,22.329071],"type":"Point"},"id":"wattlas-plant-gemplant-l100000408315","properties":{"aliases":["1-1","Anlima Energy power station"],"canonicalAnchor":"gemplant:L100000408315","canonicalCountryKey":"BD","capacityMw":126.4,"country":"BD","externalIds":{"gemPlant":"L100000408315","gemUnit":"G100000411866"},"gemWikiUrl":"https://www.gem.wiki/Anlima_Energy_power_station","geographyId":"BD-32408957B94023193097291","id":"wattlas-plant-gemplant-l100000408315","lifecycleCounts":{"operational":1},"locationPrecision":"exact","name":"Anlima Energy power station","operatingCapacityCoverage":{"coveragePercent":100.0,"knownUnitCount":1,"method":"complete_unit_sum","provenance":{"evidenceCount":0,"recordIds":["wattlas-record-gemunit-g100000411866"],"sourceIds":["gem-global-integrated-power-tracker"],"sourceTypes":["research_verified"],"valueKind":"reported"},"totalUnitCount":1},"operatingCapacityMw":126.4,"operatingCapacityMwByTechnology":{"oil":126.4},"plannedCapacityCoverage":{"coveragePercent":0.0,"knownUnitCount":0,"method":"unavailable","totalUnitCount":0},"plannedCapacityMw":0.0,"plannedCapacityMwByTechnology":{},"recordCount":1,"recordIds":["wattlas-record-gemunit-g100000411866"],"sourceIds":["gem-global-integrated-power-tracker"],"sourceUrl":"https://www.gem.wiki/Anlima_Energy_power_station","technologies":["oil"],"technologyMixMw":{"oil":126.4},"unitCount":1,"unitIds":["gem-unit-G100000411866"]},"type":"Feature"},{"geometry":{"coordinates":[90.458055,23.640384],"type":"Point"},"id":"wattlas-plant-gemplant-l100000408317","properties":{"aliases":["1-1","2-1","AGGREKO Bramhangoan power station"],"canonicalAnchor":"gemplant:L100000408317","canonicalCountryKey":"BD","capacityMw":106.9,"country":"BD","externalIdAliases":{"gemUnit":["G100000411867","G100000411868"]},"externalIds":{"gemPlant":"L100000408317","gemUnit":"G100000411867"},"gemWikiUrl":"https://www.gem.wiki/AGGREKO_Bramhangoan_power_station","geographyId":"BD-32408957B77718829177955","id":"wattlas-plant-gemplant-l100000408317","lifecycleCounts":{"operational":2},"locationPrecision":"exact","name":"AGGREKO Bramhangoan power station","operatingCapacityCoverage":{"coveragePercent":100.0,"knownUnitCount":2,"method":"complete_unit_sum","provenance":{"evidenceCount":0,"recordIds":["wattlas-record-gemunit-g100000411867","wattlas-record-gemunit-g100000411868"],"sourceIds":["gem-global-integrated-power-tracker"],"sourceTypes":["research_verified"],"valueKind":"reported"},"totalUnitCount":2},"operatingCapacityMw":106.9,"operatingCapacityMwByTechnology":{"gas":106.9},"plannedCapacityCoverage":{"coveragePercent":0.0,"knownUnitCount":0,"method":"unavailable","totalUnitCount":0},"plannedCapacityMw":0.0,"plannedCapacityMwByTechnology":{},"recordCount":2,"recordIds":["wattlas-record-gemunit-g100000411867","wattlas-record-gemunit-g100000411868"],"sourceIds":["gem-global-integrated-power-tracker"],"sourceUrl":"https://www.gem.wiki/AGGREKO_Bramhangoan_power_station","technologies":["gas"],"technologyMixMw":{"gas":106.9},"unitCount":2,"unitIds":["gem-unit-G100000411867","gem-unit-G100000411868"]},"type":"Feature"},{"geometry":{"coordinates":[90.341507,23.6522],"type":"Point"},"id":"wattlas-plant-gemplant-l100000408318","properties":{"aliases":["1-1","2-1","AGGREKO Aurahati power station"],"canonicalAnchor":"gemplant:L100000408318","canonicalCountryKey":"BD","capacityMw":106.9,"country":"BD","externalIdAliases":{"gemUnit":["G100000411869","G100000411870"]},"externalIds":{"gemPlant":"L100000408318","gemUnit":"G100000411869"},"gemWikiUrl":"https://www.gem.wiki/AGGREKO_Aurahati_power_station","geographyId":"BD-32408957B77718829177955","id":"wattlas-plant-gemplant-l100000408318","lifecycleCounts":{"operational":2},"locationPrecision":"exact","name":"AGGREKO Aurahati power station","operatingCapacityCoverage":{"coveragePercent":100.0,"knownUnitCount":2,"method":"complete_unit_sum","provenance":{"evidenceCount":0,"recordIds":["wattlas-record-gemunit-g100000411869","wattlas-record-gemunit-g100000411870"],"sourceIds":["gem-global-integrated-power-tracker"],"sourceTypes":["research_verified"],"valueKind":"reported"},"totalUnitCount":2},"operatingCapacityMw":106.9,"operatingCapacityMwByTechnology":{"gas":106.9},"plannedCapacityCoverage":{"coveragePercent":0.0,"knownUnitCount":0,"method":"unavailable","totalUnitCount":0},"plannedCapacityMw":0.0,"plannedCapacityMwByTechnology":{},"recordCount":2,"recordIds":["wattlas-record-gemunit-g100000411869","wattlas-record-gemunit-g100000411870"],"sourceIds":["gem-global-integrated-power-tracker"],"sourceUrl":"https://www.gem.wiki/AGGREKO_Aurahati_power_station","technologies":["gas"],"technologyMixMw":{"gas":106.9},"unitCount":2,"unitIds":["gem-unit-G100000411869","gem-unit-G100000411870"]},"type":"Feature"},{"geometry":{"coordinates":[89.413519,23.017703],"type":"Point"},"id":"wattlas-plant-gemplant-l100000408319","properties":{"aliases":["1-1","Bangla Trac Power Unit-2 power station"],"canonicalAnchor":"gemplant:L100000408319","canonicalCountryKey":"BD","capacityMw":107.8,"country":"BD","externalIds":{"gemPlant":"L100000408319","gemUnit":"G100000411862"},"gemWikiUrl":"https://www.gem.wiki/Bangla_Trac_Power_Unit-2_power_station","geographyId":"BD-32408957B3859287816056","id":"wattlas-plant-gemplant-l100000408319","lifecycleCounts":{"operational":1},"locationPrecision":"exact","name":"Bangla Trac Power Unit-2 power station","operatingCapacityCoverage":{"coveragePercent":100.0,"knownUnitCount":1,"method":"complete_unit_sum","provenance":{"evidenceCount":0,"recordIds":["wattlas-record-gemunit-g100000411862"],"sourceIds":["gem-global-integrated-power-tracker"],"sourceTypes":["research_verified"],"valueKind":"reported"},"totalUnitCount":1},"operatingCapacityMw":107.8,"operatingCapacityMwByTechnology":{"gas":107.8},"plannedCapacityCoverage":{"coveragePercent":0.0,"knownUnitCount":0,"method":"unavailable","totalUnitCount":0},"plannedCapacityMw":0.0,"plannedCapacityMwByTechnology":{},"recordCount":1,"recordIds":["wattlas-record-gemunit-g100000411862"],"sourceIds":["gem-global-integrated-power-tracker"],"sourceUrl":"https://www.gem.wiki/Bangla_Trac_Power_Unit-2_power_station","technologies":["gas"],"technologyMixMw":{"gas":107.8},"unitCount":1,"unitIds":["gem-unit-G100000411862"]},"type":"Feature"},{"geometry":{"coordinates":[90.777898,23.546548],"type":"Point"},"id":"wattlas-plant-gemplant-l100000408320","properties":{"aliases":["1-1","2-1","3-1","Bangla Trac Power Unit-1 power station"],"canonicalAnchor":"gemplant:L100000408320","canonicalCountryKey":"BD","capacityMw":214.4,"country":"BD","externalIdAliases":{"gemUnit":["G100000411863","G100000411864","G100000411865"]},"externalIds":{"gemPlant":"L100000408320","gemUnit":"G100000411863"},"gemWikiUrl":"https://www.gem.wiki/Bangla_Trac_Power_Unit-1_power_station","geographyId":"BD-32408957B94023193097291","id":"wattlas-plant-gemplant-l100000408320","lifecycleCounts":{"operational":3},"locationPrecision":"exact","name":"Bangla Trac Power Unit-1 power station","operatingCapacityCoverage":{"coveragePercent":100.0,"knownUnitCount":3,"method":"complete_unit_sum","provenance":{"evidenceCount":0,"recordIds":["wattlas-record-gemunit-g100000411863","wattlas-record-gemunit-g100000411864","wattlas-record-gemunit-g100000411865"],"sourceIds":["gem-global-integrated-power-tracker"],"sourceTypes":["research_verified"],"valueKind":"reported"},"totalUnitCount":3},"operatingCapacityMw":214.4,"operatingCapacityMwByTechnology":{"gas":214.39999999999998},"plannedCapacityCoverage":{"coveragePercent":0.0,"knownUnitCount":0,"method":"unavailable","totalUnitCount":0},"plannedCapacityMw":0.0,"plannedCapacityMwByTechnology":{},"recordCount":3,"recordIds":["wattlas-record-gemunit-g100000411863","wattlas-record-gemunit-g100000411864","wattlas-record-gemunit-g100000411865"],"sourceIds":["gem-global-integrated-power-tracker"],"sourceUrl":"https://www.gem.wiki/Bangla_Trac_Power_Unit-1_power_station","technologies":["gas"],"technologyMixMw":{"gas":214.39999999999998},"unitCount":3,"unitIds":["gem-unit-G100000411863","gem-unit-G100000411864","gem-unit-G100000411865"]},"type":"Feature"},{"geometry":{"coordinates":[89.618295,24.090694],"type":"Point"},"id":"wattlas-plant-gemplant-l100000408322","properties":{"aliases":["9-1","Bera power station"],"canonicalAnchor":"gemplant:L100000408322","canonicalCountryKey":"BD","capacityMw":74.6,"country":"BD","externalIds":{"gemPlant":"L100000408322","gemUnit":"G100000411861"},"gemWikiUrl":"https://www.gem.wiki/Bera_power_station","geographyId":"BD-32408957B27409320841034","id":"wattlas-plant-gemplant-l100000408322","lifecycleCounts":{"operational":1},"locationPrecision":"exact","name":"Bera power station","operatingCapacityCoverage":{"coveragePercent":100.0,"knownUnitCount":1,"method":"complete_unit_sum","provenance":{"evidenceCount":0,"recordIds":["wattlas-record-gemunit-g100000411861"],"sourceIds":["gem-global-integrated-power-tracker"],"sourceTypes":["research_verified"],"valueKind":"reported"},"totalUnitCount":1},"operatingCapacityMw":74.6,"operatingCapacityMwByTechnology":{"oil":74.6},"plannedCapacityCoverage":{"coveragePercent":0.0,"knownUnitCount":0,"method":"unavailable","totalUnitCount":0},"plannedCapacityMw":0.0,"plannedCapacityMwByTechnology":{},"recordCount":1,"recordIds":["wattlas-record-gemunit-g100000411861"],"sourceIds":["gem-global-integrated-power-tracker"],"sourceUrl":"https://www.gem.wiki/Bera_power_station","technologies":["oil"],"technologyMixMw":{"oil":74.6},"unitCount":1,"unitIds":["gem-unit-G100000411861"]},"type":"Feature"},{"geometry":{"coordinates":[89.346059,24.768642],"type":"Point"},"id":"wattlas-plant-gemplant-l100000408323","properties":{"aliases":["1-1","2-1","Confidence Bagura power station"],"canonicalAnchor":"gemplant:L100000408323","canonicalCountryKey":"BD","capacityMw":222.6,"country":"BD","externalIdAliases":{"gemUnit":["G100000411855","G100000411856"]},"externalIds":{"gemPlant":"L100000408323","gemUnit":"G100000411855"},"gemWikiUrl":"https://www.gem.wiki/Confidence_Bagura_power_station","geographyId":"BD-32408957B27409320841034","id":"wattlas-plant-gemplant-l100000408323","lifecycleCounts":{"operational":2},"locationPrecision":"exact","name":"Confidence Bagura power station","operatingCapacityCoverage":{"coveragePercent":100.0,"knownUnitCount":2,"method":"complete_unit_sum","provenance":{"evidenceCount":0,"recordIds":["wattlas-record-gemunit-g100000411855","wattlas-record-gemunit-g100000411856"],"sourceIds":["gem-global-integrated-power-tracker"],"sourceTypes":["research_verified"],"valueKind":"reported"},"totalUnitCount":2},"operatingCapacityMw":222.6,"operatingCapacityMwByTechnology":{"oil":222.6},"plannedCapacityCoverage":{"coveragePercent":0.0,"knownUnitCount":0,"method":"unavailable","totalUnitCount":0},"plannedCapacityMw":0.0,"plannedCapacityMwByTechnology":{},"recordCount":2,"recordIds":["wattlas-record-gemunit-g100000411855","wattlas-record-gemunit-g100000411856"],"sourceIds":["gem-global-integrated-power-tracker"],"sourceUrl":"https://www.gem.wiki/Confidence_Bagura_power_station","technologies":["oil"],"technologyMixMw":{"oil":222.6},"unitCount":2,"unitIds":["gem-unit-G100000411855","gem-unit-G100000411856"]},"type":"Feature"},{"geometry":{"coordinates":[90.342789,23.742906],"type":"Point"},"id":"wattlas-plant-gemplant-l100000408324","properties":{"aliases":["1-1","CLC Bosila power station"],"canonicalAnchor":"gemplant:L100000408324","canonicalCountryKey":"BD","capacityMw":105.3,"country":"BD","externalIds":{"gemPlant":"L100000408324","gemUnit":"G100000411857"},"gemWikiUrl":"https://www.gem.wiki/CLC_Bosila_power_station","geographyId":"BD-32408957B77718829177955","id":"wattlas-plant-gemplant-l100000408324","lifecycleCounts":{"operational":1},"locationPrecision":"exact","name":"CLC Bosila power station","operatingCapacityCoverage":{"coveragePercent":100.0,"knownUnitCount":1,"method":"complete_unit_sum","provenance":{"evidenceCount":0,"recordIds":["wattlas-record-gemunit-g100000411857"],"sourceIds":["gem-global-integrated-power-tracker"],"sourceTypes":["research_verified"],"valueKind":"reported"},"totalUnitCount":1},"operatingCapacityMw":105.3,"operatingCapacityMwByTechnology":{"oil":105.3},"plannedCapacityCoverage":{"coveragePercent":0.0,"knownUnitCount":0,"method":"unavailable","totalUnitCount":0},"plannedCapacityMw":0.0,"plannedCapacityMwByTechnology":{},"recordCount":1,"recordIds":["wattlas-record-gemunit-g100000411857"],"sourceIds":["gem-global-integrated-power-tracker"],"sourceUrl":"https://www.gem.wiki/CLC_Bosila_power_station","technologies":["oil"],"technologyMixMw":{"oil":105.3},"unitCount":1,"unitIds":["gem-unit-G100000411857"]},"type":"Feature"},{"geometry":{"coordinates":[91.097491,22.973712],"type":"Point"},"id":"wattlas-plant-gemplant-l100000408325","properties":{"aliases":["1-1","Chowmuhani power station"],"canonicalAnchor":"gemplant:L100000408325","canonicalCountryKey":"BD","capacityMw":117.4,"country":"BD","externalIds":{"gemPlant":"L100000408325","gemUnit":"G100000411858"},"gemWikiUrl":"https://www.gem.wiki/Chowmuhani_power_station","geographyId":"BD-32408957B94023193097291","id":"wattlas-plant-gemplant-l100000408325","lifecycleCounts":{"operational":1},"locationPrecision":"exact","name":"Chowmuhani power station","operatingCapacityCoverage":{"coveragePercent":100.0,"knownUnitCount":1,"method":"complete_unit_sum","provenance":{"evidenceCount":0,"recordIds":["wattlas-record-gemunit-g100000411858"],"sourceIds":["gem-global-integrated-power-tracker"],"sourceTypes":["research_verified"],"valueKind":"reported"},"totalUnitCount":1},"operatingCapacityMw":117.4,"operatingCapacityMwByTechnology":{"oil":117.4},"plannedCapacityCoverage":{"coveragePercent":0.0,"knownUnitCount":0,"method":"unavailable","totalUnitCount":0},"plannedCapacityMw":0.0,"plannedCapacityMwByTechnology":{},"recordCount":1,"recordIds":["wattlas-record-gemunit-g100000411858"],"sourceIds":["gem-global-integrated-power-tracker"],"sourceUrl":"https://www.gem.wiki/Chowmuhani_power_station","technologies":["oil"],"technologyMixMw":{"oil":117.4},"unitCount":1,"unitIds":["gem-unit-G100000411858"]},"type":"Feature"},{"geometry":{"coordinates":[88.404188,24.655853],"type":"Point"},"id":"wattlas-plant-gemplant-l100000408326","properties":{"aliases":["1-1","Chapainawabganj power station"],"canonicalAnchor":"gemplant:L100000408326","canonicalCountryKey":"BD","capacityMw":107.1,"country":"BD","externalIds":{"gemPlant":"L100000408326","gemUnit":"G100000411859"},"gemWikiUrl":"https://www.gem.wiki/Chapainawabganj_power_station","geographyId":"BD-32408957B27409320841034","id":"wattlas-plant-gemplant-l100000408326","lifecycleCounts":{"operational":1},"locationPrecision":"exact","name":"Chapainawabganj power station","operatingCapacityCoverage":{"coveragePercent":100.0,"knownUnitCount":1,"method":"complete_unit_sum","provenance":{"evidenceCount":0,"recordIds":["wattlas-record-gemunit-g100000411859"],"sourceIds":["gem-global-integrated-power-tracker"],"sourceTypes":["research_verified"],"valueKind":"reported"},"totalUnitCount":1},"operatingCapacityMw":107.1,"operatingCapacityMwByTechnology":{"oil":107.1},"plannedCapacityCoverage":{"coveragePercent":0.0,"knownUnitCount":0,"method":"unavailable","totalUnitCount":0},"plannedCapacityMw":0.0,"plannedCapacityMwByTechnology":{},"recordCount":1,"recordIds":["wattlas-record-gemunit-g100000411859"],"sourceIds":["gem-global-integrated-power-tracker"],"sourceUrl":"https://www.gem.wiki/Chapainawabganj_power_station","technologies":["oil"],"technologyMixMw":{"oil":107.1},"unitCount":1,"unitIds":["gem-unit-G100000411859"]},"type":"Feature"},{"geometry":{"coordinates":[91.874943,22.33221],"type":"Point"},"id":"wattlas-plant-gemplant-l100000408327","properties":{"aliases":["1-1","2-1","Confidence Zodiac power station"],"canonicalAnchor":"gemplant:L100000408327","canonicalCountryKey":"BD","capacityMw":59.300000000000004,"country":"BD","externalIdAliases":{"gemUnit":["G100000411852","G100000411853"]},"externalIds":{"gemPlant":"L100000408327","gemUnit":"G100000411852"},"gemWikiUrl":"https://www.gem.wiki/Confidence_Zodiac_power_station","geographyId":"BD-32408957B94023193097291","id":"wattlas-plant-gemplant-l100000408327","lifecycleCounts":{"operational":2},"locationPrecision":"exact","name":"Confidence Zodiac power station","operatingCapacityCoverage":{"coveragePercent":100.0,"knownUnitCount":2,"method":"complete_unit_sum","provenance":{"evidenceCount":0,"recordIds":["wattlas-record-gemunit-g100000411852","wattlas-record-gemunit-g100000411853"],"sourceIds":["gem-global-integrated-power-tracker"],"sourceTypes":["research_verified"],"valueKind":"reported"},"totalUnitCount":2},"operatingCapacityMw":59.300000000000004,"operatingCapacityMwByTechnology":{"oil":59.300000000000004},"plannedCapacityCoverage":{"coveragePercent":0.0,"knownUnitCount":0,"method":"unavailable","totalUnitCount":0},"plannedCapacityMw":0.0,"plannedCapacityMwByTechnology":{},"recordCount":2,"recordIds":["wattlas-record-gemunit-g100000411852","wattlas-record-gemunit-g100000411853"],"sourceIds":["gem-global-integrated-power-tracker"],"sourceUrl":"https://www.gem.wiki/Confidence_Zodiac_power_station","technologies":["oil"],"technologyMixMw":{"oil":59.300000000000004},"unitCount":2,"unitIds":["gem-unit-G100000411852","gem-unit-G100000411853"]},"type":"Feature"},{"geometry":{"coordinates":[89.272738,25.659125],"type":"Point"},"id":"wattlas-plant-gemplant-l100000408328","properties":{"aliases":["1-1","Confidence Rangpur power station"],"canonicalAnchor":"gemplant:L100000408328","canonicalCountryKey":"BD","capacityMw":113.0,"country":"BD","externalIds":{"gemPlant":"L100000408328","gemUnit":"G100000411854"},"gemWikiUrl":"https://www.gem.wiki/Confidence_Rangpur_power_station","geographyId":"BD-32408957B77489436868882","id":"wattlas-plant-gemplant-l100000408328","lifecycleCounts":{"operational":1},"locationPrecision":"exact","name":"Confidence Rangpur power station","operatingCapacityCoverage":{"coveragePercent":100.0,"knownUnitCount":1,"method":"complete_unit_sum","provenance":{"evidenceCount":0,"recordIds":["wattlas-record-gemunit-g100000411854"],"sourceIds":["gem-global-integrated-power-tracker"],"sourceTypes":["research_verified"],"valueKind":"reported"},"totalUnitCount":1},"operatingCapacityMw":113.0,"operatingCapacityMwByTechnology":{"oil":113.0},"plannedCapacityCoverage":{"coveragePercent":0.0,"knownUnitCount":0,"method":"unavailable","totalUnitCount":0},"plannedCapacityMw":0.0,"plannedCapacityMwByTechnology":{},"recordCount":1,"recordIds":["wattlas-record-gemunit-g100000411854"],"sourceIds":["gem-global-integrated-power-tracker"],"sourceUrl":"https://www.gem.wiki/Confidence_Rangpur_power_station","technologies":["oil"],"technologyMixMw":{"oil":113.0},"unitCount":1,"unitIds":["gem-unit-G100000411854"]},"type":"Feature"},{"geometry":{"coordinates":[90.488997,23.598773],"type":"Point"},"id":"wattlas-plant-gemplant-l100000408329","properties":{"aliases":["1-1","2-1","Doreen Chandpur power station"],"canonicalAnchor":"gemplant:L100000408329","canonicalCountryKey":"BD","capacityMw":125.0,"country":"BD","externalIdAliases":{"gemUnit":["G100000411847","G100000411848"]},"externalIds":{"gemPlant":"L100000408329","gemUnit":"G100000411847"},"gemWikiUrl":"https://www.gem.wiki/Doreen_Chandpur_power_station","geographyId":"BD-32408957B77718829177955","id":"wattlas-plant-gemplant-l100000408329","lifecycleCounts":{"operational":2},"locationPrecision":"exact","name":"Doreen Chandpur power station","operatingCapacityCoverage":{"coveragePercent":100.0,"knownUnitCount":2,"method":"complete_unit_sum","provenance":{"evidenceCount":0,"recordIds":["wattlas-record-gemunit-g100000411847","wattlas-record-gemunit-g100000411848"],"sourceIds":["gem-global-integrated-power-tracker"],"sourceTypes":["research_verified"],"valueKind":"reported"},"totalUnitCount":2},"operatingCapacityMw":125.0,"operatingCapacityMwByTechnology":{"oil":125.0},"plannedCapacityCoverage":{"coveragePercent":0.0,"knownUnitCount":0,"method":"unavailable","totalUnitCount":0},"plannedCapacityMw":0.0,"plannedCapacityMwByTechnology":{},"recordCount":2,"recordIds":["wattlas-record-gemunit-g100000411847","wattlas-record-gemunit-g100000411848"],"sourceIds":["gem-global-integrated-power-tracker"],"sourceUrl":"https://www.gem.wiki/Doreen_Chandpur_power_station","technologies":["oil"],"technologyMixMw":{"oil":125.0},"unitCount":2,"unitIds":["gem-unit-G100000411847","gem-unit-G100000411848"]},"type":"Feature"},{"geometry":{"coordinates":[92.071345,22.152248],"type":"Point"},"id":"wattlas-plant-gemplant-l100000408330","properties":{"aliases":["1-1","Dohazari power station"],"canonicalAnchor":"gemplant:L100000408330","canonicalCountryKey":"BD","capacityMw":102.0,"country":"BD","externalIds":{"gemPlant":"L100000408330","gemUnit":"G100000411849"},"gemWikiUrl":"https://www.gem.wiki/Dohazari_power_station","geographyId":"BD-32408957B94023193097291","id":"wattlas-plant-gemplant-l100000408330","lifecycleCounts":{"operational":1},"locationPrecision":"exact","name":"Dohazari power station","operatingCapacityCoverage":{"coveragePercent":100.0,"knownUnitCount":1,"method":"complete_unit_sum","provenance":{"evidenceCount":0,"recordIds":["wattlas-record-gemunit-g100000411849"],"sourceIds":["gem-global-integrated-power-tracker"],"sourceTypes":["research_verified"],"valueKind":"reported"},"totalUnitCount":1},"operatingCapacityMw":102.0,"operatingCapacityMwByTechnology":{"oil":102.0},"plannedCapacityCoverage":{"coveragePercent":0.0,"knownUnitCount":0,"method":"unavailable","totalUnitCount":0},"plannedCapacityMw":0.0,"plannedCapacityMwByTechnology":{},"recordCount":1,"recordIds":["wattlas-record-gemunit-g100000411849"],"sourceIds":["gem-global-integrated-power-tracker"],"sourceUrl":"https://www.gem.wiki/Dohazari_power_station","technologies":["oil"],"technologyMixMw":{"oil":102.0},"unitCount":1,"unitIds":["gem-unit-G100000411849"]},"type":"Feature"},{"geometry":{"coordinates":[90.673872,23.224022],"type":"Point"},"id":"wattlas-plant-gemplant-l100000408332","properties":{"aliases":["1-1","Desh Chandpur power station"],"canonicalAnchor":"gemplant:L100000408332","canonicalCountryKey":"BD","capacityMw":221.0,"country":"BD","externalIds":{"gemPlant":"L100000408332","gemUnit":"G100000411851"},"gemWikiUrl":"https://www.gem.wiki/Desh_Chandpur_power_station","geographyId":"BD-32408957B94023193097291","id":"wattlas-plant-gemplant-l100000408332","lifecycleCounts":{"operational":1},"locationPrecision":"exact","name":"Desh Chandpur power station","operatingCapacityCoverage":{"coveragePercent":100.0,"knownUnitCount":1,"method":"complete_unit_sum","provenance":{"evidenceCount":0,"recordIds":["wattlas-record-gemunit-g100000411851"],"sourceIds":["gem-global-integrated-power-tracker"],"sourceTypes":["research_verified"],"valueKind":"reported"},"totalUnitCount":1},"operatingCapacityMw":221.0,"operatingCapacityMwByTechnology":{"oil":221.0},"plannedCapacityCoverage":{"coveragePercent":0.0,"knownUnitCount":0,"method":"unavailable","totalUnitCount":0},"plannedCapacityMw":0.0,"plannedCapacityMwByTechnology":{},"recordCount":1,"recordIds":["wattlas-record-gemunit-g100000411851"],"sourceIds":["gem-global-integrated-power-tracker"],"sourceUrl":"https://www.gem.wiki/Desh_Chandpur_power_station","technologies":["oil"],"technologyMixMw":{"oil":221.0},"unitCount":1,"unitIds":["gem-unit-G100000411851"]},"type":"Feature"},{"geometry":{"coordinates":[91.918923,24.683104],"type":"Point"},"id":"wattlas-plant-gemplant-l100000408333","properties":{"aliases":["1-1","Fenchuganj (BEDL) power station"],"canonicalAnchor":"gemplant:L100000408333","canonicalCountryKey":"BD","capacityMw":55.1,"country":"BD","externalIds":{"gemPlant":"L100000408333","gemUnit":"G100000411840"},"gemWikiUrl":"https://www.gem.wiki/Fenchuganj_(BEDL)_power_station","geographyId":"BD-32408957B58397560032916","id":"wattlas-plant-gemplant-l100000408333","lifecycleCounts":{"operational":1},"locationPrecision":"exact","name":"Fenchuganj (BEDL) power station","operatingCapacityCoverage":{"coveragePercent":100.0,"knownUnitCount":1,"method":"complete_unit_sum","provenance":{"evidenceCount":0,"recordIds":["wattlas-record-gemunit-g100000411840"],"sourceIds":["gem-global-integrated-power-tracker"],"sourceTypes":["research_verified"],"valueKind":"reported"},"totalUnitCount":1},"operatingCapacityMw":55.1,"operatingCapacityMwByTechnology":{"oil":55.1},"plannedCapacityCoverage":{"coveragePercent":0.0,"knownUnitCount":0,"method":"unavailable","totalUnitCount":0},"plannedCapacityMw":0.0,"plannedCapacityMwByTechnology":{},"recordCount":1,"recordIds":["wattlas-record-gemunit-g100000411840"],"sourceIds":["gem-global-integrated-power-tracker"],"sourceUrl":"https://www.gem.wiki/Fenchuganj_(BEDL)_power_station","technologies":["oil"],"technologyMixMw":{"oil":55.1},"unitCount":1,"unitIds":["gem-unit-G100000411840"]},"type":"Feature"},{"geometry":{"coordinates":[89.773302,23.619185],"type":"Point"},"id":"wattlas-plant-gemplant-l100000408334","properties":{"aliases":["1-1","Faridpur peaking power station"],"canonicalAnchor":"gemplant:L100000408334","canonicalCountryKey":"BD","capacityMw":55.8,"country":"BD","externalIds":{"gemPlant":"L100000408334","gemUnit":"G100000411841"},"gemWikiUrl":"https://www.gem.wiki/Faridpur_peaking_power_station","geographyId":"BD-32408957B77718829177955","id":"wattlas-plant-gemplant-l100000408334","lifecycleCounts":{"operational":1},"locationPrecision":"exact","name":"Faridpur peaking power station","operatingCapacityCoverage":{"coveragePercent":100.0,"knownUnitCount":1,"method":"complete_unit_sum","provenance":{"evidenceCount":0,"recordIds":["wattlas-record-gemunit-g100000411841"],"sourceIds":["gem-global-integrated-power-tracker"],"sourceTypes":["research_verified"],"valueKind":"reported"},"totalUnitCount":1},"operatingCapacityMw":55.8,"operatingCapacityMwByTechnology":{"oil":55.8},"plannedCapacityCoverage":{"coveragePercent":0.0,"knownUnitCount":0,"method":"unavailable","totalUnitCount":0},"plannedCapacityMw":0.0,"plannedCapacityMwByTechnology":{},"recordCount":1,"recordIds":["wattlas-record-gemunit-g100000411841"],"sourceIds":["gem-global-integrated-power-tracker"],"sourceUrl":"https://www.gem.wiki/Faridpur_peaking_power_station","technologies":["oil"],"technologyMixMw":{"oil":55.8},"unitCount":1,"unitIds":["gem-unit-G100000411841"]},"type":"Feature"},{"geometry":{"coordinates":[91.87643,22.334642],"type":"Point"},"id":"wattlas-plant-gemplant-l100000408335","properties":{"aliases":["2-1","EPV Thakurgaon power station"],"canonicalAnchor":"gemplant:L100000408335","canonicalCountryKey":"BD","capacityMw":112.0,"country":"BD","externalIds":{"gemPlant":"L100000408335","gemUnit":"G100000411842"},"gemWikiUrl":"https://www.gem.wiki/EPV_Thakurgaon_power_station","geographyId":"BD-32408957B94023193097291","id":"wattlas-plant-gemplant-l100000408335","lifecycleCounts":{"operational":1},"locationPrecision":"exact","name":"EPV Thakurgaon power station","operatingCapacityCoverage":{"coveragePercent":100.0,"knownUnitCount":1,"method":"complete_unit_sum","provenance":{"evidenceCount":0,"recordIds":["wattlas-record-gemunit-g100000411842"],"sourceIds":["gem-global-integrated-power-tracker"],"sourceTypes":["research_verified"],"valueKind":"reported"},"totalUnitCount":1},"operatingCapacityMw":112.0,"operatingCapacityMwByTechnology":{"oil":112.0},"plannedCapacityCoverage":{"coveragePercent":0.0,"knownUnitCount":0,"method":"unavailable","totalUnitCount":0},"plannedCapacityMw":0.0,"plannedCapacityMwByTechnology":{},"recordCount":1,"recordIds":["wattlas-record-gemunit-g100000411842"],"sourceIds":["gem-global-integrated-power-tracker"],"sourceUrl":"https://www.gem.wiki/EPV_Thakurgaon_power_station","technologies":["oil"],"technologyMixMw":{"oil":112.0},"unitCount":1,"unitIds":["gem-unit-G100000411842"]},"type":"Feature"},{"geometry":{"coordinates":[91.87643,22.334642],"type":"Point"},"id":"wattlas-plant-gemplant-l100000408336","properties":{"aliases":["1-1","EPV Chittagong power station"],"canonicalAnchor":"gemplant:L100000408336","canonicalCountryKey":"BD","capacityMw":112.0,"country":"BD","externalIds":{"gemPlant":"L100000408336","gemUnit":"G100000411843"},"gemWikiUrl":"https://www.gem.wiki/EPV_Chittagong_power_station","geographyId":"BD-32408957B94023193097291","id":"wattlas-plant-gemplant-l100000408336","lifecycleCounts":{"operational":1},"locationPrecision":"exact","name":"EPV Chittagong power station","operatingCapacityCoverage":{"coveragePercent":100.0,"knownUnitCount":1,"method":"complete_unit_sum","provenance":{"evidenceCount":0,"recordIds":["wattlas-record-gemunit-g100000411843"],"sourceIds":["gem-global-integrated-power-tracker"],"sourceTypes":["research_verified"],"valueKind":"reported"},"totalUnitCount":1},"operatingCapacityMw":112.0,"operatingCapacityMwByTechnology":{"oil":112.0},"plannedCapacityCoverage":{"coveragePercent":0.0,"knownUnitCount":0,"method":"unavailable","totalUnitCount":0},"plannedCapacityMw":0.0,"plannedCapacityMwByTechnology":{},"recordCount":1,"recordIds":["wattlas-record-gemunit-g100000411843"],"sourceIds":["gem-global-integrated-power-tracker"],"sourceUrl":"https://www.gem.wiki/EPV_Chittagong_power_station","technologies":["oil"],"technologyMixMw":{"oil":112.0},"unitCount":1,"unitIds":["gem-unit-G100000411843"]},"type":"Feature"},{"geometry":{"coordinates":[91.371012,24.327199],"type":"Point"},"id":"wattlas-plant-gemplant-l100000408337","properties":{"aliases":["1-1","Energyprima Shahjibazar power station"],"canonicalAnchor":"gemplant:L100000408337","canonicalCountryKey":"BD","capacityMw":50.0,"country":"BD","externalIds":{"gemPlant":"L100000408337","gemUnit":"G100000411844"},"gemWikiUrl":"https://www.gem.wiki/Energyprima_Shahjibazar_power_station","geographyId":"BD-32408957B58397560032916","id":"wattlas-plant-gemplant-l100000408337","lifecycleCounts":{"operational":1},"locationPrecision":"exact","name":"Energyprima Shahjibazar power station","operatingCapacityCoverage":{"coveragePercent":100.0,"knownUnitCount":1,"method":"complete_unit_sum","provenance":{"evidenceCount":0,"recordIds":["wattlas-record-gemunit-g100000411844"],"sourceIds":["gem-global-integrated-power-tracker"],"sourceTypes":["research_verified"],"valueKind":"reported"},"totalUnitCount":1},"operatingCapacityMw":50.0,"operatingCapacityMwByTechnology":{"gas":50.0},"plannedCapacityCoverage":{"coveragePercent":0.0,"knownUnitCount":0,"method":"unavailable","totalUnitCount":0},"plannedCapacityMw":0.0,"plannedCapacityMwByTechnology":{},"recordCount":1,"recordIds":["wattlas-record-gemunit-g100000411844"],"sourceIds":["gem-global-integrated-power-tracker"],"sourceUrl":"https://www.gem.wiki/Energyprima_Shahjibazar_power_station","technologies":["gas"],"technologyMixMw":{"gas":50.0},"unitCount":1,"unitIds":["gem-unit-G100000411844"]},"type":"Feature"},{"geometry":{"coordinates":[90.525227,23.671144],"type":"Point"},"id":"wattlas-plant-gemplant-l100000408339","properties":{"aliases":["1-1","Dutch Bangla Siddhirganj power station"],"canonicalAnchor":"gemplant:L100000408339","canonicalCountryKey":"BD","capacityMw":106.8,"country":"BD","externalIds":{"gemPlant":"L100000408339","gemUnit":"G100000411846"},"gemWikiUrl":"https://www.gem.wiki/Dutch_Bangla_Siddhirganj_power_station","geographyId":"BD-32408957B77718829177955","id":"wattlas-plant-gemplant-l100000408339","lifecycleCounts":{"operational":1},"locationPrecision":"exact","name":"Dutch Bangla Siddhirganj power station","operatingCapacityCoverage":{"coveragePercent":100.0,"knownUnitCount":1,"method":"complete_unit_sum","provenance":{"evidenceCount":0,"recordIds":["wattlas-record-gemunit-g100000411846"],"sourceIds":["gem-global-integrated-power-tracker"],"sourceTypes":["research_verified"],"valueKind":"reported"},"totalUnitCount":1},"operatingCapacityMw":106.8,"operatingCapacityMwByTechnology":{"oil":106.8},"plannedCapacityCoverage":{"coveragePercent":0.0,"knownUnitCount":0,"method":"unavailable","totalUnitCount":0},"plannedCapacityMw":0.0,"plannedCapacityMwByTechnology":{},"recordCount":1,"recordIds":["wattlas-record-gemunit-g100000411846"],"sourceIds":["gem-global-integrated-power-tracker"],"sourceUrl":"https://www.gem.wiki/Dutch_Bangla_Siddhirganj_power_station","technologies":["oil"],"technologyMixMw":{"oil":106.8},"unitCount":1,"unitIds":["gem-unit-G100000411846"]},"type":"Feature"},{"geometry":{"coordinates":[90.641427,23.970687],"type":"Point"},"id":"wattlas-plant-gemplant-l100000408340","properties":{"aliases":["1-1","Ghorashal (Regent) power station"],"canonicalAnchor":"gemplant:L100000408340","canonicalCountryKey":"BD","capacityMw":113.9,"country":"BD","externalIds":{"gemPlant":"L100000408340","gemUnit":"G100000411837"},"gemWikiUrl":"https://www.gem.wiki/Ghorashal_(Regent)_power_station","geographyId":"BD-32408957B77718829177955","id":"wattlas-plant-gemplant-l100000408340","lifecycleCounts":{"operational":1},"locationPrecision":"exact","name":"Ghorashal (Regent) power station","operatingCapacityCoverage":{"coveragePercent":100.0,"knownUnitCount":1,"method":"complete_unit_sum","provenance":{"evidenceCount":0,"recordIds":["wattlas-record-gemunit-g100000411837"],"sourceIds":["gem-global-integrated-power-tracker"],"sourceTypes":["research_verified"],"valueKind":"reported"},"totalUnitCount":1},"operatingCapacityMw":113.9,"operatingCapacityMwByTechnology":{"gas":113.9},"plannedCapacityCoverage":{"coveragePercent":0.0,"knownUnitCount":0,"method":"unavailable","totalUnitCount":0},"plannedCapacityMw":0.0,"plannedCapacityMwByTechnology":{},"recordCount":1,"recordIds":["wattlas-record-gemunit-g100000411837"],"sourceIds":["gem-global-integrated-power-tracker"],"sourceUrl":"https://www.gem.wiki/Ghorashal_(Regent)_power_station","technologies":["gas"],"technologyMixMw":{"gas":113.9},"unitCount":1,"unitIds":["gem-unit-G100000411837"]},"type":"Feature"},{"geometry":{"coordinates":[91.346185,23.017307],"type":"Point"},"id":"wattlas-plant-gemplant-l100000408341","properties":{"aliases":["1-1","2-1","Feni Lanka power station"],"canonicalAnchor":"gemplant:L100000408341","canonicalCountryKey":"BD","capacityMw":138.70000000000002,"country":"BD","externalIdAliases":{"gemUnit":["G100000411838","G100000411839"]},"externalIds":{"gemPlant":"L100000408341","gemUnit":"G100000411838"},"gemWikiUrl":"https://www.gem.wiki/Feni_Lanka_power_station","geographyId":"BD-32408957B94023193097291","id":"wattlas-plant-gemplant-l100000408341","lifecycleCounts":{"operational":2},"locationPrecision":"exact","name":"Feni Lanka power station","operatingCapacityCoverage":{"coveragePercent":100.0,"knownUnitCount":2,"method":"complete_unit_sum","provenance":{"evidenceCount":0,"recordIds":["wattlas-record-gemunit-g100000411838","wattlas-record-gemunit-g100000411839"],"sourceIds":["gem-global-integrated-power-tracker"],"sourceTypes":["research_verified"],"valueKind":"reported"},"totalUnitCount":2},"operatingCapacityMw":138.70000000000002,"operatingCapacityMwByTechnology":{"oil":138.70000000000002},"plannedCapacityCoverage":{"coveragePercent":0.0,"knownUnitCount":0,"method":"unavailable","totalUnitCount":0},"plannedCapacityMw":0.0,"plannedCapacityMwByTechnology":{},"recordCount":2,"recordIds":["wattlas-record-gemunit-g100000411838","wattlas-record-gemunit-g100000411839"],"sourceIds":["gem-global-integrated-power-tracker"],"sourceUrl":"https://www.gem.wiki/Feni_Lanka_power_station","technologies":["oil"],"technologyMixMw":{"oil":138.70000000000002},"unitCount":2,"unitIds":["gem-unit-G100000411838","gem-unit-G100000411839"]},"type":"Feature"},{"geometry":{"coordinates":[89.821256,23.030107],"type":"Point"},"id":"wattlas-plant-gemplant-l100000408342","properties":{"aliases":["16-1","Gopalganj power station"],"canonicalAnchor":"gemplant:L100000408342","canonicalCountryKey":"BD","capacityMw":111.7,"country":"BD","externalIds":{"gemPlant":"L100000408342","gemUnit":"G100000411836"},"gemWikiUrl":"https://www.gem.wiki/Gopalganj_power_station","geographyId":"BD-32408957B77718829177955","id":"wattlas-plant-gemplant-l100000408342","lifecycleCounts":{"operational":1},"locationPrecision":"exact","name":"Gopalganj power station","operatingCapacityCoverage":{"coveragePercent":100.0,"knownUnitCount":1,"method":"complete_unit_sum","provenance":{"evidenceCount":0,"recordIds":["wattlas-record-gemunit-g100000411836"],"sourceIds":["gem-global-integrated-power-tracker"],"sourceTypes":["research_verified"],"valueKind":"reported"},"totalUnitCount":1},"operatingCapacityMw":111.7,"operatingCapacityMwByTechnology":{"oil":111.7},"plannedCapacityCoverage":{"coveragePercent":0.0,"knownUnitCount":0,"method":"unavailable","totalUnitCount":0},"plannedCapacityMw":0.0,"plannedCapacityMwByTechnology":{},"recordCount":1,"recordIds":["wattlas-record-gemunit-g100000411836"],"sourceIds":["gem-global-integrated-power-tracker"],"sourceUrl":"https://www.gem.wiki/Gopalganj_power_station","technologies":["oil"],"technologyMixMw":{"oil":111.7},"unitCount":1,"unitIds":["gem-unit-G100000411836"]},"type":"Feature"},{"geometry":{"coordinates":[88.675651,24.367428],"type":"Point"},"id":"wattlas-plant-gemplant-l100000408345","properties":{"aliases":["1-1","Katakhali power station"],"canonicalAnchor":"gemplant:L100000408345","canonicalCountryKey":"BD","capacityMw":52.2,"country":"BD","externalIds":{"gemPlant":"L100000408345","gemUnit":"G100000411825"},"gemWikiUrl":"https://www.gem.wiki/Katakhali_power_station","geographyId":"BD-32408957B27409320841034","id":"wattlas-plant-gemplant-l100000408345","lifecycleCounts":{"operational":1},"locationPrecision":"exact","name":"Katakhali power station","operatingCapacityCoverage":{"coveragePercent":100.0,"knownUnitCount":1,"method":"complete_unit_sum","provenance":{"evidenceCount":0,"recordIds":["wattlas-record-gemunit-g100000411825"],"sourceIds":["gem-global-integrated-power-tracker"],"sourceTypes":["research_verified"],"valueKind":"reported"},"totalUnitCount":1},"operatingCapacityMw":52.2,"operatingCapacityMwByTechnology":{"oil":52.2},"plannedCapacityCoverage":{"coveragePercent":0.0,"knownUnitCount":0,"method":"unavailable","totalUnitCount":0},"plannedCapacityMw":0.0,"plannedCapacityMwByTechnology":{},"recordCount":1,"recordIds":["wattlas-record-gemunit-g100000411825"],"sourceIds":["gem-global-integrated-power-tracker"],"sourceUrl":"https://www.gem.wiki/Katakhali_power_station","technologies":["oil"],"technologyMixMw":{"oil":52.2},"unitCount":1,"unitIds":["gem-unit-G100000411825"]},"type":"Feature"},{"geometry":{"coordinates":[88.676526,24.367281],"type":"Point"},"id":"wattlas-plant-gemplant-l100000408346","properties":{"aliases":["1-1","Katakhali (Northern) power station"],"canonicalAnchor":"gemplant:L100000408346","canonicalCountryKey":"BD","capacityMw":53.4,"country":"BD","externalIds":{"gemPlant":"L100000408346","gemUnit":"G100000411826"},"gemWikiUrl":"https://www.gem.wiki/Katakhali_(Northern)_power_station","geographyId":"BD-32408957B27409320841034","id":"wattlas-plant-gemplant-l100000408346","lifecycleCounts":{"operational":1},"locationPrecision":"exact","name":"Katakhali (Northern) power station","operatingCapacityCoverage":{"coveragePercent":100.0,"knownUnitCount":1,"method":"complete_unit_sum","provenance":{"evidenceCount":0,"recordIds":["wattlas-record-gemunit-g100000411826"],"sourceIds":["gem-global-integrated-power-tracker"],"sourceTypes":["research_verified"],"valueKind":"reported"},"totalUnitCount":1},"operatingCapacityMw":53.4,"operatingCapacityMwByTechnology":{"oil":53.4},"plannedCapacityCoverage":{"coveragePercent":0.0,"knownUnitCount":0,"method":"unavailable","totalUnitCount":0},"plannedCapacityMw":0.0,"plannedCapacityMwByTechnology":{},"recordCount":1,"recordIds":["wattlas-record-gemunit-g100000411826"],"sourceIds":["gem-global-integrated-power-tracker"],"sourceUrl":"https://www.gem.wiki/Katakhali_(Northern)_power_station","technologies":["oil"],"technologyMixMw":{"oil":53.4},"unitCount":1,"unitIds":["gem-unit-G100000411826"]},"type":"Feature"},{"geometry":{"coordinates":[91.888944,22.338476],"type":"Point"},"id":"wattlas-plant-gemplant-l100000408347","properties":{"aliases":["1-1","Karnaphuli power station"],"canonicalAnchor":"gemplant:L100000408347","canonicalCountryKey":"BD","capacityMw":110.5,"country":"BD","externalIds":{"gemPlant":"L100000408347","gemUnit":"G100000411827"},"gemWikiUrl":"https://www.gem.wiki/Karnaphuli_power_station","geographyId":"BD-32408957B94023193097291","id":"wattlas-plant-gemplant-l100000408347","lifecycleCounts":{"operational":1},"locationPrecision":"exact","name":"Karnaphuli power station","operatingCapacityCoverage":{"coveragePercent":100.0,"knownUnitCount":1,"method":"complete_unit_sum","provenance":{"evidenceCount":0,"recordIds":["wattlas-record-gemunit-g100000411827"],"sourceIds":["gem-global-integrated-power-tracker"],"sourceTypes":["research_verified"],"valueKind":"reported"},"totalUnitCount":1},"operatingCapacityMw":110.5,"operatingCapacityMwByTechnology":{"oil":110.5},"plannedCapacityCoverage":{"coveragePercent":0.0,"knownUnitCount":0,"method":"unavailable","totalUnitCount":0},"plannedCapacityMw":0.0,"plannedCapacityMwByTechnology":{},"recordCount":1,"recordIds":["wattlas-record-gemunit-g100000411827"],"sourceIds":["gem-global-integrated-power-tracker"],"sourceUrl":"https://www.gem.wiki/Karnaphuli_power_station","technologies":["oil"],"technologyMixMw":{"oil":110.5},"unitCount":1,"unitIds":["gem-unit-G100000411827"]},"type":"Feature"},{"geometry":{"coordinates":[90.547899,23.819761],"type":"Point"},"id":"wattlas-plant-gemplant-l100000408348","properties":{"aliases":["3-1","Kanchan Purbachal power station"],"canonicalAnchor":"gemplant:L100000408348","canonicalCountryKey":"BD","capacityMw":58.2,"country":"BD","externalIds":{"gemPlant":"L100000408348","gemUnit":"G100000411828"},"gemWikiUrl":"https://www.gem.wiki/Kanchan_Purbachal_power_station","geographyId":"BD-32408957B77718829177955","id":"wattlas-plant-gemplant-l100000408348","lifecycleCounts":{"operational":1},"locationPrecision":"exact","name":"Kanchan Purbachal power station","operatingCapacityCoverage":{"coveragePercent":100.0,"knownUnitCount":1,"method":"complete_unit_sum","provenance":{"evidenceCount":0,"recordIds":["wattlas-record-gemunit-g100000411828"],"sourceIds":["gem-global-integrated-power-tracker"],"sourceTypes":["research_verified"],"valueKind":"reported"},"totalUnitCount":1},"operatingCapacityMw":58.2,"operatingCapacityMwByTechnology":{"oil":58.2},"plannedCapacityCoverage":{"coveragePercent":0.0,"knownUnitCount":0,"method":"unavailable","totalUnitCount":0},"plannedCapacityMw":0.0,"plannedCapacityMwByTechnology":{},"recordCount":1,"recordIds":["wattlas-record-gemunit-g100000411828"],"sourceIds":["gem-global-integrated-power-tracker"],"sourceUrl":"https://www.gem.wiki/Kanchan_Purbachal_power_station","technologies":["oil"],"technologyMixMw":{"oil":58.2},"unitCount":1,"unitIds":["gem-unit-G100000411828"]},"type":"Feature"},{"geometry":{"coordinates":[90.4903,23.5735],"type":"Point"},"id":"wattlas-plant-gemplant-l100000408349","properties":{"aliases":["3-1","Kamalaghat power station"],"canonicalAnchor":"gemplant:L100000408349","canonicalCountryKey":"BD","capacityMw":56.1,"country":"BD","externalIds":{"gemPlant":"L100000408349","gemUnit":"G100000411829"},"gemWikiUrl":"https://www.gem.wiki/Kamalaghat_power_station","geographyId":"BD-32408957B77718829177955","id":"wattlas-plant-gemplant-l100000408349","lifecycleCounts":{"operational":1},"locationPrecision":"exact","name":"Kamalaghat power station","operatingCapacityCoverage":{"coveragePercent":100.0,"knownUnitCount":1,"method":"complete_unit_sum","provenance":{"evidenceCount":0,"recordIds":["wattlas-record-gemunit-g100000411829"],"sourceIds":["gem-global-integrated-power-tracker"],"sourceTypes":["research_verified"],"valueKind":"reported"},"totalUnitCount":1},"operatingCapacityMw":56.1,"operatingCapacityMwByTechnology":{"oil":56.1},"plannedCapacityCoverage":{"coveragePercent":0.0,"knownUnitCount":0,"method":"unavailable","totalUnitCount":0},"plannedCapacityMw":0.0,"plannedCapacityMwByTechnology":{},"recordCount":1,"recordIds":["wattlas-record-gemunit-g100000411829"],"sourceIds":["gem-global-integrated-power-tracker"],"sourceUrl":"https://www.gem.wiki/Kamalaghat_power_station","technologies":["oil"],"technologyMixMw":{"oil":56.1},"unitCount":1,"unitIds":["gem-unit-G100000411829"]},"type":"Feature"},{"geometry":{"coordinates":[91.805393,22.297091],"type":"Point"},"id":"wattlas-plant-gemplant-l100000408350","properties":{"aliases":["1-1","2-1","3-1","Jhulda power plant"],"canonicalAnchor":"gemplant:L100000408350","canonicalCountryKey":"BD","capacityMw":316.79999999999995,"country":"BD","externalIdAliases":{"gemUnit":["G100000411830","G100000411831","G100000411832"]},"externalIds":{"gemPlant":"L100000408350","gemUnit":"G100000411830"},"gemWikiUrl":"https://www.gem.wiki/Jhulda_power_plant","geographyId":"BD-32408957B94023193097291","id":"wattlas-plant-gemplant-l100000408350","lifecycleCounts":{"operational":3},"locationPrecision":"exact","name":"Jhulda power plant","operatingCapacityCoverage":{"coveragePercent":100.0,"knownUnitCount":3,"method":"complete_unit_sum","provenance":{"evidenceCount":0,"recordIds":["wattlas-record-gemunit-g100000411830","wattlas-record-gemunit-g100000411831","wattlas-record-gemunit-g100000411832"],"sourceIds":["gem-global-integrated-power-tracker"],"sourceTypes":["research_verified"],"valueKind":"reported"},"totalUnitCount":3},"operatingCapacityMw":316.79999999999995,"operatingCapacityMwByTechnology":{"oil":316.79999999999995},"plannedCapacityCoverage":{"coveragePercent":0.0,"knownUnitCount":0,"method":"unavailable","totalUnitCount":0},"plannedCapacityMw":0.0,"plannedCapacityMwByTechnology":{},"recordCount":3,"recordIds":["wattlas-record-gemunit-g100000411830","wattlas-record-gemunit-g100000411831","wattlas-record-gemunit-g100000411832"],"sourceIds":["gem-global-integrated-power-tracker"],"sourceUrl":"https://www.gem.wiki/Jhulda_power_plant","technologies":["oil"],"technologyMixMw":{"oil":316.79999999999995},"unitCount":3,"unitIds":["gem-unit-G100000411830","gem-unit-G100000411831","gem-unit-G100000411832"]},"type":"Feature"},{"geometry":{"coordinates":[91.170174,23.431147],"type":"Point"},"id":"wattlas-plant-gemplant-l100000408351","properties":{"aliases":["1-1","Jangalia power station"],"canonicalAnchor":"gemplant:L100000408351","canonicalCountryKey":"BD","capacityMw":53.5,"country":"BD","externalIds":{"gemPlant":"L100000408351","gemUnit":"G100000411833"},"gemWikiUrl":"https://www.gem.wiki/Jangalia_power_station","geographyId":"BD-32408957B94023193097291","id":"wattlas-plant-gemplant-l100000408351","lifecycleCounts":{"operational":1},"locationPrecision":"exact","name":"Jangalia power station","operatingCapacityCoverage":{"coveragePercent":100.0,"knownUnitCount":1,"method":"complete_unit_sum","provenance":{"evidenceCount":0,"recordIds":["wattlas-record-gemunit-g100000411833"],"sourceIds":["gem-global-integrated-power-tracker"],"sourceTypes":["research_verified"],"valueKind":"reported"},"totalUnitCount":1},"operatingCapacityMw":53.5,"operatingCapacityMwByTechnology":{"oil":53.5},"plannedCapacityCoverage":{"coveragePercent":0.0,"knownUnitCount":0,"method":"unavailable","totalUnitCount":0},"plannedCapacityMw":0.0,"plannedCapacityMwByTechnology":{},"recordCount":1,"recordIds":["wattlas-record-gemunit-g100000411833"],"sourceIds":["gem-global-integrated-power-tracker"],"sourceUrl":"https://www.gem.wiki/Jangalia_power_station","technologies":["oil"],"technologyMixMw":{"oil":53.5},"unitCount":1,"unitIds":["gem-unit-G100000411833"]},"type":"Feature"},{"geometry":{"coordinates":[90.343501,23.991123],"type":"Point"},"id":"wattlas-plant-gemplant-l100000408354","properties":{"aliases":["1-1","Kodda power station"],"canonicalAnchor":"gemplant:L100000408354","canonicalCountryKey":"BD","capacityMw":153.5,"country":"BD","externalIds":{"gemPlant":"L100000408354","gemUnit":"G100000411823"},"gemWikiUrl":"https://www.gem.wiki/Kodda_power_station","geographyId":"BD-32408957B77718829177955","id":"wattlas-plant-gemplant-l100000408354","lifecycleCounts":{"operational":1},"locationPrecision":"exact","name":"Kodda power station","operatingCapacityCoverage":{"coveragePercent":100.0,"knownUnitCount":1,"method":"complete_unit_sum","provenance":{"evidenceCount":0,"recordIds":["wattlas-record-gemunit-g100000411823"],"sourceIds":["gem-global-integrated-power-tracker"],"sourceTypes":["research_verified"],"valueKind":"reported"},"totalUnitCount":1},"operatingCapacityMw":153.5,"operatingCapacityMwByTechnology":{"oil":153.5},"plannedCapacityCoverage":{"coveragePercent":0.0,"knownUnitCount":0,"method":"unavailable","totalUnitCount":0},"plannedCapacityMw":0.0,"plannedCapacityMwByTechnology":{},"recordCount":1,"recordIds":["wattlas-record-gemunit-g100000411823"],"sourceIds":["gem-global-integrated-power-tracker"],"sourceUrl":"https://www.gem.wiki/Kodda_power_station","technologies":["oil"],"technologyMixMw":{"oil":153.5},"unitCount":1,"unitIds":["gem-unit-G100000411823"]},"type":"Feature"},{"geometry":{"coordinates":[89.810976,22.934644],"type":"Point"},"id":"wattlas-plant-gemplant-l100000408355","properties":{"aliases":["1-1","Madhumati power plant"],"canonicalAnchor":"gemplant:L100000408355","canonicalCountryKey":"BD","capacityMw":110.5,"country":"BD","externalIds":{"gemPlant":"L100000408355","gemUnit":"G100000411821"},"gemWikiUrl":"https://www.gem.wiki/Madhumati_power_plant","geographyId":"BD-32408957B77718829177955","id":"wattlas-plant-gemplant-l100000408355","lifecycleCounts":{"operational":1},"locationPrecision":"exact","name":"Madhumati power plant","operatingCapacityCoverage":{"coveragePercent":100.0,"knownUnitCount":1,"method":"complete_unit_sum","provenance":{"evidenceCount":0,"recordIds":["wattlas-record-gemunit-g100000411821"],"sourceIds":["gem-global-integrated-power-tracker"],"sourceTypes":["research_verified"],"valueKind":"reported"},"totalUnitCount":1},"operatingCapacityMw":110.5,"operatingCapacityMwByTechnology":{"oil":110.5},"plannedCapacityCoverage":{"coveragePercent":0.0,"knownUnitCount":0,"method":"unavailable","totalUnitCount":0},"plannedCapacityMw":0.0,"plannedCapacityMwByTechnology":{},"recordCount":1,"recordIds":["wattlas-record-gemunit-g100000411821"],"sourceIds":["gem-global-integrated-power-tracker"],"sourceUrl":"https://www.gem.wiki/Madhumati_power_plant","technologies":["oil"],"technologyMixMw":{"oil":110.5},"unitCount":1,"unitIds":["gem-unit-G100000411821"]},"type":"Feature"},{"geometry":{"coordinates":[90.237605,23.793729],"type":"Point"},"id":"wattlas-plant-gemplant-l100000408356","properties":{"aliases":["9-1","Manikganj power station"],"canonicalAnchor":"gemplant:L100000408356","canonicalCountryKey":"BD","capacityMw":162.0,"country":"BD","externalIds":{"gemPlant":"L100000408356","gemUnit":"G100000411819"},"gemWikiUrl":"https://www.gem.wiki/Manikganj_power_station","geographyId":"BD-32408957B77718829177955","id":"wattlas-plant-gemplant-l100000408356","lifecycleCounts":{"operational":1},"locationPrecision":"exact","name":"Manikganj power station","operatingCapacityCoverage":{"coveragePercent":100.0,"knownUnitCount":1,"method":"complete_unit_sum","provenance":{"evidenceCount":0,"recordIds":["wattlas-record-gemunit-g100000411819"],"sourceIds":["gem-global-integrated-power-tracker"],"sourceTypes":["research_verified"],"valueKind":"reported"},"totalUnitCount":1},"operatingCapacityMw":162.0,"operatingCapacityMwByTechnology":{"oil":162.0},"plannedCapacityCoverage":{"coveragePercent":0.0,"knownUnitCount":0,"method":"unavailable","totalUnitCount":0},"plannedCapacityMw":0.0,"plannedCapacityMwByTechnology":{},"recordCount":1,"recordIds":["wattlas-record-gemunit-g100000411819"],"sourceIds":["gem-global-integrated-power-tracker"],"sourceUrl":"https://www.gem.wiki/Manikganj_power_station","technologies":["oil"],"technologyMixMw":{"oil":162.0},"unitCount":1,"unitIds":["gem-unit-G100000411819"]},"type":"Feature"},{"geometry":{"coordinates":[89.594794,24.132738],"type":"Point"},"id":"wattlas-plant-gemplant-l100000408361","properties":{"aliases":["1-1","Paramount Baghabari power station"],"canonicalAnchor":"gemplant:L100000408361","canonicalCountryKey":"BD","capacityMw":216.0,"country":"BD","externalIds":{"gemPlant":"L100000408361","gemUnit":"G100000411807"},"gemWikiUrl":"https://www.gem.wiki/Paramount_Baghabari_power_station","geographyId":"BD-32408957B27409320841034","id":"wattlas-plant-gemplant-l100000408361","lifecycleCounts":{"operational":1},"locationPrecision":"exact","name":"Paramount Baghabari power station","operatingCapacityCoverage":{"coveragePercent":100.0,"knownUnitCount":1,"method":"complete_unit_sum","provenance":{"evidenceCount":0,"recordIds":["wattlas-record-gemunit-g100000411807"],"sourceIds":["gem-global-integrated-power-tracker"],"sourceTypes":["research_verified"],"valueKind":"reported"},"totalUnitCount":1},"operatingCapacityMw":216.0,"operatingCapacityMwByTechnology":{"gas":216.0},"plannedCapacityCoverage":{"coveragePercent":0.0,"knownUnitCount":0,"method":"unavailable","totalUnitCount":0},"plannedCapacityMw":0.0,"plannedCapacityMwByTechnology":{},"recordCount":1,"recordIds":["wattlas-record-gemunit-g100000411807"],"sourceIds":["gem-global-integrated-power-tracker"],"sourceUrl":"https://www.gem.wiki/Paramount_Baghabari_power_station","technologies":["gas"],"technologyMixMw":{"gas":216.0},"unitCount":1,"unitIds":["gem-unit-G100000411807"]},"type":"Feature"},{"geometry":{"coordinates":[90.452918,23.654365],"type":"Point"},"id":"wattlas-plant-gemplant-l100000408362","properties":{"aliases":["1-1","Pangaon power station"],"canonicalAnchor":"gemplant:L100000408362","canonicalCountryKey":"BD","capacityMw":0.0,"country":"BD","externalIds":{"gemPlant":"L100000408362","gemUnit":"G100000411808"},"gemWikiUrl":"https://www.gem.wiki/Pangaon_power_station","geographyId":"BD-32408957B77718829177955","id":"wattlas-plant-gemplant-l100000408362","lifecycleCounts":{"paused":1},"locationPrecision":"exact","name":"Pangaon power station","operatingCapacityCoverage":{"coveragePercent":0.0,"knownUnitCount":0,"method":"unavailable","totalUnitCount":0},"operatingCapacityMw":0.0,"operatingCapacityMwByTechnology":{},"plannedCapacityCoverage":{"coveragePercent":0.0,"knownUnitCount":0,"method":"unavailable","totalUnitCount":0},"plannedCapacityMw":0.0,"plannedCapacityMwByTechnology":{},"recordCount":1,"recordIds":["wattlas-record-gemunit-g100000411808"],"sourceIds":["gem-global-integrated-power-tracker"],"sourceUrl":"https://www.gem.wiki/Pangaon_power_station","technologies":["gas"],"technologyMixMw":{"gas":0.0},"unitCount":1,"unitIds":["gem-unit-G100000411808"]},"type":"Feature"},{"geometry":{"coordinates":[90.573162,23.607029],"type":"Point"},"id":"wattlas-plant-gemplant-l100000408363","properties":{"aliases":["1-1","Orion Power Sonargaon power station"],"canonicalAnchor":"gemplant:L100000408363","canonicalCountryKey":"BD","capacityMw":109.8,"country":"BD","externalIds":{"gemPlant":"L100000408363","gemUnit":"G100000411809"},"gemWikiUrl":"https://www.gem.wiki/Orion_Power_Sonargaon_power_station","geographyId":"BD-32408957B77718829177955","id":"wattlas-plant-gemplant-l100000408363","lifecycleCounts":{"operational":1},"locationPrecision":"exact","name":"Orion Power Sonargaon power station","operatingCapacityCoverage":{"coveragePercent":100.0,"knownUnitCount":1,"method":"complete_unit_sum","provenance":{"evidenceCount":0,"recordIds":["wattlas-record-gemunit-g100000411809"],"sourceIds":["gem-global-integrated-power-tracker"],"sourceTypes":["research_verified"],"valueKind":"reported"},"totalUnitCount":1},"operatingCapacityMw":109.8,"operatingCapacityMwByTechnology":{"oil":109.8},"plannedCapacityCoverage":{"coveragePercent":0.0,"knownUnitCount":0,"method":"unavailable","totalUnitCount":0},"plannedCapacityMw":0.0,"plannedCapacityMwByTechnology":{},"recordCount":1,"recordIds":["wattlas-record-gemunit-g100000411809"],"sourceIds":["gem-global-integrated-power-tracker"],"sourceUrl":"https://www.gem.wiki/Orion_Power_Sonargaon_power_station","technologies":["oil"],"technologyMixMw":{"oil":109.8},"unitCount":1,"unitIds":["gem-unit-G100000411809"]},"type":"Feature"},{"geometry":{"coordinates":[89.584801,22.767114],"type":"Point"},"id":"wattlas-plant-gemplant-l100000408364","properties":{"aliases":["1-1","Orion Power Rupsha power station"],"canonicalAnchor":"gemplant:L100000408364","canonicalCountryKey":"BD","capacityMw":110.5,"country":"BD","externalIds":{"gemPlant":"L100000408364","gemUnit":"G100000411810"},"gemWikiUrl":"https://www.gem.wiki/Orion_Power_Rupsha_power_station","geographyId":"BD-32408957B3859287816056","id":"wattlas-plant-gemplant-l100000408364","lifecycleCounts":{"operational":1},"locationPrecision":"exact","name":"Orion Power Rupsha power station","operatingCapacityCoverage":{"coveragePercent":100.0,"knownUnitCount":1,"method":"complete_unit_sum","provenance":{"evidenceCount":0,"recordIds":["wattlas-record-gemunit-g100000411810"],"sourceIds":["gem-global-integrated-power-tracker"],"sourceTypes":["research_verified"],"valueKind":"reported"},"totalUnitCount":1},"operatingCapacityMw":110.5,"operatingCapacityMwByTechnology":{"oil":110.5},"plannedCapacityCoverage":{"coveragePercent":0.0,"knownUnitCount":0,"method":"unavailable","totalUnitCount":0},"plannedCapacityMw":0.0,"plannedCapacityMwByTechnology":{},"recordCount":1,"recordIds":["wattlas-record-gemunit-g100000411810"],"sourceIds":["gem-global-integrated-power-tracker"],"sourceUrl":"https://www.gem.wiki/Orion_Power_Rupsha_power_station","technologies":["oil"],"technologyMixMw":{"oil":110.5},"unitCount":1,"unitIds":["gem-unit-G100000411810"]},"type":"Feature"},{"geometry":{"coordinates":[90.593226,23.611555],"type":"Point"},"id":"wattlas-plant-gemplant-l100000408365","properties":{"aliases":["1-1","Orion Power Meghnaghat power station"],"canonicalAnchor":"gemplant:L100000408365","canonicalCountryKey":"BD","capacityMw":107.1,"country":"BD","externalIds":{"gemPlant":"L100000408365","gemUnit":"G100000411811"},"gemWikiUrl":"https://www.gem.wiki/Orion_Power_Meghnaghat_power_station","geographyId":"BD-32408957B77718829177955","id":"wattlas-plant-gemplant-l100000408365","lifecycleCounts":{"operational":1},"locationPrecision":"exact","name":"Orion Power Meghnaghat power station","operatingCapacityCoverage":{"coveragePercent":100.0,"knownUnitCount":1,"method":"complete_unit_sum","provenance":{"evidenceCount":0,"recordIds":["wattlas-record-gemunit-g100000411811"],"sourceIds":["gem-global-integrated-power-tracker"],"sourceTypes":["research_verified"],"valueKind":"reported"},"totalUnitCount":1},"operatingCapacityMw":107.1,"operatingCapacityMwByTechnology":{"oil":107.1},"plannedCapacityCoverage":{"coveragePercent":0.0,"knownUnitCount":0,"method":"unavailable","totalUnitCount":0},"plannedCapacityMw":0.0,"plannedCapacityMwByTechnology":{},"recordCount":1,"recordIds":["wattlas-record-gemunit-g100000411811"],"sourceIds":["gem-global-integrated-power-tracker"],"sourceUrl":"https://www.gem.wiki/Orion_Power_Meghnaghat_power_station","technologies":["oil"],"technologyMixMw":{"oil":107.1},"unitCount":1,"unitIds":["gem-unit-G100000411811"]},"type":"Feature"},{"geometry":{"coordinates":[90.485242,23.598282],"type":"Point"},"id":"wattlas-plant-gemplant-l100000408366","properties":{"aliases":["1-1","Orion Gagnagar power station"],"canonicalAnchor":"gemplant:L100000408366","canonicalCountryKey":"BD","capacityMw":107.1,"country":"BD","externalIds":{"gemPlant":"L100000408366","gemUnit":"G100000411812"},"gemWikiUrl":"https://www.gem.wiki/Orion_Gagnagar_power_station","geographyId":"BD-32408957B77718829177955","id":"wattlas-plant-gemplant-l100000408366","lifecycleCounts":{"operational":1},"locationPrecision":"exact","name":"Orion Gagnagar power station","operatingCapacityCoverage":{"coveragePercent":100.0,"knownUnitCount":1,"method":"complete_unit_sum","provenance":{"evidenceCount":0,"recordIds":["wattlas-record-gemunit-g100000411812"],"sourceIds":["gem-global-integrated-power-tracker"],"sourceTypes":["research_verified"],"valueKind":"reported"},"totalUnitCount":1},"operatingCapacityMw":107.1,"operatingCapacityMwByTechnology":{"oil":107.1},"plannedCapacityCoverage":{"coveragePercent":0.0,"knownUnitCount":0,"method":"unavailable","totalUnitCount":0},"plannedCapacityMw":0.0,"plannedCapacityMwByTechnology":{},"recordCount":1,"recordIds":["wattlas-record-gemunit-g100000411812"],"sourceIds":["gem-global-integrated-power-tracker"],"sourceUrl":"https://www.gem.wiki/Orion_Gagnagar_power_station","technologies":["oil"],"technologyMixMw":{"oil":107.1},"unitCount":1,"unitIds":["gem-unit-G100000411812"]},"type":"Feature"},{"geometry":{"coordinates":[88.986553,24.39495],"type":"Point"},"id":"wattlas-plant-gemplant-l100000408368","properties":{"aliases":["6-1","Natore power station"],"canonicalAnchor":"gemplant:L100000408368","canonicalCountryKey":"BD","capacityMw":53.5,"country":"BD","externalIds":{"gemPlant":"L100000408368","gemUnit":"G100000411814"},"gemWikiUrl":"https://www.gem.wiki/Natore_power_station","geographyId":"BD-32408957B27409320841034","id":"wattlas-plant-gemplant-l100000408368","lifecycleCounts":{"operational":1},"locationPrecision":"exact","name":"Natore power station","operatingCapacityCoverage":{"coveragePercent":100.0,"knownUnitCount":1,"method":"complete_unit_sum","provenance":{"evidenceCount":0,"recordIds":["wattlas-record-gemunit-g100000411814"],"sourceIds":["gem-global-integrated-power-tracker"],"sourceTypes":["research_verified"],"valueKind":"reported"},"totalUnitCount":1},"operatingCapacityMw":53.5,"operatingCapacityMwByTechnology":{"oil":53.5},"plannedCapacityCoverage":{"coveragePercent":0.0,"knownUnitCount":0,"method":"unavailable","totalUnitCount":0},"plannedCapacityMw":0.0,"plannedCapacityMwByTechnology":{},"recordCount":1,"recordIds":["wattlas-record-gemunit-g100000411814"],"sourceIds":["gem-global-integrated-power-tracker"],"sourceUrl":"https://www.gem.wiki/Natore_power_station","technologies":["oil"],"technologyMixMw":{"oil":53.5},"unitCount":1,"unitIds":["gem-unit-G100000411814"]},"type":"Feature"},{"geometry":{"coordinates":[90.524271,23.682574],"type":"Point"},"id":"wattlas-plant-gemplant-l100000408369","properties":{"aliases":["1-1","Narayanganj power station"],"canonicalAnchor":"gemplant:L100000408369","canonicalCountryKey":"BD","capacityMw":99.8,"country":"BD","externalIds":{"gemPlant":"L100000408369","gemUnit":"G100000411815"},"gemWikiUrl":"https://www.gem.wiki/Narayanganj_power_station","geographyId":"BD-32408957B77718829177955","id":"wattlas-plant-gemplant-l100000408369","lifecycleCounts":{"operational":1},"locationPrecision":"exact","name":"Narayanganj power station","operatingCapacityCoverage":{"coveragePercent":100.0,"knownUnitCount":1,"method":"complete_unit_sum","provenance":{"evidenceCount":0,"recordIds":["wattlas-record-gemunit-g100000411815"],"sourceIds":["gem-global-integrated-power-tracker"],"sourceTypes":["research_verified"],"valueKind":"reported"},"totalUnitCount":1},"operatingCapacityMw":99.8,"operatingCapacityMwByTechnology":{"gas":99.8},"plannedCapacityCoverage":{"coveragePercent":0.0,"knownUnitCount":0,"method":"unavailable","totalUnitCount":0},"plannedCapacityMw":0.0,"plannedCapacityMwByTechnology":{},"recordCount":1,"recordIds":["wattlas-record-gemunit-g100000411815"],"sourceIds":["gem-global-integrated-power-tracker"],"sourceUrl":"https://www.gem.wiki/Narayanganj_power_station","technologies":["gas"],"technologyMixMw":{"gas":99.8},"unitCount":1,"unitIds":["gem-unit-G100000411815"]},"type":"Feature"},{"geometry":{"coordinates":[91.018509,24.045952],"type":"Point"},"id":"wattlas-plant-gemplant-l100000408370","properties":{"aliases":["1-1","Precision energy power station"],"canonicalAnchor":"gemplant:L100000408370","canonicalCountryKey":"BD","capacityMw":60.0,"country":"BD","externalIds":{"gemPlant":"L100000408370","gemUnit":"G100000411802"},"gemWikiUrl":"https://www.gem.wiki/Precision_energy_power_station","geographyId":"BD-32408957B94023193097291","id":"wattlas-plant-gemplant-l100000408370","lifecycleCounts":{"operational":1},"locationPrecision":"exact","name":"Precision energy power station","operatingCapacityCoverage":{"coveragePercent":100.0,"knownUnitCount":1,"method":"complete_unit_sum","provenance":{"evidenceCount":0,"recordIds":["wattlas-record-gemunit-g100000411802"],"sourceIds":["gem-global-integrated-power-tracker"],"sourceTypes":["research_verified"],"valueKind":"reported"},"totalUnitCount":1},"operatingCapacityMw":60.0,"operatingCapacityMwByTechnology":{"gas":60.0},"plannedCapacityCoverage":{"coveragePercent":0.0,"knownUnitCount":0,"method":"unavailable","totalUnitCount":0},"plannedCapacityMw":0.0,"plannedCapacityMwByTechnology":{},"recordCount":1,"recordIds":["wattlas-record-gemunit-g100000411802"],"sourceIds":["gem-global-integrated-power-tracker"],"sourceUrl":"https://www.gem.wiki/Precision_energy_power_station","technologies":["gas"],"technologyMixMw":{"gas":60.0},"unitCount":1,"unitIds":["gem-unit-G100000411802"]},"type":"Feature"},{"geometry":{"coordinates":[90.347748,23.647921],"type":"Point"},"id":"wattlas-plant-gemplant-l100000408372","properties":{"aliases":["1-1","2-1","PowerPac Keraniganj power station"],"canonicalAnchor":"gemplant:L100000408372","canonicalCountryKey":"BD","capacityMw":108.0,"country":"BD","externalIdAliases":{"gemUnit":["G100000411804","G100000411805"]},"externalIds":{"gemPlant":"L100000408372","gemUnit":"G100000411804"},"gemWikiUrl":"https://www.gem.wiki/PowerPac_Keraniganj_power_station","geographyId":"BD-32408957B77718829177955","id":"wattlas-plant-gemplant-l100000408372","lifecycleCounts":{"operational":1,"paused":1},"locationPrecision":"exact","name":"PowerPac Keraniganj power station","operatingCapacityCoverage":{"coveragePercent":100.0,"knownUnitCount":1,"method":"complete_unit_sum","provenance":{"evidenceCount":0,"recordIds":["wattlas-record-gemunit-g100000411805"],"sourceIds":["gem-global-integrated-power-tracker"],"sourceTypes":["research_verified"],"valueKind":"reported"},"totalUnitCount":1},"operatingCapacityMw":108.0,"operatingCapacityMwByTechnology":{"oil":108.0},"plannedCapacityCoverage":{"coveragePercent":0.0,"knownUnitCount":0,"method":"unavailable","totalUnitCount":0},"plannedCapacityMw":0.0,"plannedCapacityMwByTechnology":{},"recordCount":2,"recordIds":["wattlas-record-gemunit-g100000411804","wattlas-record-gemunit-g100000411805"],"sourceIds":["gem-global-integrated-power-tracker"],"sourceUrl":"https://www.gem.wiki/PowerPac_Keraniganj_power_station","technologies":["gas","oil"],"technologyMixMw":{"oil":108.0},"unitCount":2,"unitIds":["gem-unit-G100000411804","gem-unit-G100000411805"]},"type":"Feature"},{"geometry":{"coordinates":[89.961385,24.910505],"type":"Point"},"id":"wattlas-plant-gemplant-l100000408373","properties":{"aliases":["1-1","PowerPac Jamalpur power station"],"canonicalAnchor":"gemplant:L100000408373","canonicalCountryKey":"BD","capacityMw":107.1,"country":"BD","externalIds":{"gemPlant":"L100000408373","gemUnit":"G100000411806"},"gemWikiUrl":"https://www.gem.wiki/PowerPac_Jamalpur_power_station","geographyId":"BD-32408957B83626866084602","id":"wattlas-plant-gemplant-l100000408373","lifecycleCounts":{"operational":1},"locationPrecision":"exact","name":"PowerPac Jamalpur power station","operatingCapacityCoverage":{"coveragePercent":100.0,"knownUnitCount":1,"method":"complete_unit_sum","provenance":{"evidenceCount":0,"recordIds":["wattlas-record-gemunit-g100000411806"],"sourceIds":["gem-global-integrated-power-tracker"],"sourceTypes":["research_verified"],"valueKind":"reported"},"totalUnitCount":1},"operatingCapacityMw":107.1,"operatingCapacityMwByTechnology":{"oil":107.1},"plannedCapacityCoverage":{"coveragePercent":0.0,"knownUnitCount":0,"method":"unavailable","totalUnitCount":0},"plannedCapacityMw":0.0,"plannedCapacityMwByTechnology":{},"recordCount":1,"recordIds":["wattlas-record-gemunit-g100000411806"],"sourceIds":["gem-global-integrated-power-tracker"],"sourceUrl":"https://www.gem.wiki/PowerPac_Jamalpur_power_station","technologies":["oil"],"technologyMixMw":{"oil":107.1},"unitCount":1,"unitIds":["gem-unit-G100000411806"]},"type":"Feature"},{"geometry":{"coordinates":[90.344339,23.990993],"type":"Point"},"id":"wattlas-plant-gemplant-l100000408374","properties":{"aliases":["1-1","2-1","RPCL Gazipur power station"],"canonicalAnchor":"gemplant:L100000408374","canonicalCountryKey":"BD","capacityMw":163.9,"country":"BD","externalIdAliases":{"gemUnit":["G100000411800","G100000411801"]},"externalIds":{"gemPlant":"L100000408374","gemUnit":"G100000411800"},"gemWikiUrl":"https://www.gem.wiki/RPCL_Gazipur_power_station","geographyId":"BD-32408957B77718829177955","id":"wattlas-plant-gemplant-l100000408374","lifecycleCounts":{"operational":2},"locationPrecision":"exact","name":"RPCL Gazipur power station","operatingCapacityCoverage":{"coveragePercent":100.0,"knownUnitCount":2,"method":"complete_unit_sum","provenance":{"evidenceCount":0,"recordIds":["wattlas-record-gemunit-g100000411800","wattlas-record-gemunit-g100000411801"],"sourceIds":["gem-global-integrated-power-tracker"],"sourceTypes":["research_verified"],"valueKind":"reported"},"totalUnitCount":2},"operatingCapacityMw":163.9,"operatingCapacityMwByTechnology":{"oil":163.9},"plannedCapacityCoverage":{"coveragePercent":0.0,"knownUnitCount":0,"method":"unavailable","totalUnitCount":0},"plannedCapacityMw":0.0,"plannedCapacityMwByTechnology":{},"recordCount":2,"recordIds":["wattlas-record-gemunit-g100000411800","wattlas-record-gemunit-g100000411801"],"sourceIds":["gem-global-integrated-power-tracker"],"sourceUrl":"https://www.gem.wiki/RPCL_Gazipur_power_station","technologies":["oil"],"technologyMixMw":{"oil":163.9},"unitCount":2,"unitIds":["gem-unit-G100000411800","gem-unit-G100000411801"]},"type":"Feature"},{"geometry":{"coordinates":[88.984258,24.79772],"type":"Point"},"id":"wattlas-plant-gemplant-l100000408376","properties":{"aliases":["1-1","Santahar Peaking power station"],"canonicalAnchor":"gemplant:L100000408376","canonicalCountryKey":"BD","capacityMw":52.2,"country":"BD","externalIds":{"gemPlant":"L100000408376","gemUnit":"G100000411799"},"gemWikiUrl":"https://www.gem.wiki/Santahar_Peaking_power_station","geographyId":"BD-32408957B27409320841034","id":"wattlas-plant-gemplant-l100000408376","lifecycleCounts":{"operational":1},"locationPrecision":"exact","name":"Santahar Peaking power station","operatingCapacityCoverage":{"coveragePercent":100.0,"knownUnitCount":1,"method":"complete_unit_sum","provenance":{"evidenceCount":0,"recordIds":["wattlas-record-gemunit-g100000411799"],"sourceIds":["gem-global-integrated-power-tracker"],"sourceTypes":["research_verified"],"valueKind":"reported"},"totalUnitCount":1},"operatingCapacityMw":52.2,"operatingCapacityMwByTechnology":{"oil":52.2},"plannedCapacityCoverage":{"coveragePercent":0.0,"knownUnitCount":0,"method":"unavailable","totalUnitCount":0},"plannedCapacityMw":0.0,"plannedCapacityMwByTechnology":{},"recordCount":1,"recordIds":["wattlas-record-gemunit-g100000411799"],"sourceIds":["gem-global-integrated-power-tracker"],"sourceUrl":"https://www.gem.wiki/Santahar_Peaking_power_station","technologies":["oil"],"technologyMixMw":{"oil":52.2},"unitCount":1,"unitIds":["gem-unit-G100000411799"]},"type":"Feature"},{"geometry":{"coordinates":[91.877772,22.335919],"type":"Point"},"id":"wattlas-plant-gemplant-l100000408377","properties":{"aliases":["1-1","Shikalbaha power station"],"canonicalAnchor":"gemplant:L100000408377","canonicalCountryKey":"BD","capacityMw":110.5,"country":"BD","externalIds":{"gemPlant":"L100000408377","gemUnit":"G100000411797"},"gemWikiUrl":"https://www.gem.wiki/Shikalbaha_power_station","geographyId":"BD-32408957B94023193097291","id":"wattlas-plant-gemplant-l100000408377","lifecycleCounts":{"operational":1},"locationPrecision":"exact","name":"Shikalbaha power station","operatingCapacityCoverage":{"coveragePercent":100.0,"knownUnitCount":1,"method":"complete_unit_sum","provenance":{"evidenceCount":0,"recordIds":["wattlas-record-gemunit-g100000411797"],"sourceIds":["gem-global-integrated-power-tracker"],"sourceTypes":["research_verified"],"valueKind":"reported"},"totalUnitCount":1},"operatingCapacityMw":110.5,"operatingCapacityMwByTechnology":{"oil":110.5},"plannedCapacityCoverage":{"coveragePercent":0.0,"knownUnitCount":0,"method":"unavailable","totalUnitCount":0},"plannedCapacityMw":0.0,"plannedCapacityMwByTechnology":{},"recordCount":1,"recordIds":["wattlas-record-gemunit-g100000411797"],"sourceIds":["gem-global-integrated-power-tracker"],"sourceUrl":"https://www.gem.wiki/Shikalbaha_power_station","technologies":["oil"],"technologyMixMw":{"oil":110.5},"unitCount":1,"unitIds":["gem-unit-G100000411797"]},"type":"Feature"},{"geometry":{"coordinates":[90.515034,23.596184],"type":"Point"},"id":"wattlas-plant-gemplant-l100000408378","properties":{"aliases":["1-1","1-2","2-2","Summit Madanganj power plant"],"canonicalAnchor":"gemplant:L100000408378","canonicalCountryKey":"BD","capacityMw":198.70000000000002,"country":"BD","externalIdAliases":{"gemUnit":["G100000411789","G100000411790","G100000411791"]},"externalIds":{"gemPlant":"L100000408378","gemUnit":"G100000411789"},"gemWikiUrl":"https://www.gem.wiki/Summit_Madanganj_power_plant","geographyId":"BD-32408957B77718829177955","id":"wattlas-plant-gemplant-l100000408378","lifecycleCounts":{"operational":3},"locationPrecision":"exact","name":"Summit Madanganj power plant","operatingCapacityCoverage":{"coveragePercent":100.0,"knownUnitCount":3,"method":"complete_unit_sum","provenance":{"evidenceCount":0,"recordIds":["wattlas-record-gemunit-g100000411789","wattlas-record-gemunit-g100000411790","wattlas-record-gemunit-g100000411791"],"sourceIds":["gem-global-integrated-power-tracker"],"sourceTypes":["research_verified"],"valueKind":"reported"},"totalUnitCount":3},"operatingCapacityMw":198.70000000000002,"operatingCapacityMwByTechnology":{"oil":198.7},"plannedCapacityCoverage":{"coveragePercent":0.0,"knownUnitCount":0,"method":"unavailable","totalUnitCount":0},"plannedCapacityMw":0.0,"plannedCapacityMwByTechnology":{},"recordCount":3,"recordIds":["wattlas-record-gemunit-g100000411789","wattlas-record-gemunit-g100000411790","wattlas-record-gemunit-g100000411791"],"sourceIds":["gem-global-integrated-power-tracker"],"sourceUrl":"https://www.gem.wiki/Summit_Madanganj_power_plant","technologies":["oil"],"technologyMixMw":{"oil":198.7},"unitCount":3,"unitIds":["gem-unit-G100000411789","gem-unit-G100000411790","gem-unit-G100000411791"]},"type":"Feature"},{"geometry":{"coordinates":[89.538835,22.866567],"type":"Point"},"id":"wattlas-plant-gemplant-l100000408379","properties":{"aliases":["1-1","Summit Khulna (KPCL) power station"],"canonicalAnchor":"gemplant:L100000408379","canonicalCountryKey":"BD","capacityMw":119.0,"country":"BD","externalIds":{"gemPlant":"L100000408379","gemUnit":"G100000411792"},"gemWikiUrl":"https://www.gem.wiki/Summit_Khulna_(KPCL)_power_station","geographyId":"BD-32408957B3859287816056","id":"wattlas-plant-gemplant-l100000408379","lifecycleCounts":{"operational":1},"locationPrecision":"exact","name":"Summit Khulna (KPCL) power station","operatingCapacityCoverage":{"coveragePercent":100.0,"knownUnitCount":1,"method":"complete_unit_sum","provenance":{"evidenceCount":0,"recordIds":["wattlas-record-gemunit-g100000411792"],"sourceIds":["gem-global-integrated-power-tracker"],"sourceTypes":["research_verified"],"valueKind":"reported"},"totalUnitCount":1},"operatingCapacityMw":119.0,"operatingCapacityMwByTechnology":{"oil":119.0},"plannedCapacityCoverage":{"coveragePercent":0.0,"knownUnitCount":0,"method":"unavailable","totalUnitCount":0},"plannedCapacityMw":0.0,"plannedCapacityMwByTechnology":{},"recordCount":1,"recordIds":["wattlas-record-gemunit-g100000411792"],"sourceIds":["gem-global-integrated-power-tracker"],"sourceUrl":"https://www.gem.wiki/Summit_Khulna_(KPCL)_power_station","technologies":["oil"],"technologyMixMw":{"oil":119.0},"unitCount":1,"unitIds":["gem-unit-G100000411792"]},"type":"Feature"},{"geometry":{"coordinates":[90.337828,23.994702],"type":"Point"},"id":"wattlas-plant-gemplant-l100000408380","properties":{"aliases":["1-1","Summit Gazipur II power station"],"canonicalAnchor":"gemplant:L100000408380","canonicalCountryKey":"BD","capacityMw":307.4,"country":"BD","externalIds":{"gemPlant":"L100000408380","gemUnit":"G100000411793"},"gemWikiUrl":"https://www.gem.wiki/Summit_Gazipur_II_power_station","geographyId":"BD-32408957B77718829177955","id":"wattlas-plant-gemplant-l100000408380","lifecycleCounts":{"operational":1},"locationPrecision":"exact","name":"Summit Gazipur II power station","operatingCapacityCoverage":{"coveragePercent":100.0,"knownUnitCount":1,"method":"complete_unit_sum","provenance":{"evidenceCount":0,"recordIds":["wattlas-record-gemunit-g100000411793"],"sourceIds":["gem-global-integrated-power-tracker"],"sourceTypes":["research_verified"],"valueKind":"reported"},"totalUnitCount":1},"operatingCapacityMw":307.4,"operatingCapacityMwByTechnology":{"oil":307.4},"plannedCapacityCoverage":{"coveragePercent":0.0,"knownUnitCount":0,"method":"unavailable","totalUnitCount":0},"plannedCapacityMw":0.0,"plannedCapacityMwByTechnology":{},"recordCount":1,"recordIds":["wattlas-record-gemunit-g100000411793"],"sourceIds":["gem-global-integrated-power-tracker"],"sourceUrl":"https://www.gem.wiki/Summit_Gazipur_II_power_station","technologies":["oil"],"technologyMixMw":{"oil":307.4},"unitCount":1,"unitIds":["gem-unit-G100000411793"]},"type":"Feature"},{"geometry":{"coordinates":[90.337796,23.99458],"type":"Point"},"id":"wattlas-plant-gemplant-l100000408381","properties":{"aliases":["1-1","Summit Gazipur I power station"],"canonicalAnchor":"gemplant:L100000408381","canonicalCountryKey":"BD","capacityMw":147.3,"country":"BD","externalIds":{"gemPlant":"L100000408381","gemUnit":"G100000411794"},"gemWikiUrl":"https://www.gem.wiki/Summit_Gazipur_I_power_station","geographyId":"BD-32408957B77718829177955","id":"wattlas-plant-gemplant-l100000408381","lifecycleCounts":{"operational":1},"locationPrecision":"exact","name":"Summit Gazipur I power station","operatingCapacityCoverage":{"coveragePercent":100.0,"knownUnitCount":1,"method":"complete_unit_sum","provenance":{"evidenceCount":0,"recordIds":["wattlas-record-gemunit-g100000411794"],"sourceIds":["gem-global-integrated-power-tracker"],"sourceTypes":["research_verified"],"valueKind":"reported"},"totalUnitCount":1},"operatingCapacityMw":147.3,"operatingCapacityMwByTechnology":{"oil":147.3},"plannedCapacityCoverage":{"coveragePercent":0.0,"knownUnitCount":0,"method":"unavailable","totalUnitCount":0},"plannedCapacityMw":0.0,"plannedCapacityMwByTechnology":{},"recordCount":1,"recordIds":["wattlas-record-gemunit-g100000411794"],"sourceIds":["gem-global-integrated-power-tracker"],"sourceUrl":"https://www.gem.wiki/Summit_Gazipur_I_power_station","technologies":["oil"],"technologyMixMw":{"oil":147.3},"unitCount":1,"unitIds":["gem-unit-G100000411794"]},"type":"Feature"},{"geometry":{"coordinates":[90.335928,22.659245],"type":"Point"},"id":"wattlas-plant-gemplant-l100000408382","properties":{"aliases":["1-1","Summit Barisal power plant"],"canonicalAnchor":"gemplant:L100000408382","canonicalCountryKey":"BD","capacityMw":119.5,"country":"BD","externalIds":{"gemPlant":"L100000408382","gemUnit":"G100000411795"},"gemWikiUrl":"https://www.gem.wiki/Summit_Barisal_power_plant","geographyId":"BD-32408957B31852228482374","id":"wattlas-plant-gemplant-l100000408382","lifecycleCounts":{"operational":1},"locationPrecision":"exact","name":"Summit Barisal power plant","operatingCapacityCoverage":{"coveragePercent":100.0,"knownUnitCount":1,"method":"complete_unit_sum","provenance":{"evidenceCount":0,"recordIds":["wattlas-record-gemunit-g100000411795"],"sourceIds":["gem-global-integrated-power-tracker"],"sourceTypes":["research_verified"],"valueKind":"reported"},"totalUnitCount":1},"operatingCapacityMw":119.5,"operatingCapacityMwByTechnology":{"oil":119.5},"plannedCapacityCoverage":{"coveragePercent":0.0,"knownUnitCount":0,"method":"unavailable","totalUnitCount":0},"plannedCapacityMw":0.0,"plannedCapacityMwByTechnology":{},"recordCount":1,"recordIds":["wattlas-record-gemunit-g100000411795"],"sourceIds":["gem-global-integrated-power-tracker"],"sourceUrl":"https://www.gem.wiki/Summit_Barisal_power_plant","technologies":["oil"],"technologyMixMw":{"oil":119.5},"unitCount":1,"unitIds":["gem-unit-G100000411795"]},"type":"Feature"},{"geometry":{"coordinates":[89.988247,24.900503],"type":"Point"},"id":"wattlas-plant-gemplant-l100000408384","properties":{"aliases":["1-1","UMPL Mymensingh power station"],"canonicalAnchor":"gemplant:L100000408384","canonicalCountryKey":"BD","capacityMw":205.4,"country":"BD","externalIds":{"gemPlant":"L100000408384","gemUnit":"G100000411785"},"gemWikiUrl":"https://www.gem.wiki/UMPL_Mymensingh_power_station","geographyId":"BD-32408957B83626866084602","id":"wattlas-plant-gemplant-l100000408384","lifecycleCounts":{"operational":1},"locationPrecision":"exact","name":"UMPL Mymensingh power station","operatingCapacityCoverage":{"coveragePercent":100.0,"knownUnitCount":1,"method":"complete_unit_sum","provenance":{"evidenceCount":0,"recordIds":["wattlas-record-gemunit-g100000411785"],"sourceIds":["gem-global-integrated-power-tracker"],"sourceTypes":["research_verified"],"valueKind":"reported"},"totalUnitCount":1},"operatingCapacityMw":205.4,"operatingCapacityMwByTechnology":{"oil":205.4},"plannedCapacityCoverage":{"coveragePercent":0.0,"knownUnitCount":0,"method":"unavailable","totalUnitCount":0},"plannedCapacityMw":0.0,"plannedCapacityMwByTechnology":{},"recordCount":1,"recordIds":["wattlas-record-gemunit-g100000411785"],"sourceIds":["gem-global-integrated-power-tracker"],"sourceUrl":"https://www.gem.wiki/UMPL_Mymensingh_power_station","technologies":["oil"],"technologyMixMw":{"oil":205.4},"unitCount":1,"unitIds":["gem-unit-G100000411785"]},"type":"Feature"},{"geometry":{"coordinates":[89.988298,24.901461],"type":"Point"},"id":"wattlas-plant-gemplant-l100000408385","properties":{"aliases":["1-1","UJPL Jamalpur power station"],"canonicalAnchor":"gemplant:L100000408385","canonicalCountryKey":"BD","capacityMw":123.8,"country":"BD","externalIds":{"gemPlant":"L100000408385","gemUnit":"G100000411786"},"gemWikiUrl":"https://www.gem.wiki/UJPL_Jamalpur_power_station","geographyId":"BD-32408957B83626866084602","id":"wattlas-plant-gemplant-l100000408385","lifecycleCounts":{"operational":1},"locationPrecision":"exact","name":"UJPL Jamalpur power station","operatingCapacityCoverage":{"coveragePercent":100.0,"knownUnitCount":1,"method":"complete_unit_sum","provenance":{"evidenceCount":0,"recordIds":["wattlas-record-gemunit-g100000411786"],"sourceIds":["gem-global-integrated-power-tracker"],"sourceTypes":["research_verified"],"valueKind":"reported"},"totalUnitCount":1},"operatingCapacityMw":123.8,"operatingCapacityMwByTechnology":{"oil":123.8},"plannedCapacityCoverage":{"coveragePercent":0.0,"knownUnitCount":0,"method":"unavailable","totalUnitCount":0},"plannedCapacityMw":0.0,"plannedCapacityMwByTechnology":{},"recordCount":1,"recordIds":["wattlas-record-gemunit-g100000411786"],"sourceIds":["gem-global-integrated-power-tracker"],"sourceUrl":"https://www.gem.wiki/UJPL_Jamalpur_power_station","technologies":["oil"],"technologyMixMw":{"oil":123.8},"unitCount":1,"unitIds":["gem-unit-G100000411786"]},"type":"Feature"},{"geometry":{"coordinates":[91.827789,22.231956],"type":"Point"},"id":"wattlas-plant-gemplant-l100000408386","properties":{"aliases":["1-1","2-1","UANPL Anwara power station"],"canonicalAnchor":"gemplant:L100000408386","canonicalCountryKey":"BD","capacityMw":314.1,"country":"BD","externalIdAliases":{"gemUnit":["G100000411787","G100000411788"]},"externalIds":{"gemPlant":"L100000408386","gemUnit":"G100000411787"},"gemWikiUrl":"https://www.gem.wiki/UANPL_Anwara_power_station","geographyId":"BD-32408957B94023193097291","id":"wattlas-plant-gemplant-l100000408386","lifecycleCounts":{"operational":2},"locationPrecision":"exact","name":"UANPL Anwara power station","operatingCapacityCoverage":{"coveragePercent":100.0,"knownUnitCount":2,"method":"complete_unit_sum","provenance":{"evidenceCount":0,"recordIds":["wattlas-record-gemunit-g100000411787","wattlas-record-gemunit-g100000411788"],"sourceIds":["gem-global-integrated-power-tracker"],"sourceTypes":["research_verified"],"valueKind":"reported"},"totalUnitCount":2},"operatingCapacityMw":314.1,"operatingCapacityMwByTechnology":{"oil":314.1},"plannedCapacityCoverage":{"coveragePercent":0.0,"knownUnitCount":0,"method":"unavailable","totalUnitCount":0},"plannedCapacityMw":0.0,"plannedCapacityMwByTechnology":{},"recordCount":2,"recordIds":["wattlas-record-gemunit-g100000411787","wattlas-record-gemunit-g100000411788"],"sourceIds":["gem-global-integrated-power-tracker"],"sourceUrl":"https://www.gem.wiki/UANPL_Anwara_power_station","technologies":["oil"],"technologyMixMw":{"oil":314.1},"unitCount":2,"unitIds":["gem-unit-G100000411787","gem-unit-G100000411788"]},"type":"Feature"},{"geometry":{"coordinates":[90.322186,22.370304],"type":"Point"},"id":"wattlas-plant-gemplant-l100000408387","properties":{"aliases":["1-1","2-1","United Payra power plant"],"canonicalAnchor":"gemplant:L100000408387","canonicalCountryKey":"BD","capacityMw":157.10000000000002,"country":"BD","externalIdAliases":{"gemUnit":["G100000411783","G100000411784"]},"externalIds":{"gemPlant":"L100000408387","gemUnit":"G100000411783"},"gemWikiUrl":"https://www.gem.wiki/United_Payra_power_plant","geographyId":"BD-32408957B31852228482374","id":"wattlas-plant-gemplant-l100000408387","lifecycleCounts":{"operational":2},"locationPrecision":"exact","name":"United Payra power plant","operatingCapacityCoverage":{"coveragePercent":100.0,"knownUnitCount":2,"method":"complete_unit_sum","provenance":{"evidenceCount":0,"recordIds":["wattlas-record-gemunit-g100000411783","wattlas-record-gemunit-g100000411784"],"sourceIds":["gem-global-integrated-power-tracker"],"sourceTypes":["research_verified"],"valueKind":"reported"},"totalUnitCount":2},"operatingCapacityMw":157.10000000000002,"operatingCapacityMwByTechnology":{"oil":157.10000000000002},"plannedCapacityCoverage":{"coveragePercent":0.0,"knownUnitCount":0,"method":"unavailable","totalUnitCount":0},"plannedCapacityMw":0.0,"plannedCapacityMwByTechnology":{},"recordCount":2,"recordIds":["wattlas-record-gemunit-g100000411783","wattlas-record-gemunit-g100000411784"],"sourceIds":["gem-global-integrated-power-tracker"],"sourceUrl":"https://www.gem.wiki/United_Payra_power_plant","technologies":["oil"],"technologyMixMw":{"oil":157.10000000000002},"unitCount":2,"unitIds":["gem-unit-G100000411783","gem-unit-G100000411784"]},"type":"Feature"},{"geometry":{"coordinates":[89.0453,24.0656],"type":"Point"},"id":"wattlas-plant-gemplant-l100000500091","properties":{"aliases":["1.0","2.0","Rooppur nuclear power plant"],"canonicalAnchor":"gemplant:L100000500091","canonicalCountryKey":"BD","capacityMw":2400.0,"country":"BD","externalIdAliases":{"gemUnit":["G100000500177","G100000500178"]},"externalIds":{"gemPlant":"L100000500091","gemUnit":"G100000500178"},"gemWikiUrl":"https://www.gem.wiki/Rooppur_nuclear_power_plant","geographyId":"BD-32408957B27409320841034","id":"wattlas-plant-gemplant-l100000500091","lifecycleCounts":{"under_construction":2},"locationPrecision":"exact","name":"Rooppur nuclear power plant","operatingCapacityCoverage":{"coveragePercent":0.0,"knownUnitCount":0,"method":"unavailable","totalUnitCount":0},"operatingCapacityMw":0.0,"operatingCapacityMwByTechnology":{},"plannedCapacityCoverage":{"coveragePercent":100.0,"knownUnitCount":2,"method":"complete_unit_sum","provenance":{"evidenceCount":0,"recordIds":["wattlas-record-gemunit-g100000500177","wattlas-record-gemunit-g100000500178"],"sourceIds":["gem-global-integrated-power-tracker"],"sourceTypes":["research_verified"],"valueKind":"reported"},"totalUnitCount":2},"plannedCapacityMw":2400.0,"plannedCapacityMwByTechnology":{"nuclear":2400.0},"recordCount":2,"recordIds":["wattlas-record-gemunit-g100000500177","wattlas-record-gemunit-g100000500178"],"sourceIds":["gem-global-integrated-power-tracker"],"sourceUrl":"https://www.gem.wiki/Rooppur_nuclear_power_plant","technologies":["nuclear"],"technologyMixMw":{"nuclear":2400.0},"unitCount":2,"unitIds":["gem-unit-G100000500177","gem-unit-G100000500178"]},"type":"Feature"},{"geometry":{"coordinates":[92.2254,22.4949],"type":"Point"},"id":"wattlas-plant-gemplant-l100000600148","properties":{"aliases":["Karnafuli hydroelectric plant"],"canonicalAnchor":"gemplant:L100000600148","canonicalCountryKey":"BD","capacityMw":230.0,"country":"BD","externalIds":{"gemPlant":"L100000600148","gemUnit":"G100000600148"},"gemWikiUrl":"https://www.gem.wiki/Karnafuli_hydroelectric_plant","geographyId":"BD-32408957B94023193097291","id":"wattlas-plant-gemplant-l100000600148","lifecycleCounts":{"operational":1},"locationPrecision":"exact","name":"Karnafuli hydroelectric plant","operatingCapacityCoverage":{"coveragePercent":100.0,"knownUnitCount":1,"method":"complete_unit_sum","provenance":{"evidenceCount":0,"recordIds":["wattlas-record-gemunit-g100000600148"],"sourceIds":["gem-global-integrated-power-tracker"],"sourceTypes":["research_verified"],"valueKind":"reported"},"totalUnitCount":1},"operatingCapacityMw":230.0,"operatingCapacityMwByTechnology":{"hydro":230.0},"plannedCapacityCoverage":{"coveragePercent":0.0,"knownUnitCount":0,"method":"unavailable","totalUnitCount":0},"plannedCapacityMw":0.0,"plannedCapacityMwByTechnology":{},"recordCount":1,"recordIds":["wattlas-record-gemunit-g100000600148"],"sourceIds":["gem-global-integrated-power-tracker"],"sourceUrl":"https://www.gem.wiki/Karnafuli_hydroelectric_plant","technologies":["hydro"],"technologyMixMw":{"hydro":230.0},"unitCount":1,"unitIds":["gem-unit-G100000600148"]},"type":"Feature"},{"geometry":{"coordinates":[91.5339,22.8926],"type":"Point"},"id":"wattlas-plant-gemplant-l100000800826","properties":{"aliases":["--","Baraiyarhat solar farm"],"canonicalAnchor":"gemplant:L100000800826","canonicalCountryKey":"BD","capacityMw":50.0,"country":"BD","externalIds":{"gemPlant":"L100000800826","gemUnit":"G100000800953"},"gemWikiUrl":"https://www.gem.wiki/Baraiyarhat_solar_farm","geographyId":"BD-32408957B94023193097291","id":"wattlas-plant-gemplant-l100000800826","lifecycleCounts":{"announced":1},"locationPrecision":"exact","name":"Baraiyarhat solar farm","operatingCapacityCoverage":{"coveragePercent":0.0,"knownUnitCount":0,"method":"unavailable","totalUnitCount":0},"operatingCapacityMw":0.0,"operatingCapacityMwByTechnology":{},"plannedCapacityCoverage":{"coveragePercent":100.0,"knownUnitCount":1,"method":"complete_unit_sum","provenance":{"evidenceCount":0,"recordIds":["wattlas-record-gemunit-g100000800953"],"sourceIds":["gem-global-integrated-power-tracker"],"sourceTypes":["research_verified"],"valueKind":"reported"},"totalUnitCount":1},"plannedCapacityMw":50.0,"plannedCapacityMwByTechnology":{"solar":50.0},"recordCount":1,"recordIds":["wattlas-record-gemunit-g100000800953"],"sourceIds":["gem-global-integrated-power-tracker"],"sourceUrl":"https://www.gem.wiki/Baraiyarhat_solar_farm","technologies":["solar"],"technologyMixMw":{"solar":50.0},"unitCount":1,"unitIds":["gem-unit-G100000800953"]},"type":"Feature"},{"geometry":{"coordinates":[88.8591,23.6383],"type":"Point"},"id":"wattlas-plant-gemplant-l100000800879","properties":{"aliases":["--","Chuadanga solar farm"],"canonicalAnchor":"gemplant:L100000800879","canonicalCountryKey":"BD","capacityMw":50.0,"country":"BD","externalIds":{"gemPlant":"L100000800879","gemUnit":"G100000801013"},"gemWikiUrl":"https://www.gem.wiki/Chuadanga_solar_farm","geographyId":"BD-32408957B3859287816056","id":"wattlas-plant-gemplant-l100000800879","lifecycleCounts":{"announced":1},"locationPrecision":"exact","name":"Chuadanga solar farm","operatingCapacityCoverage":{"coveragePercent":0.0,"knownUnitCount":0,"method":"unavailable","totalUnitCount":0},"operatingCapacityMw":0.0,"operatingCapacityMwByTechnology":{},"plannedCapacityCoverage":{"coveragePercent":100.0,"knownUnitCount":1,"method":"complete_unit_sum","provenance":{"evidenceCount":0,"recordIds":["wattlas-record-gemunit-g100000801013"],"sourceIds":["gem-global-integrated-power-tracker"],"sourceTypes":["research_verified"],"valueKind":"reported"},"totalUnitCount":1},"plannedCapacityMw":50.0,"plannedCapacityMwByTechnology":{"solar":50.0},"recordCount":1,"recordIds":["wattlas-record-gemunit-g100000801013"],"sourceIds":["gem-global-integrated-power-tracker"],"sourceUrl":"https://www.gem.wiki/Chuadanga_solar_farm","technologies":["solar"],"technologyMixMw":{"solar":50.0},"unitCount":1,"unitIds":["gem-unit-G100000801013"]},"type":"Feature"},{"geometry":{"coordinates":[91.0122,24.9012],"type":"Point"},"id":"wattlas-plant-gemplant-l100000800926","properties":{"aliases":["--","Dharmapasa solar farm"],"canonicalAnchor":"gemplant:L100000800926","canonicalCountryKey":"BD","capacityMw":0.0,"country":"BD","externalIds":{"gemPlant":"L100000800926","gemUnit":"G100000801073"},"gemWikiUrl":"https://www.gem.wiki/Dharmapasa_solar_farm","geographyId":"BD-32408957B83626866084602","id":"wattlas-plant-gemplant-l100000800926","lifecycleCounts":{"paused":1},"locationPrecision":"exact","name":"Dharmapasa solar farm","operatingCapacityCoverage":{"coveragePercent":0.0,"knownUnitCount":0,"method":"unavailable","totalUnitCount":0},"operatingCapacityMw":0.0,"operatingCapacityMwByTechnology":{},"plannedCapacityCoverage":{"coveragePercent":0.0,"knownUnitCount":0,"method":"unavailable","totalUnitCount":0},"plannedCapacityMw":0.0,"plannedCapacityMwByTechnology":{},"recordCount":1,"recordIds":["wattlas-record-gemunit-g100000801073"],"sourceIds":["gem-global-integrated-power-tracker"],"sourceUrl":"https://www.gem.wiki/Dharmapasa_solar_farm","technologies":["solar"],"technologyMixMw":{"solar":0.0},"unitCount":1,"unitIds":["gem-unit-G100000801073"]},"type":"Feature"},{"geometry":{"coordinates":[89.9156,23.5983],"type":"Point"},"id":"wattlas-plant-gemplant-l100000800948","properties":{"aliases":["--","Faridpur solar farm"],"canonicalAnchor":"gemplant:L100000800948","canonicalCountryKey":"BD","capacityMw":0.0,"country":"BD","externalIds":{"gemPlant":"L100000800948","gemUnit":"G100000801099"},"gemWikiUrl":"https://www.gem.wiki/Faridpur_solar_farm","geographyId":"BD-32408957B77718829177955","id":"wattlas-plant-gemplant-l100000800948","lifecycleCounts":{"cancelled":1},"locationPrecision":"exact","name":"Faridpur solar farm","operatingCapacityCoverage":{"coveragePercent":0.0,"knownUnitCount":0,"method":"unavailable","totalUnitCount":0},"operatingCapacityMw":0.0,"operatingCapacityMwByTechnology":{},"plannedCapacityCoverage":{"coveragePercent":0.0,"knownUnitCount":0,"method":"unavailable","totalUnitCount":0},"plannedCapacityMw":0.0,"plannedCapacityMwByTechnology":{},"recordCount":1,"recordIds":["wattlas-record-gemunit-g100000801099"],"sourceIds":["gem-global-integrated-power-tracker"],"sourceUrl":"https://www.gem.wiki/Faridpur_solar_farm","technologies":["solar"],"technologyMixMw":{"solar":0.0},"unitCount":1,"unitIds":["gem-unit-G100000801099"]},"type":"Feature"},{"geometry":{"coordinates":[89.5417,25.3288],"type":"Point"},"id":"wattlas-plant-gemplant-l100000800959","properties":{"aliases":["--","Gaibandha Beximco solar farm"],"canonicalAnchor":"gemplant:L100000800959","canonicalCountryKey":"BD","capacityMw":200.0,"country":"BD","externalIds":{"gemPlant":"L100000800959","gemUnit":"G100000801112"},"gemWikiUrl":"https://www.gem.wiki/Gaibandha_Beximco_solar_farm","geographyId":"BD-32408957B77489436868882","id":"wattlas-plant-gemplant-l100000800959","lifecycleCounts":{"operational":1},"locationPrecision":"exact","name":"Gaibandha Beximco solar farm","operatingCapacityCoverage":{"coveragePercent":100.0,"knownUnitCount":1,"method":"complete_unit_sum","provenance":{"evidenceCount":0,"recordIds":["wattlas-record-gemunit-g100000801112"],"sourceIds":["gem-global-integrated-power-tracker"],"sourceTypes":["research_verified"],"valueKind":"reported"},"totalUnitCount":1},"operatingCapacityMw":200.0,"operatingCapacityMwByTechnology":{"solar":200.0},"plannedCapacityCoverage":{"coveragePercent":0.0,"knownUnitCount":0,"method":"unavailable","totalUnitCount":0},"plannedCapacityMw":0.0,"plannedCapacityMwByTechnology":{},"recordCount":1,"recordIds":["wattlas-record-gemunit-g100000801112"],"sourceIds":["gem-global-integrated-power-tracker"],"sourceUrl":"https://www.gem.wiki/Gaibandha_Beximco_solar_farm","technologies":["solar"],"technologyMixMw":{"solar":200.0},"unitCount":1,"unitIds":["gem-unit-G100000801112"]},"type":"Feature"},{"geometry":{"coordinates":[89.7353,24.3999],"type":"Point"},"id":"wattlas-plant-gemplant-l100000801025","properties":{"aliases":["--","Jamuna solar farm"],"canonicalAnchor":"gemplant:L100000801025","canonicalCountryKey":"BD","capacityMw":68.0,"country":"BD","externalIds":{"gemPlant":"L100000801025","gemUnit":"G100000801185"},"gemWikiUrl":"https://www.gem.wiki/Jamuna_solar_farm","geographyId":"BD-32408957B27409320841034","id":"wattlas-plant-gemplant-l100000801025","lifecycleCounts":{"operational":1},"locationPrecision":"exact","name":"Jamuna solar farm","operatingCapacityCoverage":{"coveragePercent":100.0,"knownUnitCount":1,"method":"complete_unit_sum","provenance":{"evidenceCount":0,"recordIds":["wattlas-record-gemunit-g100000801185"],"sourceIds":["gem-global-integrated-power-tracker"],"sourceTypes":["research_verified"],"valueKind":"reported"},"totalUnitCount":1},"operatingCapacityMw":68.0,"operatingCapacityMwByTechnology":{"solar":68.0},"plannedCapacityCoverage":{"coveragePercent":0.0,"knownUnitCount":0,"method":"unavailable","totalUnitCount":0},"plannedCapacityMw":0.0,"plannedCapacityMwByTechnology":{},"recordCount":1,"recordIds":["wattlas-record-gemunit-g100000801185"],"sourceIds":["gem-global-integrated-power-tracker"],"sourceUrl":"https://www.gem.wiki/Jamuna_solar_farm","technologies":["solar"],"technologyMixMw":{"solar":68.0},"unitCount":1,"unitIds":["gem-unit-G100000801185"]},"type":"Feature"},{"geometry":{"coordinates":[89.6966,24.8342],"type":"Point"},"id":"wattlas-plant-gemplant-l100000801130","properties":{"aliases":["--","Madargonj (B-R Powergen) solar farm"],"canonicalAnchor":"gemplant:L100000801130","canonicalCountryKey":"BD","capacityMw":0.0,"country":"BD","externalIds":{"gemPlant":"L100000801130","gemUnit":"G100000801303"},"gemWikiUrl":"https://www.gem.wiki/Madargonj_(B-R_Powergen)_solar_farm","geographyId":"BD-32408957B27409320841034","id":"wattlas-plant-gemplant-l100000801130","lifecycleCounts":{"paused":1},"locationPrecision":"exact","name":"Madargonj (B-R Powergen) solar farm","operatingCapacityCoverage":{"coveragePercent":0.0,"knownUnitCount":0,"method":"unavailable","totalUnitCount":0},"operatingCapacityMw":0.0,"operatingCapacityMwByTechnology":{},"plannedCapacityCoverage":{"coveragePercent":0.0,"knownUnitCount":0,"method":"unavailable","totalUnitCount":0},"plannedCapacityMw":0.0,"plannedCapacityMwByTechnology":{},"recordCount":1,"recordIds":["wattlas-record-gemunit-g100000801303"],"sourceIds":["gem-global-integrated-power-tracker"],"sourceUrl":"https://www.gem.wiki/Madargonj_(B-R_Powergen)_solar_farm","technologies":["solar"],"technologyMixMw":{"solar":0.0},"unitCount":1,"unitIds":["gem-unit-G100000801303"]},"type":"Feature"},{"geometry":{"coordinates":[89.7014,24.8307],"type":"Point"},"id":"wattlas-plant-gemplant-l100000801131","properties":{"aliases":["--","Madargonj (RPCL) solar farm"],"canonicalAnchor":"gemplant:L100000801131","canonicalCountryKey":"BD","capacityMw":0.0,"country":"BD","externalIds":{"gemPlant":"L100000801131","gemUnit":"G100000801304"},"gemWikiUrl":"https://www.gem.wiki/Madargonj_(RPCL)_solar_farm","geographyId":"BD-32408957B27409320841034","id":"wattlas-plant-gemplant-l100000801131","lifecycleCounts":{"paused":1},"locationPrecision":"exact","name":"Madargonj (RPCL) solar farm","operatingCapacityCoverage":{"coveragePercent":0.0,"knownUnitCount":0,"method":"unavailable","totalUnitCount":0},"operatingCapacityMw":0.0,"operatingCapacityMwByTechnology":{},"plannedCapacityCoverage":{"coveragePercent":0.0,"knownUnitCount":0,"method":"unavailable","totalUnitCount":0},"plannedCapacityMw":0.0,"plannedCapacityMwByTechnology":{},"recordCount":1,"recordIds":["wattlas-record-gemunit-g100000801304"],"sourceIds":["gem-global-integrated-power-tracker"],"sourceUrl":"https://www.gem.wiki/Madargonj_(RPCL)_solar_farm","technologies":["solar"],"technologyMixMw":{"solar":0.0},"unitCount":1,"unitIds":["gem-unit-G100000801304"]},"type":"Feature"},{"geometry":{"coordinates":[89.825,23.781],"type":"Point"},"id":"wattlas-plant-gemplant-l100000801134","properties":{"aliases":["--","Manikganj solar farm"],"canonicalAnchor":"gemplant:L100000801134","canonicalCountryKey":"BD","capacityMw":35.0,"country":"BD","externalIds":{"gemPlant":"L100000801134","gemUnit":"G100000801307"},"gemWikiUrl":"https://www.gem.wiki/Manikganj_solar_farm","geographyId":"BD-32408957B77718829177955","id":"wattlas-plant-gemplant-l100000801134","lifecycleCounts":{"operational":1},"locationPrecision":"exact","name":"Manikganj solar farm","operatingCapacityCoverage":{"coveragePercent":100.0,"knownUnitCount":1,"method":"complete_unit_sum","provenance":{"evidenceCount":0,"recordIds":["wattlas-record-gemunit-g100000801307"],"sourceIds":["gem-global-integrated-power-tracker"],"sourceTypes":["research_verified"],"valueKind":"reported"},"totalUnitCount":1},"operatingCapacityMw":35.0,"operatingCapacityMwByTechnology":{"solar":35.0},"plannedCapacityCoverage":{"coveragePercent":0.0,"knownUnitCount":0,"method":"unavailable","totalUnitCount":0},"plannedCapacityMw":0.0,"plannedCapacityMwByTechnology":{},"recordCount":1,"recordIds":["wattlas-record-gemunit-g100000801307"],"sourceIds":["gem-global-integrated-power-tracker"],"sourceUrl":"https://www.gem.wiki/Manikganj_solar_farm","technologies":["solar"],"technologyMixMw":{"solar":35.0},"unitCount":1,"unitIds":["gem-unit-G100000801307"]},"type":"Feature"},{"geometry":{"coordinates":[89.4781,22.5016],"type":"Point"},"id":"wattlas-plant-gemplant-l100000801163","properties":{"aliases":["--","Mollahat solar farm"],"canonicalAnchor":"gemplant:L100000801163","canonicalCountryKey":"BD","capacityMw":0.0,"country":"BD","externalIds":{"gemPlant":"L100000801163","gemUnit":"G100000801341"},"gemWikiUrl":"https://www.gem.wiki/Mollahat_solar_farm","geographyId":"BD-32408957B3859287816056","id":"wattlas-plant-gemplant-l100000801163","lifecycleCounts":{"cancelled":1},"locationPrecision":"exact","name":"Mollahat solar farm","operatingCapacityCoverage":{"coveragePercent":0.0,"knownUnitCount":0,"method":"unavailable","totalUnitCount":0},"operatingCapacityMw":0.0,"operatingCapacityMwByTechnology":{},"plannedCapacityCoverage":{"coveragePercent":0.0,"knownUnitCount":0,"method":"unavailable","totalUnitCount":0},"plannedCapacityMw":0.0,"plannedCapacityMwByTechnology":{},"recordCount":1,"recordIds":["wattlas-record-gemunit-g100000801341"],"sourceIds":["gem-global-integrated-power-tracker"],"sourceUrl":"https://www.gem.wiki/Mollahat_solar_farm","technologies":["solar"],"technologyMixMw":{"solar":0.0},"unitCount":1,"unitIds":["gem-unit-G100000801341"]},"type":"Feature"},{"geometry":{"coordinates":[89.7611,22.6501],"type":"Point"},"id":"wattlas-plant-gemplant-l100000801164","properties":{"aliases":["--","Mongla solar farm"],"canonicalAnchor":"gemplant:L100000801164","canonicalCountryKey":"BD","capacityMw":100.0,"country":"BD","externalIds":{"gemPlant":"L100000801164","gemUnit":"G100000801342"},"gemWikiUrl":"https://www.gem.wiki/Mongla_solar_farm","geographyId":"BD-32408957B3859287816056","id":"wattlas-plant-gemplant-l100000801164","lifecycleCounts":{"operational":1},"locationPrecision":"exact","name":"Mongla solar farm","operatingCapacityCoverage":{"coveragePercent":100.0,"knownUnitCount":1,"method":"complete_unit_sum","provenance":{"evidenceCount":0,"recordIds":["wattlas-record-gemunit-g100000801342"],"sourceIds":["gem-global-integrated-power-tracker"],"sourceTypes":["research_verified"],"valueKind":"reported"},"totalUnitCount":1},"operatingCapacityMw":100.0,"operatingCapacityMwByTechnology":{"solar":100.0},"plannedCapacityCoverage":{"coveragePercent":0.0,"knownUnitCount":0,"method":"unavailable","totalUnitCount":0},"plannedCapacityMw":0.0,"plannedCapacityMwByTechnology":{},"recordCount":1,"recordIds":["wattlas-record-gemunit-g100000801342"],"sourceIds":["gem-global-integrated-power-tracker"],"sourceUrl":"https://www.gem.wiki/Mongla_solar_farm","technologies":["solar"],"technologyMixMw":{"solar":100.0},"unitCount":1,"unitIds":["gem-unit-G100000801342"]},"type":"Feature"},{"geometry":{"coordinates":[90.7277,24.8831],"type":"Point"},"id":"wattlas-plant-gemplant-l100000801191","properties":{"aliases":["--","Netrokona solar farm"],"canonicalAnchor":"gemplant:L100000801191","canonicalCountryKey":"BD","capacityMw":0.0,"country":"BD","externalIds":{"gemPlant":"L100000801191","gemUnit":"G100000801371"},"gemWikiUrl":"https://www.gem.wiki/Netrokona_solar_farm","geographyId":"BD-32408957B83626866084602","id":"wattlas-plant-gemplant-l100000801191","lifecycleCounts":{"paused":1},"locationPrecision":"exact","name":"Netrokona solar farm","operatingCapacityCoverage":{"coveragePercent":0.0,"knownUnitCount":0,"method":"unavailable","totalUnitCount":0},"operatingCapacityMw":0.0,"operatingCapacityMwByTechnology":{},"plannedCapacityCoverage":{"coveragePercent":0.0,"knownUnitCount":0,"method":"unavailable","totalUnitCount":0},"plannedCapacityMw":0.0,"plannedCapacityMwByTechnology":{},"recordCount":1,"recordIds":["wattlas-record-gemunit-g100000801371"],"sourceIds":["gem-global-integrated-power-tracker"],"sourceUrl":"https://www.gem.wiki/Netrokona_solar_farm","technologies":["solar"],"technologyMixMw":{"solar":0.0},"unitCount":1,"unitIds":["gem-unit-G100000801371"]},"type":"Feature"},{"geometry":{"coordinates":[88.9336,26.1407],"type":"Point"},"id":"wattlas-plant-gemplant-l100000801198","properties":{"aliases":["--","Nilphamari (Scatec) solar farm"],"canonicalAnchor":"gemplant:L100000801198","canonicalCountryKey":"BD","capacityMw":0.0,"country":"BD","externalIds":{"gemPlant":"L100000801198","gemUnit":"G100000801378"},"gemWikiUrl":"https://www.gem.wiki/Nilphamari_(Scatec)_solar_farm","geographyId":"BD-32408957B77489436868882","id":"wattlas-plant-gemplant-l100000801198","lifecycleCounts":{"cancelled":1},"locationPrecision":"exact","name":"Nilphamari (Scatec) solar farm","operatingCapacityCoverage":{"coveragePercent":0.0,"knownUnitCount":0,"method":"unavailable","totalUnitCount":0},"operatingCapacityMw":0.0,"operatingCapacityMwByTechnology":{},"plannedCapacityCoverage":{"coveragePercent":0.0,"knownUnitCount":0,"method":"unavailable","totalUnitCount":0},"plannedCapacityMw":0.0,"plannedCapacityMwByTechnology":{},"recordCount":1,"recordIds":["wattlas-record-gemunit-g100000801378"],"sourceIds":["gem-global-integrated-power-tracker"],"sourceUrl":"https://www.gem.wiki/Nilphamari_(Scatec)_solar_farm","technologies":["solar"],"technologyMixMw":{"solar":0.0},"unitCount":1,"unitIds":["gem-unit-G100000801378"]},"type":"Feature"},{"geometry":{"coordinates":[89.6107,23.8252],"type":"Point"},"id":"wattlas-plant-gemplant-l100000801235","properties":{"aliases":["--","Pabna (BCRECL) solar farm"],"canonicalAnchor":"gemplant:L100000801235","canonicalCountryKey":"BD","capacityMw":65.0,"country":"BD","externalIds":{"gemPlant":"L100000801235","gemUnit":"G100000801420"},"gemWikiUrl":"https://www.gem.wiki/Pabna_(BCRECL)_solar_farm","geographyId":"BD-32408957B27409320841034","id":"wattlas-plant-gemplant-l100000801235","lifecycleCounts":{"operational":1},"locationPrecision":"exact","name":"Pabna (BCRECL) solar farm","operatingCapacityCoverage":{"coveragePercent":100.0,"knownUnitCount":1,"method":"complete_unit_sum","provenance":{"evidenceCount":0,"recordIds":["wattlas-record-gemunit-g100000801420"],"sourceIds":["gem-global-integrated-power-tracker"],"sourceTypes":["research_verified"],"valueKind":"reported"},"totalUnitCount":1},"operatingCapacityMw":65.0,"operatingCapacityMwByTechnology":{"solar":65.0},"plannedCapacityCoverage":{"coveragePercent":0.0,"knownUnitCount":0,"method":"unavailable","totalUnitCount":0},"plannedCapacityMw":0.0,"plannedCapacityMwByTechnology":{},"recordCount":1,"recordIds":["wattlas-record-gemunit-g100000801420"],"sourceIds":["gem-global-integrated-power-tracker"],"sourceUrl":"https://www.gem.wiki/Pabna_(BCRECL)_solar_farm","technologies":["solar"],"technologyMixMw":{"solar":65.0},"unitCount":1,"unitIds":["gem-unit-G100000801420"]},"type":"Feature"},{"geometry":{"coordinates":[89.2505,24.0139],"type":"Point"},"id":"wattlas-plant-gemplant-l100000801236","properties":{"aliases":["--","Pabna (Dynamic Sun Energy) solar farm"],"canonicalAnchor":"gemplant:L100000801236","canonicalCountryKey":"BD","capacityMw":100.0,"country":"BD","externalIds":{"gemPlant":"L100000801236","gemUnit":"G100000801421"},"gemWikiUrl":"https://www.gem.wiki/Pabna_(Dynamic_Sun_Energy)_solar_farm","geographyId":"BD-32408957B27409320841034","id":"wattlas-plant-gemplant-l100000801236","lifecycleCounts":{"announced":1},"locationPrecision":"exact","name":"Pabna (Dynamic Sun Energy) solar farm","operatingCapacityCoverage":{"coveragePercent":0.0,"knownUnitCount":0,"method":"unavailable","totalUnitCount":0},"operatingCapacityMw":0.0,"operatingCapacityMwByTechnology":{},"plannedCapacityCoverage":{"coveragePercent":100.0,"knownUnitCount":1,"method":"complete_unit_sum","provenance":{"evidenceCount":0,"recordIds":["wattlas-record-gemunit-g100000801421"],"sourceIds":["gem-global-integrated-power-tracker"],"sourceTypes":["research_verified"],"valueKind":"reported"},"totalUnitCount":1},"plannedCapacityMw":100.0,"plannedCapacityMwByTechnology":{"solar":100.0},"recordCount":1,"recordIds":["wattlas-record-gemunit-g100000801421"],"sourceIds":["gem-global-integrated-power-tracker"],"sourceUrl":"https://www.gem.wiki/Pabna_(Dynamic_Sun_Energy)_solar_farm","technologies":["solar"],"technologyMixMw":{"solar":100.0},"unitCount":1,"unitIds":["gem-unit-G100000801421"]},"type":"Feature"},{"geometry":{"coordinates":[88.7084,26.1307],"type":"Point"},"id":"wattlas-plant-gemplant-l100000801251","properties":{"aliases":["--","Panchagarh (8Minutenergy) solar farm"],"canonicalAnchor":"gemplant:L100000801251","canonicalCountryKey":"BD","capacityMw":0.0,"country":"BD","externalIds":{"gemPlant":"L100000801251","gemUnit":"G100000801436"},"gemWikiUrl":"https://www.gem.wiki/Panchagarh_(8Minutenergy)_solar_farm","geographyId":"BD-32408957B77489436868882","id":"wattlas-plant-gemplant-l100000801251","lifecycleCounts":{"paused":1},"locationPrecision":"exact","name":"Panchagarh (8Minutenergy) solar farm","operatingCapacityCoverage":{"coveragePercent":0.0,"knownUnitCount":0,"method":"unavailable","totalUnitCount":0},"operatingCapacityMw":0.0,"operatingCapacityMwByTechnology":{},"plannedCapacityCoverage":{"coveragePercent":0.0,"knownUnitCount":0,"method":"unavailable","totalUnitCount":0},"plannedCapacityMw":0.0,"plannedCapacityMwByTechnology":{},"recordCount":1,"recordIds":["wattlas-record-gemunit-g100000801436"],"sourceIds":["gem-global-integrated-power-tracker"],"sourceUrl":"https://www.gem.wiki/Panchagarh_(8Minutenergy)_solar_farm","technologies":["solar"],"technologyMixMw":{"solar":0.0},"unitCount":1,"unitIds":["gem-unit-G100000801436"]},"type":"Feature"},{"geometry":{"coordinates":[88.4305,26.5156],"type":"Point"},"id":"wattlas-plant-gemplant-l100000801252","properties":{"aliases":["--","Panchagarh (Beximco) solar farm"],"canonicalAnchor":"gemplant:L100000801252","canonicalCountryKey":"BD","capacityMw":30.0,"country":"BD","externalIds":{"gemPlant":"L100000801252","gemUnit":"G100000801437"},"gemWikiUrl":"https://www.gem.wiki/Panchagarh_(Beximco)_solar_farm","geographyId":"BD-32408957B77489436868882","id":"wattlas-plant-gemplant-l100000801252","lifecycleCounts":{"under_construction":1},"locationPrecision":"exact","name":"Panchagarh (Beximco) solar farm","operatingCapacityCoverage":{"coveragePercent":0.0,"knownUnitCount":0,"method":"unavailable","totalUnitCount":0},"operatingCapacityMw":0.0,"operatingCapacityMwByTechnology":{},"plannedCapacityCoverage":{"coveragePercent":100.0,"knownUnitCount":1,"method":"complete_unit_sum","provenance":{"evidenceCount":0,"recordIds":["wattlas-record-gemunit-g100000801437"],"sourceIds":["gem-global-integrated-power-tracker"],"sourceTypes":["research_verified"],"valueKind":"reported"},"totalUnitCount":1},"plannedCapacityMw":30.0,"plannedCapacityMwByTechnology":{"solar":30.0},"recordCount":1,"recordIds":["wattlas-record-gemunit-g100000801437"],"sourceIds":["gem-global-integrated-power-tracker"],"sourceUrl":"https://www.gem.wiki/Panchagarh_(Beximco)_solar_farm","technologies":["solar"],"technologyMixMw":{"solar":30.0},"unitCount":1,"unitIds":["gem-unit-G100000801437"]},"type":"Feature"},{"geometry":{"coordinates":[88.7534,26.123],"type":"Point"},"id":"wattlas-plant-gemplant-l100000801254","properties":{"aliases":["--","Panchagarh (Rahimafrooz) solar farm"],"canonicalAnchor":"gemplant:L100000801254","canonicalCountryKey":"BD","capacityMw":0.0,"country":"BD","externalIds":{"gemPlant":"L100000801254","gemUnit":"G100000801439"},"gemWikiUrl":"https://www.gem.wiki/Panchagarh_(Rahimafrooz)_solar_farm","geographyId":"BD-32408957B77489436868882","id":"wattlas-plant-gemplant-l100000801254","lifecycleCounts":{"paused":1},"locationPrecision":"exact","name":"Panchagarh (Rahimafrooz) solar farm","operatingCapacityCoverage":{"coveragePercent":0.0,"knownUnitCount":0,"method":"unavailable","totalUnitCount":0},"operatingCapacityMw":0.0,"operatingCapacityMwByTechnology":{},"plannedCapacityCoverage":{"coveragePercent":0.0,"knownUnitCount":0,"method":"unavailable","totalUnitCount":0},"plannedCapacityMw":0.0,"plannedCapacityMwByTechnology":{},"recordCount":1,"recordIds":["wattlas-record-gemunit-g100000801439"],"sourceIds":["gem-global-integrated-power-tracker"],"sourceUrl":"https://www.gem.wiki/Panchagarh_(Rahimafrooz)_solar_farm","technologies":["solar"],"technologyMixMw":{"solar":0.0},"unitCount":1,"unitIds":["gem-unit-G100000801439"]},"type":"Feature"},{"geometry":{"coordinates":[88.6877,26.2387],"type":"Point"},"id":"wattlas-plant-gemplant-l100000801255","properties":{"aliases":["--","Panchagarh (RPCL) solar farm"],"canonicalAnchor":"gemplant:L100000801255","canonicalCountryKey":"BD","capacityMw":0.0,"country":"BD","externalIds":{"gemPlant":"L100000801255","gemUnit":"G100000801440"},"gemWikiUrl":"https://www.gem.wiki/Panchagarh_(RPCL)_solar_farm","geographyId":"BD-32408957B77489436868882","id":"wattlas-plant-gemplant-l100000801255","lifecycleCounts":{"paused":1},"locationPrecision":"exact","name":"Panchagarh (RPCL) solar farm","operatingCapacityCoverage":{"coveragePercent":0.0,"knownUnitCount":0,"method":"unavailable","totalUnitCount":0},"operatingCapacityMw":0.0,"operatingCapacityMwByTechnology":{},"plannedCapacityCoverage":{"coveragePercent":0.0,"knownUnitCount":0,"method":"unavailable","totalUnitCount":0},"plannedCapacityMw":0.0,"plannedCapacityMwByTechnology":{},"recordCount":1,"recordIds":["wattlas-record-gemunit-g100000801440"],"sourceIds":["gem-global-integrated-power-tracker"],"sourceUrl":"https://www.gem.wiki/Panchagarh_(RPCL)_solar_farm","technologies":["solar"],"technologyMixMw":{"solar":0.0},"unitCount":1,"unitIds":["gem-unit-G100000801440"]},"type":"Feature"},{"geometry":{"coordinates":[89.5174,25.5662],"type":"Point"},"id":"wattlas-plant-gemplant-l100000801292","properties":{"aliases":["--","Sundarganj solar farm"],"canonicalAnchor":"gemplant:L100000801292","canonicalCountryKey":"BD","capacityMw":275.0,"country":"BD","externalIds":{"gemPlant":"L100000801292","gemUnit":"G100000801488"},"gemWikiUrl":"https://www.gem.wiki/Sundarganj_solar_farm","geographyId":"BD-32408957B77489436868882","id":"wattlas-plant-gemplant-l100000801292","lifecycleCounts":{"operational":1},"locationPrecision":"exact","name":"Sundarganj solar farm","operatingCapacityCoverage":{"coveragePercent":100.0,"knownUnitCount":1,"method":"complete_unit_sum","provenance":{"evidenceCount":0,"recordIds":["wattlas-record-gemunit-g100000801488"],"sourceIds":["gem-global-integrated-power-tracker"],"sourceTypes":["research_verified"],"valueKind":"reported"},"totalUnitCount":1},"operatingCapacityMw":275.0,"operatingCapacityMwByTechnology":{"solar":275.0},"plannedCapacityCoverage":{"coveragePercent":0.0,"knownUnitCount":0,"method":"unavailable","totalUnitCount":0},"plannedCapacityMw":0.0,"plannedCapacityMwByTechnology":{},"recordCount":1,"recordIds":["wattlas-record-gemunit-g100000801488"],"sourceIds":["gem-global-integrated-power-tracker"],"sourceUrl":"https://www.gem.wiki/Sundarganj_solar_farm","technologies":["solar"],"technologyMixMw":{"solar":275.0},"unitCount":1,"unitIds":["gem-unit-G100000801488"]},"type":"Feature"},{"geometry":{"coordinates":[89.2214,25.8559],"type":"Point"},"id":"wattlas-plant-gemplant-l100000801293","properties":{"aliases":["--","Rangpur (BPDB) solar farm"],"canonicalAnchor":"gemplant:L100000801293","canonicalCountryKey":"BD","capacityMw":0.0,"country":"BD","externalIds":{"gemPlant":"L100000801293","gemUnit":"G100000801489"},"gemWikiUrl":"https://www.gem.wiki/Rangpur_(BPDB)_solar_farm","geographyId":"BD-32408957B77489436868882","id":"wattlas-plant-gemplant-l100000801293","lifecycleCounts":{"paused":1},"locationPrecision":"exact","name":"Rangpur (BPDB) solar farm","operatingCapacityCoverage":{"coveragePercent":0.0,"knownUnitCount":0,"method":"unavailable","totalUnitCount":0},"operatingCapacityMw":0.0,"operatingCapacityMwByTechnology":{},"plannedCapacityCoverage":{"coveragePercent":0.0,"knownUnitCount":0,"method":"unavailable","totalUnitCount":0},"plannedCapacityMw":0.0,"plannedCapacityMwByTechnology":{},"recordCount":1,"recordIds":["wattlas-record-gemunit-g100000801489"],"sourceIds":["gem-global-integrated-power-tracker"],"sourceUrl":"https://www.gem.wiki/Rangpur_(BPDB)_solar_farm","technologies":["solar"],"technologyMixMw":{"solar":0.0},"unitCount":1,"unitIds":["gem-unit-G100000801489"]},"type":"Feature"},{"geometry":{"coordinates":[89.2225,25.8553],"type":"Point"},"id":"wattlas-plant-gemplant-l100000801294","properties":{"aliases":["--","Rangpur (Intraco) solar farm"],"canonicalAnchor":"gemplant:L100000801294","canonicalCountryKey":"BD","capacityMw":30.0,"country":"BD","externalIds":{"gemPlant":"L100000801294","gemUnit":"G100000801490"},"gemWikiUrl":"https://www.gem.wiki/Rangpur_(Intraco)_solar_farm","geographyId":"BD-32408957B77489436868882","id":"wattlas-plant-gemplant-l100000801294","lifecycleCounts":{"operational":1},"locationPrecision":"exact","name":"Rangpur (Intraco) solar farm","operatingCapacityCoverage":{"coveragePercent":100.0,"knownUnitCount":1,"method":"complete_unit_sum","provenance":{"evidenceCount":0,"recordIds":["wattlas-record-gemunit-g100000801490"],"sourceIds":["gem-global-integrated-power-tracker"],"sourceTypes":["research_verified"],"valueKind":"reported"},"totalUnitCount":1},"operatingCapacityMw":30.0,"operatingCapacityMwByTechnology":{"solar":30.0},"plannedCapacityCoverage":{"coveragePercent":0.0,"knownUnitCount":0,"method":"unavailable","totalUnitCount":0},"plannedCapacityMw":0.0,"plannedCapacityMwByTechnology":{},"recordCount":1,"recordIds":["wattlas-record-gemunit-g100000801490"],"sourceIds":["gem-global-integrated-power-tracker"],"sourceUrl":"https://www.gem.wiki/Rangpur_(Intraco)_solar_farm","technologies":["solar"],"technologyMixMw":{"solar":30.0},"unitCount":1,"unitIds":["gem-unit-G100000801490"]},"type":"Feature"},{"geometry":{"coordinates":[92.0077,22.4504],"type":"Point"},"id":"wattlas-plant-gemplant-l100000801295","properties":{"aliases":["--","Rangunia solar farm"],"canonicalAnchor":"gemplant:L100000801295","canonicalCountryKey":"BD","capacityMw":0.0,"country":"BD","externalIds":{"gemPlant":"L100000801295","gemUnit":"G100000801491"},"gemWikiUrl":"https://www.gem.wiki/Rangunia_solar_farm","geographyId":"BD-32408957B94023193097291","id":"wattlas-plant-gemplant-l100000801295","lifecycleCounts":{"paused":1},"locationPrecision":"exact","name":"Rangunia solar farm","operatingCapacityCoverage":{"coveragePercent":0.0,"knownUnitCount":0,"method":"unavailable","totalUnitCount":0},"operatingCapacityMw":0.0,"operatingCapacityMwByTechnology":{},"plannedCapacityCoverage":{"coveragePercent":0.0,"knownUnitCount":0,"method":"unavailable","totalUnitCount":0},"plannedCapacityMw":0.0,"plannedCapacityMwByTechnology":{},"recordCount":1,"recordIds":["wattlas-record-gemunit-g100000801491"],"sourceIds":["gem-global-integrated-power-tracker"],"sourceUrl":"https://www.gem.wiki/Rangunia_solar_farm","technologies":["solar"],"technologyMixMw":{"solar":0.0},"unitCount":1,"unitIds":["gem-unit-G100000801491"]},"type":"Feature"},{"geometry":{"coordinates":[89.737,24.399],"type":"Point"},"id":"wattlas-plant-gemplant-l100000801389","properties":{"aliases":["--","Sirajganji solar farm"],"canonicalAnchor":"gemplant:L100000801389","canonicalCountryKey":"BD","capacityMw":68.0,"country":"BD","externalIds":{"gemPlant":"L100000801389","gemUnit":"G100000801593"},"gemWikiUrl":"https://www.gem.wiki/Sirajganji_solar_farm","geographyId":"BD-32408957B27409320841034","id":"wattlas-plant-gemplant-l100000801389","lifecycleCounts":{"operational":1},"locationPrecision":"exact","name":"Sirajganji solar farm","operatingCapacityCoverage":{"coveragePercent":100.0,"knownUnitCount":1,"method":"complete_unit_sum","provenance":{"evidenceCount":0,"recordIds":["wattlas-record-gemunit-g100000801593"],"sourceIds":["gem-global-integrated-power-tracker"],"sourceTypes":["research_verified"],"valueKind":"reported"},"totalUnitCount":1},"operatingCapacityMw":68.0,"operatingCapacityMwByTechnology":{"solar":68.0},"plannedCapacityCoverage":{"coveragePercent":0.0,"knownUnitCount":0,"method":"unavailable","totalUnitCount":0},"plannedCapacityMw":0.0,"plannedCapacityMwByTechnology":{},"recordCount":1,"recordIds":["wattlas-record-gemunit-g100000801593"],"sourceIds":["gem-global-integrated-power-tracker"],"sourceUrl":"https://www.gem.wiki/Sirajganji_solar_farm","technologies":["solar"],"technologyMixMw":{"solar":68.0},"unitCount":1,"unitIds":["gem-unit-G100000801593"]},"type":"Feature"},{"geometry":{"coordinates":[91.3865,22.8806],"type":"Point"},"id":"wattlas-plant-gemplant-l100000801412","properties":{"aliases":["--","Sonagazi (BPDB) solar farm"],"canonicalAnchor":"gemplant:L100000801412","canonicalCountryKey":"BD","capacityMw":0.0,"country":"BD","externalIds":{"gemPlant":"L100000801412","gemUnit":"G100000801622"},"gemWikiUrl":"https://www.gem.wiki/Sonagazi_(BPDB)_solar_farm","geographyId":"BD-32408957B94023193097291","id":"wattlas-plant-gemplant-l100000801412","lifecycleCounts":{"paused":1},"locationPrecision":"exact","name":"Sonagazi (BPDB) solar farm","operatingCapacityCoverage":{"coveragePercent":0.0,"knownUnitCount":0,"method":"unavailable","totalUnitCount":0},"operatingCapacityMw":0.0,"operatingCapacityMwByTechnology":{},"plannedCapacityCoverage":{"coveragePercent":0.0,"knownUnitCount":0,"method":"unavailable","totalUnitCount":0},"plannedCapacityMw":0.0,"plannedCapacityMwByTechnology":{},"recordCount":1,"recordIds":["wattlas-record-gemunit-g100000801622"],"sourceIds":["gem-global-integrated-power-tracker"],"sourceUrl":"https://www.gem.wiki/Sonagazi_(BPDB)_solar_farm","technologies":["solar"],"technologyMixMw":{"solar":0.0},"unitCount":1,"unitIds":["gem-unit-G100000801622"]},"type":"Feature"},{"geometry":{"coordinates":[90.4567,24.7069],"type":"Point"},"id":"wattlas-plant-gemplant-l100000801435","properties":{"aliases":["--","Sutiakhali solar farm"],"canonicalAnchor":"gemplant:L100000801435","canonicalCountryKey":"BD","capacityMw":50.0,"country":"BD","externalIds":{"gemPlant":"L100000801435","gemUnit":"G100000801649"},"gemWikiUrl":"https://www.gem.wiki/Sutiakhali_solar_farm","geographyId":"BD-32408957B83626866084602","id":"wattlas-plant-gemplant-l100000801435","lifecycleCounts":{"operational":1},"locationPrecision":"exact","name":"Sutiakhali solar farm","operatingCapacityCoverage":{"coveragePercent":100.0,"knownUnitCount":1,"method":"complete_unit_sum","provenance":{"evidenceCount":0,"recordIds":["wattlas-record-gemunit-g100000801649"],"sourceIds":["gem-global-integrated-power-tracker"],"sourceTypes":["research_verified"],"valueKind":"reported"},"totalUnitCount":1},"operatingCapacityMw":50.0,"operatingCapacityMwByTechnology":{"solar":50.0},"plannedCapacityCoverage":{"coveragePercent":0.0,"knownUnitCount":0,"method":"unavailable","totalUnitCount":0},"plannedCapacityMw":0.0,"plannedCapacityMwByTechnology":{},"recordCount":1,"recordIds":["wattlas-record-gemunit-g100000801649"],"sourceIds":["gem-global-integrated-power-tracker"],"sourceUrl":"https://www.gem.wiki/Sutiakhali_solar_farm","technologies":["solar"],"technologyMixMw":{"solar":50.0},"unitCount":1,"unitIds":["gem-unit-G100000801649"]},"type":"Feature"},{"geometry":{"coordinates":[92.2525,20.9805],"type":"Point"},"id":"wattlas-plant-gemplant-l100000801465","properties":{"aliases":["--","Teknaf (Tsel) solar farm"],"canonicalAnchor":"gemplant:L100000801465","canonicalCountryKey":"BD","capacityMw":20.0,"country":"BD","externalIds":{"gemPlant":"L100000801465","gemUnit":"G100000801684"},"gemWikiUrl":"https://www.gem.wiki/Teknaf_(Tsel)_solar_farm","geographyId":"BD-32408957B94023193097291","id":"wattlas-plant-gemplant-l100000801465","lifecycleCounts":{"operational":1},"locationPrecision":"exact","name":"Teknaf (Tsel) solar farm","operatingCapacityCoverage":{"coveragePercent":100.0,"knownUnitCount":1,"method":"complete_unit_sum","provenance":{"evidenceCount":0,"recordIds":["wattlas-record-gemunit-g100000801684"],"sourceIds":["gem-global-integrated-power-tracker"],"sourceTypes":["research_verified"],"valueKind":"reported"},"totalUnitCount":1},"operatingCapacityMw":20.0,"operatingCapacityMwByTechnology":{"solar":20.0},"plannedCapacityCoverage":{"coveragePercent":0.0,"knownUnitCount":0,"method":"unavailable","totalUnitCount":0},"plannedCapacityMw":0.0,"plannedCapacityMwByTechnology":{},"recordCount":1,"recordIds":["wattlas-record-gemunit-g100000801684"],"sourceIds":["gem-global-integrated-power-tracker"],"sourceUrl":"https://www.gem.wiki/Teknaf_(Tsel)_solar_farm","technologies":["solar"],"technologyMixMw":{"solar":20.0},"unitCount":1,"unitIds":["gem-unit-G100000801684"]},"type":"Feature"},{"geometry":{"coordinates":[89.5726,22.5708],"type":"Point"},"id":"wattlas-plant-gemplant-l100000808617","properties":{"aliases":["--","Moidhara solar farm"],"canonicalAnchor":"gemplant:L100000808617","canonicalCountryKey":"BD","capacityMw":134.0,"country":"BD","externalIds":{"gemPlant":"L100000808617","gemUnit":"G100000810865"},"gemWikiUrl":"https://www.gem.wiki/Moidhara_solar_farm","geographyId":"BD-32408957B3859287816056","id":"wattlas-plant-gemplant-l100000808617","lifecycleCounts":{"operational":1},"locationPrecision":"exact","name":"Moidhara solar farm","operatingCapacityCoverage":{"coveragePercent":100.0,"knownUnitCount":1,"method":"complete_unit_sum","provenance":{"evidenceCount":0,"recordIds":["wattlas-record-gemunit-g100000810865"],"sourceIds":["gem-global-integrated-power-tracker"],"sourceTypes":["research_verified"],"valueKind":"reported"},"totalUnitCount":1},"operatingCapacityMw":134.0,"operatingCapacityMwByTechnology":{"solar":134.0},"plannedCapacityCoverage":{"coveragePercent":0.0,"knownUnitCount":0,"method":"unavailable","totalUnitCount":0},"plannedCapacityMw":0.0,"plannedCapacityMwByTechnology":{},"recordCount":1,"recordIds":["wattlas-record-gemunit-g100000810865"],"sourceIds":["gem-global-integrated-power-tracker"],"sourceUrl":"https://www.gem.wiki/Moidhara_solar_farm","technologies":["solar"],"technologyMixMw":{"solar":134.0},"unitCount":1,"unitIds":["gem-unit-G100000810865"]},"type":"Feature"},{"geometry":{"coordinates":[90.1981,24.7308],"type":"Point"},"id":"wattlas-plant-gemplant-l100000829390","properties":{"aliases":["--","Muktagacha solar farm"],"canonicalAnchor":"gemplant:L100000829390","canonicalCountryKey":"BD","capacityMw":22.2,"country":"BD","externalIds":{"gemPlant":"L100000829390","gemUnit":"G100000833179"},"gemWikiUrl":"https://www.gem.wiki/Muktagacha_solar_farm","geographyId":"BD-32408957B83626866084602","id":"wattlas-plant-gemplant-l100000829390","lifecycleCounts":{"under_construction":1},"locationPrecision":"exact","name":"Muktagacha solar farm","operatingCapacityCoverage":{"coveragePercent":0.0,"knownUnitCount":0,"method":"unavailable","totalUnitCount":0},"operatingCapacityMw":0.0,"operatingCapacityMwByTechnology":{},"plannedCapacityCoverage":{"coveragePercent":100.0,"knownUnitCount":1,"method":"complete_unit_sum","provenance":{"evidenceCount":0,"recordIds":["wattlas-record-gemunit-g100000833179"],"sourceIds":["gem-global-integrated-power-tracker"],"sourceTypes":["research_verified"],"valueKind":"reported"},"totalUnitCount":1},"plannedCapacityMw":22.2,"plannedCapacityMwByTechnology":{"solar":22.2},"recordCount":1,"recordIds":["wattlas-record-gemunit-g100000833179"],"sourceIds":["gem-global-integrated-power-tracker"],"sourceUrl":"https://www.gem.wiki/Muktagacha_solar_farm","technologies":["solar"],"technologyMixMw":{"solar":22.2},"unitCount":1,"unitIds":["gem-unit-G100000833179"]},"type":"Feature"},{"geometry":{"coordinates":[89.7489,24.3862],"type":"Point"},"id":"wattlas-plant-gemplant-l100000829396","properties":{"aliases":["--","Syedabad solar project"],"canonicalAnchor":"gemplant:L100000829396","canonicalCountryKey":"BD","capacityMw":5.7,"country":"BD","externalIds":{"gemPlant":"L100000829396","gemUnit":"G100000833185"},"gemWikiUrl":"https://www.gem.wiki/Syedabad_solar_project","geographyId":"BD-32408957B27409320841034","id":"wattlas-plant-gemplant-l100000829396","lifecycleCounts":{"operational":1},"locationPrecision":"exact","name":"Syedabad solar project","operatingCapacityCoverage":{"coveragePercent":100.0,"knownUnitCount":1,"method":"complete_unit_sum","provenance":{"evidenceCount":0,"recordIds":["wattlas-record-gemunit-g100000833185"],"sourceIds":["gem-global-integrated-power-tracker"],"sourceTypes":["research_verified"],"valueKind":"reported"},"totalUnitCount":1},"operatingCapacityMw":5.7,"operatingCapacityMwByTechnology":{"solar":5.7},"plannedCapacityCoverage":{"coveragePercent":0.0,"knownUnitCount":0,"method":"unavailable","totalUnitCount":0},"plannedCapacityMw":0.0,"plannedCapacityMwByTechnology":{},"recordCount":1,"recordIds":["wattlas-record-gemunit-g100000833185"],"sourceIds":["gem-global-integrated-power-tracker"],"sourceUrl":"https://www.gem.wiki/Syedabad_solar_project","technologies":["solar"],"technologyMixMw":{"solar":5.7},"unitCount":1,"unitIds":["gem-unit-G100000833185"]},"type":"Feature"},{"geometry":{"coordinates":[91.3892,22.8705],"type":"Point"},"id":"wattlas-plant-gemplant-l100000901093","properties":{"aliases":["--","Regen Sonagazi wind farm"],"canonicalAnchor":"gemplant:L100000901093","canonicalCountryKey":"BD","capacityMw":0.0,"country":"BD","externalIds":{"gemPlant":"L100000901093","gemUnit":"G100000901274"},"gemWikiUrl":"https://www.gem.wiki/Regen_Sonagazi_wind_farm","geographyId":"BD-32408957B94023193097291","id":"wattlas-plant-gemplant-l100000901093","lifecycleCounts":{"paused":1},"locationPrecision":"exact","name":"Regen Sonagazi wind farm","operatingCapacityCoverage":{"coveragePercent":0.0,"knownUnitCount":0,"method":"unavailable","totalUnitCount":0},"operatingCapacityMw":0.0,"operatingCapacityMwByTechnology":{},"plannedCapacityCoverage":{"coveragePercent":0.0,"knownUnitCount":0,"method":"unavailable","totalUnitCount":0},"plannedCapacityMw":0.0,"plannedCapacityMwByTechnology":{},"recordCount":1,"recordIds":["wattlas-record-gemunit-g100000901274"],"sourceIds":["gem-global-integrated-power-tracker"],"sourceUrl":"https://www.gem.wiki/Regen_Sonagazi_wind_farm","technologies":["wind"],"technologyMixMw":{"wind":0.0},"unitCount":1,"unitIds":["gem-unit-G100000901274"]},"type":"Feature"},{"geometry":{"coordinates":[89.6036,22.4995],"type":"Point"},"id":"wattlas-plant-gemplant-l100000901133","properties":{"aliases":["--","Mongla wind farm"],"canonicalAnchor":"gemplant:L100000901133","canonicalCountryKey":"BD","capacityMw":55.0,"country":"BD","externalIds":{"gemPlant":"L100000901133","gemUnit":"G100000901323"},"gemWikiUrl":"https://www.gem.wiki/Mongla_wind_farm","geographyId":"BD-32408957B3859287816056","id":"wattlas-plant-gemplant-l100000901133","lifecycleCounts":{"announced":1},"locationPrecision":"exact","name":"Mongla wind farm","operatingCapacityCoverage":{"coveragePercent":0.0,"knownUnitCount":0,"method":"unavailable","totalUnitCount":0},"operatingCapacityMw":0.0,"operatingCapacityMwByTechnology":{},"plannedCapacityCoverage":{"coveragePercent":100.0,"knownUnitCount":1,"method":"complete_unit_sum","provenance":{"evidenceCount":0,"recordIds":["wattlas-record-gemunit-g100000901323"],"sourceIds":["gem-global-integrated-power-tracker"],"sourceTypes":["research_verified"],"valueKind":"reported"},"totalUnitCount":1},"plannedCapacityMw":55.0,"plannedCapacityMwByTechnology":{"wind":55.0},"recordCount":1,"recordIds":["wattlas-record-gemunit-g100000901323"],"sourceIds":["gem-global-integrated-power-tracker"],"sourceUrl":"https://www.gem.wiki/Mongla_wind_farm","technologies":["wind"],"technologyMixMw":{"wind":55.0},"unitCount":1,"unitIds":["gem-unit-G100000901323"]},"type":"Feature"},{"geometry":{"coordinates":[90.176,22.0161],"type":"Point"},"id":"wattlas-plant-gemplant-l100000901262","properties":{"aliases":["--","Patuakhali wind farm"],"canonicalAnchor":"gemplant:L100000901262","canonicalCountryKey":"BD","capacityMw":100.0,"country":"BD","externalIds":{"gemPlant":"L100000901262","gemUnit":"G100000901473"},"gemWikiUrl":"https://www.gem.wiki/Patuakhali_wind_farm","geographyId":"BD-32408957B31852228482374","id":"wattlas-plant-gemplant-l100000901262","lifecycleCounts":{"announced":1},"locationPrecision":"exact","name":"Patuakhali wind farm","operatingCapacityCoverage":{"coveragePercent":0.0,"knownUnitCount":0,"method":"unavailable","totalUnitCount":0},"operatingCapacityMw":0.0,"operatingCapacityMwByTechnology":{},"plannedCapacityCoverage":{"coveragePercent":100.0,"knownUnitCount":1,"method":"complete_unit_sum","provenance":{"evidenceCount":0,"recordIds":["wattlas-record-gemunit-g100000901473"],"sourceIds":["gem-global-integrated-power-tracker"],"sourceTypes":["research_verified"],"valueKind":"reported"},"totalUnitCount":1},"plannedCapacityMw":100.0,"plannedCapacityMwByTechnology":{"wind":100.0},"recordCount":1,"recordIds":["wattlas-record-gemunit-g100000901473"],"sourceIds":["gem-global-integrated-power-tracker"],"sourceUrl":"https://www.gem.wiki/Patuakhali_wind_farm","technologies":["wind"],"technologyMixMw":{"wind":100.0},"unitCount":1,"unitIds":["gem-unit-G100000901473"]},"type":"Feature"},{"geometry":{"coordinates":[90.7097,23.247],"type":"Point"},"id":"wattlas-plant-gemplant-l100000901334","properties":{"aliases":["--","Chandpur wind farm"],"canonicalAnchor":"gemplant:L100000901334","canonicalCountryKey":"BD","capacityMw":0.0,"country":"BD","externalIds":{"gemPlant":"L100000901334","gemUnit":"G100000901567"},"gemWikiUrl":"https://www.gem.wiki/Chandpur_wind_farm","geographyId":"BD-32408957B94023193097291","id":"wattlas-plant-gemplant-l100000901334","lifecycleCounts":{"paused":1},"locationPrecision":"exact","name":"Chandpur wind farm","operatingCapacityCoverage":{"coveragePercent":0.0,"knownUnitCount":0,"method":"unavailable","totalUnitCount":0},"operatingCapacityMw":0.0,"operatingCapacityMwByTechnology":{},"plannedCapacityCoverage":{"coveragePercent":0.0,"knownUnitCount":0,"method":"unavailable","totalUnitCount":0},"plannedCapacityMw":0.0,"plannedCapacityMwByTechnology":{},"recordCount":1,"recordIds":["wattlas-record-gemunit-g100000901567"],"sourceIds":["gem-global-integrated-power-tracker"],"sourceUrl":"https://www.gem.wiki/Chandpur_wind_farm","technologies":["wind"],"technologyMixMw":{"wind":0.0},"unitCount":1,"unitIds":["gem-unit-G100000901567"]},"type":"Feature"},{"geometry":{"coordinates":[90.298461,23.795258],"type":"Point"},"id":"wattlas-plant-gemplant-l100001018561","properties":{"aliases":["--","Aminbazar Waste-To-Energy power station"],"canonicalAnchor":"gemplant:L100001018561","canonicalCountryKey":"BD","capacityMw":70.0,"country":"BD","externalIds":{"gemPlant":"L100001018561","gemUnit":"G100001020761"},"gemWikiUrl":"https://www.gem.wiki/Aminbazar_Waste-To-Energy_power_station","geographyId":"BD-32408957B77718829177955","id":"wattlas-plant-gemplant-l100001018561","lifecycleCounts":{"announced":1},"locationPrecision":"exact","name":"Aminbazar Waste-To-Energy power station","operatingCapacityCoverage":{"coveragePercent":0.0,"knownUnitCount":0,"method":"unavailable","totalUnitCount":0},"operatingCapacityMw":0.0,"operatingCapacityMwByTechnology":{},"plannedCapacityCoverage":{"coveragePercent":100.0,"knownUnitCount":1,"method":"complete_unit_sum","provenance":{"evidenceCount":0,"recordIds":["wattlas-record-gemunit-g100001020761"],"sourceIds":["gem-global-integrated-power-tracker"],"sourceTypes":["research_verified"],"valueKind":"reported"},"totalUnitCount":1},"plannedCapacityMw":70.0,"plannedCapacityMwByTechnology":{"biomass":70.0},"recordCount":1,"recordIds":["wattlas-record-gemunit-g100001020761"],"sourceIds":["gem-global-integrated-power-tracker"],"sourceUrl":"https://www.gem.wiki/Aminbazar_Waste-To-Energy_power_station","technologies":["biomass"],"technologyMixMw":{"biomass":70.0},"unitCount":1,"unitIds":["gem-unit-G100001020761"]},"type":"Feature"},{"geometry":{"coordinates":[89.8426,24.7723],"type":"Point"},"id":"wattlas-plant-gemplant-l100001025021","properties":{"aliases":["--","Mymensingh Division solar project"],"canonicalAnchor":"gemplant:L100001025021","canonicalCountryKey":"BD","capacityMw":2.5,"country":"BD","externalIds":{"gemPlant":"L100001025021","gemUnit":"G100001029702"},"gemWikiUrl":"https://www.gem.wiki/Mymensingh_Division_solar_project","geographyId":"BD-32408957B83626866084602","id":"wattlas-plant-gemplant-l100001025021","lifecycleCounts":{"operational":1},"locationPrecision":"exact","name":"Mymensingh Division solar project","operatingCapacityCoverage":{"coveragePercent":100.0,"knownUnitCount":1,"method":"complete_unit_sum","provenance":{"evidenceCount":0,"recordIds":["wattlas-record-gemunit-g100001029702"],"sourceIds":["gem-global-integrated-power-tracker"],"sourceTypes":["research_verified"],"valueKind":"reported"},"totalUnitCount":1},"operatingCapacityMw":2.5,"operatingCapacityMwByTechnology":{"solar":2.5},"plannedCapacityCoverage":{"coveragePercent":0.0,"knownUnitCount":0,"method":"unavailable","totalUnitCount":0},"plannedCapacityMw":0.0,"plannedCapacityMwByTechnology":{},"recordCount":1,"recordIds":["wattlas-record-gemunit-g100001029702"],"sourceIds":["gem-global-integrated-power-tracker"],"sourceUrl":"https://www.gem.wiki/Mymensingh_Division_solar_project","technologies":["solar"],"technologyMixMw":{"solar":2.5},"unitCount":1,"unitIds":["gem-unit-G100001029702"]},"type":"Feature"},{"geometry":{"coordinates":[92.2267,22.4914],"type":"Point"},"id":"wattlas-plant-gemplant-l100001025022","properties":{"aliases":["--","Kaptai Upazila solar project"],"canonicalAnchor":"gemplant:L100001025022","canonicalCountryKey":"BD","capacityMw":5.4,"country":"BD","externalIds":{"gemPlant":"L100001025022","gemUnit":"G100001029703"},"gemWikiUrl":"https://www.gem.wiki/Kaptai_Upazila_solar_project","geographyId":"BD-32408957B94023193097291","id":"wattlas-plant-gemplant-l100001025022","lifecycleCounts":{"operational":1},"locationPrecision":"exact","name":"Kaptai Upazila solar project","operatingCapacityCoverage":{"coveragePercent":100.0,"knownUnitCount":1,"method":"complete_unit_sum","provenance":{"evidenceCount":0,"recordIds":["wattlas-record-gemunit-g100001029703"],"sourceIds":["gem-global-integrated-power-tracker"],"sourceTypes":["research_verified"],"valueKind":"reported"},"totalUnitCount":1},"operatingCapacityMw":5.4,"operatingCapacityMwByTechnology":{"solar":5.4},"plannedCapacityCoverage":{"coveragePercent":0.0,"knownUnitCount":0,"method":"unavailable","totalUnitCount":0},"plannedCapacityMw":0.0,"plannedCapacityMwByTechnology":{},"recordCount":1,"recordIds":["wattlas-record-gemunit-g100001029703"],"sourceIds":["gem-global-integrated-power-tracker"],"sourceUrl":"https://www.gem.wiki/Kaptai_Upazila_solar_project","technologies":["solar"],"technologyMixMw":{"solar":5.4},"unitCount":1,"unitIds":["gem-unit-G100001029703"]},"type":"Feature"},{"geometry":{"coordinates":[88.4102,26.4829],"type":"Point"},"id":"wattlas-plant-gemplant-l100001025023","properties":{"aliases":["--","Tetulia solar project"],"canonicalAnchor":"gemplant:L100001025023","canonicalCountryKey":"BD","capacityMw":10.1,"country":"BD","externalIds":{"gemPlant":"L100001025023","gemUnit":"G100001029704"},"gemWikiUrl":"https://www.gem.wiki/Tetulia_solar_project","geographyId":"BD-32408957B77489436868882","id":"wattlas-plant-gemplant-l100001025023","lifecycleCounts":{"operational":1},"locationPrecision":"exact","name":"Tetulia solar project","operatingCapacityCoverage":{"coveragePercent":100.0,"knownUnitCount":1,"method":"complete_unit_sum","provenance":{"evidenceCount":0,"recordIds":["wattlas-record-gemunit-g100001029704"],"sourceIds":["gem-global-integrated-power-tracker"],"sourceTypes":["research_verified"],"valueKind":"reported"},"totalUnitCount":1},"operatingCapacityMw":10.1,"operatingCapacityMwByTechnology":{"solar":10.1},"plannedCapacityCoverage":{"coveragePercent":0.0,"knownUnitCount":0,"method":"unavailable","totalUnitCount":0},"plannedCapacityMw":0.0,"plannedCapacityMwByTechnology":{},"recordCount":1,"recordIds":["wattlas-record-gemunit-g100001029704"],"sourceIds":["gem-global-integrated-power-tracker"],"sourceUrl":"https://www.gem.wiki/Tetulia_solar_project","technologies":["solar"],"technologyMixMw":{"solar":10.1},"unitCount":1,"unitIds":["gem-unit-G100001029704"]},"type":"Feature"},{"geometry":{"coordinates":[92.0077,22.4504],"type":"Point"},"id":"wattlas-plant-gemplant-l100001050175","properties":{"aliases":["--","Rangunia (Metito) solar farm"],"canonicalAnchor":"gemplant:L100001050175","canonicalCountryKey":"BD","capacityMw":55.0,"country":"BD","externalIds":{"gemPlant":"L100001050175","gemUnit":"G100001057871"},"gemWikiUrl":"https://www.gem.wiki/Rangunia_(Metito)_solar_farm","geographyId":"BD-32408957B94023193097291","id":"wattlas-plant-gemplant-l100001050175","lifecycleCounts":{"announced":1},"locationPrecision":"exact","name":"Rangunia (Metito) solar farm","operatingCapacityCoverage":{"coveragePercent":0.0,"knownUnitCount":0,"method":"unavailable","totalUnitCount":0},"operatingCapacityMw":0.0,"operatingCapacityMwByTechnology":{},"plannedCapacityCoverage":{"coveragePercent":100.0,"knownUnitCount":1,"method":"complete_unit_sum","provenance":{"evidenceCount":0,"recordIds":["wattlas-record-gemunit-g100001057871"],"sourceIds":["gem-global-integrated-power-tracker"],"sourceTypes":["research_verified"],"valueKind":"reported"},"totalUnitCount":1},"plannedCapacityMw":55.0,"plannedCapacityMwByTechnology":{"solar":55.0},"recordCount":1,"recordIds":["wattlas-record-gemunit-g100001057871"],"sourceIds":["gem-global-integrated-power-tracker"],"sourceUrl":"https://www.gem.wiki/Rangunia_(Metito)_solar_farm","technologies":["solar"],"technologyMixMw":{"solar":55.0},"unitCount":1,"unitIds":["gem-unit-G100001057871"]},"type":"Feature"},{"geometry":{"coordinates":[89.7057,23.4333],"type":"Point"},"id":"wattlas-plant-gemplant-l100001067490","properties":{"aliases":["--","Boalmari Upazila solar project"],"canonicalAnchor":"gemplant:L100001067490","canonicalCountryKey":"BD","capacityMw":5.8,"country":"BD","externalIds":{"gemPlant":"L100001067490","gemUnit":"G100001077276"},"gemWikiUrl":"https://www.gem.wiki/Boalmari_Upazila_solar_project","geographyId":"BD-32408957B77718829177955","id":"wattlas-plant-gemplant-l100001067490","lifecycleCounts":{"operational":1},"locationPrecision":"exact","name":"Boalmari Upazila solar project","operatingCapacityCoverage":{"coveragePercent":100.0,"knownUnitCount":1,"method":"complete_unit_sum","provenance":{"evidenceCount":0,"recordIds":["wattlas-record-gemunit-g100001077276"],"sourceIds":["gem-global-integrated-power-tracker"],"sourceTypes":["research_verified"],"valueKind":"reported"},"totalUnitCount":1},"operatingCapacityMw":5.8,"operatingCapacityMwByTechnology":{"solar":5.8},"plannedCapacityCoverage":{"coveragePercent":0.0,"knownUnitCount":0,"method":"unavailable","totalUnitCount":0},"plannedCapacityMw":0.0,"plannedCapacityMwByTechnology":{},"recordCount":1,"recordIds":["wattlas-record-gemunit-g100001077276"],"sourceIds":["gem-global-integrated-power-tracker"],"sourceUrl":"https://www.gem.wiki/Boalmari_Upazila_solar_project","technologies":["solar"],"technologyMixMw":{"solar":5.8},"unitCount":1,"unitIds":["gem-unit-G100001077276"]},"type":"Feature"},{"geometry":{"coordinates":[90.4039,24.1544],"type":"Point"},"id":"wattlas-plant-gemplant-l100001067491","properties":{"aliases":["--","Gazipur Sadar solar project"],"canonicalAnchor":"gemplant:L100001067491","canonicalCountryKey":"BD","capacityMw":2.3,"country":"BD","externalIds":{"gemPlant":"L100001067491","gemUnit":"G100001077277"},"gemWikiUrl":"https://www.gem.wiki/Gazipur_Sadar_solar_project","geographyId":"BD-32408957B77718829177955","id":"wattlas-plant-gemplant-l100001067491","lifecycleCounts":{"operational":1},"locationPrecision":"exact","name":"Gazipur Sadar solar project","operatingCapacityCoverage":{"coveragePercent":100.0,"knownUnitCount":1,"method":"complete_unit_sum","provenance":{"evidenceCount":0,"recordIds":["wattlas-record-gemunit-g100001077277"],"sourceIds":["gem-global-integrated-power-tracker"],"sourceTypes":["research_verified"],"valueKind":"reported"},"totalUnitCount":1},"operatingCapacityMw":2.3,"operatingCapacityMwByTechnology":{"solar":2.3},"plannedCapacityCoverage":{"coveragePercent":0.0,"knownUnitCount":0,"method":"unavailable","totalUnitCount":0},"plannedCapacityMw":0.0,"plannedCapacityMwByTechnology":{},"recordCount":1,"recordIds":["wattlas-record-gemunit-g100001077277"],"sourceIds":["gem-global-integrated-power-tracker"],"sourceUrl":"https://www.gem.wiki/Gazipur_Sadar_solar_project","technologies":["solar"],"technologyMixMw":{"solar":2.3},"unitCount":1,"unitIds":["gem-unit-G100001077277"]},"type":"Feature"},{"geometry":{"coordinates":[91.8344,22.229],"type":"Point"},"id":"wattlas-plant-gemplant-l100001067492","properties":{"aliases":["--","Anwara Upazila solar project"],"canonicalAnchor":"gemplant:L100001067492","canonicalCountryKey":"BD","capacityMw":3.1,"country":"BD","externalIds":{"gemPlant":"L100001067492","gemUnit":"G100001077278"},"gemWikiUrl":"https://www.gem.wiki/Anwara_Upazila_solar_project","geographyId":"BD-32408957B94023193097291","id":"wattlas-plant-gemplant-l100001067492","lifecycleCounts":{"operational":1},"locationPrecision":"exact","name":"Anwara Upazila solar project","operatingCapacityCoverage":{"coveragePercent":100.0,"knownUnitCount":1,"method":"complete_unit_sum","provenance":{"evidenceCount":0,"recordIds":["wattlas-record-gemunit-g100001077278"],"sourceIds":["gem-global-integrated-power-tracker"],"sourceTypes":["research_verified"],"valueKind":"reported"},"totalUnitCount":1},"operatingCapacityMw":3.1,"operatingCapacityMwByTechnology":{"solar":3.1},"plannedCapacityCoverage":{"coveragePercent":0.0,"knownUnitCount":0,"method":"unavailable","totalUnitCount":0},"plannedCapacityMw":0.0,"plannedCapacityMwByTechnology":{},"recordCount":1,"recordIds":["wattlas-record-gemunit-g100001077278"],"sourceIds":["gem-global-integrated-power-tracker"],"sourceUrl":"https://www.gem.wiki/Anwara_Upazila_solar_project","technologies":["solar"],"technologyMixMw":{"solar":3.1},"unitCount":1,"unitIds":["gem-unit-G100001077278"]},"type":"Feature"},{"geometry":{"coordinates":[90.2957,24.0686],"type":"Point"},"id":"wattlas-plant-gemplant-l100001067493","properties":{"aliases":["--","Kaliakair solar project I"],"canonicalAnchor":"gemplant:L100001067493","canonicalCountryKey":"BD","capacityMw":2.3,"country":"BD","externalIds":{"gemPlant":"L100001067493","gemUnit":"G100001077279"},"gemWikiUrl":"https://www.gem.wiki/Kaliakair_solar_project_I","geographyId":"BD-32408957B77718829177955","id":"wattlas-plant-gemplant-l100001067493","lifecycleCounts":{"operational":1},"locationPrecision":"exact","name":"Kaliakair solar project I","operatingCapacityCoverage":{"coveragePercent":100.0,"knownUnitCount":1,"method":"complete_unit_sum","provenance":{"evidenceCount":0,"recordIds":["wattlas-record-gemunit-g100001077279"],"sourceIds":["gem-global-integrated-power-tracker"],"sourceTypes":["research_verified"],"valueKind":"reported"},"totalUnitCount":1},"operatingCapacityMw":2.3,"operatingCapacityMwByTechnology":{"solar":2.3},"plannedCapacityCoverage":{"coveragePercent":0.0,"knownUnitCount":0,"method":"unavailable","totalUnitCount":0},"plannedCapacityMw":0.0,"plannedCapacityMwByTechnology":{},"recordCount":1,"recordIds":["wattlas-record-gemunit-g100001077279"],"sourceIds":["gem-global-integrated-power-tracker"],"sourceUrl":"https://www.gem.wiki/Kaliakair_solar_project_I","technologies":["solar"],"technologyMixMw":{"solar":2.3},"unitCount":1,"unitIds":["gem-unit-G100001077279"]},"type":"Feature"},{"geometry":{"coordinates":[90.5495,23.7644],"type":"Point"},"id":"wattlas-plant-gemplant-l100001067494","properties":{"aliases":["--","Rupganj Upazila solar project"],"canonicalAnchor":"gemplant:L100001067494","canonicalCountryKey":"BD","capacityMw":1.1,"country":"BD","externalIds":{"gemPlant":"L100001067494","gemUnit":"G100001077280"},"gemWikiUrl":"https://www.gem.wiki/Rupganj_Upazila_solar_project","geographyId":"BD-32408957B77718829177955","id":"wattlas-plant-gemplant-l100001067494","lifecycleCounts":{"operational":1},"locationPrecision":"exact","name":"Rupganj Upazila solar project","operatingCapacityCoverage":{"coveragePercent":100.0,"knownUnitCount":1,"method":"complete_unit_sum","provenance":{"evidenceCount":0,"recordIds":["wattlas-record-gemunit-g100001077280"],"sourceIds":["gem-global-integrated-power-tracker"],"sourceTypes":["research_verified"],"valueKind":"reported"},"totalUnitCount":1},"operatingCapacityMw":1.1,"operatingCapacityMwByTechnology":{"solar":1.1},"plannedCapacityCoverage":{"coveragePercent":0.0,"knownUnitCount":0,"method":"unavailable","totalUnitCount":0},"plannedCapacityMw":0.0,"plannedCapacityMwByTechnology":{},"recordCount":1,"recordIds":["wattlas-record-gemunit-g100001077280"],"sourceIds":["gem-global-integrated-power-tracker"],"sourceUrl":"https://www.gem.wiki/Rupganj_Upazila_solar_project","technologies":["solar"],"technologyMixMw":{"solar":1.1},"unitCount":1,"unitIds":["gem-unit-G100001077280"]},"type":"Feature"},{"geometry":{"coordinates":[89.8006,24.4038],"type":"Point"},"id":"wattlas-plant-gemplant-l100001067495","properties":{"aliases":["--","Bhuapur Upazila solar project"],"canonicalAnchor":"gemplant:L100001067495","canonicalCountryKey":"BD","capacityMw":2.2,"country":"BD","externalIds":{"gemPlant":"L100001067495","gemUnit":"G100001077281"},"gemWikiUrl":"https://www.gem.wiki/Bhuapur_Upazila_solar_project","geographyId":"BD-32408957B77718829177955","id":"wattlas-plant-gemplant-l100001067495","lifecycleCounts":{"operational":1},"locationPrecision":"exact","name":"Bhuapur Upazila solar project","operatingCapacityCoverage":{"coveragePercent":100.0,"knownUnitCount":1,"method":"complete_unit_sum","provenance":{"evidenceCount":0,"recordIds":["wattlas-record-gemunit-g100001077281"],"sourceIds":["gem-global-integrated-power-tracker"],"sourceTypes":["research_verified"],"valueKind":"reported"},"totalUnitCount":1},"operatingCapacityMw":2.2,"operatingCapacityMwByTechnology":{"solar":2.2},"plannedCapacityCoverage":{"coveragePercent":0.0,"knownUnitCount":0,"method":"unavailable","totalUnitCount":0},"plannedCapacityMw":0.0,"plannedCapacityMwByTechnology":{},"recordCount":1,"recordIds":["wattlas-record-gemunit-g100001077281"],"sourceIds":["gem-global-integrated-power-tracker"],"sourceUrl":"https://www.gem.wiki/Bhuapur_Upazila_solar_project","technologies":["solar"],"technologyMixMw":{"solar":2.2},"unitCount":1,"unitIds":["gem-unit-G100001077281"]},"type":"Feature"},{"geometry":{"coordinates":[90.397,23.8585],"type":"Point"},"id":"wattlas-plant-gemplant-l100001067496","properties":{"aliases":["--","Dhaka Dhaka Metropolitan solar project"],"canonicalAnchor":"gemplant:L100001067496","canonicalCountryKey":"BD","capacityMw":2.8,"country":"BD","externalIds":{"gemPlant":"L100001067496","gemUnit":"G100001077282"},"gemWikiUrl":"https://www.gem.wiki/Dhaka_Dhaka_Metropolitan_solar_project","geographyId":"BD-32408957B77718829177955","id":"wattlas-plant-gemplant-l100001067496","lifecycleCounts":{"operational":1},"locationPrecision":"exact","name":"Dhaka Dhaka Metropolitan solar project","operatingCapacityCoverage":{"coveragePercent":100.0,"knownUnitCount":1,"method":"complete_unit_sum","provenance":{"evidenceCount":0,"recordIds":["wattlas-record-gemunit-g100001077282"],"sourceIds":["gem-global-integrated-power-tracker"],"sourceTypes":["research_verified"],"valueKind":"reported"},"totalUnitCount":1},"operatingCapacityMw":2.8,"operatingCapacityMwByTechnology":{"solar":2.8},"plannedCapacityCoverage":{"coveragePercent":0.0,"knownUnitCount":0,"method":"unavailable","totalUnitCount":0},"plannedCapacityMw":0.0,"plannedCapacityMwByTechnology":{},"recordCount":1,"recordIds":["wattlas-record-gemunit-g100001077282"],"sourceIds":["gem-global-integrated-power-tracker"],"sourceUrl":"https://www.gem.wiki/Dhaka_Dhaka_Metropolitan_solar_project","technologies":["solar"],"technologyMixMw":{"solar":2.8},"unitCount":1,"unitIds":["gem-unit-G100001077282"]},"type":"Feature"},{"geometry":{"coordinates":[90.0578,23.906],"type":"Point"},"id":"wattlas-plant-gemplant-l100001067497","properties":{"aliases":["--","Saturia Subdistrict solar project I"],"canonicalAnchor":"gemplant:L100001067497","canonicalCountryKey":"BD","capacityMw":3.8,"country":"BD","externalIds":{"gemPlant":"L100001067497","gemUnit":"G100001077283"},"gemWikiUrl":"https://www.gem.wiki/Saturia_Subdistrict_solar_project_I","geographyId":"BD-32408957B77718829177955","id":"wattlas-plant-gemplant-l100001067497","lifecycleCounts":{"operational":1},"locationPrecision":"exact","name":"Saturia Subdistrict solar project I","operatingCapacityCoverage":{"coveragePercent":100.0,"knownUnitCount":1,"method":"complete_unit_sum","provenance":{"evidenceCount":0,"recordIds":["wattlas-record-gemunit-g100001077283"],"sourceIds":["gem-global-integrated-power-tracker"],"sourceTypes":["research_verified"],"valueKind":"reported"},"totalUnitCount":1},"operatingCapacityMw":3.8,"operatingCapacityMwByTechnology":{"solar":3.8},"plannedCapacityCoverage":{"coveragePercent":0.0,"knownUnitCount":0,"method":"unavailable","totalUnitCount":0},"plannedCapacityMw":0.0,"plannedCapacityMwByTechnology":{},"recordCount":1,"recordIds":["wattlas-record-gemunit-g100001077283"],"sourceIds":["gem-global-integrated-power-tracker"],"sourceUrl":"https://www.gem.wiki/Saturia_Subdistrict_solar_project_I","technologies":["solar"],"technologyMixMw":{"solar":3.8},"unitCount":1,"unitIds":["gem-unit-G100001077283"]},"type":"Feature"},{"geometry":{"coordinates":[90.2979,24.0837],"type":"Point"},"id":"wattlas-plant-gemplant-l100001067498","properties":{"aliases":["--","Kaliakair solar project II"],"canonicalAnchor":"gemplant:L100001067498","canonicalCountryKey":"BD","capacityMw":1.8,"country":"BD","externalIds":{"gemPlant":"L100001067498","gemUnit":"G100001077284"},"gemWikiUrl":"https://www.gem.wiki/Kaliakair_solar_project_II","geographyId":"BD-32408957B77718829177955","id":"wattlas-plant-gemplant-l100001067498","lifecycleCounts":{"operational":1},"locationPrecision":"exact","name":"Kaliakair solar project II","operatingCapacityCoverage":{"coveragePercent":100.0,"knownUnitCount":1,"method":"complete_unit_sum","provenance":{"evidenceCount":0,"recordIds":["wattlas-record-gemunit-g100001077284"],"sourceIds":["gem-global-integrated-power-tracker"],"sourceTypes":["research_verified"],"valueKind":"reported"},"totalUnitCount":1},"operatingCapacityMw":1.8,"operatingCapacityMwByTechnology":{"solar":1.8},"plannedCapacityCoverage":{"coveragePercent":0.0,"knownUnitCount":0,"method":"unavailable","totalUnitCount":0},"plannedCapacityMw":0.0,"plannedCapacityMwByTechnology":{},"recordCount":1,"recordIds":["wattlas-record-gemunit-g100001077284"],"sourceIds":["gem-global-integrated-power-tracker"],"sourceUrl":"https://www.gem.wiki/Kaliakair_solar_project_II","technologies":["solar"],"technologyMixMw":{"solar":1.8},"unitCount":1,"unitIds":["gem-unit-G100001077284"]},"type":"Feature"},{"geometry":{"coordinates":[88.6886,26.327],"type":"Point"},"id":"wattlas-plant-gemplant-l100001067499","properties":{"aliases":["--","Chaklahat Union Panchagarh Sadar Upazila solar project"],"canonicalAnchor":"gemplant:L100001067499","canonicalCountryKey":"BD","capacityMw":3.0,"country":"BD","externalIds":{"gemPlant":"L100001067499","gemUnit":"G100001077285"},"gemWikiUrl":"https://www.gem.wiki/Chaklahat_Union_Panchagarh_Sadar_Upazila_solar_project","geographyId":"BD-32408957B77489436868882","id":"wattlas-plant-gemplant-l100001067499","lifecycleCounts":{"operational":1},"locationPrecision":"exact","name":"Chaklahat Union Panchagarh Sadar Upazila solar project","operatingCapacityCoverage":{"coveragePercent":100.0,"knownUnitCount":1,"method":"complete_unit_sum","provenance":{"evidenceCount":0,"recordIds":["wattlas-record-gemunit-g100001077285"],"sourceIds":["gem-global-integrated-power-tracker"],"sourceTypes":["research_verified"],"valueKind":"reported"},"totalUnitCount":1},"operatingCapacityMw":3.0,"operatingCapacityMwByTechnology":{"solar":3.0},"plannedCapacityCoverage":{"coveragePercent":0.0,"knownUnitCount":0,"method":"unavailable","totalUnitCount":0},"plannedCapacityMw":0.0,"plannedCapacityMwByTechnology":{},"recordCount":1,"recordIds":["wattlas-record-gemunit-g100001077285"],"sourceIds":["gem-global-integrated-power-tracker"],"sourceUrl":"https://www.gem.wiki/Chaklahat_Union_Panchagarh_Sadar_Upazila_solar_project","technologies":["solar"],"technologyMixMw":{"solar":3.0},"unitCount":1,"unitIds":["gem-unit-G100001077285"]},"type":"Feature"},{"geometry":{"coordinates":[90.2188,24.0375],"type":"Point"},"id":"wattlas-plant-gemplant-l100001067500","properties":{"aliases":["--","Kaliakair solar project III"],"canonicalAnchor":"gemplant:L100001067500","canonicalCountryKey":"BD","capacityMw":1.4,"country":"BD","externalIds":{"gemPlant":"L100001067500","gemUnit":"G100001077286"},"gemWikiUrl":"https://www.gem.wiki/Kaliakair_solar_project_III","geographyId":"BD-32408957B77718829177955","id":"wattlas-plant-gemplant-l100001067500","lifecycleCounts":{"operational":1},"locationPrecision":"exact","name":"Kaliakair solar project III","operatingCapacityCoverage":{"coveragePercent":100.0,"knownUnitCount":1,"method":"complete_unit_sum","provenance":{"evidenceCount":0,"recordIds":["wattlas-record-gemunit-g100001077286"],"sourceIds":["gem-global-integrated-power-tracker"],"sourceTypes":["research_verified"],"valueKind":"reported"},"totalUnitCount":1},"operatingCapacityMw":1.4,"operatingCapacityMwByTechnology":{"solar":1.4},"plannedCapacityCoverage":{"coveragePercent":0.0,"knownUnitCount":0,"method":"unavailable","totalUnitCount":0},"plannedCapacityMw":0.0,"plannedCapacityMwByTechnology":{},"recordCount":1,"recordIds":["wattlas-record-gemunit-g100001077286"],"sourceIds":["gem-global-integrated-power-tracker"],"sourceUrl":"https://www.gem.wiki/Kaliakair_solar_project_III","technologies":["solar"],"technologyMixMw":{"solar":1.4},"unitCount":1,"unitIds":["gem-unit-G100001077286"]},"type":"Feature"},{"geometry":{"coordinates":[90.2582,24.0326],"type":"Point"},"id":"wattlas-plant-gemplant-l100001067501","properties":{"aliases":["--","Kaliakair solar project IV"],"canonicalAnchor":"gemplant:L100001067501","canonicalCountryKey":"BD","capacityMw":2.9,"country":"BD","externalIds":{"gemPlant":"L100001067501","gemUnit":"G100001077287"},"gemWikiUrl":"https://www.gem.wiki/Kaliakair_solar_project_IV","geographyId":"BD-32408957B77718829177955","id":"wattlas-plant-gemplant-l100001067501","lifecycleCounts":{"operational":1},"locationPrecision":"exact","name":"Kaliakair solar project IV","operatingCapacityCoverage":{"coveragePercent":100.0,"knownUnitCount":1,"method":"complete_unit_sum","provenance":{"evidenceCount":0,"recordIds":["wattlas-record-gemunit-g100001077287"],"sourceIds":["gem-global-integrated-power-tracker"],"sourceTypes":["research_verified"],"valueKind":"reported"},"totalUnitCount":1},"operatingCapacityMw":2.9,"operatingCapacityMwByTechnology":{"solar":2.9},"plannedCapacityCoverage":{"coveragePercent":0.0,"knownUnitCount":0,"method":"unavailable","totalUnitCount":0},"plannedCapacityMw":0.0,"plannedCapacityMwByTechnology":{},"recordCount":1,"recordIds":["wattlas-record-gemunit-g100001077287"],"sourceIds":["gem-global-integrated-power-tracker"],"sourceUrl":"https://www.gem.wiki/Kaliakair_solar_project_IV","technologies":["solar"],"technologyMixMw":{"solar":2.9},"unitCount":1,"unitIds":["gem-unit-G100001077287"]},"type":"Feature"},{"geometry":{"coordinates":[90.0816,23.9179],"type":"Point"},"id":"wattlas-plant-gemplant-l100001067502","properties":{"aliases":["--","Saturia Subdistrict solar project II"],"canonicalAnchor":"gemplant:L100001067502","canonicalCountryKey":"BD","capacityMw":1.8,"country":"BD","externalIds":{"gemPlant":"L100001067502","gemUnit":"G100001077288"},"gemWikiUrl":"https://www.gem.wiki/Saturia_Subdistrict_solar_project_II","geographyId":"BD-32408957B77718829177955","id":"wattlas-plant-gemplant-l100001067502","lifecycleCounts":{"operational":1},"locationPrecision":"exact","name":"Saturia Subdistrict solar project II","operatingCapacityCoverage":{"coveragePercent":100.0,"knownUnitCount":1,"method":"complete_unit_sum","provenance":{"evidenceCount":0,"recordIds":["wattlas-record-gemunit-g100001077288"],"sourceIds":["gem-global-integrated-power-tracker"],"sourceTypes":["research_verified"],"valueKind":"reported"},"totalUnitCount":1},"operatingCapacityMw":1.8,"operatingCapacityMwByTechnology":{"solar":1.8},"plannedCapacityCoverage":{"coveragePercent":0.0,"knownUnitCount":0,"method":"unavailable","totalUnitCount":0},"plannedCapacityMw":0.0,"plannedCapacityMwByTechnology":{},"recordCount":1,"recordIds":["wattlas-record-gemunit-g100001077288"],"sourceIds":["gem-global-integrated-power-tracker"],"sourceUrl":"https://www.gem.wiki/Saturia_Subdistrict_solar_project_II","technologies":["solar"],"technologyMixMw":{"solar":1.8},"unitCount":1,"unitIds":["gem-unit-G100001077288"]},"type":"Feature"},{"geometry":{"coordinates":[90.3831,24.305],"type":"Point"},"id":"wattlas-plant-gemplant-l100001067503","properties":{"aliases":["--","Bhaluka Upazila solar project"],"canonicalAnchor":"gemplant:L100001067503","canonicalCountryKey":"BD","capacityMw":1.9,"country":"BD","externalIds":{"gemPlant":"L100001067503","gemUnit":"G100001077289"},"gemWikiUrl":"https://www.gem.wiki/Bhaluka_Upazila_solar_project","geographyId":"BD-32408957B83626866084602","id":"wattlas-plant-gemplant-l100001067503","lifecycleCounts":{"operational":1},"locationPrecision":"exact","name":"Bhaluka Upazila solar project","operatingCapacityCoverage":{"coveragePercent":100.0,"knownUnitCount":1,"method":"complete_unit_sum","provenance":{"evidenceCount":0,"recordIds":["wattlas-record-gemunit-g100001077289"],"sourceIds":["gem-global-integrated-power-tracker"],"sourceTypes":["research_verified"],"valueKind":"reported"},"totalUnitCount":1},"operatingCapacityMw":1.9,"operatingCapacityMwByTechnology":{"solar":1.9},"plannedCapacityCoverage":{"coveragePercent":0.0,"knownUnitCount":0,"method":"unavailable","totalUnitCount":0},"plannedCapacityMw":0.0,"plannedCapacityMwByTechnology":{},"recordCount":1,"recordIds":["wattlas-record-gemunit-g100001077289"],"sourceIds":["gem-global-integrated-power-tracker"],"sourceUrl":"https://www.gem.wiki/Bhaluka_Upazila_solar_project","technologies":["solar"],"technologyMixMw":{"solar":1.9},"unitCount":1,"unitIds":["gem-unit-G100001077289"]},"type":"Feature"},{"geometry":{"coordinates":[90.2922,23.9648],"type":"Point"},"id":"wattlas-plant-gemplant-l100001067504","properties":{"aliases":["--","Savar Subdistrict solar project"],"canonicalAnchor":"gemplant:L100001067504","canonicalCountryKey":"BD","capacityMw":5.5,"country":"BD","externalIds":{"gemPlant":"L100001067504","gemUnit":"G100001077290"},"gemWikiUrl":"https://www.gem.wiki/Savar_Subdistrict_solar_project","geographyId":"BD-32408957B77718829177955","id":"wattlas-plant-gemplant-l100001067504","lifecycleCounts":{"operational":1},"locationPrecision":"exact","name":"Savar Subdistrict solar project","operatingCapacityCoverage":{"coveragePercent":100.0,"knownUnitCount":1,"method":"complete_unit_sum","provenance":{"evidenceCount":0,"recordIds":["wattlas-record-gemunit-g100001077290"],"sourceIds":["gem-global-integrated-power-tracker"],"sourceTypes":["research_verified"],"valueKind":"reported"},"totalUnitCount":1},"operatingCapacityMw":5.5,"operatingCapacityMwByTechnology":{"solar":5.5},"plannedCapacityCoverage":{"coveragePercent":0.0,"knownUnitCount":0,"method":"unavailable","totalUnitCount":0},"plannedCapacityMw":0.0,"plannedCapacityMwByTechnology":{},"recordCount":1,"recordIds":["wattlas-record-gemunit-g100001077290"],"sourceIds":["gem-global-integrated-power-tracker"],"sourceUrl":"https://www.gem.wiki/Savar_Subdistrict_solar_project","technologies":["solar"],"technologyMixMw":{"solar":5.5},"unitCount":1,"unitIds":["gem-unit-G100001077290"]},"type":"Feature"},{"geometry":{"coordinates":[90.5625,23.9195],"type":"Point"},"id":"wattlas-plant-gemplant-l100001067505","properties":{"aliases":["--","Kaliganj Upazila solar project"],"canonicalAnchor":"gemplant:L100001067505","canonicalCountryKey":"BD","capacityMw":2.1,"country":"BD","externalIds":{"gemPlant":"L100001067505","gemUnit":"G100001077291"},"gemWikiUrl":"https://www.gem.wiki/Kaliganj_Upazila_solar_project","geographyId":"BD-32408957B77718829177955","id":"wattlas-plant-gemplant-l100001067505","lifecycleCounts":{"operational":1},"locationPrecision":"exact","name":"Kaliganj Upazila solar project","operatingCapacityCoverage":{"coveragePercent":100.0,"knownUnitCount":1,"method":"complete_unit_sum","provenance":{"evidenceCount":0,"recordIds":["wattlas-record-gemunit-g100001077291"],"sourceIds":["gem-global-integrated-power-tracker"],"sourceTypes":["research_verified"],"valueKind":"reported"},"totalUnitCount":1},"operatingCapacityMw":2.1,"operatingCapacityMwByTechnology":{"solar":2.1},"plannedCapacityCoverage":{"coveragePercent":0.0,"knownUnitCount":0,"method":"unavailable","totalUnitCount":0},"plannedCapacityMw":0.0,"plannedCapacityMwByTechnology":{},"recordCount":1,"recordIds":["wattlas-record-gemunit-g100001077291"],"sourceIds":["gem-global-integrated-power-tracker"],"sourceUrl":"https://www.gem.wiki/Kaliganj_Upazila_solar_project","technologies":["solar"],"technologyMixMw":{"solar":2.1},"unitCount":1,"unitIds":["gem-unit-G100001077291"]},"type":"Feature"},{"geometry":{"coordinates":[89.1002,23.8788],"type":"Point"},"id":"wattlas-plant-gemplant-l100001067506","properties":{"aliases":["--","Kushtia solar project"],"canonicalAnchor":"gemplant:L100001067506","canonicalCountryKey":"BD","capacityMw":6.0,"country":"BD","externalIds":{"gemPlant":"L100001067506","gemUnit":"G100001077292"},"gemWikiUrl":"https://www.gem.wiki/Kushtia_solar_project","geographyId":"BD-32408957B3859287816056","id":"wattlas-plant-gemplant-l100001067506","lifecycleCounts":{"operational":1},"locationPrecision":"exact","name":"Kushtia solar project","operatingCapacityCoverage":{"coveragePercent":100.0,"knownUnitCount":1,"method":"complete_unit_sum","provenance":{"evidenceCount":0,"recordIds":["wattlas-record-gemunit-g100001077292"],"sourceIds":["gem-global-integrated-power-tracker"],"sourceTypes":["research_verified"],"valueKind":"reported"},"totalUnitCount":1},"operatingCapacityMw":6.0,"operatingCapacityMwByTechnology":{"solar":6.0},"plannedCapacityCoverage":{"coveragePercent":0.0,"knownUnitCount":0,"method":"unavailable","totalUnitCount":0},"plannedCapacityMw":0.0,"plannedCapacityMwByTechnology":{},"recordCount":1,"recordIds":["wattlas-record-gemunit-g100001077292"],"sourceIds":["gem-global-integrated-power-tracker"],"sourceUrl":"https://www.gem.wiki/Kushtia_solar_project","technologies":["solar"],"technologyMixMw":{"solar":6.0},"unitCount":1,"unitIds":["gem-unit-G100001077292"]},"type":"Feature"},{"geometry":{"coordinates":[89.569098,22.573815],"type":"Point"},"id":"wattlas-plant-osm-relation-13959966","properties":{"aliases":["Mongla Orion Solar"],"canonicalAnchor":"osm:relation/13959966","canonicalCountryKey":"BD","capacityMw":100.0,"country":"BD","externalIds":{"osm":"relation/13959966"},"geographyId":"BD-32408957B3859287816056","id":"wattlas-plant-osm-relation-13959966","lifecycleCounts":{"operational":1},"locationPrecision":"exact","name":"Mongla Orion Solar","operatingCapacityCoverage":{"coveragePercent":100.0,"knownUnitCount":0,"method":"plant_aggregate","provenance":{"evidenceCount":0,"recordIds":["wattlas-record-osm-relation-13959966"],"sourceIds":["openstreetmap-power"],"sourceTypes":["community_mapped"],"valueKind":"reported"},"totalUnitCount":0},"operatingCapacityMw":100.0,"operatingCapacityMwByTechnology":{"solar":100.0},"plannedCapacityCoverage":{"coveragePercent":0.0,"knownUnitCount":0,"method":"unavailable","totalUnitCount":0},"plannedCapacityMw":0.0,"plannedCapacityMwByTechnology":{},"recordCount":1,"recordIds":["wattlas-record-osm-relation-13959966"],"sourceIds":["openstreetmap-power"],"sourceUrl":"https://www.openstreetmap.org/relation/13959966","technologies":["solar"],"technologyMixMw":{"solar":100.0},"unitCount":0,"unitIds":[]},"type":"Feature"},{"geometry":{"coordinates":[90.597794,23.608459],"type":"Point"},"id":"wattlas-plant-osm-relation-19652192","properties":{"aliases":["Summit Meghnaghat I & II Power Complex"],"canonicalAnchor":"osm:relation/19652192","canonicalCountryKey":"BD","capacityMw":0.0,"country":"BD","externalIds":{"osm":"relation/19652192"},"geographyId":"BD-32408957B77718829177955","id":"wattlas-plant-osm-relation-19652192","lifecycleCounts":{"operational":1},"locationPrecision":"exact","name":"Summit Meghnaghat I & II Power Complex","operatingCapacityCoverage":{"coveragePercent":0.0,"knownUnitCount":0,"method":"unavailable","totalUnitCount":0},"operatingCapacityMw":0.0,"operatingCapacityMwByTechnology":{},"plannedCapacityCoverage":{"coveragePercent":0.0,"knownUnitCount":0,"method":"unavailable","totalUnitCount":0},"plannedCapacityMw":0.0,"plannedCapacityMwByTechnology":{},"recordCount":1,"recordIds":["wattlas-record-osm-relation-19652192"],"sourceIds":["openstreetmap-power"],"sourceUrl":"https://www.openstreetmap.org/relation/19652192","technologies":["gas"],"technologyMixMw":{"gas":0.0},"unitCount":0,"unitIds":[]},"type":"Feature"},{"geometry":{"coordinates":[90.52097,23.68419],"type":"Point"},"id":"wattlas-plant-osm-relation-20462359","properties":{"aliases":["Siddhirganj EGCB (Electricity Generation Company of Bangladesh)"],"canonicalAnchor":"osm:relation/20462359","canonicalCountryKey":"BD","capacityMw":0.0,"country":"BD","externalIds":{"osm":"relation/20462359"},"geographyId":"BD-32408957B77718829177955","id":"wattlas-plant-osm-relation-20462359","lifecycleCounts":{"operational":1},"locationPrecision":"exact","name":"Siddhirganj EGCB (Electricity Generation Company of Bangladesh)","operatingCapacityCoverage":{"coveragePercent":0.0,"knownUnitCount":0,"method":"unavailable","totalUnitCount":0},"operatingCapacityMw":0.0,"operatingCapacityMwByTechnology":{},"plannedCapacityCoverage":{"coveragePercent":0.0,"knownUnitCount":0,"method":"unavailable","totalUnitCount":0},"plannedCapacityMw":0.0,"plannedCapacityMwByTechnology":{},"recordCount":1,"recordIds":["wattlas-record-osm-relation-20462359"],"sourceIds":["openstreetmap-power"],"sourceUrl":"https://www.openstreetmap.org/relation/20462359","technologies":["gas"],"technologyMixMw":{"gas":0.0},"unitCount":0,"unitIds":[]},"type":"Feature"},{"geometry":{"coordinates":[90.594612,23.608144],"type":"Point"},"id":"wattlas-plant-osm-way-1041852002","properties":{"aliases":["JERA Meghnaghat Power Limited 718MW CCPP"],"canonicalAnchor":"osm:way/1041852002","canonicalCountryKey":"BD","capacityMw":590.0,"country":"BD","externalIds":{"osm":"way/1041852002"},"geographyId":"BD-32408957B77718829177955","id":"wattlas-plant-osm-way-1041852002","lifecycleCounts":{"under_construction":1},"locationPrecision":"exact","name":"JERA Meghnaghat Power Limited 718MW CCPP","operatingCapacityCoverage":{"coveragePercent":0.0,"knownUnitCount":0,"method":"unavailable","totalUnitCount":0},"operatingCapacityMw":0.0,"operatingCapacityMwByTechnology":{},"plannedCapacityCoverage":{"coveragePercent":100.0,"knownUnitCount":0,"method":"plant_aggregate","provenance":{"evidenceCount":0,"recordIds":["wattlas-record-osm-way-1041852002"],"sourceIds":["openstreetmap-power"],"sourceTypes":["community_mapped"],"valueKind":"reported"},"totalUnitCount":0},"plannedCapacityMw":590.0,"plannedCapacityMwByTechnology":{"gas":590.0},"recordCount":1,"recordIds":["wattlas-record-osm-way-1041852002"],"sourceIds":["openstreetmap-power"],"sourceUrl":"https://www.openstreetmap.org/way/1041852002","technologies":["gas"],"technologyMixMw":{"gas":590.0},"unitCount":0,"unitIds":[]},"type":"Feature"},{"geometry":{"coordinates":[90.712275,22.475902],"type":"Point"},"id":"wattlas-plant-osm-way-1041852024","properties":{"aliases":["Aggreko Bhola Quick Rental Power Plant"],"canonicalAnchor":"osm:way/1041852024","canonicalCountryKey":"BD","capacityMw":95.0,"country":"BD","externalIds":{"osm":"way/1041852024"},"geographyId":"BD-32408957B31852228482374","id":"wattlas-plant-osm-way-1041852024","lifecycleCounts":{"operational":1},"locationPrecision":"exact","name":"Aggreko Bhola Quick Rental Power Plant","operatingCapacityCoverage":{"coveragePercent":100.0,"knownUnitCount":0,"method":"plant_aggregate","provenance":{"evidenceCount":0,"recordIds":["wattlas-record-osm-way-1041852024"],"sourceIds":["openstreetmap-power"],"sourceTypes":["community_mapped"],"valueKind":"reported"},"totalUnitCount":0},"operatingCapacityMw":95.0,"operatingCapacityMwByTechnology":{"gas":95.0},"plannedCapacityCoverage":{"coveragePercent":0.0,"knownUnitCount":0,"method":"unavailable","totalUnitCount":0},"plannedCapacityMw":0.0,"plannedCapacityMwByTechnology":{},"recordCount":1,"recordIds":["wattlas-record-osm-way-1041852024"],"sourceIds":["openstreetmap-power"],"sourceUrl":"https://www.openstreetmap.org/way/1041852024","technologies":["gas"],"technologyMixMw":{"gas":95.0},"unitCount":0,"unitIds":[]},"type":"Feature"},{"geometry":{"coordinates":[92.226765,22.490374],"type":"Point"},"id":"wattlas-plant-osm-way-1042087278","properties":{"aliases":["Kaptai solar power plant"],"canonicalAnchor":"osm:way/1042087278","canonicalCountryKey":"BD","capacityMw":7.0,"country":"BD","externalIds":{"osm":"way/1042087278"},"geographyId":"BD-32408957B94023193097291","id":"wattlas-plant-osm-way-1042087278","lifecycleCounts":{"operational":1},"locationPrecision":"exact","name":"Kaptai solar power plant","operatingCapacityCoverage":{"coveragePercent":100.0,"knownUnitCount":0,"method":"plant_aggregate","provenance":{"evidenceCount":0,"recordIds":["wattlas-record-osm-way-1042087278"],"sourceIds":["openstreetmap-power"],"sourceTypes":["community_mapped"],"valueKind":"reported"},"totalUnitCount":0},"operatingCapacityMw":7.0,"operatingCapacityMwByTechnology":{"solar":7.0},"plannedCapacityCoverage":{"coveragePercent":0.0,"knownUnitCount":0,"method":"unavailable","totalUnitCount":0},"plannedCapacityMw":0.0,"plannedCapacityMwByTechnology":{},"recordCount":1,"recordIds":["wattlas-record-osm-way-1042087278"],"sourceIds":["openstreetmap-power"],"sourceUrl":"https://www.openstreetmap.org/way/1042087278","technologies":["solar"],"technologyMixMw":{"solar":7.0},"unitCount":0,"unitIds":[]},"type":"Feature"},{"geometry":{"coordinates":[88.986923,24.395627],"type":"Point"},"id":"wattlas-plant-osm-way-1043456931","properties":{"aliases":["Raj Lanka Power Plant"],"canonicalAnchor":"osm:way/1043456931","canonicalCountryKey":"BD","capacityMw":52.0,"country":"BD","externalIds":{"osm":"way/1043456931"},"geographyId":"BD-32408957B27409320841034","id":"wattlas-plant-osm-way-1043456931","lifecycleCounts":{"operational":1},"locationPrecision":"exact","name":"Raj Lanka Power Plant","operatingCapacityCoverage":{"coveragePercent":100.0,"knownUnitCount":0,"method":"plant_aggregate","provenance":{"evidenceCount":0,"recordIds":["wattlas-record-osm-way-1043456931"],"sourceIds":["openstreetmap-power"],"sourceTypes":["community_mapped"],"valueKind":"reported"},"totalUnitCount":0},"operatingCapacityMw":52.0,"operatingCapacityMwByTechnology":{"oil":52.0},"plannedCapacityCoverage":{"coveragePercent":0.0,"knownUnitCount":0,"method":"unavailable","totalUnitCount":0},"plannedCapacityMw":0.0,"plannedCapacityMwByTechnology":{},"recordCount":1,"recordIds":["wattlas-record-osm-way-1043456931"],"sourceIds":["openstreetmap-power"],"sourceUrl":"https://www.openstreetmap.org/way/1043456931","technologies":["oil"],"technologyMixMw":{"oil":52.0},"unitCount":0,"unitIds":[]},"type":"Feature"},{"geometry":{"coordinates":[91.36891,23.021209],"type":"Point"},"id":"wattlas-plant-osm-way-1043477789","properties":{"aliases":["Doreen Feni 11 MW Power Plant"],"canonicalAnchor":"osm:way/1043477789","canonicalCountryKey":"BD","capacityMw":11.0,"country":"BD","externalIds":{"osm":"way/1043477789"},"geographyId":"BD-32408957B94023193097291","id":"wattlas-plant-osm-way-1043477789","lifecycleCounts":{"operational":1},"locationPrecision":"exact","name":"Doreen Feni 11 MW Power Plant","operatingCapacityCoverage":{"coveragePercent":100.0,"knownUnitCount":0,"method":"plant_aggregate","provenance":{"evidenceCount":0,"recordIds":["wattlas-record-osm-way-1043477789"],"sourceIds":["openstreetmap-power"],"sourceTypes":["community_mapped"],"valueKind":"reported"},"totalUnitCount":0},"operatingCapacityMw":11.0,"operatingCapacityMwByTechnology":{"gas":11.0},"plannedCapacityCoverage":{"coveragePercent":0.0,"knownUnitCount":0,"method":"unavailable","totalUnitCount":0},"plannedCapacityMw":0.0,"plannedCapacityMwByTechnology":{},"recordCount":1,"recordIds":["wattlas-record-osm-way-1043477789"],"sourceIds":["openstreetmap-power"],"sourceUrl":"https://www.openstreetmap.org/way/1043477789","technologies":["gas"],"technologyMixMw":{"gas":11.0},"unitCount":0,"unitIds":[]},"type":"Feature"},{"geometry":{"coordinates":[91.152524,23.442158],"type":"Point"},"id":"wattlas-plant-osm-way-1043477790","properties":{"aliases":["Summit Jangalia Power Plant"],"canonicalAnchor":"osm:way/1043477790","canonicalCountryKey":"BD","capacityMw":33.0,"country":"BD","externalIds":{"osm":"way/1043477790"},"geographyId":"BD-32408957B94023193097291","id":"wattlas-plant-osm-way-1043477790","lifecycleCounts":{"operational":1},"locationPrecision":"exact","name":"Summit Jangalia Power Plant","operatingCapacityCoverage":{"coveragePercent":100.0,"knownUnitCount":0,"method":"plant_aggregate","provenance":{"evidenceCount":0,"recordIds":["wattlas-record-osm-way-1043477790"],"sourceIds":["openstreetmap-power"],"sourceTypes":["community_mapped"],"valueKind":"reported"},"totalUnitCount":0},"operatingCapacityMw":33.0,"operatingCapacityMwByTechnology":{"gas":33.0},"plannedCapacityCoverage":{"coveragePercent":0.0,"knownUnitCount":0,"method":"unavailable","totalUnitCount":0},"plannedCapacityMw":0.0,"plannedCapacityMwByTechnology":{},"recordCount":1,"recordIds":["wattlas-record-osm-way-1043477790"],"sourceIds":["openstreetmap-power"],"sourceUrl":"https://www.openstreetmap.org/way/1043477790","technologies":["gas"],"technologyMixMw":{"gas":33.0},"unitCount":0,"unitIds":[]},"type":"Feature"},{"geometry":{"coordinates":[91.008045,24.060885],"type":"Point"},"id":"wattlas-plant-osm-way-1043477792","properties":{"aliases":["Bhairab Power Plant"],"canonicalAnchor":"osm:way/1043477792","canonicalCountryKey":"BD","capacityMw":54.0,"country":"BD","externalIds":{"osm":"way/1043477792"},"geographyId":"BD-32408957B77718829177955","id":"wattlas-plant-osm-way-1043477792","lifecycleCounts":{"operational":1},"locationPrecision":"exact","name":"Bhairab Power Plant","operatingCapacityCoverage":{"coveragePercent":100.0,"knownUnitCount":0,"method":"plant_aggregate","provenance":{"evidenceCount":0,"recordIds":["wattlas-record-osm-way-1043477792"],"sourceIds":["openstreetmap-power"],"sourceTypes":["community_mapped"],"valueKind":"reported"},"totalUnitCount":0},"operatingCapacityMw":54.0,"operatingCapacityMwByTechnology":{"oil":54.0},"plannedCapacityCoverage":{"coveragePercent":0.0,"knownUnitCount":0,"method":"unavailable","totalUnitCount":0},"plannedCapacityMw":0.0,"plannedCapacityMwByTechnology":{},"recordCount":1,"recordIds":["wattlas-record-osm-way-1043477792"],"sourceIds":["openstreetmap-power"],"sourceUrl":"https://www.openstreetmap.org/way/1043477792","technologies":["oil"],"technologyMixMw":{"oil":54.0},"unitCount":0,"unitIds":[]},"type":"Feature"},{"geometry":{"coordinates":[89.536309,22.868284],"type":"Point"},"id":"wattlas-plant-osm-way-1043525206","properties":{"aliases":["KPCL-2 (Khulna-II) Power Plant"],"canonicalAnchor":"osm:way/1043525206","canonicalCountryKey":"BD","capacityMw":0.0,"country":"BD","externalIds":{"osm":"way/1043525206"},"geographyId":"BD-32408957B3859287816056","id":"wattlas-plant-osm-way-1043525206","lifecycleCounts":{"operational":1},"locationPrecision":"exact","name":"KPCL-2 (Khulna-II) Power Plant","operatingCapacityCoverage":{"coveragePercent":0.0,"knownUnitCount":0,"method":"unavailable","totalUnitCount":0},"operatingCapacityMw":0.0,"operatingCapacityMwByTechnology":{},"plannedCapacityCoverage":{"coveragePercent":0.0,"knownUnitCount":0,"method":"unavailable","totalUnitCount":0},"plannedCapacityMw":0.0,"plannedCapacityMwByTechnology":{},"recordCount":1,"recordIds":["wattlas-record-osm-way-1043525206"],"sourceIds":["openstreetmap-power"],"sourceUrl":"https://www.openstreetmap.org/way/1043525206","technologies":["oil"],"technologyMixMw":{"oil":0.0},"unitCount":0,"unitIds":[]},"type":"Feature"},{"geometry":{"coordinates":[89.017958,24.050869],"type":"Point"},"id":"wattlas-plant-osm-way-1043525211","properties":{"aliases":["ভেড়ামারা ৩৬০ মেগাওয়াট কম্বাইন্ড সাইকেল পাওয়ার প্লান্ট"],"canonicalAnchor":"osm:way/1043525211","canonicalCountryKey":"BD","capacityMw":410.0,"country":"BD","externalIds":{"osm":"way/1043525211"},"geographyId":"BD-32408957B3859287816056","id":"wattlas-plant-osm-way-1043525211","lifecycleCounts":{"operational":1},"locationPrecision":"exact","name":"ভেড়ামারা ৩৬০ মেগাওয়াট কম্বাইন্ড সাইকেল পাওয়ার প্লান্ট","operatingCapacityCoverage":{"coveragePercent":100.0,"knownUnitCount":0,"method":"plant_aggregate","provenance":{"evidenceCount":0,"recordIds":["wattlas-record-osm-way-1043525211"],"sourceIds":["openstreetmap-power"],"sourceTypes":["community_mapped"],"valueKind":"reported"},"totalUnitCount":0},"operatingCapacityMw":410.0,"operatingCapacityMwByTechnology":{"gas":410.0},"plannedCapacityCoverage":{"coveragePercent":0.0,"knownUnitCount":0,"method":"unavailable","totalUnitCount":0},"plannedCapacityMw":0.0,"plannedCapacityMwByTechnology":{},"recordCount":1,"recordIds":["wattlas-record-osm-way-1043525211"],"sourceIds":["openstreetmap-power"],"sourceUrl":"https://www.openstreetmap.org/way/1043525211","technologies":["gas"],"technologyMixMw":{"gas":410.0},"unitCount":0,"unitIds":[]},"type":"Feature"},{"geometry":{"coordinates":[89.018306,24.048959],"type":"Point"},"id":"wattlas-plant-osm-way-1043525212","properties":{"aliases":["BPDB Bheramara Power Plant"],"canonicalAnchor":"osm:way/1043525212","canonicalCountryKey":"BD","capacityMw":20.0,"country":"BD","externalIds":{"osm":"way/1043525212"},"geographyId":"BD-32408957B3859287816056","id":"wattlas-plant-osm-way-1043525212","lifecycleCounts":{"operational":1},"locationPrecision":"exact","name":"BPDB Bheramara Power Plant","operatingCapacityCoverage":{"coveragePercent":100.0,"knownUnitCount":0,"method":"plant_aggregate","provenance":{"evidenceCount":0,"recordIds":["wattlas-record-osm-way-1043525212"],"sourceIds":["openstreetmap-power"],"sourceTypes":["community_mapped"],"valueKind":"reported"},"totalUnitCount":0},"operatingCapacityMw":20.0,"operatingCapacityMwByTechnology":{"oil":20.0},"plannedCapacityCoverage":{"coveragePercent":0.0,"knownUnitCount":0,"method":"unavailable","totalUnitCount":0},"plannedCapacityMw":0.0,"plannedCapacityMwByTechnology":{},"recordCount":1,"recordIds":["wattlas-record-osm-way-1043525212"],"sourceIds":["openstreetmap-power"],"sourceUrl":"https://www.openstreetmap.org/way/1043525212","technologies":["oil"],"technologyMixMw":{"oil":20.0},"unitCount":0,"unitIds":[]},"type":"Feature"},{"geometry":{"coordinates":[89.749176,24.38606],"type":"Point"},"id":"wattlas-plant-osm-way-1046713525","properties":{"aliases":["Sirajgonj Solar Power Plant"],"canonicalAnchor":"osm:way/1046713525","canonicalCountryKey":"BD","capacityMw":6.55,"country":"BD","externalIds":{"osm":"way/1046713525"},"geographyId":"BD-32408957B27409320841034","id":"wattlas-plant-osm-way-1046713525","lifecycleCounts":{"operational":1},"locationPrecision":"exact","name":"Sirajgonj Solar Power Plant","operatingCapacityCoverage":{"coveragePercent":100.0,"knownUnitCount":0,"method":"plant_aggregate","provenance":{"evidenceCount":0,"recordIds":["wattlas-record-osm-way-1046713525"],"sourceIds":["openstreetmap-power"],"sourceTypes":["community_mapped"],"valueKind":"reported"},"totalUnitCount":0},"operatingCapacityMw":6.55,"operatingCapacityMwByTechnology":{"solar":6.55},"plannedCapacityCoverage":{"coveragePercent":0.0,"knownUnitCount":0,"method":"unavailable","totalUnitCount":0},"plannedCapacityMw":0.0,"plannedCapacityMwByTechnology":{},"recordCount":1,"recordIds":["wattlas-record-osm-way-1046713525"],"sourceIds":["openstreetmap-power"],"sourceUrl":"https://www.openstreetmap.org/way/1046713525","technologies":["solar"],"technologyMixMw":{"solar":6.55},"unitCount":0,"unitIds":[]},"type":"Feature"},{"geometry":{"coordinates":[89.550969,24.307238],"type":"Point"},"id":"wattlas-plant-osm-way-1046713526","properties":{"aliases":["Summit Ullapara Power Plant"],"canonicalAnchor":"osm:way/1046713526","canonicalCountryKey":"BD","capacityMw":12.0,"country":"BD","externalIds":{"osm":"way/1046713526"},"geographyId":"BD-32408957B27409320841034","id":"wattlas-plant-osm-way-1046713526","lifecycleCounts":{"operational":1},"locationPrecision":"exact","name":"Summit Ullapara Power Plant","operatingCapacityCoverage":{"coveragePercent":100.0,"knownUnitCount":0,"method":"plant_aggregate","provenance":{"evidenceCount":0,"recordIds":["wattlas-record-osm-way-1046713526"],"sourceIds":["openstreetmap-power"],"sourceTypes":["community_mapped"],"valueKind":"reported"},"totalUnitCount":0},"operatingCapacityMw":12.0,"operatingCapacityMwByTechnology":{"gas":12.0},"plannedCapacityCoverage":{"coveragePercent":0.0,"knownUnitCount":0,"method":"unavailable","totalUnitCount":0},"plannedCapacityMw":0.0,"plannedCapacityMwByTechnology":{},"recordCount":1,"recordIds":["wattlas-record-osm-way-1046713526"],"sourceIds":["openstreetmap-power"],"sourceUrl":"https://www.openstreetmap.org/way/1046713526","technologies":["gas"],"technologyMixMw":{"gas":12.0},"unitCount":0,"unitIds":[]},"type":"Feature"},{"geometry":{"coordinates":[89.352849,24.84123],"type":"Point"},"id":"wattlas-plant-osm-way-1046713527","properties":{"aliases":["Engergy Prima Bogura Power Plant"],"canonicalAnchor":"osm:way/1046713527","canonicalCountryKey":"BD","capacityMw":20.0,"country":"BD","externalIds":{"osm":"way/1046713527"},"geographyId":"BD-32408957B27409320841034","id":"wattlas-plant-osm-way-1046713527","lifecycleCounts":{"operational":1},"locationPrecision":"exact","name":"Engergy Prima Bogura Power Plant","operatingCapacityCoverage":{"coveragePercent":100.0,"knownUnitCount":0,"method":"plant_aggregate","provenance":{"evidenceCount":0,"recordIds":["wattlas-record-osm-way-1046713527"],"sourceIds":["openstreetmap-power"],"sourceTypes":["community_mapped"],"valueKind":"reported"},"totalUnitCount":0},"operatingCapacityMw":20.0,"operatingCapacityMwByTechnology":{"gas":20.0},"plannedCapacityCoverage":{"coveragePercent":0.0,"knownUnitCount":0,"method":"unavailable","totalUnitCount":0},"plannedCapacityMw":0.0,"plannedCapacityMwByTechnology":{},"recordCount":1,"recordIds":["wattlas-record-osm-way-1046713527"],"sourceIds":["openstreetmap-power"],"sourceUrl":"https://www.openstreetmap.org/way/1046713527","technologies":["gas"],"technologyMixMw":{"gas":20.0},"unitCount":0,"unitIds":[]},"type":"Feature"},{"geometry":{"coordinates":[88.410528,26.48364],"type":"Point"},"id":"wattlas-plant-osm-way-1046717171","properties":{"aliases":["Mapped power plant · OSM 1046717171"],"canonicalAnchor":"osm:way/1046717171","canonicalCountryKey":"BD","capacityMw":8.0,"country":"BD","externalIds":{"osm":"way/1046717171"},"geographyId":"BD-32408957B77489436868882","id":"wattlas-plant-osm-way-1046717171","lifecycleCounts":{"operational":1},"locationPrecision":"exact","name":"Mapped power plant · OSM 1046717171","operatingCapacityCoverage":{"coveragePercent":100.0,"knownUnitCount":0,"method":"plant_aggregate","provenance":{"evidenceCount":0,"recordIds":["wattlas-record-osm-way-1046717171"],"sourceIds":["openstreetmap-power"],"sourceTypes":["community_mapped"],"valueKind":"reported"},"totalUnitCount":0},"operatingCapacityMw":8.0,"operatingCapacityMwByTechnology":{"solar":8.0},"plannedCapacityCoverage":{"coveragePercent":0.0,"knownUnitCount":0,"method":"unavailable","totalUnitCount":0},"plannedCapacityMw":0.0,"plannedCapacityMwByTechnology":{},"recordCount":1,"recordIds":["wattlas-record-osm-way-1046717171"],"sourceIds":["openstreetmap-power"],"sourceUrl":"https://www.openstreetmap.org/way/1046717171","technologies":["solar"],"technologyMixMw":{"solar":8.0},"unitCount":0,"unitIds":[]},"type":"Feature"},{"geometry":{"coordinates":[89.923262,24.32265],"type":"Point"},"id":"wattlas-plant-osm-way-1046871402","properties":{"aliases":["Doreen Power Plant 1, Tangail ডোরিন পাওয়ার প্ল্যান্ট"],"canonicalAnchor":"osm:way/1046871402","canonicalCountryKey":"BD","capacityMw":22.0,"country":"BD","externalIds":{"osm":"way/1046871402"},"geographyId":"BD-32408957B77718829177955","id":"wattlas-plant-osm-way-1046871402","lifecycleCounts":{"operational":1},"locationPrecision":"exact","name":"Doreen Power Plant 1, Tangail ডোরিন পাওয়ার প্ল্যান্ট","operatingCapacityCoverage":{"coveragePercent":100.0,"knownUnitCount":0,"method":"plant_aggregate","provenance":{"evidenceCount":0,"recordIds":["wattlas-record-osm-way-1046871402"],"sourceIds":["openstreetmap-power"],"sourceTypes":["community_mapped"],"valueKind":"reported"},"totalUnitCount":0},"operatingCapacityMw":22.0,"operatingCapacityMwByTechnology":{"oil":22.0},"plannedCapacityCoverage":{"coveragePercent":0.0,"knownUnitCount":0,"method":"unavailable","totalUnitCount":0},"plannedCapacityMw":0.0,"plannedCapacityMwByTechnology":{},"recordCount":1,"recordIds":["wattlas-record-osm-way-1046871402"],"sourceIds":["openstreetmap-power"],"sourceUrl":"https://www.openstreetmap.org/way/1046871402","technologies":["oil"],"technologyMixMw":{"oil":22.0},"unitCount":0,"unitIds":[]},"type":"Feature"},{"geometry":{"coordinates":[89.947117,24.256798],"type":"Point"},"id":"wattlas-plant-osm-way-1046871403","properties":{"aliases":["Tangail Palli Power Generation Limited"],"canonicalAnchor":"osm:way/1046871403","canonicalCountryKey":"BD","capacityMw":22.0,"country":"BD","externalIds":{"osm":"way/1046871403"},"geographyId":"BD-32408957B77718829177955","id":"wattlas-plant-osm-way-1046871403","lifecycleCounts":{"operational":1},"locationPrecision":"exact","name":"Tangail Palli Power Generation Limited","operatingCapacityCoverage":{"coveragePercent":100.0,"knownUnitCount":0,"method":"plant_aggregate","provenance":{"evidenceCount":0,"recordIds":["wattlas-record-osm-way-1046871403"],"sourceIds":["openstreetmap-power"],"sourceTypes":["community_mapped"],"valueKind":"reported"},"totalUnitCount":0},"operatingCapacityMw":22.0,"operatingCapacityMwByTechnology":{"oil":22.0},"plannedCapacityCoverage":{"coveragePercent":0.0,"knownUnitCount":0,"method":"unavailable","totalUnitCount":0},"plannedCapacityMw":0.0,"plannedCapacityMwByTechnology":{},"recordCount":1,"recordIds":["wattlas-record-osm-way-1046871403"],"sourceIds":["openstreetmap-power"],"sourceUrl":"https://www.openstreetmap.org/way/1046871403","technologies":["oil"],"technologyMixMw":{"oil":22.0},"unitCount":0,"unitIds":[]},"type":"Feature"},{"geometry":{"coordinates":[90.322674,22.370592],"type":"Point"},"id":"wattlas-plant-osm-way-1046888772","properties":{"aliases":["United Payra Power Limited"],"canonicalAnchor":"osm:way/1046888772","canonicalCountryKey":"BD","capacityMw":150.0,"country":"BD","externalIds":{"osm":"way/1046888772"},"geographyId":"BD-32408957B31852228482374","id":"wattlas-plant-osm-way-1046888772","lifecycleCounts":{"operational":1},"locationPrecision":"exact","name":"United Payra Power Limited","operatingCapacityCoverage":{"coveragePercent":100.0,"knownUnitCount":0,"method":"plant_aggregate","provenance":{"evidenceCount":0,"recordIds":["wattlas-record-osm-way-1046888772"],"sourceIds":["openstreetmap-power"],"sourceTypes":["community_mapped"],"valueKind":"reported"},"totalUnitCount":0},"operatingCapacityMw":150.0,"operatingCapacityMwByTechnology":{"oil":150.0},"plannedCapacityCoverage":{"coveragePercent":0.0,"knownUnitCount":0,"method":"unavailable","totalUnitCount":0},"plannedCapacityMw":0.0,"plannedCapacityMwByTechnology":{},"recordCount":1,"recordIds":["wattlas-record-osm-way-1046888772"],"sourceIds":["openstreetmap-power"],"sourceUrl":"https://www.openstreetmap.org/way/1046888772","technologies":["oil"],"technologyMixMw":{"oil":150.0},"unitCount":0,"unitIds":[]},"type":"Feature"},{"geometry":{"coordinates":[90.480375,23.569721],"type":"Point"},"id":"wattlas-plant-osm-way-1046915368","properties":{"aliases":["Kathpotti Power Plant"],"canonicalAnchor":"osm:way/1046915368","canonicalCountryKey":"BD","capacityMw":51.0,"country":"BD","externalIds":{"osm":"way/1046915368"},"geographyId":"BD-32408957B77718829177955","id":"wattlas-plant-osm-way-1046915368","lifecycleCounts":{"operational":1},"locationPrecision":"exact","name":"Kathpotti Power Plant","operatingCapacityCoverage":{"coveragePercent":100.0,"knownUnitCount":0,"method":"plant_aggregate","provenance":{"evidenceCount":0,"recordIds":["wattlas-record-osm-way-1046915368"],"sourceIds":["openstreetmap-power"],"sourceTypes":["community_mapped"],"valueKind":"reported"},"totalUnitCount":0},"operatingCapacityMw":51.0,"operatingCapacityMwByTechnology":{"oil":51.0},"plannedCapacityCoverage":{"coveragePercent":0.0,"knownUnitCount":0,"method":"unavailable","totalUnitCount":0},"plannedCapacityMw":0.0,"plannedCapacityMwByTechnology":{},"recordCount":1,"recordIds":["wattlas-record-osm-way-1046915368"],"sourceIds":["openstreetmap-power"],"sourceUrl":"https://www.openstreetmap.org/way/1046915368","technologies":["oil"],"technologyMixMw":{"oil":51.0},"unitCount":0,"unitIds":[]},"type":"Feature"},{"geometry":{"coordinates":[90.548053,23.820108],"type":"Point"},"id":"wattlas-plant-osm-way-1046915372","properties":{"aliases":["Kanchan Purbachal Power Generation"],"canonicalAnchor":"osm:way/1046915372","canonicalCountryKey":"BD","capacityMw":55.0,"country":"BD","externalIds":{"osm":"way/1046915372"},"geographyId":"BD-32408957B77718829177955","id":"wattlas-plant-osm-way-1046915372","lifecycleCounts":{"operational":1},"locationPrecision":"exact","name":"Kanchan Purbachal Power Generation","operatingCapacityCoverage":{"coveragePercent":100.0,"knownUnitCount":0,"method":"plant_aggregate","provenance":{"evidenceCount":0,"recordIds":["wattlas-record-osm-way-1046915372"],"sourceIds":["openstreetmap-power"],"sourceTypes":["community_mapped"],"valueKind":"reported"},"totalUnitCount":0},"operatingCapacityMw":55.0,"operatingCapacityMwByTechnology":{"oil":55.0},"plannedCapacityCoverage":{"coveragePercent":0.0,"knownUnitCount":0,"method":"unavailable","totalUnitCount":0},"plannedCapacityMw":0.0,"plannedCapacityMwByTechnology":{},"recordCount":1,"recordIds":["wattlas-record-osm-way-1046915372"],"sourceIds":["openstreetmap-power"],"sourceUrl":"https://www.openstreetmap.org/way/1046915372","technologies":["oil"],"technologyMixMw":{"oil":55.0},"unitCount":0,"unitIds":[]},"type":"Feature"},{"geometry":{"coordinates":[89.824652,23.781],"type":"Point"},"id":"wattlas-plant-osm-way-1046915373","properties":{"aliases":["Manikganj Solar Park"],"canonicalAnchor":"osm:way/1046915373","canonicalCountryKey":"BD","capacityMw":35.0,"country":"BD","externalIds":{"osm":"way/1046915373"},"geographyId":"BD-32408957B77718829177955","id":"wattlas-plant-osm-way-1046915373","lifecycleCounts":{"operational":1},"locationPrecision":"exact","name":"Manikganj Solar Park","operatingCapacityCoverage":{"coveragePercent":100.0,"knownUnitCount":0,"method":"plant_aggregate","provenance":{"evidenceCount":0,"recordIds":["wattlas-record-osm-way-1046915373"],"sourceIds":["openstreetmap-power"],"sourceTypes":["community_mapped"],"valueKind":"reported"},"totalUnitCount":0},"operatingCapacityMw":35.0,"operatingCapacityMwByTechnology":{"solar":35.0},"plannedCapacityCoverage":{"coveragePercent":0.0,"knownUnitCount":0,"method":"unavailable","totalUnitCount":0},"plannedCapacityMw":0.0,"plannedCapacityMwByTechnology":{},"recordCount":1,"recordIds":["wattlas-record-osm-way-1046915373"],"sourceIds":["openstreetmap-power"],"sourceUrl":"https://www.openstreetmap.org/way/1046915373","technologies":["solar"],"technologyMixMw":{"solar":35.0},"unitCount":0,"unitIds":[]},"type":"Feature"},{"geometry":{"coordinates":[90.281664,23.669881],"type":"Point"},"id":"wattlas-plant-osm-way-1046915374","properties":{"aliases":["Dhaka Southern Power Generations"],"canonicalAnchor":"osm:way/1046915374","canonicalCountryKey":"BD","capacityMw":55.0,"country":"BD","externalIds":{"osm":"way/1046915374"},"geographyId":"BD-32408957B77718829177955","id":"wattlas-plant-osm-way-1046915374","lifecycleCounts":{"operational":1},"locationPrecision":"exact","name":"Dhaka Southern Power Generations","operatingCapacityCoverage":{"coveragePercent":100.0,"knownUnitCount":0,"method":"plant_aggregate","provenance":{"evidenceCount":0,"recordIds":["wattlas-record-osm-way-1046915374"],"sourceIds":["openstreetmap-power"],"sourceTypes":["community_mapped"],"valueKind":"reported"},"totalUnitCount":0},"operatingCapacityMw":55.0,"operatingCapacityMwByTechnology":{"oil":55.0},"plannedCapacityCoverage":{"coveragePercent":0.0,"knownUnitCount":0,"method":"unavailable","totalUnitCount":0},"plannedCapacityMw":0.0,"plannedCapacityMwByTechnology":{},"recordCount":1,"recordIds":["wattlas-record-osm-way-1046915374"],"sourceIds":["openstreetmap-power"],"sourceUrl":"https://www.openstreetmap.org/way/1046915374","technologies":["oil"],"technologyMixMw":{"oil":55.0},"unitCount":0,"unitIds":[]},"type":"Feature"},{"geometry":{"coordinates":[90.490312,23.573385],"type":"Point"},"id":"wattlas-plant-osm-way-1046915375","properties":{"aliases":["Banco Energy Kamalaghat Power Plant"],"canonicalAnchor":"osm:way/1046915375","canonicalCountryKey":"BD","capacityMw":54.0,"country":"BD","externalIds":{"osm":"way/1046915375"},"geographyId":"BD-32408957B77718829177955","id":"wattlas-plant-osm-way-1046915375","lifecycleCounts":{"operational":1},"locationPrecision":"exact","name":"Banco Energy Kamalaghat Power Plant","operatingCapacityCoverage":{"coveragePercent":100.0,"knownUnitCount":0,"method":"plant_aggregate","provenance":{"evidenceCount":0,"recordIds":["wattlas-record-osm-way-1046915375"],"sourceIds":["openstreetmap-power"],"sourceTypes":["community_mapped"],"valueKind":"reported"},"totalUnitCount":0},"operatingCapacityMw":54.0,"operatingCapacityMwByTechnology":{"oil":54.0},"plannedCapacityCoverage":{"coveragePercent":0.0,"knownUnitCount":0,"method":"unavailable","totalUnitCount":0},"plannedCapacityMw":0.0,"plannedCapacityMwByTechnology":{},"recordCount":1,"recordIds":["wattlas-record-osm-way-1046915375"],"sourceIds":["openstreetmap-power"],"sourceUrl":"https://www.openstreetmap.org/way/1046915375","technologies":["oil"],"technologyMixMw":{"oil":54.0},"unitCount":0,"unitIds":[]},"type":"Feature"},{"geometry":{"coordinates":[90.400145,24.248412],"type":"Point"},"id":"wattlas-plant-osm-way-1046915376","properties":{"aliases":["Summit Power Maona Power Plant"],"canonicalAnchor":"osm:way/1046915376","canonicalCountryKey":"BD","capacityMw":33.0,"country":"BD","externalIds":{"osm":"way/1046915376"},"geographyId":"BD-32408957B77718829177955","id":"wattlas-plant-osm-way-1046915376","lifecycleCounts":{"operational":1},"locationPrecision":"exact","name":"Summit Power Maona Power Plant","operatingCapacityCoverage":{"coveragePercent":100.0,"knownUnitCount":0,"method":"plant_aggregate","provenance":{"evidenceCount":0,"recordIds":["wattlas-record-osm-way-1046915376"],"sourceIds":["openstreetmap-power"],"sourceTypes":["community_mapped"],"valueKind":"reported"},"totalUnitCount":0},"operatingCapacityMw":33.0,"operatingCapacityMwByTechnology":{"gas":33.0},"plannedCapacityCoverage":{"coveragePercent":0.0,"knownUnitCount":0,"method":"unavailable","totalUnitCount":0},"plannedCapacityMw":0.0,"plannedCapacityMwByTechnology":{},"recordCount":1,"recordIds":["wattlas-record-osm-way-1046915376"],"sourceIds":["openstreetmap-power"],"sourceUrl":"https://www.openstreetmap.org/way/1046915376","technologies":["gas"],"technologyMixMw":{"gas":33.0},"unitCount":0,"unitIds":[]},"type":"Feature"},{"geometry":{"coordinates":[90.323214,23.889938],"type":"Point"},"id":"wattlas-plant-osm-way-1046915377","properties":{"aliases":["Summit Power Ashulia Power Plant"],"canonicalAnchor":"osm:way/1046915377","canonicalCountryKey":"BD","capacityMw":45.0,"country":"BD","externalIds":{"osm":"way/1046915377"},"geographyId":"BD-32408957B77718829177955","id":"wattlas-plant-osm-way-1046915377","lifecycleCounts":{"operational":1},"locationPrecision":"exact","name":"Summit Power Ashulia Power Plant","operatingCapacityCoverage":{"coveragePercent":100.0,"knownUnitCount":0,"method":"plant_aggregate","provenance":{"evidenceCount":0,"recordIds":["wattlas-record-osm-way-1046915377"],"sourceIds":["openstreetmap-power"],"sourceTypes":["community_mapped"],"valueKind":"reported"},"totalUnitCount":0},"operatingCapacityMw":45.0,"operatingCapacityMwByTechnology":{"gas":45.0},"plannedCapacityCoverage":{"coveragePercent":0.0,"knownUnitCount":0,"method":"unavailable","totalUnitCount":0},"plannedCapacityMw":0.0,"plannedCapacityMwByTechnology":{},"recordCount":1,"recordIds":["wattlas-record-osm-way-1046915377"],"sourceIds":["openstreetmap-power"],"sourceUrl":"https://www.openstreetmap.org/way/1046915377","technologies":["gas"],"technologyMixMw":{"gas":45.0},"unitCount":0,"unitIds":[]},"type":"Feature"},{"geometry":{"coordinates":[89.884013,24.074215],"type":"Point"},"id":"wattlas-plant-osm-way-1047780200","properties":{"aliases":["Sarkar oil pump"],"canonicalAnchor":"osm:way/1047780200","canonicalCountryKey":"BD","capacityMw":0.0,"country":"BD","externalIds":{"osm":"way/1047780200"},"geographyId":"BD-32408957B77718829177955","id":"wattlas-plant-osm-way-1047780200","lifecycleCounts":{"operational":1},"locationPrecision":"exact","name":"Sarkar oil pump","operatingCapacityCoverage":{"coveragePercent":0.0,"knownUnitCount":0,"method":"unavailable","totalUnitCount":0},"operatingCapacityMw":0.0,"operatingCapacityMwByTechnology":{},"plannedCapacityCoverage":{"coveragePercent":0.0,"knownUnitCount":0,"method":"unavailable","totalUnitCount":0},"plannedCapacityMw":0.0,"plannedCapacityMwByTechnology":{},"recordCount":1,"recordIds":["wattlas-record-osm-way-1047780200"],"sourceIds":["openstreetmap-power"],"sourceUrl":"https://www.openstreetmap.org/way/1047780200","technologies":["oil"],"technologyMixMw":{"oil":0.0},"unitCount":0,"unitIds":[]},"type":"Feature"},{"geometry":{"coordinates":[91.596123,24.596135],"type":"Point"},"id":"wattlas-plant-osm-way-1052370247","properties":{"aliases":["Bibiyana Chevron South South Pad"],"canonicalAnchor":"osm:way/1052370247","canonicalCountryKey":"BD","capacityMw":0.0,"country":"BD","externalIds":{"osm":"way/1052370247"},"geographyId":"BD-32408957B58397560032916","id":"wattlas-plant-osm-way-1052370247","lifecycleCounts":{"operational":1},"locationPrecision":"exact","name":"Bibiyana Chevron South South Pad","operatingCapacityCoverage":{"coveragePercent":0.0,"knownUnitCount":0,"method":"unavailable","totalUnitCount":0},"operatingCapacityMw":0.0,"operatingCapacityMwByTechnology":{},"plannedCapacityCoverage":{"coveragePercent":0.0,"knownUnitCount":0,"method":"unavailable","totalUnitCount":0},"plannedCapacityMw":0.0,"plannedCapacityMwByTechnology":{},"recordCount":1,"recordIds":["wattlas-record-osm-way-1052370247"],"sourceIds":["openstreetmap-power"],"sourceUrl":"https://www.openstreetmap.org/way/1052370247","technologies":["gas"],"technologyMixMw":{"gas":0.0},"unitCount":0,"unitIds":[]},"type":"Feature"},{"geometry":{"coordinates":[89.665089,22.923645],"type":"Point"},"id":"wattlas-plant-osm-way-1073027135","properties":{"aliases":["Power Station Terokhada Khulna"],"canonicalAnchor":"osm:way/1073027135","canonicalCountryKey":"BD","capacityMw":0.0,"country":"BD","externalIds":{"osm":"way/1073027135"},"geographyId":"BD-32408957B3859287816056","id":"wattlas-plant-osm-way-1073027135","lifecycleCounts":{"operational":1},"locationPrecision":"exact","name":"Power Station Terokhada Khulna","operatingCapacityCoverage":{"coveragePercent":0.0,"knownUnitCount":0,"method":"unavailable","totalUnitCount":0},"operatingCapacityMw":0.0,"operatingCapacityMwByTechnology":{},"plannedCapacityCoverage":{"coveragePercent":0.0,"knownUnitCount":0,"method":"unavailable","totalUnitCount":0},"plannedCapacityMw":0.0,"plannedCapacityMwByTechnology":{},"recordCount":1,"recordIds":["wattlas-record-osm-way-1073027135"],"sourceIds":["openstreetmap-power"],"sourceUrl":"https://www.openstreetmap.org/way/1073027135","technologies":["other"],"technologyMixMw":{"other":0.0},"unitCount":0,"unitIds":[]},"type":"Feature"},{"geometry":{"coordinates":[90.066992,21.963945],"type":"Point"},"id":"wattlas-plant-osm-way-1163937105","properties":{"aliases":["Barishal 350 MW (BEPCL) Coal-Fired Power Plant"],"canonicalAnchor":"osm:way/1163937105","canonicalCountryKey":"BD","capacityMw":350.0,"country":"BD","externalIds":{"osm":"way/1163937105"},"geographyId":"BD-32408957B31852228482374","id":"wattlas-plant-osm-way-1163937105","lifecycleCounts":{"operational":1},"locationPrecision":"exact","name":"Barishal 350 MW (BEPCL) Coal-Fired Power Plant","operatingCapacityCoverage":{"coveragePercent":100.0,"knownUnitCount":0,"method":"plant_aggregate","provenance":{"evidenceCount":0,"recordIds":["wattlas-record-osm-way-1163937105"],"sourceIds":["openstreetmap-power"],"sourceTypes":["community_mapped"],"valueKind":"reported"},"totalUnitCount":0},"operatingCapacityMw":350.0,"operatingCapacityMwByTechnology":{"coal":350.0},"plannedCapacityCoverage":{"coveragePercent":0.0,"knownUnitCount":0,"method":"unavailable","totalUnitCount":0},"plannedCapacityMw":0.0,"plannedCapacityMwByTechnology":{},"recordCount":1,"recordIds":["wattlas-record-osm-way-1163937105"],"sourceIds":["openstreetmap-power"],"sourceUrl":"https://www.openstreetmap.org/way/1163937105","technologies":["coal"],"technologyMixMw":{"coal":350.0},"unitCount":0,"unitIds":[]},"type":"Feature"},{"geometry":{"coordinates":[89.539684,22.86573],"type":"Point"},"id":"wattlas-plant-osm-way-1173794119","properties":{"aliases":["Khulna 330 MW Combined Cycle Power Plant"],"canonicalAnchor":"osm:way/1173794119","canonicalCountryKey":"BD","capacityMw":0.0,"country":"BD","externalIds":{"osm":"way/1173794119"},"geographyId":"BD-32408957B3859287816056","id":"wattlas-plant-osm-way-1173794119","lifecycleCounts":{"operational":1},"locationPrecision":"exact","name":"Khulna 330 MW Combined Cycle Power Plant","operatingCapacityCoverage":{"coveragePercent":0.0,"knownUnitCount":0,"method":"unavailable","totalUnitCount":0},"operatingCapacityMw":0.0,"operatingCapacityMwByTechnology":{},"plannedCapacityCoverage":{"coveragePercent":0.0,"knownUnitCount":0,"method":"unavailable","totalUnitCount":0},"plannedCapacityMw":0.0,"plannedCapacityMwByTechnology":{},"recordCount":1,"recordIds":["wattlas-record-osm-way-1173794119"],"sourceIds":["openstreetmap-power"],"sourceUrl":"https://www.openstreetmap.org/way/1173794119","technologies":["gas"],"technologyMixMw":{"gas":0.0},"unitCount":0,"unitIds":[]},"type":"Feature"},{"geometry":{"coordinates":[89.153613,25.998757],"type":"Point"},"id":"wattlas-plant-osm-way-1180256304","properties":{"aliases":["Intraco Solar  30 MW"],"canonicalAnchor":"osm:way/1180256304","canonicalCountryKey":"BD","capacityMw":30.0,"country":"BD","externalIds":{"osm":"way/1180256304"},"geographyId":"BD-32408957B77489436868882","id":"wattlas-plant-osm-way-1180256304","lifecycleCounts":{"operational":1},"locationPrecision":"exact","name":"Intraco Solar  30 MW","operatingCapacityCoverage":{"coveragePercent":100.0,"knownUnitCount":0,"method":"plant_aggregate","provenance":{"evidenceCount":0,"recordIds":["wattlas-record-osm-way-1180256304"],"sourceIds":["openstreetmap-power"],"sourceTypes":["community_mapped"],"valueKind":"reported"},"totalUnitCount":0},"operatingCapacityMw":30.0,"operatingCapacityMwByTechnology":{"solar":30.0},"plannedCapacityCoverage":{"coveragePercent":0.0,"knownUnitCount":0,"method":"unavailable","totalUnitCount":0},"plannedCapacityMw":0.0,"plannedCapacityMwByTechnology":{},"recordCount":1,"recordIds":["wattlas-record-osm-way-1180256304"],"sourceIds":["openstreetmap-power"],"sourceUrl":"https://www.openstreetmap.org/way/1180256304","technologies":["solar"],"technologyMixMw":{"solar":30.0},"unitCount":0,"unitIds":[]},"type":"Feature"},{"geometry":{"coordinates":[89.539499,25.62704],"type":"Point"},"id":"wattlas-plant-osm-way-1180394334","properties":{"aliases":["200MW Teesta Solar Ltd"],"canonicalAnchor":"osm:way/1180394334","canonicalCountryKey":"BD","capacityMw":200.0,"country":"BD","externalIds":{"osm":"way/1180394334"},"geographyId":"BD-32408957B77489436868882","id":"wattlas-plant-osm-way-1180394334","lifecycleCounts":{"operational":1},"locationPrecision":"exact","name":"200MW Teesta Solar Ltd","operatingCapacityCoverage":{"coveragePercent":100.0,"knownUnitCount":0,"method":"plant_aggregate","provenance":{"evidenceCount":0,"recordIds":["wattlas-record-osm-way-1180394334"],"sourceIds":["openstreetmap-power"],"sourceTypes":["community_mapped"],"valueKind":"reported"},"totalUnitCount":0},"operatingCapacityMw":200.0,"operatingCapacityMwByTechnology":{"solar":200.0},"plannedCapacityCoverage":{"coveragePercent":0.0,"knownUnitCount":0,"method":"unavailable","totalUnitCount":0},"plannedCapacityMw":0.0,"plannedCapacityMwByTechnology":{},"recordCount":1,"recordIds":["wattlas-record-osm-way-1180394334"],"sourceIds":["openstreetmap-power"],"sourceUrl":"https://www.openstreetmap.org/way/1180394334","technologies":["solar"],"technologyMixMw":{"solar":200.0},"unitCount":0,"unitIds":[]},"type":"Feature"},{"geometry":{"coordinates":[89.802632,22.650775],"type":"Point"},"id":"wattlas-plant-osm-way-1267378173","properties":{"aliases":["Bangladesh Power Development Board"],"canonicalAnchor":"osm:way/1267378173","canonicalCountryKey":"BD","capacityMw":0.0,"country":"BD","externalIds":{"osm":"way/1267378173"},"geographyId":"BD-32408957B3859287816056","id":"wattlas-plant-osm-way-1267378173","lifecycleCounts":{"operational":1},"locationPrecision":"exact","name":"Bangladesh Power Development Board","operatingCapacityCoverage":{"coveragePercent":0.0,"knownUnitCount":0,"method":"unavailable","totalUnitCount":0},"operatingCapacityMw":0.0,"operatingCapacityMwByTechnology":{},"plannedCapacityCoverage":{"coveragePercent":0.0,"knownUnitCount":0,"method":"unavailable","totalUnitCount":0},"plannedCapacityMw":0.0,"plannedCapacityMwByTechnology":{},"recordCount":1,"recordIds":["wattlas-record-osm-way-1267378173"],"sourceIds":["openstreetmap-power"],"sourceUrl":"https://www.openstreetmap.org/way/1267378173","technologies":["other"],"technologyMixMw":{"other":0.0},"unitCount":0,"unitIds":[]},"type":"Feature"},{"geometry":{"coordinates":[91.109694,23.998066],"type":"Point"},"id":"wattlas-plant-osm-way-1291639526","properties":{"aliases":["Padma Oil Company Limited,Brahmanbaria"],"canonicalAnchor":"osm:way/1291639526","canonicalCountryKey":"BD","capacityMw":0.0,"country":"BD","externalIds":{"osm":"way/1291639526"},"geographyId":"BD-32408957B94023193097291","id":"wattlas-plant-osm-way-1291639526","lifecycleCounts":{"operational":1},"locationPrecision":"exact","name":"Padma Oil Company Limited,Brahmanbaria","operatingCapacityCoverage":{"coveragePercent":0.0,"knownUnitCount":0,"method":"unavailable","totalUnitCount":0},"operatingCapacityMw":0.0,"operatingCapacityMwByTechnology":{},"plannedCapacityCoverage":{"coveragePercent":0.0,"knownUnitCount":0,"method":"unavailable","totalUnitCount":0},"plannedCapacityMw":0.0,"plannedCapacityMwByTechnology":{},"recordCount":1,"recordIds":["wattlas-record-osm-way-1291639526"],"sourceIds":["openstreetmap-power"],"sourceUrl":"https://www.openstreetmap.org/way/1291639526","technologies":["oil"],"technologyMixMw":{"oil":0.0},"unitCount":0,"unitIds":[]},"type":"Feature"},{"geometry":{"coordinates":[90.523198,23.68212],"type":"Point"},"id":"wattlas-plant-osm-way-1296168782","properties":{"aliases":["Mapped power plant · OSM 1296168782"],"canonicalAnchor":"osm:way/1296168782","canonicalCountryKey":"BD","capacityMw":0.0,"country":"BD","externalIds":{"osm":"way/1296168782"},"geographyId":"BD-32408957B77718829177955","id":"wattlas-plant-osm-way-1296168782","lifecycleCounts":{"operational":1},"locationPrecision":"exact","name":"Mapped power plant · OSM 1296168782","operatingCapacityCoverage":{"coveragePercent":0.0,"knownUnitCount":0,"method":"unavailable","totalUnitCount":0},"operatingCapacityMw":0.0,"operatingCapacityMwByTechnology":{},"plannedCapacityCoverage":{"coveragePercent":0.0,"knownUnitCount":0,"method":"unavailable","totalUnitCount":0},"plannedCapacityMw":0.0,"plannedCapacityMwByTechnology":{},"recordCount":1,"recordIds":["wattlas-record-osm-way-1296168782"],"sourceIds":["openstreetmap-power"],"sourceUrl":"https://www.openstreetmap.org/way/1296168782","technologies":["other"],"technologyMixMw":{"other":0.0},"unitCount":0,"unitIds":[]},"type":"Feature"},{"geometry":{"coordinates":[90.375347,23.76215],"type":"Point"},"id":"wattlas-plant-osm-way-1309237436","properties":{"aliases":["Shangsad Vaban Solar Farm"],"canonicalAnchor":"osm:way/1309237436","canonicalCountryKey":"BD","capacityMw":0.0,"country":"BD","externalIds":{"osm":"way/1309237436"},"geographyId":"BD-32408957B77718829177955","id":"wattlas-plant-osm-way-1309237436","lifecycleCounts":{"operational":1},"locationPrecision":"exact","name":"Shangsad Vaban Solar Farm","operatingCapacityCoverage":{"coveragePercent":0.0,"knownUnitCount":0,"method":"unavailable","totalUnitCount":0},"operatingCapacityMw":0.0,"operatingCapacityMwByTechnology":{},"plannedCapacityCoverage":{"coveragePercent":0.0,"knownUnitCount":0,"method":"unavailable","totalUnitCount":0},"plannedCapacityMw":0.0,"plannedCapacityMwByTechnology":{},"recordCount":1,"recordIds":["wattlas-record-osm-way-1309237436"],"sourceIds":["openstreetmap-power"],"sourceUrl":"https://www.openstreetmap.org/way/1309237436","technologies":["solar"],"technologyMixMw":{"solar":0.0},"unitCount":0,"unitIds":[]},"type":"Feature"},{"geometry":{"coordinates":[90.590662,23.616229],"type":"Point"},"id":"wattlas-plant-osm-way-1319954546","properties":{"aliases":["Mapped power plant · OSM 1319954546"],"canonicalAnchor":"osm:way/1319954546","canonicalCountryKey":"BD","capacityMw":584.0,"country":"BD","externalIds":{"osm":"way/1319954546"},"geographyId":"BD-32408957B77718829177955","id":"wattlas-plant-osm-way-1319954546","lifecycleCounts":{"operational":1},"locationPrecision":"exact","name":"Mapped power plant · OSM 1319954546","operatingCapacityCoverage":{"coveragePercent":100.0,"knownUnitCount":0,"method":"plant_aggregate","provenance":{"evidenceCount":0,"recordIds":["wattlas-record-osm-way-1319954546"],"sourceIds":["openstreetmap-power"],"sourceTypes":["community_mapped"],"valueKind":"reported"},"totalUnitCount":0},"operatingCapacityMw":584.0,"operatingCapacityMwByTechnology":{"gas":584.0},"plannedCapacityCoverage":{"coveragePercent":0.0,"knownUnitCount":0,"method":"unavailable","totalUnitCount":0},"plannedCapacityMw":0.0,"plannedCapacityMwByTechnology":{},"recordCount":1,"recordIds":["wattlas-record-osm-way-1319954546"],"sourceIds":["openstreetmap-power"],"sourceUrl":"https://www.openstreetmap.org/way/1319954546","technologies":["gas"],"technologyMixMw":{"gas":584.0},"unitCount":0,"unitIds":[]},"type":"Feature"},{"geometry":{"coordinates":[89.737088,24.402726],"type":"Point"},"id":"wattlas-plant-osm-way-1351775245","properties":{"aliases":["Sirajganj 68 MW Solar Park"],"canonicalAnchor":"osm:way/1351775245","canonicalCountryKey":"BD","capacityMw":0.0,"country":"BD","externalIds":{"osm":"way/1351775245"},"geographyId":"BD-32408957B27409320841034","id":"wattlas-plant-osm-way-1351775245","lifecycleCounts":{"operational":1},"locationPrecision":"exact","name":"Sirajganj 68 MW Solar Park","operatingCapacityCoverage":{"coveragePercent":0.0,"knownUnitCount":0,"method":"unavailable","totalUnitCount":0},"operatingCapacityMw":0.0,"operatingCapacityMwByTechnology":{},"plannedCapacityCoverage":{"coveragePercent":0.0,"knownUnitCount":0,"method":"unavailable","totalUnitCount":0},"plannedCapacityMw":0.0,"plannedCapacityMwByTechnology":{},"recordCount":1,"recordIds":["wattlas-record-osm-way-1351775245"],"sourceIds":["openstreetmap-power"],"sourceUrl":"https://www.openstreetmap.org/way/1351775245","technologies":["solar"],"technologyMixMw":{"solar":0.0},"unitCount":0,"unitIds":[]},"type":"Feature"},{"geometry":{"coordinates":[89.551357,22.852181],"type":"Point"},"id":"wattlas-plant-osm-way-1382512464","properties":{"aliases":["Rupsha Upazila"],"canonicalAnchor":"osm:way/1382512464","canonicalCountryKey":"BD","capacityMw":800.0,"country":"BD","externalIds":{"osm":"way/1382512464"},"geographyId":"BD-32408957B3859287816056","id":"wattlas-plant-osm-way-1382512464","lifecycleCounts":{"operational":1},"locationPrecision":"exact","name":"Rupsha Upazila","operatingCapacityCoverage":{"coveragePercent":100.0,"knownUnitCount":0,"method":"plant_aggregate","provenance":{"evidenceCount":0,"recordIds":["wattlas-record-osm-way-1382512464"],"sourceIds":["openstreetmap-power"],"sourceTypes":["community_mapped"],"valueKind":"reported"},"totalUnitCount":0},"operatingCapacityMw":800.0,"operatingCapacityMwByTechnology":{"gas":800.0},"plannedCapacityCoverage":{"coveragePercent":0.0,"knownUnitCount":0,"method":"unavailable","totalUnitCount":0},"plannedCapacityMw":0.0,"plannedCapacityMwByTechnology":{},"recordCount":1,"recordIds":["wattlas-record-osm-way-1382512464"],"sourceIds":["openstreetmap-power"],"sourceUrl":"https://www.openstreetmap.org/way/1382512464","technologies":["gas"],"technologyMixMw":{"gas":800.0},"unitCount":0,"unitIds":[]},"type":"Feature"},{"geometry":{"coordinates":[92.004465,21.508201],"type":"Point"},"id":"wattlas-plant-osm-way-1382544488","properties":{"aliases":["Cox's Bazar 60 MW Wind Power Plant"],"canonicalAnchor":"osm:way/1382544488","canonicalCountryKey":"BD","capacityMw":60.0,"country":"BD","externalIds":{"osm":"way/1382544488"},"geographyId":"BD-32408957B94023193097291","id":"wattlas-plant-osm-way-1382544488","lifecycleCounts":{"operational":1},"locationPrecision":"exact","name":"Cox's Bazar 60 MW Wind Power Plant","operatingCapacityCoverage":{"coveragePercent":100.0,"knownUnitCount":0,"method":"plant_aggregate","provenance":{"evidenceCount":0,"recordIds":["wattlas-record-osm-way-1382544488"],"sourceIds":["openstreetmap-power"],"sourceTypes":["community_mapped"],"valueKind":"reported"},"totalUnitCount":0},"operatingCapacityMw":60.0,"operatingCapacityMwByTechnology":{"wind":60.0},"plannedCapacityCoverage":{"coveragePercent":0.0,"knownUnitCount":0,"method":"unavailable","totalUnitCount":0},"plannedCapacityMw":0.0,"plannedCapacityMwByTechnology":{},"recordCount":1,"recordIds":["wattlas-record-osm-way-1382544488"],"sourceIds":["openstreetmap-power"],"sourceUrl":"https://www.openstreetmap.org/way/1382544488","technologies":["wind"],"technologyMixMw":{"wind":60.0},"unitCount":0,"unitIds":[]},"type":"Feature"},{"geometry":{"coordinates":[91.831591,24.909924],"type":"Point"},"id":"wattlas-plant-osm-way-1509312201","properties":{"aliases":["Mapped power plant · OSM 1509312201"],"canonicalAnchor":"osm:way/1509312201","canonicalCountryKey":"BD","capacityMw":25.0,"country":"BD","externalIds":{"osm":"way/1509312201"},"geographyId":"BD-32408957B58397560032916","id":"wattlas-plant-osm-way-1509312201","lifecycleCounts":{"operational":1},"locationPrecision":"exact","name":"Mapped power plant · OSM 1509312201","operatingCapacityCoverage":{"coveragePercent":100.0,"knownUnitCount":0,"method":"plant_aggregate","provenance":{"evidenceCount":0,"recordIds":["wattlas-record-osm-way-1509312201"],"sourceIds":["openstreetmap-power"],"sourceTypes":["community_mapped"],"valueKind":"reported"},"totalUnitCount":0},"operatingCapacityMw":25.0,"operatingCapacityMwByTechnology":{"gas":25.0},"plannedCapacityCoverage":{"coveragePercent":0.0,"knownUnitCount":0,"method":"unavailable","totalUnitCount":0},"plannedCapacityMw":0.0,"plannedCapacityMwByTechnology":{},"recordCount":1,"recordIds":["wattlas-record-osm-way-1509312201"],"sourceIds":["openstreetmap-power"],"sourceUrl":"https://www.openstreetmap.org/way/1509312201","technologies":["gas"],"technologyMixMw":{"gas":25.0},"unitCount":0,"unitIds":[]},"type":"Feature"},{"geometry":{"coordinates":[91.864879,22.324287],"type":"Point"},"id":"wattlas-plant-osm-way-211045475","properties":{"aliases":["Shikalbaha power plant"],"canonicalAnchor":"osm:way/211045475","canonicalCountryKey":"BD","capacityMw":375.0,"country":"BD","externalIds":{"osm":"way/211045475"},"geographyId":"BD-32408957B94023193097291","id":"wattlas-plant-osm-way-211045475","lifecycleCounts":{"operational":1},"locationPrecision":"exact","name":"Shikalbaha power plant","operatingCapacityCoverage":{"coveragePercent":100.0,"knownUnitCount":0,"method":"plant_aggregate","provenance":{"evidenceCount":0,"recordIds":["wattlas-record-osm-way-211045475"],"sourceIds":["openstreetmap-power"],"sourceTypes":["community_mapped"],"valueKind":"reported"},"totalUnitCount":0},"operatingCapacityMw":375.0,"operatingCapacityMwByTechnology":{"gas":375.0},"plannedCapacityCoverage":{"coveragePercent":0.0,"knownUnitCount":0,"method":"unavailable","totalUnitCount":0},"plannedCapacityMw":0.0,"plannedCapacityMwByTechnology":{},"recordCount":1,"recordIds":["wattlas-record-osm-way-211045475"],"sourceIds":["openstreetmap-power"],"sourceUrl":"https://www.openstreetmap.org/way/211045475","technologies":["gas"],"technologyMixMw":{"gas":375.0},"unitCount":0,"unitIds":[]},"type":"Feature"},{"geometry":{"coordinates":[88.885413,25.812214],"type":"Point"},"id":"wattlas-plant-osm-way-274341704","properties":{"aliases":["Saidpur Power Plant"],"canonicalAnchor":"osm:way/274341704","canonicalCountryKey":"BD","capacityMw":20.0,"country":"BD","externalIds":{"osm":"way/274341704"},"geographyId":"BD-32408957B77489436868882","id":"wattlas-plant-osm-way-274341704","lifecycleCounts":{"operational":1},"locationPrecision":"exact","name":"Saidpur Power Plant","operatingCapacityCoverage":{"coveragePercent":100.0,"knownUnitCount":0,"method":"plant_aggregate","provenance":{"evidenceCount":0,"recordIds":["wattlas-record-osm-way-274341704"],"sourceIds":["openstreetmap-power"],"sourceTypes":["community_mapped"],"valueKind":"reported"},"totalUnitCount":0},"operatingCapacityMw":20.0,"operatingCapacityMwByTechnology":{"oil":20.0},"plannedCapacityCoverage":{"coveragePercent":0.0,"knownUnitCount":0,"method":"unavailable","totalUnitCount":0},"plannedCapacityMw":0.0,"plannedCapacityMwByTechnology":{},"recordCount":1,"recordIds":["wattlas-record-osm-way-274341704"],"sourceIds":["openstreetmap-power"],"sourceUrl":"https://www.openstreetmap.org/way/274341704","technologies":["oil"],"technologyMixMw":{"oil":20.0},"unitCount":0,"unitIds":[]},"type":"Feature"},{"geometry":{"coordinates":[89.351507,24.84029],"type":"Point"},"id":"wattlas-plant-osm-way-326573844","properties":{"aliases":["GBB Bogura Rental Power Plant"],"canonicalAnchor":"osm:way/326573844","canonicalCountryKey":"BD","capacityMw":22.0,"country":"BD","externalIds":{"osm":"way/326573844"},"geographyId":"BD-32408957B27409320841034","id":"wattlas-plant-osm-way-326573844","lifecycleCounts":{"operational":1},"locationPrecision":"exact","name":"GBB Bogura Rental Power Plant","operatingCapacityCoverage":{"coveragePercent":100.0,"knownUnitCount":0,"method":"plant_aggregate","provenance":{"evidenceCount":0,"recordIds":["wattlas-record-osm-way-326573844"],"sourceIds":["openstreetmap-power"],"sourceTypes":["community_mapped"],"valueKind":"reported"},"totalUnitCount":0},"operatingCapacityMw":22.0,"operatingCapacityMwByTechnology":{"gas":22.0},"plannedCapacityCoverage":{"coveragePercent":0.0,"knownUnitCount":0,"method":"unavailable","totalUnitCount":0},"plannedCapacityMw":0.0,"plannedCapacityMwByTechnology":{},"recordCount":1,"recordIds":["wattlas-record-osm-way-326573844"],"sourceIds":["openstreetmap-power"],"sourceUrl":"https://www.openstreetmap.org/way/326573844","technologies":["gas"],"technologyMixMw":{"gas":22.0},"unitCount":0,"unitIds":[]},"type":"Feature"},{"geometry":{"coordinates":[89.77298,23.618656],"type":"Point"},"id":"wattlas-plant-osm-way-354528956","properties":{"aliases":["Faridpur Peaking Power plant"],"canonicalAnchor":"osm:way/354528956","canonicalCountryKey":"BD","capacityMw":54.0,"country":"BD","externalIds":{"osm":"way/354528956"},"geographyId":"BD-32408957B77718829177955","id":"wattlas-plant-osm-way-354528956","lifecycleCounts":{"operational":1},"locationPrecision":"exact","name":"Faridpur Peaking Power plant","operatingCapacityCoverage":{"coveragePercent":100.0,"knownUnitCount":0,"method":"plant_aggregate","provenance":{"evidenceCount":0,"recordIds":["wattlas-record-osm-way-354528956"],"sourceIds":["openstreetmap-power"],"sourceTypes":["community_mapped"],"valueKind":"reported"},"totalUnitCount":0},"operatingCapacityMw":54.0,"operatingCapacityMwByTechnology":{"oil":54.0},"plannedCapacityCoverage":{"coveragePercent":0.0,"knownUnitCount":0,"method":"unavailable","totalUnitCount":0},"plannedCapacityMw":0.0,"plannedCapacityMwByTechnology":{},"recordCount":1,"recordIds":["wattlas-record-osm-way-354528956"],"sourceIds":["openstreetmap-power"],"sourceUrl":"https://www.openstreetmap.org/way/354528956","technologies":["oil"],"technologyMixMw":{"oil":54.0},"unitCount":0,"unitIds":[]},"type":"Feature"},{"geometry":{"coordinates":[88.40059,24.629951],"type":"Point"},"id":"wattlas-plant-osm-way-354584220","properties":{"aliases":["Sinha Power Generation Company Ltd."],"canonicalAnchor":"osm:way/354584220","canonicalCountryKey":"BD","capacityMw":50.0,"country":"BD","externalIds":{"osm":"way/354584220"},"geographyId":"BD-32408957B27409320841034","id":"wattlas-plant-osm-way-354584220","lifecycleCounts":{"operational":1},"locationPrecision":"exact","name":"Sinha Power Generation Company Ltd.","operatingCapacityCoverage":{"coveragePercent":100.0,"knownUnitCount":0,"method":"plant_aggregate","provenance":{"evidenceCount":0,"recordIds":["wattlas-record-osm-way-354584220"],"sourceIds":["openstreetmap-power"],"sourceTypes":["community_mapped"],"valueKind":"reported"},"totalUnitCount":0},"operatingCapacityMw":50.0,"operatingCapacityMwByTechnology":{"oil":50.0},"plannedCapacityCoverage":{"coveragePercent":0.0,"knownUnitCount":0,"method":"unavailable","totalUnitCount":0},"plannedCapacityMw":0.0,"plannedCapacityMwByTechnology":{},"recordCount":1,"recordIds":["wattlas-record-osm-way-354584220"],"sourceIds":["openstreetmap-power"],"sourceUrl":"https://www.openstreetmap.org/way/354584220","technologies":["oil"],"technologyMixMw":{"oil":50.0},"unitCount":0,"unitIds":[]},"type":"Feature"},{"geometry":{"coordinates":[90.777548,23.545539],"type":"Point"},"id":"wattlas-plant-osm-way-369680738","properties":{"aliases":["Titas Peaking Power Plant"],"canonicalAnchor":"osm:way/369680738","canonicalCountryKey":"BD","capacityMw":52.0,"country":"BD","externalIds":{"osm":"way/369680738"},"geographyId":"BD-32408957B94023193097291","id":"wattlas-plant-osm-way-369680738","lifecycleCounts":{"operational":1},"locationPrecision":"exact","name":"Titas Peaking Power Plant","operatingCapacityCoverage":{"coveragePercent":100.0,"knownUnitCount":0,"method":"plant_aggregate","provenance":{"evidenceCount":0,"recordIds":["wattlas-record-osm-way-369680738"],"sourceIds":["openstreetmap-power"],"sourceTypes":["community_mapped"],"valueKind":"reported"},"totalUnitCount":0},"operatingCapacityMw":52.0,"operatingCapacityMwByTechnology":{"oil":52.0},"plannedCapacityCoverage":{"coveragePercent":0.0,"knownUnitCount":0,"method":"unavailable","totalUnitCount":0},"plannedCapacityMw":0.0,"plannedCapacityMwByTechnology":{},"recordCount":1,"recordIds":["wattlas-record-osm-way-369680738"],"sourceIds":["openstreetmap-power"],"sourceUrl":"https://www.openstreetmap.org/way/369680738","technologies":["oil"],"technologyMixMw":{"oil":52.0},"unitCount":0,"unitIds":[]},"type":"Feature"},{"geometry":{"coordinates":[88.983854,24.797333],"type":"Point"},"id":"wattlas-plant-osm-way-413308918","properties":{"aliases":["Santahar Peaking Power Plant"],"canonicalAnchor":"osm:way/413308918","canonicalCountryKey":"BD","capacityMw":50.0,"country":"BD","externalIds":{"osm":"way/413308918"},"geographyId":"BD-32408957B27409320841034","id":"wattlas-plant-osm-way-413308918","lifecycleCounts":{"operational":1},"locationPrecision":"exact","name":"Santahar Peaking Power Plant","operatingCapacityCoverage":{"coveragePercent":100.0,"knownUnitCount":0,"method":"plant_aggregate","provenance":{"evidenceCount":0,"recordIds":["wattlas-record-osm-way-413308918"],"sourceIds":["openstreetmap-power"],"sourceTypes":["community_mapped"],"valueKind":"reported"},"totalUnitCount":0},"operatingCapacityMw":50.0,"operatingCapacityMwByTechnology":{"oil":50.0},"plannedCapacityCoverage":{"coveragePercent":0.0,"knownUnitCount":0,"method":"unavailable","totalUnitCount":0},"plannedCapacityMw":0.0,"plannedCapacityMwByTechnology":{},"recordCount":1,"recordIds":["wattlas-record-osm-way-413308918"],"sourceIds":["openstreetmap-power"],"sourceUrl":"https://www.openstreetmap.org/way/413308918","technologies":["oil"],"technologyMixMw":{"oil":50.0},"unitCount":0,"unitIds":[]},"type":"Feature"},{"geometry":{"coordinates":[91.931589,22.446366],"type":"Point"},"id":"wattlas-plant-osm-way-469369938","properties":{"aliases":["RPCL Raozan Power Plant"],"canonicalAnchor":"osm:way/469369938","canonicalCountryKey":"BD","capacityMw":25.0,"country":"BD","externalIds":{"osm":"way/469369938"},"geographyId":"BD-32408957B94023193097291","id":"wattlas-plant-osm-way-469369938","lifecycleCounts":{"operational":1},"locationPrecision":"exact","name":"RPCL Raozan Power Plant","operatingCapacityCoverage":{"coveragePercent":100.0,"knownUnitCount":0,"method":"plant_aggregate","provenance":{"evidenceCount":0,"recordIds":["wattlas-record-osm-way-469369938"],"sourceIds":["openstreetmap-power"],"sourceTypes":["community_mapped"],"valueKind":"reported"},"totalUnitCount":0},"operatingCapacityMw":25.0,"operatingCapacityMwByTechnology":{"oil":25.0},"plannedCapacityCoverage":{"coveragePercent":0.0,"knownUnitCount":0,"method":"unavailable","totalUnitCount":0},"plannedCapacityMw":0.0,"plannedCapacityMwByTechnology":{},"recordCount":1,"recordIds":["wattlas-record-osm-way-469369938"],"sourceIds":["openstreetmap-power"],"sourceUrl":"https://www.openstreetmap.org/way/469369938","technologies":["oil"],"technologyMixMw":{"oil":25.0},"unitCount":0,"unitIds":[]},"type":"Feature"},{"geometry":{"coordinates":[91.918719,24.682728],"type":"Point"},"id":"wattlas-plant-osm-way-497977755","properties":{"aliases":["Barakatullah Electro Dynamics Limited"],"canonicalAnchor":"osm:way/497977755","canonicalCountryKey":"BD","capacityMw":51.0,"country":"BD","externalIds":{"osm":"way/497977755"},"geographyId":"BD-32408957B58397560032916","id":"wattlas-plant-osm-way-497977755","lifecycleCounts":{"operational":1},"locationPrecision":"exact","name":"Barakatullah Electro Dynamics Limited","operatingCapacityCoverage":{"coveragePercent":100.0,"knownUnitCount":0,"method":"plant_aggregate","provenance":{"evidenceCount":0,"recordIds":["wattlas-record-osm-way-497977755"],"sourceIds":["openstreetmap-power"],"sourceTypes":["community_mapped"],"valueKind":"reported"},"totalUnitCount":0},"operatingCapacityMw":51.0,"operatingCapacityMwByTechnology":{"gas":51.0},"plannedCapacityCoverage":{"coveragePercent":0.0,"knownUnitCount":0,"method":"unavailable","totalUnitCount":0},"plannedCapacityMw":0.0,"plannedCapacityMwByTechnology":{},"recordCount":1,"recordIds":["wattlas-record-osm-way-497977755"],"sourceIds":["openstreetmap-power"],"sourceUrl":"https://www.openstreetmap.org/way/497977755","technologies":["gas"],"technologyMixMw":{"gas":51.0},"unitCount":0,"unitIds":[]},"type":"Feature"},{"geometry":{"coordinates":[91.366614,23.030504],"type":"Point"},"id":"wattlas-plant-osm-way-527420719","properties":{"aliases":["Doreen Feni 22 MW Power Plant"],"canonicalAnchor":"osm:way/527420719","canonicalCountryKey":"BD","capacityMw":22.0,"country":"BD","externalIds":{"osm":"way/527420719"},"geographyId":"BD-32408957B94023193097291","id":"wattlas-plant-osm-way-527420719","lifecycleCounts":{"operational":1},"locationPrecision":"exact","name":"Doreen Feni 22 MW Power Plant","operatingCapacityCoverage":{"coveragePercent":100.0,"knownUnitCount":0,"method":"plant_aggregate","provenance":{"evidenceCount":0,"recordIds":["wattlas-record-osm-way-527420719"],"sourceIds":["openstreetmap-power"],"sourceTypes":["community_mapped"],"valueKind":"reported"},"totalUnitCount":0},"operatingCapacityMw":22.0,"operatingCapacityMwByTechnology":{"gas":22.0},"plannedCapacityCoverage":{"coveragePercent":0.0,"knownUnitCount":0,"method":"unavailable","totalUnitCount":0},"plannedCapacityMw":0.0,"plannedCapacityMwByTechnology":{},"recordCount":1,"recordIds":["wattlas-record-osm-way-527420719"],"sourceIds":["openstreetmap-power"],"sourceUrl":"https://www.openstreetmap.org/way/527420719","technologies":["gas"],"technologyMixMw":{"gas":22.0},"unitCount":0,"unitIds":[]},"type":"Feature"},{"geometry":{"coordinates":[91.684549,22.571274],"type":"Point"},"id":"wattlas-plant-osm-way-527777360","properties":{"aliases":["Regent Power Limited, Anwara Jute Mill Rd, Barabkunda, Chittagong"],"canonicalAnchor":"osm:way/527777360","canonicalCountryKey":"BD","capacityMw":22.0,"country":"BD","externalIds":{"osm":"way/527777360"},"geographyId":"BD-32408957B94023193097291","id":"wattlas-plant-osm-way-527777360","lifecycleCounts":{"operational":1},"locationPrecision":"exact","name":"Regent Power Limited, Anwara Jute Mill Rd, Barabkunda, Chittagong","operatingCapacityCoverage":{"coveragePercent":100.0,"knownUnitCount":0,"method":"plant_aggregate","provenance":{"evidenceCount":0,"recordIds":["wattlas-record-osm-way-527777360"],"sourceIds":["openstreetmap-power"],"sourceTypes":["community_mapped"],"valueKind":"reported"},"totalUnitCount":0},"operatingCapacityMw":22.0,"operatingCapacityMwByTechnology":{"gas":22.0},"plannedCapacityCoverage":{"coveragePercent":0.0,"knownUnitCount":0,"method":"unavailable","totalUnitCount":0},"plannedCapacityMw":0.0,"plannedCapacityMwByTechnology":{},"recordCount":1,"recordIds":["wattlas-record-osm-way-527777360"],"sourceIds":["openstreetmap-power"],"sourceUrl":"https://www.openstreetmap.org/way/527777360","technologies":["gas"],"technologyMixMw":{"gas":22.0},"unitCount":0,"unitIds":[]},"type":"Feature"},{"geometry":{"coordinates":[91.424502,24.280989],"type":"Point"},"id":"wattlas-plant-osm-way-533090532","properties":{"aliases":["Energypac Power Venture Limited"],"canonicalAnchor":"osm:way/533090532","canonicalCountryKey":"BD","capacityMw":11.0,"country":"BD","externalIds":{"osm":"way/533090532"},"geographyId":"BD-32408957B58397560032916","id":"wattlas-plant-osm-way-533090532","lifecycleCounts":{"operational":1},"locationPrecision":"exact","name":"Energypac Power Venture Limited","operatingCapacityCoverage":{"coveragePercent":100.0,"knownUnitCount":0,"method":"plant_aggregate","provenance":{"evidenceCount":0,"recordIds":["wattlas-record-osm-way-533090532"],"sourceIds":["openstreetmap-power"],"sourceTypes":["community_mapped"],"valueKind":"reported"},"totalUnitCount":0},"operatingCapacityMw":11.0,"operatingCapacityMwByTechnology":{"gas":11.0},"plannedCapacityCoverage":{"coveragePercent":0.0,"knownUnitCount":0,"method":"unavailable","totalUnitCount":0},"plannedCapacityMw":0.0,"plannedCapacityMwByTechnology":{},"recordCount":1,"recordIds":["wattlas-record-osm-way-533090532"],"sourceIds":["openstreetmap-power"],"sourceUrl":"https://www.openstreetmap.org/way/533090532","technologies":["gas"],"technologyMixMw":{"gas":11.0},"unitCount":0,"unitIds":[]},"type":"Feature"},{"geometry":{"coordinates":[91.37674,24.255046],"type":"Point"},"id":"wattlas-plant-osm-way-533091973","properties":{"aliases":["Shahjibazar Power Company Limited"],"canonicalAnchor":"osm:way/533091973","canonicalCountryKey":"BD","capacityMw":86.0,"country":"BD","externalIds":{"osm":"way/533091973"},"geographyId":"BD-32408957B58397560032916","id":"wattlas-plant-osm-way-533091973","lifecycleCounts":{"operational":1},"locationPrecision":"exact","name":"Shahjibazar Power Company Limited","operatingCapacityCoverage":{"coveragePercent":100.0,"knownUnitCount":0,"method":"plant_aggregate","provenance":{"evidenceCount":0,"recordIds":["wattlas-record-osm-way-533091973"],"sourceIds":["openstreetmap-power"],"sourceTypes":["community_mapped"],"valueKind":"reported"},"totalUnitCount":0},"operatingCapacityMw":86.0,"operatingCapacityMwByTechnology":{"gas":86.0},"plannedCapacityCoverage":{"coveragePercent":0.0,"knownUnitCount":0,"method":"unavailable","totalUnitCount":0},"plannedCapacityMw":0.0,"plannedCapacityMwByTechnology":{},"recordCount":1,"recordIds":["wattlas-record-osm-way-533091973"],"sourceIds":["openstreetmap-power"],"sourceUrl":"https://www.openstreetmap.org/way/533091973","technologies":["gas"],"technologyMixMw":{"gas":86.0},"unitCount":0,"unitIds":[]},"type":"Feature"},{"geometry":{"coordinates":[90.692827,23.918654],"type":"Point"},"id":"wattlas-plant-osm-way-534411759","properties":{"aliases":["Doreen Power Plant 2, Narsingdi"],"canonicalAnchor":"osm:way/534411759","canonicalCountryKey":"BD","capacityMw":22.0,"country":"BD","externalIds":{"osm":"way/534411759"},"geographyId":"BD-32408957B77718829177955","id":"wattlas-plant-osm-way-534411759","lifecycleCounts":{"operational":1},"locationPrecision":"exact","name":"Doreen Power Plant 2, Narsingdi","operatingCapacityCoverage":{"coveragePercent":100.0,"knownUnitCount":0,"method":"plant_aggregate","provenance":{"evidenceCount":0,"recordIds":["wattlas-record-osm-way-534411759"],"sourceIds":["openstreetmap-power"],"sourceTypes":["community_mapped"],"valueKind":"reported"},"totalUnitCount":0},"operatingCapacityMw":22.0,"operatingCapacityMwByTechnology":{"gas":22.0},"plannedCapacityCoverage":{"coveragePercent":0.0,"knownUnitCount":0,"method":"unavailable","totalUnitCount":0},"plannedCapacityMw":0.0,"plannedCapacityMwByTechnology":{},"recordCount":1,"recordIds":["wattlas-record-osm-way-534411759"],"sourceIds":["openstreetmap-power"],"sourceUrl":"https://www.openstreetmap.org/way/534411759","technologies":["gas"],"technologyMixMw":{"gas":22.0},"unitCount":0,"unitIds":[]},"type":"Feature"},{"geometry":{"coordinates":[89.242994,25.722999],"type":"Point"},"id":"wattlas-plant-osm-way-536330753","properties":{"aliases":["Rangpur Gas Turbine Power Plant"],"canonicalAnchor":"osm:way/536330753","canonicalCountryKey":"BD","capacityMw":20.0,"country":"BD","externalIds":{"osm":"way/536330753"},"geographyId":"BD-32408957B77489436868882","id":"wattlas-plant-osm-way-536330753","lifecycleCounts":{"operational":1},"locationPrecision":"exact","name":"Rangpur Gas Turbine Power Plant","operatingCapacityCoverage":{"coveragePercent":100.0,"knownUnitCount":0,"method":"plant_aggregate","provenance":{"evidenceCount":0,"recordIds":["wattlas-record-osm-way-536330753"],"sourceIds":["openstreetmap-power"],"sourceTypes":["community_mapped"],"valueKind":"reported"},"totalUnitCount":0},"operatingCapacityMw":20.0,"operatingCapacityMwByTechnology":{"oil":20.0},"plannedCapacityCoverage":{"coveragePercent":0.0,"knownUnitCount":0,"method":"unavailable","totalUnitCount":0},"plannedCapacityMw":0.0,"plannedCapacityMwByTechnology":{},"recordCount":1,"recordIds":["wattlas-record-osm-way-536330753"],"sourceIds":["openstreetmap-power"],"sourceUrl":"https://www.openstreetmap.org/way/536330753","technologies":["oil"],"technologyMixMw":{"oil":20.0},"unitCount":0,"unitIds":[]},"type":"Feature"},{"geometry":{"coordinates":[90.655453,23.855567],"type":"Point"},"id":"wattlas-plant-osm-way-536811159","properties":{"aliases":["Madhabdi Power Plant"],"canonicalAnchor":"osm:way/536811159","canonicalCountryKey":"BD","capacityMw":35.0,"country":"BD","externalIds":{"osm":"way/536811159"},"geographyId":"BD-32408957B77718829177955","id":"wattlas-plant-osm-way-536811159","lifecycleCounts":{"operational":1},"locationPrecision":"exact","name":"Madhabdi Power Plant","operatingCapacityCoverage":{"coveragePercent":100.0,"knownUnitCount":0,"method":"plant_aggregate","provenance":{"evidenceCount":0,"recordIds":["wattlas-record-osm-way-536811159"],"sourceIds":["openstreetmap-power"],"sourceTypes":["community_mapped"],"valueKind":"reported"},"totalUnitCount":0},"operatingCapacityMw":35.0,"operatingCapacityMwByTechnology":{"gas":35.0},"plannedCapacityCoverage":{"coveragePercent":0.0,"knownUnitCount":0,"method":"unavailable","totalUnitCount":0},"plannedCapacityMw":0.0,"plannedCapacityMwByTechnology":{},"recordCount":1,"recordIds":["wattlas-record-osm-way-536811159"],"sourceIds":["openstreetmap-power"],"sourceUrl":"https://www.openstreetmap.org/way/536811159","technologies":["gas"],"technologyMixMw":{"gas":35.0},"unitCount":0,"unitIds":[]},"type":"Feature"},{"geometry":{"coordinates":[90.550147,23.755593],"type":"Point"},"id":"wattlas-plant-osm-way-537926890","properties":{"aliases":["Rupganj Power Plant"],"canonicalAnchor":"osm:way/537926890","canonicalCountryKey":"BD","capacityMw":33.0,"country":"BD","externalIds":{"osm":"way/537926890"},"geographyId":"BD-32408957B77718829177955","id":"wattlas-plant-osm-way-537926890","lifecycleCounts":{"operational":1},"locationPrecision":"exact","name":"Rupganj Power Plant","operatingCapacityCoverage":{"coveragePercent":100.0,"knownUnitCount":0,"method":"plant_aggregate","provenance":{"evidenceCount":0,"recordIds":["wattlas-record-osm-way-537926890"],"sourceIds":["openstreetmap-power"],"sourceTypes":["community_mapped"],"valueKind":"reported"},"totalUnitCount":0},"operatingCapacityMw":33.0,"operatingCapacityMwByTechnology":{"oil":33.0},"plannedCapacityCoverage":{"coveragePercent":0.0,"knownUnitCount":0,"method":"unavailable","totalUnitCount":0},"plannedCapacityMw":0.0,"plannedCapacityMwByTechnology":{},"recordCount":1,"recordIds":["wattlas-record-osm-way-537926890"],"sourceIds":["openstreetmap-power"],"sourceUrl":"https://www.openstreetmap.org/way/537926890","technologies":["oil"],"technologyMixMw":{"oil":33.0},"unitCount":0,"unitIds":[]},"type":"Feature"},{"geometry":{"coordinates":[91.170023,23.430024],"type":"Point"},"id":"wattlas-plant-osm-way-548799924","properties":{"aliases":["Lakdhanavi Bangla Power Plant"],"canonicalAnchor":"osm:way/548799924","canonicalCountryKey":"BD","capacityMw":52.0,"country":"BD","externalIds":{"osm":"way/548799924"},"geographyId":"BD-32408957B94023193097291","id":"wattlas-plant-osm-way-548799924","lifecycleCounts":{"operational":1},"locationPrecision":"exact","name":"Lakdhanavi Bangla Power Plant","operatingCapacityCoverage":{"coveragePercent":100.0,"knownUnitCount":0,"method":"plant_aggregate","provenance":{"evidenceCount":0,"recordIds":["wattlas-record-osm-way-548799924"],"sourceIds":["openstreetmap-power"],"sourceTypes":["community_mapped"],"valueKind":"reported"},"totalUnitCount":0},"operatingCapacityMw":52.0,"operatingCapacityMwByTechnology":{"oil":52.0},"plannedCapacityCoverage":{"coveragePercent":0.0,"knownUnitCount":0,"method":"unavailable","totalUnitCount":0},"plannedCapacityMw":0.0,"plannedCapacityMwByTechnology":{},"recordCount":1,"recordIds":["wattlas-record-osm-way-548799924"],"sourceIds":["openstreetmap-power"],"sourceUrl":"https://www.openstreetmap.org/way/548799924","technologies":["oil"],"technologyMixMw":{"oil":52.0},"unitCount":0,"unitIds":[]},"type":"Feature"},{"geometry":{"coordinates":[91.539579,24.292003],"type":"Point"},"id":"wattlas-plant-osm-way-584664585","properties":{"aliases":["Omera Cylinders Limited (OCL)"],"canonicalAnchor":"osm:way/584664585","canonicalCountryKey":"BD","capacityMw":0.0,"country":"BD","externalIds":{"osm":"way/584664585"},"geographyId":"BD-32408957B58397560032916","id":"wattlas-plant-osm-way-584664585","lifecycleCounts":{"operational":1},"locationPrecision":"exact","name":"Omera Cylinders Limited (OCL)","operatingCapacityCoverage":{"coveragePercent":0.0,"knownUnitCount":0,"method":"unavailable","totalUnitCount":0},"operatingCapacityMw":0.0,"operatingCapacityMwByTechnology":{},"plannedCapacityCoverage":{"coveragePercent":0.0,"knownUnitCount":0,"method":"unavailable","totalUnitCount":0},"plannedCapacityMw":0.0,"plannedCapacityMwByTechnology":{},"recordCount":1,"recordIds":["wattlas-record-osm-way-584664585"],"sourceIds":["openstreetmap-power"],"sourceUrl":"https://www.openstreetmap.org/way/584664585","technologies":["other"],"technologyMixMw":{"other":0.0},"unitCount":0,"unitIds":[]},"type":"Feature"},{"geometry":{"coordinates":[90.242874,23.809184],"type":"Point"},"id":"wattlas-plant-osm-way-593281880","properties":{"aliases":["Dhaka Northern Power Station"],"canonicalAnchor":"osm:way/593281880","canonicalCountryKey":"BD","capacityMw":55.0,"country":"BD","externalIds":{"osm":"way/593281880"},"geographyId":"BD-32408957B77718829177955","id":"wattlas-plant-osm-way-593281880","lifecycleCounts":{"operational":1},"locationPrecision":"exact","name":"Dhaka Northern Power Station","operatingCapacityCoverage":{"coveragePercent":100.0,"knownUnitCount":0,"method":"plant_aggregate","provenance":{"evidenceCount":0,"recordIds":["wattlas-record-osm-way-593281880"],"sourceIds":["openstreetmap-power"],"sourceTypes":["community_mapped"],"valueKind":"reported"},"totalUnitCount":0},"operatingCapacityMw":55.0,"operatingCapacityMwByTechnology":{"oil":55.0},"plannedCapacityCoverage":{"coveragePercent":0.0,"knownUnitCount":0,"method":"unavailable","totalUnitCount":0},"plannedCapacityMw":0.0,"plannedCapacityMwByTechnology":{},"recordCount":1,"recordIds":["wattlas-record-osm-way-593281880"],"sourceIds":["openstreetmap-power"],"sourceUrl":"https://www.openstreetmap.org/way/593281880","technologies":["oil"],"technologyMixMw":{"oil":55.0},"unitCount":0,"unitIds":[]},"type":"Feature"},{"geometry":{"coordinates":[92.255685,20.982046],"type":"Point"},"id":"wattlas-plant-osm-way-599462098","properties":{"aliases":["Technaf Solartech Energy"],"canonicalAnchor":"osm:way/599462098","canonicalCountryKey":"BD","capacityMw":20.0,"country":"BD","externalIds":{"osm":"way/599462098"},"geographyId":"BD-32408957B94023193097291","id":"wattlas-plant-osm-way-599462098","lifecycleCounts":{"operational":1},"locationPrecision":"exact","name":"Technaf Solartech Energy","operatingCapacityCoverage":{"coveragePercent":100.0,"knownUnitCount":0,"method":"plant_aggregate","provenance":{"evidenceCount":0,"recordIds":["wattlas-record-osm-way-599462098"],"sourceIds":["openstreetmap-power"],"sourceTypes":["community_mapped"],"valueKind":"reported"},"totalUnitCount":0},"operatingCapacityMw":20.0,"operatingCapacityMwByTechnology":{"solar":20.0},"plannedCapacityCoverage":{"coveragePercent":0.0,"knownUnitCount":0,"method":"unavailable","totalUnitCount":0},"plannedCapacityMw":0.0,"plannedCapacityMwByTechnology":{},"recordCount":1,"recordIds":["wattlas-record-osm-way-599462098"],"sourceIds":["openstreetmap-power"],"sourceUrl":"https://www.openstreetmap.org/way/599462098","technologies":["solar"],"technologyMixMw":{"solar":20.0},"unitCount":0,"unitIds":[]},"type":"Feature"},{"geometry":{"coordinates":[90.611578,22.673861],"type":"Point"},"id":"wattlas-plant-osm-way-602205070","properties":{"aliases":["Bhola Power Plant"],"canonicalAnchor":"osm:way/602205070","canonicalCountryKey":"BD","capacityMw":33.0,"country":"BD","externalIds":{"osm":"way/602205070"},"geographyId":"BD-32408957B31852228482374","id":"wattlas-plant-osm-way-602205070","lifecycleCounts":{"operational":1},"locationPrecision":"exact","name":"Bhola Power Plant","operatingCapacityCoverage":{"coveragePercent":100.0,"knownUnitCount":0,"method":"plant_aggregate","provenance":{"evidenceCount":0,"recordIds":["wattlas-record-osm-way-602205070"],"sourceIds":["openstreetmap-power"],"sourceTypes":["community_mapped"],"valueKind":"reported"},"totalUnitCount":0},"operatingCapacityMw":33.0,"operatingCapacityMwByTechnology":{"gas":33.0},"plannedCapacityCoverage":{"coveragePercent":0.0,"knownUnitCount":0,"method":"unavailable","totalUnitCount":0},"plannedCapacityMw":0.0,"plannedCapacityMwByTechnology":{},"recordCount":1,"recordIds":["wattlas-record-osm-way-602205070"],"sourceIds":["openstreetmap-power"],"sourceUrl":"https://www.openstreetmap.org/way/602205070","technologies":["gas"],"technologyMixMw":{"gas":33.0},"unitCount":0,"unitIds":[]},"type":"Feature"},{"geometry":{"coordinates":[90.912914,23.504718],"type":"Point"},"id":"wattlas-plant-osm-way-666244714","properties":{"aliases":["Summit Gas Power Plant সামিট গ্যাস পাওয়ার প্ল্যান্ট"],"canonicalAnchor":"osm:way/666244714","canonicalCountryKey":"BD","capacityMw":25.0,"country":"BD","externalIds":{"osm":"way/666244714"},"geographyId":"BD-32408957B94023193097291","id":"wattlas-plant-osm-way-666244714","lifecycleCounts":{"operational":1},"locationPrecision":"exact","name":"Summit Gas Power Plant সামিট গ্যাস পাওয়ার প্ল্যান্ট","operatingCapacityCoverage":{"coveragePercent":100.0,"knownUnitCount":0,"method":"plant_aggregate","provenance":{"evidenceCount":0,"recordIds":["wattlas-record-osm-way-666244714"],"sourceIds":["openstreetmap-power"],"sourceTypes":["community_mapped"],"valueKind":"reported"},"totalUnitCount":0},"operatingCapacityMw":25.0,"operatingCapacityMwByTechnology":{"gas":25.0},"plannedCapacityCoverage":{"coveragePercent":0.0,"knownUnitCount":0,"method":"unavailable","totalUnitCount":0},"plannedCapacityMw":0.0,"plannedCapacityMwByTechnology":{},"recordCount":1,"recordIds":["wattlas-record-osm-way-666244714"],"sourceIds":["openstreetmap-power"],"sourceUrl":"https://www.openstreetmap.org/way/666244714","technologies":["gas"],"technologyMixMw":{"gas":25.0},"unitCount":0,"unitIds":[]},"type":"Feature"},{"geometry":{"coordinates":[89.617878,24.090088],"type":"Point"},"id":"wattlas-plant-osm-way-798377655","properties":{"aliases":["Bera 70 MW Peaking Power Plant"],"canonicalAnchor":"osm:way/798377655","canonicalCountryKey":"BD","capacityMw":71.0,"country":"BD","externalIds":{"osm":"way/798377655"},"geographyId":"BD-32408957B27409320841034","id":"wattlas-plant-osm-way-798377655","lifecycleCounts":{"operational":1},"locationPrecision":"exact","name":"Bera 70 MW Peaking Power Plant","operatingCapacityCoverage":{"coveragePercent":100.0,"knownUnitCount":0,"method":"plant_aggregate","provenance":{"evidenceCount":0,"recordIds":["wattlas-record-osm-way-798377655"],"sourceIds":["openstreetmap-power"],"sourceTypes":["community_mapped"],"valueKind":"reported"},"totalUnitCount":0},"operatingCapacityMw":71.0,"operatingCapacityMwByTechnology":{"oil":71.0},"plannedCapacityCoverage":{"coveragePercent":0.0,"knownUnitCount":0,"method":"unavailable","totalUnitCount":0},"plannedCapacityMw":0.0,"plannedCapacityMwByTechnology":{},"recordCount":1,"recordIds":["wattlas-record-osm-way-798377655"],"sourceIds":["openstreetmap-power"],"sourceUrl":"https://www.openstreetmap.org/way/798377655","technologies":["oil"],"technologyMixMw":{"oil":71.0},"unitCount":0,"unitIds":[]},"type":"Feature"},{"geometry":{"coordinates":[91.874914,22.331841],"type":"Point"},"id":"wattlas-plant-osm-way-862825575","properties":{"aliases":["Zodiac Power Chittagong"],"canonicalAnchor":"osm:way/862825575","canonicalCountryKey":"BD","capacityMw":54.0,"country":"BD","externalIds":{"osm":"way/862825575"},"geographyId":"BD-32408957B94023193097291","id":"wattlas-plant-osm-way-862825575","lifecycleCounts":{"operational":1},"locationPrecision":"exact","name":"Zodiac Power Chittagong","operatingCapacityCoverage":{"coveragePercent":100.0,"knownUnitCount":0,"method":"plant_aggregate","provenance":{"evidenceCount":0,"recordIds":["wattlas-record-osm-way-862825575"],"sourceIds":["openstreetmap-power"],"sourceTypes":["community_mapped"],"valueKind":"reported"},"totalUnitCount":0},"operatingCapacityMw":54.0,"operatingCapacityMwByTechnology":{"oil":54.0},"plannedCapacityCoverage":{"coveragePercent":0.0,"knownUnitCount":0,"method":"unavailable","totalUnitCount":0},"plannedCapacityMw":0.0,"plannedCapacityMwByTechnology":{},"recordCount":1,"recordIds":["wattlas-record-osm-way-862825575"],"sourceIds":["openstreetmap-power"],"sourceUrl":"https://www.openstreetmap.org/way/862825575","technologies":["oil"],"technologyMixMw":{"oil":54.0},"unitCount":0,"unitIds":[]},"type":"Feature"},{"geometry":{"coordinates":[90.525187,23.669577],"type":"Point"},"id":"wattlas-plant-osm-way-928996332","properties":{"aliases":["Dutch Bangla Siddhirganj Power Plant"],"canonicalAnchor":"osm:way/928996332","canonicalCountryKey":"BD","capacityMw":100.0,"country":"BD","externalIds":{"osm":"way/928996332"},"geographyId":"BD-32408957B77718829177955","id":"wattlas-plant-osm-way-928996332","lifecycleCounts":{"operational":1},"locationPrecision":"exact","name":"Dutch Bangla Siddhirganj Power Plant","operatingCapacityCoverage":{"coveragePercent":100.0,"knownUnitCount":0,"method":"plant_aggregate","provenance":{"evidenceCount":0,"recordIds":["wattlas-record-osm-way-928996332"],"sourceIds":["openstreetmap-power"],"sourceTypes":["community_mapped"],"valueKind":"reported"},"totalUnitCount":0},"operatingCapacityMw":100.0,"operatingCapacityMwByTechnology":{"oil":100.0},"plannedCapacityCoverage":{"coveragePercent":0.0,"knownUnitCount":0,"method":"unavailable","totalUnitCount":0},"plannedCapacityMw":0.0,"plannedCapacityMwByTechnology":{},"recordCount":1,"recordIds":["wattlas-record-osm-way-928996332"],"sourceIds":["openstreetmap-power"],"sourceUrl":"https://www.openstreetmap.org/way/928996332","technologies":["oil"],"technologyMixMw":{"oil":100.0},"unitCount":0,"unitIds":[]},"type":"Feature"},{"geometry":{"coordinates":[89.842679,24.772373],"type":"Point"},"id":"wattlas-plant-osm-way-950005955","properties":{"aliases":["Sarishabari Solar Power Plant"],"canonicalAnchor":"osm:way/950005955","canonicalCountryKey":"BD","capacityMw":3.0,"country":"BD","externalIds":{"osm":"way/950005955"},"geographyId":"BD-32408957B83626866084602","id":"wattlas-plant-osm-way-950005955","lifecycleCounts":{"operational":1},"locationPrecision":"exact","name":"Sarishabari Solar Power Plant","operatingCapacityCoverage":{"coveragePercent":100.0,"knownUnitCount":0,"method":"plant_aggregate","provenance":{"evidenceCount":0,"recordIds":["wattlas-record-osm-way-950005955"],"sourceIds":["openstreetmap-power"],"sourceTypes":["community_mapped"],"valueKind":"reported"},"totalUnitCount":0},"operatingCapacityMw":3.0,"operatingCapacityMwByTechnology":{"solar":3.0},"plannedCapacityCoverage":{"coveragePercent":0.0,"knownUnitCount":0,"method":"unavailable","totalUnitCount":0},"plannedCapacityMw":0.0,"plannedCapacityMwByTechnology":{},"recordCount":1,"recordIds":["wattlas-record-osm-way-950005955"],"sourceIds":["openstreetmap-power"],"sourceUrl":"https://www.openstreetmap.org/way/950005955","technologies":["solar"],"technologyMixMw":{"solar":3.0},"unitCount":0,"unitIds":[]},"type":"Feature"},{"geometry":{"coordinates":[91.349212,23.010993],"type":"Point"},"id":"wattlas-plant-osm-way-976793574","properties":{"aliases":["Feni Lanka Power Plant"],"canonicalAnchor":"osm:way/976793574","canonicalCountryKey":"BD","capacityMw":114.0,"country":"BD","externalIds":{"osm":"way/976793574"},"geographyId":"BD-32408957B94023193097291","id":"wattlas-plant-osm-way-976793574","lifecycleCounts":{"operational":1},"locationPrecision":"exact","name":"Feni Lanka Power Plant","operatingCapacityCoverage":{"coveragePercent":100.0,"knownUnitCount":0,"method":"plant_aggregate","provenance":{"evidenceCount":0,"recordIds":["wattlas-record-osm-way-976793574"],"sourceIds":["openstreetmap-power"],"sourceTypes":["community_mapped"],"valueKind":"reported"},"totalUnitCount":0},"operatingCapacityMw":114.0,"operatingCapacityMwByTechnology":{"oil":114.0},"plannedCapacityCoverage":{"coveragePercent":0.0,"knownUnitCount":0,"method":"unavailable","totalUnitCount":0},"plannedCapacityMw":0.0,"plannedCapacityMwByTechnology":{},"recordCount":1,"recordIds":["wattlas-record-osm-way-976793574"],"sourceIds":["openstreetmap-power"],"sourceUrl":"https://www.openstreetmap.org/way/976793574","technologies":["oil"],"technologyMixMw":{"oil":114.0},"unitCount":0,"unitIds":[]},"type":"Feature"},{"geometry":{"coordinates":[91.098056,22.973854],"type":"Point"},"id":"wattlas-plant-osm-way-976798095","properties":{"aliases":["Chowmuhani Power Plant"],"canonicalAnchor":"osm:way/976798095","canonicalCountryKey":"BD","capacityMw":113.0,"country":"BD","externalIds":{"osm":"way/976798095"},"geographyId":"BD-32408957B94023193097291","id":"wattlas-plant-osm-way-976798095","lifecycleCounts":{"operational":1},"locationPrecision":"exact","name":"Chowmuhani Power Plant","operatingCapacityCoverage":{"coveragePercent":100.0,"knownUnitCount":0,"method":"plant_aggregate","provenance":{"evidenceCount":0,"recordIds":["wattlas-record-osm-way-976798095"],"sourceIds":["openstreetmap-power"],"sourceTypes":["community_mapped"],"valueKind":"reported"},"totalUnitCount":0},"operatingCapacityMw":113.0,"operatingCapacityMwByTechnology":{"oil":113.0},"plannedCapacityCoverage":{"coveragePercent":0.0,"knownUnitCount":0,"method":"unavailable","totalUnitCount":0},"plannedCapacityMw":0.0,"plannedCapacityMwByTechnology":{},"recordCount":1,"recordIds":["wattlas-record-osm-way-976798095"],"sourceIds":["openstreetmap-power"],"sourceUrl":"https://www.openstreetmap.org/way/976798095","technologies":["oil"],"technologyMixMw":{"oil":113.0},"unitCount":0,"unitIds":[]},"type":"Feature"},{"geometry":{"coordinates":[91.877509,22.335474],"type":"Point"},"id":"wattlas-plant-osm-way-977101476","properties":{"aliases":["Baraka Shikalbaha Power Ltd"],"canonicalAnchor":"osm:way/977101476","canonicalCountryKey":"BD","capacityMw":0.0,"country":"BD","externalIds":{"osm":"way/977101476"},"geographyId":"BD-32408957B94023193097291","id":"wattlas-plant-osm-way-977101476","lifecycleCounts":{"operational":1},"locationPrecision":"exact","name":"Baraka Shikalbaha Power Ltd","operatingCapacityCoverage":{"coveragePercent":0.0,"knownUnitCount":0,"method":"unavailable","totalUnitCount":0},"operatingCapacityMw":0.0,"operatingCapacityMwByTechnology":{},"plannedCapacityCoverage":{"coveragePercent":0.0,"knownUnitCount":0,"method":"unavailable","totalUnitCount":0},"plannedCapacityMw":0.0,"plannedCapacityMwByTechnology":{},"recordCount":1,"recordIds":["wattlas-record-osm-way-977101476"],"sourceIds":["openstreetmap-power"],"sourceUrl":"https://www.openstreetmap.org/way/977101476","technologies":["oil"],"technologyMixMw":{"oil":0.0},"unitCount":0,"unitIds":[]},"type":"Feature"},{"geometry":{"coordinates":[91.877668,22.334201],"type":"Point"},"id":"wattlas-plant-osm-way-978807880","properties":{"aliases":["Karnaphuli Power Ltd Power Plant"],"canonicalAnchor":"osm:way/978807880","canonicalCountryKey":"BD","capacityMw":0.0,"country":"BD","externalIds":{"osm":"way/978807880"},"geographyId":"BD-32408957B94023193097291","id":"wattlas-plant-osm-way-978807880","lifecycleCounts":{"operational":1},"locationPrecision":"exact","name":"Karnaphuli Power Ltd Power Plant","operatingCapacityCoverage":{"coveragePercent":0.0,"knownUnitCount":0,"method":"unavailable","totalUnitCount":0},"operatingCapacityMw":0.0,"operatingCapacityMwByTechnology":{},"plannedCapacityCoverage":{"coveragePercent":0.0,"knownUnitCount":0,"method":"unavailable","totalUnitCount":0},"plannedCapacityMw":0.0,"plannedCapacityMwByTechnology":{},"recordCount":1,"recordIds":["wattlas-record-osm-way-978807880"],"sourceIds":["openstreetmap-power"],"sourceUrl":"https://www.openstreetmap.org/way/978807880","technologies":["other"],"technologyMixMw":{"other":0.0},"unitCount":0,"unitIds":[]},"type":"Feature"},{"geometry":{"coordinates":[90.424586,23.797435],"type":"Point"},"id":"wattlas-plant-osm-way-992430324","properties":{"aliases":["বারিধারা ৩৩/১১ কেভি সাব-স্টেশন"],"canonicalAnchor":"osm:way/992430324","canonicalCountryKey":"BD","capacityMw":0.0,"country":"BD","externalIds":{"osm":"way/992430324"},"geographyId":"BD-32408957B77718829177955","id":"wattlas-plant-osm-way-992430324","lifecycleCounts":{"operational":1},"locationPrecision":"exact","name":"বারিধারা ৩৩/১১ কেভি সাব-স্টেশন","operatingCapacityCoverage":{"coveragePercent":0.0,"knownUnitCount":0,"method":"unavailable","totalUnitCount":0},"operatingCapacityMw":0.0,"operatingCapacityMwByTechnology":{},"plannedCapacityCoverage":{"coveragePercent":0.0,"knownUnitCount":0,"method":"unavailable","totalUnitCount":0},"plannedCapacityMw":0.0,"plannedCapacityMwByTechnology":{},"recordCount":1,"recordIds":["wattlas-record-osm-way-992430324"],"sourceIds":["openstreetmap-power"],"sourceUrl":"https://www.openstreetmap.org/way/992430324","technologies":["other"],"technologyMixMw":{"other":0.0},"unitCount":0,"unitIds":[]},"type":"Feature"},{"geometry":{"coordinates":[90.460385,24.701848],"type":"Point"},"id":"wattlas-plant-wikidata-q102848366","properties":{"aliases":["Sutiakhali Solar Power Plant"],"canonicalAnchor":"wikidata:Q102848366","canonicalCountryKey":"BD","capacityMw":50.0,"country":"BD","externalIds":{"osm":"way/1046871405","wikidata":"Q102848366"},"geographyId":"BD-32408957B83626866084602","id":"wattlas-plant-wikidata-q102848366","idAliases":["wattlas-plant-osm-way-1046871405"],"lifecycleCounts":{"operational":1},"locationPrecision":"exact","name":"Sutiakhali Solar Power Plant","operatingCapacityCoverage":{"coveragePercent":100.0,"knownUnitCount":0,"method":"plant_aggregate","provenance":{"evidenceCount":0,"recordIds":["wattlas-record-osm-way-1046871405"],"sourceIds":["openstreetmap-power"],"sourceTypes":["community_mapped"],"valueKind":"reported"},"totalUnitCount":0},"operatingCapacityMw":50.0,"operatingCapacityMwByTechnology":{"solar":50.0},"plannedCapacityCoverage":{"coveragePercent":0.0,"knownUnitCount":0,"method":"unavailable","totalUnitCount":0},"plannedCapacityMw":0.0,"plannedCapacityMwByTechnology":{},"recordCount":1,"recordIds":["wattlas-record-osm-way-1046871405"],"sourceIds":["openstreetmap-power"],"sourceUrl":"https://www.openstreetmap.org/way/1046871405","technologies":["solar"],"technologyMixMw":{"solar":50.0},"unitCount":0,"unitIds":[]},"type":"Feature"},{"geometry":{"coordinates":[91.830085,24.909523],"type":"Point"},"id":"wattlas-plant-wikidata-q105217066","properties":{"aliases":["Sylhet Power Plant"],"canonicalAnchor":"wikidata:Q105217066","canonicalCountryKey":"BD","capacityMw":261.0,"country":"BD","externalIds":{"osm":"way/924968435","wikidata":"Q105217066"},"geographyId":"BD-32408957B58397560032916","id":"wattlas-plant-wikidata-q105217066","idAliases":["wattlas-plant-osm-way-924968435"],"lifecycleCounts":{"operational":1},"locationPrecision":"exact","name":"Sylhet Power Plant","operatingCapacityCoverage":{"coveragePercent":100.0,"knownUnitCount":0,"method":"plant_aggregate","provenance":{"evidenceCount":0,"recordIds":["wattlas-record-osm-way-924968435"],"sourceIds":["openstreetmap-power"],"sourceTypes":["community_mapped"],"valueKind":"reported"},"totalUnitCount":0},"operatingCapacityMw":261.0,"operatingCapacityMwByTechnology":{"gas":261.0},"plannedCapacityCoverage":{"coveragePercent":0.0,"knownUnitCount":0,"method":"unavailable","totalUnitCount":0},"plannedCapacityMw":0.0,"plannedCapacityMwByTechnology":{},"recordCount":1,"recordIds":["wattlas-record-osm-way-924968435"],"sourceIds":["openstreetmap-power"],"sourceUrl":"https://www.openstreetmap.org/way/924968435","technologies":["gas"],"technologyMixMw":{"gas":261.0},"unitCount":0,"unitIds":[]},"type":"Feature"},{"geometry":{"coordinates":[90.341201,23.651683],"type":"Point"},"id":"wattlas-plant-wikidata-q111265747","properties":{"aliases":["Aourahati power plant"],"canonicalAnchor":"wikidata:Q111265747","canonicalCountryKey":"BD","capacityMw":100.0,"country":"BD","externalIds":{"osm":"way/519506965","wikidata":"Q111265747"},"geographyId":"BD-32408957B77718829177955","id":"wattlas-plant-wikidata-q111265747","idAliases":["wattlas-plant-osm-way-519506965"],"lifecycleCounts":{"operational":1},"locationPrecision":"exact","name":"Aourahati power plant","operatingCapacityCoverage":{"coveragePercent":100.0,"knownUnitCount":0,"method":"plant_aggregate","provenance":{"evidenceCount":0,"recordIds":["wattlas-record-osm-way-519506965"],"sourceIds":["openstreetmap-power"],"sourceTypes":["community_mapped"],"valueKind":"reported"},"totalUnitCount":0},"operatingCapacityMw":100.0,"operatingCapacityMwByTechnology":{"oil":100.0},"plannedCapacityCoverage":{"coveragePercent":0.0,"knownUnitCount":0,"method":"unavailable","totalUnitCount":0},"plannedCapacityMw":0.0,"plannedCapacityMwByTechnology":{},"recordCount":1,"recordIds":["wattlas-record-osm-way-519506965"],"sourceIds":["openstreetmap-power"],"sourceUrl":"https://www.openstreetmap.org/way/519506965","technologies":["oil"],"technologyMixMw":{"oil":100.0},"unitCount":0,"unitIds":[]},"type":"Feature"},{"geometry":{"coordinates":[90.347397,23.647058],"type":"Point"},"id":"wattlas-plant-wikidata-q111265749","properties":{"aliases":["PowerPac Mutiara Keraniganj Power Plant"],"canonicalAnchor":"wikidata:Q111265749","canonicalCountryKey":"BD","capacityMw":100.0,"country":"BD","externalIds":{"osm":"way/354105265","wikidata":"Q111265749"},"geographyId":"BD-32408957B77718829177955","id":"wattlas-plant-wikidata-q111265749","idAliases":["wattlas-plant-osm-way-354105265"],"lifecycleCounts":{"operational":1},"locationPrecision":"exact","name":"PowerPac Mutiara Keraniganj Power Plant","operatingCapacityCoverage":{"coveragePercent":100.0,"knownUnitCount":0,"method":"plant_aggregate","provenance":{"evidenceCount":0,"recordIds":["wattlas-record-osm-way-354105265"],"sourceIds":["openstreetmap-power"],"sourceTypes":["community_mapped"],"valueKind":"reported"},"totalUnitCount":0},"operatingCapacityMw":100.0,"operatingCapacityMwByTechnology":{"oil":100.0},"plannedCapacityCoverage":{"coveragePercent":0.0,"knownUnitCount":0,"method":"unavailable","totalUnitCount":0},"plannedCapacityMw":0.0,"plannedCapacityMwByTechnology":{},"recordCount":1,"recordIds":["wattlas-record-osm-way-354105265"],"sourceIds":["openstreetmap-power"],"sourceUrl":"https://www.openstreetmap.org/way/354105265","technologies":["oil"],"technologyMixMw":{"oil":100.0},"unitCount":0,"unitIds":[]},"type":"Feature"},{"geometry":{"coordinates":[91.806275,22.491431],"type":"Point"},"id":"wattlas-plant-wikidata-q111265751","properties":{"aliases":["Hathazari Power Station"],"canonicalAnchor":"wikidata:Q111265751","canonicalCountryKey":"BD","capacityMw":98.0,"country":"BD","externalIds":{"osm":"way/211045459","wikidata":"Q111265751"},"geographyId":"BD-32408957B94023193097291","id":"wattlas-plant-wikidata-q111265751","idAliases":["wattlas-plant-osm-way-211045459"],"lifecycleCounts":{"operational":1},"locationPrecision":"exact","name":"Hathazari Power Station","operatingCapacityCoverage":{"coveragePercent":100.0,"knownUnitCount":0,"method":"plant_aggregate","provenance":{"evidenceCount":0,"recordIds":["wattlas-record-osm-way-211045459"],"sourceIds":["openstreetmap-power"],"sourceTypes":["community_mapped"],"valueKind":"reported"},"totalUnitCount":0},"operatingCapacityMw":98.0,"operatingCapacityMwByTechnology":{"oil":98.0},"plannedCapacityCoverage":{"coveragePercent":0.0,"knownUnitCount":0,"method":"unavailable","totalUnitCount":0},"plannedCapacityMw":0.0,"plannedCapacityMwByTechnology":{},"recordCount":1,"recordIds":["wattlas-record-osm-way-211045459"],"sourceIds":["openstreetmap-power"],"sourceUrl":"https://www.openstreetmap.org/way/211045459","technologies":["oil"],"technologyMixMw":{"oil":98.0},"unitCount":0,"unitIds":[]},"type":"Feature"},{"geometry":{"coordinates":[90.59268,23.611078],"type":"Point"},"id":"wattlas-plant-wikidata-q111265752","properties":{"aliases":["Orion Power Meghnaghat power plant"],"canonicalAnchor":"wikidata:Q111265752","canonicalCountryKey":"BD","capacityMw":100.0,"country":"BD","externalIds":{"osm":"way/210729641","wikidata":"Q111265752"},"geographyId":"BD-32408957B77718829177955","id":"wattlas-plant-wikidata-q111265752","idAliases":["wattlas-plant-osm-way-210729641"],"lifecycleCounts":{"operational":1},"locationPrecision":"exact","name":"Orion Power Meghnaghat power plant","operatingCapacityCoverage":{"coveragePercent":100.0,"knownUnitCount":0,"method":"plant_aggregate","provenance":{"evidenceCount":0,"recordIds":["wattlas-record-osm-way-210729641"],"sourceIds":["openstreetmap-power"],"sourceTypes":["community_mapped"],"valueKind":"reported"},"totalUnitCount":0},"operatingCapacityMw":100.0,"operatingCapacityMwByTechnology":{"oil":100.0},"plannedCapacityCoverage":{"coveragePercent":0.0,"knownUnitCount":0,"method":"unavailable","totalUnitCount":0},"plannedCapacityMw":0.0,"plannedCapacityMwByTechnology":{},"recordCount":1,"recordIds":["wattlas-record-osm-way-210729641"],"sourceIds":["openstreetmap-power"],"sourceUrl":"https://www.openstreetmap.org/way/210729641","technologies":["oil"],"technologyMixMw":{"oil":100.0},"unitCount":0,"unitIds":[]},"type":"Feature"},{"geometry":{"coordinates":[90.57278,23.606834],"type":"Point"},"id":"wattlas-plant-wikidata-q111265755","properties":{"aliases":["Orion Sonargaon Power Plant"],"canonicalAnchor":"wikidata:Q111265755","canonicalCountryKey":"BD","capacityMw":104.0,"country":"BD","externalIds":{"osm":"way/1041852001","wikidata":"Q111265755"},"geographyId":"BD-32408957B77718829177955","id":"wattlas-plant-wikidata-q111265755","idAliases":["wattlas-plant-osm-way-1041852001"],"lifecycleCounts":{"operational":1},"locationPrecision":"exact","name":"Orion Sonargaon Power Plant","operatingCapacityCoverage":{"coveragePercent":100.0,"knownUnitCount":0,"method":"plant_aggregate","provenance":{"evidenceCount":0,"recordIds":["wattlas-record-osm-way-1041852001"],"sourceIds":["openstreetmap-power"],"sourceTypes":["community_mapped"],"valueKind":"reported"},"totalUnitCount":0},"operatingCapacityMw":104.0,"operatingCapacityMwByTechnology":{"oil":104.0},"plannedCapacityCoverage":{"coveragePercent":0.0,"knownUnitCount":0,"method":"unavailable","totalUnitCount":0},"plannedCapacityMw":0.0,"plannedCapacityMwByTechnology":{},"recordCount":1,"recordIds":["wattlas-record-osm-way-1041852001"],"sourceIds":["openstreetmap-power"],"sourceUrl":"https://www.openstreetmap.org/way/1041852001","technologies":["oil"],"technologyMixMw":{"oil":104.0},"unitCount":0,"unitIds":[]},"type":"Feature"},{"geometry":{"coordinates":[90.526195,23.6825],"type":"Point"},"id":"wattlas-plant-wikidata-q111265756","properties":{"aliases":["Siddhirganj Thermal Power Plant"],"canonicalAnchor":"wikidata:Q111265756","canonicalCountryKey":"BD","capacityMw":210.0,"country":"BD","externalIds":{"osm":"way/1042509088","wikidata":"Q111265756"},"geographyId":"BD-32408957B77718829177955","id":"wattlas-plant-wikidata-q111265756","idAliases":["wattlas-plant-osm-way-1042509088"],"lifecycleCounts":{"operational":1},"locationPrecision":"exact","name":"Siddhirganj Thermal Power Plant","operatingCapacityCoverage":{"coveragePercent":100.0,"knownUnitCount":0,"method":"plant_aggregate","provenance":{"evidenceCount":0,"recordIds":["wattlas-record-osm-way-1042509088"],"sourceIds":["openstreetmap-power"],"sourceTypes":["community_mapped"],"valueKind":"reported"},"totalUnitCount":0},"operatingCapacityMw":210.0,"operatingCapacityMwByTechnology":{"gas":210.0},"plannedCapacityCoverage":{"coveragePercent":0.0,"knownUnitCount":0,"method":"unavailable","totalUnitCount":0},"plannedCapacityMw":0.0,"plannedCapacityMwByTechnology":{},"recordCount":1,"recordIds":["wattlas-record-osm-way-1042509088"],"sourceIds":["openstreetmap-power"],"sourceUrl":"https://www.openstreetmap.org/way/1042509088","technologies":["gas"],"technologyMixMw":{"gas":210.0},"unitCount":0,"unitIds":[]},"type":"Feature"},{"geometry":{"coordinates":[88.513706,25.972772],"type":"Point"},"id":"wattlas-plant-wikidata-q111265758","properties":{"aliases":["Energypac Power Venture Thakurgaon"],"canonicalAnchor":"wikidata:Q111265758","canonicalCountryKey":"BD","capacityMw":115.0,"country":"BD","externalIds":{"osm":"way/1046717172","wikidata":"Q111265758"},"geographyId":"BD-32408957B77489436868882","id":"wattlas-plant-wikidata-q111265758","idAliases":["wattlas-plant-osm-way-1046717172"],"lifecycleCounts":{"operational":1},"locationPrecision":"exact","name":"Energypac Power Venture Thakurgaon","operatingCapacityCoverage":{"coveragePercent":100.0,"knownUnitCount":0,"method":"plant_aggregate","provenance":{"evidenceCount":0,"recordIds":["wattlas-record-osm-way-1046717172"],"sourceIds":["openstreetmap-power"],"sourceTypes":["community_mapped"],"valueKind":"reported"},"totalUnitCount":0},"operatingCapacityMw":115.0,"operatingCapacityMwByTechnology":{"oil":115.0},"plannedCapacityCoverage":{"coveragePercent":0.0,"knownUnitCount":0,"method":"unavailable","totalUnitCount":0},"plannedCapacityMw":0.0,"plannedCapacityMwByTechnology":{},"recordCount":1,"recordIds":["wattlas-record-osm-way-1046717172"],"sourceIds":["openstreetmap-power"],"sourceUrl":"https://www.openstreetmap.org/way/1046717172","technologies":["oil"],"technologyMixMw":{"oil":115.0},"unitCount":0,"unitIds":[]},"type":"Feature"},{"geometry":{"coordinates":[91.018655,24.04515],"type":"Point"},"id":"wattlas-plant-wikidata-q111265759","properties":{"aliases":["Ashuganj Precision Energy power station"],"canonicalAnchor":"wikidata:Q111265759","canonicalCountryKey":"BD","capacityMw":55.0,"country":"BD","externalIds":{"osm":"way/1041851995","wikidata":"Q111265759"},"geographyId":"BD-32408957B94023193097291","id":"wattlas-plant-wikidata-q111265759","idAliases":["wattlas-plant-osm-way-1041851995"],"lifecycleCounts":{"operational":1},"locationPrecision":"exact","name":"Ashuganj Precision Energy power station","operatingCapacityCoverage":{"coveragePercent":100.0,"knownUnitCount":0,"method":"plant_aggregate","provenance":{"evidenceCount":0,"recordIds":["wattlas-record-osm-way-1041851995"],"sourceIds":["openstreetmap-power"],"sourceTypes":["community_mapped"],"valueKind":"reported"},"totalUnitCount":0},"operatingCapacityMw":55.0,"operatingCapacityMwByTechnology":{"gas":55.0},"plannedCapacityCoverage":{"coveragePercent":0.0,"knownUnitCount":0,"method":"unavailable","totalUnitCount":0},"plannedCapacityMw":0.0,"plannedCapacityMwByTechnology":{},"recordCount":1,"recordIds":["wattlas-record-osm-way-1041851995"],"sourceIds":["openstreetmap-power"],"sourceUrl":"https://www.openstreetmap.org/way/1041851995","technologies":["gas"],"technologyMixMw":{"gas":55.0},"unitCount":0,"unitIds":[]},"type":"Feature"},{"geometry":{"coordinates":[91.016313,24.043124],"type":"Point"},"id":"wattlas-plant-wikidata-q111265764","properties":{"aliases":["Ashuganj East Power Station"],"canonicalAnchor":"wikidata:Q111265764","canonicalCountryKey":"BD","capacityMw":574.0,"country":"BD","externalIds":{"osm":"way/333355788","wikidata":"Q111265764"},"geographyId":"BD-32408957B94023193097291","id":"wattlas-plant-wikidata-q111265764","idAliases":["wattlas-plant-osm-way-333355788"],"lifecycleCounts":{"operational":1},"locationPrecision":"exact","name":"Ashuganj East Power Station","operatingCapacityCoverage":{"coveragePercent":100.0,"knownUnitCount":0,"method":"plant_aggregate","provenance":{"evidenceCount":0,"recordIds":["wattlas-record-osm-way-333355788"],"sourceIds":["openstreetmap-power"],"sourceTypes":["community_mapped"],"valueKind":"reported"},"totalUnitCount":0},"operatingCapacityMw":574.0,"operatingCapacityMwByTechnology":{"gas":574.0},"plannedCapacityCoverage":{"coveragePercent":0.0,"knownUnitCount":0,"method":"unavailable","totalUnitCount":0},"plannedCapacityMw":0.0,"plannedCapacityMwByTechnology":{},"recordCount":1,"recordIds":["wattlas-record-osm-way-333355788"],"sourceIds":["openstreetmap-power"],"sourceUrl":"https://www.openstreetmap.org/way/333355788","technologies":["gas"],"technologyMixMw":{"gas":574.0},"unitCount":0,"unitIds":[]},"type":"Feature"},{"geometry":{"coordinates":[89.595564,24.13189],"type":"Point"},"id":"wattlas-plant-wikidata-q111265767","properties":{"aliases":["Baghabari Paramount Power Plant"],"canonicalAnchor":"wikidata:Q111265767","canonicalCountryKey":"BD","capacityMw":200.0,"country":"BD","externalIds":{"osm":"way/965456174","wikidata":"Q111265767"},"geographyId":"BD-32408957B27409320841034","id":"wattlas-plant-wikidata-q111265767","idAliases":["wattlas-plant-osm-way-965456174"],"lifecycleCounts":{"operational":1},"locationPrecision":"exact","name":"Baghabari Paramount Power Plant","operatingCapacityCoverage":{"coveragePercent":100.0,"knownUnitCount":0,"method":"plant_aggregate","provenance":{"evidenceCount":0,"recordIds":["wattlas-record-osm-way-965456174"],"sourceIds":["openstreetmap-power"],"sourceTypes":["community_mapped"],"valueKind":"reported"},"totalUnitCount":0},"operatingCapacityMw":200.0,"operatingCapacityMwByTechnology":{"oil":200.0},"plannedCapacityCoverage":{"coveragePercent":0.0,"knownUnitCount":0,"method":"unavailable","totalUnitCount":0},"plannedCapacityMw":0.0,"plannedCapacityMwByTechnology":{},"recordCount":1,"recordIds":["wattlas-record-osm-way-965456174"],"sourceIds":["openstreetmap-power"],"sourceUrl":"https://www.openstreetmap.org/way/965456174","technologies":["oil"],"technologyMixMw":{"oil":200.0},"unitCount":0,"unitIds":[]},"type":"Feature"},{"geometry":{"coordinates":[90.336127,22.658414],"type":"Point"},"id":"wattlas-plant-wikidata-q111265771","properties":{"aliases":["Summit Barisal Power Limited"],"canonicalAnchor":"wikidata:Q111265771","canonicalCountryKey":"BD","capacityMw":110.0,"country":"BD","externalIds":{"osm":"way/529869716","wikidata":"Q111265771"},"geographyId":"BD-32408957B31852228482374","id":"wattlas-plant-wikidata-q111265771","idAliases":["wattlas-plant-osm-way-529869716"],"lifecycleCounts":{"operational":1},"locationPrecision":"exact","name":"Summit Barisal Power Limited","operatingCapacityCoverage":{"coveragePercent":100.0,"knownUnitCount":0,"method":"plant_aggregate","provenance":{"evidenceCount":0,"recordIds":["wattlas-record-osm-way-529869716"],"sourceIds":["openstreetmap-power"],"sourceTypes":["community_mapped"],"valueKind":"reported"},"totalUnitCount":0},"operatingCapacityMw":110.0,"operatingCapacityMwByTechnology":{"oil":110.0},"plannedCapacityCoverage":{"coveragePercent":0.0,"knownUnitCount":0,"method":"unavailable","totalUnitCount":0},"plannedCapacityMw":0.0,"plannedCapacityMwByTechnology":{},"recordCount":1,"recordIds":["wattlas-record-osm-way-529869716"],"sourceIds":["openstreetmap-power"],"sourceUrl":"https://www.openstreetmap.org/way/529869716","technologies":["oil"],"technologyMixMw":{"oil":110.0},"unitCount":0,"unitIds":[]},"type":"Feature"},{"geometry":{"coordinates":[91.660843,24.637126],"type":"Point"},"id":"wattlas-plant-wikidata-q111265774","properties":{"aliases":["Summit Bibiyana II Power Plant"],"canonicalAnchor":"wikidata:Q111265774","canonicalCountryKey":"BD","capacityMw":341.0,"country":"BD","externalIds":{"osm":"way/588373494","wikidata":"Q111265774"},"geographyId":"BD-32408957B58397560032916","id":"wattlas-plant-wikidata-q111265774","idAliases":["wattlas-plant-osm-way-588373494"],"lifecycleCounts":{"operational":1},"locationPrecision":"exact","name":"Summit Bibiyana II Power Plant","operatingCapacityCoverage":{"coveragePercent":100.0,"knownUnitCount":0,"method":"plant_aggregate","provenance":{"evidenceCount":0,"recordIds":["wattlas-record-osm-way-588373494"],"sourceIds":["openstreetmap-power"],"sourceTypes":["community_mapped"],"valueKind":"reported"},"totalUnitCount":0},"operatingCapacityMw":341.0,"operatingCapacityMwByTechnology":{"gas":341.0},"plannedCapacityCoverage":{"coveragePercent":0.0,"knownUnitCount":0,"method":"unavailable","totalUnitCount":0},"plannedCapacityMw":0.0,"plannedCapacityMwByTechnology":{},"recordCount":1,"recordIds":["wattlas-record-osm-way-588373494"],"sourceIds":["openstreetmap-power"],"sourceUrl":"https://www.openstreetmap.org/way/588373494","technologies":["gas"],"technologyMixMw":{"gas":341.0},"unitCount":0,"unitIds":[]},"type":"Feature"},{"geometry":{"coordinates":[91.663361,24.638751],"type":"Point"},"id":"wattlas-plant-wikidata-q111265775","properties":{"aliases":["Bibiyana III Power Plant"],"canonicalAnchor":"wikidata:Q111265775","canonicalCountryKey":"BD","capacityMw":400.0,"country":"BD","externalIds":{"osm":"way/923856217","wikidata":"Q111265775"},"geographyId":"BD-32408957B58397560032916","id":"wattlas-plant-wikidata-q111265775","idAliases":["wattlas-plant-osm-way-923856217"],"lifecycleCounts":{"operational":1},"locationPrecision":"exact","name":"Bibiyana III Power Plant","operatingCapacityCoverage":{"coveragePercent":100.0,"knownUnitCount":0,"method":"plant_aggregate","provenance":{"evidenceCount":0,"recordIds":["wattlas-record-osm-way-923856217"],"sourceIds":["openstreetmap-power"],"sourceTypes":["community_mapped"],"valueKind":"reported"},"totalUnitCount":0},"operatingCapacityMw":400.0,"operatingCapacityMwByTechnology":{"gas":400.0},"plannedCapacityCoverage":{"coveragePercent":0.0,"knownUnitCount":0,"method":"unavailable","totalUnitCount":0},"plannedCapacityMw":0.0,"plannedCapacityMwByTechnology":{},"recordCount":1,"recordIds":["wattlas-record-osm-way-923856217"],"sourceIds":["openstreetmap-power"],"sourceUrl":"https://www.openstreetmap.org/way/923856217","technologies":["gas"],"technologyMixMw":{"gas":400.0},"unitCount":0,"unitIds":[]},"type":"Feature"},{"geometry":{"coordinates":[91.660582,24.635168],"type":"Point"},"id":"wattlas-plant-wikidata-q111265777","properties":{"aliases":["Bibiyana South Power Plant"],"canonicalAnchor":"wikidata:Q111265777","canonicalCountryKey":"BD","capacityMw":383.0,"country":"BD","externalIds":{"osm":"way/588376357","wikidata":"Q111265777"},"geographyId":"BD-32408957B58397560032916","id":"wattlas-plant-wikidata-q111265777","idAliases":["wattlas-plant-osm-way-588376357"],"lifecycleCounts":{"operational":1},"locationPrecision":"exact","name":"Bibiyana South Power Plant","operatingCapacityCoverage":{"coveragePercent":100.0,"knownUnitCount":0,"method":"plant_aggregate","provenance":{"evidenceCount":0,"recordIds":["wattlas-record-osm-way-588376357"],"sourceIds":["openstreetmap-power"],"sourceTypes":["community_mapped"],"valueKind":"reported"},"totalUnitCount":0},"operatingCapacityMw":383.0,"operatingCapacityMwByTechnology":{"gas":383.0},"plannedCapacityCoverage":{"coveragePercent":0.0,"knownUnitCount":0,"method":"unavailable","totalUnitCount":0},"plannedCapacityMw":0.0,"plannedCapacityMwByTechnology":{},"recordCount":1,"recordIds":["wattlas-record-osm-way-588376357"],"sourceIds":["openstreetmap-power"],"sourceUrl":"https://www.openstreetmap.org/way/588376357","technologies":["gas"],"technologyMixMw":{"gas":383.0},"unitCount":0,"unitIds":[]},"type":"Feature"},{"geometry":{"coordinates":[89.345741,24.768438],"type":"Point"},"id":"wattlas-plant-wikidata-q111265778","properties":{"aliases":["Confidence Power Bogura Power Plant"],"canonicalAnchor":"wikidata:Q111265778","canonicalCountryKey":"BD","capacityMw":226.0,"country":"BD","externalIds":{"osm":"way/964173892","wikidata":"Q111265778"},"geographyId":"BD-32408957B27409320841034","id":"wattlas-plant-wikidata-q111265778","idAliases":["wattlas-plant-osm-way-964173892"],"lifecycleCounts":{"operational":1},"locationPrecision":"exact","name":"Confidence Power Bogura Power Plant","operatingCapacityCoverage":{"coveragePercent":100.0,"knownUnitCount":0,"method":"plant_aggregate","provenance":{"evidenceCount":0,"recordIds":["wattlas-record-osm-way-964173892"],"sourceIds":["openstreetmap-power"],"sourceTypes":["community_mapped"],"valueKind":"reported"},"totalUnitCount":0},"operatingCapacityMw":226.0,"operatingCapacityMwByTechnology":{"oil":226.0},"plannedCapacityCoverage":{"coveragePercent":0.0,"knownUnitCount":0,"method":"unavailable","totalUnitCount":0},"plannedCapacityMw":0.0,"plannedCapacityMwByTechnology":{},"recordCount":1,"recordIds":["wattlas-record-osm-way-964173892"],"sourceIds":["openstreetmap-power"],"sourceUrl":"https://www.openstreetmap.org/way/964173892","technologies":["oil"],"technologyMixMw":{"oil":226.0},"unitCount":0,"unitIds":[]},"type":"Feature"},{"geometry":{"coordinates":[90.340733,23.742972],"type":"Point"},"id":"wattlas-plant-wikidata-q111265779","properties":{"aliases":["CLC Power Generation Company LTD"],"canonicalAnchor":"wikidata:Q111265779","canonicalCountryKey":"BD","capacityMw":108.0,"country":"BD","externalIds":{"osm":"way/381983318","wikidata":"Q111265779"},"geographyId":"BD-32408957B77718829177955","id":"wattlas-plant-wikidata-q111265779","idAliases":["wattlas-plant-osm-way-381983318"],"lifecycleCounts":{"operational":1},"locationPrecision":"exact","name":"CLC Power Generation Company LTD","operatingCapacityCoverage":{"coveragePercent":100.0,"knownUnitCount":0,"method":"plant_aggregate","provenance":{"evidenceCount":0,"recordIds":["wattlas-record-osm-way-381983318"],"sourceIds":["openstreetmap-power"],"sourceTypes":["community_mapped"],"valueKind":"reported"},"totalUnitCount":0},"operatingCapacityMw":108.0,"operatingCapacityMwByTechnology":{"oil":108.0},"plannedCapacityCoverage":{"coveragePercent":0.0,"knownUnitCount":0,"method":"unavailable","totalUnitCount":0},"plannedCapacityMw":0.0,"plannedCapacityMwByTechnology":{},"recordCount":1,"recordIds":["wattlas-record-osm-way-381983318"],"sourceIds":["openstreetmap-power"],"sourceUrl":"https://www.openstreetmap.org/way/381983318","technologies":["oil"],"technologyMixMw":{"oil":108.0},"unitCount":0,"unitIds":[]},"type":"Feature"},{"geometry":{"coordinates":[90.454783,23.633861],"type":"Point"},"id":"wattlas-plant-wikidata-q111265780","properties":{"aliases":["Bramhangoan power plant"],"canonicalAnchor":"wikidata:Q111265780","canonicalCountryKey":"BD","capacityMw":100.0,"country":"BD","externalIds":{"osm":"way/168874947","wikidata":"Q111265780"},"geographyId":"BD-32408957B77718829177955","id":"wattlas-plant-wikidata-q111265780","idAliases":["wattlas-plant-osm-way-168874947"],"lifecycleCounts":{"operational":1},"locationPrecision":"exact","name":"Bramhangoan power plant","operatingCapacityCoverage":{"coveragePercent":100.0,"knownUnitCount":0,"method":"plant_aggregate","provenance":{"evidenceCount":0,"recordIds":["wattlas-record-osm-way-168874947"],"sourceIds":["openstreetmap-power"],"sourceTypes":["community_mapped"],"valueKind":"reported"},"totalUnitCount":0},"operatingCapacityMw":100.0,"operatingCapacityMwByTechnology":{"oil":100.0},"plannedCapacityCoverage":{"coveragePercent":0.0,"knownUnitCount":0,"method":"unavailable","totalUnitCount":0},"plannedCapacityMw":0.0,"plannedCapacityMwByTechnology":{},"recordCount":1,"recordIds":["wattlas-record-osm-way-168874947"],"sourceIds":["openstreetmap-power"],"sourceUrl":"https://www.openstreetmap.org/way/168874947","technologies":["oil"],"technologyMixMw":{"oil":100.0},"unitCount":0,"unitIds":[]},"type":"Feature"},{"geometry":{"coordinates":[90.710679,22.478722],"type":"Point"},"id":"wattlas-plant-wikidata-q111265782","properties":{"aliases":["Bhola BPDB Power Plant"],"canonicalAnchor":"wikidata:Q111265782","canonicalCountryKey":"BD","capacityMw":194.0,"country":"BD","externalIds":{"osm":"way/369546489","wikidata":"Q111265782"},"geographyId":"BD-32408957B31852228482374","id":"wattlas-plant-wikidata-q111265782","idAliases":["wattlas-plant-osm-way-369546489"],"lifecycleCounts":{"operational":1},"locationPrecision":"exact","name":"Bhola BPDB Power Plant","operatingCapacityCoverage":{"coveragePercent":100.0,"knownUnitCount":0,"method":"plant_aggregate","provenance":{"evidenceCount":0,"recordIds":["wattlas-record-osm-way-369546489"],"sourceIds":["openstreetmap-power"],"sourceTypes":["community_mapped"],"valueKind":"reported"},"totalUnitCount":0},"operatingCapacityMw":194.0,"operatingCapacityMwByTechnology":{"gas":194.0},"plannedCapacityCoverage":{"coveragePercent":0.0,"knownUnitCount":0,"method":"unavailable","totalUnitCount":0},"plannedCapacityMw":0.0,"plannedCapacityMwByTechnology":{},"recordCount":1,"recordIds":["wattlas-record-osm-way-369546489"],"sourceIds":["openstreetmap-power"],"sourceUrl":"https://www.openstreetmap.org/way/369546489","technologies":["gas"],"technologyMixMw":{"gas":194.0},"unitCount":0,"unitIds":[]},"type":"Feature"},{"geometry":{"coordinates":[90.709058,22.478783],"type":"Point"},"id":"wattlas-plant-wikidata-q111265783","properties":{"aliases":["Nutan Bidyut Bangladesh Limited"],"canonicalAnchor":"wikidata:Q111265783","canonicalCountryKey":"BD","capacityMw":220.0,"country":"BD","externalIds":{"osm":"way/1041852021","wikidata":"Q111265783"},"geographyId":"BD-32408957B31852228482374","id":"wattlas-plant-wikidata-q111265783","idAliases":["wattlas-plant-osm-way-1041852021"],"lifecycleCounts":{"operational":1},"locationPrecision":"exact","name":"Nutan Bidyut Bangladesh Limited","operatingCapacityCoverage":{"coveragePercent":100.0,"knownUnitCount":0,"method":"plant_aggregate","provenance":{"evidenceCount":0,"recordIds":["wattlas-record-osm-way-1041852021"],"sourceIds":["openstreetmap-power"],"sourceTypes":["community_mapped"],"valueKind":"reported"},"totalUnitCount":0},"operatingCapacityMw":220.0,"operatingCapacityMwByTechnology":{"gas":220.0},"plannedCapacityCoverage":{"coveragePercent":0.0,"knownUnitCount":0,"method":"unavailable","totalUnitCount":0},"plannedCapacityMw":0.0,"plannedCapacityMwByTechnology":{},"recordCount":1,"recordIds":["wattlas-record-osm-way-1041852021"],"sourceIds":["openstreetmap-power"],"sourceUrl":"https://www.openstreetmap.org/way/1041852021","technologies":["gas"],"technologyMixMw":{"gas":220.0},"unitCount":0,"unitIds":[]},"type":"Feature"},{"geometry":{"coordinates":[90.485452,23.597709],"type":"Point"},"id":"wattlas-plant-wikidata-q111265785","properties":{"aliases":["Digital Power & Associates Ltd."],"canonicalAnchor":"wikidata:Q111265785","canonicalCountryKey":"BD","capacityMw":102.0,"country":"BD","externalIds":{"osm":"way/1042509086","wikidata":"Q111265785"},"geographyId":"BD-32408957B77718829177955","id":"wattlas-plant-wikidata-q111265785","idAliases":["wattlas-plant-osm-way-1042509086"],"lifecycleCounts":{"operational":1},"locationPrecision":"exact","name":"Digital Power & Associates Ltd.","operatingCapacityCoverage":{"coveragePercent":100.0,"knownUnitCount":0,"method":"plant_aggregate","provenance":{"evidenceCount":0,"recordIds":["wattlas-record-osm-way-1042509086"],"sourceIds":["openstreetmap-power"],"sourceTypes":["community_mapped"],"valueKind":"reported"},"totalUnitCount":0},"operatingCapacityMw":102.0,"operatingCapacityMwByTechnology":{"oil":102.0},"plannedCapacityCoverage":{"coveragePercent":0.0,"knownUnitCount":0,"method":"unavailable","totalUnitCount":0},"plannedCapacityMw":0.0,"plannedCapacityMwByTechnology":{},"recordCount":1,"recordIds":["wattlas-record-osm-way-1042509086"],"sourceIds":["openstreetmap-power"],"sourceUrl":"https://www.openstreetmap.org/way/1042509086","technologies":["oil"],"technologyMixMw":{"oil":102.0},"unitCount":0,"unitIds":[]},"type":"Feature"},{"geometry":{"coordinates":[89.81975,23.029934],"type":"Point"},"id":"wattlas-plant-wikidata-q111265786","properties":{"aliases":["Gopalganj Peaking Power Plant"],"canonicalAnchor":"wikidata:Q111265786","canonicalCountryKey":"BD","capacityMw":109.0,"country":"BD","externalIds":{"osm":"way/354528962","wikidata":"Q111265786"},"geographyId":"BD-32408957B77718829177955","id":"wattlas-plant-wikidata-q111265786","idAliases":["wattlas-plant-osm-way-354528962"],"lifecycleCounts":{"operational":1},"locationPrecision":"exact","name":"Gopalganj Peaking Power Plant","operatingCapacityCoverage":{"coveragePercent":100.0,"knownUnitCount":0,"method":"plant_aggregate","provenance":{"evidenceCount":0,"recordIds":["wattlas-record-osm-way-354528962"],"sourceIds":["openstreetmap-power"],"sourceTypes":["community_mapped"],"valueKind":"reported"},"totalUnitCount":0},"operatingCapacityMw":109.0,"operatingCapacityMwByTechnology":{"oil":109.0},"plannedCapacityCoverage":{"coveragePercent":0.0,"knownUnitCount":0,"method":"unavailable","totalUnitCount":0},"plannedCapacityMw":0.0,"plannedCapacityMwByTechnology":{},"recordCount":1,"recordIds":["wattlas-record-osm-way-354528962"],"sourceIds":["openstreetmap-power"],"sourceUrl":"https://www.openstreetmap.org/way/354528962","technologies":["oil"],"technologyMixMw":{"oil":109.0},"unitCount":0,"unitIds":[]},"type":"Feature"},{"geometry":{"coordinates":[90.641166,23.971064],"type":"Point"},"id":"wattlas-plant-wikidata-q111265789","properties":{"aliases":["Ghorasal Regent Power Plant"],"canonicalAnchor":"wikidata:Q111265789","canonicalCountryKey":"BD","capacityMw":108.0,"country":"BD","externalIds":{"osm":"way/978214949","wikidata":"Q111265789"},"geographyId":"BD-32408957B77718829177955","id":"wattlas-plant-wikidata-q111265789","idAliases":["wattlas-plant-osm-way-978214949"],"lifecycleCounts":{"operational":1},"locationPrecision":"exact","name":"Ghorasal Regent Power Plant","operatingCapacityCoverage":{"coveragePercent":100.0,"knownUnitCount":0,"method":"plant_aggregate","provenance":{"evidenceCount":0,"recordIds":["wattlas-record-osm-way-978214949"],"sourceIds":["openstreetmap-power"],"sourceTypes":["community_mapped"],"valueKind":"reported"},"totalUnitCount":0},"operatingCapacityMw":108.0,"operatingCapacityMwByTechnology":{"gas":108.0},"plannedCapacityCoverage":{"coveragePercent":0.0,"knownUnitCount":0,"method":"unavailable","totalUnitCount":0},"plannedCapacityMw":0.0,"plannedCapacityMwByTechnology":{},"recordCount":1,"recordIds":["wattlas-record-osm-way-978214949"],"sourceIds":["openstreetmap-power"],"sourceUrl":"https://www.openstreetmap.org/way/978214949","technologies":["gas"],"technologyMixMw":{"gas":108.0},"unitCount":0,"unitIds":[]},"type":"Feature"},{"geometry":{"coordinates":[90.777266,23.545484],"type":"Point"},"id":"wattlas-plant-wikidata-q111265791","properties":{"aliases":["Bangla Daudkandi Trac Power Unit-1 Ltd."],"canonicalAnchor":"wikidata:Q111265791","canonicalCountryKey":"BD","capacityMw":200.0,"country":"BD","externalIds":{"osm":"relation/13942189","wikidata":"Q111265791"},"geographyId":"BD-32408957B94023193097291","id":"wattlas-plant-wikidata-q111265791","idAliases":["wattlas-plant-osm-relation-13942189"],"lifecycleCounts":{"operational":1},"locationPrecision":"exact","name":"Bangla Daudkandi Trac Power Unit-1 Ltd.","operatingCapacityCoverage":{"coveragePercent":100.0,"knownUnitCount":0,"method":"plant_aggregate","provenance":{"evidenceCount":0,"recordIds":["wattlas-record-osm-relation-13942189"],"sourceIds":["openstreetmap-power"],"sourceTypes":["community_mapped"],"valueKind":"reported"},"totalUnitCount":0},"operatingCapacityMw":200.0,"operatingCapacityMwByTechnology":{"oil":200.0},"plannedCapacityCoverage":{"coveragePercent":0.0,"knownUnitCount":0,"method":"unavailable","totalUnitCount":0},"plannedCapacityMw":0.0,"plannedCapacityMwByTechnology":{},"recordCount":1,"recordIds":["wattlas-record-osm-relation-13942189"],"sourceIds":["openstreetmap-power"],"sourceUrl":"https://www.openstreetmap.org/relation/13942189","technologies":["oil"],"technologyMixMw":{"oil":200.0},"unitCount":0,"unitIds":[]},"type":"Feature"},{"geometry":{"coordinates":[89.961033,24.910002],"type":"Point"},"id":"wattlas-plant-wikidata-q111265792","properties":{"aliases":["PowerPac Mutiara Jamalpur Power Plant"],"canonicalAnchor":"wikidata:Q111265792","canonicalCountryKey":"BD","capacityMw":95.0,"country":"BD","externalIds":{"osm":"way/1046871406","wikidata":"Q111265792"},"geographyId":"BD-32408957B83626866084602","id":"wattlas-plant-wikidata-q111265792","idAliases":["wattlas-plant-osm-way-1046871406"],"lifecycleCounts":{"operational":1},"locationPrecision":"exact","name":"PowerPac Mutiara Jamalpur Power Plant","operatingCapacityCoverage":{"coveragePercent":100.0,"knownUnitCount":0,"method":"plant_aggregate","provenance":{"evidenceCount":0,"recordIds":["wattlas-record-osm-way-1046871406"],"sourceIds":["openstreetmap-power"],"sourceTypes":["community_mapped"],"valueKind":"reported"},"totalUnitCount":0},"operatingCapacityMw":95.0,"operatingCapacityMwByTechnology":{"oil":95.0},"plannedCapacityCoverage":{"coveragePercent":0.0,"knownUnitCount":0,"method":"unavailable","totalUnitCount":0},"plannedCapacityMw":0.0,"plannedCapacityMwByTechnology":{},"recordCount":1,"recordIds":["wattlas-record-osm-way-1046871406"],"sourceIds":["openstreetmap-power"],"sourceUrl":"https://www.openstreetmap.org/way/1046871406","technologies":["oil"],"technologyMixMw":{"oil":95.0},"unitCount":0,"unitIds":[]},"type":"Feature"},{"geometry":{"coordinates":[89.989894,24.900397],"type":"Point"},"id":"wattlas-plant-wikidata-q111265794","properties":{"aliases":["Mymensingh and Jamalpur United Power Plant"],"canonicalAnchor":"wikidata:Q111265794","canonicalCountryKey":"BD","capacityMw":315.0,"country":"BD","externalIds":{"osm":"way/950005959","wikidata":"Q111265794"},"geographyId":"BD-32408957B83626866084602","id":"wattlas-plant-wikidata-q111265794","idAliases":["wattlas-plant-osm-way-950005959"],"lifecycleCounts":{"operational":1},"locationPrecision":"exact","name":"Mymensingh and Jamalpur United Power Plant","operatingCapacityCoverage":{"coveragePercent":100.0,"knownUnitCount":0,"method":"plant_aggregate","provenance":{"evidenceCount":0,"recordIds":["wattlas-record-osm-way-950005959"],"sourceIds":["openstreetmap-power"],"sourceTypes":["community_mapped"],"valueKind":"reported"},"totalUnitCount":0},"operatingCapacityMw":315.0,"operatingCapacityMwByTechnology":{"oil":315.0},"plannedCapacityCoverage":{"coveragePercent":0.0,"knownUnitCount":0,"method":"unavailable","totalUnitCount":0},"plannedCapacityMw":0.0,"plannedCapacityMwByTechnology":{},"recordCount":1,"recordIds":["wattlas-record-osm-way-950005959"],"sourceIds":["openstreetmap-power"],"sourceUrl":"https://www.openstreetmap.org/way/950005959","technologies":["oil"],"technologyMixMw":{"oil":315.0},"unitCount":0,"unitIds":[]},"type":"Feature"},{"geometry":{"coordinates":[92.071605,22.151696],"type":"Point"},"id":"wattlas-plant-wikidata-q111265796","properties":{"aliases":["Dohazari-Kaliaish 100 MW Peaking Power Plant"],"canonicalAnchor":"wikidata:Q111265796","canonicalCountryKey":"BD","capacityMw":102.0,"country":"BD","externalIds":{"osm":"way/529911808","wikidata":"Q111265796"},"geographyId":"BD-32408957B94023193097291","id":"wattlas-plant-wikidata-q111265796","idAliases":["wattlas-plant-osm-way-529911808"],"lifecycleCounts":{"operational":1},"locationPrecision":"exact","name":"Dohazari-Kaliaish 100 MW Peaking Power Plant","operatingCapacityCoverage":{"coveragePercent":100.0,"knownUnitCount":0,"method":"plant_aggregate","provenance":{"evidenceCount":0,"recordIds":["wattlas-record-osm-way-529911808"],"sourceIds":["openstreetmap-power"],"sourceTypes":["community_mapped"],"valueKind":"reported"},"totalUnitCount":0},"operatingCapacityMw":102.0,"operatingCapacityMwByTechnology":{"oil":102.0},"plannedCapacityCoverage":{"coveragePercent":0.0,"knownUnitCount":0,"method":"unavailable","totalUnitCount":0},"plannedCapacityMw":0.0,"plannedCapacityMwByTechnology":{},"recordCount":1,"recordIds":["wattlas-record-osm-way-529911808"],"sourceIds":["openstreetmap-power"],"sourceUrl":"https://www.openstreetmap.org/way/529911808","technologies":["oil"],"technologyMixMw":{"oil":102.0},"unitCount":0,"unitIds":[]},"type":"Feature"},{"geometry":{"coordinates":[90.3424,23.99149],"type":"Point"},"id":"wattlas-plant-wikidata-q111265798","properties":{"aliases":["Kodda BPDB-RPCL power plant"],"canonicalAnchor":"wikidata:Q111265798","canonicalCountryKey":"BD","capacityMw":149.0,"country":"BD","externalIds":{"osm":"way/966598231","wikidata":"Q111265798"},"geographyId":"BD-32408957B77718829177955","id":"wattlas-plant-wikidata-q111265798","idAliases":["wattlas-plant-osm-way-966598231"],"lifecycleCounts":{"operational":1},"locationPrecision":"exact","name":"Kodda BPDB-RPCL power plant","operatingCapacityCoverage":{"coveragePercent":100.0,"knownUnitCount":0,"method":"plant_aggregate","provenance":{"evidenceCount":0,"recordIds":["wattlas-record-osm-way-966598231"],"sourceIds":["openstreetmap-power"],"sourceTypes":["community_mapped"],"valueKind":"reported"},"totalUnitCount":0},"operatingCapacityMw":149.0,"operatingCapacityMwByTechnology":{"oil":149.0},"plannedCapacityCoverage":{"coveragePercent":0.0,"knownUnitCount":0,"method":"unavailable","totalUnitCount":0},"plannedCapacityMw":0.0,"plannedCapacityMwByTechnology":{},"recordCount":1,"recordIds":["wattlas-record-osm-way-966598231"],"sourceIds":["openstreetmap-power"],"sourceUrl":"https://www.openstreetmap.org/way/966598231","technologies":["oil"],"technologyMixMw":{"oil":149.0},"unitCount":0,"unitIds":[]},"type":"Feature"},{"geometry":{"coordinates":[90.343845,23.991687],"type":"Point"},"id":"wattlas-plant-wikidata-q111265800","properties":{"aliases":["RPCL Gazipur Power Plant"],"canonicalAnchor":"wikidata:Q111265800","canonicalCountryKey":"BD","capacityMw":157.0,"country":"BD","externalIds":{"osm":"way/1041851980","wikidata":"Q111265800"},"geographyId":"BD-32408957B77718829177955","id":"wattlas-plant-wikidata-q111265800","idAliases":["wattlas-plant-osm-way-1041851980"],"lifecycleCounts":{"operational":1},"locationPrecision":"exact","name":"RPCL Gazipur Power Plant","operatingCapacityCoverage":{"coveragePercent":100.0,"knownUnitCount":0,"method":"plant_aggregate","provenance":{"evidenceCount":0,"recordIds":["wattlas-record-osm-way-1041851980"],"sourceIds":["openstreetmap-power"],"sourceTypes":["community_mapped"],"valueKind":"reported"},"totalUnitCount":0},"operatingCapacityMw":157.0,"operatingCapacityMwByTechnology":{"oil":157.0},"plannedCapacityCoverage":{"coveragePercent":0.0,"knownUnitCount":0,"method":"unavailable","totalUnitCount":0},"plannedCapacityMw":0.0,"plannedCapacityMwByTechnology":{},"recordCount":1,"recordIds":["wattlas-record-osm-way-1041851980"],"sourceIds":["openstreetmap-power"],"sourceUrl":"https://www.openstreetmap.org/way/1041851980","technologies":["oil"],"technologyMixMw":{"oil":157.0},"unitCount":0,"unitIds":[]},"type":"Feature"},{"geometry":{"coordinates":[90.338264,23.992196],"type":"Point"},"id":"wattlas-plant-wikidata-q111265802","properties":{"aliases":["Summit Gazipur I & II Power Plants"],"canonicalAnchor":"wikidata:Q111265802","canonicalCountryKey":"BD","capacityMw":449.0,"country":"BD","externalIds":{"osm":"way/829191018","wikidata":"Q111265802"},"geographyId":"BD-32408957B77718829177955","id":"wattlas-plant-wikidata-q111265802","idAliases":["wattlas-plant-osm-way-829191018"],"lifecycleCounts":{"operational":1},"locationPrecision":"exact","name":"Summit Gazipur I & II Power Plants","operatingCapacityCoverage":{"coveragePercent":100.0,"knownUnitCount":0,"method":"plant_aggregate","provenance":{"evidenceCount":0,"recordIds":["wattlas-record-osm-way-829191018"],"sourceIds":["openstreetmap-power"],"sourceTypes":["community_mapped"],"valueKind":"reported"},"totalUnitCount":0},"operatingCapacityMw":449.0,"operatingCapacityMwByTechnology":{"oil":449.0},"plannedCapacityCoverage":{"coveragePercent":0.0,"knownUnitCount":0,"method":"unavailable","totalUnitCount":0},"plannedCapacityMw":0.0,"plannedCapacityMwByTechnology":{},"recordCount":1,"recordIds":["wattlas-record-osm-way-829191018"],"sourceIds":["openstreetmap-power"],"sourceUrl":"https://www.openstreetmap.org/way/829191018","technologies":["oil"],"technologyMixMw":{"oil":449.0},"unitCount":0,"unitIds":[]},"type":"Feature"},{"geometry":{"coordinates":[88.675927,24.367967],"type":"Point"},"id":"wattlas-plant-wikidata-q111265803","properties":{"aliases":["Katakhali Power Plant"],"canonicalAnchor":"wikidata:Q111265803","canonicalCountryKey":"BD","capacityMw":100.0,"country":"BD","externalIds":{"osm":"way/243559196","wikidata":"Q111265803"},"geographyId":"BD-32408957B27409320841034","id":"wattlas-plant-wikidata-q111265803","idAliases":["wattlas-plant-osm-way-243559196"],"lifecycleCounts":{"operational":1},"locationPrecision":"exact","name":"Katakhali Power Plant","operatingCapacityCoverage":{"coveragePercent":100.0,"knownUnitCount":0,"method":"plant_aggregate","provenance":{"evidenceCount":0,"recordIds":["wattlas-record-osm-way-243559196"],"sourceIds":["openstreetmap-power"],"sourceTypes":["community_mapped"],"valueKind":"reported"},"totalUnitCount":0},"operatingCapacityMw":100.0,"operatingCapacityMwByTechnology":{"oil":100.0},"plannedCapacityCoverage":{"coveragePercent":0.0,"knownUnitCount":0,"method":"unavailable","totalUnitCount":0},"plannedCapacityMw":0.0,"plannedCapacityMwByTechnology":{},"recordCount":1,"recordIds":["wattlas-record-osm-way-243559196"],"sourceIds":["openstreetmap-power"],"sourceUrl":"https://www.openstreetmap.org/way/243559196","technologies":["oil"],"technologyMixMw":{"oil":100.0},"unitCount":0,"unitIds":[]},"type":"Feature"},{"geometry":{"coordinates":[91.91782,24.689143],"type":"Point"},"id":"wattlas-plant-wikidata-q111265805","properties":{"aliases":["Kushiara Power Plant"],"canonicalAnchor":"wikidata:Q111265805","canonicalCountryKey":"BD","capacityMw":163.0,"country":"BD","externalIds":{"osm":"way/929337988","wikidata":"Q111265805"},"geographyId":"BD-32408957B58397560032916","id":"wattlas-plant-wikidata-q111265805","idAliases":["wattlas-plant-osm-way-929337988"],"lifecycleCounts":{"operational":1},"locationPrecision":"exact","name":"Kushiara Power Plant","operatingCapacityCoverage":{"coveragePercent":100.0,"knownUnitCount":0,"method":"plant_aggregate","provenance":{"evidenceCount":0,"recordIds":["wattlas-record-osm-way-929337988"],"sourceIds":["openstreetmap-power"],"sourceTypes":["community_mapped"],"valueKind":"reported"},"totalUnitCount":0},"operatingCapacityMw":163.0,"operatingCapacityMwByTechnology":{"gas":163.0},"plannedCapacityCoverage":{"coveragePercent":0.0,"knownUnitCount":0,"method":"unavailable","totalUnitCount":0},"plannedCapacityMw":0.0,"plannedCapacityMwByTechnology":{},"recordCount":1,"recordIds":["wattlas-record-osm-way-929337988"],"sourceIds":["openstreetmap-power"],"sourceUrl":"https://www.openstreetmap.org/way/929337988","technologies":["gas"],"technologyMixMw":{"gas":163.0},"unitCount":0,"unitIds":[]},"type":"Feature"},{"geometry":{"coordinates":[90.514854,23.590054],"type":"Point"},"id":"wattlas-plant-wikidata-q111265810","properties":{"aliases":["Summit Madanganj Power Plant"],"canonicalAnchor":"wikidata:Q111265810","canonicalCountryKey":"BD","capacityMw":157.0,"country":"BD","externalIds":{"osm":"way/943631555","wikidata":"Q111265810"},"geographyId":"BD-32408957B77718829177955","id":"wattlas-plant-wikidata-q111265810","idAliases":["wattlas-plant-osm-way-943631555"],"lifecycleCounts":{"operational":1},"locationPrecision":"exact","name":"Summit Madanganj Power Plant","operatingCapacityCoverage":{"coveragePercent":100.0,"knownUnitCount":0,"method":"plant_aggregate","provenance":{"evidenceCount":0,"recordIds":["wattlas-record-osm-way-943631555"],"sourceIds":["openstreetmap-power"],"sourceTypes":["community_mapped"],"valueKind":"reported"},"totalUnitCount":0},"operatingCapacityMw":157.0,"operatingCapacityMwByTechnology":{"oil":157.0},"plannedCapacityCoverage":{"coveragePercent":0.0,"knownUnitCount":0,"method":"unavailable","totalUnitCount":0},"plannedCapacityMw":0.0,"plannedCapacityMwByTechnology":{},"recordCount":1,"recordIds":["wattlas-record-osm-way-943631555"],"sourceIds":["openstreetmap-power"],"sourceUrl":"https://www.openstreetmap.org/way/943631555","technologies":["oil"],"technologyMixMw":{"oil":157.0},"unitCount":0,"unitIds":[]},"type":"Feature"},{"geometry":{"coordinates":[90.237074,23.79435],"type":"Point"},"id":"wattlas-plant-wikidata-q111265813","properties":{"aliases":["Manikganj power plant"],"canonicalAnchor":"wikidata:Q111265813","canonicalCountryKey":"BD","capacityMw":162.0,"country":"BD","externalIds":{"osm":"way/1046915378","wikidata":"Q111265813"},"geographyId":"BD-32408957B77718829177955","id":"wattlas-plant-wikidata-q111265813","idAliases":["wattlas-plant-osm-way-1046915378"],"lifecycleCounts":{"operational":1},"locationPrecision":"exact","name":"Manikganj power plant","operatingCapacityCoverage":{"coveragePercent":100.0,"knownUnitCount":0,"method":"plant_aggregate","provenance":{"evidenceCount":0,"recordIds":["wattlas-record-osm-way-1046915378"],"sourceIds":["openstreetmap-power"],"sourceTypes":["community_mapped"],"valueKind":"reported"},"totalUnitCount":0},"operatingCapacityMw":162.0,"operatingCapacityMwByTechnology":{"oil":162.0},"plannedCapacityCoverage":{"coveragePercent":0.0,"knownUnitCount":0,"method":"unavailable","totalUnitCount":0},"plannedCapacityMw":0.0,"plannedCapacityMwByTechnology":{},"recordCount":1,"recordIds":["wattlas-record-osm-way-1046915378"],"sourceIds":["openstreetmap-power"],"sourceUrl":"https://www.openstreetmap.org/way/1046915378","technologies":["oil"],"technologyMixMw":{"oil":162.0},"unitCount":0,"unitIds":[]},"type":"Feature"},{"geometry":{"coordinates":[91.459761,22.765797],"type":"Point"},"id":"wattlas-plant-wikidata-q111265815","properties":{"aliases":["Mirsarai Power Plant"],"canonicalAnchor":"wikidata:Q111265815","canonicalCountryKey":"BD","capacityMw":163.0,"country":"BD","externalIds":{"osm":"way/1041851979","wikidata":"Q111265815"},"geographyId":"BD-32408957B94023193097291","id":"wattlas-plant-wikidata-q111265815","idAliases":["wattlas-plant-osm-way-1041851979"],"lifecycleCounts":{"under_construction":1},"locationPrecision":"exact","name":"Mirsarai Power Plant","operatingCapacityCoverage":{"coveragePercent":0.0,"knownUnitCount":0,"method":"unavailable","totalUnitCount":0},"operatingCapacityMw":0.0,"operatingCapacityMwByTechnology":{},"plannedCapacityCoverage":{"coveragePercent":100.0,"knownUnitCount":0,"method":"plant_aggregate","provenance":{"evidenceCount":0,"recordIds":["wattlas-record-osm-way-1041851979"],"sourceIds":["openstreetmap-power"],"sourceTypes":["community_mapped"],"valueKind":"reported"},"totalUnitCount":0},"plannedCapacityMw":163.0,"plannedCapacityMwByTechnology":{"oil":163.0},"recordCount":1,"recordIds":["wattlas-record-osm-way-1041851979"],"sourceIds":["openstreetmap-power"],"sourceUrl":"https://www.openstreetmap.org/way/1041851979","technologies":["oil"],"technologyMixMw":{"oil":163.0},"unitCount":0,"unitIds":[]},"type":"Feature"},{"geometry":{"coordinates":[89.810861,22.933904],"type":"Point"},"id":"wattlas-plant-wikidata-q111265816","properties":{"aliases":["Madhumati Power Plant"],"canonicalAnchor":"wikidata:Q111265816","canonicalCountryKey":"BD","capacityMw":105.0,"country":"BD","externalIds":{"osm":"way/989277938","wikidata":"Q111265816"},"geographyId":"BD-32408957B77718829177955","id":"wattlas-plant-wikidata-q111265816","idAliases":["wattlas-plant-osm-way-989277938"],"lifecycleCounts":{"operational":1},"locationPrecision":"exact","name":"Madhumati Power Plant","operatingCapacityCoverage":{"coveragePercent":100.0,"knownUnitCount":0,"method":"plant_aggregate","provenance":{"evidenceCount":0,"recordIds":["wattlas-record-osm-way-989277938"],"sourceIds":["openstreetmap-power"],"sourceTypes":["community_mapped"],"valueKind":"reported"},"totalUnitCount":0},"operatingCapacityMw":105.0,"operatingCapacityMwByTechnology":{"oil":105.0},"plannedCapacityCoverage":{"coveragePercent":0.0,"knownUnitCount":0,"method":"unavailable","totalUnitCount":0},"plannedCapacityMw":0.0,"plannedCapacityMwByTechnology":{},"recordCount":1,"recordIds":["wattlas-record-osm-way-989277938"],"sourceIds":["openstreetmap-power"],"sourceUrl":"https://www.openstreetmap.org/way/989277938","technologies":["oil"],"technologyMixMw":{"oil":105.0},"unitCount":0,"unitIds":[]},"type":"Feature"},{"geometry":{"coordinates":[89.413963,23.017616],"type":"Point"},"id":"wattlas-plant-wikidata-q111265818","properties":{"aliases":["Bangla Trac Noapara power plant"],"canonicalAnchor":"wikidata:Q111265818","canonicalCountryKey":"BD","capacityMw":100.0,"country":"BD","externalIds":{"osm":"way/1041851967","wikidata":"Q111265818"},"geographyId":"BD-32408957B3859287816056","id":"wattlas-plant-wikidata-q111265818","idAliases":["wattlas-plant-osm-way-1041851967"],"lifecycleCounts":{"operational":1},"locationPrecision":"exact","name":"Bangla Trac Noapara power plant","operatingCapacityCoverage":{"coveragePercent":100.0,"knownUnitCount":0,"method":"plant_aggregate","provenance":{"evidenceCount":0,"recordIds":["wattlas-record-osm-way-1041851967"],"sourceIds":["openstreetmap-power"],"sourceTypes":["community_mapped"],"valueKind":"reported"},"totalUnitCount":0},"operatingCapacityMw":100.0,"operatingCapacityMwByTechnology":{"oil":100.0},"plannedCapacityCoverage":{"coveragePercent":0.0,"knownUnitCount":0,"method":"unavailable","totalUnitCount":0},"plannedCapacityMw":0.0,"plannedCapacityMwByTechnology":{},"recordCount":1,"recordIds":["wattlas-record-osm-way-1041851967"],"sourceIds":["openstreetmap-power"],"sourceUrl":"https://www.openstreetmap.org/way/1041851967","technologies":["oil"],"technologyMixMw":{"oil":100.0},"unitCount":0,"unitIds":[]},"type":"Feature"},{"geometry":{"coordinates":[90.453922,23.654274],"type":"Point"},"id":"wattlas-plant-wikidata-q111265820","properties":{"aliases":["APR Energy power plant"],"canonicalAnchor":"wikidata:Q111265820","canonicalCountryKey":"BD","capacityMw":300.0,"country":"BD","externalIds":{"osm":"way/1042509095","wikidata":"Q111265820"},"geographyId":"BD-32408957B77718829177955","id":"wattlas-plant-wikidata-q111265820","idAliases":["wattlas-plant-osm-way-1042509095"],"lifecycleCounts":{"operational":1},"locationPrecision":"exact","name":"APR Energy power plant","operatingCapacityCoverage":{"coveragePercent":100.0,"knownUnitCount":0,"method":"plant_aggregate","provenance":{"evidenceCount":0,"recordIds":["wattlas-record-osm-way-1042509095"],"sourceIds":["openstreetmap-power"],"sourceTypes":["community_mapped"],"valueKind":"reported"},"totalUnitCount":0},"operatingCapacityMw":300.0,"operatingCapacityMwByTechnology":{"oil":300.0},"plannedCapacityCoverage":{"coveragePercent":0.0,"knownUnitCount":0,"method":"unavailable","totalUnitCount":0},"plannedCapacityMw":0.0,"plannedCapacityMwByTechnology":{},"recordCount":1,"recordIds":["wattlas-record-osm-way-1042509095"],"sourceIds":["openstreetmap-power"],"sourceUrl":"https://www.openstreetmap.org/way/1042509095","technologies":["oil"],"technologyMixMw":{"oil":300.0},"unitCount":0,"unitIds":[]},"type":"Feature"},{"geometry":{"coordinates":[89.27127,25.658485],"type":"Point"},"id":"wattlas-plant-wikidata-q111265822","properties":{"aliases":["Confidence Power Rangpur"],"canonicalAnchor":"wikidata:Q111265822","canonicalCountryKey":"BD","capacityMw":113.0,"country":"BD","externalIds":{"osm":"way/976797642","wikidata":"Q111265822"},"geographyId":"BD-32408957B77489436868882","id":"wattlas-plant-wikidata-q111265822","idAliases":["wattlas-plant-osm-way-976797642"],"lifecycleCounts":{"operational":1},"locationPrecision":"exact","name":"Confidence Power Rangpur","operatingCapacityCoverage":{"coveragePercent":100.0,"knownUnitCount":0,"method":"plant_aggregate","provenance":{"evidenceCount":0,"recordIds":["wattlas-record-osm-way-976797642"],"sourceIds":["openstreetmap-power"],"sourceTypes":["community_mapped"],"valueKind":"reported"},"totalUnitCount":0},"operatingCapacityMw":113.0,"operatingCapacityMwByTechnology":{"oil":113.0},"plannedCapacityCoverage":{"coveragePercent":0.0,"knownUnitCount":0,"method":"unavailable","totalUnitCount":0},"plannedCapacityMw":0.0,"plannedCapacityMwByTechnology":{},"recordCount":1,"recordIds":["wattlas-record-osm-way-976797642"],"sourceIds":["openstreetmap-power"],"sourceUrl":"https://www.openstreetmap.org/way/976797642","technologies":["oil"],"technologyMixMw":{"oil":113.0},"unitCount":0,"unitIds":[]},"type":"Feature"},{"geometry":{"coordinates":[89.584657,22.765966],"type":"Point"},"id":"wattlas-plant-wikidata-q111265823","properties":{"aliases":["Orion Power Rupsha Ltd"],"canonicalAnchor":"wikidata:Q111265823","canonicalCountryKey":"BD","capacityMw":105.0,"country":"BD","externalIds":{"osm":"way/690245883","wikidata":"Q111265823"},"geographyId":"BD-32408957B3859287816056","id":"wattlas-plant-wikidata-q111265823","idAliases":["wattlas-plant-osm-way-690245883"],"lifecycleCounts":{"operational":1},"locationPrecision":"exact","name":"Orion Power Rupsha Ltd","operatingCapacityCoverage":{"coveragePercent":100.0,"knownUnitCount":0,"method":"plant_aggregate","provenance":{"evidenceCount":0,"recordIds":["wattlas-record-osm-way-690245883"],"sourceIds":["openstreetmap-power"],"sourceTypes":["community_mapped"],"valueKind":"reported"},"totalUnitCount":0},"operatingCapacityMw":105.0,"operatingCapacityMwByTechnology":{"other":105.0},"plannedCapacityCoverage":{"coveragePercent":0.0,"knownUnitCount":0,"method":"unavailable","totalUnitCount":0},"plannedCapacityMw":0.0,"plannedCapacityMwByTechnology":{},"recordCount":1,"recordIds":["wattlas-record-osm-way-690245883"],"sourceIds":["openstreetmap-power"],"sourceUrl":"https://www.openstreetmap.org/way/690245883","technologies":["other"],"technologyMixMw":{"other":105.0},"unitCount":0,"unitIds":[]},"type":"Feature"},{"geometry":{"coordinates":[89.743209,24.385587],"type":"Point"},"id":"wattlas-plant-wikidata-q111265825","properties":{"aliases":["Sirajganj Sembcorp combined cycle power plant"],"canonicalAnchor":"wikidata:Q111265825","canonicalCountryKey":"BD","capacityMw":414.0,"country":"BD","externalIds":{"osm":"way/1041852003","wikidata":"Q111265825"},"geographyId":"BD-32408957B27409320841034","id":"wattlas-plant-wikidata-q111265825","idAliases":["wattlas-plant-osm-way-1041852003"],"lifecycleCounts":{"operational":1},"locationPrecision":"exact","name":"Sirajganj Sembcorp combined cycle power plant","operatingCapacityCoverage":{"coveragePercent":100.0,"knownUnitCount":0,"method":"plant_aggregate","provenance":{"evidenceCount":0,"recordIds":["wattlas-record-osm-way-1041852003"],"sourceIds":["openstreetmap-power"],"sourceTypes":["community_mapped"],"valueKind":"reported"},"totalUnitCount":0},"operatingCapacityMw":414.0,"operatingCapacityMwByTechnology":{"gas":414.0},"plannedCapacityCoverage":{"coveragePercent":0.0,"knownUnitCount":0,"method":"unavailable","totalUnitCount":0},"plannedCapacityMw":0.0,"plannedCapacityMwByTechnology":{},"recordCount":1,"recordIds":["wattlas-record-osm-way-1041852003"],"sourceIds":["openstreetmap-power"],"sourceUrl":"https://www.openstreetmap.org/way/1041852003","technologies":["gas"],"technologyMixMw":{"gas":414.0},"unitCount":0,"unitIds":[]},"type":"Feature"},{"geometry":{"coordinates":[89.744998,24.385816],"type":"Point"},"id":"wattlas-plant-wikidata-q111265826","properties":{"aliases":["Sirajganj combined cycle power plant"],"canonicalAnchor":"wikidata:Q111265826","canonicalCountryKey":"BD","capacityMw":650.0,"country":"BD","externalIds":{"osm":"way/315575298","wikidata":"Q111265826"},"geographyId":"BD-32408957B27409320841034","id":"wattlas-plant-wikidata-q111265826","idAliases":["wattlas-plant-osm-way-315575298"],"lifecycleCounts":{"operational":1},"locationPrecision":"exact","name":"Sirajganj combined cycle power plant","operatingCapacityCoverage":{"coveragePercent":100.0,"knownUnitCount":0,"method":"plant_aggregate","provenance":{"evidenceCount":0,"recordIds":["wattlas-record-osm-way-315575298"],"sourceIds":["openstreetmap-power"],"sourceTypes":["community_mapped"],"valueKind":"reported"},"totalUnitCount":0},"operatingCapacityMw":650.0,"operatingCapacityMwByTechnology":{"gas":650.0},"plannedCapacityCoverage":{"coveragePercent":0.0,"knownUnitCount":0,"method":"unavailable","totalUnitCount":0},"plannedCapacityMw":0.0,"plannedCapacityMwByTechnology":{},"recordCount":1,"recordIds":["wattlas-record-osm-way-315575298"],"sourceIds":["openstreetmap-power"],"sourceUrl":"https://www.openstreetmap.org/way/315575298","technologies":["gas"],"technologyMixMw":{"gas":650.0},"unitCount":0,"unitIds":[]},"type":"Feature"},{"geometry":{"coordinates":[90.530096,23.684239],"type":"Point"},"id":"wattlas-plant-wikidata-q111265828","properties":{"aliases":["Haripur GT Power Plant"],"canonicalAnchor":"wikidata:Q111265828","canonicalCountryKey":"BD","capacityMw":32.0,"country":"BD","externalIds":{"osm":"way/961153189","wikidata":"Q111265828"},"geographyId":"BD-32408957B77718829177955","id":"wattlas-plant-wikidata-q111265828","idAliases":["wattlas-plant-osm-way-961153189"],"lifecycleCounts":{"operational":1},"locationPrecision":"exact","name":"Haripur GT Power Plant","operatingCapacityCoverage":{"coveragePercent":100.0,"knownUnitCount":0,"method":"plant_aggregate","provenance":{"evidenceCount":0,"recordIds":["wattlas-record-osm-way-961153189"],"sourceIds":["openstreetmap-power"],"sourceTypes":["community_mapped"],"valueKind":"reported"},"totalUnitCount":0},"operatingCapacityMw":32.0,"operatingCapacityMwByTechnology":{"gas":32.0},"plannedCapacityCoverage":{"coveragePercent":0.0,"knownUnitCount":0,"method":"unavailable","totalUnitCount":0},"plannedCapacityMw":0.0,"plannedCapacityMwByTechnology":{},"recordCount":1,"recordIds":["wattlas-record-osm-way-961153189"],"sourceIds":["openstreetmap-power"],"sourceUrl":"https://www.openstreetmap.org/way/961153189","technologies":["gas"],"technologyMixMw":{"gas":32.0},"unitCount":0,"unitIds":[]},"type":"Feature"},{"geometry":{"coordinates":[90.529576,23.685252],"type":"Point"},"id":"wattlas-plant-wikidata-q111265829","properties":{"aliases":["Haripur 412 MW Combined Cycle Power Plant"],"canonicalAnchor":"wikidata:Q111265829","canonicalCountryKey":"BD","capacityMw":412.0,"country":"BD","externalIds":{"osm":"way/656133060","wikidata":"Q111265829"},"geographyId":"BD-32408957B77718829177955","id":"wattlas-plant-wikidata-q111265829","idAliases":["wattlas-plant-osm-way-656133060"],"lifecycleCounts":{"operational":1},"locationPrecision":"exact","name":"Haripur 412 MW Combined Cycle Power Plant","operatingCapacityCoverage":{"coveragePercent":100.0,"knownUnitCount":0,"method":"plant_aggregate","provenance":{"evidenceCount":0,"recordIds":["wattlas-record-osm-way-656133060"],"sourceIds":["openstreetmap-power"],"sourceTypes":["community_mapped"],"valueKind":"reported"},"totalUnitCount":0},"operatingCapacityMw":412.0,"operatingCapacityMwByTechnology":{"gas":412.0},"plannedCapacityCoverage":{"coveragePercent":0.0,"knownUnitCount":0,"method":"unavailable","totalUnitCount":0},"plannedCapacityMw":0.0,"plannedCapacityMwByTechnology":{},"recordCount":1,"recordIds":["wattlas-record-osm-way-656133060"],"sourceIds":["openstreetmap-power"],"sourceUrl":"https://www.openstreetmap.org/way/656133060","technologies":["gas"],"technologyMixMw":{"gas":412.0},"unitCount":0,"unitIds":[]},"type":"Feature"},{"geometry":{"coordinates":[90.668385,23.221929],"type":"Point"},"id":"wattlas-plant-wikidata-q111265831","properties":{"aliases":["Chandpur PDB combined cycle power plant"],"canonicalAnchor":"wikidata:Q111265831","canonicalCountryKey":"BD","capacityMw":163.0,"country":"BD","externalIds":{"osm":"way/369548431","wikidata":"Q111265831"},"geographyId":"BD-32408957B94023193097291","id":"wattlas-plant-wikidata-q111265831","idAliases":["wattlas-plant-osm-way-369548431"],"lifecycleCounts":{"operational":1},"locationPrecision":"exact","name":"Chandpur PDB combined cycle power plant","operatingCapacityCoverage":{"coveragePercent":100.0,"knownUnitCount":0,"method":"plant_aggregate","provenance":{"evidenceCount":0,"recordIds":["wattlas-record-osm-way-369548431"],"sourceIds":["openstreetmap-power"],"sourceTypes":["community_mapped"],"valueKind":"reported"},"totalUnitCount":0},"operatingCapacityMw":163.0,"operatingCapacityMwByTechnology":{"gas":163.0},"plannedCapacityCoverage":{"coveragePercent":0.0,"knownUnitCount":0,"method":"unavailable","totalUnitCount":0},"plannedCapacityMw":0.0,"plannedCapacityMwByTechnology":{},"recordCount":1,"recordIds":["wattlas-record-osm-way-369548431"],"sourceIds":["openstreetmap-power"],"sourceUrl":"https://www.openstreetmap.org/way/369548431","technologies":["gas"],"technologyMixMw":{"gas":163.0},"unitCount":0,"unitIds":[]},"type":"Feature"},{"geometry":{"coordinates":[90.673114,23.224564],"type":"Point"},"id":"wattlas-plant-wikidata-q111265833","properties":{"aliases":["দেশ এনার্জি চাঁদপুর বিদ্যুৎ কেন্দ্র"],"canonicalAnchor":"wikidata:Q111265833","canonicalCountryKey":"BD","capacityMw":200.0,"country":"BD","externalIds":{"osm":"way/965457643","wikidata":"Q111265833"},"geographyId":"BD-32408957B94023193097291","id":"wattlas-plant-wikidata-q111265833","idAliases":["wattlas-plant-osm-way-965457643"],"lifecycleCounts":{"operational":1},"locationPrecision":"exact","name":"দেশ এনার্জি চাঁদপুর বিদ্যুৎ কেন্দ্র","operatingCapacityCoverage":{"coveragePercent":100.0,"knownUnitCount":0,"method":"plant_aggregate","provenance":{"evidenceCount":0,"recordIds":["wattlas-record-osm-way-965457643"],"sourceIds":["openstreetmap-power"],"sourceTypes":["community_mapped"],"valueKind":"reported"},"totalUnitCount":0},"operatingCapacityMw":200.0,"operatingCapacityMwByTechnology":{"oil":200.0},"plannedCapacityCoverage":{"coveragePercent":0.0,"knownUnitCount":0,"method":"unavailable","totalUnitCount":0},"plannedCapacityMw":0.0,"plannedCapacityMwByTechnology":{},"recordCount":1,"recordIds":["wattlas-record-osm-way-965457643"],"sourceIds":["openstreetmap-power"],"sourceUrl":"https://www.openstreetmap.org/way/965457643","technologies":["oil"],"technologyMixMw":{"oil":200.0},"unitCount":0,"unitIds":[]},"type":"Feature"},{"geometry":{"coordinates":[90.672942,23.207517],"type":"Point"},"id":"wattlas-plant-wikidata-q111265834","properties":{"aliases":["Chandpur Doreen Power power plant"],"canonicalAnchor":"wikidata:Q111265834","canonicalCountryKey":"BD","capacityMw":115.0,"country":"BD","externalIds":{"osm":"way/1043477796","wikidata":"Q111265834"},"geographyId":"BD-32408957B94023193097291","id":"wattlas-plant-wikidata-q111265834","idAliases":["wattlas-plant-osm-way-1043477796"],"lifecycleCounts":{"operational":1},"locationPrecision":"exact","name":"Chandpur Doreen Power power plant","operatingCapacityCoverage":{"coveragePercent":100.0,"knownUnitCount":0,"method":"plant_aggregate","provenance":{"evidenceCount":0,"recordIds":["wattlas-record-osm-way-1043477796"],"sourceIds":["openstreetmap-power"],"sourceTypes":["community_mapped"],"valueKind":"reported"},"totalUnitCount":0},"operatingCapacityMw":115.0,"operatingCapacityMwByTechnology":{"gas":115.0},"plannedCapacityCoverage":{"coveragePercent":0.0,"knownUnitCount":0,"method":"unavailable","totalUnitCount":0},"plannedCapacityMw":0.0,"plannedCapacityMwByTechnology":{},"recordCount":1,"recordIds":["wattlas-record-osm-way-1043477796"],"sourceIds":["openstreetmap-power"],"sourceUrl":"https://www.openstreetmap.org/way/1043477796","technologies":["gas"],"technologyMixMw":{"gas":115.0},"unitCount":0,"unitIds":[]},"type":"Feature"},{"geometry":{"coordinates":[88.401413,24.632046],"type":"Point"},"id":"wattlas-plant-wikidata-q111265835","properties":{"aliases":["Chapainawabganj Power Plant"],"canonicalAnchor":"wikidata:Q111265835","canonicalCountryKey":"BD","capacityMw":104.0,"country":"BD","externalIds":{"osm":"way/978805070","wikidata":"Q111265835"},"geographyId":"BD-32408957B27409320841034","id":"wattlas-plant-wikidata-q111265835","idAliases":["wattlas-plant-osm-way-978805070"],"lifecycleCounts":{"operational":1},"locationPrecision":"exact","name":"Chapainawabganj Power Plant","operatingCapacityCoverage":{"coveragePercent":100.0,"knownUnitCount":0,"method":"plant_aggregate","provenance":{"evidenceCount":0,"recordIds":["wattlas-record-osm-way-978805070"],"sourceIds":["openstreetmap-power"],"sourceTypes":["community_mapped"],"valueKind":"reported"},"totalUnitCount":0},"operatingCapacityMw":104.0,"operatingCapacityMwByTechnology":{"oil":104.0},"plannedCapacityCoverage":{"coveragePercent":0.0,"knownUnitCount":0,"method":"unavailable","totalUnitCount":0},"plannedCapacityMw":0.0,"plannedCapacityMwByTechnology":{},"recordCount":1,"recordIds":["wattlas-record-osm-way-978805070"],"sourceIds":["openstreetmap-power"],"sourceUrl":"https://www.openstreetmap.org/way/978805070","technologies":["oil"],"technologyMixMw":{"oil":104.0},"unitCount":0,"unitIds":[]},"type":"Feature"},{"geometry":{"coordinates":[91.806476,22.297004],"type":"Point"},"id":"wattlas-plant-wikidata-q111265836","properties":{"aliases":["Acorn Jhulda power plant"],"canonicalAnchor":"wikidata:Q111265836","canonicalCountryKey":"BD","capacityMw":300.0,"country":"BD","externalIds":{"osm":"way/361199961","wikidata":"Q111265836"},"geographyId":"BD-32408957B94023193097291","id":"wattlas-plant-wikidata-q111265836","idAliases":["wattlas-plant-osm-way-361199961"],"lifecycleCounts":{"operational":1},"locationPrecision":"exact","name":"Acorn Jhulda power plant","operatingCapacityCoverage":{"coveragePercent":100.0,"knownUnitCount":0,"method":"plant_aggregate","provenance":{"evidenceCount":0,"recordIds":["wattlas-record-osm-way-361199961"],"sourceIds":["openstreetmap-power"],"sourceTypes":["community_mapped"],"valueKind":"reported"},"totalUnitCount":0},"operatingCapacityMw":300.0,"operatingCapacityMwByTechnology":{"oil":300.0},"plannedCapacityCoverage":{"coveragePercent":0.0,"knownUnitCount":0,"method":"unavailable","totalUnitCount":0},"plannedCapacityMw":0.0,"plannedCapacityMwByTechnology":{},"recordCount":1,"recordIds":["wattlas-record-osm-way-361199961"],"sourceIds":["openstreetmap-power"],"sourceUrl":"https://www.openstreetmap.org/way/361199961","technologies":["oil"],"technologyMixMw":{"oil":300.0},"unitCount":0,"unitIds":[]},"type":"Feature"},{"geometry":{"coordinates":[91.872895,22.329675],"type":"Point"},"id":"wattlas-plant-wikidata-q111265837","properties":{"aliases":["Anlima Energy Chattogram power plant"],"canonicalAnchor":"wikidata:Q111265837","canonicalCountryKey":"BD","capacityMw":116.0,"country":"BD","externalIds":{"osm":"way/862825576","wikidata":"Q111265837"},"geographyId":"BD-32408957B94023193097291","id":"wattlas-plant-wikidata-q111265837","idAliases":["wattlas-plant-osm-way-862825576"],"lifecycleCounts":{"operational":1},"locationPrecision":"exact","name":"Anlima Energy Chattogram power plant","operatingCapacityCoverage":{"coveragePercent":100.0,"knownUnitCount":0,"method":"plant_aggregate","provenance":{"evidenceCount":0,"recordIds":["wattlas-record-osm-way-862825576"],"sourceIds":["openstreetmap-power"],"sourceTypes":["community_mapped"],"valueKind":"reported"},"totalUnitCount":0},"operatingCapacityMw":116.0,"operatingCapacityMwByTechnology":{"oil":116.0},"plannedCapacityCoverage":{"coveragePercent":0.0,"knownUnitCount":0,"method":"unavailable","totalUnitCount":0},"plannedCapacityMw":0.0,"plannedCapacityMwByTechnology":{},"recordCount":1,"recordIds":["wattlas-record-osm-way-862825576"],"sourceIds":["openstreetmap-power"],"sourceUrl":"https://www.openstreetmap.org/way/862825576","technologies":["oil"],"technologyMixMw":{"oil":116.0},"unitCount":0,"unitIds":[]},"type":"Feature"},{"geometry":{"coordinates":[91.827079,22.232473],"type":"Point"},"id":"wattlas-plant-wikidata-q111265838","properties":{"aliases":["UPGD (UANPL) Anwara Power Plant"],"canonicalAnchor":"wikidata:Q111265838","canonicalCountryKey":"BD","capacityMw":300.0,"country":"BD","externalIds":{"osm":"way/967677417","wikidata":"Q111265838"},"geographyId":"BD-32408957B94023193097291","id":"wattlas-plant-wikidata-q111265838","idAliases":["wattlas-plant-osm-way-967677417"],"lifecycleCounts":{"operational":1},"locationPrecision":"exact","name":"UPGD (UANPL) Anwara Power Plant","operatingCapacityCoverage":{"coveragePercent":100.0,"knownUnitCount":0,"method":"plant_aggregate","provenance":{"evidenceCount":0,"recordIds":["wattlas-record-osm-way-967677417"],"sourceIds":["openstreetmap-power"],"sourceTypes":["community_mapped"],"valueKind":"reported"},"totalUnitCount":0},"operatingCapacityMw":300.0,"operatingCapacityMwByTechnology":{"oil":300.0},"plannedCapacityCoverage":{"coveragePercent":0.0,"knownUnitCount":0,"method":"unavailable","totalUnitCount":0},"plannedCapacityMw":0.0,"plannedCapacityMwByTechnology":{},"recordCount":1,"recordIds":["wattlas-record-osm-way-967677417"],"sourceIds":["openstreetmap-power"],"sourceUrl":"https://www.openstreetmap.org/way/967677417","technologies":["oil"],"technologyMixMw":{"oil":300.0},"unitCount":0,"unitIds":[]},"type":"Feature"},{"geometry":{"coordinates":[91.87713,22.335008],"type":"Point"},"id":"wattlas-plant-wikidata-q111265839","properties":{"aliases":["Baraka Shikalbaha and Karnaphuli power plant"],"canonicalAnchor":"wikidata:Q111265839","canonicalCountryKey":"BD","capacityMw":215.0,"country":"BD","externalIds":{"osm":"way/757725737","wikidata":"Q111265839"},"geographyId":"BD-32408957B94023193097291","id":"wattlas-plant-wikidata-q111265839","idAliases":["wattlas-plant-osm-way-757725737"],"lifecycleCounts":{"operational":1},"locationPrecision":"exact","name":"Baraka Shikalbaha and Karnaphuli power plant","operatingCapacityCoverage":{"coveragePercent":100.0,"knownUnitCount":0,"method":"plant_aggregate","provenance":{"evidenceCount":0,"recordIds":["wattlas-record-osm-way-757725737"],"sourceIds":["openstreetmap-power"],"sourceTypes":["community_mapped"],"valueKind":"reported"},"totalUnitCount":0},"operatingCapacityMw":215.0,"operatingCapacityMwByTechnology":{"oil":215.0},"plannedCapacityCoverage":{"coveragePercent":0.0,"knownUnitCount":0,"method":"unavailable","totalUnitCount":0},"plannedCapacityMw":0.0,"plannedCapacityMwByTechnology":{},"recordCount":1,"recordIds":["wattlas-record-osm-way-757725737"],"sourceIds":["openstreetmap-power"],"sourceUrl":"https://www.openstreetmap.org/way/757725737","technologies":["oil"],"technologyMixMw":{"oil":215.0},"unitCount":0,"unitIds":[]},"type":"Feature"},{"geometry":{"coordinates":[91.875644,22.333594],"type":"Point"},"id":"wattlas-plant-wikidata-q111265840","properties":{"aliases":["ECPV Energypac Power Plant"],"canonicalAnchor":"wikidata:Q111265840","canonicalCountryKey":"BD","capacityMw":108.0,"country":"BD","externalIds":{"osm":"way/531967535","wikidata":"Q111265840"},"geographyId":"BD-32408957B94023193097291","id":"wattlas-plant-wikidata-q111265840","idAliases":["wattlas-plant-osm-way-531967535"],"lifecycleCounts":{"operational":1},"locationPrecision":"exact","name":"ECPV Energypac Power Plant","operatingCapacityCoverage":{"coveragePercent":100.0,"knownUnitCount":0,"method":"plant_aggregate","provenance":{"evidenceCount":0,"recordIds":["wattlas-record-osm-way-531967535"],"sourceIds":["openstreetmap-power"],"sourceTypes":["community_mapped"],"valueKind":"reported"},"totalUnitCount":0},"operatingCapacityMw":108.0,"operatingCapacityMwByTechnology":{"oil":108.0},"plannedCapacityCoverage":{"coveragePercent":0.0,"knownUnitCount":0,"method":"unavailable","totalUnitCount":0},"plannedCapacityMw":0.0,"plannedCapacityMwByTechnology":{},"recordCount":1,"recordIds":["wattlas-record-osm-way-531967535"],"sourceIds":["openstreetmap-power"],"sourceUrl":"https://www.openstreetmap.org/way/531967535","technologies":["oil"],"technologyMixMw":{"oil":108.0},"unitCount":0,"unitIds":[]},"type":"Feature"},{"geometry":{"coordinates":[91.378121,24.253505],"type":"Point"},"id":"wattlas-plant-wikidata-q111265843","properties":{"aliases":["BPDB Shahjibazar Power Plant"],"canonicalAnchor":"wikidata:Q111265843","canonicalCountryKey":"BD","capacityMw":500.0,"country":"BD","externalIds":{"osm":"way/1046884404","wikidata":"Q111265843"},"geographyId":"BD-32408957B58397560032916","id":"wattlas-plant-wikidata-q111265843","idAliases":["wattlas-plant-osm-way-1046884404"],"lifecycleCounts":{"operational":1},"locationPrecision":"exact","name":"BPDB Shahjibazar Power Plant","operatingCapacityCoverage":{"coveragePercent":100.0,"knownUnitCount":0,"method":"plant_aggregate","provenance":{"evidenceCount":0,"recordIds":["wattlas-record-osm-way-1046884404"],"sourceIds":["openstreetmap-power"],"sourceTypes":["community_mapped"],"valueKind":"reported"},"totalUnitCount":0},"operatingCapacityMw":500.0,"operatingCapacityMwByTechnology":{"gas":500.0},"plannedCapacityCoverage":{"coveragePercent":0.0,"knownUnitCount":0,"method":"unavailable","totalUnitCount":0},"plannedCapacityMw":0.0,"plannedCapacityMwByTechnology":{},"recordCount":1,"recordIds":["wattlas-record-osm-way-1046884404"],"sourceIds":["openstreetmap-power"],"sourceUrl":"https://www.openstreetmap.org/way/1046884404","technologies":["gas"],"technologyMixMw":{"gas":500.0},"unitCount":0,"unitIds":[]},"type":"Feature"},{"geometry":{"coordinates":[90.637065,23.978673],"type":"Point"},"id":"wattlas-plant-wikidata-q11971935","properties":{"aliases":["ঘোড়াশাল"],"canonicalAnchor":"wikidata:Q11971935","canonicalCountryKey":"BD","capacityMw":1045.0,"country":"BD","externalIds":{"osm":"way/147998669","wikidata":"Q11971935"},"geographyId":"BD-32408957B77718829177955","id":"wattlas-plant-wikidata-q11971935","idAliases":["wattlas-plant-osm-way-147998669"],"lifecycleCounts":{"operational":1},"locationPrecision":"exact","name":"ঘোড়াশাল","operatingCapacityCoverage":{"coveragePercent":100.0,"knownUnitCount":0,"method":"plant_aggregate","provenance":{"evidenceCount":0,"recordIds":["wattlas-record-osm-way-147998669"],"sourceIds":["openstreetmap-power"],"sourceTypes":["community_mapped"],"valueKind":"reported"},"totalUnitCount":0},"operatingCapacityMw":1045.0,"operatingCapacityMwByTechnology":{"gas":1045.0},"plannedCapacityCoverage":{"coveragePercent":0.0,"knownUnitCount":0,"method":"unavailable","totalUnitCount":0},"plannedCapacityMw":0.0,"plannedCapacityMwByTechnology":{},"recordCount":1,"recordIds":["wattlas-record-osm-way-147998669"],"sourceIds":["openstreetmap-power"],"sourceUrl":"https://www.openstreetmap.org/way/147998669","technologies":["gas"],"technologyMixMw":{"gas":1045.0},"unitCount":0,"unitIds":[]},"type":"Feature"},{"geometry":{"coordinates":[89.557534,22.592564],"type":"Point"},"id":"wattlas-plant-wikidata-q15071638","properties":{"aliases":["রামপাল তাপ বিদ্যুৎ কেন্দ্র"],"canonicalAnchor":"wikidata:Q15071638","canonicalCountryKey":"BD","capacityMw":1320.0,"country":"BD","externalIds":{"osm":"way/354100539","wikidata":"Q15071638","wikipedia":"bn:রামপাল তাপ বিদ্যুৎ কেন্দ্র"},"geographyId":"BD-32408957B3859287816056","id":"wattlas-plant-wikidata-q15071638","idAliases":["wattlas-plant-osm-way-354100539","wattlas-plant-wikipedia-bn"],"lifecycleCounts":{"under_construction":1},"locationPrecision":"exact","name":"রামপাল তাপ বিদ্যুৎ কেন্দ্র","operatingCapacityCoverage":{"coveragePercent":0.0,"knownUnitCount":0,"method":"unavailable","totalUnitCount":0},"operatingCapacityMw":0.0,"operatingCapacityMwByTechnology":{},"plannedCapacityCoverage":{"coveragePercent":100.0,"knownUnitCount":0,"method":"plant_aggregate","provenance":{"evidenceCount":0,"recordIds":["wattlas-record-osm-way-354100539"],"sourceIds":["openstreetmap-power"],"sourceTypes":["community_mapped"],"valueKind":"reported"},"totalUnitCount":0},"plannedCapacityMw":1320.0,"plannedCapacityMwByTechnology":{"coal":1320.0},"recordCount":1,"recordIds":["wattlas-record-osm-way-354100539"],"sourceIds":["openstreetmap-power"],"sourceUrl":"https://www.openstreetmap.org/way/354100539","technologies":["coal"],"technologyMixMw":{"coal":1320.0},"unitCount":0,"unitIds":[]},"type":"Feature"},{"geometry":{"coordinates":[88.949027,25.553499],"type":"Point"},"id":"wattlas-plant-wikidata-q16253289","properties":{"aliases":["Barapukuria Coal Power Plant"],"canonicalAnchor":"wikidata:Q16253289","canonicalCountryKey":"BD","capacityMw":524.0,"country":"BD","externalIds":{"osm":"way/299707977","wikidata":"Q16253289"},"geographyId":"BD-32408957B77489436868882","id":"wattlas-plant-wikidata-q16253289","idAliases":["wattlas-plant-osm-way-299707977"],"lifecycleCounts":{"operational":1},"locationPrecision":"exact","name":"Barapukuria Coal Power Plant","operatingCapacityCoverage":{"coveragePercent":100.0,"knownUnitCount":0,"method":"plant_aggregate","provenance":{"evidenceCount":0,"recordIds":["wattlas-record-osm-way-299707977"],"sourceIds":["openstreetmap-power"],"sourceTypes":["community_mapped"],"valueKind":"reported"},"totalUnitCount":0},"operatingCapacityMw":524.0,"operatingCapacityMwByTechnology":{"coal":524.0},"plannedCapacityCoverage":{"coveragePercent":0.0,"knownUnitCount":0,"method":"unavailable","totalUnitCount":0},"plannedCapacityMw":0.0,"plannedCapacityMwByTechnology":{},"recordCount":1,"recordIds":["wattlas-record-osm-way-299707977"],"sourceIds":["openstreetmap-power"],"sourceUrl":"https://www.openstreetmap.org/way/299707977","technologies":["coal"],"technologyMixMw":{"coal":524.0},"unitCount":0,"unitIds":[]},"type":"Feature"},{"geometry":{"coordinates":[92.216201,22.495977],"type":"Point"},"id":"wattlas-plant-wikidata-q1734089","properties":{"aliases":["Karnaphuli hydropower station"],"canonicalAnchor":"wikidata:Q1734089","canonicalCountryKey":"BD","capacityMw":230.0,"country":"BD","externalIds":{"osm":"relation/13945320","wikidata":"Q1734089"},"geographyId":"BD-32408957B94023193097291","id":"wattlas-plant-wikidata-q1734089","idAliases":["wattlas-plant-osm-relation-13945320"],"lifecycleCounts":{"operational":1},"locationPrecision":"exact","name":"Karnaphuli hydropower station","operatingCapacityCoverage":{"coveragePercent":100.0,"knownUnitCount":0,"method":"plant_aggregate","provenance":{"evidenceCount":0,"recordIds":["wattlas-record-osm-relation-13945320"],"sourceIds":["openstreetmap-power"],"sourceTypes":["community_mapped"],"valueKind":"reported"},"totalUnitCount":0},"operatingCapacityMw":230.0,"operatingCapacityMwByTechnology":{"hydro":230.0},"plannedCapacityCoverage":{"coveragePercent":0.0,"knownUnitCount":0,"method":"unavailable","totalUnitCount":0},"plannedCapacityMw":0.0,"plannedCapacityMwByTechnology":{},"recordCount":1,"recordIds":["wattlas-record-osm-relation-13945320"],"sourceIds":["openstreetmap-power"],"sourceUrl":"https://www.openstreetmap.org/relation/13945320","technologies":["hydro"],"technologyMixMw":{"hydro":230.0},"unitCount":0,"unitIds":[]},"type":"Feature"},{"geometry":{"coordinates":[90.532957,23.678206],"type":"Point"},"id":"wattlas-plant-wikidata-q19373655","properties":{"aliases":["Haripur Power Limited"],"canonicalAnchor":"wikidata:Q19373655","canonicalCountryKey":"BD","capacityMw":360.0,"country":"BD","externalIds":{"osm":"way/147998623","wikidata":"Q19373655"},"geographyId":"BD-32408957B77718829177955","id":"wattlas-plant-wikidata-q19373655","idAliases":["wattlas-plant-osm-way-147998623"],"lifecycleCounts":{"operational":1},"locationPrecision":"exact","name":"Haripur Power Limited","operatingCapacityCoverage":{"coveragePercent":100.0,"knownUnitCount":0,"method":"plant_aggregate","provenance":{"evidenceCount":0,"recordIds":["wattlas-record-osm-way-147998623"],"sourceIds":["openstreetmap-power"],"sourceTypes":["community_mapped"],"valueKind":"reported"},"totalUnitCount":0},"operatingCapacityMw":360.0,"operatingCapacityMwByTechnology":{"gas":360.0},"plannedCapacityCoverage":{"coveragePercent":0.0,"knownUnitCount":0,"method":"unavailable","totalUnitCount":0},"plannedCapacityMw":0.0,"plannedCapacityMwByTechnology":{},"recordCount":1,"recordIds":["wattlas-record-osm-way-147998623"],"sourceIds":["openstreetmap-power"],"sourceUrl":"https://www.openstreetmap.org/way/147998623","technologies":["gas"],"technologyMixMw":{"gas":360.0},"unitCount":0,"unitIds":[]},"type":"Feature"},{"geometry":{"coordinates":[90.60136,23.608568],"type":"Point"},"id":"wattlas-plant-wikidata-q19381289","properties":{"aliases":["Meghnaghat Power Limited"],"canonicalAnchor":"wikidata:Q19381289","canonicalCountryKey":"BD","capacityMw":450.0,"country":"BD","externalIds":{"osm":"way/1041851998","wikidata":"Q19381289"},"geographyId":"BD-32408957B77718829177955","id":"wattlas-plant-wikidata-q19381289","idAliases":["wattlas-plant-osm-way-1041851998"],"lifecycleCounts":{"operational":1},"locationPrecision":"exact","name":"Meghnaghat Power Limited","operatingCapacityCoverage":{"coveragePercent":100.0,"knownUnitCount":0,"method":"plant_aggregate","provenance":{"evidenceCount":0,"recordIds":["wattlas-record-osm-way-1041851998"],"sourceIds":["openstreetmap-power"],"sourceTypes":["community_mapped"],"valueKind":"reported"},"totalUnitCount":0},"operatingCapacityMw":450.0,"operatingCapacityMwByTechnology":{"gas":450.0},"plannedCapacityCoverage":{"coveragePercent":0.0,"knownUnitCount":0,"method":"unavailable","totalUnitCount":0},"plannedCapacityMw":0.0,"plannedCapacityMwByTechnology":{},"recordCount":1,"recordIds":["wattlas-record-osm-way-1041851998"],"sourceIds":["openstreetmap-power"],"sourceUrl":"https://www.openstreetmap.org/way/1041851998","technologies":["gas"],"technologyMixMw":{"gas":450.0},"unitCount":0,"unitIds":[]},"type":"Feature"},{"geometry":{"coordinates":[90.516439,23.68468],"type":"Point"},"id":"wattlas-plant-wikidata-q25426569-19cbc7ec76","properties":{"aliases":["Siddhirganj Combined Cycle Power Plant"],"canonicalAnchor":"wikidata:Q25426569","canonicalCountryKey":"BD","capacityMw":335.0,"country":"BD","externalIds":{"osm":"way/829250128","wikidata":"Q25426569"},"geographyId":"BD-32408957B77718829177955","id":"wattlas-plant-wikidata-q25426569-19cbc7ec76","idAliases":["wattlas-plant-osm-way-829250128","wattlas-plant-wikidata-q25426569"],"lifecycleCounts":{"operational":1},"locationPrecision":"exact","name":"Siddhirganj Combined Cycle Power Plant","operatingCapacityCoverage":{"coveragePercent":100.0,"knownUnitCount":0,"method":"plant_aggregate","provenance":{"evidenceCount":0,"recordIds":["wattlas-record-osm-way-829250128"],"sourceIds":["openstreetmap-power"],"sourceTypes":["community_mapped"],"valueKind":"reported"},"totalUnitCount":0},"operatingCapacityMw":335.0,"operatingCapacityMwByTechnology":{"gas":335.0},"plannedCapacityCoverage":{"coveragePercent":0.0,"knownUnitCount":0,"method":"unavailable","totalUnitCount":0},"plannedCapacityMw":0.0,"plannedCapacityMwByTechnology":{},"recordCount":1,"recordIds":["wattlas-record-osm-way-829250128"],"sourceIds":["openstreetmap-power"],"sourceUrl":"https://www.openstreetmap.org/way/829250128","technologies":["gas"],"technologyMixMw":{"gas":335.0},"unitCount":0,"unitIds":[]},"type":"Feature"},{"geometry":{"coordinates":[90.525726,23.683351],"type":"Point"},"id":"wattlas-plant-wikidata-q25426569-4d4270ef0c","properties":{"aliases":["Siddhirganj Peaking Power Plant"],"canonicalAnchor":"wikidata:Q25426569","canonicalCountryKey":"BD","capacityMw":210.0,"country":"BD","externalIds":{"osm":"way/1042509089","wikidata":"Q25426569"},"geographyId":"BD-32408957B77718829177955","id":"wattlas-plant-wikidata-q25426569-4d4270ef0c","idAliases":["wattlas-plant-osm-way-1042509089"],"lifecycleCounts":{"operational":1},"locationPrecision":"exact","name":"Siddhirganj Peaking Power Plant","operatingCapacityCoverage":{"coveragePercent":100.0,"knownUnitCount":0,"method":"plant_aggregate","provenance":{"evidenceCount":0,"recordIds":["wattlas-record-osm-way-1042509089"],"sourceIds":["openstreetmap-power"],"sourceTypes":["community_mapped"],"valueKind":"reported"},"totalUnitCount":0},"operatingCapacityMw":210.0,"operatingCapacityMwByTechnology":{"gas":210.0},"plannedCapacityCoverage":{"coveragePercent":0.0,"knownUnitCount":0,"method":"unavailable","totalUnitCount":0},"plannedCapacityMw":0.0,"plannedCapacityMwByTechnology":{},"recordCount":1,"recordIds":["wattlas-record-osm-way-1042509089"],"sourceIds":["openstreetmap-power"],"sourceUrl":"https://www.openstreetmap.org/way/1042509089","technologies":["gas"],"technologyMixMw":{"gas":210.0},"unitCount":0,"unitIds":[]},"type":"Feature"},{"geometry":{"coordinates":[89.536203,22.865641],"type":"Point"},"id":"wattlas-plant-wikidata-q25426572","properties":{"aliases":["Khulna 225 MW Combined Cycle Power Plant"],"canonicalAnchor":"wikidata:Q25426572","canonicalCountryKey":"BD","capacityMw":225.0,"country":"BD","externalIds":{"osm":"way/1043525207","wikidata":"Q25426572"},"geographyId":"BD-32408957B3859287816056","id":"wattlas-plant-wikidata-q25426572","idAliases":["wattlas-plant-osm-way-1043525207"],"lifecycleCounts":{"operational":1},"locationPrecision":"exact","name":"Khulna 225 MW Combined Cycle Power Plant","operatingCapacityCoverage":{"coveragePercent":100.0,"knownUnitCount":0,"method":"plant_aggregate","provenance":{"evidenceCount":0,"recordIds":["wattlas-record-osm-way-1043525207"],"sourceIds":["openstreetmap-power"],"sourceTypes":["community_mapped"],"valueKind":"reported"},"totalUnitCount":0},"operatingCapacityMw":225.0,"operatingCapacityMwByTechnology":{"gas":225.0},"plannedCapacityCoverage":{"coveragePercent":0.0,"knownUnitCount":0,"method":"unavailable","totalUnitCount":0},"plannedCapacityMw":0.0,"plannedCapacityMwByTechnology":{},"recordCount":1,"recordIds":["wattlas-record-osm-way-1043525207"],"sourceIds":["openstreetmap-power"],"sourceUrl":"https://www.openstreetmap.org/way/1043525207","technologies":["gas"],"technologyMixMw":{"gas":225.0},"unitCount":0,"unitIds":[]},"type":"Feature"},{"geometry":{"coordinates":[89.592889,24.133477],"type":"Point"},"id":"wattlas-plant-wikidata-q25426575","properties":{"aliases":["Baghabari Power Plant"],"canonicalAnchor":"wikidata:Q25426575","canonicalCountryKey":"BD","capacityMw":223.0,"country":"BD","externalIds":{"osm":"way/210993446","wikidata":"Q25426575"},"geographyId":"BD-32408957B27409320841034","id":"wattlas-plant-wikidata-q25426575","idAliases":["wattlas-plant-osm-way-210993446"],"lifecycleCounts":{"operational":1},"locationPrecision":"exact","name":"Baghabari Power Plant","operatingCapacityCoverage":{"coveragePercent":100.0,"knownUnitCount":0,"method":"plant_aggregate","provenance":{"evidenceCount":0,"recordIds":["wattlas-record-osm-way-210993446"],"sourceIds":["openstreetmap-power"],"sourceTypes":["community_mapped"],"valueKind":"reported"},"totalUnitCount":0},"operatingCapacityMw":223.0,"operatingCapacityMwByTechnology":{"gas":223.0},"plannedCapacityCoverage":{"coveragePercent":0.0,"knownUnitCount":0,"method":"unavailable","totalUnitCount":0},"plannedCapacityMw":0.0,"plannedCapacityMwByTechnology":{},"recordCount":1,"recordIds":["wattlas-record-osm-way-210993446"],"sourceIds":["openstreetmap-power"],"sourceUrl":"https://www.openstreetmap.org/way/210993446","technologies":["gas"],"technologyMixMw":{"gas":223.0},"unitCount":0,"unitIds":[]},"type":"Feature"},{"geometry":{"coordinates":[90.413387,23.897493],"type":"Point"},"id":"wattlas-plant-wikidata-q25426579","properties":{"aliases":["Tongi Power Plant"],"canonicalAnchor":"wikidata:Q25426579","canonicalCountryKey":"BD","capacityMw":105.0,"country":"BD","externalIds":{"osm":"way/147998586","wikidata":"Q25426579"},"geographyId":"BD-32408957B77718829177955","id":"wattlas-plant-wikidata-q25426579","idAliases":["wattlas-plant-osm-way-147998586"],"lifecycleCounts":{"operational":1},"locationPrecision":"exact","name":"Tongi Power Plant","operatingCapacityCoverage":{"coveragePercent":100.0,"knownUnitCount":0,"method":"plant_aggregate","provenance":{"evidenceCount":0,"recordIds":["wattlas-record-osm-way-147998586"],"sourceIds":["openstreetmap-power"],"sourceTypes":["community_mapped"],"valueKind":"reported"},"totalUnitCount":0},"operatingCapacityMw":105.0,"operatingCapacityMwByTechnology":{"gas":105.0},"plannedCapacityCoverage":{"coveragePercent":0.0,"knownUnitCount":0,"method":"unavailable","totalUnitCount":0},"plannedCapacityMw":0.0,"plannedCapacityMwByTechnology":{},"recordCount":1,"recordIds":["wattlas-record-osm-way-147998586"],"sourceIds":["openstreetmap-power"],"sourceUrl":"https://www.openstreetmap.org/way/147998586","technologies":["gas"],"technologyMixMw":{"gas":105.0},"unitCount":0,"unitIds":[]},"type":"Feature"},{"geometry":{"coordinates":[91.918838,24.686935],"type":"Point"},"id":"wattlas-plant-wikidata-q25426580","properties":{"aliases":["Fenchuganj Combined Cycle Gas Turbine Station"],"canonicalAnchor":"wikidata:Q25426580","canonicalCountryKey":"BD","capacityMw":201.0,"country":"BD","externalIds":{"osm":"way/369543954","wikidata":"Q25426580"},"geographyId":"BD-32408957B58397560032916","id":"wattlas-plant-wikidata-q25426580","idAliases":["wattlas-plant-osm-way-369543954"],"lifecycleCounts":{"operational":1},"locationPrecision":"exact","name":"Fenchuganj Combined Cycle Gas Turbine Station","operatingCapacityCoverage":{"coveragePercent":100.0,"knownUnitCount":0,"method":"plant_aggregate","provenance":{"evidenceCount":0,"recordIds":["wattlas-record-osm-way-369543954"],"sourceIds":["openstreetmap-power"],"sourceTypes":["community_mapped"],"valueKind":"reported"},"totalUnitCount":0},"operatingCapacityMw":201.0,"operatingCapacityMwByTechnology":{"gas":201.0},"plannedCapacityCoverage":{"coveragePercent":0.0,"knownUnitCount":0,"method":"unavailable","totalUnitCount":0},"plannedCapacityMw":0.0,"plannedCapacityMwByTechnology":{},"recordCount":1,"recordIds":["wattlas-record-osm-way-369543954"],"sourceIds":["openstreetmap-power"],"sourceUrl":"https://www.openstreetmap.org/way/369543954","technologies":["gas"],"technologyMixMw":{"gas":201.0},"unitCount":0,"unitIds":[]},"type":"Feature"},{"geometry":{"coordinates":[90.41817,24.762818],"type":"Point"},"id":"wattlas-plant-wikidata-q25426591","properties":{"aliases":["RPCL Mymensingh Power Plant"],"canonicalAnchor":"wikidata:Q25426591","canonicalCountryKey":"BD","capacityMw":210.0,"country":"BD","externalIds":{"osm":"way/210993435","wikidata":"Q25426591"},"geographyId":"BD-32408957B83626866084602","id":"wattlas-plant-wikidata-q25426591","idAliases":["wattlas-plant-osm-way-210993435"],"lifecycleCounts":{"operational":1},"locationPrecision":"exact","name":"RPCL Mymensingh Power Plant","operatingCapacityCoverage":{"coveragePercent":100.0,"knownUnitCount":0,"method":"plant_aggregate","provenance":{"evidenceCount":0,"recordIds":["wattlas-record-osm-way-210993435"],"sourceIds":["openstreetmap-power"],"sourceTypes":["community_mapped"],"valueKind":"reported"},"totalUnitCount":0},"operatingCapacityMw":210.0,"operatingCapacityMwByTechnology":{"gas":210.0},"plannedCapacityCoverage":{"coveragePercent":0.0,"knownUnitCount":0,"method":"unavailable","totalUnitCount":0},"plannedCapacityMw":0.0,"plannedCapacityMwByTechnology":{},"recordCount":1,"recordIds":["wattlas-record-osm-way-210993435"],"sourceIds":["openstreetmap-power"],"sourceUrl":"https://www.openstreetmap.org/way/210993435","technologies":["gas"],"technologyMixMw":{"gas":210.0},"unitCount":0,"unitIds":[]},"type":"Feature"},{"geometry":{"coordinates":[90.30029,22.001292],"type":"Point"},"id":"wattlas-plant-wikidata-q28225221","properties":{"aliases":["Payra 1320 MW Thermal Power Plant"],"canonicalAnchor":"wikidata:Q28225221","canonicalCountryKey":"BD","capacityMw":1244.0,"country":"BD","externalIds":{"osm":"way/998622475","wikidata":"Q28225221"},"geographyId":"BD-32408957B31852228482374","id":"wattlas-plant-wikidata-q28225221","idAliases":["wattlas-plant-osm-way-998622475"],"lifecycleCounts":{"operational":1},"locationPrecision":"exact","name":"Payra 1320 MW Thermal Power Plant","operatingCapacityCoverage":{"coveragePercent":100.0,"knownUnitCount":0,"method":"plant_aggregate","provenance":{"evidenceCount":0,"recordIds":["wattlas-record-osm-way-998622475"],"sourceIds":["openstreetmap-power"],"sourceTypes":["community_mapped"],"valueKind":"reported"},"totalUnitCount":0},"operatingCapacityMw":1244.0,"operatingCapacityMwByTechnology":{"coal":1244.0},"plannedCapacityCoverage":{"coveragePercent":0.0,"knownUnitCount":0,"method":"unavailable","totalUnitCount":0},"plannedCapacityMw":0.0,"plannedCapacityMwByTechnology":{},"recordCount":1,"recordIds":["wattlas-record-osm-way-998622475"],"sourceIds":["openstreetmap-power"],"sourceUrl":"https://www.openstreetmap.org/way/998622475","technologies":["coal"],"technologyMixMw":{"coal":1244.0},"unitCount":0,"unitIds":[]},"type":"Feature"},{"geometry":{"coordinates":[91.978494,22.457712],"type":"Point"},"id":"wattlas-plant-wikidata-q7293784","properties":{"aliases":["Raozan Thermal Power Station"],"canonicalAnchor":"wikidata:Q7293784","canonicalCountryKey":"BD","capacityMw":420.0,"country":"BD","externalIds":{"osm":"way/211045469","wikidata":"Q7293784"},"geographyId":"BD-32408957B94023193097291","id":"wattlas-plant-wikidata-q7293784","idAliases":["wattlas-plant-osm-way-211045469"],"lifecycleCounts":{"operational":1},"locationPrecision":"exact","name":"Raozan Thermal Power Station","operatingCapacityCoverage":{"coveragePercent":100.0,"knownUnitCount":0,"method":"plant_aggregate","provenance":{"evidenceCount":0,"recordIds":["wattlas-record-osm-way-211045469"],"sourceIds":["openstreetmap-power"],"sourceTypes":["community_mapped"],"valueKind":"reported"},"totalUnitCount":0},"operatingCapacityMw":420.0,"operatingCapacityMwByTechnology":{"gas":420.0},"plannedCapacityCoverage":{"coveragePercent":0.0,"knownUnitCount":0,"method":"unavailable","totalUnitCount":0},"plannedCapacityMw":0.0,"plannedCapacityMwByTechnology":{},"recordCount":1,"recordIds":["wattlas-record-osm-way-211045469"],"sourceIds":["openstreetmap-power"],"sourceUrl":"https://www.openstreetmap.org/way/211045469","technologies":["gas"],"technologyMixMw":{"gas":420.0},"unitCount":0,"unitIds":[]},"type":"Feature"},{"geometry":{"coordinates":[89.044432,24.063607],"type":"Point"},"id":"wattlas-plant-wikidata-q7380438","properties":{"aliases":["রূপপুর পারমাণবিক বিদ্যুৎ কেন্দ্র"],"canonicalAnchor":"wikidata:Q7380438","canonicalCountryKey":"BD","capacityMw":0.0,"country":"BD","externalIds":{"osm":"way/530960829","wikidata":"Q7380438"},"geographyId":"BD-32408957B27409320841034","id":"wattlas-plant-wikidata-q7380438","idAliases":["wattlas-plant-osm-way-530960829"],"lifecycleCounts":{"under_construction":1},"locationPrecision":"exact","name":"রূপপুর পারমাণবিক বিদ্যুৎ কেন্দ্র","operatingCapacityCoverage":{"coveragePercent":0.0,"knownUnitCount":0,"method":"unavailable","totalUnitCount":0},"operatingCapacityMw":0.0,"operatingCapacityMwByTechnology":{},"plannedCapacityCoverage":{"coveragePercent":0.0,"knownUnitCount":0,"method":"unavailable","totalUnitCount":0},"plannedCapacityMw":0.0,"plannedCapacityMwByTechnology":{},"recordCount":1,"recordIds":["wattlas-record-osm-way-530960829"],"sourceIds":["openstreetmap-power"],"sourceUrl":"https://www.openstreetmap.org/way/530960829","technologies":["nuclear"],"technologyMixMw":{"nuclear":0.0},"unitCount":0,"unitIds":[]},"type":"Feature"}],"type":"FeatureCollection"}