{"features":[{"geometry":{"coordinates":[34.886297,32.469902],"type":"Point"},"id":"wattlas-plant-gemplant-l100000102838","properties":{"aliases":["CC1","CC2","Orot Rabin power station","Unit 1","Unit 2","Unit 3","Unit 4","Unit 5, timepoint 1","Unit 5, timepoint 2","Unit 6, timepoint 1","Unit 6, timepoint 2"],"canonicalAnchor":"gemplant:L100000102838","canonicalCountryKey":"IL","capacityMw":5060.0,"country":"IL","externalIdAliases":{"gemUnit":["G100000107681","G100000107682","G100000107683","G100000107684","G100000107685","G100000107686","G100000405137","G100000405138","G100001018889","G100001018890"]},"externalIds":{"gemPlant":"L100000102838","gemUnit":"G100001018890"},"gemWikiUrl":"https://www.gem.wiki/Orot_Rabin_power_station","geographyId":"IL-19161824B12012272353046","id":"wattlas-plant-gemplant-l100000102838","lifecycleCounts":{"operational":8,"under_construction":2},"locationPrecision":"exact","name":"Orot Rabin power station","operatingCapacityCoverage":{"coveragePercent":100.0,"knownUnitCount":8,"method":"complete_unit_sum","provenance":{"evidenceCount":0,"recordIds":["wattlas-record-gemunit-g100000107681","wattlas-record-gemunit-g100000107682","wattlas-record-gemunit-g100000107683","wattlas-record-gemunit-g100000107684","wattlas-record-gemunit-g100000107685","wattlas-record-gemunit-g100000107686","wattlas-record-gemunit-g100000405137","wattlas-record-gemunit-g100000405138"],"sourceIds":["gem-global-integrated-power-tracker"],"sourceTypes":["research_verified"],"valueKind":"reported"},"totalUnitCount":8},"operatingCapacityMw":3910.0,"operatingCapacityMwByTechnology":{"coal":2650.0,"gas":1260.0},"plannedCapacityCoverage":{"coveragePercent":100.0,"knownUnitCount":2,"method":"complete_unit_sum","provenance":{"evidenceCount":0,"recordIds":["wattlas-record-gemunit-g100001018889","wattlas-record-gemunit-g100001018890"],"sourceIds":["gem-global-integrated-power-tracker"],"sourceTypes":["research_verified"],"valueKind":"reported"},"totalUnitCount":2},"plannedCapacityMw":1150.0,"plannedCapacityMwByTechnology":{"gas":1150.0},"recordCount":10,"recordIds":["wattlas-record-gemunit-g100000107681","wattlas-record-gemunit-g100000107682","wattlas-record-gemunit-g100000107683","wattlas-record-gemunit-g100000107684","wattlas-record-gemunit-g100000107685","wattlas-record-gemunit-g100000107686","wattlas-record-gemunit-g100000405137","wattlas-record-gemunit-g100000405138","wattlas-record-gemunit-g100001018889","wattlas-record-gemunit-g100001018890"],"sourceIds":["gem-global-integrated-power-tracker"],"sourceUrl":"https://www.gem.wiki/Orot_Rabin_power_station","technologies":["coal","gas"],"technologyMixMw":{"coal":2650.0,"gas":2410.0},"unitCount":10,"unitIds":["gem-unit-G100000107681","gem-unit-G100000107682","gem-unit-G100000107683","gem-unit-G100000107684","gem-unit-G100000107685","gem-unit-G100000107686","gem-unit-G100000405137","gem-unit-G100000405138","gem-unit-G100001018889","gem-unit-G100001018890"]},"type":"Feature"},{"geometry":{"coordinates":[34.520237,31.630697],"type":"Point"},"id":"wattlas-plant-gemplant-l100000102840","properties":{"aliases":["Project D Unit 1","Project D Unit 2","Rutenberg power station","Unit 1, timepoint 1","Unit 1, timepoint 2","Unit 2, timepoint 1","Unit 2, timepoint 2","Unit 3, timepoint 1","Unit 3, timepoint 2","Unit 4, timepoint 1","Unit 4, timepoint 2"],"canonicalAnchor":"gemplant:L100000102840","canonicalCountryKey":"IL","capacityMw":3925.0,"country":"IL","externalIdAliases":{"gemUnit":["G100000108155","G100000108156","G100000108672","G100000108673","G100000108674","G100000108675","G100001017925","G100001017926","G100001017927","G100001017942"]},"externalIds":{"gemPlant":"L100000102840","gemUnit":"G100001017927"},"gemWikiUrl":"https://www.gem.wiki/Rutenberg_power_station","geographyId":"IL-19161824B24193204184747","id":"wattlas-plant-gemplant-l100000102840","lifecycleCounts":{"cancelled":3,"operational":3,"under_construction":4},"locationPrecision":"exact","name":"Rutenberg power station","operatingCapacityCoverage":{"coveragePercent":100.0,"knownUnitCount":3,"method":"complete_unit_sum","provenance":{"evidenceCount":0,"recordIds":["wattlas-record-gemunit-g100000108673","wattlas-record-gemunit-g100000108674","wattlas-record-gemunit-g100000108675"],"sourceIds":["gem-global-integrated-power-tracker"],"sourceTypes":["research_verified"],"valueKind":"reported"},"totalUnitCount":3},"operatingCapacityMw":1675.0,"operatingCapacityMwByTechnology":{"coal":1675.0},"plannedCapacityCoverage":{"coveragePercent":100.0,"knownUnitCount":4,"method":"complete_unit_sum","provenance":{"evidenceCount":0,"recordIds":["wattlas-record-gemunit-g100001017925","wattlas-record-gemunit-g100001017926","wattlas-record-gemunit-g100001017927","wattlas-record-gemunit-g100001017942"],"sourceIds":["gem-global-integrated-power-tracker"],"sourceTypes":["research_verified"],"valueKind":"reported"},"totalUnitCount":4},"plannedCapacityMw":2250.0,"plannedCapacityMwByTechnology":{"gas":2250.0},"recordCount":10,"recordIds":["wattlas-record-gemunit-g100000108155","wattlas-record-gemunit-g100000108156","wattlas-record-gemunit-g100000108672","wattlas-record-gemunit-g100000108673","wattlas-record-gemunit-g100000108674","wattlas-record-gemunit-g100000108675","wattlas-record-gemunit-g100001017925","wattlas-record-gemunit-g100001017926","wattlas-record-gemunit-g100001017927","wattlas-record-gemunit-g100001017942"],"sourceIds":["gem-global-integrated-power-tracker"],"sourceUrl":"https://www.gem.wiki/Rutenberg_power_station","technologies":["coal","gas"],"technologyMixMw":{"coal":1675.0,"gas":2250.0},"unitCount":10,"unitIds":["gem-unit-G100000108155","gem-unit-G100000108156","gem-unit-G100000108672","gem-unit-G100000108673","gem-unit-G100000108674","gem-unit-G100000108675","gem-unit-G100001017925","gem-unit-G100001017926","gem-unit-G100001017927","gem-unit-G100001017942"]},"type":"Feature"},{"geometry":{"coordinates":[35.3642,32.63272],"type":"Point"},"id":"wattlas-plant-gemplant-l100000405459","properties":{"aliases":["1-1","Alon Tavor cogeneration power station"],"canonicalAnchor":"gemplant:L100000405459","canonicalCountryKey":"IL","capacityMw":73.0,"country":"IL","externalIds":{"gemPlant":"L100000405459","gemUnit":"G100000405096"},"gemWikiUrl":"https://www.gem.wiki/Alon_Tavor_cogeneration_power_station","geographyId":"IL-19161824B91089536365577","id":"wattlas-plant-gemplant-l100000405459","lifecycleCounts":{"operational":1},"locationPrecision":"exact","name":"Alon Tavor cogeneration power station","operatingCapacityCoverage":{"coveragePercent":100.0,"knownUnitCount":1,"method":"complete_unit_sum","provenance":{"evidenceCount":0,"recordIds":["wattlas-record-gemunit-g100000405096"],"sourceIds":["gem-global-integrated-power-tracker"],"sourceTypes":["research_verified"],"valueKind":"reported"},"totalUnitCount":1},"operatingCapacityMw":73.0,"operatingCapacityMwByTechnology":{"gas":73.0},"plannedCapacityCoverage":{"coveragePercent":0.0,"knownUnitCount":0,"method":"unavailable","totalUnitCount":0},"plannedCapacityMw":0.0,"plannedCapacityMwByTechnology":{},"recordCount":1,"recordIds":["wattlas-record-gemunit-g100000405096"],"sourceIds":["gem-global-integrated-power-tracker"],"sourceUrl":"https://www.gem.wiki/Alon_Tavor_cogeneration_power_station","technologies":["gas"],"technologyMixMw":{"gas":73.0},"unitCount":1,"unitIds":["gem-unit-G100000405096"]},"type":"Feature"},{"geometry":{"coordinates":[35.3676,32.6339],"type":"Point"},"id":"wattlas-plant-gemplant-l100000405460","properties":{"aliases":["Alon Tavor power station","CC","GT1","GT2"],"canonicalAnchor":"gemplant:L100000405460","canonicalCountryKey":"IL","capacityMw":593.0,"country":"IL","externalIdAliases":{"gemUnit":["G100000405093","G100000405094","G100000405095"]},"externalIds":{"gemPlant":"L100000405460","gemUnit":"G100000405094"},"gemWikiUrl":"https://www.gem.wiki/Alon_Tavor_power_station","geographyId":"IL-19161824B91089536365577","id":"wattlas-plant-gemplant-l100000405460","lifecycleCounts":{"operational":3},"locationPrecision":"exact","name":"Alon Tavor power station","operatingCapacityCoverage":{"coveragePercent":100.0,"knownUnitCount":3,"method":"complete_unit_sum","provenance":{"evidenceCount":0,"recordIds":["wattlas-record-gemunit-g100000405093","wattlas-record-gemunit-g100000405094","wattlas-record-gemunit-g100000405095"],"sourceIds":["gem-global-integrated-power-tracker"],"sourceTypes":["research_verified"],"valueKind":"reported"},"totalUnitCount":3},"operatingCapacityMw":593.0,"operatingCapacityMwByTechnology":{"gas":593.0},"plannedCapacityCoverage":{"coveragePercent":0.0,"knownUnitCount":0,"method":"unavailable","totalUnitCount":0},"plannedCapacityMw":0.0,"plannedCapacityMwByTechnology":{},"recordCount":3,"recordIds":["wattlas-record-gemunit-g100000405093","wattlas-record-gemunit-g100000405094","wattlas-record-gemunit-g100000405095"],"sourceIds":["gem-global-integrated-power-tracker"],"sourceUrl":"https://www.gem.wiki/Alon_Tavor_power_station","technologies":["gas"],"technologyMixMw":{"gas":593.0},"unitCount":3,"unitIds":["gem-unit-G100000405093","gem-unit-G100000405094","gem-unit-G100000405095"]},"type":"Feature"},{"geometry":{"coordinates":[34.7876,31.1472],"type":"Point"},"id":"wattlas-plant-gemplant-l100000405461","properties":{"aliases":["1-1","Ashdod Energy power station"],"canonicalAnchor":"gemplant:L100000405461","canonicalCountryKey":"IL","capacityMw":55.0,"country":"IL","externalIds":{"gemPlant":"L100000405461","gemUnit":"G100000405098"},"gemWikiUrl":"https://www.gem.wiki/Ashdod_Energy_power_station","geographyId":"IL-19161824B24193204184747","id":"wattlas-plant-gemplant-l100000405461","lifecycleCounts":{"operational":1},"locationPrecision":"exact","name":"Ashdod Energy power station","operatingCapacityCoverage":{"coveragePercent":100.0,"knownUnitCount":1,"method":"complete_unit_sum","provenance":{"evidenceCount":0,"recordIds":["wattlas-record-gemunit-g100000405098"],"sourceIds":["gem-global-integrated-power-tracker"],"sourceTypes":["research_verified"],"valueKind":"reported"},"totalUnitCount":1},"operatingCapacityMw":55.0,"operatingCapacityMwByTechnology":{"gas":55.0},"plannedCapacityCoverage":{"coveragePercent":0.0,"knownUnitCount":0,"method":"unavailable","totalUnitCount":0},"plannedCapacityMw":0.0,"plannedCapacityMwByTechnology":{},"recordCount":1,"recordIds":["wattlas-record-gemunit-g100000405098"],"sourceIds":["gem-global-integrated-power-tracker"],"sourceUrl":"https://www.gem.wiki/Ashdod_Energy_power_station","technologies":["gas"],"technologyMixMw":{"gas":55.0},"unitCount":1,"unitIds":["gem-unit-G100000405098"]},"type":"Feature"},{"geometry":{"coordinates":[34.685617,31.841737],"type":"Point"},"id":"wattlas-plant-gemplant-l100000405462","properties":{"aliases":["1-1","2-1","Ashdod Refinery power station"],"canonicalAnchor":"gemplant:L100000405462","canonicalCountryKey":"IL","capacityMw":105.0,"country":"IL","externalIdAliases":{"gemUnit":["G100000405140","G100000414044"]},"externalIds":{"gemPlant":"L100000405462","gemUnit":"G100000414044"},"gemWikiUrl":"https://www.gem.wiki/Ashdod_Refinery_power_station","geographyId":"IL-19161824B24193204184747","id":"wattlas-plant-gemplant-l100000405462","lifecycleCounts":{"operational":2},"locationPrecision":"exact","name":"Ashdod Refinery power station","operatingCapacityCoverage":{"coveragePercent":100.0,"knownUnitCount":2,"method":"complete_unit_sum","provenance":{"evidenceCount":0,"recordIds":["wattlas-record-gemunit-g100000405140","wattlas-record-gemunit-g100000414044"],"sourceIds":["gem-global-integrated-power-tracker"],"sourceTypes":["research_verified"],"valueKind":"reported"},"totalUnitCount":2},"operatingCapacityMw":105.0,"operatingCapacityMwByTechnology":{"gas":105.0},"plannedCapacityCoverage":{"coveragePercent":0.0,"knownUnitCount":0,"method":"unavailable","totalUnitCount":0},"plannedCapacityMw":0.0,"plannedCapacityMwByTechnology":{},"recordCount":2,"recordIds":["wattlas-record-gemunit-g100000405140","wattlas-record-gemunit-g100000414044"],"sourceIds":["gem-global-integrated-power-tracker"],"sourceUrl":"https://www.gem.wiki/Ashdod_Refinery_power_station","technologies":["gas"],"technologyMixMw":{"gas":105.0},"unitCount":2,"unitIds":["gem-unit-G100000405140","gem-unit-G100000414044"]},"type":"Feature"},{"geometry":{"coordinates":[34.524457,31.635071],"type":"Point"},"id":"wattlas-plant-gemplant-l100000405463","properties":{"aliases":["1-1","Ashkelon Delek power station"],"canonicalAnchor":"gemplant:L100000405463","canonicalCountryKey":"IL","capacityMw":87.0,"country":"IL","externalIds":{"gemPlant":"L100000405463","gemUnit":"G100000405141"},"gemWikiUrl":"https://www.gem.wiki/Ashkelon_Delek_power_station","geographyId":"IL-19161824B24193204184747","id":"wattlas-plant-gemplant-l100000405463","lifecycleCounts":{"operational":1},"locationPrecision":"exact","name":"Ashkelon Delek power station","operatingCapacityCoverage":{"coveragePercent":100.0,"knownUnitCount":1,"method":"complete_unit_sum","provenance":{"evidenceCount":0,"recordIds":["wattlas-record-gemunit-g100000405141"],"sourceIds":["gem-global-integrated-power-tracker"],"sourceTypes":["research_verified"],"valueKind":"reported"},"totalUnitCount":1},"operatingCapacityMw":87.0,"operatingCapacityMwByTechnology":{"gas":87.0},"plannedCapacityCoverage":{"coveragePercent":0.0,"knownUnitCount":0,"method":"unavailable","totalUnitCount":0},"plannedCapacityMw":0.0,"plannedCapacityMwByTechnology":{},"recordCount":1,"recordIds":["wattlas-record-gemunit-g100000405141"],"sourceIds":["gem-global-integrated-power-tracker"],"sourceUrl":"https://www.gem.wiki/Ashkelon_Delek_power_station","technologies":["gas"],"technologyMixMw":{"gas":87.0},"unitCount":1,"unitIds":["gem-unit-G100000405141"]},"type":"Feature"},{"geometry":{"coordinates":[34.752921,31.721631],"type":"Point"},"id":"wattlas-plant-gemplant-l100000405464","properties":{"aliases":["1-1","Be'er Tuvia power station"],"canonicalAnchor":"gemplant:L100000405464","canonicalCountryKey":"IL","capacityMw":450.0,"country":"IL","externalIds":{"gemPlant":"L100000405464","gemUnit":"G100000405142"},"gemWikiUrl":"https://www.gem.wiki/Be'er_Tuvia_power_station","geographyId":"IL-19161824B24193204184747","id":"wattlas-plant-gemplant-l100000405464","lifecycleCounts":{"operational":1},"locationPrecision":"exact","name":"Be'er Tuvia power station","operatingCapacityCoverage":{"coveragePercent":100.0,"knownUnitCount":1,"method":"complete_unit_sum","provenance":{"evidenceCount":0,"recordIds":["wattlas-record-gemunit-g100000405142"],"sourceIds":["gem-global-integrated-power-tracker"],"sourceTypes":["research_verified"],"valueKind":"reported"},"totalUnitCount":1},"operatingCapacityMw":450.0,"operatingCapacityMwByTechnology":{"gas":450.0},"plannedCapacityCoverage":{"coveragePercent":0.0,"knownUnitCount":0,"method":"unavailable","totalUnitCount":0},"plannedCapacityMw":0.0,"plannedCapacityMwByTechnology":{},"recordCount":1,"recordIds":["wattlas-record-gemunit-g100000405142"],"sourceIds":["gem-global-integrated-power-tracker"],"sourceUrl":"https://www.gem.wiki/Be'er_Tuvia_power_station","technologies":["gas"],"technologyMixMw":{"gas":450.0},"unitCount":1,"unitIds":["gem-unit-G100000405142"]},"type":"Feature"},{"geometry":{"coordinates":[35.3644,31.0303],"type":"Point"},"id":"wattlas-plant-gemplant-l100000405465","properties":{"aliases":["1-1","Dead Sea Works power station"],"canonicalAnchor":"gemplant:L100000405465","canonicalCountryKey":"IL","capacityMw":230.0,"country":"IL","externalIds":{"gemPlant":"L100000405465","gemUnit":"G100000405099"},"gemWikiUrl":"https://www.gem.wiki/Dead_Sea_Works_power_station","geographyId":"IL-19161824B24193204184747","id":"wattlas-plant-gemplant-l100000405465","lifecycleCounts":{"operational":1},"locationPrecision":"exact","name":"Dead Sea Works power station","operatingCapacityCoverage":{"coveragePercent":100.0,"knownUnitCount":1,"method":"complete_unit_sum","provenance":{"evidenceCount":0,"recordIds":["wattlas-record-gemunit-g100000405099"],"sourceIds":["gem-global-integrated-power-tracker"],"sourceTypes":["research_verified"],"valueKind":"reported"},"totalUnitCount":1},"operatingCapacityMw":230.0,"operatingCapacityMwByTechnology":{"gas":230.0},"plannedCapacityCoverage":{"coveragePercent":0.0,"knownUnitCount":0,"method":"unavailable","totalUnitCount":0},"plannedCapacityMw":0.0,"plannedCapacityMwByTechnology":{},"recordCount":1,"recordIds":["wattlas-record-gemunit-g100000405099"],"sourceIds":["gem-global-integrated-power-tracker"],"sourceUrl":"https://www.gem.wiki/Dead_Sea_Works_power_station","technologies":["gas"],"technologyMixMw":{"gas":230.0},"unitCount":1,"unitIds":["gem-unit-G100000405099"]},"type":"Feature"},{"geometry":{"coordinates":[34.531124,31.635964],"type":"Point"},"id":"wattlas-plant-gemplant-l100000405466","properties":{"aliases":["1-1","2-1","Dorad power station","Expansion"],"canonicalAnchor":"gemplant:L100000405466","canonicalCountryKey":"IL","capacityMw":1510.0,"country":"IL","externalIdAliases":{"gemUnit":["G100000405100","G100000405101","G100000411586"]},"externalIds":{"gemPlant":"L100000405466","gemUnit":"G100000411586"},"gemWikiUrl":"https://www.gem.wiki/Dorad_power_station","geographyId":"IL-19161824B24193204184747","id":"wattlas-plant-gemplant-l100000405466","lifecycleCounts":{"operational":2,"under_construction":1},"locationPrecision":"exact","name":"Dorad power station","operatingCapacityCoverage":{"coveragePercent":100.0,"knownUnitCount":2,"method":"complete_unit_sum","provenance":{"evidenceCount":0,"recordIds":["wattlas-record-gemunit-g100000405100","wattlas-record-gemunit-g100000405101"],"sourceIds":["gem-global-integrated-power-tracker"],"sourceTypes":["research_verified"],"valueKind":"reported"},"totalUnitCount":2},"operatingCapacityMw":860.0,"operatingCapacityMwByTechnology":{"gas":860.0},"plannedCapacityCoverage":{"coveragePercent":100.0,"knownUnitCount":1,"method":"complete_unit_sum","provenance":{"evidenceCount":0,"recordIds":["wattlas-record-gemunit-g100000411586"],"sourceIds":["gem-global-integrated-power-tracker"],"sourceTypes":["research_verified"],"valueKind":"reported"},"totalUnitCount":1},"plannedCapacityMw":650.0,"plannedCapacityMwByTechnology":{"gas":650.0},"recordCount":3,"recordIds":["wattlas-record-gemunit-g100000405100","wattlas-record-gemunit-g100000405101","wattlas-record-gemunit-g100000411586"],"sourceIds":["gem-global-integrated-power-tracker"],"sourceUrl":"https://www.gem.wiki/Dorad_power_station","technologies":["gas"],"technologyMixMw":{"gas":1510.0},"unitCount":3,"unitIds":["gem-unit-G100000405100","gem-unit-G100000405101","gem-unit-G100000411586"]},"type":"Feature"},{"geometry":{"coordinates":[34.6551,31.8388],"type":"Point"},"id":"wattlas-plant-gemplant-l100000405467","properties":{"aliases":["A","Avshal power plant","B","C","CC","CC -Replacement of unit D","CC- Replacement of unit C","CC-Replacement of unit A","CC-Replacement of unit B","CC1","CC2","D","Eshkol power station"],"canonicalAnchor":"gemplant:L100000405467","canonicalCountryKey":"IL","capacityMw":2533.0,"country":"IL","externalIdAliases":{"gemUnit":["G100000405102","G100000405103","G100000405104","G100000405105","G100000405106","G100000410182","G100000412253","G100000412254","G100000412255","G100000412256","G100000412257","G100001052309"]},"externalIds":{"gemPlant":"L100000405467","gemUnit":"G100000405105"},"gemWikiUrl":"https://www.gem.wiki/Eshkol_power_station","geographyId":"IL-19161824B24193204184747","id":"wattlas-plant-gemplant-l100000405467","lifecycleCounts":{"announced":1,"operational":6,"paused":5},"locationPrecision":"exact","name":"Eshkol power station","operatingCapacityCoverage":{"coveragePercent":100.0,"knownUnitCount":6,"method":"complete_unit_sum","provenance":{"evidenceCount":0,"recordIds":["wattlas-record-gemunit-g100000405102","wattlas-record-gemunit-g100000405103","wattlas-record-gemunit-g100000405104","wattlas-record-gemunit-g100000405105","wattlas-record-gemunit-g100000405106","wattlas-record-gemunit-g100000410182"],"sourceIds":["gem-global-integrated-power-tracker"],"sourceTypes":["research_verified"],"valueKind":"reported"},"totalUnitCount":6},"operatingCapacityMw":1683.0,"operatingCapacityMwByTechnology":{"gas":1683.0},"plannedCapacityCoverage":{"coveragePercent":100.0,"knownUnitCount":1,"method":"complete_unit_sum","provenance":{"evidenceCount":0,"recordIds":["wattlas-record-gemunit-g100001052309"],"sourceIds":["gem-global-integrated-power-tracker"],"sourceTypes":["research_verified"],"valueKind":"reported"},"totalUnitCount":1},"plannedCapacityMw":850.0,"plannedCapacityMwByTechnology":{"gas":850.0},"recordCount":12,"recordIds":["wattlas-record-gemunit-g100000405102","wattlas-record-gemunit-g100000405103","wattlas-record-gemunit-g100000405104","wattlas-record-gemunit-g100000405105","wattlas-record-gemunit-g100000405106","wattlas-record-gemunit-g100000410182","wattlas-record-gemunit-g100000412253","wattlas-record-gemunit-g100000412254","wattlas-record-gemunit-g100000412255","wattlas-record-gemunit-g100000412256","wattlas-record-gemunit-g100000412257","wattlas-record-gemunit-g100001052309"],"sourceIds":["gem-global-integrated-power-tracker"],"sourceUrl":"https://www.gem.wiki/Eshkol_power_station","technologies":["gas"],"technologyMixMw":{"gas":2533.0},"unitCount":12,"unitIds":["gem-unit-G100000405102","gem-unit-G100000405103","gem-unit-G100000405104","gem-unit-G100000405105","gem-unit-G100000405106","gem-unit-G100000410182","gem-unit-G100000412253","gem-unit-G100000412254","gem-unit-G100000412255","gem-unit-G100000412256","gem-unit-G100000412257","gem-unit-G100001052309"]},"type":"Feature"},{"geometry":{"coordinates":[34.9188,31.9153],"type":"Point"},"id":"wattlas-plant-gemplant-l100000405468","properties":{"aliases":["CC3","CC4","GT11","GT12","GT21","GT22","Gezer power station"],"canonicalAnchor":"gemplant:L100000405468","canonicalCountryKey":"IL","capacityMw":1300.0,"country":"IL","externalIdAliases":{"gemUnit":["G100000405107","G100000405108","G100000405109","G100000405110","G100000405111","G100000405112"]},"externalIds":{"gemPlant":"L100000405468","gemUnit":"G100000405112"},"gemWikiUrl":"https://www.gem.wiki/Gezer_power_station","geographyId":"IL-19161824B470428506180","id":"wattlas-plant-gemplant-l100000405468","lifecycleCounts":{"operational":6},"locationPrecision":"exact","name":"Gezer power station","operatingCapacityCoverage":{"coveragePercent":100.0,"knownUnitCount":6,"method":"complete_unit_sum","provenance":{"evidenceCount":0,"recordIds":["wattlas-record-gemunit-g100000405107","wattlas-record-gemunit-g100000405108","wattlas-record-gemunit-g100000405109","wattlas-record-gemunit-g100000405110","wattlas-record-gemunit-g100000405111","wattlas-record-gemunit-g100000405112"],"sourceIds":["gem-global-integrated-power-tracker"],"sourceTypes":["research_verified"],"valueKind":"reported"},"totalUnitCount":6},"operatingCapacityMw":1300.0,"operatingCapacityMwByTechnology":{"gas":1300.0},"plannedCapacityCoverage":{"coveragePercent":0.0,"knownUnitCount":0,"method":"unavailable","totalUnitCount":0},"plannedCapacityMw":0.0,"plannedCapacityMwByTechnology":{},"recordCount":6,"recordIds":["wattlas-record-gemunit-g100000405107","wattlas-record-gemunit-g100000405108","wattlas-record-gemunit-g100000405109","wattlas-record-gemunit-g100000405110","wattlas-record-gemunit-g100000405111","wattlas-record-gemunit-g100000405112"],"sourceIds":["gem-global-integrated-power-tracker"],"sourceUrl":"https://www.gem.wiki/Gezer_power_station","technologies":["gas"],"technologyMixMw":{"gas":1300.0},"unitCount":6,"unitIds":["gem-unit-G100000405107","gem-unit-G100000405108","gem-unit-G100000405109","gem-unit-G100000405110","gem-unit-G100000405111","gem-unit-G100000405112"]},"type":"Feature"},{"geometry":{"coordinates":[34.913859,32.453057],"type":"Point"},"id":"wattlas-plant-gemplant-l100000405469","properties":{"aliases":["1-1","2-Expansion","Hadera OPC power station"],"canonicalAnchor":"gemplant:L100000405469","canonicalCountryKey":"IL","capacityMw":998.0,"country":"IL","externalIdAliases":{"gemUnit":["G100000405144","G100000409977"]},"externalIds":{"gemPlant":"L100000405469","gemUnit":"G100000409977"},"gemWikiUrl":"https://www.gem.wiki/Hadera_OPC_power_station","geographyId":"IL-19161824B12012272353046","id":"wattlas-plant-gemplant-l100000405469","lifecycleCounts":{"announced":1,"operational":1},"locationPrecision":"exact","name":"Hadera OPC power station","operatingCapacityCoverage":{"coveragePercent":100.0,"knownUnitCount":1,"method":"complete_unit_sum","provenance":{"evidenceCount":0,"recordIds":["wattlas-record-gemunit-g100000405144"],"sourceIds":["gem-global-integrated-power-tracker"],"sourceTypes":["research_verified"],"valueKind":"reported"},"totalUnitCount":1},"operatingCapacityMw":148.0,"operatingCapacityMwByTechnology":{"gas":148.0},"plannedCapacityCoverage":{"coveragePercent":100.0,"knownUnitCount":1,"method":"complete_unit_sum","provenance":{"evidenceCount":0,"recordIds":["wattlas-record-gemunit-g100000409977"],"sourceIds":["gem-global-integrated-power-tracker"],"sourceTypes":["research_verified"],"valueKind":"reported"},"totalUnitCount":1},"plannedCapacityMw":850.0,"plannedCapacityMwByTechnology":{"gas":850.0},"recordCount":2,"recordIds":["wattlas-record-gemunit-g100000405144","wattlas-record-gemunit-g100000409977"],"sourceIds":["gem-global-integrated-power-tracker"],"sourceUrl":"https://www.gem.wiki/Hadera_OPC_power_station","technologies":["gas"],"technologyMixMw":{"gas":998.0},"unitCount":2,"unitIds":["gem-unit-G100000405144","gem-unit-G100000409977"]},"type":"Feature"},{"geometry":{"coordinates":[35.0431,32.6172],"type":"Point"},"id":"wattlas-plant-gemplant-l100000405470","properties":{"aliases":["CC1","CC2","CC3","CT1","Hagit power station"],"canonicalAnchor":"gemplant:L100000405470","canonicalCountryKey":"IL","capacityMw":1402.0,"country":"IL","externalIdAliases":{"gemUnit":["G100000405113","G100000405114","G100000405115","G100000410180"]},"externalIds":{"gemPlant":"L100000405470","gemUnit":"G100000410180"},"gemWikiUrl":"https://www.gem.wiki/Hagit_power_station","geographyId":"IL-19161824B12012272353046","id":"wattlas-plant-gemplant-l100000405470","lifecycleCounts":{"operational":4},"locationPrecision":"exact","name":"Hagit power station","operatingCapacityCoverage":{"coveragePercent":100.0,"knownUnitCount":4,"method":"complete_unit_sum","provenance":{"evidenceCount":0,"recordIds":["wattlas-record-gemunit-g100000405113","wattlas-record-gemunit-g100000405114","wattlas-record-gemunit-g100000405115","wattlas-record-gemunit-g100000410180"],"sourceIds":["gem-global-integrated-power-tracker"],"sourceTypes":["research_verified"],"valueKind":"reported"},"totalUnitCount":4},"operatingCapacityMw":1402.0,"operatingCapacityMwByTechnology":{"gas":1402.0},"plannedCapacityCoverage":{"coveragePercent":0.0,"knownUnitCount":0,"method":"unavailable","totalUnitCount":0},"plannedCapacityMw":0.0,"plannedCapacityMwByTechnology":{},"recordCount":4,"recordIds":["wattlas-record-gemunit-g100000405113","wattlas-record-gemunit-g100000405114","wattlas-record-gemunit-g100000405115","wattlas-record-gemunit-g100000410180"],"sourceIds":["gem-global-integrated-power-tracker"],"sourceUrl":"https://www.gem.wiki/Hagit_power_station","technologies":["gas"],"technologyMixMw":{"gas":1402.0},"unitCount":4,"unitIds":["gem-unit-G100000405113","gem-unit-G100000405114","gem-unit-G100000405115","gem-unit-G100000410180"]},"type":"Feature"},{"geometry":{"coordinates":[35.019611,32.811807],"type":"Point"},"id":"wattlas-plant-gemplant-l100000405471","properties":{"aliases":["CC3","CC4","GT1","GT2","Haifa power station"],"canonicalAnchor":"gemplant:L100000405471","canonicalCountryKey":"IL","capacityMw":1022.0,"country":"IL","externalIdAliases":{"gemUnit":["G100000405116","G100000405117","G100000405118","G100000405119"]},"externalIds":{"gemPlant":"L100000405471","gemUnit":"G100000405119"},"gemWikiUrl":"https://www.gem.wiki/Haifa_power_station","geographyId":"IL-19161824B12012272353046","id":"wattlas-plant-gemplant-l100000405471","lifecycleCounts":{"operational":4},"locationPrecision":"exact","name":"Haifa power station","operatingCapacityCoverage":{"coveragePercent":100.0,"knownUnitCount":4,"method":"complete_unit_sum","provenance":{"evidenceCount":0,"recordIds":["wattlas-record-gemunit-g100000405116","wattlas-record-gemunit-g100000405117","wattlas-record-gemunit-g100000405118","wattlas-record-gemunit-g100000405119"],"sourceIds":["gem-global-integrated-power-tracker"],"sourceTypes":["research_verified"],"valueKind":"reported"},"totalUnitCount":4},"operatingCapacityMw":1022.0,"operatingCapacityMwByTechnology":{"gas":1022.0},"plannedCapacityCoverage":{"coveragePercent":0.0,"knownUnitCount":0,"method":"unavailable","totalUnitCount":0},"plannedCapacityMw":0.0,"plannedCapacityMwByTechnology":{},"recordCount":4,"recordIds":["wattlas-record-gemunit-g100000405116","wattlas-record-gemunit-g100000405117","wattlas-record-gemunit-g100000405118","wattlas-record-gemunit-g100000405119"],"sourceIds":["gem-global-integrated-power-tracker"],"sourceUrl":"https://www.gem.wiki/Haifa_power_station","technologies":["gas"],"technologyMixMw":{"gas":1022.0},"unitCount":4,"unitIds":["gem-unit-G100000405116","gem-unit-G100000405117","gem-unit-G100000405118","gem-unit-G100000405119"]},"type":"Feature"},{"geometry":{"coordinates":[34.8912,31.9138],"type":"Point"},"id":"wattlas-plant-gemplant-l100000405473","properties":{"aliases":["1-1","Nesher Ramla power station"],"canonicalAnchor":"gemplant:L100000405473","canonicalCountryKey":"IL","capacityMw":120.0,"country":"IL","externalIds":{"gemPlant":"L100000405473","gemUnit":"G100000405120"},"gemWikiUrl":"https://www.gem.wiki/Nesher_Ramla_power_station","geographyId":"IL-19161824B470428506180","id":"wattlas-plant-gemplant-l100000405473","lifecycleCounts":{"operational":1},"locationPrecision":"exact","name":"Nesher Ramla power station","operatingCapacityCoverage":{"coveragePercent":100.0,"knownUnitCount":1,"method":"complete_unit_sum","provenance":{"evidenceCount":0,"recordIds":["wattlas-record-gemunit-g100000405120"],"sourceIds":["gem-global-integrated-power-tracker"],"sourceTypes":["research_verified"],"valueKind":"reported"},"totalUnitCount":1},"operatingCapacityMw":120.0,"operatingCapacityMwByTechnology":{"gas":120.0},"plannedCapacityCoverage":{"coveragePercent":0.0,"knownUnitCount":0,"method":"unavailable","totalUnitCount":0},"plannedCapacityMw":0.0,"plannedCapacityMwByTechnology":{},"recordCount":1,"recordIds":["wattlas-record-gemunit-g100000405120"],"sourceIds":["gem-global-integrated-power-tracker"],"sourceUrl":"https://www.gem.wiki/Nesher_Ramla_power_station","technologies":["gas"],"technologyMixMw":{"gas":120.0},"unitCount":1,"unitIds":["gem-unit-G100000405120"]},"type":"Feature"},{"geometry":{"coordinates":[35.251222,32.687279],"type":"Point"},"id":"wattlas-plant-gemplant-l100000405475","properties":{"aliases":["1-1","Ramat Gabriel power station"],"canonicalAnchor":"gemplant:L100000405475","canonicalCountryKey":"IL","capacityMw":73.0,"country":"IL","externalIds":{"gemPlant":"L100000405475","gemUnit":"G100000405097"},"gemWikiUrl":"https://www.gem.wiki/Ramat_Gabriel_power_station","geographyId":"IL-19161824B91089536365577","id":"wattlas-plant-gemplant-l100000405475","lifecycleCounts":{"operational":1},"locationPrecision":"exact","name":"Ramat Gabriel power station","operatingCapacityCoverage":{"coveragePercent":100.0,"knownUnitCount":1,"method":"complete_unit_sum","provenance":{"evidenceCount":0,"recordIds":["wattlas-record-gemunit-g100000405097"],"sourceIds":["gem-global-integrated-power-tracker"],"sourceTypes":["research_verified"],"valueKind":"reported"},"totalUnitCount":1},"operatingCapacityMw":73.0,"operatingCapacityMwByTechnology":{"gas":73.0},"plannedCapacityCoverage":{"coveragePercent":0.0,"knownUnitCount":0,"method":"unavailable","totalUnitCount":0},"plannedCapacityMw":0.0,"plannedCapacityMwByTechnology":{},"recordCount":1,"recordIds":["wattlas-record-gemunit-g100000405097"],"sourceIds":["gem-global-integrated-power-tracker"],"sourceUrl":"https://www.gem.wiki/Ramat_Gabriel_power_station","technologies":["gas"],"technologyMixMw":{"gas":73.0},"unitCount":1,"unitIds":["gem-unit-G100000405097"]},"type":"Feature"},{"geometry":{"coordinates":[34.8146,31.1536],"type":"Point"},"id":"wattlas-plant-gemplant-l100000405476","properties":{"aliases":["1-1","2-1","6-1","7-1","CC1","CC2","Ramat Hovav power station"],"canonicalAnchor":"gemplant:L100000405476","canonicalCountryKey":"IL","capacityMw":1157.0,"country":"IL","externalIdAliases":{"gemUnit":["G100000405121","G100000405122","G100000405123","G100000405124","G100000405125","G100000410116"]},"externalIds":{"gemPlant":"L100000405476","gemUnit":"G100000410116"},"gemWikiUrl":"https://www.gem.wiki/Ramat_Hovav_power_station","geographyId":"IL-19161824B24193204184747","id":"wattlas-plant-gemplant-l100000405476","lifecycleCounts":{"operational":6},"locationPrecision":"exact","name":"Ramat Hovav power station","operatingCapacityCoverage":{"coveragePercent":100.0,"knownUnitCount":6,"method":"complete_unit_sum","provenance":{"evidenceCount":0,"recordIds":["wattlas-record-gemunit-g100000405121","wattlas-record-gemunit-g100000405122","wattlas-record-gemunit-g100000405123","wattlas-record-gemunit-g100000405124","wattlas-record-gemunit-g100000405125","wattlas-record-gemunit-g100000410116"],"sourceIds":["gem-global-integrated-power-tracker"],"sourceTypes":["research_verified"],"valueKind":"reported"},"totalUnitCount":6},"operatingCapacityMw":1157.0,"operatingCapacityMwByTechnology":{"gas":1157.0},"plannedCapacityCoverage":{"coveragePercent":0.0,"knownUnitCount":0,"method":"unavailable","totalUnitCount":0},"plannedCapacityMw":0.0,"plannedCapacityMwByTechnology":{},"recordCount":6,"recordIds":["wattlas-record-gemunit-g100000405121","wattlas-record-gemunit-g100000405122","wattlas-record-gemunit-g100000405123","wattlas-record-gemunit-g100000405124","wattlas-record-gemunit-g100000405125","wattlas-record-gemunit-g100000410116"],"sourceIds":["gem-global-integrated-power-tracker"],"sourceUrl":"https://www.gem.wiki/Ramat_Hovav_power_station","technologies":["gas"],"technologyMixMw":{"gas":1157.0},"unitCount":6,"unitIds":["gem-unit-G100000405121","gem-unit-G100000405122","gem-unit-G100000405123","gem-unit-G100000405124","gem-unit-G100000405125","gem-unit-G100000410116"]},"type":"Feature"},{"geometry":{"coordinates":[34.7895,31.1498],"type":"Point"},"id":"wattlas-plant-gemplant-l100000405477","properties":{"aliases":["1-1","Ramat Negev Energy power station"],"canonicalAnchor":"gemplant:L100000405477","canonicalCountryKey":"IL","capacityMw":120.0,"country":"IL","externalIds":{"gemPlant":"L100000405477","gemUnit":"G100000405126"},"gemWikiUrl":"https://www.gem.wiki/Ramat_Negev_Energy_power_station","geographyId":"IL-19161824B24193204184747","id":"wattlas-plant-gemplant-l100000405477","lifecycleCounts":{"operational":1},"locationPrecision":"exact","name":"Ramat Negev Energy power station","operatingCapacityCoverage":{"coveragePercent":100.0,"knownUnitCount":1,"method":"complete_unit_sum","provenance":{"evidenceCount":0,"recordIds":["wattlas-record-gemunit-g100000405126"],"sourceIds":["gem-global-integrated-power-tracker"],"sourceTypes":["research_verified"],"valueKind":"reported"},"totalUnitCount":1},"operatingCapacityMw":120.0,"operatingCapacityMwByTechnology":{"gas":120.0},"plannedCapacityCoverage":{"coveragePercent":0.0,"knownUnitCount":0,"method":"unavailable","totalUnitCount":0},"plannedCapacityMw":0.0,"plannedCapacityMwByTechnology":{},"recordCount":1,"recordIds":["wattlas-record-gemunit-g100000405126"],"sourceIds":["gem-global-integrated-power-tracker"],"sourceUrl":"https://www.gem.wiki/Ramat_Negev_Energy_power_station","technologies":["gas"],"technologyMixMw":{"gas":120.0},"unitCount":1,"unitIds":["gem-unit-G100000405126"]},"type":"Feature"},{"geometry":{"coordinates":[34.7785,32.1049],"type":"Point"},"id":"wattlas-plant-gemplant-l100000405478","properties":{"aliases":["1-1","2-1","Reading power station"],"canonicalAnchor":"gemplant:L100000405478","canonicalCountryKey":"IL","capacityMw":0.0,"country":"IL","externalIdAliases":{"gemUnit":["G100000405127","G100000405128"]},"externalIds":{"gemPlant":"L100000405478","gemUnit":"G100000405128"},"gemWikiUrl":"https://www.gem.wiki/Reading_power_station","geographyId":"IL-19161824B77983365125372","id":"wattlas-plant-gemplant-l100000405478","lifecycleCounts":{"cancelled":2},"locationPrecision":"exact","name":"Reading power station","operatingCapacityCoverage":{"coveragePercent":0.0,"knownUnitCount":0,"method":"unavailable","totalUnitCount":0},"operatingCapacityMw":0.0,"operatingCapacityMwByTechnology":{},"plannedCapacityCoverage":{"coveragePercent":0.0,"knownUnitCount":0,"method":"unavailable","totalUnitCount":0},"plannedCapacityMw":0.0,"plannedCapacityMwByTechnology":{},"recordCount":2,"recordIds":["wattlas-record-gemunit-g100000405127","wattlas-record-gemunit-g100000405128"],"sourceIds":["gem-global-integrated-power-tracker"],"sourceUrl":"https://www.gem.wiki/Reading_power_station","technologies":["gas"],"technologyMixMw":{"gas":0.0},"unitCount":2,"unitIds":["gem-unit-G100000405127","gem-unit-G100000405128"]},"type":"Feature"},{"geometry":{"coordinates":[35.175162,31.055076],"type":"Point"},"id":"wattlas-plant-gemplant-l100000405479","properties":{"aliases":["1-1","Rotem OPC power station"],"canonicalAnchor":"gemplant:L100000405479","canonicalCountryKey":"IL","capacityMw":466.0,"country":"IL","externalIds":{"gemPlant":"L100000405479","gemUnit":"G100000405143"},"gemWikiUrl":"https://www.gem.wiki/Rotem_OPC_power_station","geographyId":"IL-19161824B24193204184747","id":"wattlas-plant-gemplant-l100000405479","lifecycleCounts":{"operational":1},"locationPrecision":"exact","name":"Rotem OPC power station","operatingCapacityCoverage":{"coveragePercent":100.0,"knownUnitCount":1,"method":"complete_unit_sum","provenance":{"evidenceCount":0,"recordIds":["wattlas-record-gemunit-g100000405143"],"sourceIds":["gem-global-integrated-power-tracker"],"sourceTypes":["research_verified"],"valueKind":"reported"},"totalUnitCount":1},"operatingCapacityMw":466.0,"operatingCapacityMwByTechnology":{"gas":466.0},"plannedCapacityCoverage":{"coveragePercent":0.0,"knownUnitCount":0,"method":"unavailable","totalUnitCount":0},"plannedCapacityMw":0.0,"plannedCapacityMwByTechnology":{},"recordCount":1,"recordIds":["wattlas-record-gemunit-g100000405143"],"sourceIds":["gem-global-integrated-power-tracker"],"sourceUrl":"https://www.gem.wiki/Rotem_OPC_power_station","technologies":["gas"],"technologyMixMw":{"gas":466.0},"unitCount":1,"unitIds":["gem-unit-G100000405143"]},"type":"Feature"},{"geometry":{"coordinates":[34.8422,31.7148],"type":"Point"},"id":"wattlas-plant-gemplant-l100000405483","properties":{"aliases":["1-1","2-1","Tzafit (Dalia) power station"],"canonicalAnchor":"gemplant:L100000405483","canonicalCountryKey":"IL","capacityMw":900.0,"country":"IL","externalIdAliases":{"gemUnit":["G100000405133","G100000410018"]},"externalIds":{"gemPlant":"L100000405483","gemUnit":"G100000410018"},"gemWikiUrl":"https://www.gem.wiki/Tzafit_(Dalia)_power_station","geographyId":"IL-19161824B24193204184747","id":"wattlas-plant-gemplant-l100000405483","lifecycleCounts":{"operational":2},"locationPrecision":"exact","name":"Tzafit (Dalia) power station","operatingCapacityCoverage":{"coveragePercent":100.0,"knownUnitCount":2,"method":"complete_unit_sum","provenance":{"evidenceCount":0,"recordIds":["wattlas-record-gemunit-g100000405133","wattlas-record-gemunit-g100000410018"],"sourceIds":["gem-global-integrated-power-tracker"],"sourceTypes":["research_verified"],"valueKind":"reported"},"totalUnitCount":2},"operatingCapacityMw":900.0,"operatingCapacityMwByTechnology":{"gas":900.0},"plannedCapacityCoverage":{"coveragePercent":0.0,"knownUnitCount":0,"method":"unavailable","totalUnitCount":0},"plannedCapacityMw":0.0,"plannedCapacityMwByTechnology":{},"recordCount":2,"recordIds":["wattlas-record-gemunit-g100000405133","wattlas-record-gemunit-g100000410018"],"sourceIds":["gem-global-integrated-power-tracker"],"sourceUrl":"https://www.gem.wiki/Tzafit_(Dalia)_power_station","technologies":["gas"],"technologyMixMw":{"gas":900.0},"unitCount":2,"unitIds":["gem-unit-G100000405133","gem-unit-G100000410018"]},"type":"Feature"},{"geometry":{"coordinates":[34.8423,31.7123],"type":"Point"},"id":"wattlas-plant-gemplant-l100000405484","properties":{"aliases":["CC","GT1","GT2","Tzafit power station"],"canonicalAnchor":"gemplant:L100000405484","canonicalCountryKey":"IL","capacityMw":590.0,"country":"IL","externalIdAliases":{"gemUnit":["G100000405130","G100000405131","G100000405132"]},"externalIds":{"gemPlant":"L100000405484","gemUnit":"G100000405132"},"gemWikiUrl":"https://www.gem.wiki/Tzafit_power_station","geographyId":"IL-19161824B24193204184747","id":"wattlas-plant-gemplant-l100000405484","lifecycleCounts":{"operational":3},"locationPrecision":"exact","name":"Tzafit power station","operatingCapacityCoverage":{"coveragePercent":100.0,"knownUnitCount":3,"method":"complete_unit_sum","provenance":{"evidenceCount":0,"recordIds":["wattlas-record-gemunit-g100000405130","wattlas-record-gemunit-g100000405131","wattlas-record-gemunit-g100000405132"],"sourceIds":["gem-global-integrated-power-tracker"],"sourceTypes":["research_verified"],"valueKind":"reported"},"totalUnitCount":3},"operatingCapacityMw":590.0,"operatingCapacityMwByTechnology":{"gas":590.0},"plannedCapacityCoverage":{"coveragePercent":0.0,"knownUnitCount":0,"method":"unavailable","totalUnitCount":0},"plannedCapacityMw":0.0,"plannedCapacityMwByTechnology":{},"recordCount":3,"recordIds":["wattlas-record-gemunit-g100000405130","wattlas-record-gemunit-g100000405131","wattlas-record-gemunit-g100000405132"],"sourceIds":["gem-global-integrated-power-tracker"],"sourceUrl":"https://www.gem.wiki/Tzafit_power_station","technologies":["gas"],"technologyMixMw":{"gas":590.0},"unitCount":3,"unitIds":["gem-unit-G100000405130","gem-unit-G100000405131","gem-unit-G100000405132"]},"type":"Feature"},{"geometry":{"coordinates":[34.943218,32.11749],"type":"Point"},"id":"wattlas-plant-gemplant-l100000407700","properties":{"aliases":["1-1","Kesem Energy power"],"canonicalAnchor":"gemplant:L100000407700","canonicalCountryKey":"IL","capacityMw":780.0,"country":"IL","externalIds":{"gemPlant":"L100000407700","gemUnit":"G100000410118"},"gemWikiUrl":"https://www.gem.wiki/Kesem_Energy_power","geographyId":"IL-19161824B470428506180","id":"wattlas-plant-gemplant-l100000407700","lifecycleCounts":{"under_construction":1},"locationPrecision":"exact","name":"Kesem Energy power","operatingCapacityCoverage":{"coveragePercent":0.0,"knownUnitCount":0,"method":"unavailable","totalUnitCount":0},"operatingCapacityMw":0.0,"operatingCapacityMwByTechnology":{},"plannedCapacityCoverage":{"coveragePercent":100.0,"knownUnitCount":1,"method":"complete_unit_sum","provenance":{"evidenceCount":0,"recordIds":["wattlas-record-gemunit-g100000410118"],"sourceIds":["gem-global-integrated-power-tracker"],"sourceTypes":["research_verified"],"valueKind":"reported"},"totalUnitCount":1},"plannedCapacityMw":780.0,"plannedCapacityMwByTechnology":{"gas":780.0},"recordCount":1,"recordIds":["wattlas-record-gemunit-g100000410118"],"sourceIds":["gem-global-integrated-power-tracker"],"sourceUrl":"https://www.gem.wiki/Kesem_Energy_power","technologies":["gas"],"technologyMixMw":{"gas":780.0},"unitCount":1,"unitIds":["gem-unit-G100000410118"]},"type":"Feature"},{"geometry":{"coordinates":[34.659357,31.838429],"type":"Point"},"id":"wattlas-plant-gemplant-l100000407701","properties":{"aliases":["1-1","Etgal Ashdod power station"],"canonicalAnchor":"gemplant:L100000407701","canonicalCountryKey":"IL","capacityMw":186.0,"country":"IL","externalIds":{"gemPlant":"L100000407701","gemUnit":"G100000410119"},"gemWikiUrl":"https://www.gem.wiki/Etgal_Ashdod_power_station","geographyId":"IL-19161824B24193204184747","id":"wattlas-plant-gemplant-l100000407701","lifecycleCounts":{"operational":1},"locationPrecision":"exact","name":"Etgal Ashdod power station","operatingCapacityCoverage":{"coveragePercent":100.0,"knownUnitCount":1,"method":"complete_unit_sum","provenance":{"evidenceCount":0,"recordIds":["wattlas-record-gemunit-g100000410119"],"sourceIds":["gem-global-integrated-power-tracker"],"sourceTypes":["research_verified"],"valueKind":"reported"},"totalUnitCount":1},"operatingCapacityMw":186.0,"operatingCapacityMwByTechnology":{"gas":186.0},"plannedCapacityCoverage":{"coveragePercent":0.0,"knownUnitCount":0,"method":"unavailable","totalUnitCount":0},"plannedCapacityMw":0.0,"plannedCapacityMwByTechnology":{},"recordCount":1,"recordIds":["wattlas-record-gemunit-g100000410119"],"sourceIds":["gem-global-integrated-power-tracker"],"sourceUrl":"https://www.gem.wiki/Etgal_Ashdod_power_station","technologies":["gas"],"technologyMixMw":{"gas":186.0},"unitCount":1,"unitIds":["gem-unit-G100000410119"]},"type":"Feature"},{"geometry":{"coordinates":[34.779548,31.598338],"type":"Point"},"id":"wattlas-plant-gemplant-l100000407705","properties":{"aliases":["1-1","Kiryat Gat power plant"],"canonicalAnchor":"gemplant:L100000407705","canonicalCountryKey":"IL","capacityMw":73.0,"country":"IL","externalIds":{"gemPlant":"L100000407705","gemUnit":"G100000410117"},"gemWikiUrl":"https://www.gem.wiki/Kiryat_Gat_power_plant","geographyId":"IL-19161824B24193204184747","id":"wattlas-plant-gemplant-l100000407705","lifecycleCounts":{"operational":1},"locationPrecision":"exact","name":"Kiryat Gat power plant","operatingCapacityCoverage":{"coveragePercent":100.0,"knownUnitCount":1,"method":"complete_unit_sum","provenance":{"evidenceCount":0,"recordIds":["wattlas-record-gemunit-g100000410117"],"sourceIds":["gem-global-integrated-power-tracker"],"sourceTypes":["research_verified"],"valueKind":"reported"},"totalUnitCount":1},"operatingCapacityMw":73.0,"operatingCapacityMwByTechnology":{"gas":73.0},"plannedCapacityCoverage":{"coveragePercent":0.0,"knownUnitCount":0,"method":"unavailable","totalUnitCount":0},"plannedCapacityMw":0.0,"plannedCapacityMwByTechnology":{},"recordCount":1,"recordIds":["wattlas-record-gemunit-g100000410117"],"sourceIds":["gem-global-integrated-power-tracker"],"sourceUrl":"https://www.gem.wiki/Kiryat_Gat_power_plant","technologies":["gas"],"technologyMixMw":{"gas":73.0},"unitCount":1,"unitIds":["gem-unit-G100000410117"]},"type":"Feature"},{"geometry":{"coordinates":[35.4935,32.5083],"type":"Point"},"id":"wattlas-plant-gemplant-l100000602188","properties":{"aliases":["Kokhav Hayarden hydroelectric plant"],"canonicalAnchor":"gemplant:L100000602188","canonicalCountryKey":"IL","capacityMw":344.0,"country":"IL","externalIds":{"gemPlant":"L100000602188","gemUnit":"G100000602214"},"gemWikiUrl":"https://www.gem.wiki/Kokhav_Hayarden_hydroelectric_plant","geographyId":"IL-19161824B91089536365577","id":"wattlas-plant-gemplant-l100000602188","lifecycleCounts":{"operational":1},"locationPrecision":"exact","name":"Kokhav Hayarden hydroelectric plant","operatingCapacityCoverage":{"coveragePercent":100.0,"knownUnitCount":1,"method":"complete_unit_sum","provenance":{"evidenceCount":0,"recordIds":["wattlas-record-gemunit-g100000602214"],"sourceIds":["gem-global-integrated-power-tracker"],"sourceTypes":["research_verified"],"valueKind":"reported"},"totalUnitCount":1},"operatingCapacityMw":344.0,"operatingCapacityMwByTechnology":{"hydro":344.0},"plannedCapacityCoverage":{"coveragePercent":0.0,"knownUnitCount":0,"method":"unavailable","totalUnitCount":0},"plannedCapacityMw":0.0,"plannedCapacityMwByTechnology":{},"recordCount":1,"recordIds":["wattlas-record-gemunit-g100000602214"],"sourceIds":["gem-global-integrated-power-tracker"],"sourceUrl":"https://www.gem.wiki/Kokhav_Hayarden_hydroelectric_plant","technologies":["hydro"],"technologyMixMw":{"hydro":344.0},"unitCount":1,"unitIds":["gem-unit-G100000602214"]},"type":"Feature"},{"geometry":{"coordinates":[35.5555,33.1898],"type":"Point"},"id":"wattlas-plant-gemplant-l100000602189","properties":{"aliases":["Manara hydroelectric plant"],"canonicalAnchor":"gemplant:L100000602189","canonicalCountryKey":"IL","capacityMw":156.0,"country":"IL","externalIds":{"gemPlant":"L100000602189","gemUnit":"G100000602215"},"gemWikiUrl":"https://www.gem.wiki/Manara_hydroelectric_plant","geographyId":"IL-19161824B91089536365577","id":"wattlas-plant-gemplant-l100000602189","lifecycleCounts":{"under_construction":1},"locationPrecision":"exact","name":"Manara hydroelectric plant","operatingCapacityCoverage":{"coveragePercent":0.0,"knownUnitCount":0,"method":"unavailable","totalUnitCount":0},"operatingCapacityMw":0.0,"operatingCapacityMwByTechnology":{},"plannedCapacityCoverage":{"coveragePercent":100.0,"knownUnitCount":1,"method":"complete_unit_sum","provenance":{"evidenceCount":0,"recordIds":["wattlas-record-gemunit-g100000602215"],"sourceIds":["gem-global-integrated-power-tracker"],"sourceTypes":["research_verified"],"valueKind":"reported"},"totalUnitCount":1},"plannedCapacityMw":156.0,"plannedCapacityMwByTechnology":{"hydro":156.0},"recordCount":1,"recordIds":["wattlas-record-gemunit-g100000602215"],"sourceIds":["gem-global-integrated-power-tracker"],"sourceUrl":"https://www.gem.wiki/Manara_hydroelectric_plant","technologies":["hydro"],"technologyMixMw":{"hydro":156.0},"unitCount":1,"unitIds":["gem-unit-G100000602215"]},"type":"Feature"},{"geometry":{"coordinates":[35.4384,32.4781],"type":"Point"},"id":"wattlas-plant-gemplant-l100000602190","properties":{"aliases":["Mount Gilboa hydroelectric plant"],"canonicalAnchor":"gemplant:L100000602190","canonicalCountryKey":"IL","capacityMw":300.0,"country":"IL","externalIds":{"gemPlant":"L100000602190","gemUnit":"G100000602216"},"gemWikiUrl":"https://www.gem.wiki/Mount_Gilboa_hydroelectric_plant","geographyId":"IL-19161824B91089536365577","id":"wattlas-plant-gemplant-l100000602190","lifecycleCounts":{"operational":1},"locationPrecision":"exact","name":"Mount Gilboa hydroelectric plant","operatingCapacityCoverage":{"coveragePercent":100.0,"knownUnitCount":1,"method":"complete_unit_sum","provenance":{"evidenceCount":0,"recordIds":["wattlas-record-gemunit-g100000602216"],"sourceIds":["gem-global-integrated-power-tracker"],"sourceTypes":["research_verified"],"valueKind":"reported"},"totalUnitCount":1},"operatingCapacityMw":300.0,"operatingCapacityMwByTechnology":{"hydro":300.0},"plannedCapacityCoverage":{"coveragePercent":0.0,"knownUnitCount":0,"method":"unavailable","totalUnitCount":0},"plannedCapacityMw":0.0,"plannedCapacityMwByTechnology":{},"recordCount":1,"recordIds":["wattlas-record-gemunit-g100000602216"],"sourceIds":["gem-global-integrated-power-tracker"],"sourceUrl":"https://www.gem.wiki/Mount_Gilboa_hydroelectric_plant","technologies":["hydro"],"technologyMixMw":{"hydro":300.0},"unitCount":1,"unitIds":["gem-unit-G100000602216"]},"type":"Feature"},{"geometry":{"coordinates":[35.0595,29.9647],"type":"Point"},"id":"wattlas-plant-gemplant-l100000804049","properties":{"aliases":["--","Ketura Solar"],"canonicalAnchor":"gemplant:L100000804049","canonicalCountryKey":"IL","capacityMw":40.0,"country":"IL","externalIds":{"gemPlant":"L100000804049","gemUnit":"G100000804622"},"gemWikiUrl":"https://www.gem.wiki/Ketura_Solar","geographyId":"IL-19161824B24193204184747","id":"wattlas-plant-gemplant-l100000804049","lifecycleCounts":{"operational":1},"locationPrecision":"exact","name":"Ketura Solar","operatingCapacityCoverage":{"coveragePercent":100.0,"knownUnitCount":1,"method":"complete_unit_sum","provenance":{"evidenceCount":0,"recordIds":["wattlas-record-gemunit-g100000804622"],"sourceIds":["gem-global-integrated-power-tracker"],"sourceTypes":["research_verified"],"valueKind":"reported"},"totalUnitCount":1},"operatingCapacityMw":40.0,"operatingCapacityMwByTechnology":{"solar":40.0},"plannedCapacityCoverage":{"coveragePercent":0.0,"knownUnitCount":0,"method":"unavailable","totalUnitCount":0},"plannedCapacityMw":0.0,"plannedCapacityMwByTechnology":{},"recordCount":1,"recordIds":["wattlas-record-gemunit-g100000804622"],"sourceIds":["gem-global-integrated-power-tracker"],"sourceUrl":"https://www.gem.wiki/Ketura_Solar","technologies":["solar"],"technologyMixMw":{"solar":40.0},"unitCount":1,"unitIds":["gem-unit-G100000804622"]},"type":"Feature"},{"geometry":{"coordinates":[34.7594,31.0119],"type":"Point"},"id":"wattlas-plant-gemplant-l100000804056","properties":{"aliases":["--","Mashabai Sadeh solar farm"],"canonicalAnchor":"gemplant:L100000804056","canonicalCountryKey":"IL","capacityMw":60.0,"country":"IL","externalIds":{"gemPlant":"L100000804056","gemUnit":"G100000804633"},"gemWikiUrl":"https://www.gem.wiki/Mashabai_Sadeh_solar_farm","geographyId":"IL-19161824B24193204184747","id":"wattlas-plant-gemplant-l100000804056","lifecycleCounts":{"operational":1},"locationPrecision":"exact","name":"Mashabai Sadeh solar farm","operatingCapacityCoverage":{"coveragePercent":100.0,"knownUnitCount":1,"method":"complete_unit_sum","provenance":{"evidenceCount":0,"recordIds":["wattlas-record-gemunit-g100000804633"],"sourceIds":["gem-global-integrated-power-tracker"],"sourceTypes":["research_verified"],"valueKind":"reported"},"totalUnitCount":1},"operatingCapacityMw":60.0,"operatingCapacityMwByTechnology":{"solar":60.0},"plannedCapacityCoverage":{"coveragePercent":0.0,"knownUnitCount":0,"method":"unavailable","totalUnitCount":0},"plannedCapacityMw":0.0,"plannedCapacityMwByTechnology":{},"recordCount":1,"recordIds":["wattlas-record-gemunit-g100000804633"],"sourceIds":["gem-global-integrated-power-tracker"],"sourceUrl":"https://www.gem.wiki/Mashabai_Sadeh_solar_farm","technologies":["solar"],"technologyMixMw":{"solar":60.0},"unitCount":1,"unitIds":["gem-unit-G100000804633"]},"type":"Feature"},{"geometry":{"coordinates":[34.7099,31.2468],"type":"Point"},"id":"wattlas-plant-gemplant-l100000804057","properties":{"aliases":["--","Zmorot solar farm"],"canonicalAnchor":"gemplant:L100000804057","canonicalCountryKey":"IL","capacityMw":50.0,"country":"IL","externalIds":{"gemPlant":"L100000804057","gemUnit":"G100000804634"},"gemWikiUrl":"https://www.gem.wiki/Zmorot_solar_farm","geographyId":"IL-19161824B24193204184747","id":"wattlas-plant-gemplant-l100000804057","lifecycleCounts":{"operational":1},"locationPrecision":"exact","name":"Zmorot solar farm","operatingCapacityCoverage":{"coveragePercent":100.0,"knownUnitCount":1,"method":"complete_unit_sum","provenance":{"evidenceCount":0,"recordIds":["wattlas-record-gemunit-g100000804634"],"sourceIds":["gem-global-integrated-power-tracker"],"sourceTypes":["research_verified"],"valueKind":"reported"},"totalUnitCount":1},"operatingCapacityMw":50.0,"operatingCapacityMwByTechnology":{"solar":50.0},"plannedCapacityCoverage":{"coveragePercent":0.0,"knownUnitCount":0,"method":"unavailable","totalUnitCount":0},"plannedCapacityMw":0.0,"plannedCapacityMwByTechnology":{},"recordCount":1,"recordIds":["wattlas-record-gemunit-g100000804634"],"sourceIds":["gem-global-integrated-power-tracker"],"sourceUrl":"https://www.gem.wiki/Zmorot_solar_farm","technologies":["solar"],"technologyMixMw":{"solar":50.0},"unitCount":1,"unitIds":["gem-unit-G100000804634"]},"type":"Feature"},{"geometry":{"coordinates":[34.7548,31.1469],"type":"Point"},"id":"wattlas-plant-gemplant-l100000804117","properties":{"aliases":["--","Neot Hovav solar farm"],"canonicalAnchor":"gemplant:L100000804117","canonicalCountryKey":"IL","capacityMw":38.0,"country":"IL","externalIds":{"gemPlant":"L100000804117","gemUnit":"G100000804709"},"gemWikiUrl":"https://www.gem.wiki/Neot_Hovav_solar_farm","geographyId":"IL-19161824B24193204184747","id":"wattlas-plant-gemplant-l100000804117","lifecycleCounts":{"operational":1},"locationPrecision":"exact","name":"Neot Hovav solar farm","operatingCapacityCoverage":{"coveragePercent":100.0,"knownUnitCount":1,"method":"complete_unit_sum","provenance":{"evidenceCount":0,"recordIds":["wattlas-record-gemunit-g100000804709"],"sourceIds":["gem-global-integrated-power-tracker"],"sourceTypes":["research_verified"],"valueKind":"reported"},"totalUnitCount":1},"operatingCapacityMw":38.0,"operatingCapacityMwByTechnology":{"solar":38.0},"plannedCapacityCoverage":{"coveragePercent":0.0,"knownUnitCount":0,"method":"unavailable","totalUnitCount":0},"plannedCapacityMw":0.0,"plannedCapacityMwByTechnology":{},"recordCount":1,"recordIds":["wattlas-record-gemunit-g100000804709"],"sourceIds":["gem-global-integrated-power-tracker"],"sourceUrl":"https://www.gem.wiki/Neot_Hovav_solar_farm","technologies":["solar"],"technologyMixMw":{"solar":38.0},"unitCount":1,"unitIds":["gem-unit-G100000804709"]},"type":"Feature"},{"geometry":{"coordinates":[34.4556,31.2404],"type":"Point"},"id":"wattlas-plant-gemplant-l100000804118","properties":{"aliases":["1.0","Halutziot solar farm","RP1","RP2"],"canonicalAnchor":"gemplant:L100000804118","canonicalCountryKey":"IL","capacityMw":87.0,"country":"IL","externalIdAliases":{"gemUnit":["G100000804710","G100000811433","G100001020657"]},"externalIds":{"gemPlant":"L100000804118","gemUnit":"G100001020657"},"gemWikiUrl":"https://www.gem.wiki/Halutziot_solar_farm","geographyId":"IL-19161824B24193204184747","id":"wattlas-plant-gemplant-l100000804118","lifecycleCounts":{"cancelled":1,"operational":2},"locationPrecision":"exact","name":"Halutziot solar farm","operatingCapacityCoverage":{"coveragePercent":100.0,"knownUnitCount":2,"method":"complete_unit_sum","provenance":{"evidenceCount":0,"recordIds":["wattlas-record-gemunit-g100000811433","wattlas-record-gemunit-g100001020657"],"sourceIds":["gem-global-integrated-power-tracker"],"sourceTypes":["research_verified"],"valueKind":"reported"},"totalUnitCount":2},"operatingCapacityMw":87.0,"operatingCapacityMwByTechnology":{"solar":87.0},"plannedCapacityCoverage":{"coveragePercent":0.0,"knownUnitCount":0,"method":"unavailable","totalUnitCount":0},"plannedCapacityMw":0.0,"plannedCapacityMwByTechnology":{},"recordCount":3,"recordIds":["wattlas-record-gemunit-g100000804710","wattlas-record-gemunit-g100000811433","wattlas-record-gemunit-g100001020657"],"sourceIds":["gem-global-integrated-power-tracker"],"sourceUrl":"https://www.gem.wiki/Halutziot_solar_farm","technologies":["solar"],"technologyMixMw":{"solar":87.0},"unitCount":3,"unitIds":["gem-unit-G100000804710","gem-unit-G100000811433","gem-unit-G100001020657"]},"type":"Feature"},{"geometry":{"coordinates":[34.7213,30.9631],"type":"Point"},"id":"wattlas-plant-gemplant-l100000809104","properties":{"aliases":["1.0","Ashalim Megalim solar farm"],"canonicalAnchor":"gemplant:L100000809104","canonicalCountryKey":"IL","capacityMw":121.0,"country":"IL","externalIds":{"gemPlant":"L100000809104","gemUnit":"G100000811428"},"gemWikiUrl":"https://www.gem.wiki/Ashalim_Megalim_solar_farm","geographyId":"IL-19161824B24193204184747","id":"wattlas-plant-gemplant-l100000809104","lifecycleCounts":{"operational":1},"locationPrecision":"exact","name":"Ashalim Megalim solar farm","operatingCapacityCoverage":{"coveragePercent":100.0,"knownUnitCount":1,"method":"complete_unit_sum","provenance":{"evidenceCount":0,"recordIds":["wattlas-record-gemunit-g100000811428"],"sourceIds":["gem-global-integrated-power-tracker"],"sourceTypes":["research_verified"],"valueKind":"reported"},"totalUnitCount":1},"operatingCapacityMw":121.0,"operatingCapacityMwByTechnology":{"solar":121.0},"plannedCapacityCoverage":{"coveragePercent":0.0,"knownUnitCount":0,"method":"unavailable","totalUnitCount":0},"plannedCapacityMw":0.0,"plannedCapacityMwByTechnology":{},"recordCount":1,"recordIds":["wattlas-record-gemunit-g100000811428"],"sourceIds":["gem-global-integrated-power-tracker"],"sourceUrl":"https://www.gem.wiki/Ashalim_Megalim_solar_farm","technologies":["solar"],"technologyMixMw":{"solar":121.0},"unitCount":1,"unitIds":["gem-unit-G100000811428"]},"type":"Feature"},{"geometry":{"coordinates":[34.6823,30.963],"type":"Point"},"id":"wattlas-plant-gemplant-l100000809105","properties":{"aliases":["1.0","Ashalim Negev solar farm"],"canonicalAnchor":"gemplant:L100000809105","canonicalCountryKey":"IL","capacityMw":110.0,"country":"IL","externalIds":{"gemPlant":"L100000809105","gemUnit":"G100000811429"},"gemWikiUrl":"https://www.gem.wiki/Ashalim_Negev_solar_farm","geographyId":"IL-19161824B24193204184747","id":"wattlas-plant-gemplant-l100000809105","lifecycleCounts":{"operational":1},"locationPrecision":"exact","name":"Ashalim Negev solar farm","operatingCapacityCoverage":{"coveragePercent":100.0,"knownUnitCount":1,"method":"complete_unit_sum","provenance":{"evidenceCount":0,"recordIds":["wattlas-record-gemunit-g100000811429"],"sourceIds":["gem-global-integrated-power-tracker"],"sourceTypes":["research_verified"],"valueKind":"reported"},"totalUnitCount":1},"operatingCapacityMw":110.0,"operatingCapacityMwByTechnology":{"solar":110.0},"plannedCapacityCoverage":{"coveragePercent":0.0,"knownUnitCount":0,"method":"unavailable","totalUnitCount":0},"plannedCapacityMw":0.0,"plannedCapacityMwByTechnology":{},"recordCount":1,"recordIds":["wattlas-record-gemunit-g100000811429"],"sourceIds":["gem-global-integrated-power-tracker"],"sourceUrl":"https://www.gem.wiki/Ashalim_Negev_solar_farm","technologies":["solar"],"technologyMixMw":{"solar":110.0},"unitCount":1,"unitIds":["gem-unit-G100000811429"]},"type":"Feature"},{"geometry":{"coordinates":[34.6645,30.9611],"type":"Point"},"id":"wattlas-plant-gemplant-l100000809106","properties":{"aliases":["1.0","2.0","Ashalim PV solar farm"],"canonicalAnchor":"gemplant:L100000809106","canonicalCountryKey":"IL","capacityMw":77.0,"country":"IL","externalIdAliases":{"gemUnit":["G100000811430","G100000811431"]},"externalIds":{"gemPlant":"L100000809106","gemUnit":"G100000811431"},"gemWikiUrl":"https://www.gem.wiki/Ashalim_PV_solar_farm","geographyId":"IL-19161824B24193204184747","id":"wattlas-plant-gemplant-l100000809106","lifecycleCounts":{"operational":2},"locationPrecision":"exact","name":"Ashalim PV solar farm","operatingCapacityCoverage":{"coveragePercent":100.0,"knownUnitCount":2,"method":"complete_unit_sum","provenance":{"evidenceCount":0,"recordIds":["wattlas-record-gemunit-g100000811430","wattlas-record-gemunit-g100000811431"],"sourceIds":["gem-global-integrated-power-tracker"],"sourceTypes":["research_verified"],"valueKind":"reported"},"totalUnitCount":2},"operatingCapacityMw":77.0,"operatingCapacityMwByTechnology":{"solar":77.0},"plannedCapacityCoverage":{"coveragePercent":0.0,"knownUnitCount":0,"method":"unavailable","totalUnitCount":0},"plannedCapacityMw":0.0,"plannedCapacityMwByTechnology":{},"recordCount":2,"recordIds":["wattlas-record-gemunit-g100000811430","wattlas-record-gemunit-g100000811431"],"sourceIds":["gem-global-integrated-power-tracker"],"sourceUrl":"https://www.gem.wiki/Ashalim_PV_solar_farm","technologies":["solar"],"technologyMixMw":{"solar":77.0},"unitCount":2,"unitIds":["gem-unit-G100000811430","gem-unit-G100000811431"]},"type":"Feature"},{"geometry":{"coordinates":[34.6003,31.505],"type":"Point"},"id":"wattlas-plant-gemplant-l100000809107","properties":{"aliases":["--","Gevim solar farm"],"canonicalAnchor":"gemplant:L100000809107","canonicalCountryKey":"IL","capacityMw":27.0,"country":"IL","externalIds":{"gemPlant":"L100000809107","gemUnit":"G100000811432"},"gemWikiUrl":"https://www.gem.wiki/Gevim_solar_farm","geographyId":"IL-19161824B24193204184747","id":"wattlas-plant-gemplant-l100000809107","lifecycleCounts":{"operational":1},"locationPrecision":"exact","name":"Gevim solar farm","operatingCapacityCoverage":{"coveragePercent":100.0,"knownUnitCount":1,"method":"complete_unit_sum","provenance":{"evidenceCount":0,"recordIds":["wattlas-record-gemunit-g100000811432"],"sourceIds":["gem-global-integrated-power-tracker"],"sourceTypes":["research_verified"],"valueKind":"reported"},"totalUnitCount":1},"operatingCapacityMw":27.0,"operatingCapacityMwByTechnology":{"solar":27.0},"plannedCapacityCoverage":{"coveragePercent":0.0,"knownUnitCount":0,"method":"unavailable","totalUnitCount":0},"plannedCapacityMw":0.0,"plannedCapacityMwByTechnology":{},"recordCount":1,"recordIds":["wattlas-record-gemunit-g100000811432"],"sourceIds":["gem-global-integrated-power-tracker"],"sourceUrl":"https://www.gem.wiki/Gevim_solar_farm","technologies":["solar"],"technologyMixMw":{"solar":27.0},"unitCount":1,"unitIds":["gem-unit-G100000811432"]},"type":"Feature"},{"geometry":{"coordinates":[35.1384,31.2643],"type":"Point"},"id":"wattlas-plant-gemplant-l100000830316","properties":{"aliases":["1.0","2.0","3.0","Arad Valley solar farm"],"canonicalAnchor":"gemplant:L100000830316","canonicalCountryKey":"IL","capacityMw":82.0,"country":"IL","externalIdAliases":{"gemUnit":["G100000834167","G100001020636","G100001020637"]},"externalIds":{"gemPlant":"L100000830316","gemUnit":"G100001020637"},"gemWikiUrl":"https://www.gem.wiki/Arad_Valley_solar_farm","geographyId":"IL-19161824B24193204184747","id":"wattlas-plant-gemplant-l100000830316","lifecycleCounts":{"operational":3},"locationPrecision":"exact","name":"Arad Valley solar farm","operatingCapacityCoverage":{"coveragePercent":100.0,"knownUnitCount":3,"method":"complete_unit_sum","provenance":{"evidenceCount":0,"recordIds":["wattlas-record-gemunit-g100000834167","wattlas-record-gemunit-g100001020636","wattlas-record-gemunit-g100001020637"],"sourceIds":["gem-global-integrated-power-tracker"],"sourceTypes":["research_verified"],"valueKind":"reported"},"totalUnitCount":3},"operatingCapacityMw":82.0,"operatingCapacityMwByTechnology":{"solar":82.0},"plannedCapacityCoverage":{"coveragePercent":0.0,"knownUnitCount":0,"method":"unavailable","totalUnitCount":0},"plannedCapacityMw":0.0,"plannedCapacityMwByTechnology":{},"recordCount":3,"recordIds":["wattlas-record-gemunit-g100000834167","wattlas-record-gemunit-g100001020636","wattlas-record-gemunit-g100001020637"],"sourceIds":["gem-global-integrated-power-tracker"],"sourceUrl":"https://www.gem.wiki/Arad_Valley_solar_farm","technologies":["solar"],"technologyMixMw":{"solar":82.0},"unitCount":3,"unitIds":["gem-unit-G100000834167","gem-unit-G100001020636","gem-unit-G100001020637"]},"type":"Feature"},{"geometry":{"coordinates":[34.74,31.7017],"type":"Point"},"id":"wattlas-plant-gemplant-l100000830317","properties":{"aliases":["--","Avigdor solar project"],"canonicalAnchor":"gemplant:L100000830317","canonicalCountryKey":"IL","capacityMw":6.1,"country":"IL","externalIds":{"gemPlant":"L100000830317","gemUnit":"G100000834168"},"gemWikiUrl":"https://www.gem.wiki/Avigdor_solar_project","geographyId":"IL-19161824B24193204184747","id":"wattlas-plant-gemplant-l100000830317","lifecycleCounts":{"operational":1},"locationPrecision":"exact","name":"Avigdor solar project","operatingCapacityCoverage":{"coveragePercent":100.0,"knownUnitCount":1,"method":"complete_unit_sum","provenance":{"evidenceCount":0,"recordIds":["wattlas-record-gemunit-g100000834168"],"sourceIds":["gem-global-integrated-power-tracker"],"sourceTypes":["research_verified"],"valueKind":"reported"},"totalUnitCount":1},"operatingCapacityMw":6.1,"operatingCapacityMwByTechnology":{"solar":6.1},"plannedCapacityCoverage":{"coveragePercent":0.0,"knownUnitCount":0,"method":"unavailable","totalUnitCount":0},"plannedCapacityMw":0.0,"plannedCapacityMwByTechnology":{},"recordCount":1,"recordIds":["wattlas-record-gemunit-g100000834168"],"sourceIds":["gem-global-integrated-power-tracker"],"sourceUrl":"https://www.gem.wiki/Avigdor_solar_project","technologies":["solar"],"technologyMixMw":{"solar":6.1},"unitCount":1,"unitIds":["gem-unit-G100000834168"]},"type":"Feature"},{"geometry":{"coordinates":[35.1453,32.9675],"type":"Point"},"id":"wattlas-plant-gemplant-l100000830319","properties":{"aliases":["--","Beit Haemek solar project"],"canonicalAnchor":"gemplant:L100000830319","canonicalCountryKey":"IL","capacityMw":5.8,"country":"IL","externalIds":{"gemPlant":"L100000830319","gemUnit":"G100000834170"},"gemWikiUrl":"https://www.gem.wiki/Beit_Haemek_solar_project","geographyId":"IL-19161824B91089536365577","id":"wattlas-plant-gemplant-l100000830319","lifecycleCounts":{"operational":1},"locationPrecision":"exact","name":"Beit Haemek solar project","operatingCapacityCoverage":{"coveragePercent":100.0,"knownUnitCount":1,"method":"complete_unit_sum","provenance":{"evidenceCount":0,"recordIds":["wattlas-record-gemunit-g100000834170"],"sourceIds":["gem-global-integrated-power-tracker"],"sourceTypes":["research_verified"],"valueKind":"reported"},"totalUnitCount":1},"operatingCapacityMw":5.8,"operatingCapacityMwByTechnology":{"solar":5.8},"plannedCapacityCoverage":{"coveragePercent":0.0,"knownUnitCount":0,"method":"unavailable","totalUnitCount":0},"plannedCapacityMw":0.0,"plannedCapacityMwByTechnology":{},"recordCount":1,"recordIds":["wattlas-record-gemunit-g100000834170"],"sourceIds":["gem-global-integrated-power-tracker"],"sourceUrl":"https://www.gem.wiki/Beit_Haemek_solar_project","technologies":["solar"],"technologyMixMw":{"solar":5.8},"unitCount":1,"unitIds":["gem-unit-G100000834170"]},"type":"Feature"},{"geometry":{"coordinates":[35.4416,32.5486],"type":"Point"},"id":"wattlas-plant-gemplant-l100000830320","properties":{"aliases":["--","Beit HaShita A solar project"],"canonicalAnchor":"gemplant:L100000830320","canonicalCountryKey":"IL","capacityMw":5.2,"country":"IL","externalIds":{"gemPlant":"L100000830320","gemUnit":"G100000834171"},"gemWikiUrl":"https://www.gem.wiki/Beit_HaShita_A_solar_project","geographyId":"IL-19161824B91089536365577","id":"wattlas-plant-gemplant-l100000830320","lifecycleCounts":{"operational":1},"locationPrecision":"exact","name":"Beit HaShita A solar project","operatingCapacityCoverage":{"coveragePercent":100.0,"knownUnitCount":1,"method":"complete_unit_sum","provenance":{"evidenceCount":0,"recordIds":["wattlas-record-gemunit-g100000834171"],"sourceIds":["gem-global-integrated-power-tracker"],"sourceTypes":["research_verified"],"valueKind":"reported"},"totalUnitCount":1},"operatingCapacityMw":5.2,"operatingCapacityMwByTechnology":{"solar":5.2},"plannedCapacityCoverage":{"coveragePercent":0.0,"knownUnitCount":0,"method":"unavailable","totalUnitCount":0},"plannedCapacityMw":0.0,"plannedCapacityMwByTechnology":{},"recordCount":1,"recordIds":["wattlas-record-gemunit-g100000834171"],"sourceIds":["gem-global-integrated-power-tracker"],"sourceUrl":"https://www.gem.wiki/Beit_HaShita_A_solar_project","technologies":["solar"],"technologyMixMw":{"solar":5.2},"unitCount":1,"unitIds":["gem-unit-G100000834171"]},"type":"Feature"},{"geometry":{"coordinates":[35.1693,32.687],"type":"Point"},"id":"wattlas-plant-gemplant-l100000830321","properties":{"aliases":["--","Beit She'arim solar project"],"canonicalAnchor":"gemplant:L100000830321","canonicalCountryKey":"IL","capacityMw":4.2,"country":"IL","externalIds":{"gemPlant":"L100000830321","gemUnit":"G100000834172"},"gemWikiUrl":"https://www.gem.wiki/Beit_She'arim_solar_project","geographyId":"IL-19161824B91089536365577","id":"wattlas-plant-gemplant-l100000830321","lifecycleCounts":{"operational":1},"locationPrecision":"exact","name":"Beit She'arim solar project","operatingCapacityCoverage":{"coveragePercent":100.0,"knownUnitCount":1,"method":"complete_unit_sum","provenance":{"evidenceCount":0,"recordIds":["wattlas-record-gemunit-g100000834172"],"sourceIds":["gem-global-integrated-power-tracker"],"sourceTypes":["research_verified"],"valueKind":"reported"},"totalUnitCount":1},"operatingCapacityMw":4.2,"operatingCapacityMwByTechnology":{"solar":4.2},"plannedCapacityCoverage":{"coveragePercent":0.0,"knownUnitCount":0,"method":"unavailable","totalUnitCount":0},"plannedCapacityMw":0.0,"plannedCapacityMwByTechnology":{},"recordCount":1,"recordIds":["wattlas-record-gemunit-g100000834172"],"sourceIds":["gem-global-integrated-power-tracker"],"sourceUrl":"https://www.gem.wiki/Beit_She'arim_solar_project","technologies":["solar"],"technologyMixMw":{"solar":4.2},"unitCount":1,"unitIds":["gem-unit-G100000834172"]},"type":"Feature"},{"geometry":{"coordinates":[34.6159,31.6336],"type":"Point"},"id":"wattlas-plant-gemplant-l100000830322","properties":{"aliases":["--","Beit Shikma A solar project"],"canonicalAnchor":"gemplant:L100000830322","canonicalCountryKey":"IL","capacityMw":13.2,"country":"IL","externalIds":{"gemPlant":"L100000830322","gemUnit":"G100000834173"},"gemWikiUrl":"https://www.gem.wiki/Beit_Shikma_A_solar_project","geographyId":"IL-19161824B24193204184747","id":"wattlas-plant-gemplant-l100000830322","lifecycleCounts":{"operational":1},"locationPrecision":"exact","name":"Beit Shikma A solar project","operatingCapacityCoverage":{"coveragePercent":100.0,"knownUnitCount":1,"method":"complete_unit_sum","provenance":{"evidenceCount":0,"recordIds":["wattlas-record-gemunit-g100000834173"],"sourceIds":["gem-global-integrated-power-tracker"],"sourceTypes":["research_verified"],"valueKind":"reported"},"totalUnitCount":1},"operatingCapacityMw":13.2,"operatingCapacityMwByTechnology":{"solar":13.2},"plannedCapacityCoverage":{"coveragePercent":0.0,"knownUnitCount":0,"method":"unavailable","totalUnitCount":0},"plannedCapacityMw":0.0,"plannedCapacityMwByTechnology":{},"recordCount":1,"recordIds":["wattlas-record-gemunit-g100000834173"],"sourceIds":["gem-global-integrated-power-tracker"],"sourceUrl":"https://www.gem.wiki/Beit_Shikma_A_solar_project","technologies":["solar"],"technologyMixMw":{"solar":13.2},"unitCount":1,"unitIds":["gem-unit-G100000834173"]},"type":"Feature"},{"geometry":{"coordinates":[34.6249,31.6423],"type":"Point"},"id":"wattlas-plant-gemplant-l100000830323","properties":{"aliases":["--","Beit Shikma B solar project"],"canonicalAnchor":"gemplant:L100000830323","canonicalCountryKey":"IL","capacityMw":7.6,"country":"IL","externalIds":{"gemPlant":"L100000830323","gemUnit":"G100000834174"},"gemWikiUrl":"https://www.gem.wiki/Beit_Shikma_B_solar_project","geographyId":"IL-19161824B24193204184747","id":"wattlas-plant-gemplant-l100000830323","lifecycleCounts":{"operational":1},"locationPrecision":"exact","name":"Beit Shikma B solar project","operatingCapacityCoverage":{"coveragePercent":100.0,"knownUnitCount":1,"method":"complete_unit_sum","provenance":{"evidenceCount":0,"recordIds":["wattlas-record-gemunit-g100000834174"],"sourceIds":["gem-global-integrated-power-tracker"],"sourceTypes":["research_verified"],"valueKind":"reported"},"totalUnitCount":1},"operatingCapacityMw":7.6,"operatingCapacityMwByTechnology":{"solar":7.6},"plannedCapacityCoverage":{"coveragePercent":0.0,"knownUnitCount":0,"method":"unavailable","totalUnitCount":0},"plannedCapacityMw":0.0,"plannedCapacityMwByTechnology":{},"recordCount":1,"recordIds":["wattlas-record-gemunit-g100000834174"],"sourceIds":["gem-global-integrated-power-tracker"],"sourceUrl":"https://www.gem.wiki/Beit_Shikma_B_solar_project","technologies":["solar"],"technologyMixMw":{"solar":7.6},"unitCount":1,"unitIds":["gem-unit-G100000834174"]},"type":"Feature"},{"geometry":{"coordinates":[34.6531,31.5556],"type":"Point"},"id":"wattlas-plant-gemplant-l100000830326","properties":{"aliases":["--","Bror Hayil solar project"],"canonicalAnchor":"gemplant:L100000830326","canonicalCountryKey":"IL","capacityMw":15.8,"country":"IL","externalIds":{"gemPlant":"L100000830326","gemUnit":"G100000834178"},"gemWikiUrl":"https://www.gem.wiki/Bror_Hayil_solar_project","geographyId":"IL-19161824B24193204184747","id":"wattlas-plant-gemplant-l100000830326","lifecycleCounts":{"operational":1},"locationPrecision":"exact","name":"Bror Hayil solar project","operatingCapacityCoverage":{"coveragePercent":100.0,"knownUnitCount":1,"method":"complete_unit_sum","provenance":{"evidenceCount":0,"recordIds":["wattlas-record-gemunit-g100000834178"],"sourceIds":["gem-global-integrated-power-tracker"],"sourceTypes":["research_verified"],"valueKind":"reported"},"totalUnitCount":1},"operatingCapacityMw":15.8,"operatingCapacityMwByTechnology":{"solar":15.8},"plannedCapacityCoverage":{"coveragePercent":0.0,"knownUnitCount":0,"method":"unavailable","totalUnitCount":0},"plannedCapacityMw":0.0,"plannedCapacityMwByTechnology":{},"recordCount":1,"recordIds":["wattlas-record-gemunit-g100000834178"],"sourceIds":["gem-global-integrated-power-tracker"],"sourceUrl":"https://www.gem.wiki/Bror_Hayil_solar_project","technologies":["solar"],"technologyMixMw":{"solar":15.8},"unitCount":1,"unitIds":["gem-unit-G100000834178"]},"type":"Feature"},{"geometry":{"coordinates":[34.6435,31.3431],"type":"Point"},"id":"wattlas-plant-gemplant-l100000830327","properties":{"aliases":["--","Brosh solar project"],"canonicalAnchor":"gemplant:L100000830327","canonicalCountryKey":"IL","capacityMw":8.5,"country":"IL","externalIds":{"gemPlant":"L100000830327","gemUnit":"G100000834179"},"gemWikiUrl":"https://www.gem.wiki/Brosh_solar_project","geographyId":"IL-19161824B24193204184747","id":"wattlas-plant-gemplant-l100000830327","lifecycleCounts":{"operational":1},"locationPrecision":"exact","name":"Brosh solar project","operatingCapacityCoverage":{"coveragePercent":100.0,"knownUnitCount":1,"method":"complete_unit_sum","provenance":{"evidenceCount":0,"recordIds":["wattlas-record-gemunit-g100000834179"],"sourceIds":["gem-global-integrated-power-tracker"],"sourceTypes":["research_verified"],"valueKind":"reported"},"totalUnitCount":1},"operatingCapacityMw":8.5,"operatingCapacityMwByTechnology":{"solar":8.5},"plannedCapacityCoverage":{"coveragePercent":0.0,"knownUnitCount":0,"method":"unavailable","totalUnitCount":0},"plannedCapacityMw":0.0,"plannedCapacityMwByTechnology":{},"recordCount":1,"recordIds":["wattlas-record-gemunit-g100000834179"],"sourceIds":["gem-global-integrated-power-tracker"],"sourceUrl":"https://www.gem.wiki/Brosh_solar_project","technologies":["solar"],"technologyMixMw":{"solar":8.5},"unitCount":1,"unitIds":["gem-unit-G100000834179"]},"type":"Feature"},{"geometry":{"coordinates":[34.6126,31.5211],"type":"Point"},"id":"wattlas-plant-gemplant-l100000830328","properties":{"aliases":["--","Dorot solar project"],"canonicalAnchor":"gemplant:L100000830328","canonicalCountryKey":"IL","capacityMw":9.7,"country":"IL","externalIds":{"gemPlant":"L100000830328","gemUnit":"G100000834180"},"gemWikiUrl":"https://www.gem.wiki/Dorot_solar_project","geographyId":"IL-19161824B24193204184747","id":"wattlas-plant-gemplant-l100000830328","lifecycleCounts":{"operational":1},"locationPrecision":"exact","name":"Dorot solar project","operatingCapacityCoverage":{"coveragePercent":100.0,"knownUnitCount":1,"method":"complete_unit_sum","provenance":{"evidenceCount":0,"recordIds":["wattlas-record-gemunit-g100000834180"],"sourceIds":["gem-global-integrated-power-tracker"],"sourceTypes":["research_verified"],"valueKind":"reported"},"totalUnitCount":1},"operatingCapacityMw":9.7,"operatingCapacityMwByTechnology":{"solar":9.7},"plannedCapacityCoverage":{"coveragePercent":0.0,"knownUnitCount":0,"method":"unavailable","totalUnitCount":0},"plannedCapacityMw":0.0,"plannedCapacityMwByTechnology":{},"recordCount":1,"recordIds":["wattlas-record-gemunit-g100000834180"],"sourceIds":["gem-global-integrated-power-tracker"],"sourceUrl":"https://www.gem.wiki/Dorot_solar_project","technologies":["solar"],"technologyMixMw":{"solar":9.7},"unitCount":1,"unitIds":["gem-unit-G100000834180"]},"type":"Feature"},{"geometry":{"coordinates":[34.405,31.3484],"type":"Point"},"id":"wattlas-plant-gemplant-l100000830329","properties":{"aliases":["--","Ein Hashlosha solar project"],"canonicalAnchor":"gemplant:L100000830329","canonicalCountryKey":"IL","capacityMw":7.3,"country":"IL","externalIds":{"gemPlant":"L100000830329","gemUnit":"G100000834181"},"gemWikiUrl":"https://www.gem.wiki/Ein_Hashlosha_solar_project","geographyId":"IL-19161824B24193204184747","id":"wattlas-plant-gemplant-l100000830329","lifecycleCounts":{"operational":1},"locationPrecision":"exact","name":"Ein Hashlosha solar project","operatingCapacityCoverage":{"coveragePercent":100.0,"knownUnitCount":1,"method":"complete_unit_sum","provenance":{"evidenceCount":0,"recordIds":["wattlas-record-gemunit-g100000834181"],"sourceIds":["gem-global-integrated-power-tracker"],"sourceTypes":["research_verified"],"valueKind":"reported"},"totalUnitCount":1},"operatingCapacityMw":7.3,"operatingCapacityMwByTechnology":{"solar":7.3},"plannedCapacityCoverage":{"coveragePercent":0.0,"knownUnitCount":0,"method":"unavailable","totalUnitCount":0},"plannedCapacityMw":0.0,"plannedCapacityMwByTechnology":{},"recordCount":1,"recordIds":["wattlas-record-gemunit-g100000834181"],"sourceIds":["gem-global-integrated-power-tracker"],"sourceUrl":"https://www.gem.wiki/Ein_Hashlosha_solar_project","technologies":["solar"],"technologyMixMw":{"solar":7.3},"unitCount":1,"unitIds":["gem-unit-G100000834181"]},"type":"Feature"},{"geometry":{"coordinates":[34.7198,31.6791],"type":"Point"},"id":"wattlas-plant-gemplant-l100000830330","properties":{"aliases":["--","Ein Zurim solar project"],"canonicalAnchor":"gemplant:L100000830330","canonicalCountryKey":"IL","capacityMw":8.1,"country":"IL","externalIds":{"gemPlant":"L100000830330","gemUnit":"G100000834182"},"gemWikiUrl":"https://www.gem.wiki/Ein_Zurim_solar_project","geographyId":"IL-19161824B24193204184747","id":"wattlas-plant-gemplant-l100000830330","lifecycleCounts":{"operational":1},"locationPrecision":"exact","name":"Ein Zurim solar project","operatingCapacityCoverage":{"coveragePercent":100.0,"knownUnitCount":1,"method":"complete_unit_sum","provenance":{"evidenceCount":0,"recordIds":["wattlas-record-gemunit-g100000834182"],"sourceIds":["gem-global-integrated-power-tracker"],"sourceTypes":["research_verified"],"valueKind":"reported"},"totalUnitCount":1},"operatingCapacityMw":8.1,"operatingCapacityMwByTechnology":{"solar":8.1},"plannedCapacityCoverage":{"coveragePercent":0.0,"knownUnitCount":0,"method":"unavailable","totalUnitCount":0},"plannedCapacityMw":0.0,"plannedCapacityMwByTechnology":{},"recordCount":1,"recordIds":["wattlas-record-gemunit-g100000834182"],"sourceIds":["gem-global-integrated-power-tracker"],"sourceUrl":"https://www.gem.wiki/Ein_Zurim_solar_project","technologies":["solar"],"technologyMixMw":{"solar":8.1},"unitCount":1,"unitIds":["gem-unit-G100000834182"]},"type":"Feature"},{"geometry":{"coordinates":[34.5868,31.4071],"type":"Point"},"id":"wattlas-plant-gemplant-l100000830332","properties":{"aliases":["--","Givolim solar project"],"canonicalAnchor":"gemplant:L100000830332","canonicalCountryKey":"IL","capacityMw":8.7,"country":"IL","externalIds":{"gemPlant":"L100000830332","gemUnit":"G100000834184"},"gemWikiUrl":"https://www.gem.wiki/Givolim_solar_project","geographyId":"IL-19161824B24193204184747","id":"wattlas-plant-gemplant-l100000830332","lifecycleCounts":{"operational":1},"locationPrecision":"exact","name":"Givolim solar project","operatingCapacityCoverage":{"coveragePercent":100.0,"knownUnitCount":1,"method":"complete_unit_sum","provenance":{"evidenceCount":0,"recordIds":["wattlas-record-gemunit-g100000834184"],"sourceIds":["gem-global-integrated-power-tracker"],"sourceTypes":["research_verified"],"valueKind":"reported"},"totalUnitCount":1},"operatingCapacityMw":8.7,"operatingCapacityMwByTechnology":{"solar":8.7},"plannedCapacityCoverage":{"coveragePercent":0.0,"knownUnitCount":0,"method":"unavailable","totalUnitCount":0},"plannedCapacityMw":0.0,"plannedCapacityMwByTechnology":{},"recordCount":1,"recordIds":["wattlas-record-gemunit-g100000834184"],"sourceIds":["gem-global-integrated-power-tracker"],"sourceUrl":"https://www.gem.wiki/Givolim_solar_project","technologies":["solar"],"technologyMixMw":{"solar":8.7},"unitCount":1,"unitIds":["gem-unit-G100000834184"]},"type":"Feature"},{"geometry":{"coordinates":[34.4612,31.2054],"type":"Point"},"id":"wattlas-plant-gemplant-l100000830334","properties":{"aliases":["--","Gvulot solar project"],"canonicalAnchor":"gemplant:L100000830334","canonicalCountryKey":"IL","capacityMw":9.6,"country":"IL","externalIds":{"gemPlant":"L100000830334","gemUnit":"G100000834186"},"gemWikiUrl":"https://www.gem.wiki/Gvulot_solar_project","geographyId":"IL-19161824B24193204184747","id":"wattlas-plant-gemplant-l100000830334","lifecycleCounts":{"operational":1},"locationPrecision":"exact","name":"Gvulot solar project","operatingCapacityCoverage":{"coveragePercent":100.0,"knownUnitCount":1,"method":"complete_unit_sum","provenance":{"evidenceCount":0,"recordIds":["wattlas-record-gemunit-g100000834186"],"sourceIds":["gem-global-integrated-power-tracker"],"sourceTypes":["research_verified"],"valueKind":"reported"},"totalUnitCount":1},"operatingCapacityMw":9.6,"operatingCapacityMwByTechnology":{"solar":9.6},"plannedCapacityCoverage":{"coveragePercent":0.0,"knownUnitCount":0,"method":"unavailable","totalUnitCount":0},"plannedCapacityMw":0.0,"plannedCapacityMwByTechnology":{},"recordCount":1,"recordIds":["wattlas-record-gemunit-g100000834186"],"sourceIds":["gem-global-integrated-power-tracker"],"sourceUrl":"https://www.gem.wiki/Gvulot_solar_project","technologies":["solar"],"technologyMixMw":{"solar":9.6},"unitCount":1,"unitIds":["gem-unit-G100000834186"]},"type":"Feature"},{"geometry":{"coordinates":[34.9424,32.6405],"type":"Point"},"id":"wattlas-plant-gemplant-l100000830335","properties":{"aliases":["--","Habonim floating solar farm"],"canonicalAnchor":"gemplant:L100000830335","canonicalCountryKey":"IL","capacityMw":23.0,"country":"IL","externalIds":{"gemPlant":"L100000830335","gemUnit":"G100000834187"},"gemWikiUrl":"https://www.gem.wiki/Habonim_floating_solar_farm","geographyId":"IL-19161824B12012272353046","id":"wattlas-plant-gemplant-l100000830335","lifecycleCounts":{"operational":1},"locationPrecision":"exact","name":"Habonim floating solar farm","operatingCapacityCoverage":{"coveragePercent":100.0,"knownUnitCount":1,"method":"complete_unit_sum","provenance":{"evidenceCount":0,"recordIds":["wattlas-record-gemunit-g100000834187"],"sourceIds":["gem-global-integrated-power-tracker"],"sourceTypes":["research_verified"],"valueKind":"reported"},"totalUnitCount":1},"operatingCapacityMw":23.0,"operatingCapacityMwByTechnology":{"solar":23.0},"plannedCapacityCoverage":{"coveragePercent":0.0,"knownUnitCount":0,"method":"unavailable","totalUnitCount":0},"plannedCapacityMw":0.0,"plannedCapacityMwByTechnology":{},"recordCount":1,"recordIds":["wattlas-record-gemunit-g100000834187"],"sourceIds":["gem-global-integrated-power-tracker"],"sourceUrl":"https://www.gem.wiki/Habonim_floating_solar_farm","technologies":["solar"],"technologyMixMw":{"solar":23.0},"unitCount":1,"unitIds":["gem-unit-G100000834187"]},"type":"Feature"},{"geometry":{"coordinates":[34.7105,31.2473],"type":"Point"},"id":"wattlas-plant-gemplant-l100000830336","properties":{"aliases":["--","Hazerim solar project"],"canonicalAnchor":"gemplant:L100000830336","canonicalCountryKey":"IL","capacityMw":7.4,"country":"IL","externalIds":{"gemPlant":"L100000830336","gemUnit":"G100000834188"},"gemWikiUrl":"https://www.gem.wiki/Hazerim_solar_project","geographyId":"IL-19161824B24193204184747","id":"wattlas-plant-gemplant-l100000830336","lifecycleCounts":{"operational":1},"locationPrecision":"exact","name":"Hazerim solar project","operatingCapacityCoverage":{"coveragePercent":100.0,"knownUnitCount":1,"method":"complete_unit_sum","provenance":{"evidenceCount":0,"recordIds":["wattlas-record-gemunit-g100000834188"],"sourceIds":["gem-global-integrated-power-tracker"],"sourceTypes":["research_verified"],"valueKind":"reported"},"totalUnitCount":1},"operatingCapacityMw":7.4,"operatingCapacityMwByTechnology":{"solar":7.4},"plannedCapacityCoverage":{"coveragePercent":0.0,"knownUnitCount":0,"method":"unavailable","totalUnitCount":0},"plannedCapacityMw":0.0,"plannedCapacityMwByTechnology":{},"recordCount":1,"recordIds":["wattlas-record-gemunit-g100000834188"],"sourceIds":["gem-global-integrated-power-tracker"],"sourceUrl":"https://www.gem.wiki/Hazerim_solar_project","technologies":["solar"],"technologyMixMw":{"solar":7.4},"unitCount":1,"unitIds":["gem-unit-G100000834188"]},"type":"Feature"},{"geometry":{"coordinates":[35.0596,29.9649],"type":"Point"},"id":"wattlas-plant-gemplant-l100000830339","properties":{"aliases":["--","Ketura Sun solar project"],"canonicalAnchor":"gemplant:L100000830339","canonicalCountryKey":"IL","capacityMw":5.6,"country":"IL","externalIds":{"gemPlant":"L100000830339","gemUnit":"G100000834191"},"gemWikiUrl":"https://www.gem.wiki/Ketura_Sun_solar_project","geographyId":"IL-19161824B24193204184747","id":"wattlas-plant-gemplant-l100000830339","lifecycleCounts":{"operational":1},"locationPrecision":"exact","name":"Ketura Sun solar project","operatingCapacityCoverage":{"coveragePercent":100.0,"knownUnitCount":1,"method":"complete_unit_sum","provenance":{"evidenceCount":0,"recordIds":["wattlas-record-gemunit-g100000834191"],"sourceIds":["gem-global-integrated-power-tracker"],"sourceTypes":["research_verified"],"valueKind":"reported"},"totalUnitCount":1},"operatingCapacityMw":5.6,"operatingCapacityMwByTechnology":{"solar":5.6},"plannedCapacityCoverage":{"coveragePercent":0.0,"knownUnitCount":0,"method":"unavailable","totalUnitCount":0},"plannedCapacityMw":0.0,"plannedCapacityMwByTechnology":{},"recordCount":1,"recordIds":["wattlas-record-gemunit-g100000834191"],"sourceIds":["gem-global-integrated-power-tracker"],"sourceUrl":"https://www.gem.wiki/Ketura_Sun_solar_project","technologies":["solar"],"technologyMixMw":{"solar":5.6},"unitCount":1,"unitIds":["gem-unit-G100000834191"]},"type":"Feature"},{"geometry":{"coordinates":[34.5464,31.4767],"type":"Point"},"id":"wattlas-plant-gemplant-l100000830340","properties":{"aliases":["--","Kfar Aza solar project"],"canonicalAnchor":"gemplant:L100000830340","canonicalCountryKey":"IL","capacityMw":16.0,"country":"IL","externalIds":{"gemPlant":"L100000830340","gemUnit":"G100000834192"},"gemWikiUrl":"https://www.gem.wiki/Kfar_Aza_solar_project","geographyId":"IL-19161824B24193204184747","id":"wattlas-plant-gemplant-l100000830340","lifecycleCounts":{"operational":1},"locationPrecision":"exact","name":"Kfar Aza solar project","operatingCapacityCoverage":{"coveragePercent":100.0,"knownUnitCount":1,"method":"complete_unit_sum","provenance":{"evidenceCount":0,"recordIds":["wattlas-record-gemunit-g100000834192"],"sourceIds":["gem-global-integrated-power-tracker"],"sourceTypes":["research_verified"],"valueKind":"reported"},"totalUnitCount":1},"operatingCapacityMw":16.0,"operatingCapacityMwByTechnology":{"solar":16.0},"plannedCapacityCoverage":{"coveragePercent":0.0,"knownUnitCount":0,"method":"unavailable","totalUnitCount":0},"plannedCapacityMw":0.0,"plannedCapacityMwByTechnology":{},"recordCount":1,"recordIds":["wattlas-record-gemunit-g100000834192"],"sourceIds":["gem-global-integrated-power-tracker"],"sourceUrl":"https://www.gem.wiki/Kfar_Aza_solar_project","technologies":["solar"],"technologyMixMw":{"solar":16.0},"unitCount":1,"unitIds":["gem-unit-G100000834192"]},"type":"Feature"},{"geometry":{"coordinates":[34.5263,31.4388],"type":"Point"},"id":"wattlas-plant-gemplant-l100000830342","properties":{"aliases":["--","Kfar Maimon solar project"],"canonicalAnchor":"gemplant:L100000830342","canonicalCountryKey":"IL","capacityMw":12.6,"country":"IL","externalIds":{"gemPlant":"L100000830342","gemUnit":"G100000834194"},"gemWikiUrl":"https://www.gem.wiki/Kfar_Maimon_solar_project","geographyId":"IL-19161824B24193204184747","id":"wattlas-plant-gemplant-l100000830342","lifecycleCounts":{"operational":1},"locationPrecision":"exact","name":"Kfar Maimon solar project","operatingCapacityCoverage":{"coveragePercent":100.0,"knownUnitCount":1,"method":"complete_unit_sum","provenance":{"evidenceCount":0,"recordIds":["wattlas-record-gemunit-g100000834194"],"sourceIds":["gem-global-integrated-power-tracker"],"sourceTypes":["research_verified"],"valueKind":"reported"},"totalUnitCount":1},"operatingCapacityMw":12.6,"operatingCapacityMwByTechnology":{"solar":12.6},"plannedCapacityCoverage":{"coveragePercent":0.0,"knownUnitCount":0,"method":"unavailable","totalUnitCount":0},"plannedCapacityMw":0.0,"plannedCapacityMwByTechnology":{},"recordCount":1,"recordIds":["wattlas-record-gemunit-g100000834194"],"sourceIds":["gem-global-integrated-power-tracker"],"sourceUrl":"https://www.gem.wiki/Kfar_Maimon_solar_project","technologies":["solar"],"technologyMixMw":{"solar":12.6},"unitCount":1,"unitIds":["gem-unit-G100000834194"]},"type":"Feature"},{"geometry":{"coordinates":[34.9184,31.3284],"type":"Point"},"id":"wattlas-plant-gemplant-l100000830345","properties":{"aliases":["--","Kramim solar project"],"canonicalAnchor":"gemplant:L100000830345","canonicalCountryKey":"IL","capacityMw":10.8,"country":"IL","externalIds":{"gemPlant":"L100000830345","gemUnit":"G100000834197"},"gemWikiUrl":"https://www.gem.wiki/Kramim_solar_project","geographyId":"IL-19161824B24193204184747","id":"wattlas-plant-gemplant-l100000830345","lifecycleCounts":{"operational":1},"locationPrecision":"exact","name":"Kramim solar project","operatingCapacityCoverage":{"coveragePercent":100.0,"knownUnitCount":1,"method":"complete_unit_sum","provenance":{"evidenceCount":0,"recordIds":["wattlas-record-gemunit-g100000834197"],"sourceIds":["gem-global-integrated-power-tracker"],"sourceTypes":["research_verified"],"valueKind":"reported"},"totalUnitCount":1},"operatingCapacityMw":10.8,"operatingCapacityMwByTechnology":{"solar":10.8},"plannedCapacityCoverage":{"coveragePercent":0.0,"knownUnitCount":0,"method":"unavailable","totalUnitCount":0},"plannedCapacityMw":0.0,"plannedCapacityMwByTechnology":{},"recordCount":1,"recordIds":["wattlas-record-gemunit-g100000834197"],"sourceIds":["gem-global-integrated-power-tracker"],"sourceUrl":"https://www.gem.wiki/Kramim_solar_project","technologies":["solar"],"technologyMixMw":{"solar":10.8},"unitCount":1,"unitIds":["gem-unit-G100000834197"]},"type":"Feature"},{"geometry":{"coordinates":[35.4435,32.7937],"type":"Point"},"id":"wattlas-plant-gemplant-l100000830346","properties":{"aliases":["--","Lavi solar project"],"canonicalAnchor":"gemplant:L100000830346","canonicalCountryKey":"IL","capacityMw":12.0,"country":"IL","externalIds":{"gemPlant":"L100000830346","gemUnit":"G100000834198"},"gemWikiUrl":"https://www.gem.wiki/Lavi_solar_project","geographyId":"IL-19161824B91089536365577","id":"wattlas-plant-gemplant-l100000830346","lifecycleCounts":{"operational":1},"locationPrecision":"exact","name":"Lavi solar project","operatingCapacityCoverage":{"coveragePercent":100.0,"knownUnitCount":1,"method":"complete_unit_sum","provenance":{"evidenceCount":0,"recordIds":["wattlas-record-gemunit-g100000834198"],"sourceIds":["gem-global-integrated-power-tracker"],"sourceTypes":["research_verified"],"valueKind":"reported"},"totalUnitCount":1},"operatingCapacityMw":12.0,"operatingCapacityMwByTechnology":{"solar":12.0},"plannedCapacityCoverage":{"coveragePercent":0.0,"knownUnitCount":0,"method":"unavailable","totalUnitCount":0},"plannedCapacityMw":0.0,"plannedCapacityMwByTechnology":{},"recordCount":1,"recordIds":["wattlas-record-gemunit-g100000834198"],"sourceIds":["gem-global-integrated-power-tracker"],"sourceUrl":"https://www.gem.wiki/Lavi_solar_project","technologies":["solar"],"technologyMixMw":{"solar":12.0},"unitCount":1,"unitIds":["gem-unit-G100000834198"]},"type":"Feature"},{"geometry":{"coordinates":[34.5681,31.3194],"type":"Point"},"id":"wattlas-plant-gemplant-l100000830349","properties":{"aliases":["--","Maslul solar project"],"canonicalAnchor":"gemplant:L100000830349","canonicalCountryKey":"IL","capacityMw":14.5,"country":"IL","externalIds":{"gemPlant":"L100000830349","gemUnit":"G100000834201"},"gemWikiUrl":"https://www.gem.wiki/Maslul_solar_project","geographyId":"IL-19161824B24193204184747","id":"wattlas-plant-gemplant-l100000830349","lifecycleCounts":{"operational":1},"locationPrecision":"exact","name":"Maslul solar project","operatingCapacityCoverage":{"coveragePercent":100.0,"knownUnitCount":1,"method":"complete_unit_sum","provenance":{"evidenceCount":0,"recordIds":["wattlas-record-gemunit-g100000834201"],"sourceIds":["gem-global-integrated-power-tracker"],"sourceTypes":["research_verified"],"valueKind":"reported"},"totalUnitCount":1},"operatingCapacityMw":14.5,"operatingCapacityMwByTechnology":{"solar":14.5},"plannedCapacityCoverage":{"coveragePercent":0.0,"knownUnitCount":0,"method":"unavailable","totalUnitCount":0},"plannedCapacityMw":0.0,"plannedCapacityMwByTechnology":{},"recordCount":1,"recordIds":["wattlas-record-gemunit-g100000834201"],"sourceIds":["gem-global-integrated-power-tracker"],"sourceUrl":"https://www.gem.wiki/Maslul_solar_project","technologies":["solar"],"technologyMixMw":{"solar":14.5},"unitCount":1,"unitIds":["gem-unit-G100000834201"]},"type":"Feature"},{"geometry":{"coordinates":[34.5643,31.4925],"type":"Point"},"id":"wattlas-plant-gemplant-l100000830350","properties":{"aliases":["--","Mefalsim solar project"],"canonicalAnchor":"gemplant:L100000830350","canonicalCountryKey":"IL","capacityMw":14.2,"country":"IL","externalIds":{"gemPlant":"L100000830350","gemUnit":"G100000834202"},"gemWikiUrl":"https://www.gem.wiki/Mefalsim_solar_project","geographyId":"IL-19161824B24193204184747","id":"wattlas-plant-gemplant-l100000830350","lifecycleCounts":{"operational":1},"locationPrecision":"exact","name":"Mefalsim solar project","operatingCapacityCoverage":{"coveragePercent":100.0,"knownUnitCount":1,"method":"complete_unit_sum","provenance":{"evidenceCount":0,"recordIds":["wattlas-record-gemunit-g100000834202"],"sourceIds":["gem-global-integrated-power-tracker"],"sourceTypes":["research_verified"],"valueKind":"reported"},"totalUnitCount":1},"operatingCapacityMw":14.2,"operatingCapacityMwByTechnology":{"solar":14.2},"plannedCapacityCoverage":{"coveragePercent":0.0,"knownUnitCount":0,"method":"unavailable","totalUnitCount":0},"plannedCapacityMw":0.0,"plannedCapacityMwByTechnology":{},"recordCount":1,"recordIds":["wattlas-record-gemunit-g100000834202"],"sourceIds":["gem-global-integrated-power-tracker"],"sourceUrl":"https://www.gem.wiki/Mefalsim_solar_project","technologies":["solar"],"technologyMixMw":{"solar":14.2},"unitCount":1,"unitIds":["gem-unit-G100000834202"]},"type":"Feature"},{"geometry":{"coordinates":[34.9815,29.7598],"type":"Point"},"id":"wattlas-plant-gemplant-l100000830352","properties":{"aliases":["--","Metzukei Timna solar project"],"canonicalAnchor":"gemplant:L100000830352","canonicalCountryKey":"IL","capacityMw":7.1,"country":"IL","externalIds":{"gemPlant":"L100000830352","gemUnit":"G100000834204"},"gemWikiUrl":"https://www.gem.wiki/Metzukei_Timna_solar_project","geographyId":"IL-19161824B24193204184747","id":"wattlas-plant-gemplant-l100000830352","lifecycleCounts":{"operational":1},"locationPrecision":"exact","name":"Metzukei Timna solar project","operatingCapacityCoverage":{"coveragePercent":100.0,"knownUnitCount":1,"method":"complete_unit_sum","provenance":{"evidenceCount":0,"recordIds":["wattlas-record-gemunit-g100000834204"],"sourceIds":["gem-global-integrated-power-tracker"],"sourceTypes":["research_verified"],"valueKind":"reported"},"totalUnitCount":1},"operatingCapacityMw":7.1,"operatingCapacityMwByTechnology":{"solar":7.1},"plannedCapacityCoverage":{"coveragePercent":0.0,"knownUnitCount":0,"method":"unavailable","totalUnitCount":0},"plannedCapacityMw":0.0,"plannedCapacityMwByTechnology":{},"recordCount":1,"recordIds":["wattlas-record-gemunit-g100000834204"],"sourceIds":["gem-global-integrated-power-tracker"],"sourceUrl":"https://www.gem.wiki/Metzukei_Timna_solar_project","technologies":["solar"],"technologyMixMw":{"solar":7.1},"unitCount":1,"unitIds":["gem-unit-G100000834204"]},"type":"Feature"},{"geometry":{"coordinates":[34.7167,31.3703],"type":"Point"},"id":"wattlas-plant-gemplant-l100000830353","properties":{"aliases":["--","Mishmar HaNegev solar project"],"canonicalAnchor":"gemplant:L100000830353","canonicalCountryKey":"IL","capacityMw":9.8,"country":"IL","externalIds":{"gemPlant":"L100000830353","gemUnit":"G100000834205"},"gemWikiUrl":"https://www.gem.wiki/Mishmar_HaNegev_solar_project","geographyId":"IL-19161824B24193204184747","id":"wattlas-plant-gemplant-l100000830353","lifecycleCounts":{"operational":1},"locationPrecision":"exact","name":"Mishmar HaNegev solar project","operatingCapacityCoverage":{"coveragePercent":100.0,"knownUnitCount":1,"method":"complete_unit_sum","provenance":{"evidenceCount":0,"recordIds":["wattlas-record-gemunit-g100000834205"],"sourceIds":["gem-global-integrated-power-tracker"],"sourceTypes":["research_verified"],"valueKind":"reported"},"totalUnitCount":1},"operatingCapacityMw":9.8,"operatingCapacityMwByTechnology":{"solar":9.8},"plannedCapacityCoverage":{"coveragePercent":0.0,"knownUnitCount":0,"method":"unavailable","totalUnitCount":0},"plannedCapacityMw":0.0,"plannedCapacityMwByTechnology":{},"recordCount":1,"recordIds":["wattlas-record-gemunit-g100000834205"],"sourceIds":["gem-global-integrated-power-tracker"],"sourceUrl":"https://www.gem.wiki/Mishmar_HaNegev_solar_project","technologies":["solar"],"technologyMixMw":{"solar":9.8},"unitCount":1,"unitIds":["gem-unit-G100000834205"]},"type":"Feature"},{"geometry":{"coordinates":[34.8097,30.6287],"type":"Point"},"id":"wattlas-plant-gemplant-l100000830354","properties":{"aliases":["--","Mitzpe Ramon solar project"],"canonicalAnchor":"gemplant:L100000830354","canonicalCountryKey":"IL","capacityMw":11.3,"country":"IL","externalIds":{"gemPlant":"L100000830354","gemUnit":"G100000834206"},"gemWikiUrl":"https://www.gem.wiki/Mitzpe_Ramon_solar_project","geographyId":"IL-19161824B24193204184747","id":"wattlas-plant-gemplant-l100000830354","lifecycleCounts":{"operational":1},"locationPrecision":"exact","name":"Mitzpe Ramon solar project","operatingCapacityCoverage":{"coveragePercent":100.0,"knownUnitCount":1,"method":"complete_unit_sum","provenance":{"evidenceCount":0,"recordIds":["wattlas-record-gemunit-g100000834206"],"sourceIds":["gem-global-integrated-power-tracker"],"sourceTypes":["research_verified"],"valueKind":"reported"},"totalUnitCount":1},"operatingCapacityMw":11.3,"operatingCapacityMwByTechnology":{"solar":11.3},"plannedCapacityCoverage":{"coveragePercent":0.0,"knownUnitCount":0,"method":"unavailable","totalUnitCount":0},"plannedCapacityMw":0.0,"plannedCapacityMwByTechnology":{},"recordCount":1,"recordIds":["wattlas-record-gemunit-g100000834206"],"sourceIds":["gem-global-integrated-power-tracker"],"sourceUrl":"https://www.gem.wiki/Mitzpe_Ramon_solar_project","technologies":["solar"],"technologyMixMw":{"solar":11.3},"unitCount":1,"unitIds":["gem-unit-G100000834206"]},"type":"Feature"},{"geometry":{"coordinates":[34.4012,31.2242],"type":"Point"},"id":"wattlas-plant-gemplant-l100000830355","properties":{"aliases":["--","Mivtahim solar project"],"canonicalAnchor":"gemplant:L100000830355","canonicalCountryKey":"IL","capacityMw":12.2,"country":"IL","externalIds":{"gemPlant":"L100000830355","gemUnit":"G100000834207"},"gemWikiUrl":"https://www.gem.wiki/Mivtahim_solar_project","geographyId":"IL-19161824B24193204184747","id":"wattlas-plant-gemplant-l100000830355","lifecycleCounts":{"operational":1},"locationPrecision":"exact","name":"Mivtahim solar project","operatingCapacityCoverage":{"coveragePercent":100.0,"knownUnitCount":1,"method":"complete_unit_sum","provenance":{"evidenceCount":0,"recordIds":["wattlas-record-gemunit-g100000834207"],"sourceIds":["gem-global-integrated-power-tracker"],"sourceTypes":["research_verified"],"valueKind":"reported"},"totalUnitCount":1},"operatingCapacityMw":12.2,"operatingCapacityMwByTechnology":{"solar":12.2},"plannedCapacityCoverage":{"coveragePercent":0.0,"knownUnitCount":0,"method":"unavailable","totalUnitCount":0},"plannedCapacityMw":0.0,"plannedCapacityMwByTechnology":{},"recordCount":1,"recordIds":["wattlas-record-gemunit-g100000834207"],"sourceIds":["gem-global-integrated-power-tracker"],"sourceUrl":"https://www.gem.wiki/Mivtahim_solar_project","technologies":["solar"],"technologyMixMw":{"solar":12.2},"unitCount":1,"unitIds":["gem-unit-G100000834207"]},"type":"Feature"},{"geometry":{"coordinates":[35.0462,30.0485],"type":"Point"},"id":"wattlas-plant-gemplant-l100000830359","properties":{"aliases":["--","Neve Harif solar project"],"canonicalAnchor":"gemplant:L100000830359","canonicalCountryKey":"IL","capacityMw":9.9,"country":"IL","externalIds":{"gemPlant":"L100000830359","gemUnit":"G100000834211"},"gemWikiUrl":"https://www.gem.wiki/Neve_Harif_solar_project","geographyId":"IL-19161824B24193204184747","id":"wattlas-plant-gemplant-l100000830359","lifecycleCounts":{"operational":1},"locationPrecision":"exact","name":"Neve Harif solar project","operatingCapacityCoverage":{"coveragePercent":100.0,"knownUnitCount":1,"method":"complete_unit_sum","provenance":{"evidenceCount":0,"recordIds":["wattlas-record-gemunit-g100000834211"],"sourceIds":["gem-global-integrated-power-tracker"],"sourceTypes":["research_verified"],"valueKind":"reported"},"totalUnitCount":1},"operatingCapacityMw":9.9,"operatingCapacityMwByTechnology":{"solar":9.9},"plannedCapacityCoverage":{"coveragePercent":0.0,"knownUnitCount":0,"method":"unavailable","totalUnitCount":0},"plannedCapacityMw":0.0,"plannedCapacityMwByTechnology":{},"recordCount":1,"recordIds":["wattlas-record-gemunit-g100000834211"],"sourceIds":["gem-global-integrated-power-tracker"],"sourceUrl":"https://www.gem.wiki/Neve_Harif_solar_project","technologies":["solar"],"technologyMixMw":{"solar":9.9},"unitCount":1,"unitIds":["gem-unit-G100000834211"]},"type":"Feature"},{"geometry":{"coordinates":[35.4682,32.5058],"type":"Point"},"id":"wattlas-plant-gemplant-l100000830360","properties":{"aliases":["--","Nir David flt solar project"],"canonicalAnchor":"gemplant:L100000830360","canonicalCountryKey":"IL","capacityMw":4.9,"country":"IL","externalIds":{"gemPlant":"L100000830360","gemUnit":"G100000834212"},"gemWikiUrl":"https://www.gem.wiki/Nir_David_flt_solar_project","geographyId":"IL-19161824B91089536365577","id":"wattlas-plant-gemplant-l100000830360","lifecycleCounts":{"operational":1},"locationPrecision":"exact","name":"Nir David flt solar project","operatingCapacityCoverage":{"coveragePercent":100.0,"knownUnitCount":1,"method":"complete_unit_sum","provenance":{"evidenceCount":0,"recordIds":["wattlas-record-gemunit-g100000834212"],"sourceIds":["gem-global-integrated-power-tracker"],"sourceTypes":["research_verified"],"valueKind":"reported"},"totalUnitCount":1},"operatingCapacityMw":4.9,"operatingCapacityMwByTechnology":{"solar":4.9},"plannedCapacityCoverage":{"coveragePercent":0.0,"knownUnitCount":0,"method":"unavailable","totalUnitCount":0},"plannedCapacityMw":0.0,"plannedCapacityMwByTechnology":{},"recordCount":1,"recordIds":["wattlas-record-gemunit-g100000834212"],"sourceIds":["gem-global-integrated-power-tracker"],"sourceUrl":"https://www.gem.wiki/Nir_David_flt_solar_project","technologies":["solar"],"technologyMixMw":{"solar":4.9},"unitCount":1,"unitIds":["gem-unit-G100000834212"]},"type":"Feature"},{"geometry":{"coordinates":[34.6005,31.3097],"type":"Point"},"id":"wattlas-plant-gemplant-l100000830361","properties":{"aliases":["--","Peduim solar project"],"canonicalAnchor":"gemplant:L100000830361","canonicalCountryKey":"IL","capacityMw":15.4,"country":"IL","externalIds":{"gemPlant":"L100000830361","gemUnit":"G100000834213"},"gemWikiUrl":"https://www.gem.wiki/Peduim_solar_project","geographyId":"IL-19161824B24193204184747","id":"wattlas-plant-gemplant-l100000830361","lifecycleCounts":{"operational":1},"locationPrecision":"exact","name":"Peduim solar project","operatingCapacityCoverage":{"coveragePercent":100.0,"knownUnitCount":1,"method":"complete_unit_sum","provenance":{"evidenceCount":0,"recordIds":["wattlas-record-gemunit-g100000834213"],"sourceIds":["gem-global-integrated-power-tracker"],"sourceTypes":["research_verified"],"valueKind":"reported"},"totalUnitCount":1},"operatingCapacityMw":15.4,"operatingCapacityMwByTechnology":{"solar":15.4},"plannedCapacityCoverage":{"coveragePercent":0.0,"knownUnitCount":0,"method":"unavailable","totalUnitCount":0},"plannedCapacityMw":0.0,"plannedCapacityMwByTechnology":{},"recordCount":1,"recordIds":["wattlas-record-gemunit-g100000834213"],"sourceIds":["gem-global-integrated-power-tracker"],"sourceUrl":"https://www.gem.wiki/Peduim_solar_project","technologies":["solar"],"technologyMixMw":{"solar":15.4},"unitCount":1,"unitIds":["gem-unit-G100000834213"]},"type":"Feature"},{"geometry":{"coordinates":[34.761,31.0111],"type":"Point"},"id":"wattlas-plant-gemplant-l100000830362","properties":{"aliases":["2.0","Revivim solar farm"],"canonicalAnchor":"gemplant:L100000830362","canonicalCountryKey":"IL","capacityMw":23.0,"country":"IL","externalIds":{"gemPlant":"L100000830362","gemUnit":"G100000834214"},"gemWikiUrl":"https://www.gem.wiki/Revivim_solar_farm","geographyId":"IL-19161824B24193204184747","id":"wattlas-plant-gemplant-l100000830362","lifecycleCounts":{"operational":1},"locationPrecision":"exact","name":"Revivim solar farm","operatingCapacityCoverage":{"coveragePercent":100.0,"knownUnitCount":1,"method":"complete_unit_sum","provenance":{"evidenceCount":0,"recordIds":["wattlas-record-gemunit-g100000834214"],"sourceIds":["gem-global-integrated-power-tracker"],"sourceTypes":["research_verified"],"valueKind":"reported"},"totalUnitCount":1},"operatingCapacityMw":23.0,"operatingCapacityMwByTechnology":{"solar":23.0},"plannedCapacityCoverage":{"coveragePercent":0.0,"knownUnitCount":0,"method":"unavailable","totalUnitCount":0},"plannedCapacityMw":0.0,"plannedCapacityMwByTechnology":{},"recordCount":1,"recordIds":["wattlas-record-gemunit-g100000834214"],"sourceIds":["gem-global-integrated-power-tracker"],"sourceUrl":"https://www.gem.wiki/Revivim_solar_farm","technologies":["solar"],"technologyMixMw":{"solar":23.0},"unitCount":1,"unitIds":["gem-unit-G100000834214"]},"type":"Feature"},{"geometry":{"coordinates":[34.7313,31.0372],"type":"Point"},"id":"wattlas-plant-gemplant-l100000830363","properties":{"aliases":["--","Revivim solar project"],"canonicalAnchor":"gemplant:L100000830363","canonicalCountryKey":"IL","capacityMw":12.0,"country":"IL","externalIds":{"gemPlant":"L100000830363","gemUnit":"G100000834215"},"gemWikiUrl":"https://www.gem.wiki/Revivim_solar_project","geographyId":"IL-19161824B24193204184747","id":"wattlas-plant-gemplant-l100000830363","lifecycleCounts":{"operational":1},"locationPrecision":"exact","name":"Revivim solar project","operatingCapacityCoverage":{"coveragePercent":100.0,"knownUnitCount":1,"method":"complete_unit_sum","provenance":{"evidenceCount":0,"recordIds":["wattlas-record-gemunit-g100000834215"],"sourceIds":["gem-global-integrated-power-tracker"],"sourceTypes":["research_verified"],"valueKind":"reported"},"totalUnitCount":1},"operatingCapacityMw":12.0,"operatingCapacityMwByTechnology":{"solar":12.0},"plannedCapacityCoverage":{"coveragePercent":0.0,"knownUnitCount":0,"method":"unavailable","totalUnitCount":0},"plannedCapacityMw":0.0,"plannedCapacityMwByTechnology":{},"recordCount":1,"recordIds":["wattlas-record-gemunit-g100000834215"],"sourceIds":["gem-global-integrated-power-tracker"],"sourceUrl":"https://www.gem.wiki/Revivim_solar_project","technologies":["solar"],"technologyMixMw":{"solar":12.0},"unitCount":1,"unitIds":["gem-unit-G100000834215"]},"type":"Feature"},{"geometry":{"coordinates":[34.8062,30.8736],"type":"Point"},"id":"wattlas-plant-gemplant-l100000830364","properties":{"aliases":["--","Sde Boker solar project"],"canonicalAnchor":"gemplant:L100000830364","canonicalCountryKey":"IL","capacityMw":8.8,"country":"IL","externalIds":{"gemPlant":"L100000830364","gemUnit":"G100000834216"},"gemWikiUrl":"https://www.gem.wiki/Sde_Boker_solar_project","geographyId":"IL-19161824B24193204184747","id":"wattlas-plant-gemplant-l100000830364","lifecycleCounts":{"operational":1},"locationPrecision":"exact","name":"Sde Boker solar project","operatingCapacityCoverage":{"coveragePercent":100.0,"knownUnitCount":1,"method":"complete_unit_sum","provenance":{"evidenceCount":0,"recordIds":["wattlas-record-gemunit-g100000834216"],"sourceIds":["gem-global-integrated-power-tracker"],"sourceTypes":["research_verified"],"valueKind":"reported"},"totalUnitCount":1},"operatingCapacityMw":8.8,"operatingCapacityMwByTechnology":{"solar":8.8},"plannedCapacityCoverage":{"coveragePercent":0.0,"knownUnitCount":0,"method":"unavailable","totalUnitCount":0},"plannedCapacityMw":0.0,"plannedCapacityMwByTechnology":{},"recordCount":1,"recordIds":["wattlas-record-gemunit-g100000834216"],"sourceIds":["gem-global-integrated-power-tracker"],"sourceUrl":"https://www.gem.wiki/Sde_Boker_solar_project","technologies":["solar"],"technologyMixMw":{"solar":8.8},"unitCount":1,"unitIds":["gem-unit-G100000834216"]},"type":"Feature"},{"geometry":{"coordinates":[34.4982,31.1922],"type":"Point"},"id":"wattlas-plant-gemplant-l100000830365","properties":{"aliases":["--","Sde Nitzan solar farm"],"canonicalAnchor":"gemplant:L100000830365","canonicalCountryKey":"IL","capacityMw":23.0,"country":"IL","externalIds":{"gemPlant":"L100000830365","gemUnit":"G100000834217"},"gemWikiUrl":"https://www.gem.wiki/Sde_Nitzan_solar_farm","geographyId":"IL-19161824B24193204184747","id":"wattlas-plant-gemplant-l100000830365","lifecycleCounts":{"operational":1},"locationPrecision":"exact","name":"Sde Nitzan solar farm","operatingCapacityCoverage":{"coveragePercent":100.0,"knownUnitCount":1,"method":"complete_unit_sum","provenance":{"evidenceCount":0,"recordIds":["wattlas-record-gemunit-g100000834217"],"sourceIds":["gem-global-integrated-power-tracker"],"sourceTypes":["research_verified"],"valueKind":"reported"},"totalUnitCount":1},"operatingCapacityMw":23.0,"operatingCapacityMwByTechnology":{"solar":23.0},"plannedCapacityCoverage":{"coveragePercent":0.0,"knownUnitCount":0,"method":"unavailable","totalUnitCount":0},"plannedCapacityMw":0.0,"plannedCapacityMwByTechnology":{},"recordCount":1,"recordIds":["wattlas-record-gemunit-g100000834217"],"sourceIds":["gem-global-integrated-power-tracker"],"sourceUrl":"https://www.gem.wiki/Sde_Nitzan_solar_farm","technologies":["solar"],"technologyMixMw":{"solar":23.0},"unitCount":1,"unitIds":["gem-unit-G100000834217"]},"type":"Feature"},{"geometry":{"coordinates":[34.7255,31.4446],"type":"Point"},"id":"wattlas-plant-gemplant-l100000830366","properties":{"aliases":["--","Sde Tzvi A solar project"],"canonicalAnchor":"gemplant:L100000830366","canonicalCountryKey":"IL","capacityMw":15.3,"country":"IL","externalIds":{"gemPlant":"L100000830366","gemUnit":"G100000834218"},"gemWikiUrl":"https://www.gem.wiki/Sde_Tzvi_A_solar_project","geographyId":"IL-19161824B24193204184747","id":"wattlas-plant-gemplant-l100000830366","lifecycleCounts":{"operational":1},"locationPrecision":"exact","name":"Sde Tzvi A solar project","operatingCapacityCoverage":{"coveragePercent":100.0,"knownUnitCount":1,"method":"complete_unit_sum","provenance":{"evidenceCount":0,"recordIds":["wattlas-record-gemunit-g100000834218"],"sourceIds":["gem-global-integrated-power-tracker"],"sourceTypes":["research_verified"],"valueKind":"reported"},"totalUnitCount":1},"operatingCapacityMw":15.3,"operatingCapacityMwByTechnology":{"solar":15.3},"plannedCapacityCoverage":{"coveragePercent":0.0,"knownUnitCount":0,"method":"unavailable","totalUnitCount":0},"plannedCapacityMw":0.0,"plannedCapacityMwByTechnology":{},"recordCount":1,"recordIds":["wattlas-record-gemunit-g100000834218"],"sourceIds":["gem-global-integrated-power-tracker"],"sourceUrl":"https://www.gem.wiki/Sde_Tzvi_A_solar_project","technologies":["solar"],"technologyMixMw":{"solar":15.3},"unitCount":1,"unitIds":["gem-unit-G100000834218"]},"type":"Feature"},{"geometry":{"coordinates":[34.725,31.6111],"type":"Point"},"id":"wattlas-plant-gemplant-l100000830368","properties":{"aliases":["--","Shahar solar project"],"canonicalAnchor":"gemplant:L100000830368","canonicalCountryKey":"IL","capacityMw":7.2,"country":"IL","externalIds":{"gemPlant":"L100000830368","gemUnit":"G100000834220"},"gemWikiUrl":"https://www.gem.wiki/Shahar_solar_project","geographyId":"IL-19161824B24193204184747","id":"wattlas-plant-gemplant-l100000830368","lifecycleCounts":{"operational":1},"locationPrecision":"exact","name":"Shahar solar project","operatingCapacityCoverage":{"coveragePercent":100.0,"knownUnitCount":1,"method":"complete_unit_sum","provenance":{"evidenceCount":0,"recordIds":["wattlas-record-gemunit-g100000834220"],"sourceIds":["gem-global-integrated-power-tracker"],"sourceTypes":["research_verified"],"valueKind":"reported"},"totalUnitCount":1},"operatingCapacityMw":7.2,"operatingCapacityMwByTechnology":{"solar":7.2},"plannedCapacityCoverage":{"coveragePercent":0.0,"knownUnitCount":0,"method":"unavailable","totalUnitCount":0},"plannedCapacityMw":0.0,"plannedCapacityMwByTechnology":{},"recordCount":1,"recordIds":["wattlas-record-gemunit-g100000834220"],"sourceIds":["gem-global-integrated-power-tracker"],"sourceUrl":"https://www.gem.wiki/Shahar_solar_project","technologies":["solar"],"technologyMixMw":{"solar":7.2},"unitCount":1,"unitIds":["gem-unit-G100000834220"]},"type":"Feature"},{"geometry":{"coordinates":[34.6101,31.3904],"type":"Point"},"id":"wattlas-plant-gemplant-l100000830370","properties":{"aliases":["--","Shibolim solar project"],"canonicalAnchor":"gemplant:L100000830370","canonicalCountryKey":"IL","capacityMw":8.6,"country":"IL","externalIds":{"gemPlant":"L100000830370","gemUnit":"G100000834222"},"gemWikiUrl":"https://www.gem.wiki/Shibolim_solar_project","geographyId":"IL-19161824B24193204184747","id":"wattlas-plant-gemplant-l100000830370","lifecycleCounts":{"operational":1},"locationPrecision":"exact","name":"Shibolim solar project","operatingCapacityCoverage":{"coveragePercent":100.0,"knownUnitCount":1,"method":"complete_unit_sum","provenance":{"evidenceCount":0,"recordIds":["wattlas-record-gemunit-g100000834222"],"sourceIds":["gem-global-integrated-power-tracker"],"sourceTypes":["research_verified"],"valueKind":"reported"},"totalUnitCount":1},"operatingCapacityMw":8.6,"operatingCapacityMwByTechnology":{"solar":8.6},"plannedCapacityCoverage":{"coveragePercent":0.0,"knownUnitCount":0,"method":"unavailable","totalUnitCount":0},"plannedCapacityMw":0.0,"plannedCapacityMwByTechnology":{},"recordCount":1,"recordIds":["wattlas-record-gemunit-g100000834222"],"sourceIds":["gem-global-integrated-power-tracker"],"sourceUrl":"https://www.gem.wiki/Shibolim_solar_project","technologies":["solar"],"technologyMixMw":{"solar":8.6},"unitCount":1,"unitIds":["gem-unit-G100000834222"]},"type":"Feature"},{"geometry":{"coordinates":[34.7355,31.4062],"type":"Point"},"id":"wattlas-plant-gemplant-l100000830371","properties":{"aliases":["--","Shoval solar project"],"canonicalAnchor":"gemplant:L100000830371","canonicalCountryKey":"IL","capacityMw":16.8,"country":"IL","externalIds":{"gemPlant":"L100000830371","gemUnit":"G100000834223"},"gemWikiUrl":"https://www.gem.wiki/Shoval_solar_project","geographyId":"IL-19161824B24193204184747","id":"wattlas-plant-gemplant-l100000830371","lifecycleCounts":{"operational":1},"locationPrecision":"exact","name":"Shoval solar project","operatingCapacityCoverage":{"coveragePercent":100.0,"knownUnitCount":1,"method":"complete_unit_sum","provenance":{"evidenceCount":0,"recordIds":["wattlas-record-gemunit-g100000834223"],"sourceIds":["gem-global-integrated-power-tracker"],"sourceTypes":["research_verified"],"valueKind":"reported"},"totalUnitCount":1},"operatingCapacityMw":16.8,"operatingCapacityMwByTechnology":{"solar":16.8},"plannedCapacityCoverage":{"coveragePercent":0.0,"knownUnitCount":0,"method":"unavailable","totalUnitCount":0},"plannedCapacityMw":0.0,"plannedCapacityMwByTechnology":{},"recordCount":1,"recordIds":["wattlas-record-gemunit-g100000834223"],"sourceIds":["gem-global-integrated-power-tracker"],"sourceUrl":"https://www.gem.wiki/Shoval_solar_project","technologies":["solar"],"technologyMixMw":{"solar":16.8},"unitCount":1,"unitIds":["gem-unit-G100000834223"]},"type":"Feature"},{"geometry":{"coordinates":[35.2814,32.5522],"type":"Point"},"id":"wattlas-plant-gemplant-l100000830372","properties":{"aliases":["1.0","2.0","Ta’anach solar farm"],"canonicalAnchor":"gemplant:L100000830372","canonicalCountryKey":"IL","capacityMw":225.0,"country":"IL","externalIdAliases":{"gemUnit":["G100000834224","G100001054275"]},"externalIds":{"gemPlant":"L100000830372","gemUnit":"G100001054275"},"gemWikiUrl":"https://www.gem.wiki/Ta’anach_solar_farm","geographyId":"IL-19161824B91089536365577","id":"wattlas-plant-gemplant-l100000830372","lifecycleCounts":{"announced":1,"operational":1},"locationPrecision":"exact","name":"Ta’anach solar farm","operatingCapacityCoverage":{"coveragePercent":100.0,"knownUnitCount":1,"method":"complete_unit_sum","provenance":{"evidenceCount":0,"recordIds":["wattlas-record-gemunit-g100000834224"],"sourceIds":["gem-global-integrated-power-tracker"],"sourceTypes":["research_verified"],"valueKind":"reported"},"totalUnitCount":1},"operatingCapacityMw":150.0,"operatingCapacityMwByTechnology":{"solar":150.0},"plannedCapacityCoverage":{"coveragePercent":100.0,"knownUnitCount":1,"method":"complete_unit_sum","provenance":{"evidenceCount":0,"recordIds":["wattlas-record-gemunit-g100001054275"],"sourceIds":["gem-global-integrated-power-tracker"],"sourceTypes":["research_verified"],"valueKind":"reported"},"totalUnitCount":1},"plannedCapacityMw":75.0,"plannedCapacityMwByTechnology":{"solar":75.0},"recordCount":2,"recordIds":["wattlas-record-gemunit-g100000834224","wattlas-record-gemunit-g100001054275"],"sourceIds":["gem-global-integrated-power-tracker"],"sourceUrl":"https://www.gem.wiki/Ta’anach_solar_farm","technologies":["solar"],"technologyMixMw":{"solar":225.0},"unitCount":2,"unitIds":["gem-unit-G100000834224","gem-unit-G100001054275"]},"type":"Feature"},{"geometry":{"coordinates":[34.6194,31.6161],"type":"Point"},"id":"wattlas-plant-gemplant-l100000830373","properties":{"aliases":["--","Talmeh Yaffe solar project"],"canonicalAnchor":"gemplant:L100000830373","canonicalCountryKey":"IL","capacityMw":14.6,"country":"IL","externalIds":{"gemPlant":"L100000830373","gemUnit":"G100000834225"},"gemWikiUrl":"https://www.gem.wiki/Talmeh_Yaffe_solar_project","geographyId":"IL-19161824B24193204184747","id":"wattlas-plant-gemplant-l100000830373","lifecycleCounts":{"operational":1},"locationPrecision":"exact","name":"Talmeh Yaffe solar project","operatingCapacityCoverage":{"coveragePercent":100.0,"knownUnitCount":1,"method":"complete_unit_sum","provenance":{"evidenceCount":0,"recordIds":["wattlas-record-gemunit-g100000834225"],"sourceIds":["gem-global-integrated-power-tracker"],"sourceTypes":["research_verified"],"valueKind":"reported"},"totalUnitCount":1},"operatingCapacityMw":14.6,"operatingCapacityMwByTechnology":{"solar":14.6},"plannedCapacityCoverage":{"coveragePercent":0.0,"knownUnitCount":0,"method":"unavailable","totalUnitCount":0},"plannedCapacityMw":0.0,"plannedCapacityMwByTechnology":{},"recordCount":1,"recordIds":["wattlas-record-gemunit-g100000834225"],"sourceIds":["gem-global-integrated-power-tracker"],"sourceUrl":"https://www.gem.wiki/Talmeh_Yaffe_solar_project","technologies":["solar"],"technologyMixMw":{"solar":14.6},"unitCount":1,"unitIds":["gem-unit-G100000834225"]},"type":"Feature"},{"geometry":{"coordinates":[34.6404,31.4265],"type":"Point"},"id":"wattlas-plant-gemplant-l100000830374","properties":{"aliases":["--","Talmei Bilu solar project"],"canonicalAnchor":"gemplant:L100000830374","canonicalCountryKey":"IL","capacityMw":15.0,"country":"IL","externalIds":{"gemPlant":"L100000830374","gemUnit":"G100000834226"},"gemWikiUrl":"https://www.gem.wiki/Talmei_Bilu_solar_project","geographyId":"IL-19161824B24193204184747","id":"wattlas-plant-gemplant-l100000830374","lifecycleCounts":{"operational":1},"locationPrecision":"exact","name":"Talmei Bilu solar project","operatingCapacityCoverage":{"coveragePercent":100.0,"knownUnitCount":1,"method":"complete_unit_sum","provenance":{"evidenceCount":0,"recordIds":["wattlas-record-gemunit-g100000834226"],"sourceIds":["gem-global-integrated-power-tracker"],"sourceTypes":["research_verified"],"valueKind":"reported"},"totalUnitCount":1},"operatingCapacityMw":15.0,"operatingCapacityMwByTechnology":{"solar":15.0},"plannedCapacityCoverage":{"coveragePercent":0.0,"knownUnitCount":0,"method":"unavailable","totalUnitCount":0},"plannedCapacityMw":0.0,"plannedCapacityMwByTechnology":{},"recordCount":1,"recordIds":["wattlas-record-gemunit-g100000834226"],"sourceIds":["gem-global-integrated-power-tracker"],"sourceUrl":"https://www.gem.wiki/Talmei_Bilu_solar_project","technologies":["solar"],"technologyMixMw":{"solar":15.0},"unitCount":1,"unitIds":["gem-unit-G100000834226"]},"type":"Feature"},{"geometry":{"coordinates":[34.4537,31.2156],"type":"Point"},"id":"wattlas-plant-gemplant-l100000830375","properties":{"aliases":["--","Talmei Eliyahu solar project"],"canonicalAnchor":"gemplant:L100000830375","canonicalCountryKey":"IL","capacityMw":9.4,"country":"IL","externalIds":{"gemPlant":"L100000830375","gemUnit":"G100000834227"},"gemWikiUrl":"https://www.gem.wiki/Talmei_Eliyahu_solar_project","geographyId":"IL-19161824B24193204184747","id":"wattlas-plant-gemplant-l100000830375","lifecycleCounts":{"operational":1},"locationPrecision":"exact","name":"Talmei Eliyahu solar project","operatingCapacityCoverage":{"coveragePercent":100.0,"knownUnitCount":1,"method":"complete_unit_sum","provenance":{"evidenceCount":0,"recordIds":["wattlas-record-gemunit-g100000834227"],"sourceIds":["gem-global-integrated-power-tracker"],"sourceTypes":["research_verified"],"valueKind":"reported"},"totalUnitCount":1},"operatingCapacityMw":9.4,"operatingCapacityMwByTechnology":{"solar":9.4},"plannedCapacityCoverage":{"coveragePercent":0.0,"knownUnitCount":0,"method":"unavailable","totalUnitCount":0},"plannedCapacityMw":0.0,"plannedCapacityMwByTechnology":{},"recordCount":1,"recordIds":["wattlas-record-gemunit-g100000834227"],"sourceIds":["gem-global-integrated-power-tracker"],"sourceUrl":"https://www.gem.wiki/Talmei_Eliyahu_solar_project","technologies":["solar"],"technologyMixMw":{"solar":9.4},"unitCount":1,"unitIds":["gem-unit-G100000834227"]},"type":"Feature"},{"geometry":{"coordinates":[34.3677,31.1925],"type":"Point"},"id":"wattlas-plant-gemplant-l100000830376","properties":{"aliases":["--","Talmei Yosef solar project"],"canonicalAnchor":"gemplant:L100000830376","canonicalCountryKey":"IL","capacityMw":11.3,"country":"IL","externalIds":{"gemPlant":"L100000830376","gemUnit":"G100000834228"},"gemWikiUrl":"https://www.gem.wiki/Talmei_Yosef_solar_project","geographyId":"IL-19161824B24193204184747","id":"wattlas-plant-gemplant-l100000830376","lifecycleCounts":{"operational":1},"locationPrecision":"exact","name":"Talmei Yosef solar project","operatingCapacityCoverage":{"coveragePercent":100.0,"knownUnitCount":1,"method":"complete_unit_sum","provenance":{"evidenceCount":0,"recordIds":["wattlas-record-gemunit-g100000834228"],"sourceIds":["gem-global-integrated-power-tracker"],"sourceTypes":["research_verified"],"valueKind":"reported"},"totalUnitCount":1},"operatingCapacityMw":11.3,"operatingCapacityMwByTechnology":{"solar":11.3},"plannedCapacityCoverage":{"coveragePercent":0.0,"knownUnitCount":0,"method":"unavailable","totalUnitCount":0},"plannedCapacityMw":0.0,"plannedCapacityMwByTechnology":{},"recordCount":1,"recordIds":["wattlas-record-gemunit-g100000834228"],"sourceIds":["gem-global-integrated-power-tracker"],"sourceUrl":"https://www.gem.wiki/Talmei_Yosef_solar_project","technologies":["solar"],"technologyMixMw":{"solar":11.3},"unitCount":1,"unitIds":["gem-unit-G100000834228"]},"type":"Feature"},{"geometry":{"coordinates":[34.7419,31.3391],"type":"Point"},"id":"wattlas-plant-gemplant-l100000830377","properties":{"aliases":["--","Tarabin solar project"],"canonicalAnchor":"gemplant:L100000830377","canonicalCountryKey":"IL","capacityMw":9.8,"country":"IL","externalIds":{"gemPlant":"L100000830377","gemUnit":"G100000834229"},"gemWikiUrl":"https://www.gem.wiki/Tarabin_solar_project","geographyId":"IL-19161824B24193204184747","id":"wattlas-plant-gemplant-l100000830377","lifecycleCounts":{"operational":1},"locationPrecision":"exact","name":"Tarabin solar project","operatingCapacityCoverage":{"coveragePercent":100.0,"knownUnitCount":1,"method":"complete_unit_sum","provenance":{"evidenceCount":0,"recordIds":["wattlas-record-gemunit-g100000834229"],"sourceIds":["gem-global-integrated-power-tracker"],"sourceTypes":["research_verified"],"valueKind":"reported"},"totalUnitCount":1},"operatingCapacityMw":9.8,"operatingCapacityMwByTechnology":{"solar":9.8},"plannedCapacityCoverage":{"coveragePercent":0.0,"knownUnitCount":0,"method":"unavailable","totalUnitCount":0},"plannedCapacityMw":0.0,"plannedCapacityMwByTechnology":{},"recordCount":1,"recordIds":["wattlas-record-gemunit-g100000834229"],"sourceIds":["gem-global-integrated-power-tracker"],"sourceUrl":"https://www.gem.wiki/Tarabin_solar_project","technologies":["solar"],"technologyMixMw":{"solar":9.8},"unitCount":1,"unitIds":["gem-unit-G100000834229"]},"type":"Feature"},{"geometry":{"coordinates":[34.7323,31.678],"type":"Point"},"id":"wattlas-plant-gemplant-l100000830380","properties":{"aliases":["--","Zrachya solar project"],"canonicalAnchor":"gemplant:L100000830380","canonicalCountryKey":"IL","capacityMw":8.3,"country":"IL","externalIds":{"gemPlant":"L100000830380","gemUnit":"G100000834232"},"gemWikiUrl":"https://www.gem.wiki/Zrachya_solar_project","geographyId":"IL-19161824B24193204184747","id":"wattlas-plant-gemplant-l100000830380","lifecycleCounts":{"operational":1},"locationPrecision":"exact","name":"Zrachya solar project","operatingCapacityCoverage":{"coveragePercent":100.0,"knownUnitCount":1,"method":"complete_unit_sum","provenance":{"evidenceCount":0,"recordIds":["wattlas-record-gemunit-g100000834232"],"sourceIds":["gem-global-integrated-power-tracker"],"sourceTypes":["research_verified"],"valueKind":"reported"},"totalUnitCount":1},"operatingCapacityMw":8.3,"operatingCapacityMwByTechnology":{"solar":8.3},"plannedCapacityCoverage":{"coveragePercent":0.0,"knownUnitCount":0,"method":"unavailable","totalUnitCount":0},"plannedCapacityMw":0.0,"plannedCapacityMwByTechnology":{},"recordCount":1,"recordIds":["wattlas-record-gemunit-g100000834232"],"sourceIds":["gem-global-integrated-power-tracker"],"sourceUrl":"https://www.gem.wiki/Zrachya_solar_project","technologies":["solar"],"technologyMixMw":{"solar":8.3},"unitCount":1,"unitIds":["gem-unit-G100000834232"]},"type":"Feature"},{"geometry":{"coordinates":[35.523,32.6463],"type":"Point"},"id":"wattlas-plant-gemplant-l100000905950","properties":{"aliases":["Afcon wind farm","Ma'ale Gilboa","Sirin"],"canonicalAnchor":"gemplant:L100000905950","canonicalCountryKey":"IL","capacityMw":22.0,"country":"IL","externalIdAliases":{"gemUnit":["G100000908133","G100000908134"]},"externalIds":{"gemPlant":"L100000905950","gemUnit":"G100000908133"},"gemWikiUrl":"https://www.gem.wiki/Afcon_wind_farm","geographyId":"IL-19161824B91089536365577","id":"wattlas-plant-gemplant-l100000905950","lifecycleCounts":{"operational":2},"locationPrecision":"exact","name":"Afcon wind farm","operatingCapacityCoverage":{"coveragePercent":100.0,"knownUnitCount":2,"method":"complete_unit_sum","provenance":{"evidenceCount":0,"recordIds":["wattlas-record-gemunit-g100000908133","wattlas-record-gemunit-g100000908134"],"sourceIds":["gem-global-integrated-power-tracker"],"sourceTypes":["research_verified"],"valueKind":"reported"},"totalUnitCount":2},"operatingCapacityMw":22.0,"operatingCapacityMwByTechnology":{"wind":22.0},"plannedCapacityCoverage":{"coveragePercent":0.0,"knownUnitCount":0,"method":"unavailable","totalUnitCount":0},"plannedCapacityMw":0.0,"plannedCapacityMwByTechnology":{},"recordCount":2,"recordIds":["wattlas-record-gemunit-g100000908133","wattlas-record-gemunit-g100000908134"],"sourceIds":["gem-global-integrated-power-tracker"],"sourceUrl":"https://www.gem.wiki/Afcon_wind_farm","technologies":["wind"],"technologyMixMw":{"wind":22.0},"unitCount":2,"unitIds":["gem-unit-G100000908133","gem-unit-G100000908134"]},"type":"Feature"},{"geometry":{"coordinates":[34.9315,32.6007],"type":"Point"},"id":"wattlas-plant-gemplant-l100001018501","properties":{"aliases":["--","Ma'ayan Tzvi solar farm"],"canonicalAnchor":"gemplant:L100001018501","canonicalCountryKey":"IL","capacityMw":31.0,"country":"IL","externalIds":{"gemPlant":"L100001018501","gemUnit":"G100001020668"},"gemWikiUrl":"https://www.gem.wiki/Ma'ayan_Tzvi_solar_farm","geographyId":"IL-19161824B12012272353046","id":"wattlas-plant-gemplant-l100001018501","lifecycleCounts":{"operational":1},"locationPrecision":"exact","name":"Ma'ayan Tzvi solar farm","operatingCapacityCoverage":{"coveragePercent":100.0,"knownUnitCount":1,"method":"complete_unit_sum","provenance":{"evidenceCount":0,"recordIds":["wattlas-record-gemunit-g100001020668"],"sourceIds":["gem-global-integrated-power-tracker"],"sourceTypes":["research_verified"],"valueKind":"reported"},"totalUnitCount":1},"operatingCapacityMw":31.0,"operatingCapacityMwByTechnology":{"solar":31.0},"plannedCapacityCoverage":{"coveragePercent":0.0,"knownUnitCount":0,"method":"unavailable","totalUnitCount":0},"plannedCapacityMw":0.0,"plannedCapacityMwByTechnology":{},"recordCount":1,"recordIds":["wattlas-record-gemunit-g100001020668"],"sourceIds":["gem-global-integrated-power-tracker"],"sourceUrl":"https://www.gem.wiki/Ma'ayan_Tzvi_solar_farm","technologies":["solar"],"technologyMixMw":{"solar":31.0},"unitCount":1,"unitIds":["gem-unit-G100001020668"]},"type":"Feature"},{"geometry":{"coordinates":[34.9921,29.7439],"type":"Point"},"id":"wattlas-plant-gemplant-l100001018504-a93347f3ac","properties":{"aliases":["4.0","Negev desert solar farm"],"canonicalAnchor":"gemplant:L100001018504","canonicalCountryKey":"IL","capacityMw":35.0,"country":"IL","externalIds":{"gemPlant":"L100001018504","gemUnit":"G100001020674"},"gemWikiUrl":"https://www.gem.wiki/Negev_desert_solar_farm","geographyId":"IL-19161824B24193204184747","id":"wattlas-plant-gemplant-l100001018504-a93347f3ac","lifecycleCounts":{"announced":1},"locationPrecision":"exact","name":"Negev desert solar farm","operatingCapacityCoverage":{"coveragePercent":0.0,"knownUnitCount":0,"method":"unavailable","totalUnitCount":0},"operatingCapacityMw":0.0,"operatingCapacityMwByTechnology":{},"plannedCapacityCoverage":{"coveragePercent":100.0,"knownUnitCount":1,"method":"complete_unit_sum","provenance":{"evidenceCount":0,"recordIds":["wattlas-record-gemunit-g100001020674"],"sourceIds":["gem-global-integrated-power-tracker"],"sourceTypes":["research_verified"],"valueKind":"reported"},"totalUnitCount":1},"plannedCapacityMw":35.0,"plannedCapacityMwByTechnology":{"solar":35.0},"recordCount":1,"recordIds":["wattlas-record-gemunit-g100001020674"],"sourceIds":["gem-global-integrated-power-tracker"],"sourceUrl":"https://www.gem.wiki/Negev_desert_solar_farm","technologies":["solar"],"technologyMixMw":{"solar":35.0},"unitCount":1,"unitIds":["gem-unit-G100001020674"]},"type":"Feature"},{"geometry":{"coordinates":[35.1504,30.3804],"type":"Point"},"id":"wattlas-plant-gemplant-l100001018507","properties":{"aliases":["--","Faran solar farm"],"canonicalAnchor":"gemplant:L100001018507","canonicalCountryKey":"IL","capacityMw":20.6,"country":"IL","externalIds":{"gemPlant":"L100001018507","gemUnit":"G100001020678"},"gemWikiUrl":"https://www.gem.wiki/Faran_solar_farm","geographyId":"IL-19161824B24193204184747","id":"wattlas-plant-gemplant-l100001018507","lifecycleCounts":{"operational":1},"locationPrecision":"exact","name":"Faran solar farm","operatingCapacityCoverage":{"coveragePercent":100.0,"knownUnitCount":1,"method":"complete_unit_sum","provenance":{"evidenceCount":0,"recordIds":["wattlas-record-gemunit-g100001020678"],"sourceIds":["gem-global-integrated-power-tracker"],"sourceTypes":["research_verified"],"valueKind":"reported"},"totalUnitCount":1},"operatingCapacityMw":20.6,"operatingCapacityMwByTechnology":{"solar":20.6},"plannedCapacityCoverage":{"coveragePercent":0.0,"knownUnitCount":0,"method":"unavailable","totalUnitCount":0},"plannedCapacityMw":0.0,"plannedCapacityMwByTechnology":{},"recordCount":1,"recordIds":["wattlas-record-gemunit-g100001020678"],"sourceIds":["gem-global-integrated-power-tracker"],"sourceUrl":"https://www.gem.wiki/Faran_solar_farm","technologies":["solar"],"technologyMixMw":{"solar":20.6},"unitCount":1,"unitIds":["gem-unit-G100001020678"]},"type":"Feature"},{"geometry":{"coordinates":[34.682,31.6148],"type":"Point"},"id":"wattlas-plant-gemplant-l100001025287","properties":{"aliases":["--","Lachish Regional Council solar project I"],"canonicalAnchor":"gemplant:L100001025287","canonicalCountryKey":"IL","capacityMw":7.8,"country":"IL","externalIds":{"gemPlant":"L100001025287","gemUnit":"G100001029968"},"gemWikiUrl":"https://www.gem.wiki/Lachish_Regional_Council_solar_project_I","geographyId":"IL-19161824B24193204184747","id":"wattlas-plant-gemplant-l100001025287","lifecycleCounts":{"operational":1},"locationPrecision":"exact","name":"Lachish Regional Council solar project I","operatingCapacityCoverage":{"coveragePercent":100.0,"knownUnitCount":1,"method":"complete_unit_sum","provenance":{"evidenceCount":0,"recordIds":["wattlas-record-gemunit-g100001029968"],"sourceIds":["gem-global-integrated-power-tracker"],"sourceTypes":["research_verified"],"valueKind":"reported"},"totalUnitCount":1},"operatingCapacityMw":7.8,"operatingCapacityMwByTechnology":{"solar":7.8},"plannedCapacityCoverage":{"coveragePercent":0.0,"knownUnitCount":0,"method":"unavailable","totalUnitCount":0},"plannedCapacityMw":0.0,"plannedCapacityMwByTechnology":{},"recordCount":1,"recordIds":["wattlas-record-gemunit-g100001029968"],"sourceIds":["gem-global-integrated-power-tracker"],"sourceUrl":"https://www.gem.wiki/Lachish_Regional_Council_solar_project_I","technologies":["solar"],"technologyMixMw":{"solar":7.8},"unitCount":1,"unitIds":["gem-unit-G100001029968"]},"type":"Feature"},{"geometry":{"coordinates":[34.6238,31.7027],"type":"Point"},"id":"wattlas-plant-gemplant-l100001025288","properties":{"aliases":["--","Hof Ashkelon Regional Council solar project I"],"canonicalAnchor":"gemplant:L100001025288","canonicalCountryKey":"IL","capacityMw":4.8,"country":"IL","externalIds":{"gemPlant":"L100001025288","gemUnit":"G100001029969"},"gemWikiUrl":"https://www.gem.wiki/Hof_Ashkelon_Regional_Council_solar_project_I","geographyId":"IL-19161824B24193204184747","id":"wattlas-plant-gemplant-l100001025288","lifecycleCounts":{"operational":1},"locationPrecision":"exact","name":"Hof Ashkelon Regional Council solar project I","operatingCapacityCoverage":{"coveragePercent":100.0,"knownUnitCount":1,"method":"complete_unit_sum","provenance":{"evidenceCount":0,"recordIds":["wattlas-record-gemunit-g100001029969"],"sourceIds":["gem-global-integrated-power-tracker"],"sourceTypes":["research_verified"],"valueKind":"reported"},"totalUnitCount":1},"operatingCapacityMw":4.8,"operatingCapacityMwByTechnology":{"solar":4.8},"plannedCapacityCoverage":{"coveragePercent":0.0,"knownUnitCount":0,"method":"unavailable","totalUnitCount":0},"plannedCapacityMw":0.0,"plannedCapacityMwByTechnology":{},"recordCount":1,"recordIds":["wattlas-record-gemunit-g100001029969"],"sourceIds":["gem-global-integrated-power-tracker"],"sourceUrl":"https://www.gem.wiki/Hof_Ashkelon_Regional_Council_solar_project_I","technologies":["solar"],"technologyMixMw":{"solar":4.8},"unitCount":1,"unitIds":["gem-unit-G100001029969"]},"type":"Feature"},{"geometry":{"coordinates":[35.3209,32.556],"type":"Point"},"id":"wattlas-plant-gemplant-l100001025289","properties":{"aliases":["--","Gilboa Regional Council solar project I"],"canonicalAnchor":"gemplant:L100001025289","canonicalCountryKey":"IL","capacityMw":6.2,"country":"IL","externalIds":{"gemPlant":"L100001025289","gemUnit":"G100001029970"},"gemWikiUrl":"https://www.gem.wiki/Gilboa_Regional_Council_solar_project_I","geographyId":"IL-19161824B91089536365577","id":"wattlas-plant-gemplant-l100001025289","lifecycleCounts":{"operational":1},"locationPrecision":"exact","name":"Gilboa Regional Council solar project I","operatingCapacityCoverage":{"coveragePercent":100.0,"knownUnitCount":1,"method":"complete_unit_sum","provenance":{"evidenceCount":0,"recordIds":["wattlas-record-gemunit-g100001029970"],"sourceIds":["gem-global-integrated-power-tracker"],"sourceTypes":["research_verified"],"valueKind":"reported"},"totalUnitCount":1},"operatingCapacityMw":6.2,"operatingCapacityMwByTechnology":{"solar":6.2},"plannedCapacityCoverage":{"coveragePercent":0.0,"knownUnitCount":0,"method":"unavailable","totalUnitCount":0},"plannedCapacityMw":0.0,"plannedCapacityMwByTechnology":{},"recordCount":1,"recordIds":["wattlas-record-gemunit-g100001029970"],"sourceIds":["gem-global-integrated-power-tracker"],"sourceUrl":"https://www.gem.wiki/Gilboa_Regional_Council_solar_project_I","technologies":["solar"],"technologyMixMw":{"solar":6.2},"unitCount":1,"unitIds":["gem-unit-G100001029970"]},"type":"Feature"},{"geometry":{"coordinates":[34.6696,31.5708],"type":"Point"},"id":"wattlas-plant-gemplant-l100001025290","properties":{"aliases":["--","Lachish Regional Council solar project II"],"canonicalAnchor":"gemplant:L100001025290","canonicalCountryKey":"IL","capacityMw":11.9,"country":"IL","externalIds":{"gemPlant":"L100001025290","gemUnit":"G100001029971"},"gemWikiUrl":"https://www.gem.wiki/Lachish_Regional_Council_solar_project_II","geographyId":"IL-19161824B24193204184747","id":"wattlas-plant-gemplant-l100001025290","lifecycleCounts":{"operational":1},"locationPrecision":"exact","name":"Lachish Regional Council solar project II","operatingCapacityCoverage":{"coveragePercent":100.0,"knownUnitCount":1,"method":"complete_unit_sum","provenance":{"evidenceCount":0,"recordIds":["wattlas-record-gemunit-g100001029971"],"sourceIds":["gem-global-integrated-power-tracker"],"sourceTypes":["research_verified"],"valueKind":"reported"},"totalUnitCount":1},"operatingCapacityMw":11.9,"operatingCapacityMwByTechnology":{"solar":11.9},"plannedCapacityCoverage":{"coveragePercent":0.0,"knownUnitCount":0,"method":"unavailable","totalUnitCount":0},"plannedCapacityMw":0.0,"plannedCapacityMwByTechnology":{},"recordCount":1,"recordIds":["wattlas-record-gemunit-g100001029971"],"sourceIds":["gem-global-integrated-power-tracker"],"sourceUrl":"https://www.gem.wiki/Lachish_Regional_Council_solar_project_II","technologies":["solar"],"technologyMixMw":{"solar":11.9},"unitCount":1,"unitIds":["gem-unit-G100001029971"]},"type":"Feature"},{"geometry":{"coordinates":[35.6202,33.025],"type":"Point"},"id":"wattlas-plant-gemplant-l100001025291","properties":{"aliases":["--","Galil Elyon Regional Council solar project I"],"canonicalAnchor":"gemplant:L100001025291","canonicalCountryKey":"IL","capacityMw":12.2,"country":"IL","externalIds":{"gemPlant":"L100001025291","gemUnit":"G100001029972"},"gemWikiUrl":"https://www.gem.wiki/Galil_Elyon_Regional_Council_solar_project_I","geographyId":"IL-19161824B91089536365577","id":"wattlas-plant-gemplant-l100001025291","lifecycleCounts":{"operational":1},"locationPrecision":"exact","name":"Galil Elyon Regional Council solar project I","operatingCapacityCoverage":{"coveragePercent":100.0,"knownUnitCount":1,"method":"complete_unit_sum","provenance":{"evidenceCount":0,"recordIds":["wattlas-record-gemunit-g100001029972"],"sourceIds":["gem-global-integrated-power-tracker"],"sourceTypes":["research_verified"],"valueKind":"reported"},"totalUnitCount":1},"operatingCapacityMw":12.2,"operatingCapacityMwByTechnology":{"solar":12.2},"plannedCapacityCoverage":{"coveragePercent":0.0,"knownUnitCount":0,"method":"unavailable","totalUnitCount":0},"plannedCapacityMw":0.0,"plannedCapacityMwByTechnology":{},"recordCount":1,"recordIds":["wattlas-record-gemunit-g100001029972"],"sourceIds":["gem-global-integrated-power-tracker"],"sourceUrl":"https://www.gem.wiki/Galil_Elyon_Regional_Council_solar_project_I","technologies":["solar"],"technologyMixMw":{"solar":12.2},"unitCount":1,"unitIds":["gem-unit-G100001029972"]},"type":"Feature"},{"geometry":{"coordinates":[34.5363,31.488],"type":"Point"},"id":"wattlas-plant-gemplant-l100001025292","properties":{"aliases":["--","Shaar Hanegev Regional Council solar project I"],"canonicalAnchor":"gemplant:L100001025292","canonicalCountryKey":"IL","capacityMw":6.2,"country":"IL","externalIds":{"gemPlant":"L100001025292","gemUnit":"G100001029973"},"gemWikiUrl":"https://www.gem.wiki/Shaar_Hanegev_Regional_Council_solar_project_I","geographyId":"IL-19161824B24193204184747","id":"wattlas-plant-gemplant-l100001025292","lifecycleCounts":{"operational":1},"locationPrecision":"exact","name":"Shaar Hanegev Regional Council solar project I","operatingCapacityCoverage":{"coveragePercent":100.0,"knownUnitCount":1,"method":"complete_unit_sum","provenance":{"evidenceCount":0,"recordIds":["wattlas-record-gemunit-g100001029973"],"sourceIds":["gem-global-integrated-power-tracker"],"sourceTypes":["research_verified"],"valueKind":"reported"},"totalUnitCount":1},"operatingCapacityMw":6.2,"operatingCapacityMwByTechnology":{"solar":6.2},"plannedCapacityCoverage":{"coveragePercent":0.0,"knownUnitCount":0,"method":"unavailable","totalUnitCount":0},"plannedCapacityMw":0.0,"plannedCapacityMwByTechnology":{},"recordCount":1,"recordIds":["wattlas-record-gemunit-g100001029973"],"sourceIds":["gem-global-integrated-power-tracker"],"sourceUrl":"https://www.gem.wiki/Shaar_Hanegev_Regional_Council_solar_project_I","technologies":["solar"],"technologyMixMw":{"solar":6.2},"unitCount":1,"unitIds":["gem-unit-G100001029973"]},"type":"Feature"},{"geometry":{"coordinates":[34.8219,31.4062],"type":"Point"},"id":"wattlas-plant-gemplant-l100001025293","properties":{"aliases":["--","Bnei Shimon Regional Council solar project I"],"canonicalAnchor":"gemplant:L100001025293","canonicalCountryKey":"IL","capacityMw":7.0,"country":"IL","externalIds":{"gemPlant":"L100001025293","gemUnit":"G100001029974"},"gemWikiUrl":"https://www.gem.wiki/Bnei_Shimon_Regional_Council_solar_project_I","geographyId":"IL-19161824B24193204184747","id":"wattlas-plant-gemplant-l100001025293","lifecycleCounts":{"operational":1},"locationPrecision":"exact","name":"Bnei Shimon Regional Council solar project I","operatingCapacityCoverage":{"coveragePercent":100.0,"knownUnitCount":1,"method":"complete_unit_sum","provenance":{"evidenceCount":0,"recordIds":["wattlas-record-gemunit-g100001029974"],"sourceIds":["gem-global-integrated-power-tracker"],"sourceTypes":["research_verified"],"valueKind":"reported"},"totalUnitCount":1},"operatingCapacityMw":7.0,"operatingCapacityMwByTechnology":{"solar":7.0},"plannedCapacityCoverage":{"coveragePercent":0.0,"knownUnitCount":0,"method":"unavailable","totalUnitCount":0},"plannedCapacityMw":0.0,"plannedCapacityMwByTechnology":{},"recordCount":1,"recordIds":["wattlas-record-gemunit-g100001029974"],"sourceIds":["gem-global-integrated-power-tracker"],"sourceUrl":"https://www.gem.wiki/Bnei_Shimon_Regional_Council_solar_project_I","technologies":["solar"],"technologyMixMw":{"solar":7.0},"unitCount":1,"unitIds":["gem-unit-G100001029974"]},"type":"Feature"},{"geometry":{"coordinates":[35.2975,30.8028],"type":"Point"},"id":"wattlas-plant-gemplant-l100001025294","properties":{"aliases":["--","Arava Tichona Regional Council solar project I"],"canonicalAnchor":"gemplant:L100001025294","canonicalCountryKey":"IL","capacityMw":3.8,"country":"IL","externalIds":{"gemPlant":"L100001025294","gemUnit":"G100001029975"},"gemWikiUrl":"https://www.gem.wiki/Arava_Tichona_Regional_Council_solar_project_I","geographyId":"IL-19161824B24193204184747","id":"wattlas-plant-gemplant-l100001025294","lifecycleCounts":{"operational":1},"locationPrecision":"exact","name":"Arava Tichona Regional Council solar project I","operatingCapacityCoverage":{"coveragePercent":100.0,"knownUnitCount":1,"method":"complete_unit_sum","provenance":{"evidenceCount":0,"recordIds":["wattlas-record-gemunit-g100001029975"],"sourceIds":["gem-global-integrated-power-tracker"],"sourceTypes":["research_verified"],"valueKind":"reported"},"totalUnitCount":1},"operatingCapacityMw":3.8,"operatingCapacityMwByTechnology":{"solar":3.8},"plannedCapacityCoverage":{"coveragePercent":0.0,"knownUnitCount":0,"method":"unavailable","totalUnitCount":0},"plannedCapacityMw":0.0,"plannedCapacityMwByTechnology":{},"recordCount":1,"recordIds":["wattlas-record-gemunit-g100001029975"],"sourceIds":["gem-global-integrated-power-tracker"],"sourceUrl":"https://www.gem.wiki/Arava_Tichona_Regional_Council_solar_project_I","technologies":["solar"],"technologyMixMw":{"solar":3.8},"unitCount":1,"unitIds":["gem-unit-G100001029975"]},"type":"Feature"},{"geometry":{"coordinates":[34.5862,31.3394],"type":"Point"},"id":"wattlas-plant-gemplant-l100001025295","properties":{"aliases":["--","Merhavim Regional Council solar project I"],"canonicalAnchor":"gemplant:L100001025295","canonicalCountryKey":"IL","capacityMw":9.9,"country":"IL","externalIds":{"gemPlant":"L100001025295","gemUnit":"G100001029976"},"gemWikiUrl":"https://www.gem.wiki/Merhavim_Regional_Council_solar_project_I","geographyId":"IL-19161824B24193204184747","id":"wattlas-plant-gemplant-l100001025295","lifecycleCounts":{"operational":1},"locationPrecision":"exact","name":"Merhavim Regional Council solar project I","operatingCapacityCoverage":{"coveragePercent":100.0,"knownUnitCount":1,"method":"complete_unit_sum","provenance":{"evidenceCount":0,"recordIds":["wattlas-record-gemunit-g100001029976"],"sourceIds":["gem-global-integrated-power-tracker"],"sourceTypes":["research_verified"],"valueKind":"reported"},"totalUnitCount":1},"operatingCapacityMw":9.9,"operatingCapacityMwByTechnology":{"solar":9.9},"plannedCapacityCoverage":{"coveragePercent":0.0,"knownUnitCount":0,"method":"unavailable","totalUnitCount":0},"plannedCapacityMw":0.0,"plannedCapacityMwByTechnology":{},"recordCount":1,"recordIds":["wattlas-record-gemunit-g100001029976"],"sourceIds":["gem-global-integrated-power-tracker"],"sourceUrl":"https://www.gem.wiki/Merhavim_Regional_Council_solar_project_I","technologies":["solar"],"technologyMixMw":{"solar":9.9},"unitCount":1,"unitIds":["gem-unit-G100001029976"]},"type":"Feature"},{"geometry":{"coordinates":[34.6776,30.7502],"type":"Point"},"id":"wattlas-plant-gemplant-l100001025296","properties":{"aliases":["--","Ramat Negev Regional Council solar project I"],"canonicalAnchor":"gemplant:L100001025296","canonicalCountryKey":"IL","capacityMw":5.6,"country":"IL","externalIds":{"gemPlant":"L100001025296","gemUnit":"G100001029977"},"gemWikiUrl":"https://www.gem.wiki/Ramat_Negev_Regional_Council_solar_project_I","geographyId":"IL-19161824B24193204184747","id":"wattlas-plant-gemplant-l100001025296","lifecycleCounts":{"operational":1},"locationPrecision":"exact","name":"Ramat Negev Regional Council solar project I","operatingCapacityCoverage":{"coveragePercent":100.0,"knownUnitCount":1,"method":"complete_unit_sum","provenance":{"evidenceCount":0,"recordIds":["wattlas-record-gemunit-g100001029977"],"sourceIds":["gem-global-integrated-power-tracker"],"sourceTypes":["research_verified"],"valueKind":"reported"},"totalUnitCount":1},"operatingCapacityMw":5.6,"operatingCapacityMwByTechnology":{"solar":5.6},"plannedCapacityCoverage":{"coveragePercent":0.0,"knownUnitCount":0,"method":"unavailable","totalUnitCount":0},"plannedCapacityMw":0.0,"plannedCapacityMwByTechnology":{},"recordCount":1,"recordIds":["wattlas-record-gemunit-g100001029977"],"sourceIds":["gem-global-integrated-power-tracker"],"sourceUrl":"https://www.gem.wiki/Ramat_Negev_Regional_Council_solar_project_I","technologies":["solar"],"technologyMixMw":{"solar":5.6},"unitCount":1,"unitIds":["gem-unit-G100001029977"]},"type":"Feature"},{"geometry":{"coordinates":[34.9452,32.4724],"type":"Point"},"id":"wattlas-plant-gemplant-l100001025297","properties":{"aliases":["--","Pardes Hana - Karkur solar project"],"canonicalAnchor":"gemplant:L100001025297","canonicalCountryKey":"IL","capacityMw":1.5,"country":"IL","externalIds":{"gemPlant":"L100001025297","gemUnit":"G100001029978"},"gemWikiUrl":"https://www.gem.wiki/Pardes_Hana_-_Karkur_solar_project","geographyId":"IL-19161824B12012272353046","id":"wattlas-plant-gemplant-l100001025297","lifecycleCounts":{"operational":1},"locationPrecision":"exact","name":"Pardes Hana - Karkur solar project","operatingCapacityCoverage":{"coveragePercent":100.0,"knownUnitCount":1,"method":"complete_unit_sum","provenance":{"evidenceCount":0,"recordIds":["wattlas-record-gemunit-g100001029978"],"sourceIds":["gem-global-integrated-power-tracker"],"sourceTypes":["research_verified"],"valueKind":"reported"},"totalUnitCount":1},"operatingCapacityMw":1.5,"operatingCapacityMwByTechnology":{"solar":1.5},"plannedCapacityCoverage":{"coveragePercent":0.0,"knownUnitCount":0,"method":"unavailable","totalUnitCount":0},"plannedCapacityMw":0.0,"plannedCapacityMwByTechnology":{},"recordCount":1,"recordIds":["wattlas-record-gemunit-g100001029978"],"sourceIds":["gem-global-integrated-power-tracker"],"sourceUrl":"https://www.gem.wiki/Pardes_Hana_-_Karkur_solar_project","technologies":["solar"],"technologyMixMw":{"solar":1.5},"unitCount":1,"unitIds":["gem-unit-G100001029978"]},"type":"Feature"},{"geometry":{"coordinates":[34.8099,31.2425],"type":"Point"},"id":"wattlas-plant-gemplant-l100001025298","properties":{"aliases":["--","Be'Er Sheva solar project"],"canonicalAnchor":"gemplant:L100001025298","canonicalCountryKey":"IL","capacityMw":7.6,"country":"IL","externalIds":{"gemPlant":"L100001025298","gemUnit":"G100001029979"},"gemWikiUrl":"https://www.gem.wiki/Be'Er_Sheva_solar_project","geographyId":"IL-19161824B24193204184747","id":"wattlas-plant-gemplant-l100001025298","lifecycleCounts":{"operational":1},"locationPrecision":"exact","name":"Be'Er Sheva solar project","operatingCapacityCoverage":{"coveragePercent":100.0,"knownUnitCount":1,"method":"complete_unit_sum","provenance":{"evidenceCount":0,"recordIds":["wattlas-record-gemunit-g100001029979"],"sourceIds":["gem-global-integrated-power-tracker"],"sourceTypes":["research_verified"],"valueKind":"reported"},"totalUnitCount":1},"operatingCapacityMw":7.6,"operatingCapacityMwByTechnology":{"solar":7.6},"plannedCapacityCoverage":{"coveragePercent":0.0,"knownUnitCount":0,"method":"unavailable","totalUnitCount":0},"plannedCapacityMw":0.0,"plannedCapacityMwByTechnology":{},"recordCount":1,"recordIds":["wattlas-record-gemunit-g100001029979"],"sourceIds":["gem-global-integrated-power-tracker"],"sourceUrl":"https://www.gem.wiki/Be'Er_Sheva_solar_project","technologies":["solar"],"technologyMixMw":{"solar":7.6},"unitCount":1,"unitIds":["gem-unit-G100001029979"]},"type":"Feature"},{"geometry":{"coordinates":[34.616,31.3716],"type":"Point"},"id":"wattlas-plant-gemplant-l100001025299","properties":{"aliases":["--","Bnei Shimon Regional Council solar project II"],"canonicalAnchor":"gemplant:L100001025299","canonicalCountryKey":"IL","capacityMw":14.4,"country":"IL","externalIds":{"gemPlant":"L100001025299","gemUnit":"G100001029980"},"gemWikiUrl":"https://www.gem.wiki/Bnei_Shimon_Regional_Council_solar_project_II","geographyId":"IL-19161824B24193204184747","id":"wattlas-plant-gemplant-l100001025299","lifecycleCounts":{"operational":1},"locationPrecision":"exact","name":"Bnei Shimon Regional Council solar project II","operatingCapacityCoverage":{"coveragePercent":100.0,"knownUnitCount":1,"method":"complete_unit_sum","provenance":{"evidenceCount":0,"recordIds":["wattlas-record-gemunit-g100001029980"],"sourceIds":["gem-global-integrated-power-tracker"],"sourceTypes":["research_verified"],"valueKind":"reported"},"totalUnitCount":1},"operatingCapacityMw":14.4,"operatingCapacityMwByTechnology":{"solar":14.4},"plannedCapacityCoverage":{"coveragePercent":0.0,"knownUnitCount":0,"method":"unavailable","totalUnitCount":0},"plannedCapacityMw":0.0,"plannedCapacityMwByTechnology":{},"recordCount":1,"recordIds":["wattlas-record-gemunit-g100001029980"],"sourceIds":["gem-global-integrated-power-tracker"],"sourceUrl":"https://www.gem.wiki/Bnei_Shimon_Regional_Council_solar_project_II","technologies":["solar"],"technologyMixMw":{"solar":14.4},"unitCount":1,"unitIds":["gem-unit-G100001029980"]},"type":"Feature"},{"geometry":{"coordinates":[35.1253,32.7922],"type":"Point"},"id":"wattlas-plant-gemplant-l100001025300","properties":{"aliases":["--","Zvulun Regional Council solar project"],"canonicalAnchor":"gemplant:L100001025300","canonicalCountryKey":"IL","capacityMw":2.1,"country":"IL","externalIds":{"gemPlant":"L100001025300","gemUnit":"G100001029981"},"gemWikiUrl":"https://www.gem.wiki/Zvulun_Regional_Council_solar_project","geographyId":"IL-19161824B12012272353046","id":"wattlas-plant-gemplant-l100001025300","lifecycleCounts":{"operational":1},"locationPrecision":"exact","name":"Zvulun Regional Council solar project","operatingCapacityCoverage":{"coveragePercent":100.0,"knownUnitCount":1,"method":"complete_unit_sum","provenance":{"evidenceCount":0,"recordIds":["wattlas-record-gemunit-g100001029981"],"sourceIds":["gem-global-integrated-power-tracker"],"sourceTypes":["research_verified"],"valueKind":"reported"},"totalUnitCount":1},"operatingCapacityMw":2.1,"operatingCapacityMwByTechnology":{"solar":2.1},"plannedCapacityCoverage":{"coveragePercent":0.0,"knownUnitCount":0,"method":"unavailable","totalUnitCount":0},"plannedCapacityMw":0.0,"plannedCapacityMwByTechnology":{},"recordCount":1,"recordIds":["wattlas-record-gemunit-g100001029981"],"sourceIds":["gem-global-integrated-power-tracker"],"sourceUrl":"https://www.gem.wiki/Zvulun_Regional_Council_solar_project","technologies":["solar"],"technologyMixMw":{"solar":2.1},"unitCount":1,"unitIds":["gem-unit-G100001029981"]},"type":"Feature"},{"geometry":{"coordinates":[34.8465,31.2556],"type":"Point"},"id":"wattlas-plant-gemplant-l100001025301","properties":{"aliases":["--","South District solar project I"],"canonicalAnchor":"gemplant:L100001025301","canonicalCountryKey":"IL","capacityMw":7.3,"country":"IL","externalIds":{"gemPlant":"L100001025301","gemUnit":"G100001029982"},"gemWikiUrl":"https://www.gem.wiki/South_District_solar_project_I","geographyId":"IL-19161824B24193204184747","id":"wattlas-plant-gemplant-l100001025301","lifecycleCounts":{"operational":1},"locationPrecision":"exact","name":"South District solar project I","operatingCapacityCoverage":{"coveragePercent":100.0,"knownUnitCount":1,"method":"complete_unit_sum","provenance":{"evidenceCount":0,"recordIds":["wattlas-record-gemunit-g100001029982"],"sourceIds":["gem-global-integrated-power-tracker"],"sourceTypes":["research_verified"],"valueKind":"reported"},"totalUnitCount":1},"operatingCapacityMw":7.3,"operatingCapacityMwByTechnology":{"solar":7.3},"plannedCapacityCoverage":{"coveragePercent":0.0,"knownUnitCount":0,"method":"unavailable","totalUnitCount":0},"plannedCapacityMw":0.0,"plannedCapacityMwByTechnology":{},"recordCount":1,"recordIds":["wattlas-record-gemunit-g100001029982"],"sourceIds":["gem-global-integrated-power-tracker"],"sourceUrl":"https://www.gem.wiki/South_District_solar_project_I","technologies":["solar"],"technologyMixMw":{"solar":7.3},"unitCount":1,"unitIds":["gem-unit-G100001029982"]},"type":"Feature"},{"geometry":{"coordinates":[34.918,32.5617],"type":"Point"},"id":"wattlas-plant-gemplant-l100001025302","properties":{"aliases":["--","Hof Hacarmel Regional Council solar project I"],"canonicalAnchor":"gemplant:L100001025302","canonicalCountryKey":"IL","capacityMw":1.5,"country":"IL","externalIds":{"gemPlant":"L100001025302","gemUnit":"G100001029983"},"gemWikiUrl":"https://www.gem.wiki/Hof_Hacarmel_Regional_Council_solar_project_I","geographyId":"IL-19161824B12012272353046","id":"wattlas-plant-gemplant-l100001025302","lifecycleCounts":{"operational":1},"locationPrecision":"exact","name":"Hof Hacarmel Regional Council solar project I","operatingCapacityCoverage":{"coveragePercent":100.0,"knownUnitCount":1,"method":"complete_unit_sum","provenance":{"evidenceCount":0,"recordIds":["wattlas-record-gemunit-g100001029983"],"sourceIds":["gem-global-integrated-power-tracker"],"sourceTypes":["research_verified"],"valueKind":"reported"},"totalUnitCount":1},"operatingCapacityMw":1.5,"operatingCapacityMwByTechnology":{"solar":1.5},"plannedCapacityCoverage":{"coveragePercent":0.0,"knownUnitCount":0,"method":"unavailable","totalUnitCount":0},"plannedCapacityMw":0.0,"plannedCapacityMwByTechnology":{},"recordCount":1,"recordIds":["wattlas-record-gemunit-g100001029983"],"sourceIds":["gem-global-integrated-power-tracker"],"sourceUrl":"https://www.gem.wiki/Hof_Hacarmel_Regional_Council_solar_project_I","technologies":["solar"],"technologyMixMw":{"solar":1.5},"unitCount":1,"unitIds":["gem-unit-G100001029983"]},"type":"Feature"},{"geometry":{"coordinates":[35.275,30.7561],"type":"Point"},"id":"wattlas-plant-gemplant-l100001025303","properties":{"aliases":["--","Arava Tichona Regional Council solar project II"],"canonicalAnchor":"gemplant:L100001025303","canonicalCountryKey":"IL","capacityMw":12.7,"country":"IL","externalIds":{"gemPlant":"L100001025303","gemUnit":"G100001029984"},"gemWikiUrl":"https://www.gem.wiki/Arava_Tichona_Regional_Council_solar_project_II","geographyId":"IL-19161824B24193204184747","id":"wattlas-plant-gemplant-l100001025303","lifecycleCounts":{"operational":1},"locationPrecision":"exact","name":"Arava Tichona Regional Council solar project II","operatingCapacityCoverage":{"coveragePercent":100.0,"knownUnitCount":1,"method":"complete_unit_sum","provenance":{"evidenceCount":0,"recordIds":["wattlas-record-gemunit-g100001029984"],"sourceIds":["gem-global-integrated-power-tracker"],"sourceTypes":["research_verified"],"valueKind":"reported"},"totalUnitCount":1},"operatingCapacityMw":12.7,"operatingCapacityMwByTechnology":{"solar":12.7},"plannedCapacityCoverage":{"coveragePercent":0.0,"knownUnitCount":0,"method":"unavailable","totalUnitCount":0},"plannedCapacityMw":0.0,"plannedCapacityMwByTechnology":{},"recordCount":1,"recordIds":["wattlas-record-gemunit-g100001029984"],"sourceIds":["gem-global-integrated-power-tracker"],"sourceUrl":"https://www.gem.wiki/Arava_Tichona_Regional_Council_solar_project_II","technologies":["solar"],"technologyMixMw":{"solar":12.7},"unitCount":1,"unitIds":["gem-unit-G100001029984"]},"type":"Feature"},{"geometry":{"coordinates":[34.8847,31.4244],"type":"Point"},"id":"wattlas-plant-gemplant-l100001025304","properties":{"aliases":["--","Bnei Shimon Regional Council solar project III"],"canonicalAnchor":"gemplant:L100001025304","canonicalCountryKey":"IL","capacityMw":3.4,"country":"IL","externalIds":{"gemPlant":"L100001025304","gemUnit":"G100001029985"},"gemWikiUrl":"https://www.gem.wiki/Bnei_Shimon_Regional_Council_solar_project_III","geographyId":"IL-19161824B24193204184747","id":"wattlas-plant-gemplant-l100001025304","lifecycleCounts":{"operational":1},"locationPrecision":"exact","name":"Bnei Shimon Regional Council solar project III","operatingCapacityCoverage":{"coveragePercent":100.0,"knownUnitCount":1,"method":"complete_unit_sum","provenance":{"evidenceCount":0,"recordIds":["wattlas-record-gemunit-g100001029985"],"sourceIds":["gem-global-integrated-power-tracker"],"sourceTypes":["research_verified"],"valueKind":"reported"},"totalUnitCount":1},"operatingCapacityMw":3.4,"operatingCapacityMwByTechnology":{"solar":3.4},"plannedCapacityCoverage":{"coveragePercent":0.0,"knownUnitCount":0,"method":"unavailable","totalUnitCount":0},"plannedCapacityMw":0.0,"plannedCapacityMwByTechnology":{},"recordCount":1,"recordIds":["wattlas-record-gemunit-g100001029985"],"sourceIds":["gem-global-integrated-power-tracker"],"sourceUrl":"https://www.gem.wiki/Bnei_Shimon_Regional_Council_solar_project_III","technologies":["solar"],"technologyMixMw":{"solar":3.4},"unitCount":1,"unitIds":["gem-unit-G100001029985"]},"type":"Feature"},{"geometry":{"coordinates":[34.7557,31.5541],"type":"Point"},"id":"wattlas-plant-gemplant-l100001025305","properties":{"aliases":["--","Shafir Regional Council solar project"],"canonicalAnchor":"gemplant:L100001025305","canonicalCountryKey":"IL","capacityMw":2.6,"country":"IL","externalIds":{"gemPlant":"L100001025305","gemUnit":"G100001029986"},"gemWikiUrl":"https://www.gem.wiki/Shafir_Regional_Council_solar_project","geographyId":"IL-19161824B24193204184747","id":"wattlas-plant-gemplant-l100001025305","lifecycleCounts":{"operational":1},"locationPrecision":"exact","name":"Shafir Regional Council solar project","operatingCapacityCoverage":{"coveragePercent":100.0,"knownUnitCount":1,"method":"complete_unit_sum","provenance":{"evidenceCount":0,"recordIds":["wattlas-record-gemunit-g100001029986"],"sourceIds":["gem-global-integrated-power-tracker"],"sourceTypes":["research_verified"],"valueKind":"reported"},"totalUnitCount":1},"operatingCapacityMw":2.6,"operatingCapacityMwByTechnology":{"solar":2.6},"plannedCapacityCoverage":{"coveragePercent":0.0,"knownUnitCount":0,"method":"unavailable","totalUnitCount":0},"plannedCapacityMw":0.0,"plannedCapacityMwByTechnology":{},"recordCount":1,"recordIds":["wattlas-record-gemunit-g100001029986"],"sourceIds":["gem-global-integrated-power-tracker"],"sourceUrl":"https://www.gem.wiki/Shafir_Regional_Council_solar_project","technologies":["solar"],"technologyMixMw":{"solar":2.6},"unitCount":1,"unitIds":["gem-unit-G100001029986"]},"type":"Feature"},{"geometry":{"coordinates":[34.7972,31.0117],"type":"Point"},"id":"wattlas-plant-gemplant-l100001025306","properties":{"aliases":["--","Ramat Negev Regional Council solar project II"],"canonicalAnchor":"gemplant:L100001025306","canonicalCountryKey":"IL","capacityMw":5.0,"country":"IL","externalIds":{"gemPlant":"L100001025306","gemUnit":"G100001029987"},"gemWikiUrl":"https://www.gem.wiki/Ramat_Negev_Regional_Council_solar_project_II","geographyId":"IL-19161824B24193204184747","id":"wattlas-plant-gemplant-l100001025306","lifecycleCounts":{"operational":1},"locationPrecision":"exact","name":"Ramat Negev Regional Council solar project II","operatingCapacityCoverage":{"coveragePercent":100.0,"knownUnitCount":1,"method":"complete_unit_sum","provenance":{"evidenceCount":0,"recordIds":["wattlas-record-gemunit-g100001029987"],"sourceIds":["gem-global-integrated-power-tracker"],"sourceTypes":["research_verified"],"valueKind":"reported"},"totalUnitCount":1},"operatingCapacityMw":5.0,"operatingCapacityMwByTechnology":{"solar":5.0},"plannedCapacityCoverage":{"coveragePercent":0.0,"knownUnitCount":0,"method":"unavailable","totalUnitCount":0},"plannedCapacityMw":0.0,"plannedCapacityMwByTechnology":{},"recordCount":1,"recordIds":["wattlas-record-gemunit-g100001029987"],"sourceIds":["gem-global-integrated-power-tracker"],"sourceUrl":"https://www.gem.wiki/Ramat_Negev_Regional_Council_solar_project_II","technologies":["solar"],"technologyMixMw":{"solar":5.0},"unitCount":1,"unitIds":["gem-unit-G100001029987"]},"type":"Feature"},{"geometry":{"coordinates":[34.8552,31.6332],"type":"Point"},"id":"wattlas-plant-gemplant-l100001025307","properties":{"aliases":["--","Yoav Regional Council solar project I"],"canonicalAnchor":"gemplant:L100001025307","canonicalCountryKey":"IL","capacityMw":8.1,"country":"IL","externalIds":{"gemPlant":"L100001025307","gemUnit":"G100001029988"},"gemWikiUrl":"https://www.gem.wiki/Yoav_Regional_Council_solar_project_I","geographyId":"IL-19161824B24193204184747","id":"wattlas-plant-gemplant-l100001025307","lifecycleCounts":{"operational":1},"locationPrecision":"exact","name":"Yoav Regional Council solar project I","operatingCapacityCoverage":{"coveragePercent":100.0,"knownUnitCount":1,"method":"complete_unit_sum","provenance":{"evidenceCount":0,"recordIds":["wattlas-record-gemunit-g100001029988"],"sourceIds":["gem-global-integrated-power-tracker"],"sourceTypes":["research_verified"],"valueKind":"reported"},"totalUnitCount":1},"operatingCapacityMw":8.1,"operatingCapacityMwByTechnology":{"solar":8.1},"plannedCapacityCoverage":{"coveragePercent":0.0,"knownUnitCount":0,"method":"unavailable","totalUnitCount":0},"plannedCapacityMw":0.0,"plannedCapacityMwByTechnology":{},"recordCount":1,"recordIds":["wattlas-record-gemunit-g100001029988"],"sourceIds":["gem-global-integrated-power-tracker"],"sourceUrl":"https://www.gem.wiki/Yoav_Regional_Council_solar_project_I","technologies":["solar"],"technologyMixMw":{"solar":8.1},"unitCount":1,"unitIds":["gem-unit-G100001029988"]},"type":"Feature"},{"geometry":{"coordinates":[34.437,30.9042],"type":"Point"},"id":"wattlas-plant-gemplant-l100001025308","properties":{"aliases":["--","Ramat Negev Regional Council solar project III"],"canonicalAnchor":"gemplant:L100001025308","canonicalCountryKey":"IL","capacityMw":3.2,"country":"IL","externalIds":{"gemPlant":"L100001025308","gemUnit":"G100001029989"},"gemWikiUrl":"https://www.gem.wiki/Ramat_Negev_Regional_Council_solar_project_III","geographyId":"IL-19161824B24193204184747","id":"wattlas-plant-gemplant-l100001025308","lifecycleCounts":{"operational":1},"locationPrecision":"exact","name":"Ramat Negev Regional Council solar project III","operatingCapacityCoverage":{"coveragePercent":100.0,"knownUnitCount":1,"method":"complete_unit_sum","provenance":{"evidenceCount":0,"recordIds":["wattlas-record-gemunit-g100001029989"],"sourceIds":["gem-global-integrated-power-tracker"],"sourceTypes":["research_verified"],"valueKind":"reported"},"totalUnitCount":1},"operatingCapacityMw":3.2,"operatingCapacityMwByTechnology":{"solar":3.2},"plannedCapacityCoverage":{"coveragePercent":0.0,"knownUnitCount":0,"method":"unavailable","totalUnitCount":0},"plannedCapacityMw":0.0,"plannedCapacityMwByTechnology":{},"recordCount":1,"recordIds":["wattlas-record-gemunit-g100001029989"],"sourceIds":["gem-global-integrated-power-tracker"],"sourceUrl":"https://www.gem.wiki/Ramat_Negev_Regional_Council_solar_project_III","technologies":["solar"],"technologyMixMw":{"solar":3.2},"unitCount":1,"unitIds":["gem-unit-G100001029989"]},"type":"Feature"},{"geometry":{"coordinates":[34.6296,31.3564],"type":"Point"},"id":"wattlas-plant-gemplant-l100001025310","properties":{"aliases":["--","Bnei Shimon Regional Council solar project IV"],"canonicalAnchor":"gemplant:L100001025310","canonicalCountryKey":"IL","capacityMw":8.4,"country":"IL","externalIds":{"gemPlant":"L100001025310","gemUnit":"G100001029991"},"gemWikiUrl":"https://www.gem.wiki/Bnei_Shimon_Regional_Council_solar_project_IV","geographyId":"IL-19161824B24193204184747","id":"wattlas-plant-gemplant-l100001025310","lifecycleCounts":{"operational":1},"locationPrecision":"exact","name":"Bnei Shimon Regional Council solar project IV","operatingCapacityCoverage":{"coveragePercent":100.0,"knownUnitCount":1,"method":"complete_unit_sum","provenance":{"evidenceCount":0,"recordIds":["wattlas-record-gemunit-g100001029991"],"sourceIds":["gem-global-integrated-power-tracker"],"sourceTypes":["research_verified"],"valueKind":"reported"},"totalUnitCount":1},"operatingCapacityMw":8.4,"operatingCapacityMwByTechnology":{"solar":8.4},"plannedCapacityCoverage":{"coveragePercent":0.0,"knownUnitCount":0,"method":"unavailable","totalUnitCount":0},"plannedCapacityMw":0.0,"plannedCapacityMwByTechnology":{},"recordCount":1,"recordIds":["wattlas-record-gemunit-g100001029991"],"sourceIds":["gem-global-integrated-power-tracker"],"sourceUrl":"https://www.gem.wiki/Bnei_Shimon_Regional_Council_solar_project_IV","technologies":["solar"],"technologyMixMw":{"solar":8.4},"unitCount":1,"unitIds":["gem-unit-G100001029991"]},"type":"Feature"},{"geometry":{"coordinates":[34.5522,31.6026],"type":"Point"},"id":"wattlas-plant-gemplant-l100001025311","properties":{"aliases":["--","Hof Ashkelon Regional Council solar project II"],"canonicalAnchor":"gemplant:L100001025311","canonicalCountryKey":"IL","capacityMw":8.9,"country":"IL","externalIds":{"gemPlant":"L100001025311","gemUnit":"G100001029992"},"gemWikiUrl":"https://www.gem.wiki/Hof_Ashkelon_Regional_Council_solar_project_II","geographyId":"IL-19161824B24193204184747","id":"wattlas-plant-gemplant-l100001025311","lifecycleCounts":{"operational":1},"locationPrecision":"exact","name":"Hof Ashkelon Regional Council solar project II","operatingCapacityCoverage":{"coveragePercent":100.0,"knownUnitCount":1,"method":"complete_unit_sum","provenance":{"evidenceCount":0,"recordIds":["wattlas-record-gemunit-g100001029992"],"sourceIds":["gem-global-integrated-power-tracker"],"sourceTypes":["research_verified"],"valueKind":"reported"},"totalUnitCount":1},"operatingCapacityMw":8.9,"operatingCapacityMwByTechnology":{"solar":8.9},"plannedCapacityCoverage":{"coveragePercent":0.0,"knownUnitCount":0,"method":"unavailable","totalUnitCount":0},"plannedCapacityMw":0.0,"plannedCapacityMwByTechnology":{},"recordCount":1,"recordIds":["wattlas-record-gemunit-g100001029992"],"sourceIds":["gem-global-integrated-power-tracker"],"sourceUrl":"https://www.gem.wiki/Hof_Ashkelon_Regional_Council_solar_project_II","technologies":["solar"],"technologyMixMw":{"solar":8.9},"unitCount":1,"unitIds":["gem-unit-G100001029992"]},"type":"Feature"},{"geometry":{"coordinates":[35.4756,32.8951],"type":"Point"},"id":"wattlas-plant-gemplant-l100001025312","properties":{"aliases":["--","Galil Elyon Regional Council solar project II"],"canonicalAnchor":"gemplant:L100001025312","canonicalCountryKey":"IL","capacityMw":6.5,"country":"IL","externalIds":{"gemPlant":"L100001025312","gemUnit":"G100001029993"},"gemWikiUrl":"https://www.gem.wiki/Galil_Elyon_Regional_Council_solar_project_II","geographyId":"IL-19161824B91089536365577","id":"wattlas-plant-gemplant-l100001025312","lifecycleCounts":{"operational":1},"locationPrecision":"exact","name":"Galil Elyon Regional Council solar project II","operatingCapacityCoverage":{"coveragePercent":100.0,"knownUnitCount":1,"method":"complete_unit_sum","provenance":{"evidenceCount":0,"recordIds":["wattlas-record-gemunit-g100001029993"],"sourceIds":["gem-global-integrated-power-tracker"],"sourceTypes":["research_verified"],"valueKind":"reported"},"totalUnitCount":1},"operatingCapacityMw":6.5,"operatingCapacityMwByTechnology":{"solar":6.5},"plannedCapacityCoverage":{"coveragePercent":0.0,"knownUnitCount":0,"method":"unavailable","totalUnitCount":0},"plannedCapacityMw":0.0,"plannedCapacityMwByTechnology":{},"recordCount":1,"recordIds":["wattlas-record-gemunit-g100001029993"],"sourceIds":["gem-global-integrated-power-tracker"],"sourceUrl":"https://www.gem.wiki/Galil_Elyon_Regional_Council_solar_project_II","technologies":["solar"],"technologyMixMw":{"solar":6.5},"unitCount":1,"unitIds":["gem-unit-G100001029993"]},"type":"Feature"},{"geometry":{"coordinates":[34.7143,31.6018],"type":"Point"},"id":"wattlas-plant-gemplant-l100001025314","properties":{"aliases":["--","Lachish Regional Council solar project III"],"canonicalAnchor":"gemplant:L100001025314","canonicalCountryKey":"IL","capacityMw":12.0,"country":"IL","externalIds":{"gemPlant":"L100001025314","gemUnit":"G100001029995"},"gemWikiUrl":"https://www.gem.wiki/Lachish_Regional_Council_solar_project_III","geographyId":"IL-19161824B24193204184747","id":"wattlas-plant-gemplant-l100001025314","lifecycleCounts":{"operational":1},"locationPrecision":"exact","name":"Lachish Regional Council solar project III","operatingCapacityCoverage":{"coveragePercent":100.0,"knownUnitCount":1,"method":"complete_unit_sum","provenance":{"evidenceCount":0,"recordIds":["wattlas-record-gemunit-g100001029995"],"sourceIds":["gem-global-integrated-power-tracker"],"sourceTypes":["research_verified"],"valueKind":"reported"},"totalUnitCount":1},"operatingCapacityMw":12.0,"operatingCapacityMwByTechnology":{"solar":12.0},"plannedCapacityCoverage":{"coveragePercent":0.0,"knownUnitCount":0,"method":"unavailable","totalUnitCount":0},"plannedCapacityMw":0.0,"plannedCapacityMwByTechnology":{},"recordCount":1,"recordIds":["wattlas-record-gemunit-g100001029995"],"sourceIds":["gem-global-integrated-power-tracker"],"sourceUrl":"https://www.gem.wiki/Lachish_Regional_Council_solar_project_III","technologies":["solar"],"technologyMixMw":{"solar":12.0},"unitCount":1,"unitIds":["gem-unit-G100001029995"]},"type":"Feature"},{"geometry":{"coordinates":[35.4833,32.5231],"type":"Point"},"id":"wattlas-plant-gemplant-l100001025315","properties":{"aliases":["--","Emek Hamaayanot Regional Council (Israel) solar project I"],"canonicalAnchor":"gemplant:L100001025315","canonicalCountryKey":"IL","capacityMw":3.8,"country":"IL","externalIds":{"gemPlant":"L100001025315","gemUnit":"G100001029996"},"gemWikiUrl":"https://www.gem.wiki/Emek_Hamaayanot_Regional_Council_solar_project_I","geographyId":"IL-19161824B91089536365577","id":"wattlas-plant-gemplant-l100001025315","lifecycleCounts":{"operational":1},"locationPrecision":"exact","name":"Emek Hamaayanot Regional Council (Israel) solar project I","operatingCapacityCoverage":{"coveragePercent":100.0,"knownUnitCount":1,"method":"complete_unit_sum","provenance":{"evidenceCount":0,"recordIds":["wattlas-record-gemunit-g100001029996"],"sourceIds":["gem-global-integrated-power-tracker"],"sourceTypes":["research_verified"],"valueKind":"reported"},"totalUnitCount":1},"operatingCapacityMw":3.8,"operatingCapacityMwByTechnology":{"solar":3.8},"plannedCapacityCoverage":{"coveragePercent":0.0,"knownUnitCount":0,"method":"unavailable","totalUnitCount":0},"plannedCapacityMw":0.0,"plannedCapacityMwByTechnology":{},"recordCount":1,"recordIds":["wattlas-record-gemunit-g100001029996"],"sourceIds":["gem-global-integrated-power-tracker"],"sourceUrl":"https://www.gem.wiki/Emek_Hamaayanot_Regional_Council_solar_project_I","technologies":["solar"],"technologyMixMw":{"solar":3.8},"unitCount":1,"unitIds":["gem-unit-G100001029996"]},"type":"Feature"},{"geometry":{"coordinates":[34.7528,31.4403],"type":"Point"},"id":"wattlas-plant-gemplant-l100001025316","properties":{"aliases":["--","Bnei Shimon Regional Council solar project V"],"canonicalAnchor":"gemplant:L100001025316","canonicalCountryKey":"IL","capacityMw":7.4,"country":"IL","externalIds":{"gemPlant":"L100001025316","gemUnit":"G100001029997"},"gemWikiUrl":"https://www.gem.wiki/Bnei_Shimon_Regional_Council_solar_project_V","geographyId":"IL-19161824B24193204184747","id":"wattlas-plant-gemplant-l100001025316","lifecycleCounts":{"operational":1},"locationPrecision":"exact","name":"Bnei Shimon Regional Council solar project V","operatingCapacityCoverage":{"coveragePercent":100.0,"knownUnitCount":1,"method":"complete_unit_sum","provenance":{"evidenceCount":0,"recordIds":["wattlas-record-gemunit-g100001029997"],"sourceIds":["gem-global-integrated-power-tracker"],"sourceTypes":["research_verified"],"valueKind":"reported"},"totalUnitCount":1},"operatingCapacityMw":7.4,"operatingCapacityMwByTechnology":{"solar":7.4},"plannedCapacityCoverage":{"coveragePercent":0.0,"knownUnitCount":0,"method":"unavailable","totalUnitCount":0},"plannedCapacityMw":0.0,"plannedCapacityMwByTechnology":{},"recordCount":1,"recordIds":["wattlas-record-gemunit-g100001029997"],"sourceIds":["gem-global-integrated-power-tracker"],"sourceUrl":"https://www.gem.wiki/Bnei_Shimon_Regional_Council_solar_project_V","technologies":["solar"],"technologyMixMw":{"solar":7.4},"unitCount":1,"unitIds":["gem-unit-G100001029997"]},"type":"Feature"},{"geometry":{"coordinates":[35.5214,32.4695],"type":"Point"},"id":"wattlas-plant-gemplant-l100001025317","properties":{"aliases":["--","Emek Hamaayanot Regional Council (Israel) solar project II"],"canonicalAnchor":"gemplant:L100001025317","canonicalCountryKey":"IL","capacityMw":6.7,"country":"IL","externalIds":{"gemPlant":"L100001025317","gemUnit":"G100001029998"},"gemWikiUrl":"https://www.gem.wiki/Emek_Hamaayanot_Regional_Council_solar_project_II","geographyId":"IL-19161824B91089536365577","id":"wattlas-plant-gemplant-l100001025317","lifecycleCounts":{"operational":1},"locationPrecision":"exact","name":"Emek Hamaayanot Regional Council (Israel) solar project II","operatingCapacityCoverage":{"coveragePercent":100.0,"knownUnitCount":1,"method":"complete_unit_sum","provenance":{"evidenceCount":0,"recordIds":["wattlas-record-gemunit-g100001029998"],"sourceIds":["gem-global-integrated-power-tracker"],"sourceTypes":["research_verified"],"valueKind":"reported"},"totalUnitCount":1},"operatingCapacityMw":6.7,"operatingCapacityMwByTechnology":{"solar":6.7},"plannedCapacityCoverage":{"coveragePercent":0.0,"knownUnitCount":0,"method":"unavailable","totalUnitCount":0},"plannedCapacityMw":0.0,"plannedCapacityMwByTechnology":{},"recordCount":1,"recordIds":["wattlas-record-gemunit-g100001029998"],"sourceIds":["gem-global-integrated-power-tracker"],"sourceUrl":"https://www.gem.wiki/Emek_Hamaayanot_Regional_Council_solar_project_II","technologies":["solar"],"technologyMixMw":{"solar":6.7},"unitCount":1,"unitIds":["gem-unit-G100001029998"]},"type":"Feature"},{"geometry":{"coordinates":[34.6064,31.6755],"type":"Point"},"id":"wattlas-plant-gemplant-l100001025318","properties":{"aliases":["--","Ashkelon solar project"],"canonicalAnchor":"gemplant:L100001025318","canonicalCountryKey":"IL","capacityMw":3.5,"country":"IL","externalIds":{"gemPlant":"L100001025318","gemUnit":"G100001029999"},"gemWikiUrl":"https://www.gem.wiki/Ashkelon_solar_project","geographyId":"IL-19161824B24193204184747","id":"wattlas-plant-gemplant-l100001025318","lifecycleCounts":{"operational":1},"locationPrecision":"exact","name":"Ashkelon solar project","operatingCapacityCoverage":{"coveragePercent":100.0,"knownUnitCount":1,"method":"complete_unit_sum","provenance":{"evidenceCount":0,"recordIds":["wattlas-record-gemunit-g100001029999"],"sourceIds":["gem-global-integrated-power-tracker"],"sourceTypes":["research_verified"],"valueKind":"reported"},"totalUnitCount":1},"operatingCapacityMw":3.5,"operatingCapacityMwByTechnology":{"solar":3.5},"plannedCapacityCoverage":{"coveragePercent":0.0,"knownUnitCount":0,"method":"unavailable","totalUnitCount":0},"plannedCapacityMw":0.0,"plannedCapacityMwByTechnology":{},"recordCount":1,"recordIds":["wattlas-record-gemunit-g100001029999"],"sourceIds":["gem-global-integrated-power-tracker"],"sourceUrl":"https://www.gem.wiki/Ashkelon_solar_project","technologies":["solar"],"technologyMixMw":{"solar":3.5},"unitCount":1,"unitIds":["gem-unit-G100001029999"]},"type":"Feature"},{"geometry":{"coordinates":[35.1635,30.5679],"type":"Point"},"id":"wattlas-plant-gemplant-l100001025320","properties":{"aliases":["--","Arava Tichona Regional Council solar project III"],"canonicalAnchor":"gemplant:L100001025320","canonicalCountryKey":"IL","capacityMw":3.5,"country":"IL","externalIds":{"gemPlant":"L100001025320","gemUnit":"G100001030001"},"gemWikiUrl":"https://www.gem.wiki/Arava_Tichona_Regional_Council_solar_project_III","geographyId":"IL-19161824B24193204184747","id":"wattlas-plant-gemplant-l100001025320","lifecycleCounts":{"operational":1},"locationPrecision":"exact","name":"Arava Tichona Regional Council solar project III","operatingCapacityCoverage":{"coveragePercent":100.0,"knownUnitCount":1,"method":"complete_unit_sum","provenance":{"evidenceCount":0,"recordIds":["wattlas-record-gemunit-g100001030001"],"sourceIds":["gem-global-integrated-power-tracker"],"sourceTypes":["research_verified"],"valueKind":"reported"},"totalUnitCount":1},"operatingCapacityMw":3.5,"operatingCapacityMwByTechnology":{"solar":3.5},"plannedCapacityCoverage":{"coveragePercent":0.0,"knownUnitCount":0,"method":"unavailable","totalUnitCount":0},"plannedCapacityMw":0.0,"plannedCapacityMwByTechnology":{},"recordCount":1,"recordIds":["wattlas-record-gemunit-g100001030001"],"sourceIds":["gem-global-integrated-power-tracker"],"sourceUrl":"https://www.gem.wiki/Arava_Tichona_Regional_Council_solar_project_III","technologies":["solar"],"technologyMixMw":{"solar":3.5},"unitCount":1,"unitIds":["gem-unit-G100001030001"]},"type":"Feature"},{"geometry":{"coordinates":[34.5552,31.5842],"type":"Point"},"id":"wattlas-plant-gemplant-l100001025322","properties":{"aliases":["--","Hof Ashkelon Regional Council solar project III"],"canonicalAnchor":"gemplant:L100001025322","canonicalCountryKey":"IL","capacityMw":5.2,"country":"IL","externalIds":{"gemPlant":"L100001025322","gemUnit":"G100001030003"},"gemWikiUrl":"https://www.gem.wiki/Hof_Ashkelon_Regional_Council_solar_project_III","geographyId":"IL-19161824B24193204184747","id":"wattlas-plant-gemplant-l100001025322","lifecycleCounts":{"operational":1},"locationPrecision":"exact","name":"Hof Ashkelon Regional Council solar project III","operatingCapacityCoverage":{"coveragePercent":100.0,"knownUnitCount":1,"method":"complete_unit_sum","provenance":{"evidenceCount":0,"recordIds":["wattlas-record-gemunit-g100001030003"],"sourceIds":["gem-global-integrated-power-tracker"],"sourceTypes":["research_verified"],"valueKind":"reported"},"totalUnitCount":1},"operatingCapacityMw":5.2,"operatingCapacityMwByTechnology":{"solar":5.2},"plannedCapacityCoverage":{"coveragePercent":0.0,"knownUnitCount":0,"method":"unavailable","totalUnitCount":0},"plannedCapacityMw":0.0,"plannedCapacityMwByTechnology":{},"recordCount":1,"recordIds":["wattlas-record-gemunit-g100001030003"],"sourceIds":["gem-global-integrated-power-tracker"],"sourceUrl":"https://www.gem.wiki/Hof_Ashkelon_Regional_Council_solar_project_III","technologies":["solar"],"technologyMixMw":{"solar":5.2},"unitCount":1,"unitIds":["gem-unit-G100001030003"]},"type":"Feature"},{"geometry":{"coordinates":[34.7473,31.8084],"type":"Point"},"id":"wattlas-plant-gemplant-l100001025324","properties":{"aliases":["--","Gderot Regional Council solar project"],"canonicalAnchor":"gemplant:L100001025324","canonicalCountryKey":"IL","capacityMw":8.6,"country":"IL","externalIds":{"gemPlant":"L100001025324","gemUnit":"G100001030005"},"gemWikiUrl":"https://www.gem.wiki/Gderot_Regional_Council_solar_project","geographyId":"IL-19161824B24193204184747","id":"wattlas-plant-gemplant-l100001025324","lifecycleCounts":{"operational":1},"locationPrecision":"exact","name":"Gderot Regional Council solar project","operatingCapacityCoverage":{"coveragePercent":100.0,"knownUnitCount":1,"method":"complete_unit_sum","provenance":{"evidenceCount":0,"recordIds":["wattlas-record-gemunit-g100001030005"],"sourceIds":["gem-global-integrated-power-tracker"],"sourceTypes":["research_verified"],"valueKind":"reported"},"totalUnitCount":1},"operatingCapacityMw":8.6,"operatingCapacityMwByTechnology":{"solar":8.6},"plannedCapacityCoverage":{"coveragePercent":0.0,"knownUnitCount":0,"method":"unavailable","totalUnitCount":0},"plannedCapacityMw":0.0,"plannedCapacityMwByTechnology":{},"recordCount":1,"recordIds":["wattlas-record-gemunit-g100001030005"],"sourceIds":["gem-global-integrated-power-tracker"],"sourceUrl":"https://www.gem.wiki/Gderot_Regional_Council_solar_project","technologies":["solar"],"technologyMixMw":{"solar":8.6},"unitCount":1,"unitIds":["gem-unit-G100001030005"]},"type":"Feature"},{"geometry":{"coordinates":[34.8302,31.7101],"type":"Point"},"id":"wattlas-plant-gemplant-l100001025325","properties":{"aliases":["--","Yoav Regional Council solar project II"],"canonicalAnchor":"gemplant:L100001025325","canonicalCountryKey":"IL","capacityMw":4.4,"country":"IL","externalIds":{"gemPlant":"L100001025325","gemUnit":"G100001030006"},"gemWikiUrl":"https://www.gem.wiki/Yoav_Regional_Council_solar_project_II","geographyId":"IL-19161824B24193204184747","id":"wattlas-plant-gemplant-l100001025325","lifecycleCounts":{"operational":1},"locationPrecision":"exact","name":"Yoav Regional Council solar project II","operatingCapacityCoverage":{"coveragePercent":100.0,"knownUnitCount":1,"method":"complete_unit_sum","provenance":{"evidenceCount":0,"recordIds":["wattlas-record-gemunit-g100001030006"],"sourceIds":["gem-global-integrated-power-tracker"],"sourceTypes":["research_verified"],"valueKind":"reported"},"totalUnitCount":1},"operatingCapacityMw":4.4,"operatingCapacityMwByTechnology":{"solar":4.4},"plannedCapacityCoverage":{"coveragePercent":0.0,"knownUnitCount":0,"method":"unavailable","totalUnitCount":0},"plannedCapacityMw":0.0,"plannedCapacityMwByTechnology":{},"recordCount":1,"recordIds":["wattlas-record-gemunit-g100001030006"],"sourceIds":["gem-global-integrated-power-tracker"],"sourceUrl":"https://www.gem.wiki/Yoav_Regional_Council_solar_project_II","technologies":["solar"],"technologyMixMw":{"solar":4.4},"unitCount":1,"unitIds":["gem-unit-G100001030006"]},"type":"Feature"},{"geometry":{"coordinates":[34.6146,31.4251],"type":"Point"},"id":"wattlas-plant-gemplant-l100001025326","properties":{"aliases":["--","Sdot Negev Regional Council solar project"],"canonicalAnchor":"gemplant:L100001025326","canonicalCountryKey":"IL","capacityMw":7.3,"country":"IL","externalIds":{"gemPlant":"L100001025326","gemUnit":"G100001030007"},"gemWikiUrl":"https://www.gem.wiki/Sdot_Negev_Regional_Council_solar_project","geographyId":"IL-19161824B24193204184747","id":"wattlas-plant-gemplant-l100001025326","lifecycleCounts":{"operational":1},"locationPrecision":"exact","name":"Sdot Negev Regional Council solar project","operatingCapacityCoverage":{"coveragePercent":100.0,"knownUnitCount":1,"method":"complete_unit_sum","provenance":{"evidenceCount":0,"recordIds":["wattlas-record-gemunit-g100001030007"],"sourceIds":["gem-global-integrated-power-tracker"],"sourceTypes":["research_verified"],"valueKind":"reported"},"totalUnitCount":1},"operatingCapacityMw":7.3,"operatingCapacityMwByTechnology":{"solar":7.3},"plannedCapacityCoverage":{"coveragePercent":0.0,"knownUnitCount":0,"method":"unavailable","totalUnitCount":0},"plannedCapacityMw":0.0,"plannedCapacityMwByTechnology":{},"recordCount":1,"recordIds":["wattlas-record-gemunit-g100001030007"],"sourceIds":["gem-global-integrated-power-tracker"],"sourceUrl":"https://www.gem.wiki/Sdot_Negev_Regional_Council_solar_project","technologies":["solar"],"technologyMixMw":{"solar":7.3},"unitCount":1,"unitIds":["gem-unit-G100001030007"]},"type":"Feature"},{"geometry":{"coordinates":[34.7256,31.3621],"type":"Point"},"id":"wattlas-plant-gemplant-l100001025327","properties":{"aliases":["--","Bnei Shimon Regional Council solar project VI"],"canonicalAnchor":"gemplant:L100001025327","canonicalCountryKey":"IL","capacityMw":11.1,"country":"IL","externalIds":{"gemPlant":"L100001025327","gemUnit":"G100001030008"},"gemWikiUrl":"https://www.gem.wiki/Bnei_Shimon_Regional_Council_solar_project_VI","geographyId":"IL-19161824B24193204184747","id":"wattlas-plant-gemplant-l100001025327","lifecycleCounts":{"operational":1},"locationPrecision":"exact","name":"Bnei Shimon Regional Council solar project VI","operatingCapacityCoverage":{"coveragePercent":100.0,"knownUnitCount":1,"method":"complete_unit_sum","provenance":{"evidenceCount":0,"recordIds":["wattlas-record-gemunit-g100001030008"],"sourceIds":["gem-global-integrated-power-tracker"],"sourceTypes":["research_verified"],"valueKind":"reported"},"totalUnitCount":1},"operatingCapacityMw":11.1,"operatingCapacityMwByTechnology":{"solar":11.1},"plannedCapacityCoverage":{"coveragePercent":0.0,"knownUnitCount":0,"method":"unavailable","totalUnitCount":0},"plannedCapacityMw":0.0,"plannedCapacityMwByTechnology":{},"recordCount":1,"recordIds":["wattlas-record-gemunit-g100001030008"],"sourceIds":["gem-global-integrated-power-tracker"],"sourceUrl":"https://www.gem.wiki/Bnei_Shimon_Regional_Council_solar_project_VI","technologies":["solar"],"technologyMixMw":{"solar":11.1},"unitCount":1,"unitIds":["gem-unit-G100001030008"]},"type":"Feature"},{"geometry":{"coordinates":[34.7964,31.6454],"type":"Point"},"id":"wattlas-plant-gemplant-l100001025328","properties":{"aliases":["--","Yoav Regional Council solar project III"],"canonicalAnchor":"gemplant:L100001025328","canonicalCountryKey":"IL","capacityMw":17.1,"country":"IL","externalIds":{"gemPlant":"L100001025328","gemUnit":"G100001030009"},"gemWikiUrl":"https://www.gem.wiki/Yoav_Regional_Council_solar_project_III","geographyId":"IL-19161824B24193204184747","id":"wattlas-plant-gemplant-l100001025328","lifecycleCounts":{"operational":1},"locationPrecision":"exact","name":"Yoav Regional Council solar project III","operatingCapacityCoverage":{"coveragePercent":100.0,"knownUnitCount":1,"method":"complete_unit_sum","provenance":{"evidenceCount":0,"recordIds":["wattlas-record-gemunit-g100001030009"],"sourceIds":["gem-global-integrated-power-tracker"],"sourceTypes":["research_verified"],"valueKind":"reported"},"totalUnitCount":1},"operatingCapacityMw":17.1,"operatingCapacityMwByTechnology":{"solar":17.1},"plannedCapacityCoverage":{"coveragePercent":0.0,"knownUnitCount":0,"method":"unavailable","totalUnitCount":0},"plannedCapacityMw":0.0,"plannedCapacityMwByTechnology":{},"recordCount":1,"recordIds":["wattlas-record-gemunit-g100001030009"],"sourceIds":["gem-global-integrated-power-tracker"],"sourceUrl":"https://www.gem.wiki/Yoav_Regional_Council_solar_project_III","technologies":["solar"],"technologyMixMw":{"solar":17.1},"unitCount":1,"unitIds":["gem-unit-G100001030009"]},"type":"Feature"},{"geometry":{"coordinates":[34.7051,31.5884],"type":"Point"},"id":"wattlas-plant-gemplant-l100001025329","properties":{"aliases":["--","Lachish Regional Council solar project IV"],"canonicalAnchor":"gemplant:L100001025329","canonicalCountryKey":"IL","capacityMw":7.3,"country":"IL","externalIds":{"gemPlant":"L100001025329","gemUnit":"G100001030010"},"gemWikiUrl":"https://www.gem.wiki/Lachish_Regional_Council_solar_project_IV","geographyId":"IL-19161824B24193204184747","id":"wattlas-plant-gemplant-l100001025329","lifecycleCounts":{"operational":1},"locationPrecision":"exact","name":"Lachish Regional Council solar project IV","operatingCapacityCoverage":{"coveragePercent":100.0,"knownUnitCount":1,"method":"complete_unit_sum","provenance":{"evidenceCount":0,"recordIds":["wattlas-record-gemunit-g100001030010"],"sourceIds":["gem-global-integrated-power-tracker"],"sourceTypes":["research_verified"],"valueKind":"reported"},"totalUnitCount":1},"operatingCapacityMw":7.3,"operatingCapacityMwByTechnology":{"solar":7.3},"plannedCapacityCoverage":{"coveragePercent":0.0,"knownUnitCount":0,"method":"unavailable","totalUnitCount":0},"plannedCapacityMw":0.0,"plannedCapacityMwByTechnology":{},"recordCount":1,"recordIds":["wattlas-record-gemunit-g100001030010"],"sourceIds":["gem-global-integrated-power-tracker"],"sourceUrl":"https://www.gem.wiki/Lachish_Regional_Council_solar_project_IV","technologies":["solar"],"technologyMixMw":{"solar":7.3},"unitCount":1,"unitIds":["gem-unit-G100001030010"]},"type":"Feature"},{"geometry":{"coordinates":[34.42,31.2054],"type":"Point"},"id":"wattlas-plant-gemplant-l100001025331","properties":{"aliases":["--","Eshkol Regional Council solar project I"],"canonicalAnchor":"gemplant:L100001025331","canonicalCountryKey":"IL","capacityMw":16.6,"country":"IL","externalIds":{"gemPlant":"L100001025331","gemUnit":"G100001030012"},"gemWikiUrl":"https://www.gem.wiki/Eshkol_Regional_Council_solar_project_I","geographyId":"IL-19161824B24193204184747","id":"wattlas-plant-gemplant-l100001025331","lifecycleCounts":{"operational":1},"locationPrecision":"exact","name":"Eshkol Regional Council solar project I","operatingCapacityCoverage":{"coveragePercent":100.0,"knownUnitCount":1,"method":"complete_unit_sum","provenance":{"evidenceCount":0,"recordIds":["wattlas-record-gemunit-g100001030012"],"sourceIds":["gem-global-integrated-power-tracker"],"sourceTypes":["research_verified"],"valueKind":"reported"},"totalUnitCount":1},"operatingCapacityMw":16.6,"operatingCapacityMwByTechnology":{"solar":16.6},"plannedCapacityCoverage":{"coveragePercent":0.0,"knownUnitCount":0,"method":"unavailable","totalUnitCount":0},"plannedCapacityMw":0.0,"plannedCapacityMwByTechnology":{},"recordCount":1,"recordIds":["wattlas-record-gemunit-g100001030012"],"sourceIds":["gem-global-integrated-power-tracker"],"sourceUrl":"https://www.gem.wiki/Eshkol_Regional_Council_solar_project_I","technologies":["solar"],"technologyMixMw":{"solar":16.6},"unitCount":1,"unitIds":["gem-unit-G100001030012"]},"type":"Feature"},{"geometry":{"coordinates":[34.4615,31.1975],"type":"Point"},"id":"wattlas-plant-gemplant-l100001025332","properties":{"aliases":["--","Eshkol Regional Council solar project II"],"canonicalAnchor":"gemplant:L100001025332","canonicalCountryKey":"IL","capacityMw":9.5,"country":"IL","externalIds":{"gemPlant":"L100001025332","gemUnit":"G100001030013"},"gemWikiUrl":"https://www.gem.wiki/Eshkol_Regional_Council_solar_project_II","geographyId":"IL-19161824B24193204184747","id":"wattlas-plant-gemplant-l100001025332","lifecycleCounts":{"operational":1},"locationPrecision":"exact","name":"Eshkol Regional Council solar project II","operatingCapacityCoverage":{"coveragePercent":100.0,"knownUnitCount":1,"method":"complete_unit_sum","provenance":{"evidenceCount":0,"recordIds":["wattlas-record-gemunit-g100001030013"],"sourceIds":["gem-global-integrated-power-tracker"],"sourceTypes":["research_verified"],"valueKind":"reported"},"totalUnitCount":1},"operatingCapacityMw":9.5,"operatingCapacityMwByTechnology":{"solar":9.5},"plannedCapacityCoverage":{"coveragePercent":0.0,"knownUnitCount":0,"method":"unavailable","totalUnitCount":0},"plannedCapacityMw":0.0,"plannedCapacityMwByTechnology":{},"recordCount":1,"recordIds":["wattlas-record-gemunit-g100001030013"],"sourceIds":["gem-global-integrated-power-tracker"],"sourceUrl":"https://www.gem.wiki/Eshkol_Regional_Council_solar_project_II","technologies":["solar"],"technologyMixMw":{"solar":9.5},"unitCount":1,"unitIds":["gem-unit-G100001030013"]},"type":"Feature"},{"geometry":{"coordinates":[34.4724,31.2137],"type":"Point"},"id":"wattlas-plant-gemplant-l100001025333","properties":{"aliases":["--","Eshkol Regional Council solar project III"],"canonicalAnchor":"gemplant:L100001025333","canonicalCountryKey":"IL","capacityMw":6.9,"country":"IL","externalIds":{"gemPlant":"L100001025333","gemUnit":"G100001030014"},"gemWikiUrl":"https://www.gem.wiki/Eshkol_Regional_Council_solar_project_III","geographyId":"IL-19161824B24193204184747","id":"wattlas-plant-gemplant-l100001025333","lifecycleCounts":{"operational":1},"locationPrecision":"exact","name":"Eshkol Regional Council solar project III","operatingCapacityCoverage":{"coveragePercent":100.0,"knownUnitCount":1,"method":"complete_unit_sum","provenance":{"evidenceCount":0,"recordIds":["wattlas-record-gemunit-g100001030014"],"sourceIds":["gem-global-integrated-power-tracker"],"sourceTypes":["research_verified"],"valueKind":"reported"},"totalUnitCount":1},"operatingCapacityMw":6.9,"operatingCapacityMwByTechnology":{"solar":6.9},"plannedCapacityCoverage":{"coveragePercent":0.0,"knownUnitCount":0,"method":"unavailable","totalUnitCount":0},"plannedCapacityMw":0.0,"plannedCapacityMwByTechnology":{},"recordCount":1,"recordIds":["wattlas-record-gemunit-g100001030014"],"sourceIds":["gem-global-integrated-power-tracker"],"sourceUrl":"https://www.gem.wiki/Eshkol_Regional_Council_solar_project_III","technologies":["solar"],"technologyMixMw":{"solar":6.9},"unitCount":1,"unitIds":["gem-unit-G100001030014"]},"type":"Feature"},{"geometry":{"coordinates":[34.431,30.9137],"type":"Point"},"id":"wattlas-plant-gemplant-l100001025334","properties":{"aliases":["--","Ramat Negev Regional Council solar project IV"],"canonicalAnchor":"gemplant:L100001025334","canonicalCountryKey":"IL","capacityMw":6.5,"country":"IL","externalIds":{"gemPlant":"L100001025334","gemUnit":"G100001030015"},"gemWikiUrl":"https://www.gem.wiki/Ramat_Negev_Regional_Council_solar_project_IV","geographyId":"IL-19161824B24193204184747","id":"wattlas-plant-gemplant-l100001025334","lifecycleCounts":{"operational":1},"locationPrecision":"exact","name":"Ramat Negev Regional Council solar project IV","operatingCapacityCoverage":{"coveragePercent":100.0,"knownUnitCount":1,"method":"complete_unit_sum","provenance":{"evidenceCount":0,"recordIds":["wattlas-record-gemunit-g100001030015"],"sourceIds":["gem-global-integrated-power-tracker"],"sourceTypes":["research_verified"],"valueKind":"reported"},"totalUnitCount":1},"operatingCapacityMw":6.5,"operatingCapacityMwByTechnology":{"solar":6.5},"plannedCapacityCoverage":{"coveragePercent":0.0,"knownUnitCount":0,"method":"unavailable","totalUnitCount":0},"plannedCapacityMw":0.0,"plannedCapacityMwByTechnology":{},"recordCount":1,"recordIds":["wattlas-record-gemunit-g100001030015"],"sourceIds":["gem-global-integrated-power-tracker"],"sourceUrl":"https://www.gem.wiki/Ramat_Negev_Regional_Council_solar_project_IV","technologies":["solar"],"technologyMixMw":{"solar":6.5},"unitCount":1,"unitIds":["gem-unit-G100001030015"]},"type":"Feature"},{"geometry":{"coordinates":[34.4438,31.3472],"type":"Point"},"id":"wattlas-plant-gemplant-l100001025335","properties":{"aliases":["--","Eshkol Regional Council solar project IV"],"canonicalAnchor":"gemplant:L100001025335","canonicalCountryKey":"IL","capacityMw":6.0,"country":"IL","externalIds":{"gemPlant":"L100001025335","gemUnit":"G100001030016"},"gemWikiUrl":"https://www.gem.wiki/Eshkol_Regional_Council_solar_project_IV","geographyId":"IL-19161824B24193204184747","id":"wattlas-plant-gemplant-l100001025335","lifecycleCounts":{"operational":1},"locationPrecision":"exact","name":"Eshkol Regional Council solar project IV","operatingCapacityCoverage":{"coveragePercent":100.0,"knownUnitCount":1,"method":"complete_unit_sum","provenance":{"evidenceCount":0,"recordIds":["wattlas-record-gemunit-g100001030016"],"sourceIds":["gem-global-integrated-power-tracker"],"sourceTypes":["research_verified"],"valueKind":"reported"},"totalUnitCount":1},"operatingCapacityMw":6.0,"operatingCapacityMwByTechnology":{"solar":6.0},"plannedCapacityCoverage":{"coveragePercent":0.0,"knownUnitCount":0,"method":"unavailable","totalUnitCount":0},"plannedCapacityMw":0.0,"plannedCapacityMwByTechnology":{},"recordCount":1,"recordIds":["wattlas-record-gemunit-g100001030016"],"sourceIds":["gem-global-integrated-power-tracker"],"sourceUrl":"https://www.gem.wiki/Eshkol_Regional_Council_solar_project_IV","technologies":["solar"],"technologyMixMw":{"solar":6.0},"unitCount":1,"unitIds":["gem-unit-G100001030016"]},"type":"Feature"},{"geometry":{"coordinates":[34.415,31.3492],"type":"Point"},"id":"wattlas-plant-gemplant-l100001025336","properties":{"aliases":["--","Eshkol Regional Council solar project V"],"canonicalAnchor":"gemplant:L100001025336","canonicalCountryKey":"IL","capacityMw":10.1,"country":"IL","externalIds":{"gemPlant":"L100001025336","gemUnit":"G100001030017"},"gemWikiUrl":"https://www.gem.wiki/Eshkol_Regional_Council_solar_project_V","geographyId":"IL-19161824B24193204184747","id":"wattlas-plant-gemplant-l100001025336","lifecycleCounts":{"operational":1},"locationPrecision":"exact","name":"Eshkol Regional Council solar project V","operatingCapacityCoverage":{"coveragePercent":100.0,"knownUnitCount":1,"method":"complete_unit_sum","provenance":{"evidenceCount":0,"recordIds":["wattlas-record-gemunit-g100001030017"],"sourceIds":["gem-global-integrated-power-tracker"],"sourceTypes":["research_verified"],"valueKind":"reported"},"totalUnitCount":1},"operatingCapacityMw":10.1,"operatingCapacityMwByTechnology":{"solar":10.1},"plannedCapacityCoverage":{"coveragePercent":0.0,"knownUnitCount":0,"method":"unavailable","totalUnitCount":0},"plannedCapacityMw":0.0,"plannedCapacityMwByTechnology":{},"recordCount":1,"recordIds":["wattlas-record-gemunit-g100001030017"],"sourceIds":["gem-global-integrated-power-tracker"],"sourceUrl":"https://www.gem.wiki/Eshkol_Regional_Council_solar_project_V","technologies":["solar"],"technologyMixMw":{"solar":10.1},"unitCount":1,"unitIds":["gem-unit-G100001030017"]},"type":"Feature"},{"geometry":{"coordinates":[34.5341,31.2949],"type":"Point"},"id":"wattlas-plant-gemplant-l100001025337","properties":{"aliases":["--","Eshkol Regional Council solar project VI"],"canonicalAnchor":"gemplant:L100001025337","canonicalCountryKey":"IL","capacityMw":4.3,"country":"IL","externalIds":{"gemPlant":"L100001025337","gemUnit":"G100001030018"},"gemWikiUrl":"https://www.gem.wiki/Eshkol_Regional_Council_solar_project_VI","geographyId":"IL-19161824B24193204184747","id":"wattlas-plant-gemplant-l100001025337","lifecycleCounts":{"operational":1},"locationPrecision":"exact","name":"Eshkol Regional Council solar project VI","operatingCapacityCoverage":{"coveragePercent":100.0,"knownUnitCount":1,"method":"complete_unit_sum","provenance":{"evidenceCount":0,"recordIds":["wattlas-record-gemunit-g100001030018"],"sourceIds":["gem-global-integrated-power-tracker"],"sourceTypes":["research_verified"],"valueKind":"reported"},"totalUnitCount":1},"operatingCapacityMw":4.3,"operatingCapacityMwByTechnology":{"solar":4.3},"plannedCapacityCoverage":{"coveragePercent":0.0,"knownUnitCount":0,"method":"unavailable","totalUnitCount":0},"plannedCapacityMw":0.0,"plannedCapacityMwByTechnology":{},"recordCount":1,"recordIds":["wattlas-record-gemunit-g100001030018"],"sourceIds":["gem-global-integrated-power-tracker"],"sourceUrl":"https://www.gem.wiki/Eshkol_Regional_Council_solar_project_VI","technologies":["solar"],"technologyMixMw":{"solar":4.3},"unitCount":1,"unitIds":["gem-unit-G100001030018"]},"type":"Feature"},{"geometry":{"coordinates":[34.3295,31.2284],"type":"Point"},"id":"wattlas-plant-gemplant-l100001025338","properties":{"aliases":["--","Eshkol Regional Council solar project VII"],"canonicalAnchor":"gemplant:L100001025338","canonicalCountryKey":"IL","capacityMw":3.0,"country":"IL","externalIds":{"gemPlant":"L100001025338","gemUnit":"G100001030019"},"gemWikiUrl":"https://www.gem.wiki/Eshkol_Regional_Council_solar_project_VII","geographyId":"IL-19161824B24193204184747","id":"wattlas-plant-gemplant-l100001025338","lifecycleCounts":{"operational":1},"locationPrecision":"exact","name":"Eshkol Regional Council solar project VII","operatingCapacityCoverage":{"coveragePercent":100.0,"knownUnitCount":1,"method":"complete_unit_sum","provenance":{"evidenceCount":0,"recordIds":["wattlas-record-gemunit-g100001030019"],"sourceIds":["gem-global-integrated-power-tracker"],"sourceTypes":["research_verified"],"valueKind":"reported"},"totalUnitCount":1},"operatingCapacityMw":3.0,"operatingCapacityMwByTechnology":{"solar":3.0},"plannedCapacityCoverage":{"coveragePercent":0.0,"knownUnitCount":0,"method":"unavailable","totalUnitCount":0},"plannedCapacityMw":0.0,"plannedCapacityMwByTechnology":{},"recordCount":1,"recordIds":["wattlas-record-gemunit-g100001030019"],"sourceIds":["gem-global-integrated-power-tracker"],"sourceUrl":"https://www.gem.wiki/Eshkol_Regional_Council_solar_project_VII","technologies":["solar"],"technologyMixMw":{"solar":3.0},"unitCount":1,"unitIds":["gem-unit-G100001030019"]},"type":"Feature"},{"geometry":{"coordinates":[34.9582,31.1526],"type":"Point"},"id":"wattlas-plant-gemplant-l100001025339","properties":{"aliases":["--","Neve Midbar Regional Council solar project"],"canonicalAnchor":"gemplant:L100001025339","canonicalCountryKey":"IL","capacityMw":9.7,"country":"IL","externalIds":{"gemPlant":"L100001025339","gemUnit":"G100001030020"},"gemWikiUrl":"https://www.gem.wiki/Neve_Midbar_Regional_Council_solar_project","geographyId":"IL-19161824B24193204184747","id":"wattlas-plant-gemplant-l100001025339","lifecycleCounts":{"operational":1},"locationPrecision":"exact","name":"Neve Midbar Regional Council solar project","operatingCapacityCoverage":{"coveragePercent":100.0,"knownUnitCount":1,"method":"complete_unit_sum","provenance":{"evidenceCount":0,"recordIds":["wattlas-record-gemunit-g100001030020"],"sourceIds":["gem-global-integrated-power-tracker"],"sourceTypes":["research_verified"],"valueKind":"reported"},"totalUnitCount":1},"operatingCapacityMw":9.7,"operatingCapacityMwByTechnology":{"solar":9.7},"plannedCapacityCoverage":{"coveragePercent":0.0,"knownUnitCount":0,"method":"unavailable","totalUnitCount":0},"plannedCapacityMw":0.0,"plannedCapacityMwByTechnology":{},"recordCount":1,"recordIds":["wattlas-record-gemunit-g100001030020"],"sourceIds":["gem-global-integrated-power-tracker"],"sourceUrl":"https://www.gem.wiki/Neve_Midbar_Regional_Council_solar_project","technologies":["solar"],"technologyMixMw":{"solar":9.7},"unitCount":1,"unitIds":["gem-unit-G100001030020"]},"type":"Feature"},{"geometry":{"coordinates":[35.0214,31.0582],"type":"Point"},"id":"wattlas-plant-gemplant-l100001025340","properties":{"aliases":["--","Dimona solar project II"],"canonicalAnchor":"gemplant:L100001025340","canonicalCountryKey":"IL","capacityMw":2.2,"country":"IL","externalIds":{"gemPlant":"L100001025340","gemUnit":"G100001030021"},"gemWikiUrl":"https://www.gem.wiki/Dimona_solar_project_II","geographyId":"IL-19161824B24193204184747","id":"wattlas-plant-gemplant-l100001025340","lifecycleCounts":{"operational":1},"locationPrecision":"exact","name":"Dimona solar project II","operatingCapacityCoverage":{"coveragePercent":100.0,"knownUnitCount":1,"method":"complete_unit_sum","provenance":{"evidenceCount":0,"recordIds":["wattlas-record-gemunit-g100001030021"],"sourceIds":["gem-global-integrated-power-tracker"],"sourceTypes":["research_verified"],"valueKind":"reported"},"totalUnitCount":1},"operatingCapacityMw":2.2,"operatingCapacityMwByTechnology":{"solar":2.2},"plannedCapacityCoverage":{"coveragePercent":0.0,"knownUnitCount":0,"method":"unavailable","totalUnitCount":0},"plannedCapacityMw":0.0,"plannedCapacityMwByTechnology":{},"recordCount":1,"recordIds":["wattlas-record-gemunit-g100001030021"],"sourceIds":["gem-global-integrated-power-tracker"],"sourceUrl":"https://www.gem.wiki/Dimona_solar_project_II","technologies":["solar"],"technologyMixMw":{"solar":2.2},"unitCount":1,"unitIds":["gem-unit-G100001030021"]},"type":"Feature"},{"geometry":{"coordinates":[34.8744,31.3445],"type":"Point"},"id":"wattlas-plant-gemplant-l100001025341","properties":{"aliases":["--","Bnei Shimon Regional Council solar project VII"],"canonicalAnchor":"gemplant:L100001025341","canonicalCountryKey":"IL","capacityMw":9.0,"country":"IL","externalIds":{"gemPlant":"L100001025341","gemUnit":"G100001030022"},"gemWikiUrl":"https://www.gem.wiki/Bnei_Shimon_Regional_Council_solar_project_VII","geographyId":"IL-19161824B24193204184747","id":"wattlas-plant-gemplant-l100001025341","lifecycleCounts":{"operational":1},"locationPrecision":"exact","name":"Bnei Shimon Regional Council solar project VII","operatingCapacityCoverage":{"coveragePercent":100.0,"knownUnitCount":1,"method":"complete_unit_sum","provenance":{"evidenceCount":0,"recordIds":["wattlas-record-gemunit-g100001030022"],"sourceIds":["gem-global-integrated-power-tracker"],"sourceTypes":["research_verified"],"valueKind":"reported"},"totalUnitCount":1},"operatingCapacityMw":9.0,"operatingCapacityMwByTechnology":{"solar":9.0},"plannedCapacityCoverage":{"coveragePercent":0.0,"knownUnitCount":0,"method":"unavailable","totalUnitCount":0},"plannedCapacityMw":0.0,"plannedCapacityMwByTechnology":{},"recordCount":1,"recordIds":["wattlas-record-gemunit-g100001030022"],"sourceIds":["gem-global-integrated-power-tracker"],"sourceUrl":"https://www.gem.wiki/Bnei_Shimon_Regional_Council_solar_project_VII","technologies":["solar"],"technologyMixMw":{"solar":9.0},"unitCount":1,"unitIds":["gem-unit-G100001030022"]},"type":"Feature"},{"geometry":{"coordinates":[34.6827,31.3458],"type":"Point"},"id":"wattlas-plant-gemplant-l100001025342","properties":{"aliases":["--","Bnei Shimon Regional Council solar project VIII"],"canonicalAnchor":"gemplant:L100001025342","canonicalCountryKey":"IL","capacityMw":6.3,"country":"IL","externalIds":{"gemPlant":"L100001025342","gemUnit":"G100001030023"},"gemWikiUrl":"https://www.gem.wiki/Bnei_Shimon_Regional_Council_solar_project_VIII","geographyId":"IL-19161824B24193204184747","id":"wattlas-plant-gemplant-l100001025342","lifecycleCounts":{"operational":1},"locationPrecision":"exact","name":"Bnei Shimon Regional Council solar project VIII","operatingCapacityCoverage":{"coveragePercent":100.0,"knownUnitCount":1,"method":"complete_unit_sum","provenance":{"evidenceCount":0,"recordIds":["wattlas-record-gemunit-g100001030023"],"sourceIds":["gem-global-integrated-power-tracker"],"sourceTypes":["research_verified"],"valueKind":"reported"},"totalUnitCount":1},"operatingCapacityMw":6.3,"operatingCapacityMwByTechnology":{"solar":6.3},"plannedCapacityCoverage":{"coveragePercent":0.0,"knownUnitCount":0,"method":"unavailable","totalUnitCount":0},"plannedCapacityMw":0.0,"plannedCapacityMwByTechnology":{},"recordCount":1,"recordIds":["wattlas-record-gemunit-g100001030023"],"sourceIds":["gem-global-integrated-power-tracker"],"sourceUrl":"https://www.gem.wiki/Bnei_Shimon_Regional_Council_solar_project_VIII","technologies":["solar"],"technologyMixMw":{"solar":6.3},"unitCount":1,"unitIds":["gem-unit-G100001030023"]},"type":"Feature"},{"geometry":{"coordinates":[34.8008,31.6172],"type":"Point"},"id":"wattlas-plant-gemplant-l100001025343","properties":{"aliases":["--","Lachish Regional Council solar project V"],"canonicalAnchor":"gemplant:L100001025343","canonicalCountryKey":"IL","capacityMw":6.8,"country":"IL","externalIds":{"gemPlant":"L100001025343","gemUnit":"G100001030024"},"gemWikiUrl":"https://www.gem.wiki/Lachish_Regional_Council_solar_project_V","geographyId":"IL-19161824B24193204184747","id":"wattlas-plant-gemplant-l100001025343","lifecycleCounts":{"operational":1},"locationPrecision":"exact","name":"Lachish Regional Council solar project V","operatingCapacityCoverage":{"coveragePercent":100.0,"knownUnitCount":1,"method":"complete_unit_sum","provenance":{"evidenceCount":0,"recordIds":["wattlas-record-gemunit-g100001030024"],"sourceIds":["gem-global-integrated-power-tracker"],"sourceTypes":["research_verified"],"valueKind":"reported"},"totalUnitCount":1},"operatingCapacityMw":6.8,"operatingCapacityMwByTechnology":{"solar":6.8},"plannedCapacityCoverage":{"coveragePercent":0.0,"knownUnitCount":0,"method":"unavailable","totalUnitCount":0},"plannedCapacityMw":0.0,"plannedCapacityMwByTechnology":{},"recordCount":1,"recordIds":["wattlas-record-gemunit-g100001030024"],"sourceIds":["gem-global-integrated-power-tracker"],"sourceUrl":"https://www.gem.wiki/Lachish_Regional_Council_solar_project_V","technologies":["solar"],"technologyMixMw":{"solar":6.8},"unitCount":1,"unitIds":["gem-unit-G100001030024"]},"type":"Feature"},{"geometry":{"coordinates":[34.7141,31.7166],"type":"Point"},"id":"wattlas-plant-gemplant-l100001025344","properties":{"aliases":["--","Beer Tuvia Regional Council solar project"],"canonicalAnchor":"gemplant:L100001025344","canonicalCountryKey":"IL","capacityMw":13.2,"country":"IL","externalIds":{"gemPlant":"L100001025344","gemUnit":"G100001030025"},"gemWikiUrl":"https://www.gem.wiki/Beer_Tuvia_Regional_Council_solar_project","geographyId":"IL-19161824B24193204184747","id":"wattlas-plant-gemplant-l100001025344","lifecycleCounts":{"operational":1},"locationPrecision":"exact","name":"Beer Tuvia Regional Council solar project","operatingCapacityCoverage":{"coveragePercent":100.0,"knownUnitCount":1,"method":"complete_unit_sum","provenance":{"evidenceCount":0,"recordIds":["wattlas-record-gemunit-g100001030025"],"sourceIds":["gem-global-integrated-power-tracker"],"sourceTypes":["research_verified"],"valueKind":"reported"},"totalUnitCount":1},"operatingCapacityMw":13.2,"operatingCapacityMwByTechnology":{"solar":13.2},"plannedCapacityCoverage":{"coveragePercent":0.0,"knownUnitCount":0,"method":"unavailable","totalUnitCount":0},"plannedCapacityMw":0.0,"plannedCapacityMwByTechnology":{},"recordCount":1,"recordIds":["wattlas-record-gemunit-g100001030025"],"sourceIds":["gem-global-integrated-power-tracker"],"sourceUrl":"https://www.gem.wiki/Beer_Tuvia_Regional_Council_solar_project","technologies":["solar"],"technologyMixMw":{"solar":13.2},"unitCount":1,"unitIds":["gem-unit-G100001030025"]},"type":"Feature"},{"geometry":{"coordinates":[34.8519,31.8201],"type":"Point"},"id":"wattlas-plant-gemplant-l100001025346","properties":{"aliases":["--","Nahal Sorek Regional Council solar project"],"canonicalAnchor":"gemplant:L100001025346","canonicalCountryKey":"IL","capacityMw":3.0,"country":"IL","externalIds":{"gemPlant":"L100001025346","gemUnit":"G100001030027"},"gemWikiUrl":"https://www.gem.wiki/Nahal_Sorek_Regional_Council_solar_project","geographyId":"IL-19161824B470428506180","id":"wattlas-plant-gemplant-l100001025346","lifecycleCounts":{"operational":1},"locationPrecision":"exact","name":"Nahal Sorek Regional Council solar project","operatingCapacityCoverage":{"coveragePercent":100.0,"knownUnitCount":1,"method":"complete_unit_sum","provenance":{"evidenceCount":0,"recordIds":["wattlas-record-gemunit-g100001030027"],"sourceIds":["gem-global-integrated-power-tracker"],"sourceTypes":["research_verified"],"valueKind":"reported"},"totalUnitCount":1},"operatingCapacityMw":3.0,"operatingCapacityMwByTechnology":{"solar":3.0},"plannedCapacityCoverage":{"coveragePercent":0.0,"knownUnitCount":0,"method":"unavailable","totalUnitCount":0},"plannedCapacityMw":0.0,"plannedCapacityMwByTechnology":{},"recordCount":1,"recordIds":["wattlas-record-gemunit-g100001030027"],"sourceIds":["gem-global-integrated-power-tracker"],"sourceUrl":"https://www.gem.wiki/Nahal_Sorek_Regional_Council_solar_project","technologies":["solar"],"technologyMixMw":{"solar":3.0},"unitCount":1,"unitIds":["gem-unit-G100001030027"]},"type":"Feature"},{"geometry":{"coordinates":[34.8793,32.2414],"type":"Point"},"id":"wattlas-plant-gemplant-l100001025347","properties":{"aliases":["--","Center District solar project"],"canonicalAnchor":"gemplant:L100001025347","canonicalCountryKey":"IL","capacityMw":12.7,"country":"IL","externalIds":{"gemPlant":"L100001025347","gemUnit":"G100001030028"},"gemWikiUrl":"https://www.gem.wiki/Center_District_solar_project","geographyId":"IL-19161824B470428506180","id":"wattlas-plant-gemplant-l100001025347","lifecycleCounts":{"operational":1},"locationPrecision":"exact","name":"Center District solar project","operatingCapacityCoverage":{"coveragePercent":100.0,"knownUnitCount":1,"method":"complete_unit_sum","provenance":{"evidenceCount":0,"recordIds":["wattlas-record-gemunit-g100001030028"],"sourceIds":["gem-global-integrated-power-tracker"],"sourceTypes":["research_verified"],"valueKind":"reported"},"totalUnitCount":1},"operatingCapacityMw":12.7,"operatingCapacityMwByTechnology":{"solar":12.7},"plannedCapacityCoverage":{"coveragePercent":0.0,"knownUnitCount":0,"method":"unavailable","totalUnitCount":0},"plannedCapacityMw":0.0,"plannedCapacityMwByTechnology":{},"recordCount":1,"recordIds":["wattlas-record-gemunit-g100001030028"],"sourceIds":["gem-global-integrated-power-tracker"],"sourceUrl":"https://www.gem.wiki/Center_District_solar_project","technologies":["solar"],"technologyMixMw":{"solar":12.7},"unitCount":1,"unitIds":["gem-unit-G100001030028"]},"type":"Feature"},{"geometry":{"coordinates":[34.9635,32.3405],"type":"Point"},"id":"wattlas-plant-gemplant-l100001025349","properties":{"aliases":["--","Emek Hefer Regional Council solar project II"],"canonicalAnchor":"gemplant:L100001025349","canonicalCountryKey":"IL","capacityMw":8.7,"country":"IL","externalIds":{"gemPlant":"L100001025349","gemUnit":"G100001030030"},"gemWikiUrl":"https://www.gem.wiki/Emek_Hefer_Regional_Council_solar_project_II","geographyId":"IL-19161824B470428506180","id":"wattlas-plant-gemplant-l100001025349","lifecycleCounts":{"operational":1},"locationPrecision":"exact","name":"Emek Hefer Regional Council solar project II","operatingCapacityCoverage":{"coveragePercent":100.0,"knownUnitCount":1,"method":"complete_unit_sum","provenance":{"evidenceCount":0,"recordIds":["wattlas-record-gemunit-g100001030030"],"sourceIds":["gem-global-integrated-power-tracker"],"sourceTypes":["research_verified"],"valueKind":"reported"},"totalUnitCount":1},"operatingCapacityMw":8.7,"operatingCapacityMwByTechnology":{"solar":8.7},"plannedCapacityCoverage":{"coveragePercent":0.0,"knownUnitCount":0,"method":"unavailable","totalUnitCount":0},"plannedCapacityMw":0.0,"plannedCapacityMwByTechnology":{},"recordCount":1,"recordIds":["wattlas-record-gemunit-g100001030030"],"sourceIds":["gem-global-integrated-power-tracker"],"sourceUrl":"https://www.gem.wiki/Emek_Hefer_Regional_Council_solar_project_II","technologies":["solar"],"technologyMixMw":{"solar":8.7},"unitCount":1,"unitIds":["gem-unit-G100001030030"]},"type":"Feature"},{"geometry":{"coordinates":[34.9877,32.4403],"type":"Point"},"id":"wattlas-plant-gemplant-l100001025350","properties":{"aliases":["--","Menashe Regional Council solar project I"],"canonicalAnchor":"gemplant:L100001025350","canonicalCountryKey":"IL","capacityMw":4.9,"country":"IL","externalIds":{"gemPlant":"L100001025350","gemUnit":"G100001030031"},"gemWikiUrl":"https://www.gem.wiki/Menashe_Regional_Council_solar_project_I","geographyId":"IL-19161824B12012272353046","id":"wattlas-plant-gemplant-l100001025350","lifecycleCounts":{"operational":1},"locationPrecision":"exact","name":"Menashe Regional Council solar project I","operatingCapacityCoverage":{"coveragePercent":100.0,"knownUnitCount":1,"method":"complete_unit_sum","provenance":{"evidenceCount":0,"recordIds":["wattlas-record-gemunit-g100001030031"],"sourceIds":["gem-global-integrated-power-tracker"],"sourceTypes":["research_verified"],"valueKind":"reported"},"totalUnitCount":1},"operatingCapacityMw":4.9,"operatingCapacityMwByTechnology":{"solar":4.9},"plannedCapacityCoverage":{"coveragePercent":0.0,"knownUnitCount":0,"method":"unavailable","totalUnitCount":0},"plannedCapacityMw":0.0,"plannedCapacityMwByTechnology":{},"recordCount":1,"recordIds":["wattlas-record-gemunit-g100001030031"],"sourceIds":["gem-global-integrated-power-tracker"],"sourceUrl":"https://www.gem.wiki/Menashe_Regional_Council_solar_project_I","technologies":["solar"],"technologyMixMw":{"solar":4.9},"unitCount":1,"unitIds":["gem-unit-G100001030031"]},"type":"Feature"},{"geometry":{"coordinates":[34.9682,32.4344],"type":"Point"},"id":"wattlas-plant-gemplant-l100001025351","properties":{"aliases":["--","Menashe Regional Council solar project II"],"canonicalAnchor":"gemplant:L100001025351","canonicalCountryKey":"IL","capacityMw":4.2,"country":"IL","externalIds":{"gemPlant":"L100001025351","gemUnit":"G100001030032"},"gemWikiUrl":"https://www.gem.wiki/Menashe_Regional_Council_solar_project_II","geographyId":"IL-19161824B12012272353046","id":"wattlas-plant-gemplant-l100001025351","lifecycleCounts":{"operational":1},"locationPrecision":"exact","name":"Menashe Regional Council solar project II","operatingCapacityCoverage":{"coveragePercent":100.0,"knownUnitCount":1,"method":"complete_unit_sum","provenance":{"evidenceCount":0,"recordIds":["wattlas-record-gemunit-g100001030032"],"sourceIds":["gem-global-integrated-power-tracker"],"sourceTypes":["research_verified"],"valueKind":"reported"},"totalUnitCount":1},"operatingCapacityMw":4.2,"operatingCapacityMwByTechnology":{"solar":4.2},"plannedCapacityCoverage":{"coveragePercent":0.0,"knownUnitCount":0,"method":"unavailable","totalUnitCount":0},"plannedCapacityMw":0.0,"plannedCapacityMwByTechnology":{},"recordCount":1,"recordIds":["wattlas-record-gemunit-g100001030032"],"sourceIds":["gem-global-integrated-power-tracker"],"sourceUrl":"https://www.gem.wiki/Menashe_Regional_Council_solar_project_II","technologies":["solar"],"technologyMixMw":{"solar":4.2},"unitCount":1,"unitIds":["gem-unit-G100001030032"]},"type":"Feature"},{"geometry":{"coordinates":[35.002,32.4086],"type":"Point"},"id":"wattlas-plant-gemplant-l100001025352","properties":{"aliases":["--","Menashe Regional Council solar project III"],"canonicalAnchor":"gemplant:L100001025352","canonicalCountryKey":"IL","capacityMw":2.9,"country":"IL","externalIds":{"gemPlant":"L100001025352","gemUnit":"G100001030033"},"gemWikiUrl":"https://www.gem.wiki/Menashe_Regional_Council_solar_project_III","geographyId":"IL-19161824B12012272353046","id":"wattlas-plant-gemplant-l100001025352","lifecycleCounts":{"operational":1},"locationPrecision":"exact","name":"Menashe Regional Council solar project III","operatingCapacityCoverage":{"coveragePercent":100.0,"knownUnitCount":1,"method":"complete_unit_sum","provenance":{"evidenceCount":0,"recordIds":["wattlas-record-gemunit-g100001030033"],"sourceIds":["gem-global-integrated-power-tracker"],"sourceTypes":["research_verified"],"valueKind":"reported"},"totalUnitCount":1},"operatingCapacityMw":2.9,"operatingCapacityMwByTechnology":{"solar":2.9},"plannedCapacityCoverage":{"coveragePercent":0.0,"knownUnitCount":0,"method":"unavailable","totalUnitCount":0},"plannedCapacityMw":0.0,"plannedCapacityMwByTechnology":{},"recordCount":1,"recordIds":["wattlas-record-gemunit-g100001030033"],"sourceIds":["gem-global-integrated-power-tracker"],"sourceUrl":"https://www.gem.wiki/Menashe_Regional_Council_solar_project_III","technologies":["solar"],"technologyMixMw":{"solar":2.9},"unitCount":1,"unitIds":["gem-unit-G100001030033"]},"type":"Feature"},{"geometry":{"coordinates":[34.9447,32.3686],"type":"Point"},"id":"wattlas-plant-gemplant-l100001025353","properties":{"aliases":["--","Emek Hefer Regional Council solar project III"],"canonicalAnchor":"gemplant:L100001025353","canonicalCountryKey":"IL","capacityMw":1.5,"country":"IL","externalIds":{"gemPlant":"L100001025353","gemUnit":"G100001030034"},"gemWikiUrl":"https://www.gem.wiki/Emek_Hefer_Regional_Council_solar_project_III","geographyId":"IL-19161824B470428506180","id":"wattlas-plant-gemplant-l100001025353","lifecycleCounts":{"operational":1},"locationPrecision":"exact","name":"Emek Hefer Regional Council solar project III","operatingCapacityCoverage":{"coveragePercent":100.0,"knownUnitCount":1,"method":"complete_unit_sum","provenance":{"evidenceCount":0,"recordIds":["wattlas-record-gemunit-g100001030034"],"sourceIds":["gem-global-integrated-power-tracker"],"sourceTypes":["research_verified"],"valueKind":"reported"},"totalUnitCount":1},"operatingCapacityMw":1.5,"operatingCapacityMwByTechnology":{"solar":1.5},"plannedCapacityCoverage":{"coveragePercent":0.0,"knownUnitCount":0,"method":"unavailable","totalUnitCount":0},"plannedCapacityMw":0.0,"plannedCapacityMwByTechnology":{},"recordCount":1,"recordIds":["wattlas-record-gemunit-g100001030034"],"sourceIds":["gem-global-integrated-power-tracker"],"sourceUrl":"https://www.gem.wiki/Emek_Hefer_Regional_Council_solar_project_III","technologies":["solar"],"technologyMixMw":{"solar":1.5},"unitCount":1,"unitIds":["gem-unit-G100001030034"]},"type":"Feature"},{"geometry":{"coordinates":[34.9258,32.5726],"type":"Point"},"id":"wattlas-plant-gemplant-l100001025354","properties":{"aliases":["--","Hof Hacarmel Regional Council solar project II"],"canonicalAnchor":"gemplant:L100001025354","canonicalCountryKey":"IL","capacityMw":17.4,"country":"IL","externalIds":{"gemPlant":"L100001025354","gemUnit":"G100001030035"},"gemWikiUrl":"https://www.gem.wiki/Hof_Hacarmel_Regional_Council_solar_project_II","geographyId":"IL-19161824B12012272353046","id":"wattlas-plant-gemplant-l100001025354","lifecycleCounts":{"operational":1},"locationPrecision":"exact","name":"Hof Hacarmel Regional Council solar project II","operatingCapacityCoverage":{"coveragePercent":100.0,"knownUnitCount":1,"method":"complete_unit_sum","provenance":{"evidenceCount":0,"recordIds":["wattlas-record-gemunit-g100001030035"],"sourceIds":["gem-global-integrated-power-tracker"],"sourceTypes":["research_verified"],"valueKind":"reported"},"totalUnitCount":1},"operatingCapacityMw":17.4,"operatingCapacityMwByTechnology":{"solar":17.4},"plannedCapacityCoverage":{"coveragePercent":0.0,"knownUnitCount":0,"method":"unavailable","totalUnitCount":0},"plannedCapacityMw":0.0,"plannedCapacityMwByTechnology":{},"recordCount":1,"recordIds":["wattlas-record-gemunit-g100001030035"],"sourceIds":["gem-global-integrated-power-tracker"],"sourceUrl":"https://www.gem.wiki/Hof_Hacarmel_Regional_Council_solar_project_II","technologies":["solar"],"technologyMixMw":{"solar":17.4},"unitCount":1,"unitIds":["gem-unit-G100001030035"]},"type":"Feature"},{"geometry":{"coordinates":[35.1685,32.6434],"type":"Point"},"id":"wattlas-plant-gemplant-l100001025355","properties":{"aliases":["--","Emek Izrael Regional Council solar project I"],"canonicalAnchor":"gemplant:L100001025355","canonicalCountryKey":"IL","capacityMw":4.6,"country":"IL","externalIds":{"gemPlant":"L100001025355","gemUnit":"G100001030036"},"gemWikiUrl":"https://www.gem.wiki/Emek_Izrael_Regional_Council_solar_project_I","geographyId":"IL-19161824B91089536365577","id":"wattlas-plant-gemplant-l100001025355","lifecycleCounts":{"operational":1},"locationPrecision":"exact","name":"Emek Izrael Regional Council solar project I","operatingCapacityCoverage":{"coveragePercent":100.0,"knownUnitCount":1,"method":"complete_unit_sum","provenance":{"evidenceCount":0,"recordIds":["wattlas-record-gemunit-g100001030036"],"sourceIds":["gem-global-integrated-power-tracker"],"sourceTypes":["research_verified"],"valueKind":"reported"},"totalUnitCount":1},"operatingCapacityMw":4.6,"operatingCapacityMwByTechnology":{"solar":4.6},"plannedCapacityCoverage":{"coveragePercent":0.0,"knownUnitCount":0,"method":"unavailable","totalUnitCount":0},"plannedCapacityMw":0.0,"plannedCapacityMwByTechnology":{},"recordCount":1,"recordIds":["wattlas-record-gemunit-g100001030036"],"sourceIds":["gem-global-integrated-power-tracker"],"sourceUrl":"https://www.gem.wiki/Emek_Izrael_Regional_Council_solar_project_I","technologies":["solar"],"technologyMixMw":{"solar":4.6},"unitCount":1,"unitIds":["gem-unit-G100001030036"]},"type":"Feature"},{"geometry":{"coordinates":[35.059,32.5775],"type":"Point"},"id":"wattlas-plant-gemplant-l100001025356","properties":{"aliases":["--","Megido Regional Council solar project I"],"canonicalAnchor":"gemplant:L100001025356","canonicalCountryKey":"IL","capacityMw":5.0,"country":"IL","externalIds":{"gemPlant":"L100001025356","gemUnit":"G100001030037"},"gemWikiUrl":"https://www.gem.wiki/Megido_Regional_Council_solar_project_I","geographyId":"IL-19161824B91089536365577","id":"wattlas-plant-gemplant-l100001025356","lifecycleCounts":{"operational":1},"locationPrecision":"exact","name":"Megido Regional Council solar project I","operatingCapacityCoverage":{"coveragePercent":100.0,"knownUnitCount":1,"method":"complete_unit_sum","provenance":{"evidenceCount":0,"recordIds":["wattlas-record-gemunit-g100001030037"],"sourceIds":["gem-global-integrated-power-tracker"],"sourceTypes":["research_verified"],"valueKind":"reported"},"totalUnitCount":1},"operatingCapacityMw":5.0,"operatingCapacityMwByTechnology":{"solar":5.0},"plannedCapacityCoverage":{"coveragePercent":0.0,"knownUnitCount":0,"method":"unavailable","totalUnitCount":0},"plannedCapacityMw":0.0,"plannedCapacityMwByTechnology":{},"recordCount":1,"recordIds":["wattlas-record-gemunit-g100001030037"],"sourceIds":["gem-global-integrated-power-tracker"],"sourceUrl":"https://www.gem.wiki/Megido_Regional_Council_solar_project_I","technologies":["solar"],"technologyMixMw":{"solar":5.0},"unitCount":1,"unitIds":["gem-unit-G100001030037"]},"type":"Feature"},{"geometry":{"coordinates":[34.9924,32.5025],"type":"Point"},"id":"wattlas-plant-gemplant-l100001025357","properties":{"aliases":["--","Menashe Regional Council solar project IV"],"canonicalAnchor":"gemplant:L100001025357","canonicalCountryKey":"IL","capacityMw":3.6,"country":"IL","externalIds":{"gemPlant":"L100001025357","gemUnit":"G100001030038"},"gemWikiUrl":"https://www.gem.wiki/Menashe_Regional_Council_solar_project_IV","geographyId":"IL-19161824B12012272353046","id":"wattlas-plant-gemplant-l100001025357","lifecycleCounts":{"operational":1},"locationPrecision":"exact","name":"Menashe Regional Council solar project IV","operatingCapacityCoverage":{"coveragePercent":100.0,"knownUnitCount":1,"method":"complete_unit_sum","provenance":{"evidenceCount":0,"recordIds":["wattlas-record-gemunit-g100001030038"],"sourceIds":["gem-global-integrated-power-tracker"],"sourceTypes":["research_verified"],"valueKind":"reported"},"totalUnitCount":1},"operatingCapacityMw":3.6,"operatingCapacityMwByTechnology":{"solar":3.6},"plannedCapacityCoverage":{"coveragePercent":0.0,"knownUnitCount":0,"method":"unavailable","totalUnitCount":0},"plannedCapacityMw":0.0,"plannedCapacityMwByTechnology":{},"recordCount":1,"recordIds":["wattlas-record-gemunit-g100001030038"],"sourceIds":["gem-global-integrated-power-tracker"],"sourceUrl":"https://www.gem.wiki/Menashe_Regional_Council_solar_project_IV","technologies":["solar"],"technologyMixMw":{"solar":3.6},"unitCount":1,"unitIds":["gem-unit-G100001030038"]},"type":"Feature"},{"geometry":{"coordinates":[34.9574,32.4411],"type":"Point"},"id":"wattlas-plant-gemplant-l100001025358","properties":{"aliases":["--","Menashe Regional Council solar project V"],"canonicalAnchor":"gemplant:L100001025358","canonicalCountryKey":"IL","capacityMw":2.3,"country":"IL","externalIds":{"gemPlant":"L100001025358","gemUnit":"G100001030039"},"gemWikiUrl":"https://www.gem.wiki/Menashe_Regional_Council_solar_project_V","geographyId":"IL-19161824B12012272353046","id":"wattlas-plant-gemplant-l100001025358","lifecycleCounts":{"operational":1},"locationPrecision":"exact","name":"Menashe Regional Council solar project V","operatingCapacityCoverage":{"coveragePercent":100.0,"knownUnitCount":1,"method":"complete_unit_sum","provenance":{"evidenceCount":0,"recordIds":["wattlas-record-gemunit-g100001030039"],"sourceIds":["gem-global-integrated-power-tracker"],"sourceTypes":["research_verified"],"valueKind":"reported"},"totalUnitCount":1},"operatingCapacityMw":2.3,"operatingCapacityMwByTechnology":{"solar":2.3},"plannedCapacityCoverage":{"coveragePercent":0.0,"knownUnitCount":0,"method":"unavailable","totalUnitCount":0},"plannedCapacityMw":0.0,"plannedCapacityMwByTechnology":{},"recordCount":1,"recordIds":["wattlas-record-gemunit-g100001030039"],"sourceIds":["gem-global-integrated-power-tracker"],"sourceUrl":"https://www.gem.wiki/Menashe_Regional_Council_solar_project_V","technologies":["solar"],"technologyMixMw":{"solar":2.3},"unitCount":1,"unitIds":["gem-unit-G100001030039"]},"type":"Feature"},{"geometry":{"coordinates":[35.1322,32.6434],"type":"Point"},"id":"wattlas-plant-gemplant-l100001025359","properties":{"aliases":["--","Megido Regional Council solar project II"],"canonicalAnchor":"gemplant:L100001025359","canonicalCountryKey":"IL","capacityMw":2.2,"country":"IL","externalIds":{"gemPlant":"L100001025359","gemUnit":"G100001030040"},"gemWikiUrl":"https://www.gem.wiki/Megido_Regional_Council_solar_project_II","geographyId":"IL-19161824B91089536365577","id":"wattlas-plant-gemplant-l100001025359","lifecycleCounts":{"operational":1},"locationPrecision":"exact","name":"Megido Regional Council solar project II","operatingCapacityCoverage":{"coveragePercent":100.0,"knownUnitCount":1,"method":"complete_unit_sum","provenance":{"evidenceCount":0,"recordIds":["wattlas-record-gemunit-g100001030040"],"sourceIds":["gem-global-integrated-power-tracker"],"sourceTypes":["research_verified"],"valueKind":"reported"},"totalUnitCount":1},"operatingCapacityMw":2.2,"operatingCapacityMwByTechnology":{"solar":2.2},"plannedCapacityCoverage":{"coveragePercent":0.0,"knownUnitCount":0,"method":"unavailable","totalUnitCount":0},"plannedCapacityMw":0.0,"plannedCapacityMwByTechnology":{},"recordCount":1,"recordIds":["wattlas-record-gemunit-g100001030040"],"sourceIds":["gem-global-integrated-power-tracker"],"sourceUrl":"https://www.gem.wiki/Megido_Regional_Council_solar_project_II","technologies":["solar"],"technologyMixMw":{"solar":2.2},"unitCount":1,"unitIds":["gem-unit-G100001030040"]},"type":"Feature"},{"geometry":{"coordinates":[35.1932,32.7201],"type":"Point"},"id":"wattlas-plant-gemplant-l100001025360","properties":{"aliases":["--","Emek Izrael Regional Council solar project II"],"canonicalAnchor":"gemplant:L100001025360","canonicalCountryKey":"IL","capacityMw":2.8,"country":"IL","externalIds":{"gemPlant":"L100001025360","gemUnit":"G100001030041"},"gemWikiUrl":"https://www.gem.wiki/Emek_Izrael_Regional_Council_solar_project_II","geographyId":"IL-19161824B91089536365577","id":"wattlas-plant-gemplant-l100001025360","lifecycleCounts":{"operational":1},"locationPrecision":"exact","name":"Emek Izrael Regional Council solar project II","operatingCapacityCoverage":{"coveragePercent":100.0,"knownUnitCount":1,"method":"complete_unit_sum","provenance":{"evidenceCount":0,"recordIds":["wattlas-record-gemunit-g100001030041"],"sourceIds":["gem-global-integrated-power-tracker"],"sourceTypes":["research_verified"],"valueKind":"reported"},"totalUnitCount":1},"operatingCapacityMw":2.8,"operatingCapacityMwByTechnology":{"solar":2.8},"plannedCapacityCoverage":{"coveragePercent":0.0,"knownUnitCount":0,"method":"unavailable","totalUnitCount":0},"plannedCapacityMw":0.0,"plannedCapacityMwByTechnology":{},"recordCount":1,"recordIds":["wattlas-record-gemunit-g100001030041"],"sourceIds":["gem-global-integrated-power-tracker"],"sourceUrl":"https://www.gem.wiki/Emek_Izrael_Regional_Council_solar_project_II","technologies":["solar"],"technologyMixMw":{"solar":2.8},"unitCount":1,"unitIds":["gem-unit-G100001030041"]},"type":"Feature"},{"geometry":{"coordinates":[35.4485,32.5225],"type":"Point"},"id":"wattlas-plant-gemplant-l100001025364","properties":{"aliases":["--","Gilboa Regional Council solar project II"],"canonicalAnchor":"gemplant:L100001025364","canonicalCountryKey":"IL","capacityMw":3.2,"country":"IL","externalIds":{"gemPlant":"L100001025364","gemUnit":"G100001030045"},"gemWikiUrl":"https://www.gem.wiki/Gilboa_Regional_Council_solar_project_II","geographyId":"IL-19161824B91089536365577","id":"wattlas-plant-gemplant-l100001025364","lifecycleCounts":{"operational":1},"locationPrecision":"exact","name":"Gilboa Regional Council solar project II","operatingCapacityCoverage":{"coveragePercent":100.0,"knownUnitCount":1,"method":"complete_unit_sum","provenance":{"evidenceCount":0,"recordIds":["wattlas-record-gemunit-g100001030045"],"sourceIds":["gem-global-integrated-power-tracker"],"sourceTypes":["research_verified"],"valueKind":"reported"},"totalUnitCount":1},"operatingCapacityMw":3.2,"operatingCapacityMwByTechnology":{"solar":3.2},"plannedCapacityCoverage":{"coveragePercent":0.0,"knownUnitCount":0,"method":"unavailable","totalUnitCount":0},"plannedCapacityMw":0.0,"plannedCapacityMwByTechnology":{},"recordCount":1,"recordIds":["wattlas-record-gemunit-g100001030045"],"sourceIds":["gem-global-integrated-power-tracker"],"sourceUrl":"https://www.gem.wiki/Gilboa_Regional_Council_solar_project_II","technologies":["solar"],"technologyMixMw":{"solar":3.2},"unitCount":1,"unitIds":["gem-unit-G100001030045"]},"type":"Feature"},{"geometry":{"coordinates":[35.4036,32.5517],"type":"Point"},"id":"wattlas-plant-gemplant-l100001025365","properties":{"aliases":["--","Gilboa Regional Council solar project III"],"canonicalAnchor":"gemplant:L100001025365","canonicalCountryKey":"IL","capacityMw":8.5,"country":"IL","externalIds":{"gemPlant":"L100001025365","gemUnit":"G100001030046"},"gemWikiUrl":"https://www.gem.wiki/Gilboa_Regional_Council_solar_project_III","geographyId":"IL-19161824B91089536365577","id":"wattlas-plant-gemplant-l100001025365","lifecycleCounts":{"operational":1},"locationPrecision":"exact","name":"Gilboa Regional Council solar project III","operatingCapacityCoverage":{"coveragePercent":100.0,"knownUnitCount":1,"method":"complete_unit_sum","provenance":{"evidenceCount":0,"recordIds":["wattlas-record-gemunit-g100001030046"],"sourceIds":["gem-global-integrated-power-tracker"],"sourceTypes":["research_verified"],"valueKind":"reported"},"totalUnitCount":1},"operatingCapacityMw":8.5,"operatingCapacityMwByTechnology":{"solar":8.5},"plannedCapacityCoverage":{"coveragePercent":0.0,"knownUnitCount":0,"method":"unavailable","totalUnitCount":0},"plannedCapacityMw":0.0,"plannedCapacityMwByTechnology":{},"recordCount":1,"recordIds":["wattlas-record-gemunit-g100001030046"],"sourceIds":["gem-global-integrated-power-tracker"],"sourceUrl":"https://www.gem.wiki/Gilboa_Regional_Council_solar_project_III","technologies":["solar"],"technologyMixMw":{"solar":8.5},"unitCount":1,"unitIds":["gem-unit-G100001030046"]},"type":"Feature"},{"geometry":{"coordinates":[35.4139,32.6523],"type":"Point"},"id":"wattlas-plant-gemplant-l100001025366","properties":{"aliases":["--","Emek Izrael Regional Council solar project III"],"canonicalAnchor":"gemplant:L100001025366","canonicalCountryKey":"IL","capacityMw":4.2,"country":"IL","externalIds":{"gemPlant":"L100001025366","gemUnit":"G100001030047"},"gemWikiUrl":"https://www.gem.wiki/Emek_Izrael_Regional_Council_solar_project_III","geographyId":"IL-19161824B91089536365577","id":"wattlas-plant-gemplant-l100001025366","lifecycleCounts":{"operational":1},"locationPrecision":"exact","name":"Emek Izrael Regional Council solar project III","operatingCapacityCoverage":{"coveragePercent":100.0,"knownUnitCount":1,"method":"complete_unit_sum","provenance":{"evidenceCount":0,"recordIds":["wattlas-record-gemunit-g100001030047"],"sourceIds":["gem-global-integrated-power-tracker"],"sourceTypes":["research_verified"],"valueKind":"reported"},"totalUnitCount":1},"operatingCapacityMw":4.2,"operatingCapacityMwByTechnology":{"solar":4.2},"plannedCapacityCoverage":{"coveragePercent":0.0,"knownUnitCount":0,"method":"unavailable","totalUnitCount":0},"plannedCapacityMw":0.0,"plannedCapacityMwByTechnology":{},"recordCount":1,"recordIds":["wattlas-record-gemunit-g100001030047"],"sourceIds":["gem-global-integrated-power-tracker"],"sourceUrl":"https://www.gem.wiki/Emek_Izrael_Regional_Council_solar_project_III","technologies":["solar"],"technologyMixMw":{"solar":4.2},"unitCount":1,"unitIds":["gem-unit-G100001030047"]},"type":"Feature"},{"geometry":{"coordinates":[35.2159,32.6526],"type":"Point"},"id":"wattlas-plant-gemplant-l100001025367","properties":{"aliases":["--","Emek Izrael Regional Council solar project IV"],"canonicalAnchor":"gemplant:L100001025367","canonicalCountryKey":"IL","capacityMw":3.6,"country":"IL","externalIds":{"gemPlant":"L100001025367","gemUnit":"G100001030048"},"gemWikiUrl":"https://www.gem.wiki/Emek_Izrael_Regional_Council_solar_project_IV","geographyId":"IL-19161824B91089536365577","id":"wattlas-plant-gemplant-l100001025367","lifecycleCounts":{"operational":1},"locationPrecision":"exact","name":"Emek Izrael Regional Council solar project IV","operatingCapacityCoverage":{"coveragePercent":100.0,"knownUnitCount":1,"method":"complete_unit_sum","provenance":{"evidenceCount":0,"recordIds":["wattlas-record-gemunit-g100001030048"],"sourceIds":["gem-global-integrated-power-tracker"],"sourceTypes":["research_verified"],"valueKind":"reported"},"totalUnitCount":1},"operatingCapacityMw":3.6,"operatingCapacityMwByTechnology":{"solar":3.6},"plannedCapacityCoverage":{"coveragePercent":0.0,"knownUnitCount":0,"method":"unavailable","totalUnitCount":0},"plannedCapacityMw":0.0,"plannedCapacityMwByTechnology":{},"recordCount":1,"recordIds":["wattlas-record-gemunit-g100001030048"],"sourceIds":["gem-global-integrated-power-tracker"],"sourceUrl":"https://www.gem.wiki/Emek_Izrael_Regional_Council_solar_project_IV","technologies":["solar"],"technologyMixMw":{"solar":3.6},"unitCount":1,"unitIds":["gem-unit-G100001030048"]},"type":"Feature"},{"geometry":{"coordinates":[35.5826,33.167],"type":"Point"},"id":"wattlas-plant-gemplant-l100001025368","properties":{"aliases":["--","Galil Elyon Regional Council solar project III"],"canonicalAnchor":"gemplant:L100001025368","canonicalCountryKey":"IL","capacityMw":7.1,"country":"IL","externalIds":{"gemPlant":"L100001025368","gemUnit":"G100001030049"},"gemWikiUrl":"https://www.gem.wiki/Galil_Elyon_Regional_Council_solar_project_III","geographyId":"IL-19161824B91089536365577","id":"wattlas-plant-gemplant-l100001025368","lifecycleCounts":{"operational":1},"locationPrecision":"exact","name":"Galil Elyon Regional Council solar project III","operatingCapacityCoverage":{"coveragePercent":100.0,"knownUnitCount":1,"method":"complete_unit_sum","provenance":{"evidenceCount":0,"recordIds":["wattlas-record-gemunit-g100001030049"],"sourceIds":["gem-global-integrated-power-tracker"],"sourceTypes":["research_verified"],"valueKind":"reported"},"totalUnitCount":1},"operatingCapacityMw":7.1,"operatingCapacityMwByTechnology":{"solar":7.1},"plannedCapacityCoverage":{"coveragePercent":0.0,"knownUnitCount":0,"method":"unavailable","totalUnitCount":0},"plannedCapacityMw":0.0,"plannedCapacityMwByTechnology":{},"recordCount":1,"recordIds":["wattlas-record-gemunit-g100001030049"],"sourceIds":["gem-global-integrated-power-tracker"],"sourceUrl":"https://www.gem.wiki/Galil_Elyon_Regional_Council_solar_project_III","technologies":["solar"],"technologyMixMw":{"solar":7.1},"unitCount":1,"unitIds":["gem-unit-G100001030049"]},"type":"Feature"},{"geometry":{"coordinates":[34.7741,31.6643],"type":"Point"},"id":"wattlas-plant-gemplant-l100001025369","properties":{"aliases":["--","Yoav Regional Council solar project IV"],"canonicalAnchor":"gemplant:L100001025369","canonicalCountryKey":"IL","capacityMw":9.2,"country":"IL","externalIds":{"gemPlant":"L100001025369","gemUnit":"G100001030050"},"gemWikiUrl":"https://www.gem.wiki/Yoav_Regional_Council_solar_project_IV","geographyId":"IL-19161824B24193204184747","id":"wattlas-plant-gemplant-l100001025369","lifecycleCounts":{"operational":1},"locationPrecision":"exact","name":"Yoav Regional Council solar project IV","operatingCapacityCoverage":{"coveragePercent":100.0,"knownUnitCount":1,"method":"complete_unit_sum","provenance":{"evidenceCount":0,"recordIds":["wattlas-record-gemunit-g100001030050"],"sourceIds":["gem-global-integrated-power-tracker"],"sourceTypes":["research_verified"],"valueKind":"reported"},"totalUnitCount":1},"operatingCapacityMw":9.2,"operatingCapacityMwByTechnology":{"solar":9.2},"plannedCapacityCoverage":{"coveragePercent":0.0,"knownUnitCount":0,"method":"unavailable","totalUnitCount":0},"plannedCapacityMw":0.0,"plannedCapacityMwByTechnology":{},"recordCount":1,"recordIds":["wattlas-record-gemunit-g100001030050"],"sourceIds":["gem-global-integrated-power-tracker"],"sourceUrl":"https://www.gem.wiki/Yoav_Regional_Council_solar_project_IV","technologies":["solar"],"technologyMixMw":{"solar":9.2},"unitCount":1,"unitIds":["gem-unit-G100001030050"]},"type":"Feature"},{"geometry":{"coordinates":[35.4534,32.4914],"type":"Point"},"id":"wattlas-plant-gemplant-l100001025371","properties":{"aliases":["--","Emek Hamaayanot Regional Council (Israel) solar project III"],"canonicalAnchor":"gemplant:L100001025371","canonicalCountryKey":"IL","capacityMw":2.1,"country":"IL","externalIds":{"gemPlant":"L100001025371","gemUnit":"G100001030052"},"gemWikiUrl":"https://www.gem.wiki/Emek_Hamaayanot_Regional_Council_solar_project_III","geographyId":"IL-19161824B91089536365577","id":"wattlas-plant-gemplant-l100001025371","lifecycleCounts":{"operational":1},"locationPrecision":"exact","name":"Emek Hamaayanot Regional Council (Israel) solar project III","operatingCapacityCoverage":{"coveragePercent":100.0,"knownUnitCount":1,"method":"complete_unit_sum","provenance":{"evidenceCount":0,"recordIds":["wattlas-record-gemunit-g100001030052"],"sourceIds":["gem-global-integrated-power-tracker"],"sourceTypes":["research_verified"],"valueKind":"reported"},"totalUnitCount":1},"operatingCapacityMw":2.1,"operatingCapacityMwByTechnology":{"solar":2.1},"plannedCapacityCoverage":{"coveragePercent":0.0,"knownUnitCount":0,"method":"unavailable","totalUnitCount":0},"plannedCapacityMw":0.0,"plannedCapacityMwByTechnology":{},"recordCount":1,"recordIds":["wattlas-record-gemunit-g100001030052"],"sourceIds":["gem-global-integrated-power-tracker"],"sourceUrl":"https://www.gem.wiki/Emek_Hamaayanot_Regional_Council_solar_project_III","technologies":["solar"],"technologyMixMw":{"solar":2.1},"unitCount":1,"unitIds":["gem-unit-G100001030052"]},"type":"Feature"},{"geometry":{"coordinates":[35.5774,32.9864],"type":"Point"},"id":"wattlas-plant-gemplant-l100001025372","properties":{"aliases":["--","Galil Elyon Regional Council solar project IV"],"canonicalAnchor":"gemplant:L100001025372","canonicalCountryKey":"IL","capacityMw":8.1,"country":"IL","externalIds":{"gemPlant":"L100001025372","gemUnit":"G100001030053"},"gemWikiUrl":"https://www.gem.wiki/Galil_Elyon_Regional_Council_solar_project_IV","geographyId":"IL-19161824B91089536365577","id":"wattlas-plant-gemplant-l100001025372","lifecycleCounts":{"operational":1},"locationPrecision":"exact","name":"Galil Elyon Regional Council solar project IV","operatingCapacityCoverage":{"coveragePercent":100.0,"knownUnitCount":1,"method":"complete_unit_sum","provenance":{"evidenceCount":0,"recordIds":["wattlas-record-gemunit-g100001030053"],"sourceIds":["gem-global-integrated-power-tracker"],"sourceTypes":["research_verified"],"valueKind":"reported"},"totalUnitCount":1},"operatingCapacityMw":8.1,"operatingCapacityMwByTechnology":{"solar":8.1},"plannedCapacityCoverage":{"coveragePercent":0.0,"knownUnitCount":0,"method":"unavailable","totalUnitCount":0},"plannedCapacityMw":0.0,"plannedCapacityMwByTechnology":{},"recordCount":1,"recordIds":["wattlas-record-gemunit-g100001030053"],"sourceIds":["gem-global-integrated-power-tracker"],"sourceUrl":"https://www.gem.wiki/Galil_Elyon_Regional_Council_solar_project_IV","technologies":["solar"],"technologyMixMw":{"solar":8.1},"unitCount":1,"unitIds":["gem-unit-G100001030053"]},"type":"Feature"},{"geometry":{"coordinates":[34.6553,31.6427],"type":"Point"},"id":"wattlas-plant-gemplant-l100001025373","properties":{"aliases":["--","Hof Ashkelon Regional Council solar project IV"],"canonicalAnchor":"gemplant:L100001025373","canonicalCountryKey":"IL","capacityMw":8.1,"country":"IL","externalIds":{"gemPlant":"L100001025373","gemUnit":"G100001030054"},"gemWikiUrl":"https://www.gem.wiki/Hof_Ashkelon_Regional_Council_solar_project_IV","geographyId":"IL-19161824B24193204184747","id":"wattlas-plant-gemplant-l100001025373","lifecycleCounts":{"operational":1},"locationPrecision":"exact","name":"Hof Ashkelon Regional Council solar project IV","operatingCapacityCoverage":{"coveragePercent":100.0,"knownUnitCount":1,"method":"complete_unit_sum","provenance":{"evidenceCount":0,"recordIds":["wattlas-record-gemunit-g100001030054"],"sourceIds":["gem-global-integrated-power-tracker"],"sourceTypes":["research_verified"],"valueKind":"reported"},"totalUnitCount":1},"operatingCapacityMw":8.1,"operatingCapacityMwByTechnology":{"solar":8.1},"plannedCapacityCoverage":{"coveragePercent":0.0,"knownUnitCount":0,"method":"unavailable","totalUnitCount":0},"plannedCapacityMw":0.0,"plannedCapacityMwByTechnology":{},"recordCount":1,"recordIds":["wattlas-record-gemunit-g100001030054"],"sourceIds":["gem-global-integrated-power-tracker"],"sourceUrl":"https://www.gem.wiki/Hof_Ashkelon_Regional_Council_solar_project_IV","technologies":["solar"],"technologyMixMw":{"solar":8.1},"unitCount":1,"unitIds":["gem-unit-G100001030054"]},"type":"Feature"},{"geometry":{"coordinates":[34.6796,31.4261],"type":"Point"},"id":"wattlas-plant-gemplant-l100001025374","properties":{"aliases":["--","Merhavim Regional Council solar project II"],"canonicalAnchor":"gemplant:L100001025374","canonicalCountryKey":"IL","capacityMw":7.5,"country":"IL","externalIds":{"gemPlant":"L100001025374","gemUnit":"G100001030055"},"gemWikiUrl":"https://www.gem.wiki/Merhavim_Regional_Council_solar_project_II","geographyId":"IL-19161824B24193204184747","id":"wattlas-plant-gemplant-l100001025374","lifecycleCounts":{"operational":1},"locationPrecision":"exact","name":"Merhavim Regional Council solar project II","operatingCapacityCoverage":{"coveragePercent":100.0,"knownUnitCount":1,"method":"complete_unit_sum","provenance":{"evidenceCount":0,"recordIds":["wattlas-record-gemunit-g100001030055"],"sourceIds":["gem-global-integrated-power-tracker"],"sourceTypes":["research_verified"],"valueKind":"reported"},"totalUnitCount":1},"operatingCapacityMw":7.5,"operatingCapacityMwByTechnology":{"solar":7.5},"plannedCapacityCoverage":{"coveragePercent":0.0,"knownUnitCount":0,"method":"unavailable","totalUnitCount":0},"plannedCapacityMw":0.0,"plannedCapacityMwByTechnology":{},"recordCount":1,"recordIds":["wattlas-record-gemunit-g100001030055"],"sourceIds":["gem-global-integrated-power-tracker"],"sourceUrl":"https://www.gem.wiki/Merhavim_Regional_Council_solar_project_II","technologies":["solar"],"technologyMixMw":{"solar":7.5},"unitCount":1,"unitIds":["gem-unit-G100001030055"]},"type":"Feature"},{"geometry":{"coordinates":[34.9683,32.4426],"type":"Point"},"id":"wattlas-plant-gemplant-l100001025375","properties":{"aliases":["--","Menashe Regional Council solar project VI"],"canonicalAnchor":"gemplant:L100001025375","canonicalCountryKey":"IL","capacityMw":4.0,"country":"IL","externalIds":{"gemPlant":"L100001025375","gemUnit":"G100001030056"},"gemWikiUrl":"https://www.gem.wiki/Menashe_Regional_Council_solar_project_VI","geographyId":"IL-19161824B12012272353046","id":"wattlas-plant-gemplant-l100001025375","lifecycleCounts":{"operational":1},"locationPrecision":"exact","name":"Menashe Regional Council solar project VI","operatingCapacityCoverage":{"coveragePercent":100.0,"knownUnitCount":1,"method":"complete_unit_sum","provenance":{"evidenceCount":0,"recordIds":["wattlas-record-gemunit-g100001030056"],"sourceIds":["gem-global-integrated-power-tracker"],"sourceTypes":["research_verified"],"valueKind":"reported"},"totalUnitCount":1},"operatingCapacityMw":4.0,"operatingCapacityMwByTechnology":{"solar":4.0},"plannedCapacityCoverage":{"coveragePercent":0.0,"knownUnitCount":0,"method":"unavailable","totalUnitCount":0},"plannedCapacityMw":0.0,"plannedCapacityMwByTechnology":{},"recordCount":1,"recordIds":["wattlas-record-gemunit-g100001030056"],"sourceIds":["gem-global-integrated-power-tracker"],"sourceUrl":"https://www.gem.wiki/Menashe_Regional_Council_solar_project_VI","technologies":["solar"],"technologyMixMw":{"solar":4.0},"unitCount":1,"unitIds":["gem-unit-G100001030056"]},"type":"Feature"},{"geometry":{"coordinates":[35.1566,32.6614],"type":"Point"},"id":"wattlas-plant-gemplant-l100001025377","properties":{"aliases":["--","Emek Izrael Regional Council solar project V"],"canonicalAnchor":"gemplant:L100001025377","canonicalCountryKey":"IL","capacityMw":3.8,"country":"IL","externalIds":{"gemPlant":"L100001025377","gemUnit":"G100001030058"},"gemWikiUrl":"https://www.gem.wiki/Emek_Izrael_Regional_Council_solar_project_V","geographyId":"IL-19161824B91089536365577","id":"wattlas-plant-gemplant-l100001025377","lifecycleCounts":{"operational":1},"locationPrecision":"exact","name":"Emek Izrael Regional Council solar project V","operatingCapacityCoverage":{"coveragePercent":100.0,"knownUnitCount":1,"method":"complete_unit_sum","provenance":{"evidenceCount":0,"recordIds":["wattlas-record-gemunit-g100001030058"],"sourceIds":["gem-global-integrated-power-tracker"],"sourceTypes":["research_verified"],"valueKind":"reported"},"totalUnitCount":1},"operatingCapacityMw":3.8,"operatingCapacityMwByTechnology":{"solar":3.8},"plannedCapacityCoverage":{"coveragePercent":0.0,"knownUnitCount":0,"method":"unavailable","totalUnitCount":0},"plannedCapacityMw":0.0,"plannedCapacityMwByTechnology":{},"recordCount":1,"recordIds":["wattlas-record-gemunit-g100001030058"],"sourceIds":["gem-global-integrated-power-tracker"],"sourceUrl":"https://www.gem.wiki/Emek_Izrael_Regional_Council_solar_project_V","technologies":["solar"],"technologyMixMw":{"solar":3.8},"unitCount":1,"unitIds":["gem-unit-G100001030058"]},"type":"Feature"},{"geometry":{"coordinates":[35.6152,33.0532],"type":"Point"},"id":"wattlas-plant-gemplant-l100001025378","properties":{"aliases":["--","Galil Elyon Regional Council solar project V"],"canonicalAnchor":"gemplant:L100001025378","canonicalCountryKey":"IL","capacityMw":9.2,"country":"IL","externalIds":{"gemPlant":"L100001025378","gemUnit":"G100001030059"},"gemWikiUrl":"https://www.gem.wiki/Galil_Elyon_Regional_Council_solar_project_V","geographyId":"IL-19161824B91089536365577","id":"wattlas-plant-gemplant-l100001025378","lifecycleCounts":{"operational":1},"locationPrecision":"exact","name":"Galil Elyon Regional Council solar project V","operatingCapacityCoverage":{"coveragePercent":100.0,"knownUnitCount":1,"method":"complete_unit_sum","provenance":{"evidenceCount":0,"recordIds":["wattlas-record-gemunit-g100001030059"],"sourceIds":["gem-global-integrated-power-tracker"],"sourceTypes":["research_verified"],"valueKind":"reported"},"totalUnitCount":1},"operatingCapacityMw":9.2,"operatingCapacityMwByTechnology":{"solar":9.2},"plannedCapacityCoverage":{"coveragePercent":0.0,"knownUnitCount":0,"method":"unavailable","totalUnitCount":0},"plannedCapacityMw":0.0,"plannedCapacityMwByTechnology":{},"recordCount":1,"recordIds":["wattlas-record-gemunit-g100001030059"],"sourceIds":["gem-global-integrated-power-tracker"],"sourceUrl":"https://www.gem.wiki/Galil_Elyon_Regional_Council_solar_project_V","technologies":["solar"],"technologyMixMw":{"solar":9.2},"unitCount":1,"unitIds":["gem-unit-G100001030059"]},"type":"Feature"},{"geometry":{"coordinates":[34.8243,31.1446],"type":"Point"},"id":"wattlas-plant-gemplant-l100001025379","properties":{"aliases":["--","South District solar project II"],"canonicalAnchor":"gemplant:L100001025379","canonicalCountryKey":"IL","capacityMw":6.8,"country":"IL","externalIds":{"gemPlant":"L100001025379","gemUnit":"G100001030060"},"gemWikiUrl":"https://www.gem.wiki/South_District_solar_project_II","geographyId":"IL-19161824B24193204184747","id":"wattlas-plant-gemplant-l100001025379","lifecycleCounts":{"operational":1},"locationPrecision":"exact","name":"South District solar project II","operatingCapacityCoverage":{"coveragePercent":100.0,"knownUnitCount":1,"method":"complete_unit_sum","provenance":{"evidenceCount":0,"recordIds":["wattlas-record-gemunit-g100001030060"],"sourceIds":["gem-global-integrated-power-tracker"],"sourceTypes":["research_verified"],"valueKind":"reported"},"totalUnitCount":1},"operatingCapacityMw":6.8,"operatingCapacityMwByTechnology":{"solar":6.8},"plannedCapacityCoverage":{"coveragePercent":0.0,"knownUnitCount":0,"method":"unavailable","totalUnitCount":0},"plannedCapacityMw":0.0,"plannedCapacityMwByTechnology":{},"recordCount":1,"recordIds":["wattlas-record-gemunit-g100001030060"],"sourceIds":["gem-global-integrated-power-tracker"],"sourceUrl":"https://www.gem.wiki/South_District_solar_project_II","technologies":["solar"],"technologyMixMw":{"solar":6.8},"unitCount":1,"unitIds":["gem-unit-G100001030060"]},"type":"Feature"},{"geometry":{"coordinates":[34.6801,31.5798],"type":"Point"},"id":"wattlas-plant-gemplant-l100001025380","properties":{"aliases":["--","Lachish Regional Council solar project VI"],"canonicalAnchor":"gemplant:L100001025380","canonicalCountryKey":"IL","capacityMw":9.0,"country":"IL","externalIds":{"gemPlant":"L100001025380","gemUnit":"G100001030061"},"gemWikiUrl":"https://www.gem.wiki/Lachish_Regional_Council_solar_project_VI","geographyId":"IL-19161824B24193204184747","id":"wattlas-plant-gemplant-l100001025380","lifecycleCounts":{"operational":1},"locationPrecision":"exact","name":"Lachish Regional Council solar project VI","operatingCapacityCoverage":{"coveragePercent":100.0,"knownUnitCount":1,"method":"complete_unit_sum","provenance":{"evidenceCount":0,"recordIds":["wattlas-record-gemunit-g100001030061"],"sourceIds":["gem-global-integrated-power-tracker"],"sourceTypes":["research_verified"],"valueKind":"reported"},"totalUnitCount":1},"operatingCapacityMw":9.0,"operatingCapacityMwByTechnology":{"solar":9.0},"plannedCapacityCoverage":{"coveragePercent":0.0,"knownUnitCount":0,"method":"unavailable","totalUnitCount":0},"plannedCapacityMw":0.0,"plannedCapacityMwByTechnology":{},"recordCount":1,"recordIds":["wattlas-record-gemunit-g100001030061"],"sourceIds":["gem-global-integrated-power-tracker"],"sourceUrl":"https://www.gem.wiki/Lachish_Regional_Council_solar_project_VI","technologies":["solar"],"technologyMixMw":{"solar":9.0},"unitCount":1,"unitIds":["gem-unit-G100001030061"]},"type":"Feature"},{"geometry":{"coordinates":[34.6333,31.6599],"type":"Point"},"id":"wattlas-plant-gemplant-l100001025381","properties":{"aliases":["--","Hof Ashkelon Regional Council solar project V"],"canonicalAnchor":"gemplant:L100001025381","canonicalCountryKey":"IL","capacityMw":6.9,"country":"IL","externalIds":{"gemPlant":"L100001025381","gemUnit":"G100001030062"},"gemWikiUrl":"https://www.gem.wiki/Hof_Ashkelon_Regional_Council_solar_project_V","geographyId":"IL-19161824B24193204184747","id":"wattlas-plant-gemplant-l100001025381","lifecycleCounts":{"operational":1},"locationPrecision":"exact","name":"Hof Ashkelon Regional Council solar project V","operatingCapacityCoverage":{"coveragePercent":100.0,"knownUnitCount":1,"method":"complete_unit_sum","provenance":{"evidenceCount":0,"recordIds":["wattlas-record-gemunit-g100001030062"],"sourceIds":["gem-global-integrated-power-tracker"],"sourceTypes":["research_verified"],"valueKind":"reported"},"totalUnitCount":1},"operatingCapacityMw":6.9,"operatingCapacityMwByTechnology":{"solar":6.9},"plannedCapacityCoverage":{"coveragePercent":0.0,"knownUnitCount":0,"method":"unavailable","totalUnitCount":0},"plannedCapacityMw":0.0,"plannedCapacityMwByTechnology":{},"recordCount":1,"recordIds":["wattlas-record-gemunit-g100001030062"],"sourceIds":["gem-global-integrated-power-tracker"],"sourceUrl":"https://www.gem.wiki/Hof_Ashkelon_Regional_Council_solar_project_V","technologies":["solar"],"technologyMixMw":{"solar":6.9},"unitCount":1,"unitIds":["gem-unit-G100001030062"]},"type":"Feature"},{"geometry":{"coordinates":[35.1966,32.6557],"type":"Point"},"id":"wattlas-plant-gemplant-l100001025382","properties":{"aliases":["--","Emek Izrael Regional Council solar project VI"],"canonicalAnchor":"gemplant:L100001025382","canonicalCountryKey":"IL","capacityMw":4.6,"country":"IL","externalIds":{"gemPlant":"L100001025382","gemUnit":"G100001030063"},"gemWikiUrl":"https://www.gem.wiki/Emek_Izrael_Regional_Council_solar_project_VI","geographyId":"IL-19161824B91089536365577","id":"wattlas-plant-gemplant-l100001025382","lifecycleCounts":{"operational":1},"locationPrecision":"exact","name":"Emek Izrael Regional Council solar project VI","operatingCapacityCoverage":{"coveragePercent":100.0,"knownUnitCount":1,"method":"complete_unit_sum","provenance":{"evidenceCount":0,"recordIds":["wattlas-record-gemunit-g100001030063"],"sourceIds":["gem-global-integrated-power-tracker"],"sourceTypes":["research_verified"],"valueKind":"reported"},"totalUnitCount":1},"operatingCapacityMw":4.6,"operatingCapacityMwByTechnology":{"solar":4.6},"plannedCapacityCoverage":{"coveragePercent":0.0,"knownUnitCount":0,"method":"unavailable","totalUnitCount":0},"plannedCapacityMw":0.0,"plannedCapacityMwByTechnology":{},"recordCount":1,"recordIds":["wattlas-record-gemunit-g100001030063"],"sourceIds":["gem-global-integrated-power-tracker"],"sourceUrl":"https://www.gem.wiki/Emek_Izrael_Regional_Council_solar_project_VI","technologies":["solar"],"technologyMixMw":{"solar":4.6},"unitCount":1,"unitIds":["gem-unit-G100001030063"]},"type":"Feature"},{"geometry":{"coordinates":[35.155,32.6483],"type":"Point"},"id":"wattlas-plant-gemplant-l100001025383","properties":{"aliases":["--","Emek Izrael Regional Council solar project VII"],"canonicalAnchor":"gemplant:L100001025383","canonicalCountryKey":"IL","capacityMw":2.8,"country":"IL","externalIds":{"gemPlant":"L100001025383","gemUnit":"G100001030064"},"gemWikiUrl":"https://www.gem.wiki/Emek_Izrael_Regional_Council_solar_project_VII","geographyId":"IL-19161824B91089536365577","id":"wattlas-plant-gemplant-l100001025383","lifecycleCounts":{"operational":1},"locationPrecision":"exact","name":"Emek Izrael Regional Council solar project VII","operatingCapacityCoverage":{"coveragePercent":100.0,"knownUnitCount":1,"method":"complete_unit_sum","provenance":{"evidenceCount":0,"recordIds":["wattlas-record-gemunit-g100001030064"],"sourceIds":["gem-global-integrated-power-tracker"],"sourceTypes":["research_verified"],"valueKind":"reported"},"totalUnitCount":1},"operatingCapacityMw":2.8,"operatingCapacityMwByTechnology":{"solar":2.8},"plannedCapacityCoverage":{"coveragePercent":0.0,"knownUnitCount":0,"method":"unavailable","totalUnitCount":0},"plannedCapacityMw":0.0,"plannedCapacityMwByTechnology":{},"recordCount":1,"recordIds":["wattlas-record-gemunit-g100001030064"],"sourceIds":["gem-global-integrated-power-tracker"],"sourceUrl":"https://www.gem.wiki/Emek_Izrael_Regional_Council_solar_project_VII","technologies":["solar"],"technologyMixMw":{"solar":2.8},"unitCount":1,"unitIds":["gem-unit-G100001030064"]},"type":"Feature"},{"geometry":{"coordinates":[34.3312,31.2695],"type":"Point"},"id":"wattlas-plant-gemplant-l100001025479","properties":{"aliases":["--","Eshkol Regional Council solar project"],"canonicalAnchor":"gemplant:L100001025479","canonicalCountryKey":"IL","capacityMw":3.4,"country":"IL","externalIds":{"gemPlant":"L100001025479","gemUnit":"G100001030160"},"gemWikiUrl":"https://www.gem.wiki/Eshkol_Regional_Council_solar_project","geographyId":"IL-19161824B24193204184747","id":"wattlas-plant-gemplant-l100001025479","lifecycleCounts":{"operational":1},"locationPrecision":"exact","name":"Eshkol Regional Council solar project","operatingCapacityCoverage":{"coveragePercent":100.0,"knownUnitCount":1,"method":"complete_unit_sum","provenance":{"evidenceCount":0,"recordIds":["wattlas-record-gemunit-g100001030160"],"sourceIds":["gem-global-integrated-power-tracker"],"sourceTypes":["research_verified"],"valueKind":"reported"},"totalUnitCount":1},"operatingCapacityMw":3.4,"operatingCapacityMwByTechnology":{"solar":3.4},"plannedCapacityCoverage":{"coveragePercent":0.0,"knownUnitCount":0,"method":"unavailable","totalUnitCount":0},"plannedCapacityMw":0.0,"plannedCapacityMwByTechnology":{},"recordCount":1,"recordIds":["wattlas-record-gemunit-g100001030160"],"sourceIds":["gem-global-integrated-power-tracker"],"sourceUrl":"https://www.gem.wiki/Eshkol_Regional_Council_solar_project","technologies":["solar"],"technologyMixMw":{"solar":3.4},"unitCount":1,"unitIds":["gem-unit-G100001030160"]},"type":"Feature"},{"geometry":{"coordinates":[35.194,32.6765],"type":"Point"},"id":"wattlas-plant-gemplant-l100001068936","properties":{"aliases":["--","Emek Izrael Regional Council solar project VIII"],"canonicalAnchor":"gemplant:L100001068936","canonicalCountryKey":"IL","capacityMw":9.3,"country":"IL","externalIds":{"gemPlant":"L100001068936","gemUnit":"G100001078722"},"gemWikiUrl":"https://www.gem.wiki/Emek_Izrael_Regional_Council_solar_project_VIII","geographyId":"IL-19161824B91089536365577","id":"wattlas-plant-gemplant-l100001068936","lifecycleCounts":{"operational":1},"locationPrecision":"exact","name":"Emek Izrael Regional Council solar project VIII","operatingCapacityCoverage":{"coveragePercent":100.0,"knownUnitCount":1,"method":"complete_unit_sum","provenance":{"evidenceCount":0,"recordIds":["wattlas-record-gemunit-g100001078722"],"sourceIds":["gem-global-integrated-power-tracker"],"sourceTypes":["research_verified"],"valueKind":"reported"},"totalUnitCount":1},"operatingCapacityMw":9.3,"operatingCapacityMwByTechnology":{"solar":9.3},"plannedCapacityCoverage":{"coveragePercent":0.0,"knownUnitCount":0,"method":"unavailable","totalUnitCount":0},"plannedCapacityMw":0.0,"plannedCapacityMwByTechnology":{},"recordCount":1,"recordIds":["wattlas-record-gemunit-g100001078722"],"sourceIds":["gem-global-integrated-power-tracker"],"sourceUrl":"https://www.gem.wiki/Emek_Izrael_Regional_Council_solar_project_VIII","technologies":["solar"],"technologyMixMw":{"solar":9.3},"unitCount":1,"unitIds":["gem-unit-G100001078722"]},"type":"Feature"},{"geometry":{"coordinates":[35.5054,32.4705],"type":"Point"},"id":"wattlas-plant-gemplant-l100001068937","properties":{"aliases":["--","Emek Hamaayanot Regional Council (Israel) solar project IV"],"canonicalAnchor":"gemplant:L100001068937","canonicalCountryKey":"IL","capacityMw":2.0,"country":"IL","externalIds":{"gemPlant":"L100001068937","gemUnit":"G100001078723"},"gemWikiUrl":"https://www.gem.wiki/Emek_Hamaayanot_Regional_Council_(Israel)_solar_project_IV","geographyId":"IL-19161824B91089536365577","id":"wattlas-plant-gemplant-l100001068937","lifecycleCounts":{"operational":1},"locationPrecision":"exact","name":"Emek Hamaayanot Regional Council (Israel) solar project IV","operatingCapacityCoverage":{"coveragePercent":100.0,"knownUnitCount":1,"method":"complete_unit_sum","provenance":{"evidenceCount":0,"recordIds":["wattlas-record-gemunit-g100001078723"],"sourceIds":["gem-global-integrated-power-tracker"],"sourceTypes":["research_verified"],"valueKind":"reported"},"totalUnitCount":1},"operatingCapacityMw":2.0,"operatingCapacityMwByTechnology":{"solar":2.0},"plannedCapacityCoverage":{"coveragePercent":0.0,"knownUnitCount":0,"method":"unavailable","totalUnitCount":0},"plannedCapacityMw":0.0,"plannedCapacityMwByTechnology":{},"recordCount":1,"recordIds":["wattlas-record-gemunit-g100001078723"],"sourceIds":["gem-global-integrated-power-tracker"],"sourceUrl":"https://www.gem.wiki/Emek_Hamaayanot_Regional_Council_(Israel)_solar_project_IV","technologies":["solar"],"technologyMixMw":{"solar":2.0},"unitCount":1,"unitIds":["gem-unit-G100001078723"]},"type":"Feature"},{"geometry":{"coordinates":[34.8284,31.9216],"type":"Point"},"id":"wattlas-plant-gemplant-l100001068938","properties":{"aliases":["--","Center District solar project I"],"canonicalAnchor":"gemplant:L100001068938","canonicalCountryKey":"IL","capacityMw":1.9,"country":"IL","externalIds":{"gemPlant":"L100001068938","gemUnit":"G100001078724"},"gemWikiUrl":"https://www.gem.wiki/Center_District_solar_project_I","geographyId":"IL-19161824B470428506180","id":"wattlas-plant-gemplant-l100001068938","lifecycleCounts":{"operational":1},"locationPrecision":"exact","name":"Center District solar project I","operatingCapacityCoverage":{"coveragePercent":100.0,"knownUnitCount":1,"method":"complete_unit_sum","provenance":{"evidenceCount":0,"recordIds":["wattlas-record-gemunit-g100001078724"],"sourceIds":["gem-global-integrated-power-tracker"],"sourceTypes":["research_verified"],"valueKind":"reported"},"totalUnitCount":1},"operatingCapacityMw":1.9,"operatingCapacityMwByTechnology":{"solar":1.9},"plannedCapacityCoverage":{"coveragePercent":0.0,"knownUnitCount":0,"method":"unavailable","totalUnitCount":0},"plannedCapacityMw":0.0,"plannedCapacityMwByTechnology":{},"recordCount":1,"recordIds":["wattlas-record-gemunit-g100001078724"],"sourceIds":["gem-global-integrated-power-tracker"],"sourceUrl":"https://www.gem.wiki/Center_District_solar_project_I","technologies":["solar"],"technologyMixMw":{"solar":1.9},"unitCount":1,"unitIds":["gem-unit-G100001078724"]},"type":"Feature"},{"geometry":{"coordinates":[35.0055,32.5076],"type":"Point"},"id":"wattlas-plant-gemplant-l100001068939","properties":{"aliases":["--","Menashe Regional Council solar project VII"],"canonicalAnchor":"gemplant:L100001068939","canonicalCountryKey":"IL","capacityMw":2.6,"country":"IL","externalIds":{"gemPlant":"L100001068939","gemUnit":"G100001078725"},"gemWikiUrl":"https://www.gem.wiki/Menashe_Regional_Council_solar_project_VII","geographyId":"IL-19161824B12012272353046","id":"wattlas-plant-gemplant-l100001068939","lifecycleCounts":{"operational":1},"locationPrecision":"exact","name":"Menashe Regional Council solar project VII","operatingCapacityCoverage":{"coveragePercent":100.0,"knownUnitCount":1,"method":"complete_unit_sum","provenance":{"evidenceCount":0,"recordIds":["wattlas-record-gemunit-g100001078725"],"sourceIds":["gem-global-integrated-power-tracker"],"sourceTypes":["research_verified"],"valueKind":"reported"},"totalUnitCount":1},"operatingCapacityMw":2.6,"operatingCapacityMwByTechnology":{"solar":2.6},"plannedCapacityCoverage":{"coveragePercent":0.0,"knownUnitCount":0,"method":"unavailable","totalUnitCount":0},"plannedCapacityMw":0.0,"plannedCapacityMwByTechnology":{},"recordCount":1,"recordIds":["wattlas-record-gemunit-g100001078725"],"sourceIds":["gem-global-integrated-power-tracker"],"sourceUrl":"https://www.gem.wiki/Menashe_Regional_Council_solar_project_VII","technologies":["solar"],"technologyMixMw":{"solar":2.6},"unitCount":1,"unitIds":["gem-unit-G100001078725"]},"type":"Feature"},{"geometry":{"coordinates":[35.2464,32.5525],"type":"Point"},"id":"wattlas-plant-gemplant-l100001068940","properties":{"aliases":["--","Gilboa Regional Council solar project IV"],"canonicalAnchor":"gemplant:L100001068940","canonicalCountryKey":"IL","capacityMw":7.9,"country":"IL","externalIds":{"gemPlant":"L100001068940","gemUnit":"G100001078726"},"gemWikiUrl":"https://www.gem.wiki/Gilboa_Regional_Council_solar_project_IV","geographyId":"IL-19161824B91089536365577","id":"wattlas-plant-gemplant-l100001068940","lifecycleCounts":{"operational":1},"locationPrecision":"exact","name":"Gilboa Regional Council solar project IV","operatingCapacityCoverage":{"coveragePercent":100.0,"knownUnitCount":1,"method":"complete_unit_sum","provenance":{"evidenceCount":0,"recordIds":["wattlas-record-gemunit-g100001078726"],"sourceIds":["gem-global-integrated-power-tracker"],"sourceTypes":["research_verified"],"valueKind":"reported"},"totalUnitCount":1},"operatingCapacityMw":7.9,"operatingCapacityMwByTechnology":{"solar":7.9},"plannedCapacityCoverage":{"coveragePercent":0.0,"knownUnitCount":0,"method":"unavailable","totalUnitCount":0},"plannedCapacityMw":0.0,"plannedCapacityMwByTechnology":{},"recordCount":1,"recordIds":["wattlas-record-gemunit-g100001078726"],"sourceIds":["gem-global-integrated-power-tracker"],"sourceUrl":"https://www.gem.wiki/Gilboa_Regional_Council_solar_project_IV","technologies":["solar"],"technologyMixMw":{"solar":7.9},"unitCount":1,"unitIds":["gem-unit-G100001078726"]},"type":"Feature"},{"geometry":{"coordinates":[34.8292,31.41],"type":"Point"},"id":"wattlas-plant-gemplant-l100001068941","properties":{"aliases":["--","Bnei Shimon Regional Council solar project"],"canonicalAnchor":"gemplant:L100001068941","canonicalCountryKey":"IL","capacityMw":1.2,"country":"IL","externalIds":{"gemPlant":"L100001068941","gemUnit":"G100001078727"},"gemWikiUrl":"https://www.gem.wiki/Bnei_Shimon_Regional_Council_solar_project","geographyId":"IL-19161824B24193204184747","id":"wattlas-plant-gemplant-l100001068941","lifecycleCounts":{"operational":1},"locationPrecision":"exact","name":"Bnei Shimon Regional Council solar project","operatingCapacityCoverage":{"coveragePercent":100.0,"knownUnitCount":1,"method":"complete_unit_sum","provenance":{"evidenceCount":0,"recordIds":["wattlas-record-gemunit-g100001078727"],"sourceIds":["gem-global-integrated-power-tracker"],"sourceTypes":["research_verified"],"valueKind":"reported"},"totalUnitCount":1},"operatingCapacityMw":1.2,"operatingCapacityMwByTechnology":{"solar":1.2},"plannedCapacityCoverage":{"coveragePercent":0.0,"knownUnitCount":0,"method":"unavailable","totalUnitCount":0},"plannedCapacityMw":0.0,"plannedCapacityMwByTechnology":{},"recordCount":1,"recordIds":["wattlas-record-gemunit-g100001078727"],"sourceIds":["gem-global-integrated-power-tracker"],"sourceUrl":"https://www.gem.wiki/Bnei_Shimon_Regional_Council_solar_project","technologies":["solar"],"technologyMixMw":{"solar":1.2},"unitCount":1,"unitIds":["gem-unit-G100001078727"]},"type":"Feature"},{"geometry":{"coordinates":[35.4249,32.8637],"type":"Point"},"id":"wattlas-plant-gemplant-l100001068942","properties":{"aliases":["--","Merom Hagalil Regional Council solar project"],"canonicalAnchor":"gemplant:L100001068942","canonicalCountryKey":"IL","capacityMw":1.3,"country":"IL","externalIds":{"gemPlant":"L100001068942","gemUnit":"G100001078728"},"gemWikiUrl":"https://www.gem.wiki/Merom_Hagalil_Regional_Council_solar_project","geographyId":"IL-19161824B91089536365577","id":"wattlas-plant-gemplant-l100001068942","lifecycleCounts":{"operational":1},"locationPrecision":"exact","name":"Merom Hagalil Regional Council solar project","operatingCapacityCoverage":{"coveragePercent":100.0,"knownUnitCount":1,"method":"complete_unit_sum","provenance":{"evidenceCount":0,"recordIds":["wattlas-record-gemunit-g100001078728"],"sourceIds":["gem-global-integrated-power-tracker"],"sourceTypes":["research_verified"],"valueKind":"reported"},"totalUnitCount":1},"operatingCapacityMw":1.3,"operatingCapacityMwByTechnology":{"solar":1.3},"plannedCapacityCoverage":{"coveragePercent":0.0,"knownUnitCount":0,"method":"unavailable","totalUnitCount":0},"plannedCapacityMw":0.0,"plannedCapacityMwByTechnology":{},"recordCount":1,"recordIds":["wattlas-record-gemunit-g100001078728"],"sourceIds":["gem-global-integrated-power-tracker"],"sourceUrl":"https://www.gem.wiki/Merom_Hagalil_Regional_Council_solar_project","technologies":["solar"],"technologyMixMw":{"solar":1.3},"unitCount":1,"unitIds":["gem-unit-G100001078728"]},"type":"Feature"},{"geometry":{"coordinates":[34.6764,31.7645],"type":"Point"},"id":"wattlas-plant-gemplant-l100001068944","properties":{"aliases":["--","Beer Tuvia Regional Council solar project I"],"canonicalAnchor":"gemplant:L100001068944","canonicalCountryKey":"IL","capacityMw":2.3,"country":"IL","externalIds":{"gemPlant":"L100001068944","gemUnit":"G100001078730"},"gemWikiUrl":"https://www.gem.wiki/Beer_Tuvia_Regional_Council_solar_project_I","geographyId":"IL-19161824B24193204184747","id":"wattlas-plant-gemplant-l100001068944","lifecycleCounts":{"operational":1},"locationPrecision":"exact","name":"Beer Tuvia Regional Council solar project I","operatingCapacityCoverage":{"coveragePercent":100.0,"knownUnitCount":1,"method":"complete_unit_sum","provenance":{"evidenceCount":0,"recordIds":["wattlas-record-gemunit-g100001078730"],"sourceIds":["gem-global-integrated-power-tracker"],"sourceTypes":["research_verified"],"valueKind":"reported"},"totalUnitCount":1},"operatingCapacityMw":2.3,"operatingCapacityMwByTechnology":{"solar":2.3},"plannedCapacityCoverage":{"coveragePercent":0.0,"knownUnitCount":0,"method":"unavailable","totalUnitCount":0},"plannedCapacityMw":0.0,"plannedCapacityMwByTechnology":{},"recordCount":1,"recordIds":["wattlas-record-gemunit-g100001078730"],"sourceIds":["gem-global-integrated-power-tracker"],"sourceUrl":"https://www.gem.wiki/Beer_Tuvia_Regional_Council_solar_project_I","technologies":["solar"],"technologyMixMw":{"solar":2.3},"unitCount":1,"unitIds":["gem-unit-G100001078730"]},"type":"Feature"},{"geometry":{"coordinates":[35.3096,32.9983],"type":"Point"},"id":"wattlas-plant-gemplant-l100001068946","properties":{"aliases":["--","Maale Yosef Regional Council solar project I"],"canonicalAnchor":"gemplant:L100001068946","canonicalCountryKey":"IL","capacityMw":3.6,"country":"IL","externalIds":{"gemPlant":"L100001068946","gemUnit":"G100001078732"},"gemWikiUrl":"https://www.gem.wiki/Maale_Yosef_Regional_Council_solar_project_I","geographyId":"IL-19161824B91089536365577","id":"wattlas-plant-gemplant-l100001068946","lifecycleCounts":{"operational":1},"locationPrecision":"exact","name":"Maale Yosef Regional Council solar project I","operatingCapacityCoverage":{"coveragePercent":100.0,"knownUnitCount":1,"method":"complete_unit_sum","provenance":{"evidenceCount":0,"recordIds":["wattlas-record-gemunit-g100001078732"],"sourceIds":["gem-global-integrated-power-tracker"],"sourceTypes":["research_verified"],"valueKind":"reported"},"totalUnitCount":1},"operatingCapacityMw":3.6,"operatingCapacityMwByTechnology":{"solar":3.6},"plannedCapacityCoverage":{"coveragePercent":0.0,"knownUnitCount":0,"method":"unavailable","totalUnitCount":0},"plannedCapacityMw":0.0,"plannedCapacityMwByTechnology":{},"recordCount":1,"recordIds":["wattlas-record-gemunit-g100001078732"],"sourceIds":["gem-global-integrated-power-tracker"],"sourceUrl":"https://www.gem.wiki/Maale_Yosef_Regional_Council_solar_project_I","technologies":["solar"],"technologyMixMw":{"solar":3.6},"unitCount":1,"unitIds":["gem-unit-G100001078732"]},"type":"Feature"},{"geometry":{"coordinates":[35.5015,32.5094],"type":"Point"},"id":"wattlas-plant-gemplant-l100001068947","properties":{"aliases":["--","North District solar project I"],"canonicalAnchor":"gemplant:L100001068947","canonicalCountryKey":"IL","capacityMw":1.3,"country":"IL","externalIds":{"gemPlant":"L100001068947","gemUnit":"G100001078733"},"gemWikiUrl":"https://www.gem.wiki/North_District_solar_project_I","geographyId":"IL-19161824B91089536365577","id":"wattlas-plant-gemplant-l100001068947","lifecycleCounts":{"operational":1},"locationPrecision":"exact","name":"North District solar project I","operatingCapacityCoverage":{"coveragePercent":100.0,"knownUnitCount":1,"method":"complete_unit_sum","provenance":{"evidenceCount":0,"recordIds":["wattlas-record-gemunit-g100001078733"],"sourceIds":["gem-global-integrated-power-tracker"],"sourceTypes":["research_verified"],"valueKind":"reported"},"totalUnitCount":1},"operatingCapacityMw":1.3,"operatingCapacityMwByTechnology":{"solar":1.3},"plannedCapacityCoverage":{"coveragePercent":0.0,"knownUnitCount":0,"method":"unavailable","totalUnitCount":0},"plannedCapacityMw":0.0,"plannedCapacityMwByTechnology":{},"recordCount":1,"recordIds":["wattlas-record-gemunit-g100001078733"],"sourceIds":["gem-global-integrated-power-tracker"],"sourceUrl":"https://www.gem.wiki/North_District_solar_project_I","technologies":["solar"],"technologyMixMw":{"solar":1.3},"unitCount":1,"unitIds":["gem-unit-G100001078733"]},"type":"Feature"},{"geometry":{"coordinates":[34.6753,31.4424],"type":"Point"},"id":"wattlas-plant-gemplant-l100001068948","properties":{"aliases":["--","Merhavim Regional Council solar project III"],"canonicalAnchor":"gemplant:L100001068948","canonicalCountryKey":"IL","capacityMw":1.1,"country":"IL","externalIds":{"gemPlant":"L100001068948","gemUnit":"G100001078734"},"gemWikiUrl":"https://www.gem.wiki/Merhavim_Regional_Council_solar_project_III","geographyId":"IL-19161824B24193204184747","id":"wattlas-plant-gemplant-l100001068948","lifecycleCounts":{"operational":1},"locationPrecision":"exact","name":"Merhavim Regional Council solar project III","operatingCapacityCoverage":{"coveragePercent":100.0,"knownUnitCount":1,"method":"complete_unit_sum","provenance":{"evidenceCount":0,"recordIds":["wattlas-record-gemunit-g100001078734"],"sourceIds":["gem-global-integrated-power-tracker"],"sourceTypes":["research_verified"],"valueKind":"reported"},"totalUnitCount":1},"operatingCapacityMw":1.1,"operatingCapacityMwByTechnology":{"solar":1.1},"plannedCapacityCoverage":{"coveragePercent":0.0,"knownUnitCount":0,"method":"unavailable","totalUnitCount":0},"plannedCapacityMw":0.0,"plannedCapacityMwByTechnology":{},"recordCount":1,"recordIds":["wattlas-record-gemunit-g100001078734"],"sourceIds":["gem-global-integrated-power-tracker"],"sourceUrl":"https://www.gem.wiki/Merhavim_Regional_Council_solar_project_III","technologies":["solar"],"technologyMixMw":{"solar":1.1},"unitCount":1,"unitIds":["gem-unit-G100001078734"]},"type":"Feature"},{"geometry":{"coordinates":[35.1466,32.7142],"type":"Point"},"id":"wattlas-plant-gemplant-l100001068949","properties":{"aliases":["--","Emek Izrael Regional Council solar project IX"],"canonicalAnchor":"gemplant:L100001068949","canonicalCountryKey":"IL","capacityMw":1.2,"country":"IL","externalIds":{"gemPlant":"L100001068949","gemUnit":"G100001078735"},"gemWikiUrl":"https://www.gem.wiki/Emek_Izrael_Regional_Council_solar_project_IX","geographyId":"IL-19161824B91089536365577","id":"wattlas-plant-gemplant-l100001068949","lifecycleCounts":{"operational":1},"locationPrecision":"exact","name":"Emek Izrael Regional Council solar project IX","operatingCapacityCoverage":{"coveragePercent":100.0,"knownUnitCount":1,"method":"complete_unit_sum","provenance":{"evidenceCount":0,"recordIds":["wattlas-record-gemunit-g100001078735"],"sourceIds":["gem-global-integrated-power-tracker"],"sourceTypes":["research_verified"],"valueKind":"reported"},"totalUnitCount":1},"operatingCapacityMw":1.2,"operatingCapacityMwByTechnology":{"solar":1.2},"plannedCapacityCoverage":{"coveragePercent":0.0,"knownUnitCount":0,"method":"unavailable","totalUnitCount":0},"plannedCapacityMw":0.0,"plannedCapacityMwByTechnology":{},"recordCount":1,"recordIds":["wattlas-record-gemunit-g100001078735"],"sourceIds":["gem-global-integrated-power-tracker"],"sourceUrl":"https://www.gem.wiki/Emek_Izrael_Regional_Council_solar_project_IX","technologies":["solar"],"technologyMixMw":{"solar":1.2},"unitCount":1,"unitIds":["gem-unit-G100001078735"]},"type":"Feature"},{"geometry":{"coordinates":[34.6447,31.5021],"type":"Point"},"id":"wattlas-plant-gemplant-l100001068950","properties":{"aliases":["--","Shaar Hanegev Regional Council solar project IV"],"canonicalAnchor":"gemplant:L100001068950","canonicalCountryKey":"IL","capacityMw":1.1,"country":"IL","externalIds":{"gemPlant":"L100001068950","gemUnit":"G100001078736"},"gemWikiUrl":"https://www.gem.wiki/Shaar_Hanegev_Regional_Council_solar_project_IV","geographyId":"IL-19161824B24193204184747","id":"wattlas-plant-gemplant-l100001068950","lifecycleCounts":{"operational":1},"locationPrecision":"exact","name":"Shaar Hanegev Regional Council solar project IV","operatingCapacityCoverage":{"coveragePercent":100.0,"knownUnitCount":1,"method":"complete_unit_sum","provenance":{"evidenceCount":0,"recordIds":["wattlas-record-gemunit-g100001078736"],"sourceIds":["gem-global-integrated-power-tracker"],"sourceTypes":["research_verified"],"valueKind":"reported"},"totalUnitCount":1},"operatingCapacityMw":1.1,"operatingCapacityMwByTechnology":{"solar":1.1},"plannedCapacityCoverage":{"coveragePercent":0.0,"knownUnitCount":0,"method":"unavailable","totalUnitCount":0},"plannedCapacityMw":0.0,"plannedCapacityMwByTechnology":{},"recordCount":1,"recordIds":["wattlas-record-gemunit-g100001078736"],"sourceIds":["gem-global-integrated-power-tracker"],"sourceUrl":"https://www.gem.wiki/Shaar_Hanegev_Regional_Council_solar_project_IV","technologies":["solar"],"technologyMixMw":{"solar":1.1},"unitCount":1,"unitIds":["gem-unit-G100001078736"]},"type":"Feature"},{"geometry":{"coordinates":[34.6484,31.5858],"type":"Point"},"id":"wattlas-plant-gemplant-l100001068951","properties":{"aliases":["--","Hof Ashkelon Regional Council solar project VI"],"canonicalAnchor":"gemplant:L100001068951","canonicalCountryKey":"IL","capacityMw":1.0,"country":"IL","externalIds":{"gemPlant":"L100001068951","gemUnit":"G100001078737"},"gemWikiUrl":"https://www.gem.wiki/Hof_Ashkelon_Regional_Council_solar_project_VI","geographyId":"IL-19161824B24193204184747","id":"wattlas-plant-gemplant-l100001068951","lifecycleCounts":{"operational":1},"locationPrecision":"exact","name":"Hof Ashkelon Regional Council solar project VI","operatingCapacityCoverage":{"coveragePercent":100.0,"knownUnitCount":1,"method":"complete_unit_sum","provenance":{"evidenceCount":0,"recordIds":["wattlas-record-gemunit-g100001078737"],"sourceIds":["gem-global-integrated-power-tracker"],"sourceTypes":["research_verified"],"valueKind":"reported"},"totalUnitCount":1},"operatingCapacityMw":1.0,"operatingCapacityMwByTechnology":{"solar":1.0},"plannedCapacityCoverage":{"coveragePercent":0.0,"knownUnitCount":0,"method":"unavailable","totalUnitCount":0},"plannedCapacityMw":0.0,"plannedCapacityMwByTechnology":{},"recordCount":1,"recordIds":["wattlas-record-gemunit-g100001078737"],"sourceIds":["gem-global-integrated-power-tracker"],"sourceUrl":"https://www.gem.wiki/Hof_Ashkelon_Regional_Council_solar_project_VI","technologies":["solar"],"technologyMixMw":{"solar":1.0},"unitCount":1,"unitIds":["gem-unit-G100001078737"]},"type":"Feature"},{"geometry":{"coordinates":[34.7607,31.6323],"type":"Point"},"id":"wattlas-plant-gemplant-l100001068952","properties":{"aliases":["--","Shafir Regional Council solar project I"],"canonicalAnchor":"gemplant:L100001068952","canonicalCountryKey":"IL","capacityMw":2.0,"country":"IL","externalIds":{"gemPlant":"L100001068952","gemUnit":"G100001078738"},"gemWikiUrl":"https://www.gem.wiki/Shafir_Regional_Council_solar_project_I","geographyId":"IL-19161824B24193204184747","id":"wattlas-plant-gemplant-l100001068952","lifecycleCounts":{"operational":1},"locationPrecision":"exact","name":"Shafir Regional Council solar project I","operatingCapacityCoverage":{"coveragePercent":100.0,"knownUnitCount":1,"method":"complete_unit_sum","provenance":{"evidenceCount":0,"recordIds":["wattlas-record-gemunit-g100001078738"],"sourceIds":["gem-global-integrated-power-tracker"],"sourceTypes":["research_verified"],"valueKind":"reported"},"totalUnitCount":1},"operatingCapacityMw":2.0,"operatingCapacityMwByTechnology":{"solar":2.0},"plannedCapacityCoverage":{"coveragePercent":0.0,"knownUnitCount":0,"method":"unavailable","totalUnitCount":0},"plannedCapacityMw":0.0,"plannedCapacityMwByTechnology":{},"recordCount":1,"recordIds":["wattlas-record-gemunit-g100001078738"],"sourceIds":["gem-global-integrated-power-tracker"],"sourceUrl":"https://www.gem.wiki/Shafir_Regional_Council_solar_project_I","technologies":["solar"],"technologyMixMw":{"solar":2.0},"unitCount":1,"unitIds":["gem-unit-G100001078738"]},"type":"Feature"},{"geometry":{"coordinates":[34.6955,31.433],"type":"Point"},"id":"wattlas-plant-gemplant-l100001068953","properties":{"aliases":["--","Merhavim Regional Council solar project IV"],"canonicalAnchor":"gemplant:L100001068953","canonicalCountryKey":"IL","capacityMw":1.5,"country":"IL","externalIds":{"gemPlant":"L100001068953","gemUnit":"G100001078739"},"gemWikiUrl":"https://www.gem.wiki/Merhavim_Regional_Council_solar_project_IV","geographyId":"IL-19161824B24193204184747","id":"wattlas-plant-gemplant-l100001068953","lifecycleCounts":{"operational":1},"locationPrecision":"exact","name":"Merhavim Regional Council solar project IV","operatingCapacityCoverage":{"coveragePercent":100.0,"knownUnitCount":1,"method":"complete_unit_sum","provenance":{"evidenceCount":0,"recordIds":["wattlas-record-gemunit-g100001078739"],"sourceIds":["gem-global-integrated-power-tracker"],"sourceTypes":["research_verified"],"valueKind":"reported"},"totalUnitCount":1},"operatingCapacityMw":1.5,"operatingCapacityMwByTechnology":{"solar":1.5},"plannedCapacityCoverage":{"coveragePercent":0.0,"knownUnitCount":0,"method":"unavailable","totalUnitCount":0},"plannedCapacityMw":0.0,"plannedCapacityMwByTechnology":{},"recordCount":1,"recordIds":["wattlas-record-gemunit-g100001078739"],"sourceIds":["gem-global-integrated-power-tracker"],"sourceUrl":"https://www.gem.wiki/Merhavim_Regional_Council_solar_project_IV","technologies":["solar"],"technologyMixMw":{"solar":1.5},"unitCount":1,"unitIds":["gem-unit-G100001078739"]},"type":"Feature"},{"geometry":{"coordinates":[34.865,31.7934],"type":"Point"},"id":"wattlas-plant-gemplant-l100001068954","properties":{"aliases":["--","Mate Yehuda Regional Council solar project I"],"canonicalAnchor":"gemplant:L100001068954","canonicalCountryKey":"IL","capacityMw":9.0,"country":"IL","externalIds":{"gemPlant":"L100001068954","gemUnit":"G100001078740"},"gemWikiUrl":"https://www.gem.wiki/Mate_Yehuda_Regional_Council_solar_project_I","geographyId":"IL-19161824B79530266069959","id":"wattlas-plant-gemplant-l100001068954","lifecycleCounts":{"operational":1},"locationPrecision":"exact","name":"Mate Yehuda Regional Council solar project I","operatingCapacityCoverage":{"coveragePercent":100.0,"knownUnitCount":1,"method":"complete_unit_sum","provenance":{"evidenceCount":0,"recordIds":["wattlas-record-gemunit-g100001078740"],"sourceIds":["gem-global-integrated-power-tracker"],"sourceTypes":["research_verified"],"valueKind":"reported"},"totalUnitCount":1},"operatingCapacityMw":9.0,"operatingCapacityMwByTechnology":{"solar":9.0},"plannedCapacityCoverage":{"coveragePercent":0.0,"knownUnitCount":0,"method":"unavailable","totalUnitCount":0},"plannedCapacityMw":0.0,"plannedCapacityMwByTechnology":{},"recordCount":1,"recordIds":["wattlas-record-gemunit-g100001078740"],"sourceIds":["gem-global-integrated-power-tracker"],"sourceUrl":"https://www.gem.wiki/Mate_Yehuda_Regional_Council_solar_project_I","technologies":["solar"],"technologyMixMw":{"solar":9.0},"unitCount":1,"unitIds":["gem-unit-G100001078740"]},"type":"Feature"},{"geometry":{"coordinates":[35.4435,32.7939],"type":"Point"},"id":"wattlas-plant-gemplant-l100001068955","properties":{"aliases":["--","Galil Tachton Regional Council solar project I"],"canonicalAnchor":"gemplant:L100001068955","canonicalCountryKey":"IL","capacityMw":10.3,"country":"IL","externalIds":{"gemPlant":"L100001068955","gemUnit":"G100001078741"},"gemWikiUrl":"https://www.gem.wiki/Galil_Tachton_Regional_Council_solar_project_I","geographyId":"IL-19161824B91089536365577","id":"wattlas-plant-gemplant-l100001068955","lifecycleCounts":{"operational":1},"locationPrecision":"exact","name":"Galil Tachton Regional Council solar project I","operatingCapacityCoverage":{"coveragePercent":100.0,"knownUnitCount":1,"method":"complete_unit_sum","provenance":{"evidenceCount":0,"recordIds":["wattlas-record-gemunit-g100001078741"],"sourceIds":["gem-global-integrated-power-tracker"],"sourceTypes":["research_verified"],"valueKind":"reported"},"totalUnitCount":1},"operatingCapacityMw":10.3,"operatingCapacityMwByTechnology":{"solar":10.3},"plannedCapacityCoverage":{"coveragePercent":0.0,"knownUnitCount":0,"method":"unavailable","totalUnitCount":0},"plannedCapacityMw":0.0,"plannedCapacityMwByTechnology":{},"recordCount":1,"recordIds":["wattlas-record-gemunit-g100001078741"],"sourceIds":["gem-global-integrated-power-tracker"],"sourceUrl":"https://www.gem.wiki/Galil_Tachton_Regional_Council_solar_project_I","technologies":["solar"],"technologyMixMw":{"solar":10.3},"unitCount":1,"unitIds":["gem-unit-G100001078741"]},"type":"Feature"},{"geometry":{"coordinates":[35.1173,32.7221],"type":"Point"},"id":"wattlas-plant-gemplant-l100001068956","properties":{"aliases":["--","Zvulun Regional Council solar project I"],"canonicalAnchor":"gemplant:L100001068956","canonicalCountryKey":"IL","capacityMw":1.8,"country":"IL","externalIds":{"gemPlant":"L100001068956","gemUnit":"G100001078742"},"gemWikiUrl":"https://www.gem.wiki/Zvulun_Regional_Council_solar_project_I","geographyId":"IL-19161824B12012272353046","id":"wattlas-plant-gemplant-l100001068956","lifecycleCounts":{"operational":1},"locationPrecision":"exact","name":"Zvulun Regional Council solar project I","operatingCapacityCoverage":{"coveragePercent":100.0,"knownUnitCount":1,"method":"complete_unit_sum","provenance":{"evidenceCount":0,"recordIds":["wattlas-record-gemunit-g100001078742"],"sourceIds":["gem-global-integrated-power-tracker"],"sourceTypes":["research_verified"],"valueKind":"reported"},"totalUnitCount":1},"operatingCapacityMw":1.8,"operatingCapacityMwByTechnology":{"solar":1.8},"plannedCapacityCoverage":{"coveragePercent":0.0,"knownUnitCount":0,"method":"unavailable","totalUnitCount":0},"plannedCapacityMw":0.0,"plannedCapacityMwByTechnology":{},"recordCount":1,"recordIds":["wattlas-record-gemunit-g100001078742"],"sourceIds":["gem-global-integrated-power-tracker"],"sourceUrl":"https://www.gem.wiki/Zvulun_Regional_Council_solar_project_I","technologies":["solar"],"technologyMixMw":{"solar":1.8},"unitCount":1,"unitIds":["gem-unit-G100001078742"]},"type":"Feature"},{"geometry":{"coordinates":[34.9117,32.2081],"type":"Point"},"id":"wattlas-plant-gemplant-l100001068957","properties":{"aliases":["--","Center District solar project II"],"canonicalAnchor":"gemplant:L100001068957","canonicalCountryKey":"IL","capacityMw":1.1,"country":"IL","externalIds":{"gemPlant":"L100001068957","gemUnit":"G100001078743"},"gemWikiUrl":"https://www.gem.wiki/Center_District_solar_project_II","geographyId":"IL-19161824B470428506180","id":"wattlas-plant-gemplant-l100001068957","lifecycleCounts":{"operational":1},"locationPrecision":"exact","name":"Center District solar project II","operatingCapacityCoverage":{"coveragePercent":100.0,"knownUnitCount":1,"method":"complete_unit_sum","provenance":{"evidenceCount":0,"recordIds":["wattlas-record-gemunit-g100001078743"],"sourceIds":["gem-global-integrated-power-tracker"],"sourceTypes":["research_verified"],"valueKind":"reported"},"totalUnitCount":1},"operatingCapacityMw":1.1,"operatingCapacityMwByTechnology":{"solar":1.1},"plannedCapacityCoverage":{"coveragePercent":0.0,"knownUnitCount":0,"method":"unavailable","totalUnitCount":0},"plannedCapacityMw":0.0,"plannedCapacityMwByTechnology":{},"recordCount":1,"recordIds":["wattlas-record-gemunit-g100001078743"],"sourceIds":["gem-global-integrated-power-tracker"],"sourceUrl":"https://www.gem.wiki/Center_District_solar_project_II","technologies":["solar"],"technologyMixMw":{"solar":1.1},"unitCount":1,"unitIds":["gem-unit-G100001078743"]},"type":"Feature"},{"geometry":{"coordinates":[34.7886,30.8703],"type":"Point"},"id":"wattlas-plant-gemplant-l100001068958","properties":{"aliases":["--","Ramat Negev Regional Council solar project V"],"canonicalAnchor":"gemplant:L100001068958","canonicalCountryKey":"IL","capacityMw":1.7,"country":"IL","externalIds":{"gemPlant":"L100001068958","gemUnit":"G100001078744"},"gemWikiUrl":"https://www.gem.wiki/Ramat_Negev_Regional_Council_solar_project_V","geographyId":"IL-19161824B24193204184747","id":"wattlas-plant-gemplant-l100001068958","lifecycleCounts":{"operational":1},"locationPrecision":"exact","name":"Ramat Negev Regional Council solar project V","operatingCapacityCoverage":{"coveragePercent":100.0,"knownUnitCount":1,"method":"complete_unit_sum","provenance":{"evidenceCount":0,"recordIds":["wattlas-record-gemunit-g100001078744"],"sourceIds":["gem-global-integrated-power-tracker"],"sourceTypes":["research_verified"],"valueKind":"reported"},"totalUnitCount":1},"operatingCapacityMw":1.7,"operatingCapacityMwByTechnology":{"solar":1.7},"plannedCapacityCoverage":{"coveragePercent":0.0,"knownUnitCount":0,"method":"unavailable","totalUnitCount":0},"plannedCapacityMw":0.0,"plannedCapacityMwByTechnology":{},"recordCount":1,"recordIds":["wattlas-record-gemunit-g100001078744"],"sourceIds":["gem-global-integrated-power-tracker"],"sourceUrl":"https://www.gem.wiki/Ramat_Negev_Regional_Council_solar_project_V","technologies":["solar"],"technologyMixMw":{"solar":1.7},"unitCount":1,"unitIds":["gem-unit-G100001078744"]},"type":"Feature"},{"geometry":{"coordinates":[35.3922,32.5542],"type":"Point"},"id":"wattlas-plant-gemplant-l100001068959","properties":{"aliases":["--","Gilboa Regional Council solar project V"],"canonicalAnchor":"gemplant:L100001068959","canonicalCountryKey":"IL","capacityMw":1.7,"country":"IL","externalIds":{"gemPlant":"L100001068959","gemUnit":"G100001078745"},"gemWikiUrl":"https://www.gem.wiki/Gilboa_Regional_Council_solar_project_V","geographyId":"IL-19161824B91089536365577","id":"wattlas-plant-gemplant-l100001068959","lifecycleCounts":{"operational":1},"locationPrecision":"exact","name":"Gilboa Regional Council solar project V","operatingCapacityCoverage":{"coveragePercent":100.0,"knownUnitCount":1,"method":"complete_unit_sum","provenance":{"evidenceCount":0,"recordIds":["wattlas-record-gemunit-g100001078745"],"sourceIds":["gem-global-integrated-power-tracker"],"sourceTypes":["research_verified"],"valueKind":"reported"},"totalUnitCount":1},"operatingCapacityMw":1.7,"operatingCapacityMwByTechnology":{"solar":1.7},"plannedCapacityCoverage":{"coveragePercent":0.0,"knownUnitCount":0,"method":"unavailable","totalUnitCount":0},"plannedCapacityMw":0.0,"plannedCapacityMwByTechnology":{},"recordCount":1,"recordIds":["wattlas-record-gemunit-g100001078745"],"sourceIds":["gem-global-integrated-power-tracker"],"sourceUrl":"https://www.gem.wiki/Gilboa_Regional_Council_solar_project_V","technologies":["solar"],"technologyMixMw":{"solar":1.7},"unitCount":1,"unitIds":["gem-unit-G100001078745"]},"type":"Feature"},{"geometry":{"coordinates":[34.6312,31.3381],"type":"Point"},"id":"wattlas-plant-gemplant-l100001068960","properties":{"aliases":["--","Merhavim Regional Council solar project V"],"canonicalAnchor":"gemplant:L100001068960","canonicalCountryKey":"IL","capacityMw":1.0,"country":"IL","externalIds":{"gemPlant":"L100001068960","gemUnit":"G100001078746"},"gemWikiUrl":"https://www.gem.wiki/Merhavim_Regional_Council_solar_project_V","geographyId":"IL-19161824B24193204184747","id":"wattlas-plant-gemplant-l100001068960","lifecycleCounts":{"operational":1},"locationPrecision":"exact","name":"Merhavim Regional Council solar project V","operatingCapacityCoverage":{"coveragePercent":100.0,"knownUnitCount":1,"method":"complete_unit_sum","provenance":{"evidenceCount":0,"recordIds":["wattlas-record-gemunit-g100001078746"],"sourceIds":["gem-global-integrated-power-tracker"],"sourceTypes":["research_verified"],"valueKind":"reported"},"totalUnitCount":1},"operatingCapacityMw":1.0,"operatingCapacityMwByTechnology":{"solar":1.0},"plannedCapacityCoverage":{"coveragePercent":0.0,"knownUnitCount":0,"method":"unavailable","totalUnitCount":0},"plannedCapacityMw":0.0,"plannedCapacityMwByTechnology":{},"recordCount":1,"recordIds":["wattlas-record-gemunit-g100001078746"],"sourceIds":["gem-global-integrated-power-tracker"],"sourceUrl":"https://www.gem.wiki/Merhavim_Regional_Council_solar_project_V","technologies":["solar"],"technologyMixMw":{"solar":1.0},"unitCount":1,"unitIds":["gem-unit-G100001078746"]},"type":"Feature"},{"geometry":{"coordinates":[34.8036,31.2192],"type":"Point"},"id":"wattlas-plant-gemplant-l100001068961","properties":{"aliases":["--","Be’Er-Sheva solar project"],"canonicalAnchor":"gemplant:L100001068961","canonicalCountryKey":"IL","capacityMw":1.1,"country":"IL","externalIds":{"gemPlant":"L100001068961","gemUnit":"G100001078747"},"gemWikiUrl":"https://www.gem.wiki/Be’Er-Sheva_solar_project","geographyId":"IL-19161824B24193204184747","id":"wattlas-plant-gemplant-l100001068961","lifecycleCounts":{"operational":1},"locationPrecision":"exact","name":"Be’Er-Sheva solar project","operatingCapacityCoverage":{"coveragePercent":100.0,"knownUnitCount":1,"method":"complete_unit_sum","provenance":{"evidenceCount":0,"recordIds":["wattlas-record-gemunit-g100001078747"],"sourceIds":["gem-global-integrated-power-tracker"],"sourceTypes":["research_verified"],"valueKind":"reported"},"totalUnitCount":1},"operatingCapacityMw":1.1,"operatingCapacityMwByTechnology":{"solar":1.1},"plannedCapacityCoverage":{"coveragePercent":0.0,"knownUnitCount":0,"method":"unavailable","totalUnitCount":0},"plannedCapacityMw":0.0,"plannedCapacityMwByTechnology":{},"recordCount":1,"recordIds":["wattlas-record-gemunit-g100001078747"],"sourceIds":["gem-global-integrated-power-tracker"],"sourceUrl":"https://www.gem.wiki/Be’Er-Sheva_solar_project","technologies":["solar"],"technologyMixMw":{"solar":1.1},"unitCount":1,"unitIds":["gem-unit-G100001078747"]},"type":"Feature"},{"geometry":{"coordinates":[34.3705,31.2331],"type":"Point"},"id":"wattlas-plant-gemplant-l100001068962","properties":{"aliases":["--","Eshkol Regional Council solar project VIII"],"canonicalAnchor":"gemplant:L100001068962","canonicalCountryKey":"IL","capacityMw":6.1,"country":"IL","externalIds":{"gemPlant":"L100001068962","gemUnit":"G100001078748"},"gemWikiUrl":"https://www.gem.wiki/Eshkol_Regional_Council_solar_project_VIII","geographyId":"IL-19161824B24193204184747","id":"wattlas-plant-gemplant-l100001068962","lifecycleCounts":{"operational":1},"locationPrecision":"exact","name":"Eshkol Regional Council solar project VIII","operatingCapacityCoverage":{"coveragePercent":100.0,"knownUnitCount":1,"method":"complete_unit_sum","provenance":{"evidenceCount":0,"recordIds":["wattlas-record-gemunit-g100001078748"],"sourceIds":["gem-global-integrated-power-tracker"],"sourceTypes":["research_verified"],"valueKind":"reported"},"totalUnitCount":1},"operatingCapacityMw":6.1,"operatingCapacityMwByTechnology":{"solar":6.1},"plannedCapacityCoverage":{"coveragePercent":0.0,"knownUnitCount":0,"method":"unavailable","totalUnitCount":0},"plannedCapacityMw":0.0,"plannedCapacityMwByTechnology":{},"recordCount":1,"recordIds":["wattlas-record-gemunit-g100001078748"],"sourceIds":["gem-global-integrated-power-tracker"],"sourceUrl":"https://www.gem.wiki/Eshkol_Regional_Council_solar_project_VIII","technologies":["solar"],"technologyMixMw":{"solar":6.1},"unitCount":1,"unitIds":["gem-unit-G100001078748"]},"type":"Feature"},{"geometry":{"coordinates":[34.6932,31.0696],"type":"Point"},"id":"wattlas-plant-gemplant-l100001068963","properties":{"aliases":["--","Ramat Negev Regional Council solar project VI"],"canonicalAnchor":"gemplant:L100001068963","canonicalCountryKey":"IL","capacityMw":5.4,"country":"IL","externalIds":{"gemPlant":"L100001068963","gemUnit":"G100001078749"},"gemWikiUrl":"https://www.gem.wiki/Ramat_Negev_Regional_Council_solar_project_VI","geographyId":"IL-19161824B24193204184747","id":"wattlas-plant-gemplant-l100001068963","lifecycleCounts":{"operational":1},"locationPrecision":"exact","name":"Ramat Negev Regional Council solar project VI","operatingCapacityCoverage":{"coveragePercent":100.0,"knownUnitCount":1,"method":"complete_unit_sum","provenance":{"evidenceCount":0,"recordIds":["wattlas-record-gemunit-g100001078749"],"sourceIds":["gem-global-integrated-power-tracker"],"sourceTypes":["research_verified"],"valueKind":"reported"},"totalUnitCount":1},"operatingCapacityMw":5.4,"operatingCapacityMwByTechnology":{"solar":5.4},"plannedCapacityCoverage":{"coveragePercent":0.0,"knownUnitCount":0,"method":"unavailable","totalUnitCount":0},"plannedCapacityMw":0.0,"plannedCapacityMwByTechnology":{},"recordCount":1,"recordIds":["wattlas-record-gemunit-g100001078749"],"sourceIds":["gem-global-integrated-power-tracker"],"sourceUrl":"https://www.gem.wiki/Ramat_Negev_Regional_Council_solar_project_VI","technologies":["solar"],"technologyMixMw":{"solar":5.4},"unitCount":1,"unitIds":["gem-unit-G100001078749"]},"type":"Feature"},{"geometry":{"coordinates":[34.7847,31.3735],"type":"Point"},"id":"wattlas-plant-gemplant-l100001068964","properties":{"aliases":["--","South District solar project III"],"canonicalAnchor":"gemplant:L100001068964","canonicalCountryKey":"IL","capacityMw":2.1,"country":"IL","externalIds":{"gemPlant":"L100001068964","gemUnit":"G100001078750"},"gemWikiUrl":"https://www.gem.wiki/South_District_solar_project_III","geographyId":"IL-19161824B24193204184747","id":"wattlas-plant-gemplant-l100001068964","lifecycleCounts":{"operational":1},"locationPrecision":"exact","name":"South District solar project III","operatingCapacityCoverage":{"coveragePercent":100.0,"knownUnitCount":1,"method":"complete_unit_sum","provenance":{"evidenceCount":0,"recordIds":["wattlas-record-gemunit-g100001078750"],"sourceIds":["gem-global-integrated-power-tracker"],"sourceTypes":["research_verified"],"valueKind":"reported"},"totalUnitCount":1},"operatingCapacityMw":2.1,"operatingCapacityMwByTechnology":{"solar":2.1},"plannedCapacityCoverage":{"coveragePercent":0.0,"knownUnitCount":0,"method":"unavailable","totalUnitCount":0},"plannedCapacityMw":0.0,"plannedCapacityMwByTechnology":{},"recordCount":1,"recordIds":["wattlas-record-gemunit-g100001078750"],"sourceIds":["gem-global-integrated-power-tracker"],"sourceUrl":"https://www.gem.wiki/South_District_solar_project_III","technologies":["solar"],"technologyMixMw":{"solar":2.1},"unitCount":1,"unitIds":["gem-unit-G100001078750"]},"type":"Feature"},{"geometry":{"coordinates":[34.9168,32.5685],"type":"Point"},"id":"wattlas-plant-gemplant-l100001068965","properties":{"aliases":["--","Hof Hacarmel Regional Council solar project"],"canonicalAnchor":"gemplant:L100001068965","canonicalCountryKey":"IL","capacityMw":3.7,"country":"IL","externalIds":{"gemPlant":"L100001068965","gemUnit":"G100001078751"},"gemWikiUrl":"https://www.gem.wiki/Hof_Hacarmel_Regional_Council_solar_project","geographyId":"IL-19161824B12012272353046","id":"wattlas-plant-gemplant-l100001068965","lifecycleCounts":{"operational":1},"locationPrecision":"exact","name":"Hof Hacarmel Regional Council solar project","operatingCapacityCoverage":{"coveragePercent":100.0,"knownUnitCount":1,"method":"complete_unit_sum","provenance":{"evidenceCount":0,"recordIds":["wattlas-record-gemunit-g100001078751"],"sourceIds":["gem-global-integrated-power-tracker"],"sourceTypes":["research_verified"],"valueKind":"reported"},"totalUnitCount":1},"operatingCapacityMw":3.7,"operatingCapacityMwByTechnology":{"solar":3.7},"plannedCapacityCoverage":{"coveragePercent":0.0,"knownUnitCount":0,"method":"unavailable","totalUnitCount":0},"plannedCapacityMw":0.0,"plannedCapacityMwByTechnology":{},"recordCount":1,"recordIds":["wattlas-record-gemunit-g100001078751"],"sourceIds":["gem-global-integrated-power-tracker"],"sourceUrl":"https://www.gem.wiki/Hof_Hacarmel_Regional_Council_solar_project","technologies":["solar"],"technologyMixMw":{"solar":3.7},"unitCount":1,"unitIds":["gem-unit-G100001078751"]},"type":"Feature"},{"geometry":{"coordinates":[34.3773,31.2493],"type":"Point"},"id":"wattlas-plant-gemplant-l100001068966","properties":{"aliases":["--","Eshkol Regional Council solar project IX"],"canonicalAnchor":"gemplant:L100001068966","canonicalCountryKey":"IL","capacityMw":12.0,"country":"IL","externalIds":{"gemPlant":"L100001068966","gemUnit":"G100001078752"},"gemWikiUrl":"https://www.gem.wiki/Eshkol_Regional_Council_solar_project_IX","geographyId":"IL-19161824B24193204184747","id":"wattlas-plant-gemplant-l100001068966","lifecycleCounts":{"operational":1},"locationPrecision":"exact","name":"Eshkol Regional Council solar project IX","operatingCapacityCoverage":{"coveragePercent":100.0,"knownUnitCount":1,"method":"complete_unit_sum","provenance":{"evidenceCount":0,"recordIds":["wattlas-record-gemunit-g100001078752"],"sourceIds":["gem-global-integrated-power-tracker"],"sourceTypes":["research_verified"],"valueKind":"reported"},"totalUnitCount":1},"operatingCapacityMw":12.0,"operatingCapacityMwByTechnology":{"solar":12.0},"plannedCapacityCoverage":{"coveragePercent":0.0,"knownUnitCount":0,"method":"unavailable","totalUnitCount":0},"plannedCapacityMw":0.0,"plannedCapacityMwByTechnology":{},"recordCount":1,"recordIds":["wattlas-record-gemunit-g100001078752"],"sourceIds":["gem-global-integrated-power-tracker"],"sourceUrl":"https://www.gem.wiki/Eshkol_Regional_Council_solar_project_IX","technologies":["solar"],"technologyMixMw":{"solar":12.0},"unitCount":1,"unitIds":["gem-unit-G100001078752"]},"type":"Feature"},{"geometry":{"coordinates":[34.5774,31.6061],"type":"Point"},"id":"wattlas-plant-gemplant-l100001068967","properties":{"aliases":["--","Hof Ashkelon Regional Council solar project VII"],"canonicalAnchor":"gemplant:L100001068967","canonicalCountryKey":"IL","capacityMw":7.1,"country":"IL","externalIds":{"gemPlant":"L100001068967","gemUnit":"G100001078753"},"gemWikiUrl":"https://www.gem.wiki/Hof_Ashkelon_Regional_Council_solar_project_VII","geographyId":"IL-19161824B24193204184747","id":"wattlas-plant-gemplant-l100001068967","lifecycleCounts":{"operational":1},"locationPrecision":"exact","name":"Hof Ashkelon Regional Council solar project VII","operatingCapacityCoverage":{"coveragePercent":100.0,"knownUnitCount":1,"method":"complete_unit_sum","provenance":{"evidenceCount":0,"recordIds":["wattlas-record-gemunit-g100001078753"],"sourceIds":["gem-global-integrated-power-tracker"],"sourceTypes":["research_verified"],"valueKind":"reported"},"totalUnitCount":1},"operatingCapacityMw":7.1,"operatingCapacityMwByTechnology":{"solar":7.1},"plannedCapacityCoverage":{"coveragePercent":0.0,"knownUnitCount":0,"method":"unavailable","totalUnitCount":0},"plannedCapacityMw":0.0,"plannedCapacityMwByTechnology":{},"recordCount":1,"recordIds":["wattlas-record-gemunit-g100001078753"],"sourceIds":["gem-global-integrated-power-tracker"],"sourceUrl":"https://www.gem.wiki/Hof_Ashkelon_Regional_Council_solar_project_VII","technologies":["solar"],"technologyMixMw":{"solar":7.1},"unitCount":1,"unitIds":["gem-unit-G100001078753"]},"type":"Feature"},{"geometry":{"coordinates":[34.706,31.7228],"type":"Point"},"id":"wattlas-plant-gemplant-l100001068968","properties":{"aliases":["--","Beer Tuvia Regional Council solar project II"],"canonicalAnchor":"gemplant:L100001068968","canonicalCountryKey":"IL","capacityMw":8.3,"country":"IL","externalIds":{"gemPlant":"L100001068968","gemUnit":"G100001078754"},"gemWikiUrl":"https://www.gem.wiki/Beer_Tuvia_Regional_Council_solar_project_II","geographyId":"IL-19161824B24193204184747","id":"wattlas-plant-gemplant-l100001068968","lifecycleCounts":{"operational":1},"locationPrecision":"exact","name":"Beer Tuvia Regional Council solar project II","operatingCapacityCoverage":{"coveragePercent":100.0,"knownUnitCount":1,"method":"complete_unit_sum","provenance":{"evidenceCount":0,"recordIds":["wattlas-record-gemunit-g100001078754"],"sourceIds":["gem-global-integrated-power-tracker"],"sourceTypes":["research_verified"],"valueKind":"reported"},"totalUnitCount":1},"operatingCapacityMw":8.3,"operatingCapacityMwByTechnology":{"solar":8.3},"plannedCapacityCoverage":{"coveragePercent":0.0,"knownUnitCount":0,"method":"unavailable","totalUnitCount":0},"plannedCapacityMw":0.0,"plannedCapacityMwByTechnology":{},"recordCount":1,"recordIds":["wattlas-record-gemunit-g100001078754"],"sourceIds":["gem-global-integrated-power-tracker"],"sourceUrl":"https://www.gem.wiki/Beer_Tuvia_Regional_Council_solar_project_II","technologies":["solar"],"technologyMixMw":{"solar":8.3},"unitCount":1,"unitIds":["gem-unit-G100001078754"]},"type":"Feature"},{"geometry":{"coordinates":[35.1179,32.774],"type":"Point"},"id":"wattlas-plant-gemplant-l100001068969","properties":{"aliases":["--","Zvulun Regional Council solar project II"],"canonicalAnchor":"gemplant:L100001068969","canonicalCountryKey":"IL","capacityMw":2.1,"country":"IL","externalIds":{"gemPlant":"L100001068969","gemUnit":"G100001078755"},"gemWikiUrl":"https://www.gem.wiki/Zvulun_Regional_Council_solar_project_II","geographyId":"IL-19161824B12012272353046","id":"wattlas-plant-gemplant-l100001068969","lifecycleCounts":{"operational":1},"locationPrecision":"exact","name":"Zvulun Regional Council solar project II","operatingCapacityCoverage":{"coveragePercent":100.0,"knownUnitCount":1,"method":"complete_unit_sum","provenance":{"evidenceCount":0,"recordIds":["wattlas-record-gemunit-g100001078755"],"sourceIds":["gem-global-integrated-power-tracker"],"sourceTypes":["research_verified"],"valueKind":"reported"},"totalUnitCount":1},"operatingCapacityMw":2.1,"operatingCapacityMwByTechnology":{"solar":2.1},"plannedCapacityCoverage":{"coveragePercent":0.0,"knownUnitCount":0,"method":"unavailable","totalUnitCount":0},"plannedCapacityMw":0.0,"plannedCapacityMwByTechnology":{},"recordCount":1,"recordIds":["wattlas-record-gemunit-g100001078755"],"sourceIds":["gem-global-integrated-power-tracker"],"sourceUrl":"https://www.gem.wiki/Zvulun_Regional_Council_solar_project_II","technologies":["solar"],"technologyMixMw":{"solar":2.1},"unitCount":1,"unitIds":["gem-unit-G100001078755"]},"type":"Feature"},{"geometry":{"coordinates":[34.9641,31.9169],"type":"Point"},"id":"wattlas-plant-gemplant-l100001068970","properties":{"aliases":["--","Modiin-Maccabim-Reut solar project"],"canonicalAnchor":"gemplant:L100001068970","canonicalCountryKey":"IL","capacityMw":1.0,"country":"IL","externalIds":{"gemPlant":"L100001068970","gemUnit":"G100001078756"},"gemWikiUrl":"https://www.gem.wiki/Modiin-Maccabim-Reut_solar_project","geographyId":"IL-19161824B470428506180","id":"wattlas-plant-gemplant-l100001068970","lifecycleCounts":{"operational":1},"locationPrecision":"exact","name":"Modiin-Maccabim-Reut solar project","operatingCapacityCoverage":{"coveragePercent":100.0,"knownUnitCount":1,"method":"complete_unit_sum","provenance":{"evidenceCount":0,"recordIds":["wattlas-record-gemunit-g100001078756"],"sourceIds":["gem-global-integrated-power-tracker"],"sourceTypes":["research_verified"],"valueKind":"reported"},"totalUnitCount":1},"operatingCapacityMw":1.0,"operatingCapacityMwByTechnology":{"solar":1.0},"plannedCapacityCoverage":{"coveragePercent":0.0,"knownUnitCount":0,"method":"unavailable","totalUnitCount":0},"plannedCapacityMw":0.0,"plannedCapacityMwByTechnology":{},"recordCount":1,"recordIds":["wattlas-record-gemunit-g100001078756"],"sourceIds":["gem-global-integrated-power-tracker"],"sourceUrl":"https://www.gem.wiki/Modiin-Maccabim-Reut_solar_project","technologies":["solar"],"technologyMixMw":{"solar":1.0},"unitCount":1,"unitIds":["gem-unit-G100001078756"]},"type":"Feature"},{"geometry":{"coordinates":[35.4777,32.4923],"type":"Point"},"id":"wattlas-plant-gemplant-l100001068971","properties":{"aliases":["--","Emek Hamaayanot Regional Council (Israel) solar project V"],"canonicalAnchor":"gemplant:L100001068971","canonicalCountryKey":"IL","capacityMw":3.4,"country":"IL","externalIds":{"gemPlant":"L100001068971","gemUnit":"G100001078757"},"gemWikiUrl":"https://www.gem.wiki/Emek_Hamaayanot_Regional_Council_(Israel)_solar_project_V","geographyId":"IL-19161824B91089536365577","id":"wattlas-plant-gemplant-l100001068971","lifecycleCounts":{"operational":1},"locationPrecision":"exact","name":"Emek Hamaayanot Regional Council (Israel) solar project V","operatingCapacityCoverage":{"coveragePercent":100.0,"knownUnitCount":1,"method":"complete_unit_sum","provenance":{"evidenceCount":0,"recordIds":["wattlas-record-gemunit-g100001078757"],"sourceIds":["gem-global-integrated-power-tracker"],"sourceTypes":["research_verified"],"valueKind":"reported"},"totalUnitCount":1},"operatingCapacityMw":3.4,"operatingCapacityMwByTechnology":{"solar":3.4},"plannedCapacityCoverage":{"coveragePercent":0.0,"knownUnitCount":0,"method":"unavailable","totalUnitCount":0},"plannedCapacityMw":0.0,"plannedCapacityMwByTechnology":{},"recordCount":1,"recordIds":["wattlas-record-gemunit-g100001078757"],"sourceIds":["gem-global-integrated-power-tracker"],"sourceUrl":"https://www.gem.wiki/Emek_Hamaayanot_Regional_Council_(Israel)_solar_project_V","technologies":["solar"],"technologyMixMw":{"solar":3.4},"unitCount":1,"unitIds":["gem-unit-G100001078757"]},"type":"Feature"},{"geometry":{"coordinates":[35.1463,32.6662],"type":"Point"},"id":"wattlas-plant-gemplant-l100001068972","properties":{"aliases":["--","Emek Izrael Regional Council solar project X"],"canonicalAnchor":"gemplant:L100001068972","canonicalCountryKey":"IL","capacityMw":4.3,"country":"IL","externalIds":{"gemPlant":"L100001068972","gemUnit":"G100001078758"},"gemWikiUrl":"https://www.gem.wiki/Emek_Izrael_Regional_Council_solar_project_X","geographyId":"IL-19161824B91089536365577","id":"wattlas-plant-gemplant-l100001068972","lifecycleCounts":{"operational":1},"locationPrecision":"exact","name":"Emek Izrael Regional Council solar project X","operatingCapacityCoverage":{"coveragePercent":100.0,"knownUnitCount":1,"method":"complete_unit_sum","provenance":{"evidenceCount":0,"recordIds":["wattlas-record-gemunit-g100001078758"],"sourceIds":["gem-global-integrated-power-tracker"],"sourceTypes":["research_verified"],"valueKind":"reported"},"totalUnitCount":1},"operatingCapacityMw":4.3,"operatingCapacityMwByTechnology":{"solar":4.3},"plannedCapacityCoverage":{"coveragePercent":0.0,"knownUnitCount":0,"method":"unavailable","totalUnitCount":0},"plannedCapacityMw":0.0,"plannedCapacityMwByTechnology":{},"recordCount":1,"recordIds":["wattlas-record-gemunit-g100001078758"],"sourceIds":["gem-global-integrated-power-tracker"],"sourceUrl":"https://www.gem.wiki/Emek_Izrael_Regional_Council_solar_project_X","technologies":["solar"],"technologyMixMw":{"solar":4.3},"unitCount":1,"unitIds":["gem-unit-G100001078758"]},"type":"Feature"},{"geometry":{"coordinates":[34.6198,31.7106],"type":"Point"},"id":"wattlas-plant-gemplant-l100001068973","properties":{"aliases":["--","Hof Ashkelon Regional Council solar project VIII"],"canonicalAnchor":"gemplant:L100001068973","canonicalCountryKey":"IL","capacityMw":3.2,"country":"IL","externalIds":{"gemPlant":"L100001068973","gemUnit":"G100001078759"},"gemWikiUrl":"https://www.gem.wiki/Hof_Ashkelon_Regional_Council_solar_project_VIII","geographyId":"IL-19161824B24193204184747","id":"wattlas-plant-gemplant-l100001068973","lifecycleCounts":{"operational":1},"locationPrecision":"exact","name":"Hof Ashkelon Regional Council solar project VIII","operatingCapacityCoverage":{"coveragePercent":100.0,"knownUnitCount":1,"method":"complete_unit_sum","provenance":{"evidenceCount":0,"recordIds":["wattlas-record-gemunit-g100001078759"],"sourceIds":["gem-global-integrated-power-tracker"],"sourceTypes":["research_verified"],"valueKind":"reported"},"totalUnitCount":1},"operatingCapacityMw":3.2,"operatingCapacityMwByTechnology":{"solar":3.2},"plannedCapacityCoverage":{"coveragePercent":0.0,"knownUnitCount":0,"method":"unavailable","totalUnitCount":0},"plannedCapacityMw":0.0,"plannedCapacityMwByTechnology":{},"recordCount":1,"recordIds":["wattlas-record-gemunit-g100001078759"],"sourceIds":["gem-global-integrated-power-tracker"],"sourceUrl":"https://www.gem.wiki/Hof_Ashkelon_Regional_Council_solar_project_VIII","technologies":["solar"],"technologyMixMw":{"solar":3.2},"unitCount":1,"unitIds":["gem-unit-G100001078759"]},"type":"Feature"},{"geometry":{"coordinates":[35.4898,32.7453],"type":"Point"},"id":"wattlas-plant-gemplant-l100001068974","properties":{"aliases":["--","Galil Tachton Regional Council solar project II"],"canonicalAnchor":"gemplant:L100001068974","canonicalCountryKey":"IL","capacityMw":8.4,"country":"IL","externalIds":{"gemPlant":"L100001068974","gemUnit":"G100001078760"},"gemWikiUrl":"https://www.gem.wiki/Galil_Tachton_Regional_Council_solar_project_II","geographyId":"IL-19161824B91089536365577","id":"wattlas-plant-gemplant-l100001068974","lifecycleCounts":{"operational":1},"locationPrecision":"exact","name":"Galil Tachton Regional Council solar project II","operatingCapacityCoverage":{"coveragePercent":100.0,"knownUnitCount":1,"method":"complete_unit_sum","provenance":{"evidenceCount":0,"recordIds":["wattlas-record-gemunit-g100001078760"],"sourceIds":["gem-global-integrated-power-tracker"],"sourceTypes":["research_verified"],"valueKind":"reported"},"totalUnitCount":1},"operatingCapacityMw":8.4,"operatingCapacityMwByTechnology":{"solar":8.4},"plannedCapacityCoverage":{"coveragePercent":0.0,"knownUnitCount":0,"method":"unavailable","totalUnitCount":0},"plannedCapacityMw":0.0,"plannedCapacityMwByTechnology":{},"recordCount":1,"recordIds":["wattlas-record-gemunit-g100001078760"],"sourceIds":["gem-global-integrated-power-tracker"],"sourceUrl":"https://www.gem.wiki/Galil_Tachton_Regional_Council_solar_project_II","technologies":["solar"],"technologyMixMw":{"solar":8.4},"unitCount":1,"unitIds":["gem-unit-G100001078760"]},"type":"Feature"},{"geometry":{"coordinates":[34.7892,31.6775],"type":"Point"},"id":"wattlas-plant-gemplant-l100001068975","properties":{"aliases":["--","Yoav Regional Council solar project V"],"canonicalAnchor":"gemplant:L100001068975","canonicalCountryKey":"IL","capacityMw":5.4,"country":"IL","externalIds":{"gemPlant":"L100001068975","gemUnit":"G100001078761"},"gemWikiUrl":"https://www.gem.wiki/Yoav_Regional_Council_solar_project_V","geographyId":"IL-19161824B24193204184747","id":"wattlas-plant-gemplant-l100001068975","lifecycleCounts":{"operational":1},"locationPrecision":"exact","name":"Yoav Regional Council solar project V","operatingCapacityCoverage":{"coveragePercent":100.0,"knownUnitCount":1,"method":"complete_unit_sum","provenance":{"evidenceCount":0,"recordIds":["wattlas-record-gemunit-g100001078761"],"sourceIds":["gem-global-integrated-power-tracker"],"sourceTypes":["research_verified"],"valueKind":"reported"},"totalUnitCount":1},"operatingCapacityMw":5.4,"operatingCapacityMwByTechnology":{"solar":5.4},"plannedCapacityCoverage":{"coveragePercent":0.0,"knownUnitCount":0,"method":"unavailable","totalUnitCount":0},"plannedCapacityMw":0.0,"plannedCapacityMwByTechnology":{},"recordCount":1,"recordIds":["wattlas-record-gemunit-g100001078761"],"sourceIds":["gem-global-integrated-power-tracker"],"sourceUrl":"https://www.gem.wiki/Yoav_Regional_Council_solar_project_V","technologies":["solar"],"technologyMixMw":{"solar":5.4},"unitCount":1,"unitIds":["gem-unit-G100001078761"]},"type":"Feature"},{"geometry":{"coordinates":[35.0562,32.5941],"type":"Point"},"id":"wattlas-plant-gemplant-l100001068976","properties":{"aliases":["--","Megido Regional Council solar project III"],"canonicalAnchor":"gemplant:L100001068976","canonicalCountryKey":"IL","capacityMw":3.1,"country":"IL","externalIds":{"gemPlant":"L100001068976","gemUnit":"G100001078762"},"gemWikiUrl":"https://www.gem.wiki/Megido_Regional_Council_solar_project_III","geographyId":"IL-19161824B91089536365577","id":"wattlas-plant-gemplant-l100001068976","lifecycleCounts":{"operational":1},"locationPrecision":"exact","name":"Megido Regional Council solar project III","operatingCapacityCoverage":{"coveragePercent":100.0,"knownUnitCount":1,"method":"complete_unit_sum","provenance":{"evidenceCount":0,"recordIds":["wattlas-record-gemunit-g100001078762"],"sourceIds":["gem-global-integrated-power-tracker"],"sourceTypes":["research_verified"],"valueKind":"reported"},"totalUnitCount":1},"operatingCapacityMw":3.1,"operatingCapacityMwByTechnology":{"solar":3.1},"plannedCapacityCoverage":{"coveragePercent":0.0,"knownUnitCount":0,"method":"unavailable","totalUnitCount":0},"plannedCapacityMw":0.0,"plannedCapacityMwByTechnology":{},"recordCount":1,"recordIds":["wattlas-record-gemunit-g100001078762"],"sourceIds":["gem-global-integrated-power-tracker"],"sourceUrl":"https://www.gem.wiki/Megido_Regional_Council_solar_project_III","technologies":["solar"],"technologyMixMw":{"solar":3.1},"unitCount":1,"unitIds":["gem-unit-G100001078762"]},"type":"Feature"},{"geometry":{"coordinates":[34.9717,31.7611],"type":"Point"},"id":"wattlas-plant-gemplant-l100001068978","properties":{"aliases":["--","Mate Yehuda Regional Council solar project II"],"canonicalAnchor":"gemplant:L100001068978","canonicalCountryKey":"IL","capacityMw":2.5,"country":"IL","externalIds":{"gemPlant":"L100001068978","gemUnit":"G100001078764"},"gemWikiUrl":"https://www.gem.wiki/Mate_Yehuda_Regional_Council_solar_project_II","geographyId":"IL-19161824B79530266069959","id":"wattlas-plant-gemplant-l100001068978","lifecycleCounts":{"operational":1},"locationPrecision":"exact","name":"Mate Yehuda Regional Council solar project II","operatingCapacityCoverage":{"coveragePercent":100.0,"knownUnitCount":1,"method":"complete_unit_sum","provenance":{"evidenceCount":0,"recordIds":["wattlas-record-gemunit-g100001078764"],"sourceIds":["gem-global-integrated-power-tracker"],"sourceTypes":["research_verified"],"valueKind":"reported"},"totalUnitCount":1},"operatingCapacityMw":2.5,"operatingCapacityMwByTechnology":{"solar":2.5},"plannedCapacityCoverage":{"coveragePercent":0.0,"knownUnitCount":0,"method":"unavailable","totalUnitCount":0},"plannedCapacityMw":0.0,"plannedCapacityMwByTechnology":{},"recordCount":1,"recordIds":["wattlas-record-gemunit-g100001078764"],"sourceIds":["gem-global-integrated-power-tracker"],"sourceUrl":"https://www.gem.wiki/Mate_Yehuda_Regional_Council_solar_project_II","technologies":["solar"],"technologyMixMw":{"solar":2.5},"unitCount":1,"unitIds":["gem-unit-G100001078764"]},"type":"Feature"},{"geometry":{"coordinates":[34.944,30.9865],"type":"Point"},"id":"wattlas-plant-gemplant-l100001068979","properties":{"aliases":["--","South District solar project IV"],"canonicalAnchor":"gemplant:L100001068979","canonicalCountryKey":"IL","capacityMw":1.8,"country":"IL","externalIds":{"gemPlant":"L100001068979","gemUnit":"G100001078765"},"gemWikiUrl":"https://www.gem.wiki/South_District_solar_project_IV","geographyId":"IL-19161824B24193204184747","id":"wattlas-plant-gemplant-l100001068979","lifecycleCounts":{"operational":1},"locationPrecision":"exact","name":"South District solar project IV","operatingCapacityCoverage":{"coveragePercent":100.0,"knownUnitCount":1,"method":"complete_unit_sum","provenance":{"evidenceCount":0,"recordIds":["wattlas-record-gemunit-g100001078765"],"sourceIds":["gem-global-integrated-power-tracker"],"sourceTypes":["research_verified"],"valueKind":"reported"},"totalUnitCount":1},"operatingCapacityMw":1.8,"operatingCapacityMwByTechnology":{"solar":1.8},"plannedCapacityCoverage":{"coveragePercent":0.0,"knownUnitCount":0,"method":"unavailable","totalUnitCount":0},"plannedCapacityMw":0.0,"plannedCapacityMwByTechnology":{},"recordCount":1,"recordIds":["wattlas-record-gemunit-g100001078765"],"sourceIds":["gem-global-integrated-power-tracker"],"sourceUrl":"https://www.gem.wiki/South_District_solar_project_IV","technologies":["solar"],"technologyMixMw":{"solar":1.8},"unitCount":1,"unitIds":["gem-unit-G100001078765"]},"type":"Feature"},{"geometry":{"coordinates":[34.5807,31.6277],"type":"Point"},"id":"wattlas-plant-gemplant-l100001068980","properties":{"aliases":["--","Hof Ashkelon Regional Council solar project IX"],"canonicalAnchor":"gemplant:L100001068980","canonicalCountryKey":"IL","capacityMw":2.1,"country":"IL","externalIds":{"gemPlant":"L100001068980","gemUnit":"G100001078766"},"gemWikiUrl":"https://www.gem.wiki/Hof_Ashkelon_Regional_Council_solar_project_IX","geographyId":"IL-19161824B24193204184747","id":"wattlas-plant-gemplant-l100001068980","lifecycleCounts":{"operational":1},"locationPrecision":"exact","name":"Hof Ashkelon Regional Council solar project IX","operatingCapacityCoverage":{"coveragePercent":100.0,"knownUnitCount":1,"method":"complete_unit_sum","provenance":{"evidenceCount":0,"recordIds":["wattlas-record-gemunit-g100001078766"],"sourceIds":["gem-global-integrated-power-tracker"],"sourceTypes":["research_verified"],"valueKind":"reported"},"totalUnitCount":1},"operatingCapacityMw":2.1,"operatingCapacityMwByTechnology":{"solar":2.1},"plannedCapacityCoverage":{"coveragePercent":0.0,"knownUnitCount":0,"method":"unavailable","totalUnitCount":0},"plannedCapacityMw":0.0,"plannedCapacityMwByTechnology":{},"recordCount":1,"recordIds":["wattlas-record-gemunit-g100001078766"],"sourceIds":["gem-global-integrated-power-tracker"],"sourceUrl":"https://www.gem.wiki/Hof_Ashkelon_Regional_Council_solar_project_IX","technologies":["solar"],"technologyMixMw":{"solar":2.1},"unitCount":1,"unitIds":["gem-unit-G100001078766"]},"type":"Feature"},{"geometry":{"coordinates":[34.4707,31.3876],"type":"Point"},"id":"wattlas-plant-gemplant-l100001068981","properties":{"aliases":["--","Eshkol Regional Council solar project X"],"canonicalAnchor":"gemplant:L100001068981","canonicalCountryKey":"IL","capacityMw":7.1,"country":"IL","externalIds":{"gemPlant":"L100001068981","gemUnit":"G100001078767"},"gemWikiUrl":"https://www.gem.wiki/Eshkol_Regional_Council_solar_project_X","geographyId":"IL-19161824B24193204184747","id":"wattlas-plant-gemplant-l100001068981","lifecycleCounts":{"operational":1},"locationPrecision":"exact","name":"Eshkol Regional Council solar project X","operatingCapacityCoverage":{"coveragePercent":100.0,"knownUnitCount":1,"method":"complete_unit_sum","provenance":{"evidenceCount":0,"recordIds":["wattlas-record-gemunit-g100001078767"],"sourceIds":["gem-global-integrated-power-tracker"],"sourceTypes":["research_verified"],"valueKind":"reported"},"totalUnitCount":1},"operatingCapacityMw":7.1,"operatingCapacityMwByTechnology":{"solar":7.1},"plannedCapacityCoverage":{"coveragePercent":0.0,"knownUnitCount":0,"method":"unavailable","totalUnitCount":0},"plannedCapacityMw":0.0,"plannedCapacityMwByTechnology":{},"recordCount":1,"recordIds":["wattlas-record-gemunit-g100001078767"],"sourceIds":["gem-global-integrated-power-tracker"],"sourceUrl":"https://www.gem.wiki/Eshkol_Regional_Council_solar_project_X","technologies":["solar"],"technologyMixMw":{"solar":7.1},"unitCount":1,"unitIds":["gem-unit-G100001078767"]},"type":"Feature"},{"geometry":{"coordinates":[35.3104,32.9201],"type":"Point"},"id":"wattlas-plant-gemplant-l100001068982","properties":{"aliases":["--","Karmiel solar project"],"canonicalAnchor":"gemplant:L100001068982","canonicalCountryKey":"IL","capacityMw":1.1,"country":"IL","externalIds":{"gemPlant":"L100001068982","gemUnit":"G100001078768"},"gemWikiUrl":"https://www.gem.wiki/Karmiel_solar_project","geographyId":"IL-19161824B91089536365577","id":"wattlas-plant-gemplant-l100001068982","lifecycleCounts":{"operational":1},"locationPrecision":"exact","name":"Karmiel solar project","operatingCapacityCoverage":{"coveragePercent":100.0,"knownUnitCount":1,"method":"complete_unit_sum","provenance":{"evidenceCount":0,"recordIds":["wattlas-record-gemunit-g100001078768"],"sourceIds":["gem-global-integrated-power-tracker"],"sourceTypes":["research_verified"],"valueKind":"reported"},"totalUnitCount":1},"operatingCapacityMw":1.1,"operatingCapacityMwByTechnology":{"solar":1.1},"plannedCapacityCoverage":{"coveragePercent":0.0,"knownUnitCount":0,"method":"unavailable","totalUnitCount":0},"plannedCapacityMw":0.0,"plannedCapacityMwByTechnology":{},"recordCount":1,"recordIds":["wattlas-record-gemunit-g100001078768"],"sourceIds":["gem-global-integrated-power-tracker"],"sourceUrl":"https://www.gem.wiki/Karmiel_solar_project","technologies":["solar"],"technologyMixMw":{"solar":1.1},"unitCount":1,"unitIds":["gem-unit-G100001078768"]},"type":"Feature"},{"geometry":{"coordinates":[35.4839,32.4811],"type":"Point"},"id":"wattlas-plant-gemplant-l100001068983","properties":{"aliases":["--","Emek Hamaayanot Regional Council (Israel) solar project VI"],"canonicalAnchor":"gemplant:L100001068983","canonicalCountryKey":"IL","capacityMw":8.7,"country":"IL","externalIds":{"gemPlant":"L100001068983","gemUnit":"G100001078769"},"gemWikiUrl":"https://www.gem.wiki/Emek_Hamaayanot_Regional_Council_(Israel)_solar_project_VI","geographyId":"IL-19161824B91089536365577","id":"wattlas-plant-gemplant-l100001068983","lifecycleCounts":{"operational":1},"locationPrecision":"exact","name":"Emek Hamaayanot Regional Council (Israel) solar project VI","operatingCapacityCoverage":{"coveragePercent":100.0,"knownUnitCount":1,"method":"complete_unit_sum","provenance":{"evidenceCount":0,"recordIds":["wattlas-record-gemunit-g100001078769"],"sourceIds":["gem-global-integrated-power-tracker"],"sourceTypes":["research_verified"],"valueKind":"reported"},"totalUnitCount":1},"operatingCapacityMw":8.7,"operatingCapacityMwByTechnology":{"solar":8.7},"plannedCapacityCoverage":{"coveragePercent":0.0,"knownUnitCount":0,"method":"unavailable","totalUnitCount":0},"plannedCapacityMw":0.0,"plannedCapacityMwByTechnology":{},"recordCount":1,"recordIds":["wattlas-record-gemunit-g100001078769"],"sourceIds":["gem-global-integrated-power-tracker"],"sourceUrl":"https://www.gem.wiki/Emek_Hamaayanot_Regional_Council_(Israel)_solar_project_VI","technologies":["solar"],"technologyMixMw":{"solar":8.7},"unitCount":1,"unitIds":["gem-unit-G100001078769"]},"type":"Feature"},{"geometry":{"coordinates":[34.6958,31.7556],"type":"Point"},"id":"wattlas-plant-gemplant-l100001068986","properties":{"aliases":["--","Beer Tuvia Regional Council solar project III"],"canonicalAnchor":"gemplant:L100001068986","canonicalCountryKey":"IL","capacityMw":1.3,"country":"IL","externalIds":{"gemPlant":"L100001068986","gemUnit":"G100001078772"},"gemWikiUrl":"https://www.gem.wiki/Beer_Tuvia_Regional_Council_solar_project_III","geographyId":"IL-19161824B24193204184747","id":"wattlas-plant-gemplant-l100001068986","lifecycleCounts":{"operational":1},"locationPrecision":"exact","name":"Beer Tuvia Regional Council solar project III","operatingCapacityCoverage":{"coveragePercent":100.0,"knownUnitCount":1,"method":"complete_unit_sum","provenance":{"evidenceCount":0,"recordIds":["wattlas-record-gemunit-g100001078772"],"sourceIds":["gem-global-integrated-power-tracker"],"sourceTypes":["research_verified"],"valueKind":"reported"},"totalUnitCount":1},"operatingCapacityMw":1.3,"operatingCapacityMwByTechnology":{"solar":1.3},"plannedCapacityCoverage":{"coveragePercent":0.0,"knownUnitCount":0,"method":"unavailable","totalUnitCount":0},"plannedCapacityMw":0.0,"plannedCapacityMwByTechnology":{},"recordCount":1,"recordIds":["wattlas-record-gemunit-g100001078772"],"sourceIds":["gem-global-integrated-power-tracker"],"sourceUrl":"https://www.gem.wiki/Beer_Tuvia_Regional_Council_solar_project_III","technologies":["solar"],"technologyMixMw":{"solar":1.3},"unitCount":1,"unitIds":["gem-unit-G100001078772"]},"type":"Feature"},{"geometry":{"coordinates":[35.5605,32.5976],"type":"Point"},"id":"wattlas-plant-gemplant-l100001068987","properties":{"aliases":["--","Emek Hamaayanot Regional Council (Israel) solar project VII"],"canonicalAnchor":"gemplant:L100001068987","canonicalCountryKey":"IL","capacityMw":12.8,"country":"IL","externalIds":{"gemPlant":"L100001068987","gemUnit":"G100001078773"},"gemWikiUrl":"https://www.gem.wiki/Emek_Hamaayanot_Regional_Council_(Israel)_solar_project_VII","geographyId":"IL-19161824B91089536365577","id":"wattlas-plant-gemplant-l100001068987","lifecycleCounts":{"operational":1},"locationPrecision":"exact","name":"Emek Hamaayanot Regional Council (Israel) solar project VII","operatingCapacityCoverage":{"coveragePercent":100.0,"knownUnitCount":1,"method":"complete_unit_sum","provenance":{"evidenceCount":0,"recordIds":["wattlas-record-gemunit-g100001078773"],"sourceIds":["gem-global-integrated-power-tracker"],"sourceTypes":["research_verified"],"valueKind":"reported"},"totalUnitCount":1},"operatingCapacityMw":12.8,"operatingCapacityMwByTechnology":{"solar":12.8},"plannedCapacityCoverage":{"coveragePercent":0.0,"knownUnitCount":0,"method":"unavailable","totalUnitCount":0},"plannedCapacityMw":0.0,"plannedCapacityMwByTechnology":{},"recordCount":1,"recordIds":["wattlas-record-gemunit-g100001078773"],"sourceIds":["gem-global-integrated-power-tracker"],"sourceUrl":"https://www.gem.wiki/Emek_Hamaayanot_Regional_Council_(Israel)_solar_project_VII","technologies":["solar"],"technologyMixMw":{"solar":12.8},"unitCount":1,"unitIds":["gem-unit-G100001078773"]},"type":"Feature"},{"geometry":{"coordinates":[34.6945,31.7028],"type":"Point"},"id":"wattlas-plant-gemplant-l100001068988","properties":{"aliases":["--","Shafir Regional Council solar project II"],"canonicalAnchor":"gemplant:L100001068988","canonicalCountryKey":"IL","capacityMw":2.2,"country":"IL","externalIds":{"gemPlant":"L100001068988","gemUnit":"G100001078774"},"gemWikiUrl":"https://www.gem.wiki/Shafir_Regional_Council_solar_project_II","geographyId":"IL-19161824B24193204184747","id":"wattlas-plant-gemplant-l100001068988","lifecycleCounts":{"operational":1},"locationPrecision":"exact","name":"Shafir Regional Council solar project II","operatingCapacityCoverage":{"coveragePercent":100.0,"knownUnitCount":1,"method":"complete_unit_sum","provenance":{"evidenceCount":0,"recordIds":["wattlas-record-gemunit-g100001078774"],"sourceIds":["gem-global-integrated-power-tracker"],"sourceTypes":["research_verified"],"valueKind":"reported"},"totalUnitCount":1},"operatingCapacityMw":2.2,"operatingCapacityMwByTechnology":{"solar":2.2},"plannedCapacityCoverage":{"coveragePercent":0.0,"knownUnitCount":0,"method":"unavailable","totalUnitCount":0},"plannedCapacityMw":0.0,"plannedCapacityMwByTechnology":{},"recordCount":1,"recordIds":["wattlas-record-gemunit-g100001078774"],"sourceIds":["gem-global-integrated-power-tracker"],"sourceUrl":"https://www.gem.wiki/Shafir_Regional_Council_solar_project_II","technologies":["solar"],"technologyMixMw":{"solar":2.2},"unitCount":1,"unitIds":["gem-unit-G100001078774"]},"type":"Feature"},{"geometry":{"coordinates":[35.039,30.0351],"type":"Point"},"id":"wattlas-plant-gemplant-l100001068989","properties":{"aliases":["--","Hevel Eilot Regional Council (Israel) solar project III"],"canonicalAnchor":"gemplant:L100001068989","canonicalCountryKey":"IL","capacityMw":8.1,"country":"IL","externalIds":{"gemPlant":"L100001068989","gemUnit":"G100001078775"},"gemWikiUrl":"https://www.gem.wiki/Hevel_Eilot_Regional_Council_(Israel)_solar_project_III","geographyId":"IL-19161824B24193204184747","id":"wattlas-plant-gemplant-l100001068989","lifecycleCounts":{"operational":1},"locationPrecision":"exact","name":"Hevel Eilot Regional Council (Israel) solar project III","operatingCapacityCoverage":{"coveragePercent":100.0,"knownUnitCount":1,"method":"complete_unit_sum","provenance":{"evidenceCount":0,"recordIds":["wattlas-record-gemunit-g100001078775"],"sourceIds":["gem-global-integrated-power-tracker"],"sourceTypes":["research_verified"],"valueKind":"reported"},"totalUnitCount":1},"operatingCapacityMw":8.1,"operatingCapacityMwByTechnology":{"solar":8.1},"plannedCapacityCoverage":{"coveragePercent":0.0,"knownUnitCount":0,"method":"unavailable","totalUnitCount":0},"plannedCapacityMw":0.0,"plannedCapacityMwByTechnology":{},"recordCount":1,"recordIds":["wattlas-record-gemunit-g100001078775"],"sourceIds":["gem-global-integrated-power-tracker"],"sourceUrl":"https://www.gem.wiki/Hevel_Eilot_Regional_Council_(Israel)_solar_project_III","technologies":["solar"],"technologyMixMw":{"solar":8.1},"unitCount":1,"unitIds":["gem-unit-G100001078775"]},"type":"Feature"},{"geometry":{"coordinates":[35.0496,32.4422],"type":"Point"},"id":"wattlas-plant-gemplant-l100001068990","properties":{"aliases":["--","Menashe Regional Council solar project VIII"],"canonicalAnchor":"gemplant:L100001068990","canonicalCountryKey":"IL","capacityMw":1.4,"country":"IL","externalIds":{"gemPlant":"L100001068990","gemUnit":"G100001078776"},"gemWikiUrl":"https://www.gem.wiki/Menashe_Regional_Council_solar_project_VIII","geographyId":"IL-19161824B12012272353046","id":"wattlas-plant-gemplant-l100001068990","lifecycleCounts":{"operational":1},"locationPrecision":"exact","name":"Menashe Regional Council solar project VIII","operatingCapacityCoverage":{"coveragePercent":100.0,"knownUnitCount":1,"method":"complete_unit_sum","provenance":{"evidenceCount":0,"recordIds":["wattlas-record-gemunit-g100001078776"],"sourceIds":["gem-global-integrated-power-tracker"],"sourceTypes":["research_verified"],"valueKind":"reported"},"totalUnitCount":1},"operatingCapacityMw":1.4,"operatingCapacityMwByTechnology":{"solar":1.4},"plannedCapacityCoverage":{"coveragePercent":0.0,"knownUnitCount":0,"method":"unavailable","totalUnitCount":0},"plannedCapacityMw":0.0,"plannedCapacityMwByTechnology":{},"recordCount":1,"recordIds":["wattlas-record-gemunit-g100001078776"],"sourceIds":["gem-global-integrated-power-tracker"],"sourceUrl":"https://www.gem.wiki/Menashe_Regional_Council_solar_project_VIII","technologies":["solar"],"technologyMixMw":{"solar":1.4},"unitCount":1,"unitIds":["gem-unit-G100001078776"]},"type":"Feature"},{"geometry":{"coordinates":[34.5375,31.2027],"type":"Point"},"id":"wattlas-plant-gemplant-l100001068991","properties":{"aliases":["--","Eshkol Regional Council solar project XI"],"canonicalAnchor":"gemplant:L100001068991","canonicalCountryKey":"IL","capacityMw":1.4,"country":"IL","externalIds":{"gemPlant":"L100001068991","gemUnit":"G100001078777"},"gemWikiUrl":"https://www.gem.wiki/Eshkol_Regional_Council_solar_project_XI","geographyId":"IL-19161824B24193204184747","id":"wattlas-plant-gemplant-l100001068991","lifecycleCounts":{"operational":1},"locationPrecision":"exact","name":"Eshkol Regional Council solar project XI","operatingCapacityCoverage":{"coveragePercent":100.0,"knownUnitCount":1,"method":"complete_unit_sum","provenance":{"evidenceCount":0,"recordIds":["wattlas-record-gemunit-g100001078777"],"sourceIds":["gem-global-integrated-power-tracker"],"sourceTypes":["research_verified"],"valueKind":"reported"},"totalUnitCount":1},"operatingCapacityMw":1.4,"operatingCapacityMwByTechnology":{"solar":1.4},"plannedCapacityCoverage":{"coveragePercent":0.0,"knownUnitCount":0,"method":"unavailable","totalUnitCount":0},"plannedCapacityMw":0.0,"plannedCapacityMwByTechnology":{},"recordCount":1,"recordIds":["wattlas-record-gemunit-g100001078777"],"sourceIds":["gem-global-integrated-power-tracker"],"sourceUrl":"https://www.gem.wiki/Eshkol_Regional_Council_solar_project_XI","technologies":["solar"],"technologyMixMw":{"solar":1.4},"unitCount":1,"unitIds":["gem-unit-G100001078777"]},"type":"Feature"},{"geometry":{"coordinates":[34.6231,31.5487],"type":"Point"},"id":"wattlas-plant-gemplant-l100001068992","properties":{"aliases":["--","Shaar Hanegev Regional Council solar project V"],"canonicalAnchor":"gemplant:L100001068992","canonicalCountryKey":"IL","capacityMw":4.2,"country":"IL","externalIds":{"gemPlant":"L100001068992","gemUnit":"G100001078778"},"gemWikiUrl":"https://www.gem.wiki/Shaar_Hanegev_Regional_Council_solar_project_V","geographyId":"IL-19161824B24193204184747","id":"wattlas-plant-gemplant-l100001068992","lifecycleCounts":{"operational":1},"locationPrecision":"exact","name":"Shaar Hanegev Regional Council solar project V","operatingCapacityCoverage":{"coveragePercent":100.0,"knownUnitCount":1,"method":"complete_unit_sum","provenance":{"evidenceCount":0,"recordIds":["wattlas-record-gemunit-g100001078778"],"sourceIds":["gem-global-integrated-power-tracker"],"sourceTypes":["research_verified"],"valueKind":"reported"},"totalUnitCount":1},"operatingCapacityMw":4.2,"operatingCapacityMwByTechnology":{"solar":4.2},"plannedCapacityCoverage":{"coveragePercent":0.0,"knownUnitCount":0,"method":"unavailable","totalUnitCount":0},"plannedCapacityMw":0.0,"plannedCapacityMwByTechnology":{},"recordCount":1,"recordIds":["wattlas-record-gemunit-g100001078778"],"sourceIds":["gem-global-integrated-power-tracker"],"sourceUrl":"https://www.gem.wiki/Shaar_Hanegev_Regional_Council_solar_project_V","technologies":["solar"],"technologyMixMw":{"solar":4.2},"unitCount":1,"unitIds":["gem-unit-G100001078778"]},"type":"Feature"},{"geometry":{"coordinates":[34.6915,31.8389],"type":"Point"},"id":"wattlas-plant-gemplant-l100001068993","properties":{"aliases":["--","South District solar project V"],"canonicalAnchor":"gemplant:L100001068993","canonicalCountryKey":"IL","capacityMw":1.0,"country":"IL","externalIds":{"gemPlant":"L100001068993","gemUnit":"G100001078779"},"gemWikiUrl":"https://www.gem.wiki/South_District_solar_project_V","geographyId":"IL-19161824B24193204184747","id":"wattlas-plant-gemplant-l100001068993","lifecycleCounts":{"operational":1},"locationPrecision":"exact","name":"South District solar project V","operatingCapacityCoverage":{"coveragePercent":100.0,"knownUnitCount":1,"method":"complete_unit_sum","provenance":{"evidenceCount":0,"recordIds":["wattlas-record-gemunit-g100001078779"],"sourceIds":["gem-global-integrated-power-tracker"],"sourceTypes":["research_verified"],"valueKind":"reported"},"totalUnitCount":1},"operatingCapacityMw":1.0,"operatingCapacityMwByTechnology":{"solar":1.0},"plannedCapacityCoverage":{"coveragePercent":0.0,"knownUnitCount":0,"method":"unavailable","totalUnitCount":0},"plannedCapacityMw":0.0,"plannedCapacityMwByTechnology":{},"recordCount":1,"recordIds":["wattlas-record-gemunit-g100001078779"],"sourceIds":["gem-global-integrated-power-tracker"],"sourceUrl":"https://www.gem.wiki/South_District_solar_project_V","technologies":["solar"],"technologyMixMw":{"solar":1.0},"unitCount":1,"unitIds":["gem-unit-G100001078779"]},"type":"Feature"},{"geometry":{"coordinates":[34.3566,31.2343],"type":"Point"},"id":"wattlas-plant-gemplant-l100001068995","properties":{"aliases":["--","Eshkol Regional Council solar project XIII"],"canonicalAnchor":"gemplant:L100001068995","canonicalCountryKey":"IL","capacityMw":2.0,"country":"IL","externalIds":{"gemPlant":"L100001068995","gemUnit":"G100001078781"},"gemWikiUrl":"https://www.gem.wiki/Eshkol_Regional_Council_solar_project_XIII","geographyId":"IL-19161824B24193204184747","id":"wattlas-plant-gemplant-l100001068995","lifecycleCounts":{"operational":1},"locationPrecision":"exact","name":"Eshkol Regional Council solar project XIII","operatingCapacityCoverage":{"coveragePercent":100.0,"knownUnitCount":1,"method":"complete_unit_sum","provenance":{"evidenceCount":0,"recordIds":["wattlas-record-gemunit-g100001078781"],"sourceIds":["gem-global-integrated-power-tracker"],"sourceTypes":["research_verified"],"valueKind":"reported"},"totalUnitCount":1},"operatingCapacityMw":2.0,"operatingCapacityMwByTechnology":{"solar":2.0},"plannedCapacityCoverage":{"coveragePercent":0.0,"knownUnitCount":0,"method":"unavailable","totalUnitCount":0},"plannedCapacityMw":0.0,"plannedCapacityMwByTechnology":{},"recordCount":1,"recordIds":["wattlas-record-gemunit-g100001078781"],"sourceIds":["gem-global-integrated-power-tracker"],"sourceUrl":"https://www.gem.wiki/Eshkol_Regional_Council_solar_project_XIII","technologies":["solar"],"technologyMixMw":{"solar":2.0},"unitCount":1,"unitIds":["gem-unit-G100001078781"]},"type":"Feature"},{"geometry":{"coordinates":[34.6166,31.5427],"type":"Point"},"id":"wattlas-plant-gemplant-l100001068996","properties":{"aliases":["--","Shaar Hanegev Regional Council solar project VI"],"canonicalAnchor":"gemplant:L100001068996","canonicalCountryKey":"IL","capacityMw":6.6,"country":"IL","externalIds":{"gemPlant":"L100001068996","gemUnit":"G100001078782"},"gemWikiUrl":"https://www.gem.wiki/Shaar_Hanegev_Regional_Council_solar_project_VI","geographyId":"IL-19161824B24193204184747","id":"wattlas-plant-gemplant-l100001068996","lifecycleCounts":{"operational":1},"locationPrecision":"exact","name":"Shaar Hanegev Regional Council solar project VI","operatingCapacityCoverage":{"coveragePercent":100.0,"knownUnitCount":1,"method":"complete_unit_sum","provenance":{"evidenceCount":0,"recordIds":["wattlas-record-gemunit-g100001078782"],"sourceIds":["gem-global-integrated-power-tracker"],"sourceTypes":["research_verified"],"valueKind":"reported"},"totalUnitCount":1},"operatingCapacityMw":6.6,"operatingCapacityMwByTechnology":{"solar":6.6},"plannedCapacityCoverage":{"coveragePercent":0.0,"knownUnitCount":0,"method":"unavailable","totalUnitCount":0},"plannedCapacityMw":0.0,"plannedCapacityMwByTechnology":{},"recordCount":1,"recordIds":["wattlas-record-gemunit-g100001078782"],"sourceIds":["gem-global-integrated-power-tracker"],"sourceUrl":"https://www.gem.wiki/Shaar_Hanegev_Regional_Council_solar_project_VI","technologies":["solar"],"technologyMixMw":{"solar":6.6},"unitCount":1,"unitIds":["gem-unit-G100001078782"]},"type":"Feature"},{"geometry":{"coordinates":[34.8188,30.6325],"type":"Point"},"id":"wattlas-plant-gemplant-l100001068997","properties":{"aliases":["--","South District solar project VI"],"canonicalAnchor":"gemplant:L100001068997","canonicalCountryKey":"IL","capacityMw":4.7,"country":"IL","externalIds":{"gemPlant":"L100001068997","gemUnit":"G100001078783"},"gemWikiUrl":"https://www.gem.wiki/South_District_solar_project_VI","geographyId":"IL-19161824B24193204184747","id":"wattlas-plant-gemplant-l100001068997","lifecycleCounts":{"operational":1},"locationPrecision":"exact","name":"South District solar project VI","operatingCapacityCoverage":{"coveragePercent":100.0,"knownUnitCount":1,"method":"complete_unit_sum","provenance":{"evidenceCount":0,"recordIds":["wattlas-record-gemunit-g100001078783"],"sourceIds":["gem-global-integrated-power-tracker"],"sourceTypes":["research_verified"],"valueKind":"reported"},"totalUnitCount":1},"operatingCapacityMw":4.7,"operatingCapacityMwByTechnology":{"solar":4.7},"plannedCapacityCoverage":{"coveragePercent":0.0,"knownUnitCount":0,"method":"unavailable","totalUnitCount":0},"plannedCapacityMw":0.0,"plannedCapacityMwByTechnology":{},"recordCount":1,"recordIds":["wattlas-record-gemunit-g100001078783"],"sourceIds":["gem-global-integrated-power-tracker"],"sourceUrl":"https://www.gem.wiki/South_District_solar_project_VI","technologies":["solar"],"technologyMixMw":{"solar":4.7},"unitCount":1,"unitIds":["gem-unit-G100001078783"]},"type":"Feature"},{"geometry":{"coordinates":[35.2613,30.803],"type":"Point"},"id":"wattlas-plant-gemplant-l100001068998","properties":{"aliases":["--","Tamar Regional Council solar project"],"canonicalAnchor":"gemplant:L100001068998","canonicalCountryKey":"IL","capacityMw":1.3,"country":"IL","externalIds":{"gemPlant":"L100001068998","gemUnit":"G100001078784"},"gemWikiUrl":"https://www.gem.wiki/Tamar_Regional_Council_solar_project","geographyId":"IL-19161824B24193204184747","id":"wattlas-plant-gemplant-l100001068998","lifecycleCounts":{"operational":1},"locationPrecision":"exact","name":"Tamar Regional Council solar project","operatingCapacityCoverage":{"coveragePercent":100.0,"knownUnitCount":1,"method":"complete_unit_sum","provenance":{"evidenceCount":0,"recordIds":["wattlas-record-gemunit-g100001078784"],"sourceIds":["gem-global-integrated-power-tracker"],"sourceTypes":["research_verified"],"valueKind":"reported"},"totalUnitCount":1},"operatingCapacityMw":1.3,"operatingCapacityMwByTechnology":{"solar":1.3},"plannedCapacityCoverage":{"coveragePercent":0.0,"knownUnitCount":0,"method":"unavailable","totalUnitCount":0},"plannedCapacityMw":0.0,"plannedCapacityMwByTechnology":{},"recordCount":1,"recordIds":["wattlas-record-gemunit-g100001078784"],"sourceIds":["gem-global-integrated-power-tracker"],"sourceUrl":"https://www.gem.wiki/Tamar_Regional_Council_solar_project","technologies":["solar"],"technologyMixMw":{"solar":1.3},"unitCount":1,"unitIds":["gem-unit-G100001078784"]},"type":"Feature"},{"geometry":{"coordinates":[35.3546,32.6404],"type":"Point"},"id":"wattlas-plant-gemplant-l100001068999","properties":{"aliases":["--","Emek Izrael Regional Council solar project XI"],"canonicalAnchor":"gemplant:L100001068999","canonicalCountryKey":"IL","capacityMw":1.0,"country":"IL","externalIds":{"gemPlant":"L100001068999","gemUnit":"G100001078785"},"gemWikiUrl":"https://www.gem.wiki/Emek_Izrael_Regional_Council_solar_project_XI","geographyId":"IL-19161824B91089536365577","id":"wattlas-plant-gemplant-l100001068999","lifecycleCounts":{"operational":1},"locationPrecision":"exact","name":"Emek Izrael Regional Council solar project XI","operatingCapacityCoverage":{"coveragePercent":100.0,"knownUnitCount":1,"method":"complete_unit_sum","provenance":{"evidenceCount":0,"recordIds":["wattlas-record-gemunit-g100001078785"],"sourceIds":["gem-global-integrated-power-tracker"],"sourceTypes":["research_verified"],"valueKind":"reported"},"totalUnitCount":1},"operatingCapacityMw":1.0,"operatingCapacityMwByTechnology":{"solar":1.0},"plannedCapacityCoverage":{"coveragePercent":0.0,"knownUnitCount":0,"method":"unavailable","totalUnitCount":0},"plannedCapacityMw":0.0,"plannedCapacityMwByTechnology":{},"recordCount":1,"recordIds":["wattlas-record-gemunit-g100001078785"],"sourceIds":["gem-global-integrated-power-tracker"],"sourceUrl":"https://www.gem.wiki/Emek_Izrael_Regional_Council_solar_project_XI","technologies":["solar"],"technologyMixMw":{"solar":1.0},"unitCount":1,"unitIds":["gem-unit-G100001078785"]},"type":"Feature"},{"geometry":{"coordinates":[35.0401,32.7795],"type":"Point"},"id":"wattlas-plant-gemplant-l100001069000","properties":{"aliases":["--","Haifa District solar project"],"canonicalAnchor":"gemplant:L100001069000","canonicalCountryKey":"IL","capacityMw":1.2,"country":"IL","externalIds":{"gemPlant":"L100001069000","gemUnit":"G100001078786"},"gemWikiUrl":"https://www.gem.wiki/Haifa_District_solar_project","geographyId":"IL-19161824B12012272353046","id":"wattlas-plant-gemplant-l100001069000","lifecycleCounts":{"operational":1},"locationPrecision":"exact","name":"Haifa District solar project","operatingCapacityCoverage":{"coveragePercent":100.0,"knownUnitCount":1,"method":"complete_unit_sum","provenance":{"evidenceCount":0,"recordIds":["wattlas-record-gemunit-g100001078786"],"sourceIds":["gem-global-integrated-power-tracker"],"sourceTypes":["research_verified"],"valueKind":"reported"},"totalUnitCount":1},"operatingCapacityMw":1.2,"operatingCapacityMwByTechnology":{"solar":1.2},"plannedCapacityCoverage":{"coveragePercent":0.0,"knownUnitCount":0,"method":"unavailable","totalUnitCount":0},"plannedCapacityMw":0.0,"plannedCapacityMwByTechnology":{},"recordCount":1,"recordIds":["wattlas-record-gemunit-g100001078786"],"sourceIds":["gem-global-integrated-power-tracker"],"sourceUrl":"https://www.gem.wiki/Haifa_District_solar_project","technologies":["solar"],"technologyMixMw":{"solar":1.2},"unitCount":1,"unitIds":["gem-unit-G100001078786"]},"type":"Feature"},{"geometry":{"coordinates":[35.5472,32.6152],"type":"Point"},"id":"wattlas-plant-gemplant-l100001069001","properties":{"aliases":["--","Emek Hamaayanot Regional Council (Israel) solar project VIII"],"canonicalAnchor":"gemplant:L100001069001","canonicalCountryKey":"IL","capacityMw":6.8,"country":"IL","externalIds":{"gemPlant":"L100001069001","gemUnit":"G100001078787"},"gemWikiUrl":"https://www.gem.wiki/Emek_Hamaayanot_Regional_Council_(Israel)_solar_project_VIII","geographyId":"IL-19161824B91089536365577","id":"wattlas-plant-gemplant-l100001069001","lifecycleCounts":{"operational":1},"locationPrecision":"exact","name":"Emek Hamaayanot Regional Council (Israel) solar project VIII","operatingCapacityCoverage":{"coveragePercent":100.0,"knownUnitCount":1,"method":"complete_unit_sum","provenance":{"evidenceCount":0,"recordIds":["wattlas-record-gemunit-g100001078787"],"sourceIds":["gem-global-integrated-power-tracker"],"sourceTypes":["research_verified"],"valueKind":"reported"},"totalUnitCount":1},"operatingCapacityMw":6.8,"operatingCapacityMwByTechnology":{"solar":6.8},"plannedCapacityCoverage":{"coveragePercent":0.0,"knownUnitCount":0,"method":"unavailable","totalUnitCount":0},"plannedCapacityMw":0.0,"plannedCapacityMwByTechnology":{},"recordCount":1,"recordIds":["wattlas-record-gemunit-g100001078787"],"sourceIds":["gem-global-integrated-power-tracker"],"sourceUrl":"https://www.gem.wiki/Emek_Hamaayanot_Regional_Council_(Israel)_solar_project_VIII","technologies":["solar"],"technologyMixMw":{"solar":6.8},"unitCount":1,"unitIds":["gem-unit-G100001078787"]},"type":"Feature"},{"geometry":{"coordinates":[34.6404,31.695],"type":"Point"},"id":"wattlas-plant-gemplant-l100001069002","properties":{"aliases":["--","Hof Ashkelon Regional Council solar project X"],"canonicalAnchor":"gemplant:L100001069002","canonicalCountryKey":"IL","capacityMw":2.0,"country":"IL","externalIds":{"gemPlant":"L100001069002","gemUnit":"G100001078788"},"gemWikiUrl":"https://www.gem.wiki/Hof_Ashkelon_Regional_Council_solar_project_X","geographyId":"IL-19161824B24193204184747","id":"wattlas-plant-gemplant-l100001069002","lifecycleCounts":{"operational":1},"locationPrecision":"exact","name":"Hof Ashkelon Regional Council solar project X","operatingCapacityCoverage":{"coveragePercent":100.0,"knownUnitCount":1,"method":"complete_unit_sum","provenance":{"evidenceCount":0,"recordIds":["wattlas-record-gemunit-g100001078788"],"sourceIds":["gem-global-integrated-power-tracker"],"sourceTypes":["research_verified"],"valueKind":"reported"},"totalUnitCount":1},"operatingCapacityMw":2.0,"operatingCapacityMwByTechnology":{"solar":2.0},"plannedCapacityCoverage":{"coveragePercent":0.0,"knownUnitCount":0,"method":"unavailable","totalUnitCount":0},"plannedCapacityMw":0.0,"plannedCapacityMwByTechnology":{},"recordCount":1,"recordIds":["wattlas-record-gemunit-g100001078788"],"sourceIds":["gem-global-integrated-power-tracker"],"sourceUrl":"https://www.gem.wiki/Hof_Ashkelon_Regional_Council_solar_project_X","technologies":["solar"],"technologyMixMw":{"solar":2.0},"unitCount":1,"unitIds":["gem-unit-G100001078788"]},"type":"Feature"},{"geometry":{"coordinates":[35.2917,32.6509],"type":"Point"},"id":"wattlas-plant-gemplant-l100001069003","properties":{"aliases":["--","Emek Izrael Regional Council solar project XII"],"canonicalAnchor":"gemplant:L100001069003","canonicalCountryKey":"IL","capacityMw":1.5,"country":"IL","externalIds":{"gemPlant":"L100001069003","gemUnit":"G100001078789"},"gemWikiUrl":"https://www.gem.wiki/Emek_Izrael_Regional_Council_solar_project_XII","geographyId":"IL-19161824B91089536365577","id":"wattlas-plant-gemplant-l100001069003","lifecycleCounts":{"operational":1},"locationPrecision":"exact","name":"Emek Izrael Regional Council solar project XII","operatingCapacityCoverage":{"coveragePercent":100.0,"knownUnitCount":1,"method":"complete_unit_sum","provenance":{"evidenceCount":0,"recordIds":["wattlas-record-gemunit-g100001078789"],"sourceIds":["gem-global-integrated-power-tracker"],"sourceTypes":["research_verified"],"valueKind":"reported"},"totalUnitCount":1},"operatingCapacityMw":1.5,"operatingCapacityMwByTechnology":{"solar":1.5},"plannedCapacityCoverage":{"coveragePercent":0.0,"knownUnitCount":0,"method":"unavailable","totalUnitCount":0},"plannedCapacityMw":0.0,"plannedCapacityMwByTechnology":{},"recordCount":1,"recordIds":["wattlas-record-gemunit-g100001078789"],"sourceIds":["gem-global-integrated-power-tracker"],"sourceUrl":"https://www.gem.wiki/Emek_Izrael_Regional_Council_solar_project_XII","technologies":["solar"],"technologyMixMw":{"solar":1.5},"unitCount":1,"unitIds":["gem-unit-G100001078789"]},"type":"Feature"},{"geometry":{"coordinates":[35.1677,32.892],"type":"Point"},"id":"wattlas-plant-gemplant-l100001069004","properties":{"aliases":["--","Mate Asher Regional Council solar project VI"],"canonicalAnchor":"gemplant:L100001069004","canonicalCountryKey":"IL","capacityMw":3.7,"country":"IL","externalIds":{"gemPlant":"L100001069004","gemUnit":"G100001078790"},"gemWikiUrl":"https://www.gem.wiki/Mate_Asher_Regional_Council_solar_project_VI","geographyId":"IL-19161824B91089536365577","id":"wattlas-plant-gemplant-l100001069004","lifecycleCounts":{"operational":1},"locationPrecision":"exact","name":"Mate Asher Regional Council solar project VI","operatingCapacityCoverage":{"coveragePercent":100.0,"knownUnitCount":1,"method":"complete_unit_sum","provenance":{"evidenceCount":0,"recordIds":["wattlas-record-gemunit-g100001078790"],"sourceIds":["gem-global-integrated-power-tracker"],"sourceTypes":["research_verified"],"valueKind":"reported"},"totalUnitCount":1},"operatingCapacityMw":3.7,"operatingCapacityMwByTechnology":{"solar":3.7},"plannedCapacityCoverage":{"coveragePercent":0.0,"knownUnitCount":0,"method":"unavailable","totalUnitCount":0},"plannedCapacityMw":0.0,"plannedCapacityMwByTechnology":{},"recordCount":1,"recordIds":["wattlas-record-gemunit-g100001078790"],"sourceIds":["gem-global-integrated-power-tracker"],"sourceUrl":"https://www.gem.wiki/Mate_Asher_Regional_Council_solar_project_VI","technologies":["solar"],"technologyMixMw":{"solar":3.7},"unitCount":1,"unitIds":["gem-unit-G100001078790"]},"type":"Feature"},{"geometry":{"coordinates":[34.5339,31.1952],"type":"Point"},"id":"wattlas-plant-gemplant-l100001069005","properties":{"aliases":["--","Eshkol Regional Council solar project XIV"],"canonicalAnchor":"gemplant:L100001069005","canonicalCountryKey":"IL","capacityMw":2.4,"country":"IL","externalIds":{"gemPlant":"L100001069005","gemUnit":"G100001078791"},"gemWikiUrl":"https://www.gem.wiki/Eshkol_Regional_Council_solar_project_XIV","geographyId":"IL-19161824B24193204184747","id":"wattlas-plant-gemplant-l100001069005","lifecycleCounts":{"operational":1},"locationPrecision":"exact","name":"Eshkol Regional Council solar project XIV","operatingCapacityCoverage":{"coveragePercent":100.0,"knownUnitCount":1,"method":"complete_unit_sum","provenance":{"evidenceCount":0,"recordIds":["wattlas-record-gemunit-g100001078791"],"sourceIds":["gem-global-integrated-power-tracker"],"sourceTypes":["research_verified"],"valueKind":"reported"},"totalUnitCount":1},"operatingCapacityMw":2.4,"operatingCapacityMwByTechnology":{"solar":2.4},"plannedCapacityCoverage":{"coveragePercent":0.0,"knownUnitCount":0,"method":"unavailable","totalUnitCount":0},"plannedCapacityMw":0.0,"plannedCapacityMwByTechnology":{},"recordCount":1,"recordIds":["wattlas-record-gemunit-g100001078791"],"sourceIds":["gem-global-integrated-power-tracker"],"sourceUrl":"https://www.gem.wiki/Eshkol_Regional_Council_solar_project_XIV","technologies":["solar"],"technologyMixMw":{"solar":2.4},"unitCount":1,"unitIds":["gem-unit-G100001078791"]},"type":"Feature"},{"geometry":{"coordinates":[34.7524,31.9106],"type":"Point"},"id":"wattlas-plant-gemplant-l100001069006","properties":{"aliases":["--","Center District solar project III"],"canonicalAnchor":"gemplant:L100001069006","canonicalCountryKey":"IL","capacityMw":5.2,"country":"IL","externalIds":{"gemPlant":"L100001069006","gemUnit":"G100001078792"},"gemWikiUrl":"https://www.gem.wiki/Center_District_solar_project_III","geographyId":"IL-19161824B470428506180","id":"wattlas-plant-gemplant-l100001069006","lifecycleCounts":{"operational":1},"locationPrecision":"exact","name":"Center District solar project III","operatingCapacityCoverage":{"coveragePercent":100.0,"knownUnitCount":1,"method":"complete_unit_sum","provenance":{"evidenceCount":0,"recordIds":["wattlas-record-gemunit-g100001078792"],"sourceIds":["gem-global-integrated-power-tracker"],"sourceTypes":["research_verified"],"valueKind":"reported"},"totalUnitCount":1},"operatingCapacityMw":5.2,"operatingCapacityMwByTechnology":{"solar":5.2},"plannedCapacityCoverage":{"coveragePercent":0.0,"knownUnitCount":0,"method":"unavailable","totalUnitCount":0},"plannedCapacityMw":0.0,"plannedCapacityMwByTechnology":{},"recordCount":1,"recordIds":["wattlas-record-gemunit-g100001078792"],"sourceIds":["gem-global-integrated-power-tracker"],"sourceUrl":"https://www.gem.wiki/Center_District_solar_project_III","technologies":["solar"],"technologyMixMw":{"solar":5.2},"unitCount":1,"unitIds":["gem-unit-G100001078792"]},"type":"Feature"},{"geometry":{"coordinates":[34.7481,31.788],"type":"Point"},"id":"wattlas-plant-gemplant-l100001069007","properties":{"aliases":["--","Beer Tuvia Regional Council solar project IV"],"canonicalAnchor":"gemplant:L100001069007","canonicalCountryKey":"IL","capacityMw":5.7,"country":"IL","externalIds":{"gemPlant":"L100001069007","gemUnit":"G100001078793"},"gemWikiUrl":"https://www.gem.wiki/Beer_Tuvia_Regional_Council_solar_project_IV","geographyId":"IL-19161824B24193204184747","id":"wattlas-plant-gemplant-l100001069007","lifecycleCounts":{"operational":1},"locationPrecision":"exact","name":"Beer Tuvia Regional Council solar project IV","operatingCapacityCoverage":{"coveragePercent":100.0,"knownUnitCount":1,"method":"complete_unit_sum","provenance":{"evidenceCount":0,"recordIds":["wattlas-record-gemunit-g100001078793"],"sourceIds":["gem-global-integrated-power-tracker"],"sourceTypes":["research_verified"],"valueKind":"reported"},"totalUnitCount":1},"operatingCapacityMw":5.7,"operatingCapacityMwByTechnology":{"solar":5.7},"plannedCapacityCoverage":{"coveragePercent":0.0,"knownUnitCount":0,"method":"unavailable","totalUnitCount":0},"plannedCapacityMw":0.0,"plannedCapacityMwByTechnology":{},"recordCount":1,"recordIds":["wattlas-record-gemunit-g100001078793"],"sourceIds":["gem-global-integrated-power-tracker"],"sourceUrl":"https://www.gem.wiki/Beer_Tuvia_Regional_Council_solar_project_IV","technologies":["solar"],"technologyMixMw":{"solar":5.7},"unitCount":1,"unitIds":["gem-unit-G100001078793"]},"type":"Feature"},{"geometry":{"coordinates":[35.6007,32.9713],"type":"Point"},"id":"wattlas-plant-gemplant-l100001069008","properties":{"aliases":["--","North District solar project II"],"canonicalAnchor":"gemplant:L100001069008","canonicalCountryKey":"IL","capacityMw":7.4,"country":"IL","externalIds":{"gemPlant":"L100001069008","gemUnit":"G100001078794"},"gemWikiUrl":"https://www.gem.wiki/North_District_solar_project_II","geographyId":"IL-19161824B91089536365577","id":"wattlas-plant-gemplant-l100001069008","lifecycleCounts":{"operational":1},"locationPrecision":"exact","name":"North District solar project II","operatingCapacityCoverage":{"coveragePercent":100.0,"knownUnitCount":1,"method":"complete_unit_sum","provenance":{"evidenceCount":0,"recordIds":["wattlas-record-gemunit-g100001078794"],"sourceIds":["gem-global-integrated-power-tracker"],"sourceTypes":["research_verified"],"valueKind":"reported"},"totalUnitCount":1},"operatingCapacityMw":7.4,"operatingCapacityMwByTechnology":{"solar":7.4},"plannedCapacityCoverage":{"coveragePercent":0.0,"knownUnitCount":0,"method":"unavailable","totalUnitCount":0},"plannedCapacityMw":0.0,"plannedCapacityMwByTechnology":{},"recordCount":1,"recordIds":["wattlas-record-gemunit-g100001078794"],"sourceIds":["gem-global-integrated-power-tracker"],"sourceUrl":"https://www.gem.wiki/North_District_solar_project_II","technologies":["solar"],"technologyMixMw":{"solar":7.4},"unitCount":1,"unitIds":["gem-unit-G100001078794"]},"type":"Feature"},{"geometry":{"coordinates":[35.1075,32.7793],"type":"Point"},"id":"wattlas-plant-gemplant-l100001069009","properties":{"aliases":["--","Zvulun Regional Council solar project III"],"canonicalAnchor":"gemplant:L100001069009","canonicalCountryKey":"IL","capacityMw":5.1,"country":"IL","externalIds":{"gemPlant":"L100001069009","gemUnit":"G100001078795"},"gemWikiUrl":"https://www.gem.wiki/Zvulun_Regional_Council_solar_project_III","geographyId":"IL-19161824B12012272353046","id":"wattlas-plant-gemplant-l100001069009","lifecycleCounts":{"operational":1},"locationPrecision":"exact","name":"Zvulun Regional Council solar project III","operatingCapacityCoverage":{"coveragePercent":100.0,"knownUnitCount":1,"method":"complete_unit_sum","provenance":{"evidenceCount":0,"recordIds":["wattlas-record-gemunit-g100001078795"],"sourceIds":["gem-global-integrated-power-tracker"],"sourceTypes":["research_verified"],"valueKind":"reported"},"totalUnitCount":1},"operatingCapacityMw":5.1,"operatingCapacityMwByTechnology":{"solar":5.1},"plannedCapacityCoverage":{"coveragePercent":0.0,"knownUnitCount":0,"method":"unavailable","totalUnitCount":0},"plannedCapacityMw":0.0,"plannedCapacityMwByTechnology":{},"recordCount":1,"recordIds":["wattlas-record-gemunit-g100001078795"],"sourceIds":["gem-global-integrated-power-tracker"],"sourceUrl":"https://www.gem.wiki/Zvulun_Regional_Council_solar_project_III","technologies":["solar"],"technologyMixMw":{"solar":5.1},"unitCount":1,"unitIds":["gem-unit-G100001078795"]},"type":"Feature"},{"geometry":{"coordinates":[35.4245,32.7405],"type":"Point"},"id":"wattlas-plant-gemplant-l100001069010","properties":{"aliases":["--","Galil Tachton Regional Council solar project III"],"canonicalAnchor":"gemplant:L100001069010","canonicalCountryKey":"IL","capacityMw":9.6,"country":"IL","externalIds":{"gemPlant":"L100001069010","gemUnit":"G100001078796"},"gemWikiUrl":"https://www.gem.wiki/Galil_Tachton_Regional_Council_solar_project_III","geographyId":"IL-19161824B91089536365577","id":"wattlas-plant-gemplant-l100001069010","lifecycleCounts":{"operational":1},"locationPrecision":"exact","name":"Galil Tachton Regional Council solar project III","operatingCapacityCoverage":{"coveragePercent":100.0,"knownUnitCount":1,"method":"complete_unit_sum","provenance":{"evidenceCount":0,"recordIds":["wattlas-record-gemunit-g100001078796"],"sourceIds":["gem-global-integrated-power-tracker"],"sourceTypes":["research_verified"],"valueKind":"reported"},"totalUnitCount":1},"operatingCapacityMw":9.6,"operatingCapacityMwByTechnology":{"solar":9.6},"plannedCapacityCoverage":{"coveragePercent":0.0,"knownUnitCount":0,"method":"unavailable","totalUnitCount":0},"plannedCapacityMw":0.0,"plannedCapacityMwByTechnology":{},"recordCount":1,"recordIds":["wattlas-record-gemunit-g100001078796"],"sourceIds":["gem-global-integrated-power-tracker"],"sourceUrl":"https://www.gem.wiki/Galil_Tachton_Regional_Council_solar_project_III","technologies":["solar"],"technologyMixMw":{"solar":9.6},"unitCount":1,"unitIds":["gem-unit-G100001078796"]},"type":"Feature"},{"geometry":{"coordinates":[35.1341,32.6738],"type":"Point"},"id":"wattlas-plant-gemplant-l100001069011","properties":{"aliases":["--","Emek Izrael Regional Council solar project XIII"],"canonicalAnchor":"gemplant:L100001069011","canonicalCountryKey":"IL","capacityMw":1.8,"country":"IL","externalIds":{"gemPlant":"L100001069011","gemUnit":"G100001078797"},"gemWikiUrl":"https://www.gem.wiki/Emek_Izrael_Regional_Council_solar_project_XIII","geographyId":"IL-19161824B91089536365577","id":"wattlas-plant-gemplant-l100001069011","lifecycleCounts":{"operational":1},"locationPrecision":"exact","name":"Emek Izrael Regional Council solar project XIII","operatingCapacityCoverage":{"coveragePercent":100.0,"knownUnitCount":1,"method":"complete_unit_sum","provenance":{"evidenceCount":0,"recordIds":["wattlas-record-gemunit-g100001078797"],"sourceIds":["gem-global-integrated-power-tracker"],"sourceTypes":["research_verified"],"valueKind":"reported"},"totalUnitCount":1},"operatingCapacityMw":1.8,"operatingCapacityMwByTechnology":{"solar":1.8},"plannedCapacityCoverage":{"coveragePercent":0.0,"knownUnitCount":0,"method":"unavailable","totalUnitCount":0},"plannedCapacityMw":0.0,"plannedCapacityMwByTechnology":{},"recordCount":1,"recordIds":["wattlas-record-gemunit-g100001078797"],"sourceIds":["gem-global-integrated-power-tracker"],"sourceUrl":"https://www.gem.wiki/Emek_Izrael_Regional_Council_solar_project_XIII","technologies":["solar"],"technologyMixMw":{"solar":1.8},"unitCount":1,"unitIds":["gem-unit-G100001078797"]},"type":"Feature"},{"geometry":{"coordinates":[35.2964,32.5368],"type":"Point"},"id":"wattlas-plant-gemplant-l100001069012","properties":{"aliases":["--","Gilboa Regional Council solar project VI"],"canonicalAnchor":"gemplant:L100001069012","canonicalCountryKey":"IL","capacityMw":14.3,"country":"IL","externalIds":{"gemPlant":"L100001069012","gemUnit":"G100001078798"},"gemWikiUrl":"https://www.gem.wiki/Gilboa_Regional_Council_solar_project_VI","geographyId":"IL-19161824B91089536365577","id":"wattlas-plant-gemplant-l100001069012","lifecycleCounts":{"operational":1},"locationPrecision":"exact","name":"Gilboa Regional Council solar project VI","operatingCapacityCoverage":{"coveragePercent":100.0,"knownUnitCount":1,"method":"complete_unit_sum","provenance":{"evidenceCount":0,"recordIds":["wattlas-record-gemunit-g100001078798"],"sourceIds":["gem-global-integrated-power-tracker"],"sourceTypes":["research_verified"],"valueKind":"reported"},"totalUnitCount":1},"operatingCapacityMw":14.3,"operatingCapacityMwByTechnology":{"solar":14.3},"plannedCapacityCoverage":{"coveragePercent":0.0,"knownUnitCount":0,"method":"unavailable","totalUnitCount":0},"plannedCapacityMw":0.0,"plannedCapacityMwByTechnology":{},"recordCount":1,"recordIds":["wattlas-record-gemunit-g100001078798"],"sourceIds":["gem-global-integrated-power-tracker"],"sourceUrl":"https://www.gem.wiki/Gilboa_Regional_Council_solar_project_VI","technologies":["solar"],"technologyMixMw":{"solar":14.3},"unitCount":1,"unitIds":["gem-unit-G100001078798"]},"type":"Feature"},{"geometry":{"coordinates":[34.9889,31.7723],"type":"Point"},"id":"wattlas-plant-gemplant-l100001069013","properties":{"aliases":["--","Jerusalem District solar project I"],"canonicalAnchor":"gemplant:L100001069013","canonicalCountryKey":"IL","capacityMw":1.3,"country":"IL","externalIds":{"gemPlant":"L100001069013","gemUnit":"G100001078799"},"gemWikiUrl":"https://www.gem.wiki/Jerusalem_District_solar_project_I","geographyId":"IL-19161824B79530266069959","id":"wattlas-plant-gemplant-l100001069013","lifecycleCounts":{"operational":1},"locationPrecision":"exact","name":"Jerusalem District solar project I","operatingCapacityCoverage":{"coveragePercent":100.0,"knownUnitCount":1,"method":"complete_unit_sum","provenance":{"evidenceCount":0,"recordIds":["wattlas-record-gemunit-g100001078799"],"sourceIds":["gem-global-integrated-power-tracker"],"sourceTypes":["research_verified"],"valueKind":"reported"},"totalUnitCount":1},"operatingCapacityMw":1.3,"operatingCapacityMwByTechnology":{"solar":1.3},"plannedCapacityCoverage":{"coveragePercent":0.0,"knownUnitCount":0,"method":"unavailable","totalUnitCount":0},"plannedCapacityMw":0.0,"plannedCapacityMwByTechnology":{},"recordCount":1,"recordIds":["wattlas-record-gemunit-g100001078799"],"sourceIds":["gem-global-integrated-power-tracker"],"sourceUrl":"https://www.gem.wiki/Jerusalem_District_solar_project_I","technologies":["solar"],"technologyMixMw":{"solar":1.3},"unitCount":1,"unitIds":["gem-unit-G100001078799"]},"type":"Feature"},{"geometry":{"coordinates":[35.5112,33.0955],"type":"Point"},"id":"wattlas-plant-gemplant-l100001069014","properties":{"aliases":["--","Galil Elyon Regional Council solar project VI"],"canonicalAnchor":"gemplant:L100001069014","canonicalCountryKey":"IL","capacityMw":1.3,"country":"IL","externalIds":{"gemPlant":"L100001069014","gemUnit":"G100001078800"},"gemWikiUrl":"https://www.gem.wiki/Galil_Elyon_Regional_Council_solar_project_VI","geographyId":"IL-19161824B91089536365577","id":"wattlas-plant-gemplant-l100001069014","lifecycleCounts":{"operational":1},"locationPrecision":"exact","name":"Galil Elyon Regional Council solar project VI","operatingCapacityCoverage":{"coveragePercent":100.0,"knownUnitCount":1,"method":"complete_unit_sum","provenance":{"evidenceCount":0,"recordIds":["wattlas-record-gemunit-g100001078800"],"sourceIds":["gem-global-integrated-power-tracker"],"sourceTypes":["research_verified"],"valueKind":"reported"},"totalUnitCount":1},"operatingCapacityMw":1.3,"operatingCapacityMwByTechnology":{"solar":1.3},"plannedCapacityCoverage":{"coveragePercent":0.0,"knownUnitCount":0,"method":"unavailable","totalUnitCount":0},"plannedCapacityMw":0.0,"plannedCapacityMwByTechnology":{},"recordCount":1,"recordIds":["wattlas-record-gemunit-g100001078800"],"sourceIds":["gem-global-integrated-power-tracker"],"sourceUrl":"https://www.gem.wiki/Galil_Elyon_Regional_Council_solar_project_VI","technologies":["solar"],"technologyMixMw":{"solar":1.3},"unitCount":1,"unitIds":["gem-unit-G100001078800"]},"type":"Feature"},{"geometry":{"coordinates":[35.1257,32.9897],"type":"Point"},"id":"wattlas-plant-gemplant-l100001069016","properties":{"aliases":["--","Mate Asher Regional Council solar project VII"],"canonicalAnchor":"gemplant:L100001069016","canonicalCountryKey":"IL","capacityMw":2.6,"country":"IL","externalIds":{"gemPlant":"L100001069016","gemUnit":"G100001078802"},"gemWikiUrl":"https://www.gem.wiki/Mate_Asher_Regional_Council_solar_project_VII","geographyId":"IL-19161824B91089536365577","id":"wattlas-plant-gemplant-l100001069016","lifecycleCounts":{"operational":1},"locationPrecision":"exact","name":"Mate Asher Regional Council solar project VII","operatingCapacityCoverage":{"coveragePercent":100.0,"knownUnitCount":1,"method":"complete_unit_sum","provenance":{"evidenceCount":0,"recordIds":["wattlas-record-gemunit-g100001078802"],"sourceIds":["gem-global-integrated-power-tracker"],"sourceTypes":["research_verified"],"valueKind":"reported"},"totalUnitCount":1},"operatingCapacityMw":2.6,"operatingCapacityMwByTechnology":{"solar":2.6},"plannedCapacityCoverage":{"coveragePercent":0.0,"knownUnitCount":0,"method":"unavailable","totalUnitCount":0},"plannedCapacityMw":0.0,"plannedCapacityMwByTechnology":{},"recordCount":1,"recordIds":["wattlas-record-gemunit-g100001078802"],"sourceIds":["gem-global-integrated-power-tracker"],"sourceUrl":"https://www.gem.wiki/Mate_Asher_Regional_Council_solar_project_VII","technologies":["solar"],"technologyMixMw":{"solar":2.6},"unitCount":1,"unitIds":["gem-unit-G100001078802"]},"type":"Feature"},{"geometry":{"coordinates":[34.9559,31.7397],"type":"Point"},"id":"wattlas-plant-gemplant-l100001069017","properties":{"aliases":["--","Jerusalem District solar project II"],"canonicalAnchor":"gemplant:L100001069017","canonicalCountryKey":"IL","capacityMw":1.2,"country":"IL","externalIds":{"gemPlant":"L100001069017","gemUnit":"G100001078803"},"gemWikiUrl":"https://www.gem.wiki/Jerusalem_District_solar_project_II","geographyId":"IL-19161824B79530266069959","id":"wattlas-plant-gemplant-l100001069017","lifecycleCounts":{"operational":1},"locationPrecision":"exact","name":"Jerusalem District solar project II","operatingCapacityCoverage":{"coveragePercent":100.0,"knownUnitCount":1,"method":"complete_unit_sum","provenance":{"evidenceCount":0,"recordIds":["wattlas-record-gemunit-g100001078803"],"sourceIds":["gem-global-integrated-power-tracker"],"sourceTypes":["research_verified"],"valueKind":"reported"},"totalUnitCount":1},"operatingCapacityMw":1.2,"operatingCapacityMwByTechnology":{"solar":1.2},"plannedCapacityCoverage":{"coveragePercent":0.0,"knownUnitCount":0,"method":"unavailable","totalUnitCount":0},"plannedCapacityMw":0.0,"plannedCapacityMwByTechnology":{},"recordCount":1,"recordIds":["wattlas-record-gemunit-g100001078803"],"sourceIds":["gem-global-integrated-power-tracker"],"sourceUrl":"https://www.gem.wiki/Jerusalem_District_solar_project_II","technologies":["solar"],"technologyMixMw":{"solar":1.2},"unitCount":1,"unitIds":["gem-unit-G100001078803"]},"type":"Feature"},{"geometry":{"coordinates":[34.8694,31.7849],"type":"Point"},"id":"wattlas-plant-gemplant-l100001069018","properties":{"aliases":["--","Mate Yehuda Regional Council solar project III"],"canonicalAnchor":"gemplant:L100001069018","canonicalCountryKey":"IL","capacityMw":8.6,"country":"IL","externalIds":{"gemPlant":"L100001069018","gemUnit":"G100001078804"},"gemWikiUrl":"https://www.gem.wiki/Mate_Yehuda_Regional_Council_solar_project_III","geographyId":"IL-19161824B79530266069959","id":"wattlas-plant-gemplant-l100001069018","lifecycleCounts":{"operational":1},"locationPrecision":"exact","name":"Mate Yehuda Regional Council solar project III","operatingCapacityCoverage":{"coveragePercent":100.0,"knownUnitCount":1,"method":"complete_unit_sum","provenance":{"evidenceCount":0,"recordIds":["wattlas-record-gemunit-g100001078804"],"sourceIds":["gem-global-integrated-power-tracker"],"sourceTypes":["research_verified"],"valueKind":"reported"},"totalUnitCount":1},"operatingCapacityMw":8.6,"operatingCapacityMwByTechnology":{"solar":8.6},"plannedCapacityCoverage":{"coveragePercent":0.0,"knownUnitCount":0,"method":"unavailable","totalUnitCount":0},"plannedCapacityMw":0.0,"plannedCapacityMwByTechnology":{},"recordCount":1,"recordIds":["wattlas-record-gemunit-g100001078804"],"sourceIds":["gem-global-integrated-power-tracker"],"sourceUrl":"https://www.gem.wiki/Mate_Yehuda_Regional_Council_solar_project_III","technologies":["solar"],"technologyMixMw":{"solar":8.6},"unitCount":1,"unitIds":["gem-unit-G100001078804"]},"type":"Feature"},{"geometry":{"coordinates":[35.6416,33.1384],"type":"Point"},"id":"wattlas-plant-gemplant-l100001069019","properties":{"aliases":["--","Galil Elyon Regional Council solar project VII"],"canonicalAnchor":"gemplant:L100001069019","canonicalCountryKey":"IL","capacityMw":6.1,"country":"IL","externalIds":{"gemPlant":"L100001069019","gemUnit":"G100001078805"},"gemWikiUrl":"https://www.gem.wiki/Galil_Elyon_Regional_Council_solar_project_VII","geographyId":"IL-19161824B91089536365577","id":"wattlas-plant-gemplant-l100001069019","lifecycleCounts":{"operational":1},"locationPrecision":"exact","name":"Galil Elyon Regional Council solar project VII","operatingCapacityCoverage":{"coveragePercent":100.0,"knownUnitCount":1,"method":"complete_unit_sum","provenance":{"evidenceCount":0,"recordIds":["wattlas-record-gemunit-g100001078805"],"sourceIds":["gem-global-integrated-power-tracker"],"sourceTypes":["research_verified"],"valueKind":"reported"},"totalUnitCount":1},"operatingCapacityMw":6.1,"operatingCapacityMwByTechnology":{"solar":6.1},"plannedCapacityCoverage":{"coveragePercent":0.0,"knownUnitCount":0,"method":"unavailable","totalUnitCount":0},"plannedCapacityMw":0.0,"plannedCapacityMwByTechnology":{},"recordCount":1,"recordIds":["wattlas-record-gemunit-g100001078805"],"sourceIds":["gem-global-integrated-power-tracker"],"sourceUrl":"https://www.gem.wiki/Galil_Elyon_Regional_Council_solar_project_VII","technologies":["solar"],"technologyMixMw":{"solar":6.1},"unitCount":1,"unitIds":["gem-unit-G100001078805"]},"type":"Feature"},{"geometry":{"coordinates":[34.9796,32.2077],"type":"Point"},"id":"wattlas-plant-gemplant-l100001069020","properties":{"aliases":["--","Center District solar project IV"],"canonicalAnchor":"gemplant:L100001069020","canonicalCountryKey":"IL","capacityMw":1.0,"country":"IL","externalIds":{"gemPlant":"L100001069020","gemUnit":"G100001078806"},"gemWikiUrl":"https://www.gem.wiki/Center_District_solar_project_IV","geographyId":"IL-19161824B470428506180","id":"wattlas-plant-gemplant-l100001069020","lifecycleCounts":{"operational":1},"locationPrecision":"exact","name":"Center District solar project IV","operatingCapacityCoverage":{"coveragePercent":100.0,"knownUnitCount":1,"method":"complete_unit_sum","provenance":{"evidenceCount":0,"recordIds":["wattlas-record-gemunit-g100001078806"],"sourceIds":["gem-global-integrated-power-tracker"],"sourceTypes":["research_verified"],"valueKind":"reported"},"totalUnitCount":1},"operatingCapacityMw":1.0,"operatingCapacityMwByTechnology":{"solar":1.0},"plannedCapacityCoverage":{"coveragePercent":0.0,"knownUnitCount":0,"method":"unavailable","totalUnitCount":0},"plannedCapacityMw":0.0,"plannedCapacityMwByTechnology":{},"recordCount":1,"recordIds":["wattlas-record-gemunit-g100001078806"],"sourceIds":["gem-global-integrated-power-tracker"],"sourceUrl":"https://www.gem.wiki/Center_District_solar_project_IV","technologies":["solar"],"technologyMixMw":{"solar":1.0},"unitCount":1,"unitIds":["gem-unit-G100001078806"]},"type":"Feature"},{"geometry":{"coordinates":[35.5717,33.1924],"type":"Point"},"id":"wattlas-plant-gemplant-l100001069021","properties":{"aliases":["--","Galil Elyon Regional Council solar project VIII"],"canonicalAnchor":"gemplant:L100001069021","canonicalCountryKey":"IL","capacityMw":1.1,"country":"IL","externalIds":{"gemPlant":"L100001069021","gemUnit":"G100001078807"},"gemWikiUrl":"https://www.gem.wiki/Galil_Elyon_Regional_Council_solar_project_VIII","geographyId":"IL-19161824B91089536365577","id":"wattlas-plant-gemplant-l100001069021","lifecycleCounts":{"operational":1},"locationPrecision":"exact","name":"Galil Elyon Regional Council solar project VIII","operatingCapacityCoverage":{"coveragePercent":100.0,"knownUnitCount":1,"method":"complete_unit_sum","provenance":{"evidenceCount":0,"recordIds":["wattlas-record-gemunit-g100001078807"],"sourceIds":["gem-global-integrated-power-tracker"],"sourceTypes":["research_verified"],"valueKind":"reported"},"totalUnitCount":1},"operatingCapacityMw":1.1,"operatingCapacityMwByTechnology":{"solar":1.1},"plannedCapacityCoverage":{"coveragePercent":0.0,"knownUnitCount":0,"method":"unavailable","totalUnitCount":0},"plannedCapacityMw":0.0,"plannedCapacityMwByTechnology":{},"recordCount":1,"recordIds":["wattlas-record-gemunit-g100001078807"],"sourceIds":["gem-global-integrated-power-tracker"],"sourceUrl":"https://www.gem.wiki/Galil_Elyon_Regional_Council_solar_project_VIII","technologies":["solar"],"technologyMixMw":{"solar":1.1},"unitCount":1,"unitIds":["gem-unit-G100001078807"]},"type":"Feature"},{"geometry":{"coordinates":[34.7554,31.6999],"type":"Point"},"id":"wattlas-plant-gemplant-l100001069022","properties":{"aliases":["--","Beer Tuvia Regional Council solar project V"],"canonicalAnchor":"gemplant:L100001069022","canonicalCountryKey":"IL","capacityMw":1.1,"country":"IL","externalIds":{"gemPlant":"L100001069022","gemUnit":"G100001078808"},"gemWikiUrl":"https://www.gem.wiki/Beer_Tuvia_Regional_Council_solar_project_V","geographyId":"IL-19161824B24193204184747","id":"wattlas-plant-gemplant-l100001069022","lifecycleCounts":{"operational":1},"locationPrecision":"exact","name":"Beer Tuvia Regional Council solar project V","operatingCapacityCoverage":{"coveragePercent":100.0,"knownUnitCount":1,"method":"complete_unit_sum","provenance":{"evidenceCount":0,"recordIds":["wattlas-record-gemunit-g100001078808"],"sourceIds":["gem-global-integrated-power-tracker"],"sourceTypes":["research_verified"],"valueKind":"reported"},"totalUnitCount":1},"operatingCapacityMw":1.1,"operatingCapacityMwByTechnology":{"solar":1.1},"plannedCapacityCoverage":{"coveragePercent":0.0,"knownUnitCount":0,"method":"unavailable","totalUnitCount":0},"plannedCapacityMw":0.0,"plannedCapacityMwByTechnology":{},"recordCount":1,"recordIds":["wattlas-record-gemunit-g100001078808"],"sourceIds":["gem-global-integrated-power-tracker"],"sourceUrl":"https://www.gem.wiki/Beer_Tuvia_Regional_Council_solar_project_V","technologies":["solar"],"technologyMixMw":{"solar":1.1},"unitCount":1,"unitIds":["gem-unit-G100001078808"]},"type":"Feature"},{"geometry":{"coordinates":[34.7023,31.6589],"type":"Point"},"id":"wattlas-plant-gemplant-l100001069023","properties":{"aliases":["--","Lachish Regional Council solar project"],"canonicalAnchor":"gemplant:L100001069023","canonicalCountryKey":"IL","capacityMw":4.2,"country":"IL","externalIds":{"gemPlant":"L100001069023","gemUnit":"G100001078809"},"gemWikiUrl":"https://www.gem.wiki/Lachish_Regional_Council_solar_project","geographyId":"IL-19161824B24193204184747","id":"wattlas-plant-gemplant-l100001069023","lifecycleCounts":{"operational":1},"locationPrecision":"exact","name":"Lachish Regional Council solar project","operatingCapacityCoverage":{"coveragePercent":100.0,"knownUnitCount":1,"method":"complete_unit_sum","provenance":{"evidenceCount":0,"recordIds":["wattlas-record-gemunit-g100001078809"],"sourceIds":["gem-global-integrated-power-tracker"],"sourceTypes":["research_verified"],"valueKind":"reported"},"totalUnitCount":1},"operatingCapacityMw":4.2,"operatingCapacityMwByTechnology":{"solar":4.2},"plannedCapacityCoverage":{"coveragePercent":0.0,"knownUnitCount":0,"method":"unavailable","totalUnitCount":0},"plannedCapacityMw":0.0,"plannedCapacityMwByTechnology":{},"recordCount":1,"recordIds":["wattlas-record-gemunit-g100001078809"],"sourceIds":["gem-global-integrated-power-tracker"],"sourceUrl":"https://www.gem.wiki/Lachish_Regional_Council_solar_project","technologies":["solar"],"technologyMixMw":{"solar":4.2},"unitCount":1,"unitIds":["gem-unit-G100001078809"]},"type":"Feature"},{"geometry":{"coordinates":[35.5348,32.4052],"type":"Point"},"id":"wattlas-plant-gemplant-l100001069024","properties":{"aliases":["--","Emek Hamaayanot Regional Council (Israel) solar project IX"],"canonicalAnchor":"gemplant:L100001069024","canonicalCountryKey":"IL","capacityMw":2.2,"country":"IL","externalIds":{"gemPlant":"L100001069024","gemUnit":"G100001078810"},"gemWikiUrl":"https://www.gem.wiki/Emek_Hamaayanot_Regional_Council_(Israel)_solar_project_IX","geographyId":"IL-19161824B91089536365577","id":"wattlas-plant-gemplant-l100001069024","lifecycleCounts":{"operational":1},"locationPrecision":"exact","name":"Emek Hamaayanot Regional Council (Israel) solar project IX","operatingCapacityCoverage":{"coveragePercent":100.0,"knownUnitCount":1,"method":"complete_unit_sum","provenance":{"evidenceCount":0,"recordIds":["wattlas-record-gemunit-g100001078810"],"sourceIds":["gem-global-integrated-power-tracker"],"sourceTypes":["research_verified"],"valueKind":"reported"},"totalUnitCount":1},"operatingCapacityMw":2.2,"operatingCapacityMwByTechnology":{"solar":2.2},"plannedCapacityCoverage":{"coveragePercent":0.0,"knownUnitCount":0,"method":"unavailable","totalUnitCount":0},"plannedCapacityMw":0.0,"plannedCapacityMwByTechnology":{},"recordCount":1,"recordIds":["wattlas-record-gemunit-g100001078810"],"sourceIds":["gem-global-integrated-power-tracker"],"sourceUrl":"https://www.gem.wiki/Emek_Hamaayanot_Regional_Council_(Israel)_solar_project_IX","technologies":["solar"],"technologyMixMw":{"solar":2.2},"unitCount":1,"unitIds":["gem-unit-G100001078810"]},"type":"Feature"},{"geometry":{"coordinates":[35.1317,32.649],"type":"Point"},"id":"wattlas-plant-gemplant-l100001069025","properties":{"aliases":["--","Megido Regional Council solar project IV"],"canonicalAnchor":"gemplant:L100001069025","canonicalCountryKey":"IL","capacityMw":1.2,"country":"IL","externalIds":{"gemPlant":"L100001069025","gemUnit":"G100001078811"},"gemWikiUrl":"https://www.gem.wiki/Megido_Regional_Council_solar_project_IV","geographyId":"IL-19161824B91089536365577","id":"wattlas-plant-gemplant-l100001069025","lifecycleCounts":{"operational":1},"locationPrecision":"exact","name":"Megido Regional Council solar project IV","operatingCapacityCoverage":{"coveragePercent":100.0,"knownUnitCount":1,"method":"complete_unit_sum","provenance":{"evidenceCount":0,"recordIds":["wattlas-record-gemunit-g100001078811"],"sourceIds":["gem-global-integrated-power-tracker"],"sourceTypes":["research_verified"],"valueKind":"reported"},"totalUnitCount":1},"operatingCapacityMw":1.2,"operatingCapacityMwByTechnology":{"solar":1.2},"plannedCapacityCoverage":{"coveragePercent":0.0,"knownUnitCount":0,"method":"unavailable","totalUnitCount":0},"plannedCapacityMw":0.0,"plannedCapacityMwByTechnology":{},"recordCount":1,"recordIds":["wattlas-record-gemunit-g100001078811"],"sourceIds":["gem-global-integrated-power-tracker"],"sourceUrl":"https://www.gem.wiki/Megido_Regional_Council_solar_project_IV","technologies":["solar"],"technologyMixMw":{"solar":1.2},"unitCount":1,"unitIds":["gem-unit-G100001078811"]},"type":"Feature"},{"geometry":{"coordinates":[35.5402,32.4195],"type":"Point"},"id":"wattlas-plant-gemplant-l100001069026","properties":{"aliases":["--","Emek Hamaayanot Regional Council (Israel) solar project X"],"canonicalAnchor":"gemplant:L100001069026","canonicalCountryKey":"IL","capacityMw":2.2,"country":"IL","externalIds":{"gemPlant":"L100001069026","gemUnit":"G100001078812"},"gemWikiUrl":"https://www.gem.wiki/Emek_Hamaayanot_Regional_Council_(Israel)_solar_project_X","geographyId":"IL-19161824B91089536365577","id":"wattlas-plant-gemplant-l100001069026","lifecycleCounts":{"operational":1},"locationPrecision":"exact","name":"Emek Hamaayanot Regional Council (Israel) solar project X","operatingCapacityCoverage":{"coveragePercent":100.0,"knownUnitCount":1,"method":"complete_unit_sum","provenance":{"evidenceCount":0,"recordIds":["wattlas-record-gemunit-g100001078812"],"sourceIds":["gem-global-integrated-power-tracker"],"sourceTypes":["research_verified"],"valueKind":"reported"},"totalUnitCount":1},"operatingCapacityMw":2.2,"operatingCapacityMwByTechnology":{"solar":2.2},"plannedCapacityCoverage":{"coveragePercent":0.0,"knownUnitCount":0,"method":"unavailable","totalUnitCount":0},"plannedCapacityMw":0.0,"plannedCapacityMwByTechnology":{},"recordCount":1,"recordIds":["wattlas-record-gemunit-g100001078812"],"sourceIds":["gem-global-integrated-power-tracker"],"sourceUrl":"https://www.gem.wiki/Emek_Hamaayanot_Regional_Council_(Israel)_solar_project_X","technologies":["solar"],"technologyMixMw":{"solar":2.2},"unitCount":1,"unitIds":["gem-unit-G100001078812"]},"type":"Feature"},{"geometry":{"coordinates":[34.7948,30.8662],"type":"Point"},"id":"wattlas-plant-gemplant-l100001069027","properties":{"aliases":["--","Ramat Negev Regional Council solar project VII"],"canonicalAnchor":"gemplant:L100001069027","canonicalCountryKey":"IL","capacityMw":2.0,"country":"IL","externalIds":{"gemPlant":"L100001069027","gemUnit":"G100001078813"},"gemWikiUrl":"https://www.gem.wiki/Ramat_Negev_Regional_Council_solar_project_VII","geographyId":"IL-19161824B24193204184747","id":"wattlas-plant-gemplant-l100001069027","lifecycleCounts":{"operational":1},"locationPrecision":"exact","name":"Ramat Negev Regional Council solar project VII","operatingCapacityCoverage":{"coveragePercent":100.0,"knownUnitCount":1,"method":"complete_unit_sum","provenance":{"evidenceCount":0,"recordIds":["wattlas-record-gemunit-g100001078813"],"sourceIds":["gem-global-integrated-power-tracker"],"sourceTypes":["research_verified"],"valueKind":"reported"},"totalUnitCount":1},"operatingCapacityMw":2.0,"operatingCapacityMwByTechnology":{"solar":2.0},"plannedCapacityCoverage":{"coveragePercent":0.0,"knownUnitCount":0,"method":"unavailable","totalUnitCount":0},"plannedCapacityMw":0.0,"plannedCapacityMwByTechnology":{},"recordCount":1,"recordIds":["wattlas-record-gemunit-g100001078813"],"sourceIds":["gem-global-integrated-power-tracker"],"sourceUrl":"https://www.gem.wiki/Ramat_Negev_Regional_Council_solar_project_VII","technologies":["solar"],"technologyMixMw":{"solar":2.0},"unitCount":1,"unitIds":["gem-unit-G100001078813"]},"type":"Feature"},{"geometry":{"coordinates":[35.1502,30.3767],"type":"Point"},"id":"wattlas-plant-gemplant-l100001069028","properties":{"aliases":["--","Arava Tichona Regional Council solar project"],"canonicalAnchor":"gemplant:L100001069028","canonicalCountryKey":"IL","capacityMw":1.3,"country":"IL","externalIds":{"gemPlant":"L100001069028","gemUnit":"G100001078814"},"gemWikiUrl":"https://www.gem.wiki/Arava_Tichona_Regional_Council_solar_project","geographyId":"IL-19161824B24193204184747","id":"wattlas-plant-gemplant-l100001069028","lifecycleCounts":{"operational":1},"locationPrecision":"exact","name":"Arava Tichona Regional Council solar project","operatingCapacityCoverage":{"coveragePercent":100.0,"knownUnitCount":1,"method":"complete_unit_sum","provenance":{"evidenceCount":0,"recordIds":["wattlas-record-gemunit-g100001078814"],"sourceIds":["gem-global-integrated-power-tracker"],"sourceTypes":["research_verified"],"valueKind":"reported"},"totalUnitCount":1},"operatingCapacityMw":1.3,"operatingCapacityMwByTechnology":{"solar":1.3},"plannedCapacityCoverage":{"coveragePercent":0.0,"knownUnitCount":0,"method":"unavailable","totalUnitCount":0},"plannedCapacityMw":0.0,"plannedCapacityMwByTechnology":{},"recordCount":1,"recordIds":["wattlas-record-gemunit-g100001078814"],"sourceIds":["gem-global-integrated-power-tracker"],"sourceUrl":"https://www.gem.wiki/Arava_Tichona_Regional_Council_solar_project","technologies":["solar"],"technologyMixMw":{"solar":1.3},"unitCount":1,"unitIds":["gem-unit-G100001078814"]},"type":"Feature"},{"geometry":{"coordinates":[35.1907,33.0497],"type":"Point"},"id":"wattlas-plant-gemplant-l100001069029","properties":{"aliases":["--","Maale Yosef Regional Council solar project II"],"canonicalAnchor":"gemplant:L100001069029","canonicalCountryKey":"IL","capacityMw":1.2,"country":"IL","externalIds":{"gemPlant":"L100001069029","gemUnit":"G100001078815"},"gemWikiUrl":"https://www.gem.wiki/Maale_Yosef_Regional_Council_solar_project_II","geographyId":"IL-19161824B91089536365577","id":"wattlas-plant-gemplant-l100001069029","lifecycleCounts":{"operational":1},"locationPrecision":"exact","name":"Maale Yosef Regional Council solar project II","operatingCapacityCoverage":{"coveragePercent":100.0,"knownUnitCount":1,"method":"complete_unit_sum","provenance":{"evidenceCount":0,"recordIds":["wattlas-record-gemunit-g100001078815"],"sourceIds":["gem-global-integrated-power-tracker"],"sourceTypes":["research_verified"],"valueKind":"reported"},"totalUnitCount":1},"operatingCapacityMw":1.2,"operatingCapacityMwByTechnology":{"solar":1.2},"plannedCapacityCoverage":{"coveragePercent":0.0,"knownUnitCount":0,"method":"unavailable","totalUnitCount":0},"plannedCapacityMw":0.0,"plannedCapacityMwByTechnology":{},"recordCount":1,"recordIds":["wattlas-record-gemunit-g100001078815"],"sourceIds":["gem-global-integrated-power-tracker"],"sourceUrl":"https://www.gem.wiki/Maale_Yosef_Regional_Council_solar_project_II","technologies":["solar"],"technologyMixMw":{"solar":1.2},"unitCount":1,"unitIds":["gem-unit-G100001078815"]},"type":"Feature"},{"geometry":{"coordinates":[34.8217,31.9099],"type":"Point"},"id":"wattlas-plant-gemplant-l100001069031","properties":{"aliases":["--","Center District solar project V"],"canonicalAnchor":"gemplant:L100001069031","canonicalCountryKey":"IL","capacityMw":1.6,"country":"IL","externalIds":{"gemPlant":"L100001069031","gemUnit":"G100001078817"},"gemWikiUrl":"https://www.gem.wiki/Center_District_solar_project_V","geographyId":"IL-19161824B470428506180","id":"wattlas-plant-gemplant-l100001069031","lifecycleCounts":{"operational":1},"locationPrecision":"exact","name":"Center District solar project V","operatingCapacityCoverage":{"coveragePercent":100.0,"knownUnitCount":1,"method":"complete_unit_sum","provenance":{"evidenceCount":0,"recordIds":["wattlas-record-gemunit-g100001078817"],"sourceIds":["gem-global-integrated-power-tracker"],"sourceTypes":["research_verified"],"valueKind":"reported"},"totalUnitCount":1},"operatingCapacityMw":1.6,"operatingCapacityMwByTechnology":{"solar":1.6},"plannedCapacityCoverage":{"coveragePercent":0.0,"knownUnitCount":0,"method":"unavailable","totalUnitCount":0},"plannedCapacityMw":0.0,"plannedCapacityMwByTechnology":{},"recordCount":1,"recordIds":["wattlas-record-gemunit-g100001078817"],"sourceIds":["gem-global-integrated-power-tracker"],"sourceUrl":"https://www.gem.wiki/Center_District_solar_project_V","technologies":["solar"],"technologyMixMw":{"solar":1.6},"unitCount":1,"unitIds":["gem-unit-G100001078817"]},"type":"Feature"},{"geometry":{"coordinates":[35.5568,32.455],"type":"Point"},"id":"wattlas-plant-gemplant-l100001069048","properties":{"aliases":["--","Emek Hamaayanot Regional Council (Jordan) solar project I"],"canonicalAnchor":"gemplant:L100001069048","canonicalCountryKey":"IL","capacityMw":6.8,"country":"IL","externalIds":{"gemPlant":"L100001069048","gemUnit":"G100001078834"},"gemWikiUrl":"https://www.gem.wiki/Emek_Hamaayanot_Regional_Council_(Jordan)_solar_project_I","geographyId":"IL-19161824B91089536365577","id":"wattlas-plant-gemplant-l100001069048","lifecycleCounts":{"operational":1},"locationPrecision":"exact","name":"Emek Hamaayanot Regional Council (Jordan) solar project I","operatingCapacityCoverage":{"coveragePercent":100.0,"knownUnitCount":1,"method":"complete_unit_sum","provenance":{"evidenceCount":0,"recordIds":["wattlas-record-gemunit-g100001078834"],"sourceIds":["gem-global-integrated-power-tracker"],"sourceTypes":["research_verified"],"valueKind":"reported"},"totalUnitCount":1},"operatingCapacityMw":6.8,"operatingCapacityMwByTechnology":{"solar":6.8},"plannedCapacityCoverage":{"coveragePercent":0.0,"knownUnitCount":0,"method":"unavailable","totalUnitCount":0},"plannedCapacityMw":0.0,"plannedCapacityMwByTechnology":{},"recordCount":1,"recordIds":["wattlas-record-gemunit-g100001078834"],"sourceIds":["gem-global-integrated-power-tracker"],"sourceUrl":"https://www.gem.wiki/Emek_Hamaayanot_Regional_Council_(Jordan)_solar_project_I","technologies":["solar"],"technologyMixMw":{"solar":6.8},"unitCount":1,"unitIds":["gem-unit-G100001078834"]},"type":"Feature"},{"geometry":{"coordinates":[35.5721,32.5854],"type":"Point"},"id":"wattlas-plant-gemplant-l100001069051","properties":{"aliases":["--","Emek Hamaayanot Regional Council (Jordan) solar project II"],"canonicalAnchor":"gemplant:L100001069051","canonicalCountryKey":"IL","capacityMw":13.3,"country":"IL","externalIds":{"gemPlant":"L100001069051","gemUnit":"G100001078837"},"gemWikiUrl":"https://www.gem.wiki/Emek_Hamaayanot_Regional_Council_(Jordan)_solar_project_II","geographyId":"IL-19161824B91089536365577","id":"wattlas-plant-gemplant-l100001069051","lifecycleCounts":{"operational":1},"locationPrecision":"exact","name":"Emek Hamaayanot Regional Council (Jordan) solar project II","operatingCapacityCoverage":{"coveragePercent":100.0,"knownUnitCount":1,"method":"complete_unit_sum","provenance":{"evidenceCount":0,"recordIds":["wattlas-record-gemunit-g100001078837"],"sourceIds":["gem-global-integrated-power-tracker"],"sourceTypes":["research_verified"],"valueKind":"reported"},"totalUnitCount":1},"operatingCapacityMw":13.3,"operatingCapacityMwByTechnology":{"solar":13.3},"plannedCapacityCoverage":{"coveragePercent":0.0,"knownUnitCount":0,"method":"unavailable","totalUnitCount":0},"plannedCapacityMw":0.0,"plannedCapacityMwByTechnology":{},"recordCount":1,"recordIds":["wattlas-record-gemunit-g100001078837"],"sourceIds":["gem-global-integrated-power-tracker"],"sourceUrl":"https://www.gem.wiki/Emek_Hamaayanot_Regional_Council_(Jordan)_solar_project_II","technologies":["solar"],"technologyMixMw":{"solar":13.3},"unitCount":1,"unitIds":["gem-unit-G100001078837"]},"type":"Feature"},{"geometry":{"coordinates":[35.5725,32.5944],"type":"Point"},"id":"wattlas-plant-gemplant-l100001069056","properties":{"aliases":["--","Emek Hamaayanot Regional Council (Jordan) solar project III"],"canonicalAnchor":"gemplant:L100001069056","canonicalCountryKey":"IL","capacityMw":6.7,"country":"IL","externalIds":{"gemPlant":"L100001069056","gemUnit":"G100001078842"},"gemWikiUrl":"https://www.gem.wiki/Emek_Hamaayanot_Regional_Council_(Jordan)_solar_project_III","geographyId":"IL-19161824B91089536365577","id":"wattlas-plant-gemplant-l100001069056","lifecycleCounts":{"operational":1},"locationPrecision":"exact","name":"Emek Hamaayanot Regional Council (Jordan) solar project III","operatingCapacityCoverage":{"coveragePercent":100.0,"knownUnitCount":1,"method":"complete_unit_sum","provenance":{"evidenceCount":0,"recordIds":["wattlas-record-gemunit-g100001078842"],"sourceIds":["gem-global-integrated-power-tracker"],"sourceTypes":["research_verified"],"valueKind":"reported"},"totalUnitCount":1},"operatingCapacityMw":6.7,"operatingCapacityMwByTechnology":{"solar":6.7},"plannedCapacityCoverage":{"coveragePercent":0.0,"knownUnitCount":0,"method":"unavailable","totalUnitCount":0},"plannedCapacityMw":0.0,"plannedCapacityMwByTechnology":{},"recordCount":1,"recordIds":["wattlas-record-gemunit-g100001078842"],"sourceIds":["gem-global-integrated-power-tracker"],"sourceUrl":"https://www.gem.wiki/Emek_Hamaayanot_Regional_Council_(Jordan)_solar_project_III","technologies":["solar"],"technologyMixMw":{"solar":6.7},"unitCount":1,"unitIds":["gem-unit-G100001078842"]},"type":"Feature"},{"geometry":{"coordinates":[34.683706,30.970827],"type":"Point"},"id":"wattlas-plant-osm-relation-10824374","properties":{"aliases":["Ashalim A"],"canonicalAnchor":"osm:relation/10824374","canonicalCountryKey":"IL","capacityMw":121.0,"country":"IL","externalIds":{"osm":"relation/10824374"},"geographyId":"IL-19161824B24193204184747","id":"wattlas-plant-osm-relation-10824374","lifecycleCounts":{"operational":1},"locationPrecision":"exact","name":"Ashalim A","operatingCapacityCoverage":{"coveragePercent":100.0,"knownUnitCount":0,"method":"plant_aggregate","provenance":{"evidenceCount":0,"recordIds":["wattlas-record-osm-relation-10824374"],"sourceIds":["openstreetmap-power"],"sourceTypes":["community_mapped"],"valueKind":"reported"},"totalUnitCount":0},"operatingCapacityMw":121.0,"operatingCapacityMwByTechnology":{"solar":121.0},"plannedCapacityCoverage":{"coveragePercent":0.0,"knownUnitCount":0,"method":"unavailable","totalUnitCount":0},"plannedCapacityMw":0.0,"plannedCapacityMwByTechnology":{},"recordCount":1,"recordIds":["wattlas-record-osm-relation-10824374"],"sourceIds":["openstreetmap-power"],"sourceUrl":"https://www.openstreetmap.org/relation/10824374","technologies":["solar"],"technologyMixMw":{"solar":121.0},"unitCount":0,"unitIds":[]},"type":"Feature"},{"geometry":{"coordinates":[34.677355,31.713291],"type":"Point"},"id":"wattlas-plant-osm-relation-12312800","properties":{"aliases":["מתקן פוטו-וולטאי זמורות"],"canonicalAnchor":"osm:relation/12312800","canonicalCountryKey":"IL","capacityMw":50.0,"country":"IL","externalIds":{"osm":"relation/12312800"},"geographyId":"IL-19161824B24193204184747","id":"wattlas-plant-osm-relation-12312800","lifecycleCounts":{"operational":1},"locationPrecision":"exact","name":"מתקן פוטו-וולטאי זמורות","operatingCapacityCoverage":{"coveragePercent":100.0,"knownUnitCount":0,"method":"plant_aggregate","provenance":{"evidenceCount":0,"recordIds":["wattlas-record-osm-relation-12312800"],"sourceIds":["openstreetmap-power"],"sourceTypes":["community_mapped"],"valueKind":"reported"},"totalUnitCount":0},"operatingCapacityMw":50.0,"operatingCapacityMwByTechnology":{"solar":50.0},"plannedCapacityCoverage":{"coveragePercent":0.0,"knownUnitCount":0,"method":"unavailable","totalUnitCount":0},"plannedCapacityMw":0.0,"plannedCapacityMwByTechnology":{},"recordCount":1,"recordIds":["wattlas-record-osm-relation-12312800"],"sourceIds":["openstreetmap-power"],"sourceUrl":"https://www.openstreetmap.org/relation/12312800","technologies":["solar"],"technologyMixMw":{"solar":50.0},"unitCount":0,"unitIds":[]},"type":"Feature"},{"geometry":{"coordinates":[35.556328,32.45489],"type":"Point"},"id":"wattlas-plant-osm-relation-12383057","properties":{"aliases":["מתקנים פוטו-וולטאיים כפר רופין"],"canonicalAnchor":"osm:relation/12383057","canonicalCountryKey":"IL","capacityMw":0.0,"country":"IL","externalIds":{"osm":"relation/12383057"},"geographyId":"IL-19161824B91089536365577","id":"wattlas-plant-osm-relation-12383057","lifecycleCounts":{"operational":1},"locationPrecision":"exact","name":"מתקנים פוטו-וולטאיים כפר רופין","operatingCapacityCoverage":{"coveragePercent":0.0,"knownUnitCount":0,"method":"unavailable","totalUnitCount":0},"operatingCapacityMw":0.0,"operatingCapacityMwByTechnology":{},"plannedCapacityCoverage":{"coveragePercent":0.0,"knownUnitCount":0,"method":"unavailable","totalUnitCount":0},"plannedCapacityMw":0.0,"plannedCapacityMwByTechnology":{},"recordCount":1,"recordIds":["wattlas-record-osm-relation-12383057"],"sourceIds":["openstreetmap-power"],"sourceUrl":"https://www.openstreetmap.org/relation/12383057","technologies":["solar"],"technologyMixMw":{"solar":0.0},"unitCount":0,"unitIds":[]},"type":"Feature"},{"geometry":{"coordinates":[34.774344,31.663706],"type":"Point"},"id":"wattlas-plant-osm-relation-12628910","properties":{"aliases":["מתקן פוטו-וולטאי מנוחה"],"canonicalAnchor":"osm:relation/12628910","canonicalCountryKey":"IL","capacityMw":0.0,"country":"IL","externalIds":{"osm":"relation/12628910"},"geographyId":"IL-19161824B24193204184747","id":"wattlas-plant-osm-relation-12628910","lifecycleCounts":{"operational":1},"locationPrecision":"exact","name":"מתקן פוטו-וולטאי מנוחה","operatingCapacityCoverage":{"coveragePercent":0.0,"knownUnitCount":0,"method":"unavailable","totalUnitCount":0},"operatingCapacityMw":0.0,"operatingCapacityMwByTechnology":{},"plannedCapacityCoverage":{"coveragePercent":0.0,"knownUnitCount":0,"method":"unavailable","totalUnitCount":0},"plannedCapacityMw":0.0,"plannedCapacityMwByTechnology":{},"recordCount":1,"recordIds":["wattlas-record-osm-relation-12628910"],"sourceIds":["openstreetmap-power"],"sourceUrl":"https://www.openstreetmap.org/relation/12628910","technologies":["solar"],"technologyMixMw":{"solar":0.0},"unitCount":0,"unitIds":[]},"type":"Feature"},{"geometry":{"coordinates":[34.60233,31.499926],"type":"Point"},"id":"wattlas-plant-osm-relation-13623764","properties":{"aliases":["מתקן פוטו-וולטאי גבים"],"canonicalAnchor":"osm:relation/13623764","canonicalCountryKey":"IL","capacityMw":20.0,"country":"IL","externalIds":{"osm":"relation/13623764"},"geographyId":"IL-19161824B24193204184747","id":"wattlas-plant-osm-relation-13623764","lifecycleCounts":{"operational":1},"locationPrecision":"exact","name":"מתקן פוטו-וולטאי גבים","operatingCapacityCoverage":{"coveragePercent":100.0,"knownUnitCount":0,"method":"plant_aggregate","provenance":{"evidenceCount":0,"recordIds":["wattlas-record-osm-relation-13623764"],"sourceIds":["openstreetmap-power"],"sourceTypes":["community_mapped"],"valueKind":"reported"},"totalUnitCount":0},"operatingCapacityMw":20.0,"operatingCapacityMwByTechnology":{"solar":20.0},"plannedCapacityCoverage":{"coveragePercent":0.0,"knownUnitCount":0,"method":"unavailable","totalUnitCount":0},"plannedCapacityMw":0.0,"plannedCapacityMwByTechnology":{},"recordCount":1,"recordIds":["wattlas-record-osm-relation-13623764"],"sourceIds":["openstreetmap-power"],"sourceUrl":"https://www.openstreetmap.org/relation/13623764","technologies":["solar"],"technologyMixMw":{"solar":20.0},"unitCount":0,"unitIds":[]},"type":"Feature"},{"geometry":{"coordinates":[35.427785,32.46788],"type":"Point"},"id":"wattlas-plant-osm-relation-14072085","properties":{"aliases":["Ma'ale Gilboa Renewable Energy Wind Farm"],"canonicalAnchor":"osm:relation/14072085","canonicalCountryKey":"IL","capacityMw":11.9,"country":"IL","externalIds":{"osm":"relation/14072085"},"geographyId":"IL-19161824B91089536365577","id":"wattlas-plant-osm-relation-14072085","lifecycleCounts":{"operational":1},"locationPrecision":"exact","name":"Ma'ale Gilboa Renewable Energy Wind Farm","operatingCapacityCoverage":{"coveragePercent":100.0,"knownUnitCount":0,"method":"plant_aggregate","provenance":{"evidenceCount":0,"recordIds":["wattlas-record-osm-relation-14072085"],"sourceIds":["openstreetmap-power"],"sourceTypes":["community_mapped"],"valueKind":"reported"},"totalUnitCount":0},"operatingCapacityMw":11.9,"operatingCapacityMwByTechnology":{"wind":11.9},"plannedCapacityCoverage":{"coveragePercent":0.0,"knownUnitCount":0,"method":"unavailable","totalUnitCount":0},"plannedCapacityMw":0.0,"plannedCapacityMwByTechnology":{},"recordCount":1,"recordIds":["wattlas-record-osm-relation-14072085"],"sourceIds":["openstreetmap-power"],"sourceUrl":"https://www.openstreetmap.org/relation/14072085","technologies":["wind"],"technologyMixMw":{"wind":11.9},"unitCount":0,"unitIds":[]},"type":"Feature"},{"geometry":{"coordinates":[35.521042,32.652608],"type":"Point"},"id":"wattlas-plant-osm-relation-14072093","properties":{"aliases":["Sirin I wind farm"],"canonicalAnchor":"osm:relation/14072093","canonicalCountryKey":"IL","capacityMw":9.35,"country":"IL","externalIds":{"osm":"relation/14072093"},"geographyId":"IL-19161824B91089536365577","id":"wattlas-plant-osm-relation-14072093","lifecycleCounts":{"operational":1},"locationPrecision":"exact","name":"Sirin I wind farm","operatingCapacityCoverage":{"coveragePercent":100.0,"knownUnitCount":0,"method":"plant_aggregate","provenance":{"evidenceCount":0,"recordIds":["wattlas-record-osm-relation-14072093"],"sourceIds":["openstreetmap-power"],"sourceTypes":["community_mapped"],"valueKind":"reported"},"totalUnitCount":0},"operatingCapacityMw":9.35,"operatingCapacityMwByTechnology":{"wind":9.35},"plannedCapacityCoverage":{"coveragePercent":0.0,"knownUnitCount":0,"method":"unavailable","totalUnitCount":0},"plannedCapacityMw":0.0,"plannedCapacityMwByTechnology":{},"recordCount":1,"recordIds":["wattlas-record-osm-relation-14072093"],"sourceIds":["openstreetmap-power"],"sourceUrl":"https://www.openstreetmap.org/relation/14072093","technologies":["wind"],"technologyMixMw":{"wind":9.35},"unitCount":0,"unitIds":[]},"type":"Feature"},{"geometry":{"coordinates":[34.615758,31.633726],"type":"Point"},"id":"wattlas-plant-osm-relation-18201129","properties":{"aliases":["מתקן פוטו-וולטאי גיאה"],"canonicalAnchor":"osm:relation/18201129","canonicalCountryKey":"IL","capacityMw":0.0,"country":"IL","externalIds":{"osm":"relation/18201129"},"geographyId":"IL-19161824B24193204184747","id":"wattlas-plant-osm-relation-18201129","lifecycleCounts":{"operational":1},"locationPrecision":"exact","name":"מתקן פוטו-וולטאי גיאה","operatingCapacityCoverage":{"coveragePercent":0.0,"knownUnitCount":0,"method":"unavailable","totalUnitCount":0},"operatingCapacityMw":0.0,"operatingCapacityMwByTechnology":{},"plannedCapacityCoverage":{"coveragePercent":0.0,"knownUnitCount":0,"method":"unavailable","totalUnitCount":0},"plannedCapacityMw":0.0,"plannedCapacityMwByTechnology":{},"recordCount":1,"recordIds":["wattlas-record-osm-relation-18201129"],"sourceIds":["openstreetmap-power"],"sourceUrl":"https://www.openstreetmap.org/relation/18201129","technologies":["solar"],"technologyMixMw":{"solar":0.0},"unitCount":0,"unitIds":[]},"type":"Feature"},{"geometry":{"coordinates":[34.801053,31.61739],"type":"Point"},"id":"wattlas-plant-osm-relation-18606620","properties":{"aliases":["מתקן פוטו-וולטאי שדה משה"],"canonicalAnchor":"osm:relation/18606620","canonicalCountryKey":"IL","capacityMw":7.5,"country":"IL","externalIds":{"osm":"relation/18606620"},"geographyId":"IL-19161824B24193204184747","id":"wattlas-plant-osm-relation-18606620","lifecycleCounts":{"operational":1},"locationPrecision":"exact","name":"מתקן פוטו-וולטאי שדה משה","operatingCapacityCoverage":{"coveragePercent":100.0,"knownUnitCount":0,"method":"plant_aggregate","provenance":{"evidenceCount":0,"recordIds":["wattlas-record-osm-relation-18606620"],"sourceIds":["openstreetmap-power"],"sourceTypes":["community_mapped"],"valueKind":"reported"},"totalUnitCount":0},"operatingCapacityMw":7.5,"operatingCapacityMwByTechnology":{"solar":7.5},"plannedCapacityCoverage":{"coveragePercent":0.0,"knownUnitCount":0,"method":"unavailable","totalUnitCount":0},"plannedCapacityMw":0.0,"plannedCapacityMwByTechnology":{},"recordCount":1,"recordIds":["wattlas-record-osm-relation-18606620"],"sourceIds":["openstreetmap-power"],"sourceUrl":"https://www.openstreetmap.org/relation/18606620","technologies":["solar"],"technologyMixMw":{"solar":7.5},"unitCount":0,"unitIds":[]},"type":"Feature"},{"geometry":{"coordinates":[35.139314,31.263262],"type":"Point"},"id":"wattlas-plant-osm-relation-20806369","properties":{"aliases":["Mapped power plant · OSM 20806369"],"canonicalAnchor":"osm:relation/20806369","canonicalCountryKey":"IL","capacityMw":42.0,"country":"IL","externalIds":{"osm":"relation/20806369"},"geographyId":"IL-19161824B24193204184747","id":"wattlas-plant-osm-relation-20806369","lifecycleCounts":{"operational":1},"locationPrecision":"exact","name":"Mapped power plant · OSM 20806369","operatingCapacityCoverage":{"coveragePercent":100.0,"knownUnitCount":0,"method":"plant_aggregate","provenance":{"evidenceCount":0,"recordIds":["wattlas-record-osm-relation-20806369"],"sourceIds":["openstreetmap-power"],"sourceTypes":["community_mapped"],"valueKind":"reported"},"totalUnitCount":0},"operatingCapacityMw":42.0,"operatingCapacityMwByTechnology":{"solar":42.0},"plannedCapacityCoverage":{"coveragePercent":0.0,"knownUnitCount":0,"method":"unavailable","totalUnitCount":0},"plannedCapacityMw":0.0,"plannedCapacityMwByTechnology":{},"recordCount":1,"recordIds":["wattlas-record-osm-relation-20806369"],"sourceIds":["openstreetmap-power"],"sourceUrl":"https://www.openstreetmap.org/relation/20806369","technologies":["solar"],"technologyMixMw":{"solar":42.0},"unitCount":0,"unitIds":[]},"type":"Feature"},{"geometry":{"coordinates":[34.920661,32.593478],"type":"Point"},"id":"wattlas-plant-osm-way-1006928470","properties":{"aliases":["מפעלי אסדת הגז"],"canonicalAnchor":"osm:way/1006928470","canonicalCountryKey":"IL","capacityMw":0.0,"country":"IL","externalIds":{"osm":"way/1006928470"},"geographyId":"IL-19161824B12012272353046","id":"wattlas-plant-osm-way-1006928470","lifecycleCounts":{"operational":1},"locationPrecision":"exact","name":"מפעלי אסדת הגז","operatingCapacityCoverage":{"coveragePercent":0.0,"knownUnitCount":0,"method":"unavailable","totalUnitCount":0},"operatingCapacityMw":0.0,"operatingCapacityMwByTechnology":{},"plannedCapacityCoverage":{"coveragePercent":0.0,"knownUnitCount":0,"method":"unavailable","totalUnitCount":0},"plannedCapacityMw":0.0,"plannedCapacityMwByTechnology":{},"recordCount":1,"recordIds":["wattlas-record-osm-way-1006928470"],"sourceIds":["openstreetmap-power"],"sourceUrl":"https://www.openstreetmap.org/way/1006928470","technologies":["gas"],"technologyMixMw":{"gas":0.0},"unitCount":0,"unitIds":[]},"type":"Feature"},{"geometry":{"coordinates":[34.623566,31.702634],"type":"Point"},"id":"wattlas-plant-osm-way-1030139087","properties":{"aliases":["מתקן פוטו-וולטאי גאליה"],"canonicalAnchor":"osm:way/1030139087","canonicalCountryKey":"IL","capacityMw":0.0,"country":"IL","externalIds":{"osm":"way/1030139087"},"geographyId":"IL-19161824B24193204184747","id":"wattlas-plant-osm-way-1030139087","lifecycleCounts":{"operational":1},"locationPrecision":"exact","name":"מתקן פוטו-וולטאי גאליה","operatingCapacityCoverage":{"coveragePercent":0.0,"knownUnitCount":0,"method":"unavailable","totalUnitCount":0},"operatingCapacityMw":0.0,"operatingCapacityMwByTechnology":{},"plannedCapacityCoverage":{"coveragePercent":0.0,"knownUnitCount":0,"method":"unavailable","totalUnitCount":0},"plannedCapacityMw":0.0,"plannedCapacityMwByTechnology":{},"recordCount":1,"recordIds":["wattlas-record-osm-way-1030139087"],"sourceIds":["openstreetmap-power"],"sourceUrl":"https://www.openstreetmap.org/way/1030139087","technologies":["solar"],"technologyMixMw":{"solar":0.0},"unitCount":0,"unitIds":[]},"type":"Feature"},{"geometry":{"coordinates":[34.916184,32.452824],"type":"Point"},"id":"wattlas-plant-osm-way-1085393432","properties":{"aliases":["Hadera Power Plant"],"canonicalAnchor":"osm:way/1085393432","canonicalCountryKey":"IL","capacityMw":144.0,"country":"IL","externalIds":{"osm":"way/1085393432"},"geographyId":"IL-19161824B12012272353046","id":"wattlas-plant-osm-way-1085393432","lifecycleCounts":{"operational":1},"locationPrecision":"exact","name":"Hadera Power Plant","operatingCapacityCoverage":{"coveragePercent":100.0,"knownUnitCount":0,"method":"plant_aggregate","provenance":{"evidenceCount":0,"recordIds":["wattlas-record-osm-way-1085393432"],"sourceIds":["openstreetmap-power"],"sourceTypes":["community_mapped"],"valueKind":"reported"},"totalUnitCount":0},"operatingCapacityMw":144.0,"operatingCapacityMwByTechnology":{"gas":144.0},"plannedCapacityCoverage":{"coveragePercent":0.0,"knownUnitCount":0,"method":"unavailable","totalUnitCount":0},"plannedCapacityMw":0.0,"plannedCapacityMwByTechnology":{},"recordCount":1,"recordIds":["wattlas-record-osm-way-1085393432"],"sourceIds":["openstreetmap-power"],"sourceUrl":"https://www.openstreetmap.org/way/1085393432","technologies":["gas"],"technologyMixMw":{"gas":144.0},"unitCount":0,"unitIds":[]},"type":"Feature"},{"geometry":{"coordinates":[34.680563,31.841958],"type":"Point"},"id":"wattlas-plant-osm-way-1096751735","properties":{"aliases":["Ashdod Refinery Power Station"],"canonicalAnchor":"osm:way/1096751735","canonicalCountryKey":"IL","capacityMw":60.0,"country":"IL","externalIds":{"osm":"way/1096751735"},"geographyId":"IL-19161824B24193204184747","id":"wattlas-plant-osm-way-1096751735","lifecycleCounts":{"operational":1},"locationPrecision":"exact","name":"Ashdod Refinery Power Station","operatingCapacityCoverage":{"coveragePercent":100.0,"knownUnitCount":0,"method":"plant_aggregate","provenance":{"evidenceCount":0,"recordIds":["wattlas-record-osm-way-1096751735"],"sourceIds":["openstreetmap-power"],"sourceTypes":["community_mapped"],"valueKind":"reported"},"totalUnitCount":0},"operatingCapacityMw":60.0,"operatingCapacityMwByTechnology":{"gas":60.0},"plannedCapacityCoverage":{"coveragePercent":0.0,"knownUnitCount":0,"method":"unavailable","totalUnitCount":0},"plannedCapacityMw":0.0,"plannedCapacityMwByTechnology":{},"recordCount":1,"recordIds":["wattlas-record-osm-way-1096751735"],"sourceIds":["openstreetmap-power"],"sourceUrl":"https://www.openstreetmap.org/way/1096751735","technologies":["gas"],"technologyMixMw":{"gas":60.0},"unitCount":0,"unitIds":[]},"type":"Feature"},{"geometry":{"coordinates":[34.752961,31.721533],"type":"Point"},"id":"wattlas-plant-osm-way-1097397775","properties":{"aliases":["IPM Be'er Tuvia Power Plant"],"canonicalAnchor":"osm:way/1097397775","canonicalCountryKey":"IL","capacityMw":451.0,"country":"IL","externalIds":{"osm":"way/1097397775"},"geographyId":"IL-19161824B24193204184747","id":"wattlas-plant-osm-way-1097397775","lifecycleCounts":{"operational":1},"locationPrecision":"exact","name":"IPM Be'er Tuvia Power Plant","operatingCapacityCoverage":{"coveragePercent":100.0,"knownUnitCount":0,"method":"plant_aggregate","provenance":{"evidenceCount":0,"recordIds":["wattlas-record-osm-way-1097397775"],"sourceIds":["openstreetmap-power"],"sourceTypes":["community_mapped"],"valueKind":"reported"},"totalUnitCount":0},"operatingCapacityMw":451.0,"operatingCapacityMwByTechnology":{"gas":451.0},"plannedCapacityCoverage":{"coveragePercent":0.0,"knownUnitCount":0,"method":"unavailable","totalUnitCount":0},"plannedCapacityMw":0.0,"plannedCapacityMwByTechnology":{},"recordCount":1,"recordIds":["wattlas-record-osm-way-1097397775"],"sourceIds":["openstreetmap-power"],"sourceUrl":"https://www.openstreetmap.org/way/1097397775","technologies":["gas"],"technologyMixMw":{"gas":451.0},"unitCount":0,"unitIds":[]},"type":"Feature"},{"geometry":{"coordinates":[34.585616,31.338898],"type":"Point"},"id":"wattlas-plant-osm-way-1126429246","properties":{"aliases":["מתקן פוטו-וולטאי רנן"],"canonicalAnchor":"osm:way/1126429246","canonicalCountryKey":"IL","capacityMw":0.0,"country":"IL","externalIds":{"osm":"way/1126429246"},"geographyId":"IL-19161824B24193204184747","id":"wattlas-plant-osm-way-1126429246","lifecycleCounts":{"operational":1},"locationPrecision":"exact","name":"מתקן פוטו-וולטאי רנן","operatingCapacityCoverage":{"coveragePercent":0.0,"knownUnitCount":0,"method":"unavailable","totalUnitCount":0},"operatingCapacityMw":0.0,"operatingCapacityMwByTechnology":{},"plannedCapacityCoverage":{"coveragePercent":0.0,"knownUnitCount":0,"method":"unavailable","totalUnitCount":0},"plannedCapacityMw":0.0,"plannedCapacityMwByTechnology":{},"recordCount":1,"recordIds":["wattlas-record-osm-way-1126429246"],"sourceIds":["openstreetmap-power"],"sourceUrl":"https://www.openstreetmap.org/way/1126429246","technologies":["solar"],"technologyMixMw":{"solar":0.0},"unitCount":0,"unitIds":[]},"type":"Feature"},{"geometry":{"coordinates":[34.891283,31.913991],"type":"Point"},"id":"wattlas-plant-osm-way-1136277804","properties":{"aliases":["תחנת כח נשר רמלה"],"canonicalAnchor":"osm:way/1136277804","canonicalCountryKey":"IL","capacityMw":120.0,"country":"IL","externalIds":{"osm":"way/1136277804"},"geographyId":"IL-19161824B470428506180","id":"wattlas-plant-osm-way-1136277804","lifecycleCounts":{"operational":1},"locationPrecision":"exact","name":"תחנת כח נשר רמלה","operatingCapacityCoverage":{"coveragePercent":100.0,"knownUnitCount":0,"method":"plant_aggregate","provenance":{"evidenceCount":0,"recordIds":["wattlas-record-osm-way-1136277804"],"sourceIds":["openstreetmap-power"],"sourceTypes":["community_mapped"],"valueKind":"reported"},"totalUnitCount":0},"operatingCapacityMw":120.0,"operatingCapacityMwByTechnology":{"gas":120.0},"plannedCapacityCoverage":{"coveragePercent":0.0,"knownUnitCount":0,"method":"unavailable","totalUnitCount":0},"plannedCapacityMw":0.0,"plannedCapacityMwByTechnology":{},"recordCount":1,"recordIds":["wattlas-record-osm-way-1136277804"],"sourceIds":["openstreetmap-power"],"sourceUrl":"https://www.openstreetmap.org/way/1136277804","technologies":["gas"],"technologyMixMw":{"gas":120.0},"unitCount":0,"unitIds":[]},"type":"Feature"},{"geometry":{"coordinates":[34.753013,31.440427],"type":"Point"},"id":"wattlas-plant-osm-way-1155985284","properties":{"aliases":["מתקן פוטו-וולטאי בית קמה"],"canonicalAnchor":"osm:way/1155985284","canonicalCountryKey":"IL","capacityMw":0.0,"country":"IL","externalIds":{"osm":"way/1155985284"},"geographyId":"IL-19161824B24193204184747","id":"wattlas-plant-osm-way-1155985284","lifecycleCounts":{"operational":1},"locationPrecision":"exact","name":"מתקן פוטו-וולטאי בית קמה","operatingCapacityCoverage":{"coveragePercent":0.0,"knownUnitCount":0,"method":"unavailable","totalUnitCount":0},"operatingCapacityMw":0.0,"operatingCapacityMwByTechnology":{},"plannedCapacityCoverage":{"coveragePercent":0.0,"knownUnitCount":0,"method":"unavailable","totalUnitCount":0},"plannedCapacityMw":0.0,"plannedCapacityMwByTechnology":{},"recordCount":1,"recordIds":["wattlas-record-osm-way-1155985284"],"sourceIds":["openstreetmap-power"],"sourceUrl":"https://www.openstreetmap.org/way/1155985284","technologies":["solar"],"technologyMixMw":{"solar":0.0},"unitCount":0,"unitIds":[]},"type":"Feature"},{"geometry":{"coordinates":[34.610791,31.482037],"type":"Point"},"id":"wattlas-plant-osm-way-1191443062","properties":{"aliases":["מתקן פוטו-וולטאי יכיני"],"canonicalAnchor":"osm:way/1191443062","canonicalCountryKey":"IL","capacityMw":67.0,"country":"IL","externalIds":{"osm":"way/1191443062"},"geographyId":"IL-19161824B24193204184747","id":"wattlas-plant-osm-way-1191443062","lifecycleCounts":{"operational":1},"locationPrecision":"exact","name":"מתקן פוטו-וולטאי יכיני","operatingCapacityCoverage":{"coveragePercent":100.0,"knownUnitCount":0,"method":"plant_aggregate","provenance":{"evidenceCount":0,"recordIds":["wattlas-record-osm-way-1191443062"],"sourceIds":["openstreetmap-power"],"sourceTypes":["community_mapped"],"valueKind":"reported"},"totalUnitCount":0},"operatingCapacityMw":67.0,"operatingCapacityMwByTechnology":{"solar":67.0},"plannedCapacityCoverage":{"coveragePercent":0.0,"knownUnitCount":0,"method":"unavailable","totalUnitCount":0},"plannedCapacityMw":0.0,"plannedCapacityMwByTechnology":{},"recordCount":1,"recordIds":["wattlas-record-osm-way-1191443062"],"sourceIds":["openstreetmap-power"],"sourceUrl":"https://www.openstreetmap.org/way/1191443062","technologies":["solar"],"technologyMixMw":{"solar":67.0},"unitCount":0,"unitIds":[]},"type":"Feature"},{"geometry":{"coordinates":[34.726914,31.443875],"type":"Point"},"id":"wattlas-plant-osm-way-1209862276","properties":{"aliases":["מתקן פוטו-וולטאי שדה צבי"],"canonicalAnchor":"osm:way/1209862276","canonicalCountryKey":"IL","capacityMw":0.0,"country":"IL","externalIds":{"osm":"way/1209862276"},"geographyId":"IL-19161824B24193204184747","id":"wattlas-plant-osm-way-1209862276","lifecycleCounts":{"operational":1},"locationPrecision":"exact","name":"מתקן פוטו-וולטאי שדה צבי","operatingCapacityCoverage":{"coveragePercent":0.0,"knownUnitCount":0,"method":"unavailable","totalUnitCount":0},"operatingCapacityMw":0.0,"operatingCapacityMwByTechnology":{},"plannedCapacityCoverage":{"coveragePercent":0.0,"knownUnitCount":0,"method":"unavailable","totalUnitCount":0},"plannedCapacityMw":0.0,"plannedCapacityMwByTechnology":{},"recordCount":1,"recordIds":["wattlas-record-osm-way-1209862276"],"sourceIds":["openstreetmap-power"],"sourceUrl":"https://www.openstreetmap.org/way/1209862276","technologies":["solar"],"technologyMixMw":{"solar":0.0},"unitCount":0,"unitIds":[]},"type":"Feature"},{"geometry":{"coordinates":[35.368295,32.62896],"type":"Point"},"id":"wattlas-plant-osm-way-1216308712","properties":{"aliases":["Mapped power plant · OSM 1216308712"],"canonicalAnchor":"osm:way/1216308712","canonicalCountryKey":"IL","capacityMw":75.0,"country":"IL","externalIds":{"osm":"way/1216308712"},"geographyId":"IL-19161824B91089536365577","id":"wattlas-plant-osm-way-1216308712","lifecycleCounts":{"operational":1},"locationPrecision":"exact","name":"Mapped power plant · OSM 1216308712","operatingCapacityCoverage":{"coveragePercent":100.0,"knownUnitCount":0,"method":"plant_aggregate","provenance":{"evidenceCount":0,"recordIds":["wattlas-record-osm-way-1216308712"],"sourceIds":["openstreetmap-power"],"sourceTypes":["community_mapped"],"valueKind":"reported"},"totalUnitCount":0},"operatingCapacityMw":75.0,"operatingCapacityMwByTechnology":{"gas":75.0},"plannedCapacityCoverage":{"coveragePercent":0.0,"knownUnitCount":0,"method":"unavailable","totalUnitCount":0},"plannedCapacityMw":0.0,"plannedCapacityMwByTechnology":{},"recordCount":1,"recordIds":["wattlas-record-osm-way-1216308712"],"sourceIds":["openstreetmap-power"],"sourceUrl":"https://www.openstreetmap.org/way/1216308712","technologies":["gas"],"technologyMixMw":{"gas":75.0},"unitCount":0,"unitIds":[]},"type":"Feature"},{"geometry":{"coordinates":[35.541315,32.598254],"type":"Point"},"id":"wattlas-plant-osm-way-1277612118","properties":{"aliases":["Kokhav Hayarden Pumped Storage"],"canonicalAnchor":"osm:way/1277612118","canonicalCountryKey":"IL","capacityMw":344.0,"country":"IL","externalIds":{"osm":"way/1277612118","wikipedia":"en:Kokhav Hayarden Pumped Storage Power Station"},"geographyId":"IL-19161824B91089536365577","id":"wattlas-plant-osm-way-1277612118","idAliases":["wattlas-plant-wikipedia-en-kokhav-hayarden-pumped-storage-power-station"],"lifecycleCounts":{"operational":1},"locationPrecision":"exact","name":"Kokhav Hayarden Pumped Storage","operatingCapacityCoverage":{"coveragePercent":100.0,"knownUnitCount":0,"method":"plant_aggregate","provenance":{"evidenceCount":0,"recordIds":["wattlas-record-osm-way-1277612118"],"sourceIds":["openstreetmap-power"],"sourceTypes":["community_mapped"],"valueKind":"reported"},"totalUnitCount":0},"operatingCapacityMw":344.0,"operatingCapacityMwByTechnology":{"hydro":344.0},"plannedCapacityCoverage":{"coveragePercent":0.0,"knownUnitCount":0,"method":"unavailable","totalUnitCount":0},"plannedCapacityMw":0.0,"plannedCapacityMwByTechnology":{},"recordCount":1,"recordIds":["wattlas-record-osm-way-1277612118"],"sourceIds":["openstreetmap-power"],"sourceUrl":"https://www.openstreetmap.org/way/1277612118","technologies":["hydro"],"technologyMixMw":{"hydro":344.0},"unitCount":0,"unitIds":[]},"type":"Feature"},{"geometry":{"coordinates":[34.941538,32.640411],"type":"Point"},"id":"wattlas-plant-osm-way-1284116560","properties":{"aliases":["Mapped power plant · OSM 1284116560"],"canonicalAnchor":"osm:way/1284116560","canonicalCountryKey":"IL","capacityMw":23.0,"country":"IL","externalIds":{"osm":"way/1284116560"},"geographyId":"IL-19161824B12012272353046","id":"wattlas-plant-osm-way-1284116560","lifecycleCounts":{"operational":1},"locationPrecision":"exact","name":"Mapped power plant · OSM 1284116560","operatingCapacityCoverage":{"coveragePercent":100.0,"knownUnitCount":0,"method":"plant_aggregate","provenance":{"evidenceCount":0,"recordIds":["wattlas-record-osm-way-1284116560"],"sourceIds":["openstreetmap-power"],"sourceTypes":["community_mapped"],"valueKind":"reported"},"totalUnitCount":0},"operatingCapacityMw":23.0,"operatingCapacityMwByTechnology":{"solar":23.0},"plannedCapacityCoverage":{"coveragePercent":0.0,"knownUnitCount":0,"method":"unavailable","totalUnitCount":0},"plannedCapacityMw":0.0,"plannedCapacityMwByTechnology":{},"recordCount":1,"recordIds":["wattlas-record-osm-way-1284116560"],"sourceIds":["openstreetmap-power"],"sourceUrl":"https://www.openstreetmap.org/way/1284116560","technologies":["solar"],"technologyMixMw":{"solar":23.0},"unitCount":0,"unitIds":[]},"type":"Feature"},{"geometry":{"coordinates":[34.669809,31.569914],"type":"Point"},"id":"wattlas-plant-osm-way-1296016557","properties":{"aliases":["מתקן-פוטו וולטאי תלמים"],"canonicalAnchor":"osm:way/1296016557","canonicalCountryKey":"IL","capacityMw":8.8,"country":"IL","externalIds":{"osm":"way/1296016557"},"geographyId":"IL-19161824B24193204184747","id":"wattlas-plant-osm-way-1296016557","lifecycleCounts":{"operational":1},"locationPrecision":"exact","name":"מתקן-פוטו וולטאי תלמים","operatingCapacityCoverage":{"coveragePercent":100.0,"knownUnitCount":0,"method":"plant_aggregate","provenance":{"evidenceCount":0,"recordIds":["wattlas-record-osm-way-1296016557"],"sourceIds":["openstreetmap-power"],"sourceTypes":["community_mapped"],"valueKind":"reported"},"totalUnitCount":0},"operatingCapacityMw":8.8,"operatingCapacityMwByTechnology":{"solar":8.8},"plannedCapacityCoverage":{"coveragePercent":0.0,"knownUnitCount":0,"method":"unavailable","totalUnitCount":0},"plannedCapacityMw":0.0,"plannedCapacityMwByTechnology":{},"recordCount":1,"recordIds":["wattlas-record-osm-way-1296016557"],"sourceIds":["openstreetmap-power"],"sourceUrl":"https://www.openstreetmap.org/way/1296016557","technologies":["solar"],"technologyMixMw":{"solar":8.8},"unitCount":0,"unitIds":[]},"type":"Feature"},{"geometry":{"coordinates":[35.516152,32.515903],"type":"Point"},"id":"wattlas-plant-osm-way-1318085015","properties":{"aliases":["Mapped power plant · OSM 1318085015"],"canonicalAnchor":"osm:way/1318085015","canonicalCountryKey":"IL","capacityMw":16.0,"country":"IL","externalIds":{"osm":"way/1318085015"},"geographyId":"IL-19161824B91089536365577","id":"wattlas-plant-osm-way-1318085015","lifecycleCounts":{"operational":1},"locationPrecision":"exact","name":"Mapped power plant · OSM 1318085015","operatingCapacityCoverage":{"coveragePercent":100.0,"knownUnitCount":0,"method":"plant_aggregate","provenance":{"evidenceCount":0,"recordIds":["wattlas-record-osm-way-1318085015"],"sourceIds":["openstreetmap-power"],"sourceTypes":["community_mapped"],"valueKind":"reported"},"totalUnitCount":0},"operatingCapacityMw":16.0,"operatingCapacityMwByTechnology":{"solar":16.0},"plannedCapacityCoverage":{"coveragePercent":0.0,"knownUnitCount":0,"method":"unavailable","totalUnitCount":0},"plannedCapacityMw":0.0,"plannedCapacityMwByTechnology":{},"recordCount":1,"recordIds":["wattlas-record-osm-way-1318085015"],"sourceIds":["openstreetmap-power"],"sourceUrl":"https://www.openstreetmap.org/way/1318085015","technologies":["solar"],"technologyMixMw":{"solar":16.0},"unitCount":0,"unitIds":[]},"type":"Feature"},{"geometry":{"coordinates":[34.742614,31.628721],"type":"Point"},"id":"wattlas-plant-osm-way-1320484342","properties":{"aliases":["Mapped power plant · OSM 1320484342"],"canonicalAnchor":"osm:way/1320484342","canonicalCountryKey":"IL","capacityMw":396.0,"country":"IL","externalIds":{"osm":"way/1320484342"},"geographyId":"IL-19161824B24193204184747","id":"wattlas-plant-osm-way-1320484342","lifecycleCounts":{"operational":1},"locationPrecision":"exact","name":"Mapped power plant · OSM 1320484342","operatingCapacityCoverage":{"coveragePercent":100.0,"knownUnitCount":0,"method":"plant_aggregate","provenance":{"evidenceCount":0,"recordIds":["wattlas-record-osm-way-1320484342"],"sourceIds":["openstreetmap-power"],"sourceTypes":["community_mapped"],"valueKind":"reported"},"totalUnitCount":0},"operatingCapacityMw":396.0,"operatingCapacityMwByTechnology":{"gas":396.0},"plannedCapacityCoverage":{"coveragePercent":0.0,"knownUnitCount":0,"method":"unavailable","totalUnitCount":0},"plannedCapacityMw":0.0,"plannedCapacityMwByTechnology":{},"recordCount":1,"recordIds":["wattlas-record-osm-way-1320484342"],"sourceIds":["openstreetmap-power"],"sourceUrl":"https://www.openstreetmap.org/way/1320484342","technologies":["gas"],"technologyMixMw":{"gas":396.0},"unitCount":0,"unitIds":[]},"type":"Feature"},{"geometry":{"coordinates":[34.667908,30.966583],"type":"Point"},"id":"wattlas-plant-osm-way-1321423023","properties":{"aliases":["Mapped power plant · OSM 1321423023"],"canonicalAnchor":"osm:way/1321423023","canonicalCountryKey":"IL","capacityMw":40.0,"country":"IL","externalIds":{"osm":"way/1321423023"},"geographyId":"IL-19161824B24193204184747","id":"wattlas-plant-osm-way-1321423023","lifecycleCounts":{"operational":1},"locationPrecision":"exact","name":"Mapped power plant · OSM 1321423023","operatingCapacityCoverage":{"coveragePercent":100.0,"knownUnitCount":0,"method":"plant_aggregate","provenance":{"evidenceCount":0,"recordIds":["wattlas-record-osm-way-1321423023"],"sourceIds":["openstreetmap-power"],"sourceTypes":["community_mapped"],"valueKind":"reported"},"totalUnitCount":0},"operatingCapacityMw":40.0,"operatingCapacityMwByTechnology":{"solar":40.0},"plannedCapacityCoverage":{"coveragePercent":0.0,"knownUnitCount":0,"method":"unavailable","totalUnitCount":0},"plannedCapacityMw":0.0,"plannedCapacityMwByTechnology":{},"recordCount":1,"recordIds":["wattlas-record-osm-way-1321423023"],"sourceIds":["openstreetmap-power"],"sourceUrl":"https://www.openstreetmap.org/way/1321423023","technologies":["solar"],"technologyMixMw":{"solar":40.0},"unitCount":0,"unitIds":[]},"type":"Feature"},{"geometry":{"coordinates":[34.601379,31.308544],"type":"Point"},"id":"wattlas-plant-osm-way-1327576742","properties":{"aliases":["מתקן פוטו-וולטאי פדויים 2"],"canonicalAnchor":"osm:way/1327576742","canonicalCountryKey":"IL","capacityMw":0.0,"country":"IL","externalIds":{"osm":"way/1327576742"},"geographyId":"IL-19161824B24193204184747","id":"wattlas-plant-osm-way-1327576742","lifecycleCounts":{"operational":1},"locationPrecision":"exact","name":"מתקן פוטו-וולטאי פדויים 2","operatingCapacityCoverage":{"coveragePercent":0.0,"knownUnitCount":0,"method":"unavailable","totalUnitCount":0},"operatingCapacityMw":0.0,"operatingCapacityMwByTechnology":{},"plannedCapacityCoverage":{"coveragePercent":0.0,"knownUnitCount":0,"method":"unavailable","totalUnitCount":0},"plannedCapacityMw":0.0,"plannedCapacityMwByTechnology":{},"recordCount":1,"recordIds":["wattlas-record-osm-way-1327576742"],"sourceIds":["openstreetmap-power"],"sourceUrl":"https://www.openstreetmap.org/way/1327576742","technologies":["solar"],"technologyMixMw":{"solar":0.0},"unitCount":0,"unitIds":[]},"type":"Feature"},{"geometry":{"coordinates":[35.059719,29.964764],"type":"Point"},"id":"wattlas-plant-osm-way-142387694","properties":{"aliases":["Mapped power plant · OSM 142387694"],"canonicalAnchor":"osm:way/142387694","canonicalCountryKey":"IL","capacityMw":4.95,"country":"IL","externalIds":{"osm":"way/142387694"},"geographyId":"IL-19161824B24193204184747","id":"wattlas-plant-osm-way-142387694","lifecycleCounts":{"operational":1},"locationPrecision":"exact","name":"Mapped power plant · OSM 142387694","operatingCapacityCoverage":{"coveragePercent":100.0,"knownUnitCount":0,"method":"plant_aggregate","provenance":{"evidenceCount":0,"recordIds":["wattlas-record-osm-way-142387694"],"sourceIds":["openstreetmap-power"],"sourceTypes":["community_mapped"],"valueKind":"reported"},"totalUnitCount":0},"operatingCapacityMw":4.95,"operatingCapacityMwByTechnology":{"solar":4.95},"plannedCapacityCoverage":{"coveragePercent":0.0,"knownUnitCount":0,"method":"unavailable","totalUnitCount":0},"plannedCapacityMw":0.0,"plannedCapacityMwByTechnology":{},"recordCount":1,"recordIds":["wattlas-record-osm-way-142387694"],"sourceIds":["openstreetmap-power"],"sourceUrl":"https://www.openstreetmap.org/way/142387694","technologies":["solar"],"technologyMixMw":{"solar":4.95},"unitCount":0,"unitIds":[]},"type":"Feature"},{"geometry":{"coordinates":[34.65903,31.838616],"type":"Point"},"id":"wattlas-plant-osm-way-1434183218","properties":{"aliases":["Mapped power plant · OSM 1434183218"],"canonicalAnchor":"osm:way/1434183218","canonicalCountryKey":"IL","capacityMw":189.0,"country":"IL","externalIds":{"osm":"way/1434183218"},"geographyId":"IL-19161824B24193204184747","id":"wattlas-plant-osm-way-1434183218","lifecycleCounts":{"operational":1},"locationPrecision":"exact","name":"Mapped power plant · OSM 1434183218","operatingCapacityCoverage":{"coveragePercent":100.0,"knownUnitCount":0,"method":"plant_aggregate","provenance":{"evidenceCount":0,"recordIds":["wattlas-record-osm-way-1434183218"],"sourceIds":["openstreetmap-power"],"sourceTypes":["community_mapped"],"valueKind":"reported"},"totalUnitCount":0},"operatingCapacityMw":189.0,"operatingCapacityMwByTechnology":{"gas":189.0},"plannedCapacityCoverage":{"coveragePercent":0.0,"knownUnitCount":0,"method":"unavailable","totalUnitCount":0},"plannedCapacityMw":0.0,"plannedCapacityMwByTechnology":{},"recordCount":1,"recordIds":["wattlas-record-osm-way-1434183218"],"sourceIds":["openstreetmap-power"],"sourceUrl":"https://www.openstreetmap.org/way/1434183218","technologies":["gas"],"technologyMixMw":{"gas":189.0},"unitCount":0,"unitIds":[]},"type":"Feature"},{"geometry":{"coordinates":[35.14979,30.381087],"type":"Point"},"id":"wattlas-plant-osm-way-1500747096","properties":{"aliases":["פרוייקט סולארי"],"canonicalAnchor":"osm:way/1500747096","canonicalCountryKey":"IL","capacityMw":0.0,"country":"IL","externalIds":{"osm":"way/1500747096"},"geographyId":"IL-19161824B24193204184747","id":"wattlas-plant-osm-way-1500747096","lifecycleCounts":{"operational":1},"locationPrecision":"exact","name":"פרוייקט סולארי","operatingCapacityCoverage":{"coveragePercent":0.0,"knownUnitCount":0,"method":"unavailable","totalUnitCount":0},"operatingCapacityMw":0.0,"operatingCapacityMwByTechnology":{},"plannedCapacityCoverage":{"coveragePercent":0.0,"knownUnitCount":0,"method":"unavailable","totalUnitCount":0},"plannedCapacityMw":0.0,"plannedCapacityMwByTechnology":{},"recordCount":1,"recordIds":["wattlas-record-osm-way-1500747096"],"sourceIds":["openstreetmap-power"],"sourceUrl":"https://www.openstreetmap.org/way/1500747096","technologies":["solar"],"technologyMixMw":{"solar":0.0},"unitCount":0,"unitIds":[]},"type":"Feature"},{"geometry":{"coordinates":[34.745387,31.575832],"type":"Point"},"id":"wattlas-plant-osm-way-315376289","properties":{"aliases":["Mapped power plant · OSM 315376289"],"canonicalAnchor":"osm:way/315376289","canonicalCountryKey":"IL","capacityMw":40.0,"country":"IL","externalIds":{"osm":"way/315376289"},"geographyId":"IL-19161824B24193204184747","id":"wattlas-plant-osm-way-315376289","lifecycleCounts":{"operational":1},"locationPrecision":"exact","name":"Mapped power plant · OSM 315376289","operatingCapacityCoverage":{"coveragePercent":100.0,"knownUnitCount":0,"method":"plant_aggregate","provenance":{"evidenceCount":0,"recordIds":["wattlas-record-osm-way-315376289"],"sourceIds":["openstreetmap-power"],"sourceTypes":["community_mapped"],"valueKind":"reported"},"totalUnitCount":0},"operatingCapacityMw":40.0,"operatingCapacityMwByTechnology":{"other":40.0},"plannedCapacityCoverage":{"coveragePercent":0.0,"knownUnitCount":0,"method":"unavailable","totalUnitCount":0},"plannedCapacityMw":0.0,"plannedCapacityMwByTechnology":{},"recordCount":1,"recordIds":["wattlas-record-osm-way-315376289"],"sourceIds":["openstreetmap-power"],"sourceUrl":"https://www.openstreetmap.org/way/315376289","technologies":["other"],"technologyMixMw":{"other":40.0},"unitCount":0,"unitIds":[]},"type":"Feature"},{"geometry":{"coordinates":[34.288476,31.226429],"type":"Point"},"id":"wattlas-plant-osm-way-370229809","properties":{"aliases":["Mapped power plant · OSM 370229809"],"canonicalAnchor":"osm:way/370229809","canonicalCountryKey":"IL","capacityMw":6.4,"country":"IL","externalIds":{"osm":"way/370229809"},"geographyId":"IL-19161824B24193204184747","id":"wattlas-plant-osm-way-370229809","lifecycleCounts":{"operational":1},"locationPrecision":"exact","name":"Mapped power plant · OSM 370229809","operatingCapacityCoverage":{"coveragePercent":100.0,"knownUnitCount":0,"method":"plant_aggregate","provenance":{"evidenceCount":0,"recordIds":["wattlas-record-osm-way-370229809"],"sourceIds":["openstreetmap-power"],"sourceTypes":["community_mapped"],"valueKind":"reported"},"totalUnitCount":0},"operatingCapacityMw":6.4,"operatingCapacityMwByTechnology":{"solar":6.4},"plannedCapacityCoverage":{"coveragePercent":0.0,"knownUnitCount":0,"method":"unavailable","totalUnitCount":0},"plannedCapacityMw":0.0,"plannedCapacityMwByTechnology":{},"recordCount":1,"recordIds":["wattlas-record-osm-way-370229809"],"sourceIds":["openstreetmap-power"],"sourceUrl":"https://www.openstreetmap.org/way/370229809","technologies":["solar"],"technologyMixMw":{"solar":6.4},"unitCount":0,"unitIds":[]},"type":"Feature"},{"geometry":{"coordinates":[35.173652,31.059037],"type":"Point"},"id":"wattlas-plant-osm-way-435527362","properties":{"aliases":["OPC Rotem Power Plant"],"canonicalAnchor":"osm:way/435527362","canonicalCountryKey":"IL","capacityMw":466.0,"country":"IL","externalIds":{"osm":"way/435527362"},"geographyId":"IL-19161824B24193204184747","id":"wattlas-plant-osm-way-435527362","lifecycleCounts":{"operational":1},"locationPrecision":"exact","name":"OPC Rotem Power Plant","operatingCapacityCoverage":{"coveragePercent":100.0,"knownUnitCount":0,"method":"plant_aggregate","provenance":{"evidenceCount":0,"recordIds":["wattlas-record-osm-way-435527362"],"sourceIds":["openstreetmap-power"],"sourceTypes":["community_mapped"],"valueKind":"reported"},"totalUnitCount":0},"operatingCapacityMw":466.0,"operatingCapacityMwByTechnology":{"gas":466.0},"plannedCapacityCoverage":{"coveragePercent":0.0,"knownUnitCount":0,"method":"unavailable","totalUnitCount":0},"plannedCapacityMw":0.0,"plannedCapacityMwByTechnology":{},"recordCount":1,"recordIds":["wattlas-record-osm-way-435527362"],"sourceIds":["openstreetmap-power"],"sourceUrl":"https://www.openstreetmap.org/way/435527362","technologies":["gas"],"technologyMixMw":{"gas":466.0},"unitCount":0,"unitIds":[]},"type":"Feature"},{"geometry":{"coordinates":[34.995335,31.767755],"type":"Point"},"id":"wattlas-plant-osm-way-503030558","properties":{"aliases":["Mapped power plant · OSM 503030558"],"canonicalAnchor":"osm:way/503030558","canonicalCountryKey":"IL","capacityMw":40.0,"country":"IL","externalIds":{"osm":"way/503030558"},"geographyId":"IL-19161824B79530266069959","id":"wattlas-plant-osm-way-503030558","lifecycleCounts":{"operational":1},"locationPrecision":"exact","name":"Mapped power plant · OSM 503030558","operatingCapacityCoverage":{"coveragePercent":100.0,"knownUnitCount":0,"method":"plant_aggregate","provenance":{"evidenceCount":0,"recordIds":["wattlas-record-osm-way-503030558"],"sourceIds":["openstreetmap-power"],"sourceTypes":["community_mapped"],"valueKind":"reported"},"totalUnitCount":0},"operatingCapacityMw":40.0,"operatingCapacityMwByTechnology":{"gas":40.0},"plannedCapacityCoverage":{"coveragePercent":0.0,"knownUnitCount":0,"method":"unavailable","totalUnitCount":0},"plannedCapacityMw":0.0,"plannedCapacityMwByTechnology":{},"recordCount":1,"recordIds":["wattlas-record-osm-way-503030558"],"sourceIds":["openstreetmap-power"],"sourceUrl":"https://www.openstreetmap.org/way/503030558","technologies":["gas"],"technologyMixMw":{"gas":40.0},"unitCount":0,"unitIds":[]},"type":"Feature"},{"geometry":{"coordinates":[34.461697,31.205883],"type":"Point"},"id":"wattlas-plant-osm-way-544480588","properties":{"aliases":["מתקן פוטו-וולטאי גבולות"],"canonicalAnchor":"osm:way/544480588","canonicalCountryKey":"IL","capacityMw":10.0,"country":"IL","externalIds":{"osm":"way/544480588"},"geographyId":"IL-19161824B24193204184747","id":"wattlas-plant-osm-way-544480588","lifecycleCounts":{"operational":1},"locationPrecision":"exact","name":"מתקן פוטו-וולטאי גבולות","operatingCapacityCoverage":{"coveragePercent":100.0,"knownUnitCount":0,"method":"plant_aggregate","provenance":{"evidenceCount":0,"recordIds":["wattlas-record-osm-way-544480588"],"sourceIds":["openstreetmap-power"],"sourceTypes":["community_mapped"],"valueKind":"reported"},"totalUnitCount":0},"operatingCapacityMw":10.0,"operatingCapacityMwByTechnology":{"solar":10.0},"plannedCapacityCoverage":{"coveragePercent":0.0,"knownUnitCount":0,"method":"unavailable","totalUnitCount":0},"plannedCapacityMw":0.0,"plannedCapacityMwByTechnology":{},"recordCount":1,"recordIds":["wattlas-record-osm-way-544480588"],"sourceIds":["openstreetmap-power"],"sourceUrl":"https://www.openstreetmap.org/way/544480588","technologies":["solar"],"technologyMixMw":{"solar":10.0},"unitCount":0,"unitIds":[]},"type":"Feature"},{"geometry":{"coordinates":[34.453875,31.21506],"type":"Point"},"id":"wattlas-plant-osm-way-544480589","properties":{"aliases":["מתקן פוטו-וולטאי תלמי אליהו"],"canonicalAnchor":"osm:way/544480589","canonicalCountryKey":"IL","capacityMw":10.0,"country":"IL","externalIds":{"osm":"way/544480589"},"geographyId":"IL-19161824B24193204184747","id":"wattlas-plant-osm-way-544480589","lifecycleCounts":{"operational":1},"locationPrecision":"exact","name":"מתקן פוטו-וולטאי תלמי אליהו","operatingCapacityCoverage":{"coveragePercent":100.0,"knownUnitCount":0,"method":"plant_aggregate","provenance":{"evidenceCount":0,"recordIds":["wattlas-record-osm-way-544480589"],"sourceIds":["openstreetmap-power"],"sourceTypes":["community_mapped"],"valueKind":"reported"},"totalUnitCount":0},"operatingCapacityMw":10.0,"operatingCapacityMwByTechnology":{"solar":10.0},"plannedCapacityCoverage":{"coveragePercent":0.0,"knownUnitCount":0,"method":"unavailable","totalUnitCount":0},"plannedCapacityMw":0.0,"plannedCapacityMwByTechnology":{},"recordCount":1,"recordIds":["wattlas-record-osm-way-544480589"],"sourceIds":["openstreetmap-power"],"sourceUrl":"https://www.openstreetmap.org/way/544480589","technologies":["solar"],"technologyMixMw":{"solar":10.0},"unitCount":0,"unitIds":[]},"type":"Feature"},{"geometry":{"coordinates":[34.454843,31.232281],"type":"Point"},"id":"wattlas-plant-osm-way-555075331","properties":{"aliases":["תחנת כוח סולארית חלוציות"],"canonicalAnchor":"osm:way/555075331","canonicalCountryKey":"IL","capacityMw":55.0,"country":"IL","externalIds":{"osm":"way/555075331"},"geographyId":"IL-19161824B24193204184747","id":"wattlas-plant-osm-way-555075331","lifecycleCounts":{"operational":1},"locationPrecision":"exact","name":"תחנת כוח סולארית חלוציות","operatingCapacityCoverage":{"coveragePercent":100.0,"knownUnitCount":0,"method":"plant_aggregate","provenance":{"evidenceCount":0,"recordIds":["wattlas-record-osm-way-555075331"],"sourceIds":["openstreetmap-power"],"sourceTypes":["community_mapped"],"valueKind":"reported"},"totalUnitCount":0},"operatingCapacityMw":55.0,"operatingCapacityMwByTechnology":{"solar":55.0},"plannedCapacityCoverage":{"coveragePercent":0.0,"knownUnitCount":0,"method":"unavailable","totalUnitCount":0},"plannedCapacityMw":0.0,"plannedCapacityMwByTechnology":{},"recordCount":1,"recordIds":["wattlas-record-osm-way-555075331"],"sourceIds":["openstreetmap-power"],"sourceUrl":"https://www.openstreetmap.org/way/555075331","technologies":["solar"],"technologyMixMw":{"solar":55.0},"unitCount":0,"unitIds":[]},"type":"Feature"},{"geometry":{"coordinates":[35.594064,33.168818],"type":"Point"},"id":"wattlas-plant-osm-way-582891951","properties":{"aliases":["מתקן פוטו-וולטאי כפר בלום"],"canonicalAnchor":"osm:way/582891951","canonicalCountryKey":"IL","capacityMw":0.0,"country":"IL","externalIds":{"osm":"way/582891951"},"geographyId":"IL-19161824B91089536365577","id":"wattlas-plant-osm-way-582891951","lifecycleCounts":{"operational":1},"locationPrecision":"exact","name":"מתקן פוטו-וולטאי כפר בלום","operatingCapacityCoverage":{"coveragePercent":0.0,"knownUnitCount":0,"method":"unavailable","totalUnitCount":0},"operatingCapacityMw":0.0,"operatingCapacityMwByTechnology":{},"plannedCapacityCoverage":{"coveragePercent":0.0,"knownUnitCount":0,"method":"unavailable","totalUnitCount":0},"plannedCapacityMw":0.0,"plannedCapacityMwByTechnology":{},"recordCount":1,"recordIds":["wattlas-record-osm-way-582891951"],"sourceIds":["openstreetmap-power"],"sourceUrl":"https://www.openstreetmap.org/way/582891951","technologies":["solar"],"technologyMixMw":{"solar":0.0},"unitCount":0,"unitIds":[]},"type":"Feature"},{"geometry":{"coordinates":[34.755298,31.14558],"type":"Point"},"id":"wattlas-plant-osm-way-589577094","properties":{"aliases":["Mapped power plant · OSM 589577094"],"canonicalAnchor":"osm:way/589577094","canonicalCountryKey":"IL","capacityMw":30.0,"country":"IL","externalIds":{"osm":"way/589577094"},"geographyId":"IL-19161824B24193204184747","id":"wattlas-plant-osm-way-589577094","lifecycleCounts":{"operational":1},"locationPrecision":"exact","name":"Mapped power plant · OSM 589577094","operatingCapacityCoverage":{"coveragePercent":100.0,"knownUnitCount":0,"method":"plant_aggregate","provenance":{"evidenceCount":0,"recordIds":["wattlas-record-osm-way-589577094"],"sourceIds":["openstreetmap-power"],"sourceTypes":["community_mapped"],"valueKind":"reported"},"totalUnitCount":0},"operatingCapacityMw":30.0,"operatingCapacityMwByTechnology":{"solar":30.0},"plannedCapacityCoverage":{"coveragePercent":0.0,"knownUnitCount":0,"method":"unavailable","totalUnitCount":0},"plannedCapacityMw":0.0,"plannedCapacityMwByTechnology":{},"recordCount":1,"recordIds":["wattlas-record-osm-way-589577094"],"sourceIds":["openstreetmap-power"],"sourceUrl":"https://www.openstreetmap.org/way/589577094","technologies":["solar"],"technologyMixMw":{"solar":30.0},"unitCount":0,"unitIds":[]},"type":"Feature"},{"geometry":{"coordinates":[34.716039,31.370987],"type":"Point"},"id":"wattlas-plant-osm-way-605403441","properties":{"aliases":["Mapped power plant · OSM 605403441"],"canonicalAnchor":"osm:way/605403441","canonicalCountryKey":"IL","capacityMw":0.0,"country":"IL","externalIds":{"osm":"way/605403441"},"geographyId":"IL-19161824B24193204184747","id":"wattlas-plant-osm-way-605403441","lifecycleCounts":{"operational":1},"locationPrecision":"exact","name":"Mapped power plant · OSM 605403441","operatingCapacityCoverage":{"coveragePercent":0.0,"knownUnitCount":0,"method":"unavailable","totalUnitCount":0},"operatingCapacityMw":0.0,"operatingCapacityMwByTechnology":{},"plannedCapacityCoverage":{"coveragePercent":0.0,"knownUnitCount":0,"method":"unavailable","totalUnitCount":0},"plannedCapacityMw":0.0,"plannedCapacityMwByTechnology":{},"recordCount":1,"recordIds":["wattlas-record-osm-way-605403441"],"sourceIds":["openstreetmap-power"],"sourceUrl":"https://www.openstreetmap.org/way/605403441","technologies":["solar"],"technologyMixMw":{"solar":0.0},"unitCount":0,"unitIds":[]},"type":"Feature"},{"geometry":{"coordinates":[34.599836,31.310596],"type":"Point"},"id":"wattlas-plant-osm-way-621899921","properties":{"aliases":["מתקן פוטו-וולטאי פדויים"],"canonicalAnchor":"osm:way/621899921","canonicalCountryKey":"IL","capacityMw":14.0,"country":"IL","externalIds":{"osm":"way/621899921"},"geographyId":"IL-19161824B24193204184747","id":"wattlas-plant-osm-way-621899921","lifecycleCounts":{"operational":1},"locationPrecision":"exact","name":"מתקן פוטו-וולטאי פדויים","operatingCapacityCoverage":{"coveragePercent":100.0,"knownUnitCount":0,"method":"plant_aggregate","provenance":{"evidenceCount":0,"recordIds":["wattlas-record-osm-way-621899921"],"sourceIds":["openstreetmap-power"],"sourceTypes":["community_mapped"],"valueKind":"reported"},"totalUnitCount":0},"operatingCapacityMw":14.0,"operatingCapacityMwByTechnology":{"solar":14.0},"plannedCapacityCoverage":{"coveragePercent":0.0,"knownUnitCount":0,"method":"unavailable","totalUnitCount":0},"plannedCapacityMw":0.0,"plannedCapacityMwByTechnology":{},"recordCount":1,"recordIds":["wattlas-record-osm-way-621899921"],"sourceIds":["openstreetmap-power"],"sourceUrl":"https://www.openstreetmap.org/way/621899921","technologies":["solar"],"technologyMixMw":{"solar":14.0},"unitCount":0,"unitIds":[]},"type":"Feature"},{"geometry":{"coordinates":[34.498936,31.192957],"type":"Point"},"id":"wattlas-plant-osm-way-621899922","properties":{"aliases":["תחנת כוח סולארית שניאור-צאלים"],"canonicalAnchor":"osm:way/621899922","canonicalCountryKey":"IL","capacityMw":120.0,"country":"IL","externalIds":{"osm":"way/621899922"},"geographyId":"IL-19161824B24193204184747","id":"wattlas-plant-osm-way-621899922","lifecycleCounts":{"operational":1},"locationPrecision":"exact","name":"תחנת כוח סולארית שניאור-צאלים","operatingCapacityCoverage":{"coveragePercent":100.0,"knownUnitCount":0,"method":"plant_aggregate","provenance":{"evidenceCount":0,"recordIds":["wattlas-record-osm-way-621899922"],"sourceIds":["openstreetmap-power"],"sourceTypes":["community_mapped"],"valueKind":"reported"},"totalUnitCount":0},"operatingCapacityMw":120.0,"operatingCapacityMwByTechnology":{"solar":120.0},"plannedCapacityCoverage":{"coveragePercent":0.0,"knownUnitCount":0,"method":"unavailable","totalUnitCount":0},"plannedCapacityMw":0.0,"plannedCapacityMwByTechnology":{},"recordCount":1,"recordIds":["wattlas-record-osm-way-621899922"],"sourceIds":["openstreetmap-power"],"sourceUrl":"https://www.openstreetmap.org/way/621899922","technologies":["solar"],"technologyMixMw":{"solar":120.0},"unitCount":0,"unitIds":[]},"type":"Feature"},{"geometry":{"coordinates":[34.74151,31.33918],"type":"Point"},"id":"wattlas-plant-osm-way-621944173","properties":{"aliases":["מתקן פוטו-וולטאי תראבין"],"canonicalAnchor":"osm:way/621944173","canonicalCountryKey":"IL","capacityMw":0.0,"country":"IL","externalIds":{"osm":"way/621944173"},"geographyId":"IL-19161824B24193204184747","id":"wattlas-plant-osm-way-621944173","lifecycleCounts":{"operational":1},"locationPrecision":"exact","name":"מתקן פוטו-וולטאי תראבין","operatingCapacityCoverage":{"coveragePercent":0.0,"knownUnitCount":0,"method":"unavailable","totalUnitCount":0},"operatingCapacityMw":0.0,"operatingCapacityMwByTechnology":{},"plannedCapacityCoverage":{"coveragePercent":0.0,"knownUnitCount":0,"method":"unavailable","totalUnitCount":0},"plannedCapacityMw":0.0,"plannedCapacityMwByTechnology":{},"recordCount":1,"recordIds":["wattlas-record-osm-way-621944173"],"sourceIds":["openstreetmap-power"],"sourceUrl":"https://www.openstreetmap.org/way/621944173","technologies":["solar"],"technologyMixMw":{"solar":0.0},"unitCount":0,"unitIds":[]},"type":"Feature"},{"geometry":{"coordinates":[34.91882,31.329086],"type":"Point"},"id":"wattlas-plant-osm-way-638024038","properties":{"aliases":["שדה שמש"],"canonicalAnchor":"osm:way/638024038","canonicalCountryKey":"IL","capacityMw":0.0,"country":"IL","externalIds":{"osm":"way/638024038"},"geographyId":"IL-19161824B24193204184747","id":"wattlas-plant-osm-way-638024038","lifecycleCounts":{"operational":1},"locationPrecision":"exact","name":"שדה שמש","operatingCapacityCoverage":{"coveragePercent":0.0,"knownUnitCount":0,"method":"unavailable","totalUnitCount":0},"operatingCapacityMw":0.0,"operatingCapacityMwByTechnology":{},"plannedCapacityCoverage":{"coveragePercent":0.0,"knownUnitCount":0,"method":"unavailable","totalUnitCount":0},"plannedCapacityMw":0.0,"plannedCapacityMwByTechnology":{},"recordCount":1,"recordIds":["wattlas-record-osm-way-638024038"],"sourceIds":["openstreetmap-power"],"sourceUrl":"https://www.openstreetmap.org/way/638024038","technologies":["solar"],"technologyMixMw":{"solar":0.0},"unitCount":0,"unitIds":[]},"type":"Feature"},{"geometry":{"coordinates":[34.368088,31.192562],"type":"Point"},"id":"wattlas-plant-osm-way-664298910","properties":{"aliases":["Talmei Yosef Photovoltaic Plant"],"canonicalAnchor":"osm:way/664298910","canonicalCountryKey":"IL","capacityMw":9.0,"country":"IL","externalIds":{"osm":"way/664298910"},"geographyId":"IL-19161824B24193204184747","id":"wattlas-plant-osm-way-664298910","lifecycleCounts":{"operational":1},"locationPrecision":"exact","name":"Talmei Yosef Photovoltaic Plant","operatingCapacityCoverage":{"coveragePercent":100.0,"knownUnitCount":0,"method":"plant_aggregate","provenance":{"evidenceCount":0,"recordIds":["wattlas-record-osm-way-664298910"],"sourceIds":["openstreetmap-power"],"sourceTypes":["community_mapped"],"valueKind":"reported"},"totalUnitCount":0},"operatingCapacityMw":9.0,"operatingCapacityMwByTechnology":{"solar":9.0},"plannedCapacityCoverage":{"coveragePercent":0.0,"knownUnitCount":0,"method":"unavailable","totalUnitCount":0},"plannedCapacityMw":0.0,"plannedCapacityMwByTechnology":{},"recordCount":1,"recordIds":["wattlas-record-osm-way-664298910"],"sourceIds":["openstreetmap-power"],"sourceUrl":"https://www.openstreetmap.org/way/664298910","technologies":["solar"],"technologyMixMw":{"solar":9.0},"unitCount":0,"unitIds":[]},"type":"Feature"},{"geometry":{"coordinates":[35.449718,32.470277],"type":"Point"},"id":"wattlas-plant-osm-way-680883614","properties":{"aliases":["Gilboa Pumped Storage"],"canonicalAnchor":"osm:way/680883614","canonicalCountryKey":"IL","capacityMw":306.0,"country":"IL","externalIds":{"osm":"way/680883614"},"geographyId":"IL-19161824B91089536365577","id":"wattlas-plant-osm-way-680883614","lifecycleCounts":{"operational":1},"locationPrecision":"exact","name":"Gilboa Pumped Storage","operatingCapacityCoverage":{"coveragePercent":100.0,"knownUnitCount":0,"method":"plant_aggregate","provenance":{"evidenceCount":0,"recordIds":["wattlas-record-osm-way-680883614"],"sourceIds":["openstreetmap-power"],"sourceTypes":["community_mapped"],"valueKind":"reported"},"totalUnitCount":0},"operatingCapacityMw":306.0,"operatingCapacityMwByTechnology":{"hydro":306.0},"plannedCapacityCoverage":{"coveragePercent":0.0,"knownUnitCount":0,"method":"unavailable","totalUnitCount":0},"plannedCapacityMw":0.0,"plannedCapacityMwByTechnology":{},"recordCount":1,"recordIds":["wattlas-record-osm-way-680883614"],"sourceIds":["openstreetmap-power"],"sourceUrl":"https://www.openstreetmap.org/way/680883614","technologies":["hydro"],"technologyMixMw":{"hydro":306.0},"unitCount":0,"unitIds":[]},"type":"Feature"},{"geometry":{"coordinates":[34.654608,31.555904],"type":"Point"},"id":"wattlas-plant-osm-way-689984252","properties":{"aliases":["מתקן פוטו-וולטאי ברור חיל"],"canonicalAnchor":"osm:way/689984252","canonicalCountryKey":"IL","capacityMw":8.8,"country":"IL","externalIds":{"osm":"way/689984252"},"geographyId":"IL-19161824B24193204184747","id":"wattlas-plant-osm-way-689984252","lifecycleCounts":{"operational":1},"locationPrecision":"exact","name":"מתקן פוטו-וולטאי ברור חיל","operatingCapacityCoverage":{"coveragePercent":100.0,"knownUnitCount":0,"method":"plant_aggregate","provenance":{"evidenceCount":0,"recordIds":["wattlas-record-osm-way-689984252"],"sourceIds":["openstreetmap-power"],"sourceTypes":["community_mapped"],"valueKind":"reported"},"totalUnitCount":0},"operatingCapacityMw":8.8,"operatingCapacityMwByTechnology":{"solar":8.8},"plannedCapacityCoverage":{"coveragePercent":0.0,"knownUnitCount":0,"method":"unavailable","totalUnitCount":0},"plannedCapacityMw":0.0,"plannedCapacityMwByTechnology":{},"recordCount":1,"recordIds":["wattlas-record-osm-way-689984252"],"sourceIds":["openstreetmap-power"],"sourceUrl":"https://www.openstreetmap.org/way/689984252","technologies":["solar"],"technologyMixMw":{"solar":8.8},"unitCount":0,"unitIds":[]},"type":"Feature"},{"geometry":{"coordinates":[34.612503,31.521045],"type":"Point"},"id":"wattlas-plant-osm-way-708201556","properties":{"aliases":["מתקן פוטו-וולטאי דורות"],"canonicalAnchor":"osm:way/708201556","canonicalCountryKey":"IL","capacityMw":0.0,"country":"IL","externalIds":{"osm":"way/708201556"},"geographyId":"IL-19161824B24193204184747","id":"wattlas-plant-osm-way-708201556","lifecycleCounts":{"operational":1},"locationPrecision":"exact","name":"מתקן פוטו-וולטאי דורות","operatingCapacityCoverage":{"coveragePercent":0.0,"knownUnitCount":0,"method":"unavailable","totalUnitCount":0},"operatingCapacityMw":0.0,"operatingCapacityMwByTechnology":{},"plannedCapacityCoverage":{"coveragePercent":0.0,"knownUnitCount":0,"method":"unavailable","totalUnitCount":0},"plannedCapacityMw":0.0,"plannedCapacityMwByTechnology":{},"recordCount":1,"recordIds":["wattlas-record-osm-way-708201556"],"sourceIds":["openstreetmap-power"],"sourceUrl":"https://www.openstreetmap.org/way/708201556","technologies":["solar"],"technologyMixMw":{"solar":0.0},"unitCount":0,"unitIds":[]},"type":"Feature"},{"geometry":{"coordinates":[34.719732,31.678999],"type":"Point"},"id":"wattlas-plant-osm-way-709337124","properties":{"aliases":["מתקן פוטו-וולטאי עין-צורים"],"canonicalAnchor":"osm:way/709337124","canonicalCountryKey":"IL","capacityMw":0.0,"country":"IL","externalIds":{"osm":"way/709337124"},"geographyId":"IL-19161824B24193204184747","id":"wattlas-plant-osm-way-709337124","lifecycleCounts":{"operational":1},"locationPrecision":"exact","name":"מתקן פוטו-וולטאי עין-צורים","operatingCapacityCoverage":{"coveragePercent":0.0,"knownUnitCount":0,"method":"unavailable","totalUnitCount":0},"operatingCapacityMw":0.0,"operatingCapacityMwByTechnology":{},"plannedCapacityCoverage":{"coveragePercent":0.0,"knownUnitCount":0,"method":"unavailable","totalUnitCount":0},"plannedCapacityMw":0.0,"plannedCapacityMwByTechnology":{},"recordCount":1,"recordIds":["wattlas-record-osm-way-709337124"],"sourceIds":["openstreetmap-power"],"sourceUrl":"https://www.openstreetmap.org/way/709337124","technologies":["solar"],"technologyMixMw":{"solar":0.0},"unitCount":0,"unitIds":[]},"type":"Feature"},{"geometry":{"coordinates":[34.619348,31.616204],"type":"Point"},"id":"wattlas-plant-osm-way-709343614","properties":{"aliases":["מתקן פוטו-וולטאי תלמי יפה"],"canonicalAnchor":"osm:way/709343614","canonicalCountryKey":"IL","capacityMw":0.0,"country":"IL","externalIds":{"osm":"way/709343614"},"geographyId":"IL-19161824B24193204184747","id":"wattlas-plant-osm-way-709343614","lifecycleCounts":{"operational":1},"locationPrecision":"exact","name":"מתקן פוטו-וולטאי תלמי יפה","operatingCapacityCoverage":{"coveragePercent":0.0,"knownUnitCount":0,"method":"unavailable","totalUnitCount":0},"operatingCapacityMw":0.0,"operatingCapacityMwByTechnology":{},"plannedCapacityCoverage":{"coveragePercent":0.0,"knownUnitCount":0,"method":"unavailable","totalUnitCount":0},"plannedCapacityMw":0.0,"plannedCapacityMwByTechnology":{},"recordCount":1,"recordIds":["wattlas-record-osm-way-709343614"],"sourceIds":["openstreetmap-power"],"sourceUrl":"https://www.openstreetmap.org/way/709343614","technologies":["solar"],"technologyMixMw":{"solar":0.0},"unitCount":0,"unitIds":[]},"type":"Feature"},{"geometry":{"coordinates":[34.64433,31.663696],"type":"Point"},"id":"wattlas-plant-osm-way-709354505","properties":{"aliases":["מתקן פוטו-וולטאי ברכיה"],"canonicalAnchor":"osm:way/709354505","canonicalCountryKey":"IL","capacityMw":0.0,"country":"IL","externalIds":{"osm":"way/709354505"},"geographyId":"IL-19161824B24193204184747","id":"wattlas-plant-osm-way-709354505","lifecycleCounts":{"operational":1},"locationPrecision":"exact","name":"מתקן פוטו-וולטאי ברכיה","operatingCapacityCoverage":{"coveragePercent":0.0,"knownUnitCount":0,"method":"unavailable","totalUnitCount":0},"operatingCapacityMw":0.0,"operatingCapacityMwByTechnology":{},"plannedCapacityCoverage":{"coveragePercent":0.0,"knownUnitCount":0,"method":"unavailable","totalUnitCount":0},"plannedCapacityMw":0.0,"plannedCapacityMwByTechnology":{},"recordCount":1,"recordIds":["wattlas-record-osm-way-709354505"],"sourceIds":["openstreetmap-power"],"sourceUrl":"https://www.openstreetmap.org/way/709354505","technologies":["solar"],"technologyMixMw":{"solar":0.0},"unitCount":0,"unitIds":[]},"type":"Feature"},{"geometry":{"coordinates":[34.66417,30.960942],"type":"Point"},"id":"wattlas-plant-osm-way-709368603","properties":{"aliases":["Ashalim PV"],"canonicalAnchor":"osm:way/709368603","canonicalCountryKey":"IL","capacityMw":30.0,"country":"IL","externalIds":{"osm":"way/709368603"},"geographyId":"IL-19161824B24193204184747","id":"wattlas-plant-osm-way-709368603","lifecycleCounts":{"operational":1},"locationPrecision":"exact","name":"Ashalim PV","operatingCapacityCoverage":{"coveragePercent":100.0,"knownUnitCount":0,"method":"plant_aggregate","provenance":{"evidenceCount":0,"recordIds":["wattlas-record-osm-way-709368603"],"sourceIds":["openstreetmap-power"],"sourceTypes":["community_mapped"],"valueKind":"reported"},"totalUnitCount":0},"operatingCapacityMw":30.0,"operatingCapacityMwByTechnology":{"solar":30.0},"plannedCapacityCoverage":{"coveragePercent":0.0,"knownUnitCount":0,"method":"unavailable","totalUnitCount":0},"plannedCapacityMw":0.0,"plannedCapacityMwByTechnology":{},"recordCount":1,"recordIds":["wattlas-record-osm-way-709368603"],"sourceIds":["openstreetmap-power"],"sourceUrl":"https://www.openstreetmap.org/way/709368603","technologies":["solar"],"technologyMixMw":{"solar":30.0},"unitCount":0,"unitIds":[]},"type":"Feature"},{"geometry":{"coordinates":[34.52647,31.43868],"type":"Point"},"id":"wattlas-plant-osm-way-710541450","properties":{"aliases":["מתקן פוטו-וולטאי כפר מיימון"],"canonicalAnchor":"osm:way/710541450","canonicalCountryKey":"IL","capacityMw":7.0,"country":"IL","externalIds":{"osm":"way/710541450"},"geographyId":"IL-19161824B24193204184747","id":"wattlas-plant-osm-way-710541450","lifecycleCounts":{"operational":1},"locationPrecision":"exact","name":"מתקן פוטו-וולטאי כפר מיימון","operatingCapacityCoverage":{"coveragePercent":100.0,"knownUnitCount":0,"method":"plant_aggregate","provenance":{"evidenceCount":0,"recordIds":["wattlas-record-osm-way-710541450"],"sourceIds":["openstreetmap-power"],"sourceTypes":["community_mapped"],"valueKind":"reported"},"totalUnitCount":0},"operatingCapacityMw":7.0,"operatingCapacityMwByTechnology":{"solar":7.0},"plannedCapacityCoverage":{"coveragePercent":0.0,"knownUnitCount":0,"method":"unavailable","totalUnitCount":0},"plannedCapacityMw":0.0,"plannedCapacityMwByTechnology":{},"recordCount":1,"recordIds":["wattlas-record-osm-way-710541450"],"sourceIds":["openstreetmap-power"],"sourceUrl":"https://www.openstreetmap.org/way/710541450","technologies":["solar"],"technologyMixMw":{"solar":7.0},"unitCount":0,"unitIds":[]},"type":"Feature"},{"geometry":{"coordinates":[34.916266,29.561875],"type":"Point"},"id":"wattlas-plant-osm-way-732960176","properties":{"aliases":["תחנת הכח טורבינות גז אילת"],"canonicalAnchor":"osm:way/732960176","canonicalCountryKey":"IL","capacityMw":0.0,"country":"IL","externalIds":{"osm":"way/732960176"},"geographyId":"IL-19161824B24193204184747","id":"wattlas-plant-osm-way-732960176","lifecycleCounts":{"operational":1},"locationPrecision":"exact","name":"תחנת הכח טורבינות גז אילת","operatingCapacityCoverage":{"coveragePercent":0.0,"knownUnitCount":0,"method":"unavailable","totalUnitCount":0},"operatingCapacityMw":0.0,"operatingCapacityMwByTechnology":{},"plannedCapacityCoverage":{"coveragePercent":0.0,"knownUnitCount":0,"method":"unavailable","totalUnitCount":0},"plannedCapacityMw":0.0,"plannedCapacityMwByTechnology":{},"recordCount":1,"recordIds":["wattlas-record-osm-way-732960176"],"sourceIds":["openstreetmap-power"],"sourceUrl":"https://www.openstreetmap.org/way/732960176","technologies":["gas"],"technologyMixMw":{"gas":0.0},"unitCount":0,"unitIds":[]},"type":"Feature"},{"geometry":{"coordinates":[34.586894,31.406802],"type":"Point"},"id":"wattlas-plant-osm-way-754407175","properties":{"aliases":["מתקן פוטו-וולטאי גבעולים"],"canonicalAnchor":"osm:way/754407175","canonicalCountryKey":"IL","capacityMw":0.0,"country":"IL","externalIds":{"osm":"way/754407175"},"geographyId":"IL-19161824B24193204184747","id":"wattlas-plant-osm-way-754407175","lifecycleCounts":{"operational":1},"locationPrecision":"exact","name":"מתקן פוטו-וולטאי גבעולים","operatingCapacityCoverage":{"coveragePercent":0.0,"knownUnitCount":0,"method":"unavailable","totalUnitCount":0},"operatingCapacityMw":0.0,"operatingCapacityMwByTechnology":{},"plannedCapacityCoverage":{"coveragePercent":0.0,"knownUnitCount":0,"method":"unavailable","totalUnitCount":0},"plannedCapacityMw":0.0,"plannedCapacityMwByTechnology":{},"recordCount":1,"recordIds":["wattlas-record-osm-way-754407175"],"sourceIds":["openstreetmap-power"],"sourceUrl":"https://www.openstreetmap.org/way/754407175","technologies":["solar"],"technologyMixMw":{"solar":0.0},"unitCount":0,"unitIds":[]},"type":"Feature"},{"geometry":{"coordinates":[34.614811,31.43655],"type":"Point"},"id":"wattlas-plant-osm-way-754623978","properties":{"aliases":["מתקן פוטו-וולטאי יושיביה"],"canonicalAnchor":"osm:way/754623978","canonicalCountryKey":"IL","capacityMw":0.0,"country":"IL","externalIds":{"osm":"way/754623978"},"geographyId":"IL-19161824B24193204184747","id":"wattlas-plant-osm-way-754623978","lifecycleCounts":{"operational":1},"locationPrecision":"exact","name":"מתקן פוטו-וולטאי יושיביה","operatingCapacityCoverage":{"coveragePercent":0.0,"knownUnitCount":0,"method":"unavailable","totalUnitCount":0},"operatingCapacityMw":0.0,"operatingCapacityMwByTechnology":{},"plannedCapacityCoverage":{"coveragePercent":0.0,"knownUnitCount":0,"method":"unavailable","totalUnitCount":0},"plannedCapacityMw":0.0,"plannedCapacityMwByTechnology":{},"recordCount":1,"recordIds":["wattlas-record-osm-way-754623978"],"sourceIds":["openstreetmap-power"],"sourceUrl":"https://www.openstreetmap.org/way/754623978","technologies":["solar"],"technologyMixMw":{"solar":0.0},"unitCount":0,"unitIds":[]},"type":"Feature"},{"geometry":{"coordinates":[34.735556,31.408507],"type":"Point"},"id":"wattlas-plant-osm-way-754626607","properties":{"aliases":["מתקן פוטו-וולטאי שובל"],"canonicalAnchor":"osm:way/754626607","canonicalCountryKey":"IL","capacityMw":0.0,"country":"IL","externalIds":{"osm":"way/754626607"},"geographyId":"IL-19161824B24193204184747","id":"wattlas-plant-osm-way-754626607","lifecycleCounts":{"operational":1},"locationPrecision":"exact","name":"מתקן פוטו-וולטאי שובל","operatingCapacityCoverage":{"coveragePercent":0.0,"knownUnitCount":0,"method":"unavailable","totalUnitCount":0},"operatingCapacityMw":0.0,"operatingCapacityMwByTechnology":{},"plannedCapacityCoverage":{"coveragePercent":0.0,"knownUnitCount":0,"method":"unavailable","totalUnitCount":0},"plannedCapacityMw":0.0,"plannedCapacityMwByTechnology":{},"recordCount":1,"recordIds":["wattlas-record-osm-way-754626607"],"sourceIds":["openstreetmap-power"],"sourceUrl":"https://www.openstreetmap.org/way/754626607","technologies":["solar"],"technologyMixMw":{"solar":0.0},"unitCount":0,"unitIds":[]},"type":"Feature"},{"geometry":{"coordinates":[34.609855,31.390365],"type":"Point"},"id":"wattlas-plant-osm-way-754628905","properties":{"aliases":["מתקן פוטו-וולטאי שיבולים"],"canonicalAnchor":"osm:way/754628905","canonicalCountryKey":"IL","capacityMw":0.0,"country":"IL","externalIds":{"osm":"way/754628905"},"geographyId":"IL-19161824B24193204184747","id":"wattlas-plant-osm-way-754628905","lifecycleCounts":{"operational":1},"locationPrecision":"exact","name":"מתקן פוטו-וולטאי שיבולים","operatingCapacityCoverage":{"coveragePercent":0.0,"knownUnitCount":0,"method":"unavailable","totalUnitCount":0},"operatingCapacityMw":0.0,"operatingCapacityMwByTechnology":{},"plannedCapacityCoverage":{"coveragePercent":0.0,"knownUnitCount":0,"method":"unavailable","totalUnitCount":0},"plannedCapacityMw":0.0,"plannedCapacityMwByTechnology":{},"recordCount":1,"recordIds":["wattlas-record-osm-way-754628905"],"sourceIds":["openstreetmap-power"],"sourceUrl":"https://www.openstreetmap.org/way/754628905","technologies":["solar"],"technologyMixMw":{"solar":0.0},"unitCount":0,"unitIds":[]},"type":"Feature"},{"geometry":{"coordinates":[34.616284,31.370714],"type":"Point"},"id":"wattlas-plant-osm-way-754635571","properties":{"aliases":["מתקן פוטו-וולטאי תאשור"],"canonicalAnchor":"osm:way/754635571","canonicalCountryKey":"IL","capacityMw":0.0,"country":"IL","externalIds":{"osm":"way/754635571"},"geographyId":"IL-19161824B24193204184747","id":"wattlas-plant-osm-way-754635571","lifecycleCounts":{"operational":1},"locationPrecision":"exact","name":"מתקן פוטו-וולטאי תאשור","operatingCapacityCoverage":{"coveragePercent":0.0,"knownUnitCount":0,"method":"unavailable","totalUnitCount":0},"operatingCapacityMw":0.0,"operatingCapacityMwByTechnology":{},"plannedCapacityCoverage":{"coveragePercent":0.0,"knownUnitCount":0,"method":"unavailable","totalUnitCount":0},"plannedCapacityMw":0.0,"plannedCapacityMwByTechnology":{},"recordCount":1,"recordIds":["wattlas-record-osm-way-754635571"],"sourceIds":["openstreetmap-power"],"sourceUrl":"https://www.openstreetmap.org/way/754635571","technologies":["solar"],"technologyMixMw":{"solar":0.0},"unitCount":0,"unitIds":[]},"type":"Feature"},{"geometry":{"coordinates":[34.643638,31.343228],"type":"Point"},"id":"wattlas-plant-osm-way-754635572","properties":{"aliases":["מתקן פוטו-וולטאי בטחה"],"canonicalAnchor":"osm:way/754635572","canonicalCountryKey":"IL","capacityMw":0.0,"country":"IL","externalIds":{"osm":"way/754635572"},"geographyId":"IL-19161824B24193204184747","id":"wattlas-plant-osm-way-754635572","lifecycleCounts":{"operational":1},"locationPrecision":"exact","name":"מתקן פוטו-וולטאי בטחה","operatingCapacityCoverage":{"coveragePercent":0.0,"knownUnitCount":0,"method":"unavailable","totalUnitCount":0},"operatingCapacityMw":0.0,"operatingCapacityMwByTechnology":{},"plannedCapacityCoverage":{"coveragePercent":0.0,"knownUnitCount":0,"method":"unavailable","totalUnitCount":0},"plannedCapacityMw":0.0,"plannedCapacityMwByTechnology":{},"recordCount":1,"recordIds":["wattlas-record-osm-way-754635572"],"sourceIds":["openstreetmap-power"],"sourceUrl":"https://www.openstreetmap.org/way/754635572","technologies":["solar"],"technologyMixMw":{"solar":0.0},"unitCount":0,"unitIds":[]},"type":"Feature"},{"geometry":{"coordinates":[34.62949,31.356391],"type":"Point"},"id":"wattlas-plant-osm-way-754635573","properties":{"aliases":["מתקן פוטו-וולטאי ברוש"],"canonicalAnchor":"osm:way/754635573","canonicalCountryKey":"IL","capacityMw":0.0,"country":"IL","externalIds":{"osm":"way/754635573"},"geographyId":"IL-19161824B24193204184747","id":"wattlas-plant-osm-way-754635573","lifecycleCounts":{"operational":1},"locationPrecision":"exact","name":"מתקן פוטו-וולטאי ברוש","operatingCapacityCoverage":{"coveragePercent":0.0,"knownUnitCount":0,"method":"unavailable","totalUnitCount":0},"operatingCapacityMw":0.0,"operatingCapacityMwByTechnology":{},"plannedCapacityCoverage":{"coveragePercent":0.0,"knownUnitCount":0,"method":"unavailable","totalUnitCount":0},"plannedCapacityMw":0.0,"plannedCapacityMwByTechnology":{},"recordCount":1,"recordIds":["wattlas-record-osm-way-754635573"],"sourceIds":["openstreetmap-power"],"sourceUrl":"https://www.openstreetmap.org/way/754635573","technologies":["solar"],"technologyMixMw":{"solar":0.0},"unitCount":0,"unitIds":[]},"type":"Feature"},{"geometry":{"coordinates":[34.564142,31.492566],"type":"Point"},"id":"wattlas-plant-osm-way-754641462","properties":{"aliases":["מתקן פוטו-וולטאי מפלסים"],"canonicalAnchor":"osm:way/754641462","canonicalCountryKey":"IL","capacityMw":10.8,"country":"IL","externalIds":{"osm":"way/754641462"},"geographyId":"IL-19161824B24193204184747","id":"wattlas-plant-osm-way-754641462","lifecycleCounts":{"operational":1},"locationPrecision":"exact","name":"מתקן פוטו-וולטאי מפלסים","operatingCapacityCoverage":{"coveragePercent":100.0,"knownUnitCount":0,"method":"plant_aggregate","provenance":{"evidenceCount":0,"recordIds":["wattlas-record-osm-way-754641462"],"sourceIds":["openstreetmap-power"],"sourceTypes":["community_mapped"],"valueKind":"reported"},"totalUnitCount":0},"operatingCapacityMw":10.8,"operatingCapacityMwByTechnology":{"solar":10.8},"plannedCapacityCoverage":{"coveragePercent":0.0,"knownUnitCount":0,"method":"unavailable","totalUnitCount":0},"plannedCapacityMw":0.0,"plannedCapacityMwByTechnology":{},"recordCount":1,"recordIds":["wattlas-record-osm-way-754641462"],"sourceIds":["openstreetmap-power"],"sourceUrl":"https://www.openstreetmap.org/way/754641462","technologies":["solar"],"technologyMixMw":{"solar":10.8},"unitCount":0,"unitIds":[]},"type":"Feature"},{"geometry":{"coordinates":[34.724971,31.611179],"type":"Point"},"id":"wattlas-plant-osm-way-755188445","properties":{"aliases":["מתקן פוטו-וולטאי שחר"],"canonicalAnchor":"osm:way/755188445","canonicalCountryKey":"IL","capacityMw":0.0,"country":"IL","externalIds":{"osm":"way/755188445"},"geographyId":"IL-19161824B24193204184747","id":"wattlas-plant-osm-way-755188445","lifecycleCounts":{"operational":1},"locationPrecision":"exact","name":"מתקן פוטו-וולטאי שחר","operatingCapacityCoverage":{"coveragePercent":0.0,"knownUnitCount":0,"method":"unavailable","totalUnitCount":0},"operatingCapacityMw":0.0,"operatingCapacityMwByTechnology":{},"plannedCapacityCoverage":{"coveragePercent":0.0,"knownUnitCount":0,"method":"unavailable","totalUnitCount":0},"plannedCapacityMw":0.0,"plannedCapacityMwByTechnology":{},"recordCount":1,"recordIds":["wattlas-record-osm-way-755188445"],"sourceIds":["openstreetmap-power"],"sourceUrl":"https://www.openstreetmap.org/way/755188445","technologies":["solar"],"technologyMixMw":{"solar":0.0},"unitCount":0,"unitIds":[]},"type":"Feature"},{"geometry":{"coordinates":[34.723284,31.444011],"type":"Point"},"id":"wattlas-plant-osm-way-755190064","properties":{"aliases":["מתקן פוטו-וולטאי שדה צבי"],"canonicalAnchor":"osm:way/755190064","canonicalCountryKey":"IL","capacityMw":0.0,"country":"IL","externalIds":{"osm":"way/755190064"},"geographyId":"IL-19161824B24193204184747","id":"wattlas-plant-osm-way-755190064","lifecycleCounts":{"operational":1},"locationPrecision":"exact","name":"מתקן פוטו-וולטאי שדה צבי","operatingCapacityCoverage":{"coveragePercent":0.0,"knownUnitCount":0,"method":"unavailable","totalUnitCount":0},"operatingCapacityMw":0.0,"operatingCapacityMwByTechnology":{},"plannedCapacityCoverage":{"coveragePercent":0.0,"knownUnitCount":0,"method":"unavailable","totalUnitCount":0},"plannedCapacityMw":0.0,"plannedCapacityMwByTechnology":{},"recordCount":1,"recordIds":["wattlas-record-osm-way-755190064"],"sourceIds":["openstreetmap-power"],"sourceUrl":"https://www.openstreetmap.org/way/755190064","technologies":["solar"],"technologyMixMw":{"solar":0.0},"unitCount":0,"unitIds":[]},"type":"Feature"},{"geometry":{"coordinates":[34.639729,31.427031],"type":"Point"},"id":"wattlas-plant-osm-way-755191498","properties":{"aliases":["מתקן פוטו-וולטאי תלמי ביל\"ו"],"canonicalAnchor":"osm:way/755191498","canonicalCountryKey":"IL","capacityMw":0.0,"country":"IL","externalIds":{"osm":"way/755191498"},"geographyId":"IL-19161824B24193204184747","id":"wattlas-plant-osm-way-755191498","lifecycleCounts":{"operational":1},"locationPrecision":"exact","name":"מתקן פוטו-וולטאי תלמי ביל\"ו","operatingCapacityCoverage":{"coveragePercent":0.0,"knownUnitCount":0,"method":"unavailable","totalUnitCount":0},"operatingCapacityMw":0.0,"operatingCapacityMwByTechnology":{},"plannedCapacityCoverage":{"coveragePercent":0.0,"knownUnitCount":0,"method":"unavailable","totalUnitCount":0},"plannedCapacityMw":0.0,"plannedCapacityMwByTechnology":{},"recordCount":1,"recordIds":["wattlas-record-osm-way-755191498"],"sourceIds":["openstreetmap-power"],"sourceUrl":"https://www.openstreetmap.org/way/755191498","technologies":["solar"],"technologyMixMw":{"solar":0.0},"unitCount":0,"unitIds":[]},"type":"Feature"},{"geometry":{"coordinates":[34.820968,31.406616],"type":"Point"},"id":"wattlas-plant-osm-way-757240384","properties":{"aliases":["מתקן פוטו-וולטאי דביר"],"canonicalAnchor":"osm:way/757240384","canonicalCountryKey":"IL","capacityMw":0.0,"country":"IL","externalIds":{"osm":"way/757240384"},"geographyId":"IL-19161824B24193204184747","id":"wattlas-plant-osm-way-757240384","lifecycleCounts":{"operational":1},"locationPrecision":"exact","name":"מתקן פוטו-וולטאי דביר","operatingCapacityCoverage":{"coveragePercent":0.0,"knownUnitCount":0,"method":"unavailable","totalUnitCount":0},"operatingCapacityMw":0.0,"operatingCapacityMwByTechnology":{},"plannedCapacityCoverage":{"coveragePercent":0.0,"knownUnitCount":0,"method":"unavailable","totalUnitCount":0},"plannedCapacityMw":0.0,"plannedCapacityMwByTechnology":{},"recordCount":1,"recordIds":["wattlas-record-osm-way-757240384"],"sourceIds":["openstreetmap-power"],"sourceUrl":"https://www.openstreetmap.org/way/757240384","technologies":["solar"],"technologyMixMw":{"solar":0.0},"unitCount":0,"unitIds":[]},"type":"Feature"},{"geometry":{"coordinates":[34.825282,31.405249],"type":"Point"},"id":"wattlas-plant-osm-way-757240385","properties":{"aliases":["מתקן פוטו-וולטאי דביר"],"canonicalAnchor":"osm:way/757240385","canonicalCountryKey":"IL","capacityMw":0.0,"country":"IL","externalIds":{"osm":"way/757240385"},"geographyId":"IL-19161824B24193204184747","id":"wattlas-plant-osm-way-757240385","lifecycleCounts":{"operational":1},"locationPrecision":"exact","name":"מתקן פוטו-וולטאי דביר","operatingCapacityCoverage":{"coveragePercent":0.0,"knownUnitCount":0,"method":"unavailable","totalUnitCount":0},"operatingCapacityMw":0.0,"operatingCapacityMwByTechnology":{},"plannedCapacityCoverage":{"coveragePercent":0.0,"knownUnitCount":0,"method":"unavailable","totalUnitCount":0},"plannedCapacityMw":0.0,"plannedCapacityMwByTechnology":{},"recordCount":1,"recordIds":["wattlas-record-osm-way-757240385"],"sourceIds":["openstreetmap-power"],"sourceUrl":"https://www.openstreetmap.org/way/757240385","technologies":["solar"],"technologyMixMw":{"solar":0.0},"unitCount":0,"unitIds":[]},"type":"Feature"},{"geometry":{"coordinates":[34.62475,31.642566],"type":"Point"},"id":"wattlas-plant-osm-way-757876704","properties":{"aliases":["מתקן פוטו-וולטאי בית שקמה"],"canonicalAnchor":"osm:way/757876704","canonicalCountryKey":"IL","capacityMw":0.0,"country":"IL","externalIds":{"osm":"way/757876704"},"geographyId":"IL-19161824B24193204184747","id":"wattlas-plant-osm-way-757876704","lifecycleCounts":{"operational":1},"locationPrecision":"exact","name":"מתקן פוטו-וולטאי בית שקמה","operatingCapacityCoverage":{"coveragePercent":0.0,"knownUnitCount":0,"method":"unavailable","totalUnitCount":0},"operatingCapacityMw":0.0,"operatingCapacityMwByTechnology":{},"plannedCapacityCoverage":{"coveragePercent":0.0,"knownUnitCount":0,"method":"unavailable","totalUnitCount":0},"plannedCapacityMw":0.0,"plannedCapacityMwByTechnology":{},"recordCount":1,"recordIds":["wattlas-record-osm-way-757876704"],"sourceIds":["openstreetmap-power"],"sourceUrl":"https://www.openstreetmap.org/way/757876704","technologies":["solar"],"technologyMixMw":{"solar":0.0},"unitCount":0,"unitIds":[]},"type":"Feature"},{"geometry":{"coordinates":[34.552184,31.602631],"type":"Point"},"id":"wattlas-plant-osm-way-905885103","properties":{"aliases":["Mapped power plant · OSM 905885103"],"canonicalAnchor":"osm:way/905885103","canonicalCountryKey":"IL","capacityMw":0.0,"country":"IL","externalIds":{"osm":"way/905885103"},"geographyId":"IL-19161824B24193204184747","id":"wattlas-plant-osm-way-905885103","lifecycleCounts":{"operational":1},"locationPrecision":"exact","name":"Mapped power plant · OSM 905885103","operatingCapacityCoverage":{"coveragePercent":0.0,"knownUnitCount":0,"method":"unavailable","totalUnitCount":0},"operatingCapacityMw":0.0,"operatingCapacityMwByTechnology":{},"plannedCapacityCoverage":{"coveragePercent":0.0,"knownUnitCount":0,"method":"unavailable","totalUnitCount":0},"plannedCapacityMw":0.0,"plannedCapacityMwByTechnology":{},"recordCount":1,"recordIds":["wattlas-record-osm-way-905885103"],"sourceIds":["openstreetmap-power"],"sourceUrl":"https://www.openstreetmap.org/way/905885103","technologies":["solar"],"technologyMixMw":{"solar":0.0},"unitCount":0,"unitIds":[]},"type":"Feature"},{"geometry":{"coordinates":[35.144091,32.966617],"type":"Point"},"id":"wattlas-plant-osm-way-905904270","properties":{"aliases":["Mapped power plant · OSM 905904270"],"canonicalAnchor":"osm:way/905904270","canonicalCountryKey":"IL","capacityMw":7.0,"country":"IL","externalIds":{"osm":"way/905904270"},"geographyId":"IL-19161824B91089536365577","id":"wattlas-plant-osm-way-905904270","lifecycleCounts":{"operational":1},"locationPrecision":"exact","name":"Mapped power plant · OSM 905904270","operatingCapacityCoverage":{"coveragePercent":100.0,"knownUnitCount":0,"method":"plant_aggregate","provenance":{"evidenceCount":0,"recordIds":["wattlas-record-osm-way-905904270"],"sourceIds":["openstreetmap-power"],"sourceTypes":["community_mapped"],"valueKind":"reported"},"totalUnitCount":0},"operatingCapacityMw":7.0,"operatingCapacityMwByTechnology":{"solar":7.0},"plannedCapacityCoverage":{"coveragePercent":0.0,"knownUnitCount":0,"method":"unavailable","totalUnitCount":0},"plannedCapacityMw":0.0,"plannedCapacityMwByTechnology":{},"recordCount":1,"recordIds":["wattlas-record-osm-way-905904270"],"sourceIds":["openstreetmap-power"],"sourceUrl":"https://www.openstreetmap.org/way/905904270","technologies":["solar"],"technologyMixMw":{"solar":7.0},"unitCount":0,"unitIds":[]},"type":"Feature"},{"geometry":{"coordinates":[34.884745,31.424489],"type":"Point"},"id":"wattlas-plant-osm-way-907891720","properties":{"aliases":["מתקן פוטו-וולטאי להב"],"canonicalAnchor":"osm:way/907891720","canonicalCountryKey":"IL","capacityMw":0.0,"country":"IL","externalIds":{"osm":"way/907891720"},"geographyId":"IL-19161824B24193204184747","id":"wattlas-plant-osm-way-907891720","lifecycleCounts":{"operational":1},"locationPrecision":"exact","name":"מתקן פוטו-וולטאי להב","operatingCapacityCoverage":{"coveragePercent":0.0,"knownUnitCount":0,"method":"unavailable","totalUnitCount":0},"operatingCapacityMw":0.0,"operatingCapacityMwByTechnology":{},"plannedCapacityCoverage":{"coveragePercent":0.0,"knownUnitCount":0,"method":"unavailable","totalUnitCount":0},"plannedCapacityMw":0.0,"plannedCapacityMwByTechnology":{},"recordCount":1,"recordIds":["wattlas-record-osm-way-907891720"],"sourceIds":["openstreetmap-power"],"sourceUrl":"https://www.openstreetmap.org/way/907891720","technologies":["solar"],"technologyMixMw":{"solar":0.0},"unitCount":0,"unitIds":[]},"type":"Feature"},{"geometry":{"coordinates":[35.47522,32.895159],"type":"Point"},"id":"wattlas-plant-osm-way-912531050","properties":{"aliases":["מתקן פוטו-וולטאי קדרים"],"canonicalAnchor":"osm:way/912531050","canonicalCountryKey":"IL","capacityMw":0.0,"country":"IL","externalIds":{"osm":"way/912531050"},"geographyId":"IL-19161824B91089536365577","id":"wattlas-plant-osm-way-912531050","lifecycleCounts":{"operational":1},"locationPrecision":"exact","name":"מתקן פוטו-וולטאי קדרים","operatingCapacityCoverage":{"coveragePercent":0.0,"knownUnitCount":0,"method":"unavailable","totalUnitCount":0},"operatingCapacityMw":0.0,"operatingCapacityMwByTechnology":{},"plannedCapacityCoverage":{"coveragePercent":0.0,"knownUnitCount":0,"method":"unavailable","totalUnitCount":0},"plannedCapacityMw":0.0,"plannedCapacityMwByTechnology":{},"recordCount":1,"recordIds":["wattlas-record-osm-way-912531050"],"sourceIds":["openstreetmap-power"],"sourceUrl":"https://www.openstreetmap.org/way/912531050","technologies":["solar"],"technologyMixMw":{"solar":0.0},"unitCount":0,"unitIds":[]},"type":"Feature"},{"geometry":{"coordinates":[34.739866,31.701802],"type":"Point"},"id":"wattlas-plant-osm-way-912536427","properties":{"aliases":["מתקן פוטו-וולטאי אביגדור"],"canonicalAnchor":"osm:way/912536427","canonicalCountryKey":"IL","capacityMw":5.7,"country":"IL","externalIds":{"osm":"way/912536427"},"geographyId":"IL-19161824B24193204184747","id":"wattlas-plant-osm-way-912536427","lifecycleCounts":{"operational":1},"locationPrecision":"exact","name":"מתקן פוטו-וולטאי אביגדור","operatingCapacityCoverage":{"coveragePercent":100.0,"knownUnitCount":0,"method":"plant_aggregate","provenance":{"evidenceCount":0,"recordIds":["wattlas-record-osm-way-912536427"],"sourceIds":["openstreetmap-power"],"sourceTypes":["community_mapped"],"valueKind":"reported"},"totalUnitCount":0},"operatingCapacityMw":5.7,"operatingCapacityMwByTechnology":{"solar":5.7},"plannedCapacityCoverage":{"coveragePercent":0.0,"knownUnitCount":0,"method":"unavailable","totalUnitCount":0},"plannedCapacityMw":0.0,"plannedCapacityMwByTechnology":{},"recordCount":1,"recordIds":["wattlas-record-osm-way-912536427"],"sourceIds":["openstreetmap-power"],"sourceUrl":"https://www.openstreetmap.org/way/912536427","technologies":["solar"],"technologyMixMw":{"solar":5.7},"unitCount":0,"unitIds":[]},"type":"Feature"},{"geometry":{"coordinates":[34.830273,31.710011],"type":"Point"},"id":"wattlas-plant-osm-way-914199234","properties":{"aliases":["מתקן פוטו-וולטאי כפר מנחם"],"canonicalAnchor":"osm:way/914199234","canonicalCountryKey":"IL","capacityMw":0.0,"country":"IL","externalIds":{"osm":"way/914199234"},"geographyId":"IL-19161824B24193204184747","id":"wattlas-plant-osm-way-914199234","lifecycleCounts":{"operational":1},"locationPrecision":"exact","name":"מתקן פוטו-וולטאי כפר מנחם","operatingCapacityCoverage":{"coveragePercent":0.0,"knownUnitCount":0,"method":"unavailable","totalUnitCount":0},"operatingCapacityMw":0.0,"operatingCapacityMwByTechnology":{},"plannedCapacityCoverage":{"coveragePercent":0.0,"knownUnitCount":0,"method":"unavailable","totalUnitCount":0},"plannedCapacityMw":0.0,"plannedCapacityMwByTechnology":{},"recordCount":1,"recordIds":["wattlas-record-osm-way-914199234"],"sourceIds":["openstreetmap-power"],"sourceUrl":"https://www.openstreetmap.org/way/914199234","technologies":["solar"],"technologyMixMw":{"solar":0.0},"unitCount":0,"unitIds":[]},"type":"Feature"},{"geometry":{"coordinates":[34.732236,31.678077],"type":"Point"},"id":"wattlas-plant-osm-way-921305668","properties":{"aliases":["מתקן פוטו-וולטאי זרחיה"],"canonicalAnchor":"osm:way/921305668","canonicalCountryKey":"IL","capacityMw":0.0,"country":"IL","externalIds":{"osm":"way/921305668"},"geographyId":"IL-19161824B24193204184747","id":"wattlas-plant-osm-way-921305668","lifecycleCounts":{"operational":1},"locationPrecision":"exact","name":"מתקן פוטו-וולטאי זרחיה","operatingCapacityCoverage":{"coveragePercent":0.0,"knownUnitCount":0,"method":"unavailable","totalUnitCount":0},"operatingCapacityMw":0.0,"operatingCapacityMwByTechnology":{},"plannedCapacityCoverage":{"coveragePercent":0.0,"knownUnitCount":0,"method":"unavailable","totalUnitCount":0},"plannedCapacityMw":0.0,"plannedCapacityMwByTechnology":{},"recordCount":1,"recordIds":["wattlas-record-osm-way-921305668"],"sourceIds":["openstreetmap-power"],"sourceUrl":"https://www.openstreetmap.org/way/921305668","technologies":["solar"],"technologyMixMw":{"solar":0.0},"unitCount":0,"unitIds":[]},"type":"Feature"},{"geometry":{"coordinates":[34.790649,31.128247],"type":"Point"},"id":"wattlas-plant-osm-way-958310942","properties":{"aliases":["Ramat Negev Power Station"],"canonicalAnchor":"osm:way/958310942","canonicalCountryKey":"IL","capacityMw":120.0,"country":"IL","externalIds":{"osm":"way/958310942"},"geographyId":"IL-19161824B24193204184747","id":"wattlas-plant-osm-way-958310942","lifecycleCounts":{"operational":1},"locationPrecision":"exact","name":"Ramat Negev Power Station","operatingCapacityCoverage":{"coveragePercent":100.0,"knownUnitCount":0,"method":"plant_aggregate","provenance":{"evidenceCount":0,"recordIds":["wattlas-record-osm-way-958310942"],"sourceIds":["openstreetmap-power"],"sourceTypes":["community_mapped"],"valueKind":"reported"},"totalUnitCount":0},"operatingCapacityMw":120.0,"operatingCapacityMwByTechnology":{"gas":120.0},"plannedCapacityCoverage":{"coveragePercent":0.0,"knownUnitCount":0,"method":"unavailable","totalUnitCount":0},"plannedCapacityMw":0.0,"plannedCapacityMwByTechnology":{},"recordCount":1,"recordIds":["wattlas-record-osm-way-958310942"],"sourceIds":["openstreetmap-power"],"sourceUrl":"https://www.openstreetmap.org/way/958310942","technologies":["gas"],"technologyMixMw":{"gas":120.0},"unitCount":0,"unitIds":[]},"type":"Feature"},{"geometry":{"coordinates":[34.915737,31.914904],"type":"Point"},"id":"wattlas-plant-wikidata-q11971930","properties":{"aliases":["מתקן גזר"],"canonicalAnchor":"wikidata:Q11971930","canonicalCountryKey":"IL","capacityMw":1336.0,"country":"IL","externalIds":{"osm":"way/283148571","wikidata":"Q11971930"},"geographyId":"IL-19161824B470428506180","id":"wattlas-plant-wikidata-q11971930","idAliases":["wattlas-plant-osm-way-283148571"],"lifecycleCounts":{"operational":1},"locationPrecision":"exact","name":"מתקן גזר","operatingCapacityCoverage":{"coveragePercent":100.0,"knownUnitCount":0,"method":"plant_aggregate","provenance":{"evidenceCount":0,"recordIds":["wattlas-record-osm-way-283148571"],"sourceIds":["openstreetmap-power"],"sourceTypes":["community_mapped"],"valueKind":"reported"},"totalUnitCount":0},"operatingCapacityMw":1336.0,"operatingCapacityMwByTechnology":{"gas":1336.0},"plannedCapacityCoverage":{"coveragePercent":0.0,"knownUnitCount":0,"method":"unavailable","totalUnitCount":0},"plannedCapacityMw":0.0,"plannedCapacityMwByTechnology":{},"recordCount":1,"recordIds":["wattlas-record-osm-way-283148571"],"sourceIds":["openstreetmap-power"],"sourceUrl":"https://www.openstreetmap.org/way/283148571","technologies":["gas"],"technologyMixMw":{"gas":1336.0},"unitCount":0,"unitIds":[]},"type":"Feature"},{"geometry":{"coordinates":[34.657272,31.841906],"type":"Point"},"id":"wattlas-plant-wikidata-q12057270","properties":{"aliases":["תחנת כוח אשכול"],"canonicalAnchor":"wikidata:Q12057270","canonicalCountryKey":"IL","capacityMw":1693.0,"country":"IL","externalIds":{"osm":"way/612880727","wikidata":"Q12057270","wikipedia":"he:תחנת הכוח אשכול"},"geographyId":"IL-19161824B24193204184747","id":"wattlas-plant-wikidata-q12057270","idAliases":["wattlas-plant-osm-way-612880727","wattlas-plant-wikipedia-he"],"lifecycleCounts":{"operational":1},"locationPrecision":"exact","name":"תחנת כוח אשכול","operatingCapacityCoverage":{"coveragePercent":100.0,"knownUnitCount":0,"method":"plant_aggregate","provenance":{"evidenceCount":0,"recordIds":["wattlas-record-osm-way-612880727"],"sourceIds":["openstreetmap-power"],"sourceTypes":["community_mapped"],"valueKind":"reported"},"totalUnitCount":0},"operatingCapacityMw":1693.0,"operatingCapacityMwByTechnology":{"gas":1693.0},"plannedCapacityCoverage":{"coveragePercent":0.0,"knownUnitCount":0,"method":"unavailable","totalUnitCount":0},"plannedCapacityMw":0.0,"plannedCapacityMwByTechnology":{},"recordCount":1,"recordIds":["wattlas-record-osm-way-612880727"],"sourceIds":["openstreetmap-power"],"sourceUrl":"https://www.openstreetmap.org/way/612880727","technologies":["gas"],"technologyMixMw":{"gas":1693.0},"unitCount":0,"unitIds":[]},"type":"Feature"},{"geometry":{"coordinates":[35.021136,32.811337],"type":"Point"},"id":"wattlas-plant-wikidata-q16131092","properties":{"aliases":["תחנת הכוח חיפה"],"canonicalAnchor":"wikidata:Q16131092","canonicalCountryKey":"IL","capacityMw":828.0,"country":"IL","externalIds":{"osm":"way/726587934","wikidata":"Q16131092"},"geographyId":"IL-19161824B12012272353046","id":"wattlas-plant-wikidata-q16131092","idAliases":["wattlas-plant-osm-way-726587934"],"lifecycleCounts":{"operational":1},"locationPrecision":"exact","name":"תחנת הכוח חיפה","operatingCapacityCoverage":{"coveragePercent":100.0,"knownUnitCount":0,"method":"plant_aggregate","provenance":{"evidenceCount":0,"recordIds":["wattlas-record-osm-way-726587934"],"sourceIds":["openstreetmap-power"],"sourceTypes":["community_mapped"],"valueKind":"reported"},"totalUnitCount":0},"operatingCapacityMw":828.0,"operatingCapacityMwByTechnology":{"gas":828.0},"plannedCapacityCoverage":{"coveragePercent":0.0,"knownUnitCount":0,"method":"unavailable","totalUnitCount":0},"plannedCapacityMw":0.0,"plannedCapacityMwByTechnology":{},"recordCount":1,"recordIds":["wattlas-record-osm-way-726587934"],"sourceIds":["openstreetmap-power"],"sourceUrl":"https://www.openstreetmap.org/way/726587934","technologies":["gas"],"technologyMixMw":{"gas":828.0},"unitCount":0,"unitIds":[]},"type":"Feature"},{"geometry":{"coordinates":[34.842362,31.714599],"type":"Point"},"id":"wattlas-plant-wikidata-q17008433","properties":{"aliases":["תחנת כח דליה"],"canonicalAnchor":"wikidata:Q17008433","canonicalCountryKey":"IL","capacityMw":900.0,"country":"IL","externalIds":{"osm":"relation/17552388","wikidata":"Q17008433"},"geographyId":"IL-19161824B24193204184747","id":"wattlas-plant-wikidata-q17008433","idAliases":["wattlas-plant-osm-relation-17552388"],"lifecycleCounts":{"operational":1},"locationPrecision":"exact","name":"תחנת כח דליה","operatingCapacityCoverage":{"coveragePercent":100.0,"knownUnitCount":0,"method":"plant_aggregate","provenance":{"evidenceCount":0,"recordIds":["wattlas-record-osm-relation-17552388"],"sourceIds":["openstreetmap-power"],"sourceTypes":["community_mapped"],"valueKind":"reported"},"totalUnitCount":0},"operatingCapacityMw":900.0,"operatingCapacityMwByTechnology":{"gas":900.0},"plannedCapacityCoverage":{"coveragePercent":0.0,"knownUnitCount":0,"method":"unavailable","totalUnitCount":0},"plannedCapacityMw":0.0,"plannedCapacityMwByTechnology":{},"recordCount":1,"recordIds":["wattlas-record-osm-relation-17552388"],"sourceIds":["openstreetmap-power"],"sourceUrl":"https://www.openstreetmap.org/relation/17552388","technologies":["gas"],"technologyMixMw":{"gas":900.0},"unitCount":0,"unitIds":[]},"type":"Feature"},{"geometry":{"coordinates":[34.890476,32.470741],"type":"Point"},"id":"wattlas-plant-wikidata-q1931760","properties":{"aliases":["אתר תחנות-הכוח „אורות רבין”‏"],"canonicalAnchor":"wikidata:Q1931760","canonicalCountryKey":"IL","capacityMw":2605.0,"country":"IL","externalIds":{"osm":"way/24694956","wikidata":"Q1931760"},"geographyId":"IL-19161824B12012272353046","id":"wattlas-plant-wikidata-q1931760","idAliases":["wattlas-plant-osm-way-24694956"],"lifecycleCounts":{"operational":1},"locationPrecision":"exact","name":"אתר תחנות-הכוח „אורות רבין”‏","operatingCapacityCoverage":{"coveragePercent":100.0,"knownUnitCount":0,"method":"plant_aggregate","provenance":{"evidenceCount":0,"recordIds":["wattlas-record-osm-way-24694956"],"sourceIds":["openstreetmap-power"],"sourceTypes":["community_mapped"],"valueKind":"reported"},"totalUnitCount":0},"operatingCapacityMw":2605.0,"operatingCapacityMwByTechnology":{"gas":2605.0},"plannedCapacityCoverage":{"coveragePercent":0.0,"knownUnitCount":0,"method":"unavailable","totalUnitCount":0},"plannedCapacityMw":0.0,"plannedCapacityMwByTechnology":{},"recordCount":1,"recordIds":["wattlas-record-osm-way-24694956"],"sourceIds":["openstreetmap-power"],"sourceUrl":"https://www.openstreetmap.org/way/24694956","technologies":["gas"],"technologyMixMw":{"gas":2605.0},"unitCount":0,"unitIds":[]},"type":"Feature"},{"geometry":{"coordinates":[34.814708,31.154165],"type":"Point"},"id":"wattlas-plant-wikidata-q19386164","properties":{"aliases":["תחנת הכוח רמת חובב"],"canonicalAnchor":"wikidata:Q19386164","canonicalCountryKey":"IL","capacityMw":1137.0,"country":"IL","externalIds":{"osm":"way/352622092","wikidata":"Q19386164"},"geographyId":"IL-19161824B24193204184747","id":"wattlas-plant-wikidata-q19386164","idAliases":["wattlas-plant-osm-way-352622092"],"lifecycleCounts":{"operational":1},"locationPrecision":"exact","name":"תחנת הכוח רמת חובב","operatingCapacityCoverage":{"coveragePercent":100.0,"knownUnitCount":0,"method":"plant_aggregate","provenance":{"evidenceCount":0,"recordIds":["wattlas-record-osm-way-352622092"],"sourceIds":["openstreetmap-power"],"sourceTypes":["community_mapped"],"valueKind":"reported"},"totalUnitCount":0},"operatingCapacityMw":1137.0,"operatingCapacityMwByTechnology":{"gas":1137.0},"plannedCapacityCoverage":{"coveragePercent":0.0,"knownUnitCount":0,"method":"unavailable","totalUnitCount":0},"plannedCapacityMw":0.0,"plannedCapacityMwByTechnology":{},"recordCount":1,"recordIds":["wattlas-record-osm-way-352622092"],"sourceIds":["openstreetmap-power"],"sourceUrl":"https://www.openstreetmap.org/way/352622092","technologies":["gas"],"technologyMixMw":{"gas":1137.0},"unitCount":0,"unitIds":[]},"type":"Feature"},{"geometry":{"coordinates":[34.729868,30.963845],"type":"Point"},"id":"wattlas-plant-wikidata-q2897210","properties":{"aliases":["תחנת הכוח באשלים"],"canonicalAnchor":"wikidata:Q2897210","canonicalCountryKey":"IL","capacityMw":121.0,"country":"IL","externalIds":{"osm":"way/425794706","wikidata":"Q2897210","wikipedia":"he:תחנות הכוח באשלים"},"geographyId":"IL-19161824B24193204184747","id":"wattlas-plant-wikidata-q2897210","idAliases":["wattlas-plant-osm-way-425794706"],"lifecycleCounts":{"operational":1},"locationPrecision":"exact","name":"תחנת הכוח באשלים","operatingCapacityCoverage":{"coveragePercent":100.0,"knownUnitCount":0,"method":"plant_aggregate","provenance":{"evidenceCount":0,"recordIds":["wattlas-record-osm-way-425794706"],"sourceIds":["openstreetmap-power"],"sourceTypes":["community_mapped"],"valueKind":"reported"},"totalUnitCount":0},"operatingCapacityMw":121.0,"operatingCapacityMwByTechnology":{"solar":121.0},"plannedCapacityCoverage":{"coveragePercent":0.0,"knownUnitCount":0,"method":"unavailable","totalUnitCount":0},"plannedCapacityMw":0.0,"plannedCapacityMwByTechnology":{},"recordCount":1,"recordIds":["wattlas-record-osm-way-425794706"],"sourceIds":["openstreetmap-power"],"sourceUrl":"https://www.openstreetmap.org/way/425794706","technologies":["solar"],"technologyMixMw":{"solar":121.0},"unitCount":0,"unitIds":[]},"type":"Feature"},{"geometry":{"coordinates":[34.528075,31.627519],"type":"Point"},"id":"wattlas-plant-wikidata-q2904076","properties":{"aliases":["תחנת הכוח רוטנברג"],"canonicalAnchor":"wikidata:Q2904076","canonicalCountryKey":"IL","capacityMw":2290.0,"country":"IL","externalIds":{"osm":"way/95517408","wikidata":"Q2904076"},"geographyId":"IL-19161824B24193204184747","id":"wattlas-plant-wikidata-q2904076","idAliases":["wattlas-plant-osm-way-95517408"],"lifecycleCounts":{"operational":1},"locationPrecision":"exact","name":"תחנת הכוח רוטנברג","operatingCapacityCoverage":{"coveragePercent":100.0,"knownUnitCount":0,"method":"plant_aggregate","provenance":{"evidenceCount":0,"recordIds":["wattlas-record-osm-way-95517408"],"sourceIds":["openstreetmap-power"],"sourceTypes":["community_mapped"],"valueKind":"reported"},"totalUnitCount":0},"operatingCapacityMw":2290.0,"operatingCapacityMwByTechnology":{"coal":2290.0},"plannedCapacityCoverage":{"coveragePercent":0.0,"knownUnitCount":0,"method":"unavailable","totalUnitCount":0},"plannedCapacityMw":0.0,"plannedCapacityMwByTechnology":{},"recordCount":1,"recordIds":["wattlas-record-osm-way-95517408"],"sourceIds":["openstreetmap-power"],"sourceUrl":"https://www.openstreetmap.org/way/95517408","technologies":["coal"],"technologyMixMw":{"coal":2290.0},"unitCount":0,"unitIds":[]},"type":"Feature"},{"geometry":{"coordinates":[34.779056,32.105083],"type":"Point"},"id":"wattlas-plant-wikidata-q2904388","properties":{"aliases":["תחנת רידינג"],"canonicalAnchor":"wikidata:Q2904388","canonicalCountryKey":"IL","capacityMw":428.0,"country":"IL","externalIds":{"osm":"way/97714590","wikidata":"Q2904388","wikipedia":"he:תחנת הכוח רדינג"},"geographyId":"IL-19161824B77983365125372","id":"wattlas-plant-wikidata-q2904388","idAliases":["wattlas-plant-osm-way-97714590"],"lifecycleCounts":{"operational":1},"locationPrecision":"exact","name":"תחנת רידינג","operatingCapacityCoverage":{"coveragePercent":100.0,"knownUnitCount":0,"method":"plant_aggregate","provenance":{"evidenceCount":0,"recordIds":["wattlas-record-osm-way-97714590"],"sourceIds":["openstreetmap-power"],"sourceTypes":["community_mapped"],"valueKind":"reported"},"totalUnitCount":0},"operatingCapacityMw":428.0,"operatingCapacityMwByTechnology":{"gas":428.0},"plannedCapacityCoverage":{"coveragePercent":0.0,"knownUnitCount":0,"method":"unavailable","totalUnitCount":0},"plannedCapacityMw":0.0,"plannedCapacityMwByTechnology":{},"recordCount":1,"recordIds":["wattlas-record-osm-way-97714590"],"sourceIds":["openstreetmap-power"],"sourceUrl":"https://www.openstreetmap.org/way/97714590","technologies":["gas"],"technologyMixMw":{"gas":428.0},"unitCount":0,"unitIds":[]},"type":"Feature"},{"geometry":{"coordinates":[35.040451,32.618228],"type":"Point"},"id":"wattlas-plant-wikidata-q51765875","properties":{"aliases":["תחנת חגית"],"canonicalAnchor":"wikidata:Q51765875","canonicalCountryKey":"IL","capacityMw":1394.0,"country":"IL","externalIds":{"osm":"way/373594093","wikidata":"Q51765875"},"geographyId":"IL-19161824B12012272353046","id":"wattlas-plant-wikidata-q51765875","idAliases":["wattlas-plant-osm-way-373594093"],"lifecycleCounts":{"operational":1},"locationPrecision":"exact","name":"תחנת חגית","operatingCapacityCoverage":{"coveragePercent":100.0,"knownUnitCount":0,"method":"plant_aggregate","provenance":{"evidenceCount":0,"recordIds":["wattlas-record-osm-way-373594093"],"sourceIds":["openstreetmap-power"],"sourceTypes":["community_mapped"],"valueKind":"reported"},"totalUnitCount":0},"operatingCapacityMw":1394.0,"operatingCapacityMwByTechnology":{"gas":1394.0},"plannedCapacityCoverage":{"coveragePercent":0.0,"knownUnitCount":0,"method":"unavailable","totalUnitCount":0},"plannedCapacityMw":0.0,"plannedCapacityMwByTechnology":{},"recordCount":1,"recordIds":["wattlas-record-osm-way-373594093"],"sourceIds":["openstreetmap-power"],"sourceUrl":"https://www.openstreetmap.org/way/373594093","technologies":["gas"],"technologyMixMw":{"gas":1394.0},"unitCount":0,"unitIds":[]},"type":"Feature"},{"geometry":{"coordinates":[34.530467,31.63592],"type":"Point"},"id":"wattlas-plant-wikidata-q5297464","properties":{"aliases":["תחנת הכוח דוראד"],"canonicalAnchor":"wikidata:Q5297464","canonicalCountryKey":"IL","capacityMw":840.0,"country":"IL","externalIds":{"osm":"way/232867077","wikidata":"Q5297464"},"geographyId":"IL-19161824B24193204184747","id":"wattlas-plant-wikidata-q5297464","idAliases":["wattlas-plant-osm-way-232867077"],"lifecycleCounts":{"operational":1},"locationPrecision":"exact","name":"תחנת הכוח דוראד","operatingCapacityCoverage":{"coveragePercent":100.0,"knownUnitCount":0,"method":"plant_aggregate","provenance":{"evidenceCount":0,"recordIds":["wattlas-record-osm-way-232867077"],"sourceIds":["openstreetmap-power"],"sourceTypes":["community_mapped"],"valueKind":"reported"},"totalUnitCount":0},"operatingCapacityMw":840.0,"operatingCapacityMwByTechnology":{"gas":840.0},"plannedCapacityCoverage":{"coveragePercent":0.0,"knownUnitCount":0,"method":"unavailable","totalUnitCount":0},"plannedCapacityMw":0.0,"plannedCapacityMwByTechnology":{},"recordCount":1,"recordIds":["wattlas-record-osm-way-232867077"],"sourceIds":["openstreetmap-power"],"sourceUrl":"https://www.openstreetmap.org/way/232867077","technologies":["gas"],"technologyMixMw":{"gas":840.0},"unitCount":0,"unitIds":[]},"type":"Feature"},{"geometry":{"coordinates":[35.367557,32.633367],"type":"Point"},"id":"wattlas-plant-wikidata-q61127044","properties":{"aliases":["תחנת הכוח אלון תבור"],"canonicalAnchor":"wikidata:Q61127044","canonicalCountryKey":"IL","capacityMw":583.0,"country":"IL","externalIds":{"osm":"way/726587932","wikidata":"Q61127044"},"geographyId":"IL-19161824B91089536365577","id":"wattlas-plant-wikidata-q61127044","idAliases":["wattlas-plant-osm-way-726587932"],"lifecycleCounts":{"operational":1},"locationPrecision":"exact","name":"תחנת הכוח אלון תבור","operatingCapacityCoverage":{"coveragePercent":100.0,"knownUnitCount":0,"method":"plant_aggregate","provenance":{"evidenceCount":0,"recordIds":["wattlas-record-osm-way-726587932"],"sourceIds":["openstreetmap-power"],"sourceTypes":["community_mapped"],"valueKind":"reported"},"totalUnitCount":0},"operatingCapacityMw":583.0,"operatingCapacityMwByTechnology":{"gas":583.0},"plannedCapacityCoverage":{"coveragePercent":0.0,"knownUnitCount":0,"method":"unavailable","totalUnitCount":0},"plannedCapacityMw":0.0,"plannedCapacityMwByTechnology":{},"recordCount":1,"recordIds":["wattlas-record-osm-way-726587932"],"sourceIds":["openstreetmap-power"],"sourceUrl":"https://www.openstreetmap.org/way/726587932","technologies":["gas"],"technologyMixMw":{"gas":583.0},"unitCount":0,"unitIds":[]},"type":"Feature"},{"geometry":{"coordinates":[34.840683,31.711209],"type":"Point"},"id":"wattlas-plant-wikidata-q97179640","properties":{"aliases":["צפית"],"canonicalAnchor":"wikidata:Q97179640","canonicalCountryKey":"IL","capacityMw":583.0,"country":"IL","externalIds":{"osm":"way/111866568","wikidata":"Q97179640"},"geographyId":"IL-19161824B24193204184747","id":"wattlas-plant-wikidata-q97179640","idAliases":["wattlas-plant-osm-way-111866568"],"lifecycleCounts":{"operational":1},"locationPrecision":"exact","name":"צפית","operatingCapacityCoverage":{"coveragePercent":100.0,"knownUnitCount":0,"method":"plant_aggregate","provenance":{"evidenceCount":0,"recordIds":["wattlas-record-osm-way-111866568"],"sourceIds":["openstreetmap-power"],"sourceTypes":["community_mapped"],"valueKind":"reported"},"totalUnitCount":0},"operatingCapacityMw":583.0,"operatingCapacityMwByTechnology":{"gas":583.0},"plannedCapacityCoverage":{"coveragePercent":0.0,"knownUnitCount":0,"method":"unavailable","totalUnitCount":0},"plannedCapacityMw":0.0,"plannedCapacityMwByTechnology":{},"recordCount":1,"recordIds":["wattlas-record-osm-way-111866568"],"sourceIds":["openstreetmap-power"],"sourceUrl":"https://www.openstreetmap.org/way/111866568","technologies":["gas"],"technologyMixMw":{"gas":583.0},"unitCount":0,"unitIds":[]},"type":"Feature"}],"type":"FeatureCollection"}