{"features":[{"geometry":{"coordinates":[32.067372,49.390543],"type":"Point"},"id":"wattlas-plant-gemplant-l100000103727","properties":{"aliases":["Cherkasy power station","Unit 3","Unit 4","Unit 5"],"canonicalAnchor":"gemplant:L100000103727","canonicalCountryKey":"UA","capacityMw":180.0,"country":"UA","externalIdAliases":{"gemUnit":["G100000101427","G100000101428","G100000101429"]},"externalIds":{"gemPlant":"L100000103727","gemUnit":"G100000101429"},"gemWikiUrl":"https://www.gem.wiki/Cherkasy_power_station","geographyId":"UA-14850775B95678810793770","id":"wattlas-plant-gemplant-l100000103727","lifecycleCounts":{"operational":3},"locationPrecision":"exact","name":"Cherkasy power station","operatingCapacityCoverage":{"coveragePercent":100.0,"knownUnitCount":3,"method":"complete_unit_sum","provenance":{"evidenceCount":0,"recordIds":["wattlas-record-gemunit-g100000101427","wattlas-record-gemunit-g100000101428","wattlas-record-gemunit-g100000101429"],"sourceIds":["gem-global-integrated-power-tracker"],"sourceTypes":["research_verified"],"valueKind":"reported"},"totalUnitCount":3},"operatingCapacityMw":180.0,"operatingCapacityMwByTechnology":{"coal":180.0},"plannedCapacityCoverage":{"coveragePercent":0.0,"knownUnitCount":0,"method":"unavailable","totalUnitCount":0},"plannedCapacityMw":0.0,"plannedCapacityMwByTechnology":{},"recordCount":3,"recordIds":["wattlas-record-gemunit-g100000101427","wattlas-record-gemunit-g100000101428","wattlas-record-gemunit-g100000101429"],"sourceIds":["gem-global-integrated-power-tracker"],"sourceUrl":"https://www.gem.wiki/Cherkasy_power_station","technologies":["coal"],"technologyMixMw":{"coal":180.0},"unitCount":3,"unitIds":["gem-unit-G100000101427","gem-unit-G100000101428","gem-unit-G100000101429"]},"type":"Feature"},{"geometry":{"coordinates":[31.260173,51.45496],"type":"Point"},"id":"wattlas-plant-gemplant-l100000103728","properties":{"aliases":["Chernihiv power station","Unit 1, timepoint 1","Unit 1, timepoint 2","Unit 2, timepoint 1","Unit 2, timepoint 2","Unit 3, timepoint 1","Unit 3, timepoint 2","Unit 4"],"canonicalAnchor":"gemplant:L100000103728","canonicalCountryKey":"UA","capacityMw":270.0,"country":"UA","externalIdAliases":{"gemUnit":["G100000101430","G100000101431","G100000101432","G100001017923","G100001018021","G100001018022","G100001064008"]},"externalIds":{"gemPlant":"L100000103728","gemUnit":"G100001064008"},"gemWikiUrl":"https://www.gem.wiki/Chernihiv_power_station","geographyId":"UA-14850775B55286662261645","id":"wattlas-plant-gemplant-l100000103728","lifecycleCounts":{"announced":1,"cancelled":3,"operational":3},"locationPrecision":"exact","name":"Chernihiv power station","operatingCapacityCoverage":{"coveragePercent":100.0,"knownUnitCount":3,"method":"complete_unit_sum","provenance":{"evidenceCount":0,"recordIds":["wattlas-record-gemunit-g100001017923","wattlas-record-gemunit-g100001018021","wattlas-record-gemunit-g100001018022"],"sourceIds":["gem-global-integrated-power-tracker"],"sourceTypes":["research_verified"],"valueKind":"reported"},"totalUnitCount":3},"operatingCapacityMw":220.0,"operatingCapacityMwByTechnology":{"gas":220.0},"plannedCapacityCoverage":{"coveragePercent":100.0,"knownUnitCount":1,"method":"complete_unit_sum","provenance":{"evidenceCount":0,"recordIds":["wattlas-record-gemunit-g100001064008"],"sourceIds":["gem-global-integrated-power-tracker"],"sourceTypes":["research_verified"],"valueKind":"reported"},"totalUnitCount":1},"plannedCapacityMw":50.0,"plannedCapacityMwByTechnology":{"gas":50.0},"recordCount":7,"recordIds":["wattlas-record-gemunit-g100000101430","wattlas-record-gemunit-g100000101431","wattlas-record-gemunit-g100000101432","wattlas-record-gemunit-g100001017923","wattlas-record-gemunit-g100001018021","wattlas-record-gemunit-g100001018022","wattlas-record-gemunit-g100001064008"],"sourceIds":["gem-global-integrated-power-tracker"],"sourceUrl":"https://www.gem.wiki/Chernihiv_power_station","technologies":["coal","gas"],"technologyMixMw":{"gas":270.0},"unitCount":7,"unitIds":["gem-unit-G100000101430","gem-unit-G100000101431","gem-unit-G100000101432","gem-unit-G100001017923","gem-unit-G100001018021","gem-unit-G100001018022","gem-unit-G100001064008"]},"type":"Feature"},{"geometry":{"coordinates":[33.659513,47.543204],"type":"Point"},"id":"wattlas-plant-gemplant-l100000103729","properties":{"aliases":["Kryvorizka power station","Unit 1","Unit 10","Unit 2","Unit 3","Unit 4","Unit 5","Unit 6","Unit 7","Unit 8","Unit 9"],"canonicalAnchor":"gemplant:L100000103729","canonicalCountryKey":"UA","capacityMw":0.0,"country":"UA","externalIdAliases":{"gemUnit":["G100000105976","G100000105977","G100000105978","G100000105979","G100000105980","G100000105981","G100000105982","G100000105983","G100000105984","G100000105985"]},"externalIds":{"gemPlant":"L100000103729","gemUnit":"G100000105985"},"gemWikiUrl":"https://www.gem.wiki/Kryvorizka_power_station","geographyId":"UA-14850775B41808765507575","id":"wattlas-plant-gemplant-l100000103729","lifecycleCounts":{"cancelled":3,"paused":7},"locationPrecision":"exact","name":"Kryvorizka power station","operatingCapacityCoverage":{"coveragePercent":0.0,"knownUnitCount":0,"method":"unavailable","totalUnitCount":0},"operatingCapacityMw":0.0,"operatingCapacityMwByTechnology":{},"plannedCapacityCoverage":{"coveragePercent":0.0,"knownUnitCount":0,"method":"unavailable","totalUnitCount":0},"plannedCapacityMw":0.0,"plannedCapacityMwByTechnology":{},"recordCount":10,"recordIds":["wattlas-record-gemunit-g100000105976","wattlas-record-gemunit-g100000105977","wattlas-record-gemunit-g100000105978","wattlas-record-gemunit-g100000105979","wattlas-record-gemunit-g100000105980","wattlas-record-gemunit-g100000105981","wattlas-record-gemunit-g100000105982","wattlas-record-gemunit-g100000105983","wattlas-record-gemunit-g100000105984","wattlas-record-gemunit-g100000105985"],"sourceIds":["gem-global-integrated-power-tracker"],"sourceUrl":"https://www.gem.wiki/Kryvorizka_power_station","technologies":["coal"],"technologyMixMw":{"coal":0.0},"unitCount":10,"unitIds":["gem-unit-G100000105976","gem-unit-G100000105977","gem-unit-G100000105978","gem-unit-G100000105979","gem-unit-G100000105980","gem-unit-G100000105981","gem-unit-G100000105982","gem-unit-G100000105983","gem-unit-G100000105984","gem-unit-G100000105985"]},"type":"Feature"},{"geometry":{"coordinates":[35.111749,48.405291],"type":"Point"},"id":"wattlas-plant-gemplant-l100000103730","properties":{"aliases":["Prydniprovska power station","Unit 1","Unit 10","Unit 11","Unit 12","Unit 13","Unit 14","Unit 2","Unit 7","Unit 8","Unit 9"],"canonicalAnchor":"gemplant:L100000103730","canonicalCountryKey":"UA","capacityMw":0.0,"country":"UA","externalIdAliases":{"gemUnit":["G100000108171","G100000108172","G100000108173","G100000108174","G100000108175","G100000108176","G100000108177","G100000108178","G100000108179","G100000108180"]},"externalIds":{"gemPlant":"L100000103730","gemUnit":"G100000108180"},"gemWikiUrl":"https://www.gem.wiki/Prydniprovska_power_station","geographyId":"UA-14850775B41808765507575","id":"wattlas-plant-gemplant-l100000103730","lifecycleCounts":{"cancelled":5,"paused":5},"locationPrecision":"exact","name":"Prydniprovska power station","operatingCapacityCoverage":{"coveragePercent":0.0,"knownUnitCount":0,"method":"unavailable","totalUnitCount":0},"operatingCapacityMw":0.0,"operatingCapacityMwByTechnology":{},"plannedCapacityCoverage":{"coveragePercent":0.0,"knownUnitCount":0,"method":"unavailable","totalUnitCount":0},"plannedCapacityMw":0.0,"plannedCapacityMwByTechnology":{},"recordCount":10,"recordIds":["wattlas-record-gemunit-g100000108171","wattlas-record-gemunit-g100000108172","wattlas-record-gemunit-g100000108173","wattlas-record-gemunit-g100000108174","wattlas-record-gemunit-g100000108175","wattlas-record-gemunit-g100000108176","wattlas-record-gemunit-g100000108177","wattlas-record-gemunit-g100000108178","wattlas-record-gemunit-g100000108179","wattlas-record-gemunit-g100000108180"],"sourceIds":["gem-global-integrated-power-tracker"],"sourceUrl":"https://www.gem.wiki/Prydniprovska_power_station","technologies":["coal"],"technologyMixMw":{"coal":0.0},"unitCount":10,"unitIds":["gem-unit-G100000108171","gem-unit-G100000108172","gem-unit-G100000108173","gem-unit-G100000108174","gem-unit-G100000108175","gem-unit-G100000108176","gem-unit-G100000108177","gem-unit-G100000108178","gem-unit-G100000108179","gem-unit-G100000108180"]},"type":"Feature"},{"geometry":{"coordinates":[37.572339,48.747705],"type":"Point"},"id":"wattlas-plant-gemplant-l100000103731","properties":{"aliases":["Kramatorskaya power station","Unit 3","Unit 4"],"canonicalAnchor":"gemplant:L100000103731","canonicalCountryKey":"UA","capacityMw":0.0,"country":"UA","externalIdAliases":{"gemUnit":["G100000105937","G100000105938"]},"externalIds":{"gemPlant":"L100000103731","gemUnit":"G100000105938"},"gemWikiUrl":"https://www.gem.wiki/Kramatorskaya_power_station","geographyId":"UA-14850775B15615817748403","id":"wattlas-plant-gemplant-l100000103731","lifecycleCounts":{"paused":2},"locationPrecision":"exact","name":"Kramatorskaya power station","operatingCapacityCoverage":{"coveragePercent":0.0,"knownUnitCount":0,"method":"unavailable","totalUnitCount":0},"operatingCapacityMw":0.0,"operatingCapacityMwByTechnology":{},"plannedCapacityCoverage":{"coveragePercent":0.0,"knownUnitCount":0,"method":"unavailable","totalUnitCount":0},"plannedCapacityMw":0.0,"plannedCapacityMwByTechnology":{},"recordCount":2,"recordIds":["wattlas-record-gemunit-g100000105937","wattlas-record-gemunit-g100000105938"],"sourceIds":["gem-global-integrated-power-tracker"],"sourceUrl":"https://www.gem.wiki/Kramatorskaya_power_station","technologies":["coal"],"technologyMixMw":{"coal":0.0},"unitCount":2,"unitIds":["gem-unit-G100000105937","gem-unit-G100000105938"]},"type":"Feature"},{"geometry":{"coordinates":[37.237077,47.994514],"type":"Point"},"id":"wattlas-plant-gemplant-l100000103732","properties":{"aliases":["Kurakhov power station","Unit 3","Unit 4","Unit 5","Unit 6","Unit 7","Unit 8","Unit 9"],"canonicalAnchor":"gemplant:L100000103732","canonicalCountryKey":"UA","capacityMw":0.0,"country":"UA","externalIdAliases":{"gemUnit":["G100000106029","G100000106030","G100000106031","G100000106032","G100000106033","G100000106034","G100000106035"]},"externalIds":{"gemPlant":"L100000103732","gemUnit":"G100000106035"},"gemWikiUrl":"https://www.gem.wiki/Kurakhov_power_station","geographyId":"UA-14850775B15615817748403","id":"wattlas-plant-gemplant-l100000103732","lifecycleCounts":{"cancelled":7},"locationPrecision":"exact","name":"Kurakhov power station","operatingCapacityCoverage":{"coveragePercent":0.0,"knownUnitCount":0,"method":"unavailable","totalUnitCount":0},"operatingCapacityMw":0.0,"operatingCapacityMwByTechnology":{},"plannedCapacityCoverage":{"coveragePercent":0.0,"knownUnitCount":0,"method":"unavailable","totalUnitCount":0},"plannedCapacityMw":0.0,"plannedCapacityMwByTechnology":{},"recordCount":7,"recordIds":["wattlas-record-gemunit-g100000106029","wattlas-record-gemunit-g100000106030","wattlas-record-gemunit-g100000106031","wattlas-record-gemunit-g100000106032","wattlas-record-gemunit-g100000106033","wattlas-record-gemunit-g100000106034","wattlas-record-gemunit-g100000106035"],"sourceIds":["gem-global-integrated-power-tracker"],"sourceUrl":"https://www.gem.wiki/Kurakhov_power_station","technologies":["coal"],"technologyMixMw":{"coal":0.0},"unitCount":7,"unitIds":["gem-unit-G100000106029","gem-unit-G100000106030","gem-unit-G100000106031","gem-unit-G100000106032","gem-unit-G100000106033","gem-unit-G100000106034","gem-unit-G100000106035"]},"type":"Feature"},{"geometry":{"coordinates":[38.284834,48.479778],"type":"Point"},"id":"wattlas-plant-gemplant-l100000103733","properties":{"aliases":["Myronivskyi power station","Unit 2","Unit 3","Unit 5"],"canonicalAnchor":"gemplant:L100000103733","canonicalCountryKey":"UA","capacityMw":0.0,"country":"UA","externalIdAliases":{"gemUnit":["G100000107148","G100000107149","G100000107150"]},"externalIds":{"gemPlant":"L100000103733","gemUnit":"G100000107150"},"gemWikiUrl":"https://www.gem.wiki/Myronivskyi_power_station","geographyId":"UA-14850775B15615817748403","id":"wattlas-plant-gemplant-l100000103733","lifecycleCounts":{"paused":3},"locationPrecision":"exact","name":"Myronivskyi power station","operatingCapacityCoverage":{"coveragePercent":0.0,"knownUnitCount":0,"method":"unavailable","totalUnitCount":0},"operatingCapacityMw":0.0,"operatingCapacityMwByTechnology":{},"plannedCapacityCoverage":{"coveragePercent":0.0,"knownUnitCount":0,"method":"unavailable","totalUnitCount":0},"plannedCapacityMw":0.0,"plannedCapacityMwByTechnology":{},"recordCount":3,"recordIds":["wattlas-record-gemunit-g100000107148","wattlas-record-gemunit-g100000107149","wattlas-record-gemunit-g100000107150"],"sourceIds":["gem-global-integrated-power-tracker"],"sourceUrl":"https://www.gem.wiki/Myronivskyi_power_station","technologies":["coal"],"technologyMixMw":{"coal":0.0},"unitCount":3,"unitIds":["gem-unit-G100000107148","gem-unit-G100000107149","gem-unit-G100000107150"]},"type":"Feature"},{"geometry":{"coordinates":[37.765621,48.870681],"type":"Point"},"id":"wattlas-plant-gemplant-l100000103734","properties":{"aliases":["Slavyansk power station","Unit 4","Unit 5","Unit 6a","Unit 6b","Unit 7"],"canonicalAnchor":"gemplant:L100000103734","canonicalCountryKey":"UA","capacityMw":0.0,"country":"UA","externalIdAliases":{"gemUnit":["G100000109480","G100000109481","G100000109482","G100000109483","G100000109484"]},"externalIds":{"gemPlant":"L100000103734","gemUnit":"G100000109482"},"gemWikiUrl":"https://www.gem.wiki/Slavyansk_power_station","geographyId":"UA-14850775B15615817748403","id":"wattlas-plant-gemplant-l100000103734","lifecycleCounts":{"cancelled":2,"paused":3},"locationPrecision":"exact","name":"Slavyansk power station","operatingCapacityCoverage":{"coveragePercent":0.0,"knownUnitCount":0,"method":"unavailable","totalUnitCount":0},"operatingCapacityMw":0.0,"operatingCapacityMwByTechnology":{},"plannedCapacityCoverage":{"coveragePercent":0.0,"knownUnitCount":0,"method":"unavailable","totalUnitCount":0},"plannedCapacityMw":0.0,"plannedCapacityMwByTechnology":{},"recordCount":5,"recordIds":["wattlas-record-gemunit-g100000109480","wattlas-record-gemunit-g100000109481","wattlas-record-gemunit-g100000109482","wattlas-record-gemunit-g100000109483","wattlas-record-gemunit-g100000109484"],"sourceIds":["gem-global-integrated-power-tracker"],"sourceUrl":"https://www.gem.wiki/Slavyansk_power_station","technologies":["coal"],"technologyMixMw":{"coal":0.0},"unitCount":5,"unitIds":["gem-unit-G100000109480","gem-unit-G100000109481","gem-unit-G100000109482","gem-unit-G100000109483","gem-unit-G100000109484"]},"type":"Feature"},{"geometry":{"coordinates":[38.005422,47.800786],"type":"Point"},"id":"wattlas-plant-gemplant-l100000103735","properties":{"aliases":["Starobesheve power station","Unit 10","Unit 11","Unit 12","Unit 13","Unit 4R","Unit 5","Unit 6","Unit 7","Unit 8","Unit 9"],"canonicalAnchor":"gemplant:L100000103735","canonicalCountryKey":"UA","capacityMw":2010.0,"country":"UA","externalIdAliases":{"gemUnit":["G100000109605","G100000109606","G100000109607","G100000109608","G100000109609","G100000109610","G100000109611","G100000109612","G100000109613","G100000109614"]},"externalIds":{"gemPlant":"L100000103735","gemUnit":"G100000109614"},"gemWikiUrl":"https://www.gem.wiki/Starobesheve_power_station","geographyId":"UA-14850775B15615817748403","id":"wattlas-plant-gemplant-l100000103735","lifecycleCounts":{"operational":10},"locationPrecision":"exact","name":"Starobesheve power station","operatingCapacityCoverage":{"coveragePercent":100.0,"knownUnitCount":10,"method":"complete_unit_sum","provenance":{"evidenceCount":0,"recordIds":["wattlas-record-gemunit-g100000109605","wattlas-record-gemunit-g100000109606","wattlas-record-gemunit-g100000109607","wattlas-record-gemunit-g100000109608","wattlas-record-gemunit-g100000109609","wattlas-record-gemunit-g100000109610","wattlas-record-gemunit-g100000109611","wattlas-record-gemunit-g100000109612","wattlas-record-gemunit-g100000109613","wattlas-record-gemunit-g100000109614"],"sourceIds":["gem-global-integrated-power-tracker"],"sourceTypes":["research_verified"],"valueKind":"reported"},"totalUnitCount":10},"operatingCapacityMw":2010.0,"operatingCapacityMwByTechnology":{"coal":2010.0},"plannedCapacityCoverage":{"coveragePercent":0.0,"knownUnitCount":0,"method":"unavailable","totalUnitCount":0},"plannedCapacityMw":0.0,"plannedCapacityMwByTechnology":{},"recordCount":10,"recordIds":["wattlas-record-gemunit-g100000109605","wattlas-record-gemunit-g100000109606","wattlas-record-gemunit-g100000109607","wattlas-record-gemunit-g100000109608","wattlas-record-gemunit-g100000109609","wattlas-record-gemunit-g100000109610","wattlas-record-gemunit-g100000109611","wattlas-record-gemunit-g100000109612","wattlas-record-gemunit-g100000109613","wattlas-record-gemunit-g100000109614"],"sourceIds":["gem-global-integrated-power-tracker"],"sourceUrl":"https://www.gem.wiki/Starobesheve_power_station","technologies":["coal"],"technologyMixMw":{"coal":2010.0},"unitCount":10,"unitIds":["gem-unit-G100000109605","gem-unit-G100000109606","gem-unit-G100000109607","gem-unit-G100000109608","gem-unit-G100000109609","gem-unit-G100000109610","gem-unit-G100000109611","gem-unit-G100000109612","gem-unit-G100000109613","gem-unit-G100000109614"]},"type":"Feature"},{"geometry":{"coordinates":[38.20266,48.464745],"type":"Point"},"id":"wattlas-plant-gemplant-l100000103736","properties":{"aliases":["5-1","6-1","7-1","Unit 1","Unit 2","Unit 3","Unit 4","Vuglegirska power station"],"canonicalAnchor":"gemplant:L100000103736","canonicalCountryKey":"UA","capacityMw":0.0,"country":"UA","externalIdAliases":{"gemUnit":["G100000110664","G100000110665","G100000110666","G100000110667","G100000406968","G100000406969","G100000406970"]},"externalIds":{"gemPlant":"L100000103736","gemUnit":"G100000110667"},"gemWikiUrl":"https://www.gem.wiki/Vuglegirska_power_station","geographyId":"UA-14850775B15615817748403","id":"wattlas-plant-gemplant-l100000103736","lifecycleCounts":{"paused":7},"locationPrecision":"exact","name":"Vuglegirska power station","operatingCapacityCoverage":{"coveragePercent":0.0,"knownUnitCount":0,"method":"unavailable","totalUnitCount":0},"operatingCapacityMw":0.0,"operatingCapacityMwByTechnology":{},"plannedCapacityCoverage":{"coveragePercent":0.0,"knownUnitCount":0,"method":"unavailable","totalUnitCount":0},"plannedCapacityMw":0.0,"plannedCapacityMwByTechnology":{},"recordCount":7,"recordIds":["wattlas-record-gemunit-g100000110664","wattlas-record-gemunit-g100000110665","wattlas-record-gemunit-g100000110666","wattlas-record-gemunit-g100000110667","wattlas-record-gemunit-g100000406968","wattlas-record-gemunit-g100000406969","wattlas-record-gemunit-g100000406970"],"sourceIds":["gem-global-integrated-power-tracker"],"sourceUrl":"https://www.gem.wiki/Vuglegirska_power_station","technologies":["coal","gas"],"technologyMixMw":{"coal":0.0,"gas":0.0},"unitCount":7,"unitIds":["gem-unit-G100000110664","gem-unit-G100000110665","gem-unit-G100000110666","gem-unit-G100000110667","gem-unit-G100000406968","gem-unit-G100000406969","gem-unit-G100000406970"]},"type":"Feature"},{"geometry":{"coordinates":[38.285213,48.034804],"type":"Point"},"id":"wattlas-plant-gemplant-l100000103737","properties":{"aliases":["Unit 1","Unit 2","Unit 3","Unit 4","Zuevskaya power station"],"canonicalAnchor":"gemplant:L100000103737","canonicalCountryKey":"UA","capacityMw":1290.0,"country":"UA","externalIdAliases":{"gemUnit":["G100000111757","G100000111758","G100000111759","G100000111760"]},"externalIds":{"gemPlant":"L100000103737","gemUnit":"G100000111760"},"gemWikiUrl":"https://www.gem.wiki/Zuevskaya_power_station","geographyId":"UA-14850775B15615817748403","id":"wattlas-plant-gemplant-l100000103737","lifecycleCounts":{"operational":4},"locationPrecision":"exact","name":"Zuevskaya power station","operatingCapacityCoverage":{"coveragePercent":100.0,"knownUnitCount":4,"method":"complete_unit_sum","provenance":{"evidenceCount":0,"recordIds":["wattlas-record-gemunit-g100000111757","wattlas-record-gemunit-g100000111758","wattlas-record-gemunit-g100000111759","wattlas-record-gemunit-g100000111760"],"sourceIds":["gem-global-integrated-power-tracker"],"sourceTypes":["research_verified"],"valueKind":"reported"},"totalUnitCount":4},"operatingCapacityMw":1290.0,"operatingCapacityMwByTechnology":{"coal":1290.0},"plannedCapacityCoverage":{"coveragePercent":0.0,"knownUnitCount":0,"method":"unavailable","totalUnitCount":0},"plannedCapacityMw":0.0,"plannedCapacityMwByTechnology":{},"recordCount":4,"recordIds":["wattlas-record-gemunit-g100000111757","wattlas-record-gemunit-g100000111758","wattlas-record-gemunit-g100000111759","wattlas-record-gemunit-g100000111760"],"sourceIds":["gem-global-integrated-power-tracker"],"sourceUrl":"https://www.gem.wiki/Zuevskaya_power_station","technologies":["coal"],"technologyMixMw":{"coal":1290.0},"unitCount":4,"unitIds":["gem-unit-G100000111757","gem-unit-G100000111758","gem-unit-G100000111759","gem-unit-G100000111760"]},"type":"Feature"},{"geometry":{"coordinates":[24.666037,49.208629],"type":"Point"},"id":"wattlas-plant-gemplant-l100000103738","properties":{"aliases":["Burshtyn power station","New Unit","Unit 1","Unit 10","Unit 11","Unit 12","Unit 2","Unit 3","Unit 4","Unit 5","Unit 6","Unit 7","Unit 8","Unit 9"],"canonicalAnchor":"gemplant:L100000103738","canonicalCountryKey":"UA","capacityMw":0.0,"country":"UA","externalIdAliases":{"gemUnit":["G100000101121","G100000101122","G100000101123","G100000101124","G100000101125","G100000101126","G100000101127","G100000101128","G100000101129","G100000101130","G100000101131","G100000101132","G100000101133"]},"externalIds":{"gemPlant":"L100000103738","gemUnit":"G100000101133"},"gemWikiUrl":"https://www.gem.wiki/Burshtyn_power_station","geographyId":"UA-14850775B19104561075165","id":"wattlas-plant-gemplant-l100000103738","lifecycleCounts":{"cancelled":1,"paused":12},"locationPrecision":"exact","name":"Burshtyn power station","operatingCapacityCoverage":{"coveragePercent":0.0,"knownUnitCount":0,"method":"unavailable","totalUnitCount":0},"operatingCapacityMw":0.0,"operatingCapacityMwByTechnology":{},"plannedCapacityCoverage":{"coveragePercent":0.0,"knownUnitCount":0,"method":"unavailable","totalUnitCount":0},"plannedCapacityMw":0.0,"plannedCapacityMwByTechnology":{},"recordCount":13,"recordIds":["wattlas-record-gemunit-g100000101121","wattlas-record-gemunit-g100000101122","wattlas-record-gemunit-g100000101123","wattlas-record-gemunit-g100000101124","wattlas-record-gemunit-g100000101125","wattlas-record-gemunit-g100000101126","wattlas-record-gemunit-g100000101127","wattlas-record-gemunit-g100000101128","wattlas-record-gemunit-g100000101129","wattlas-record-gemunit-g100000101130","wattlas-record-gemunit-g100000101131","wattlas-record-gemunit-g100000101132","wattlas-record-gemunit-g100000101133"],"sourceIds":["gem-global-integrated-power-tracker"],"sourceUrl":"https://www.gem.wiki/Burshtyn_power_station","technologies":["coal"],"technologyMixMw":{"coal":0.0},"unitCount":13,"unitIds":["gem-unit-G100000101121","gem-unit-G100000101122","gem-unit-G100000101123","gem-unit-G100000101124","gem-unit-G100000101125","gem-unit-G100000101126","gem-unit-G100000101127","gem-unit-G100000101128","gem-unit-G100000101129","gem-unit-G100000101130","gem-unit-G100000101131","gem-unit-G100000101132","gem-unit-G100000101133"]},"type":"Feature"},{"geometry":{"coordinates":[24.318522,49.07049],"type":"Point"},"id":"wattlas-plant-gemplant-l100000103739","properties":{"aliases":["Kalush power station","Unit 1","Unit 2","Unit 3","Unit 4"],"canonicalAnchor":"gemplant:L100000103739","canonicalCountryKey":"UA","capacityMw":0.0,"country":"UA","externalIdAliases":{"gemUnit":["G100000105501","G100000105502","G100000105503","G100000105504"]},"externalIds":{"gemPlant":"L100000103739","gemUnit":"G100000105504"},"gemWikiUrl":"https://www.gem.wiki/Kalush_power_station","geographyId":"UA-14850775B19104561075165","id":"wattlas-plant-gemplant-l100000103739","lifecycleCounts":{"paused":4},"locationPrecision":"exact","name":"Kalush power station","operatingCapacityCoverage":{"coveragePercent":0.0,"knownUnitCount":0,"method":"unavailable","totalUnitCount":0},"operatingCapacityMw":0.0,"operatingCapacityMwByTechnology":{},"plannedCapacityCoverage":{"coveragePercent":0.0,"knownUnitCount":0,"method":"unavailable","totalUnitCount":0},"plannedCapacityMw":0.0,"plannedCapacityMwByTechnology":{},"recordCount":4,"recordIds":["wattlas-record-gemunit-g100000105501","wattlas-record-gemunit-g100000105502","wattlas-record-gemunit-g100000105503","wattlas-record-gemunit-g100000105504"],"sourceIds":["gem-global-integrated-power-tracker"],"sourceUrl":"https://www.gem.wiki/Kalush_power_station","technologies":["coal"],"technologyMixMw":{"coal":0.0},"unitCount":4,"unitIds":["gem-unit-G100000105501","gem-unit-G100000105502","gem-unit-G100000105503","gem-unit-G100000105504"]},"type":"Feature"},{"geometry":{"coordinates":[36.523875,49.586013],"type":"Point"},"id":"wattlas-plant-gemplant-l100000103740","properties":{"aliases":["Unit 1","Unit 10","Unit 2","Unit 3","Unit 4","Unit 5","Unit 6","Unit 7","Unit 8R","Unit 9","Zmiivska power station"],"canonicalAnchor":"gemplant:L100000103740","canonicalCountryKey":"UA","capacityMw":0.0,"country":"UA","externalIdAliases":{"gemUnit":["G100000111732","G100000111733","G100000111734","G100000111735","G100000111736","G100000111737","G100000111738","G100000111739","G100000111740","G100000111741"]},"externalIds":{"gemPlant":"L100000103740","gemUnit":"G100000111741"},"gemWikiUrl":"https://www.gem.wiki/Zmiivska_power_station","geographyId":"UA-14850775B15913324833724","id":"wattlas-plant-gemplant-l100000103740","lifecycleCounts":{"paused":10},"locationPrecision":"exact","name":"Zmiivska power station","operatingCapacityCoverage":{"coveragePercent":0.0,"knownUnitCount":0,"method":"unavailable","totalUnitCount":0},"operatingCapacityMw":0.0,"operatingCapacityMwByTechnology":{},"plannedCapacityCoverage":{"coveragePercent":0.0,"knownUnitCount":0,"method":"unavailable","totalUnitCount":0},"plannedCapacityMw":0.0,"plannedCapacityMwByTechnology":{},"recordCount":10,"recordIds":["wattlas-record-gemunit-g100000111732","wattlas-record-gemunit-g100000111733","wattlas-record-gemunit-g100000111734","wattlas-record-gemunit-g100000111735","wattlas-record-gemunit-g100000111736","wattlas-record-gemunit-g100000111737","wattlas-record-gemunit-g100000111738","wattlas-record-gemunit-g100000111739","wattlas-record-gemunit-g100000111740","wattlas-record-gemunit-g100000111741"],"sourceIds":["gem-global-integrated-power-tracker"],"sourceUrl":"https://www.gem.wiki/Zmiivska_power_station","technologies":["coal"],"technologyMixMw":{"coal":0.0},"unitCount":10,"unitIds":["gem-unit-G100000111732","gem-unit-G100000111733","gem-unit-G100000111734","gem-unit-G100000111735","gem-unit-G100000111736","gem-unit-G100000111737","gem-unit-G100000111738","gem-unit-G100000111739","gem-unit-G100000111740","gem-unit-G100000111741"]},"type":"Feature"},{"geometry":{"coordinates":[30.642949,50.447771],"type":"Point"},"id":"wattlas-plant-gemplant-l100000103741","properties":{"aliases":["Darnytska power station","Unit 5","Unit 6","Unit 7"],"canonicalAnchor":"gemplant:L100000103741","canonicalCountryKey":"UA","capacityMw":160.0,"country":"UA","externalIdAliases":{"gemUnit":["G100000101989","G100000101990","G100000101991"]},"externalIds":{"gemPlant":"L100000103741","gemUnit":"G100000101991"},"gemWikiUrl":"https://www.gem.wiki/Darnytska_power_station","geographyId":"UA-14850775B22712718081002","id":"wattlas-plant-gemplant-l100000103741","lifecycleCounts":{"operational":3},"locationPrecision":"exact","name":"Darnytska power station","operatingCapacityCoverage":{"coveragePercent":100.0,"knownUnitCount":3,"method":"complete_unit_sum","provenance":{"evidenceCount":0,"recordIds":["wattlas-record-gemunit-g100000101989","wattlas-record-gemunit-g100000101990","wattlas-record-gemunit-g100000101991"],"sourceIds":["gem-global-integrated-power-tracker"],"sourceTypes":["research_verified"],"valueKind":"reported"},"totalUnitCount":3},"operatingCapacityMw":160.0,"operatingCapacityMwByTechnology":{"coal":160.0},"plannedCapacityCoverage":{"coveragePercent":0.0,"knownUnitCount":0,"method":"unavailable","totalUnitCount":0},"plannedCapacityMw":0.0,"plannedCapacityMwByTechnology":{},"recordCount":3,"recordIds":["wattlas-record-gemunit-g100000101989","wattlas-record-gemunit-g100000101990","wattlas-record-gemunit-g100000101991"],"sourceIds":["gem-global-integrated-power-tracker"],"sourceUrl":"https://www.gem.wiki/Darnytska_power_station","technologies":["coal"],"technologyMixMw":{"coal":160.0},"unitCount":3,"unitIds":["gem-unit-G100000101989","gem-unit-G100000101990","gem-unit-G100000101991"]},"type":"Feature"},{"geometry":{"coordinates":[30.74667,50.133377],"type":"Point"},"id":"wattlas-plant-gemplant-l100000103742","properties":{"aliases":["5-1","6-1","Trypilska power station","Unit 1","Unit 2","Unit 3","Unit 4"],"canonicalAnchor":"gemplant:L100000103742","canonicalCountryKey":"UA","capacityMw":0.0,"country":"UA","externalIdAliases":{"gemUnit":["G100000110340","G100000110341","G100000110342","G100000110343","G100000406971","G100000406972"]},"externalIds":{"gemPlant":"L100000103742","gemUnit":"G100000110343"},"gemWikiUrl":"https://www.gem.wiki/Trypilska_power_station","geographyId":"UA-14850775B37539954297462","id":"wattlas-plant-gemplant-l100000103742","lifecycleCounts":{"paused":6},"locationPrecision":"exact","name":"Trypilska power station","operatingCapacityCoverage":{"coveragePercent":0.0,"knownUnitCount":0,"method":"unavailable","totalUnitCount":0},"operatingCapacityMw":0.0,"operatingCapacityMwByTechnology":{},"plannedCapacityCoverage":{"coveragePercent":0.0,"knownUnitCount":0,"method":"unavailable","totalUnitCount":0},"plannedCapacityMw":0.0,"plannedCapacityMwByTechnology":{},"recordCount":6,"recordIds":["wattlas-record-gemunit-g100000110340","wattlas-record-gemunit-g100000110341","wattlas-record-gemunit-g100000110342","wattlas-record-gemunit-g100000110343","wattlas-record-gemunit-g100000406971","wattlas-record-gemunit-g100000406972"],"sourceIds":["gem-global-integrated-power-tracker"],"sourceUrl":"https://www.gem.wiki/Trypilska_power_station","technologies":["coal","gas"],"technologyMixMw":{"coal":0.0,"gas":0.0},"unitCount":6,"unitIds":["gem-unit-G100000110340","gem-unit-G100000110341","gem-unit-G100000110342","gem-unit-G100000110343","gem-unit-G100000406971","gem-unit-G100000406972"]},"type":"Feature"},{"geometry":{"coordinates":[39.261917,48.749346],"type":"Point"},"id":"wattlas-plant-gemplant-l100000103743","properties":{"aliases":["Luganskaya power station","Unit 10, timepoint 1","Unit 10, timepoint 2","Unit 11","Unit 12","Unit 13, timepoint 1","Unit 13, timepoint 2","Unit 14, timepoint 1","Unit 14, timepoint 2","Unit 15, timepoint 1","Unit 15, timepoint 2","Unit 9"],"canonicalAnchor":"gemplant:L100000103743","canonicalCountryKey":"UA","capacityMw":820.0,"country":"UA","externalIdAliases":{"gemUnit":["G100000106461","G100000106462","G100000106463","G100000106464","G100000106465","G100000106466","G100000106467","G100001070644","G100001070645","G100001070646","G100001070647"]},"externalIds":{"gemPlant":"L100000103743","gemUnit":"G100000106467"},"gemWikiUrl":"https://www.gem.wiki/Luganskaya_power_station","geographyId":"UA-14850775B31033086218351","id":"wattlas-plant-gemplant-l100000103743","lifecycleCounts":{"cancelled":5,"operational":4,"paused":2},"locationPrecision":"exact","name":"Luganskaya power station","operatingCapacityCoverage":{"coveragePercent":100.0,"knownUnitCount":4,"method":"complete_unit_sum","provenance":{"evidenceCount":0,"recordIds":["wattlas-record-gemunit-g100001070644","wattlas-record-gemunit-g100001070645","wattlas-record-gemunit-g100001070646","wattlas-record-gemunit-g100001070647"],"sourceIds":["gem-global-integrated-power-tracker"],"sourceTypes":["research_verified"],"valueKind":"reported"},"totalUnitCount":4},"operatingCapacityMw":820.0,"operatingCapacityMwByTechnology":{"gas":820.0},"plannedCapacityCoverage":{"coveragePercent":0.0,"knownUnitCount":0,"method":"unavailable","totalUnitCount":0},"plannedCapacityMw":0.0,"plannedCapacityMwByTechnology":{},"recordCount":11,"recordIds":["wattlas-record-gemunit-g100000106461","wattlas-record-gemunit-g100000106462","wattlas-record-gemunit-g100000106463","wattlas-record-gemunit-g100000106464","wattlas-record-gemunit-g100000106465","wattlas-record-gemunit-g100000106466","wattlas-record-gemunit-g100000106467","wattlas-record-gemunit-g100001070644","wattlas-record-gemunit-g100001070645","wattlas-record-gemunit-g100001070646","wattlas-record-gemunit-g100001070647"],"sourceIds":["gem-global-integrated-power-tracker"],"sourceUrl":"https://www.gem.wiki/Luganskaya_power_station","technologies":["coal","gas"],"technologyMixMw":{"gas":820.0},"unitCount":11,"unitIds":["gem-unit-G100000106461","gem-unit-G100000106462","gem-unit-G100000106463","gem-unit-G100000106464","gem-unit-G100000106465","gem-unit-G100000106466","gem-unit-G100000106467","gem-unit-G100001070644","gem-unit-G100001070645","gem-unit-G100001070646","gem-unit-G100001070647"]},"type":"Feature"},{"geometry":{"coordinates":[38.453162,48.937436],"type":"Point"},"id":"wattlas-plant-gemplant-l100000103744","properties":{"aliases":["12-1","13-1","14-1","Severodonetsk CHP power station"],"canonicalAnchor":"gemplant:L100000103744","canonicalCountryKey":"UA","capacityMw":0.0,"country":"UA","externalIdAliases":{"gemUnit":["G100000406965","G100000406966","G100000406967"]},"externalIds":{"gemPlant":"L100000103744","gemUnit":"G100000406965"},"gemWikiUrl":"https://www.gem.wiki/Severodonetsk_CHP_power_station","geographyId":"UA-14850775B31033086218351","id":"wattlas-plant-gemplant-l100000103744","lifecycleCounts":{"paused":3},"locationPrecision":"exact","name":"Severodonetsk CHP power station","operatingCapacityCoverage":{"coveragePercent":0.0,"knownUnitCount":0,"method":"unavailable","totalUnitCount":0},"operatingCapacityMw":0.0,"operatingCapacityMwByTechnology":{},"plannedCapacityCoverage":{"coveragePercent":0.0,"knownUnitCount":0,"method":"unavailable","totalUnitCount":0},"plannedCapacityMw":0.0,"plannedCapacityMwByTechnology":{},"recordCount":3,"recordIds":["wattlas-record-gemunit-g100000406965","wattlas-record-gemunit-g100000406966","wattlas-record-gemunit-g100000406967"],"sourceIds":["gem-global-integrated-power-tracker"],"sourceUrl":"https://www.gem.wiki/Severodonetsk_CHP_power_station","technologies":["gas"],"technologyMixMw":{"gas":0.0},"unitCount":3,"unitIds":["gem-unit-G100000406965","gem-unit-G100000406966","gem-unit-G100000406967"]},"type":"Feature"},{"geometry":{"coordinates":[24.375,50.21337],"type":"Point"},"id":"wattlas-plant-gemplant-l100000103745","properties":{"aliases":["Dobrotvir power station","Unit 5","Unit 6","Unit 7","Unit 8","Unit 9"],"canonicalAnchor":"gemplant:L100000103745","canonicalCountryKey":"UA","capacityMw":0.0,"country":"UA","externalIdAliases":{"gemUnit":["G100000102380","G100000102381","G100000102382","G100000102383","G100000102384"]},"externalIds":{"gemPlant":"L100000103745","gemUnit":"G100000102384"},"gemWikiUrl":"https://www.gem.wiki/Dobrotvir_power_station","geographyId":"UA-14850775B26941409899318","id":"wattlas-plant-gemplant-l100000103745","lifecycleCounts":{"cancelled":1,"paused":4},"locationPrecision":"exact","name":"Dobrotvir power station","operatingCapacityCoverage":{"coveragePercent":0.0,"knownUnitCount":0,"method":"unavailable","totalUnitCount":0},"operatingCapacityMw":0.0,"operatingCapacityMwByTechnology":{},"plannedCapacityCoverage":{"coveragePercent":0.0,"knownUnitCount":0,"method":"unavailable","totalUnitCount":0},"plannedCapacityMw":0.0,"plannedCapacityMwByTechnology":{},"recordCount":5,"recordIds":["wattlas-record-gemunit-g100000102380","wattlas-record-gemunit-g100000102381","wattlas-record-gemunit-g100000102382","wattlas-record-gemunit-g100000102383","wattlas-record-gemunit-g100000102384"],"sourceIds":["gem-global-integrated-power-tracker"],"sourceUrl":"https://www.gem.wiki/Dobrotvir_power_station","technologies":["coal"],"technologyMixMw":{"coal":0.0},"unitCount":5,"unitIds":["gem-unit-G100000102380","gem-unit-G100000102381","gem-unit-G100000102382","gem-unit-G100000102383","gem-unit-G100000102384"]},"type":"Feature"},{"geometry":{"coordinates":[29.218668,48.705825],"type":"Point"},"id":"wattlas-plant-gemplant-l100000103746","properties":{"aliases":["Ladyzhyn power station","Unit 1","Unit 2","Unit 3","Unit 4","Unit 5","Unit 6"],"canonicalAnchor":"gemplant:L100000103746","canonicalCountryKey":"UA","capacityMw":0.0,"country":"UA","externalIdAliases":{"gemUnit":["G100000106089","G100000106090","G100000106091","G100000106092","G100000106093","G100000106094"]},"externalIds":{"gemPlant":"L100000103746","gemUnit":"G100000106094"},"gemWikiUrl":"https://www.gem.wiki/Ladyzhyn_power_station","geographyId":"UA-14850775B93300237551625","id":"wattlas-plant-gemplant-l100000103746","lifecycleCounts":{"paused":6},"locationPrecision":"exact","name":"Ladyzhyn power station","operatingCapacityCoverage":{"coveragePercent":0.0,"knownUnitCount":0,"method":"unavailable","totalUnitCount":0},"operatingCapacityMw":0.0,"operatingCapacityMwByTechnology":{},"plannedCapacityCoverage":{"coveragePercent":0.0,"knownUnitCount":0,"method":"unavailable","totalUnitCount":0},"plannedCapacityMw":0.0,"plannedCapacityMwByTechnology":{},"recordCount":6,"recordIds":["wattlas-record-gemunit-g100000106089","wattlas-record-gemunit-g100000106090","wattlas-record-gemunit-g100000106091","wattlas-record-gemunit-g100000106092","wattlas-record-gemunit-g100000106093","wattlas-record-gemunit-g100000106094"],"sourceIds":["gem-global-integrated-power-tracker"],"sourceUrl":"https://www.gem.wiki/Ladyzhyn_power_station","technologies":["coal"],"technologyMixMw":{"coal":0.0},"unitCount":6,"unitIds":["gem-unit-G100000106089","gem-unit-G100000106090","gem-unit-G100000106091","gem-unit-G100000106092","gem-unit-G100000106093","gem-unit-G100000106094"]},"type":"Feature"},{"geometry":{"coordinates":[34.625478,47.507238],"type":"Point"},"id":"wattlas-plant-gemplant-l100000103747","properties":{"aliases":["5-1","6-1","7-1","Unit 1","Unit 2","Unit 3","Unit 4","Zaporizhia power station"],"canonicalAnchor":"gemplant:L100000103747","canonicalCountryKey":"UA","capacityMw":0.0,"country":"UA","externalIdAliases":{"gemUnit":["G100000111531","G100000111532","G100000111533","G100000111534","G100000406973","G100000406974","G100000406975"]},"externalIds":{"gemPlant":"L100000103747","gemUnit":"G100000111534"},"gemWikiUrl":"https://www.gem.wiki/Zaporizhia_power_station","geographyId":"UA-14850775B92888097715572","id":"wattlas-plant-gemplant-l100000103747","lifecycleCounts":{"paused":7},"locationPrecision":"exact","name":"Zaporizhia power station","operatingCapacityCoverage":{"coveragePercent":0.0,"knownUnitCount":0,"method":"unavailable","totalUnitCount":0},"operatingCapacityMw":0.0,"operatingCapacityMwByTechnology":{},"plannedCapacityCoverage":{"coveragePercent":0.0,"knownUnitCount":0,"method":"unavailable","totalUnitCount":0},"plannedCapacityMw":0.0,"plannedCapacityMwByTechnology":{},"recordCount":7,"recordIds":["wattlas-record-gemunit-g100000111531","wattlas-record-gemunit-g100000111532","wattlas-record-gemunit-g100000111533","wattlas-record-gemunit-g100000111534","wattlas-record-gemunit-g100000406973","wattlas-record-gemunit-g100000406974","wattlas-record-gemunit-g100000406975"],"sourceIds":["gem-global-integrated-power-tracker"],"sourceUrl":"https://www.gem.wiki/Zaporizhia_power_station","technologies":["coal","gas"],"technologyMixMw":{"coal":0.0,"gas":0.0},"unitCount":7,"unitIds":["gem-unit-G100000111531","gem-unit-G100000111532","gem-unit-G100000111533","gem-unit-G100000111534","gem-unit-G100000406973","gem-unit-G100000406974","gem-unit-G100000406975"]},"type":"Feature"},{"geometry":{"coordinates":[34.035874,45.012888],"type":"Point"},"id":"wattlas-plant-gemplant-l100000406725","properties":{"aliases":["1-1","2-1","Simferopol CHP power station"],"canonicalAnchor":"gemplant:L100000406725","canonicalCountryKey":"UA","capacityMw":86.0,"country":"UA","externalIdAliases":{"gemUnit":["G100000406987","G100000406988"]},"externalIds":{"gemPlant":"L100000406725","gemUnit":"G100000406987"},"gemWikiUrl":"https://www.gem.wiki/Simferopol_CHP_power_station","geographyId":"UA-14850775B24260608407062","id":"wattlas-plant-gemplant-l100000406725","lifecycleCounts":{"operational":2},"locationPrecision":"exact","name":"Simferopol CHP power station","operatingCapacityCoverage":{"coveragePercent":100.0,"knownUnitCount":2,"method":"complete_unit_sum","provenance":{"evidenceCount":0,"recordIds":["wattlas-record-gemunit-g100000406987","wattlas-record-gemunit-g100000406988"],"sourceIds":["gem-global-integrated-power-tracker"],"sourceTypes":["research_verified"],"valueKind":"reported"},"totalUnitCount":2},"operatingCapacityMw":86.0,"operatingCapacityMwByTechnology":{"gas":86.0},"plannedCapacityCoverage":{"coveragePercent":0.0,"knownUnitCount":0,"method":"unavailable","totalUnitCount":0},"plannedCapacityMw":0.0,"plannedCapacityMwByTechnology":{},"recordCount":2,"recordIds":["wattlas-record-gemunit-g100000406987","wattlas-record-gemunit-g100000406988"],"sourceIds":["gem-global-integrated-power-tracker"],"sourceUrl":"https://www.gem.wiki/Simferopol_CHP_power_station","technologies":["gas"],"technologyMixMw":{"gas":86.0},"unitCount":2,"unitIds":["gem-unit-G100000406987","gem-unit-G100000406988"]},"type":"Feature"},{"geometry":{"coordinates":[33.553452,45.136611],"type":"Point"},"id":"wattlas-plant-gemplant-l100000406726","properties":{"aliases":["1-1","2-1","Saki power station"],"canonicalAnchor":"gemplant:L100000406726","canonicalCountryKey":"UA","capacityMw":117.9,"country":"UA","externalIdAliases":{"gemUnit":["G100000406986","G100000414443"]},"externalIds":{"gemPlant":"L100000406726","gemUnit":"G100000414443"},"gemWikiUrl":"https://www.gem.wiki/Saki_power_station","geographyId":"UA-14850775B24260608407062","id":"wattlas-plant-gemplant-l100000406726","lifecycleCounts":{"operational":2},"locationPrecision":"exact","name":"Saki power station","operatingCapacityCoverage":{"coveragePercent":100.0,"knownUnitCount":2,"method":"complete_unit_sum","provenance":{"evidenceCount":0,"recordIds":["wattlas-record-gemunit-g100000406986","wattlas-record-gemunit-g100000414443"],"sourceIds":["gem-global-integrated-power-tracker"],"sourceTypes":["research_verified"],"valueKind":"reported"},"totalUnitCount":2},"operatingCapacityMw":117.9,"operatingCapacityMwByTechnology":{"gas":117.9},"plannedCapacityCoverage":{"coveragePercent":0.0,"knownUnitCount":0,"method":"unavailable","totalUnitCount":0},"plannedCapacityMw":0.0,"plannedCapacityMwByTechnology":{},"recordCount":2,"recordIds":["wattlas-record-gemunit-g100000406986","wattlas-record-gemunit-g100000414443"],"sourceIds":["gem-global-integrated-power-tracker"],"sourceUrl":"https://www.gem.wiki/Saki_power_station","technologies":["gas"],"technologyMixMw":{"gas":117.9},"unitCount":2,"unitIds":["gem-unit-G100000406986","gem-unit-G100000414443"]},"type":"Feature"},{"geometry":{"coordinates":[33.6028,44.5532],"type":"Point"},"id":"wattlas-plant-gemplant-l100000406727","properties":{"aliases":["1-1","2-1","Balaklava power station"],"canonicalAnchor":"gemplant:L100000406727","canonicalCountryKey":"UA","capacityMw":496.0,"country":"UA","externalIdAliases":{"gemUnit":["G100000406983","G100000406984"]},"externalIds":{"gemPlant":"L100000406727","gemUnit":"G100000406983"},"gemWikiUrl":"https://www.gem.wiki/Balaklava_power_station","geographyId":"UA-14850775B70667807354554","id":"wattlas-plant-gemplant-l100000406727","lifecycleCounts":{"operational":2},"locationPrecision":"exact","name":"Balaklava power station","operatingCapacityCoverage":{"coveragePercent":100.0,"knownUnitCount":2,"method":"complete_unit_sum","provenance":{"evidenceCount":0,"recordIds":["wattlas-record-gemunit-g100000406983","wattlas-record-gemunit-g100000406984"],"sourceIds":["gem-global-integrated-power-tracker"],"sourceTypes":["research_verified"],"valueKind":"reported"},"totalUnitCount":2},"operatingCapacityMw":496.0,"operatingCapacityMwByTechnology":{"gas":496.0},"plannedCapacityCoverage":{"coveragePercent":0.0,"knownUnitCount":0,"method":"unavailable","totalUnitCount":0},"plannedCapacityMw":0.0,"plannedCapacityMwByTechnology":{},"recordCount":2,"recordIds":["wattlas-record-gemunit-g100000406983","wattlas-record-gemunit-g100000406984"],"sourceIds":["gem-global-integrated-power-tracker"],"sourceUrl":"https://www.gem.wiki/Balaklava_power_station","technologies":["gas"],"technologyMixMw":{"gas":496.0},"unitCount":2,"unitIds":["gem-unit-G100000406983","gem-unit-G100000406984"]},"type":"Feature"},{"geometry":{"coordinates":[34.223752,44.942652],"type":"Point"},"id":"wattlas-plant-gemplant-l100000406728","properties":{"aliases":["1-1","2-1","3-1","4-1","Tavri power station"],"canonicalAnchor":"gemplant:L100000406728","canonicalCountryKey":"UA","capacityMw":875.2,"country":"UA","externalIdAliases":{"gemUnit":["G100000406981","G100000406982","G100001009086","G100001051518"]},"externalIds":{"gemPlant":"L100000406728","gemUnit":"G100001051518"},"gemWikiUrl":"https://www.gem.wiki/Tavri_power_station","geographyId":"UA-14850775B24260608407062","id":"wattlas-plant-gemplant-l100000406728","lifecycleCounts":{"announced":2,"operational":2},"locationPrecision":"exact","name":"Tavri power station","operatingCapacityCoverage":{"coveragePercent":100.0,"knownUnitCount":2,"method":"complete_unit_sum","provenance":{"evidenceCount":0,"recordIds":["wattlas-record-gemunit-g100000406981","wattlas-record-gemunit-g100000406982"],"sourceIds":["gem-global-integrated-power-tracker"],"sourceTypes":["research_verified"],"valueKind":"reported"},"totalUnitCount":2},"operatingCapacityMw":490.2,"operatingCapacityMwByTechnology":{"gas":490.2},"plannedCapacityCoverage":{"coveragePercent":100.0,"knownUnitCount":2,"method":"complete_unit_sum","provenance":{"evidenceCount":0,"recordIds":["wattlas-record-gemunit-g100001009086","wattlas-record-gemunit-g100001051518"],"sourceIds":["gem-global-integrated-power-tracker"],"sourceTypes":["research_verified"],"valueKind":"reported"},"totalUnitCount":2},"plannedCapacityMw":385.0,"plannedCapacityMwByTechnology":{"gas":385.0},"recordCount":4,"recordIds":["wattlas-record-gemunit-g100000406981","wattlas-record-gemunit-g100000406982","wattlas-record-gemunit-g100001009086","wattlas-record-gemunit-g100001051518"],"sourceIds":["gem-global-integrated-power-tracker"],"sourceUrl":"https://www.gem.wiki/Tavri_power_station","technologies":["gas"],"technologyMixMw":{"gas":875.2},"unitCount":4,"unitIds":["gem-unit-G100000406981","gem-unit-G100000406982","gem-unit-G100001009086","gem-unit-G100001051518"]},"type":"Feature"},{"geometry":{"coordinates":[36.107159,49.970371],"type":"Point"},"id":"wattlas-plant-gemplant-l100000406729","properties":{"aliases":["1-1","2-1","3-1","Kharkiv CHP-5 power station"],"canonicalAnchor":"gemplant:L100000406729","canonicalCountryKey":"UA","capacityMw":0.0,"country":"UA","externalIdAliases":{"gemUnit":["G100000406978","G100000406979","G100000406980"]},"externalIds":{"gemPlant":"L100000406729","gemUnit":"G100000406978"},"gemWikiUrl":"https://www.gem.wiki/Kharkiv_CHP-5_power_station","geographyId":"UA-14850775B15913324833724","id":"wattlas-plant-gemplant-l100000406729","lifecycleCounts":{"paused":3},"locationPrecision":"exact","name":"Kharkiv CHP-5 power station","operatingCapacityCoverage":{"coveragePercent":0.0,"knownUnitCount":0,"method":"unavailable","totalUnitCount":0},"operatingCapacityMw":0.0,"operatingCapacityMwByTechnology":{},"plannedCapacityCoverage":{"coveragePercent":0.0,"knownUnitCount":0,"method":"unavailable","totalUnitCount":0},"plannedCapacityMw":0.0,"plannedCapacityMwByTechnology":{},"recordCount":3,"recordIds":["wattlas-record-gemunit-g100000406978","wattlas-record-gemunit-g100000406979","wattlas-record-gemunit-g100000406980"],"sourceIds":["gem-global-integrated-power-tracker"],"sourceUrl":"https://www.gem.wiki/Kharkiv_CHP-5_power_station","technologies":["gas"],"technologyMixMw":{"gas":0.0},"unitCount":3,"unitIds":["gem-unit-G100000406978","gem-unit-G100000406979","gem-unit-G100000406980"]},"type":"Feature"},{"geometry":{"coordinates":[30.662307,50.531699],"type":"Point"},"id":"wattlas-plant-gemplant-l100000406730","properties":{"aliases":["1-1","2-1","3-1","Kyiv CHP-6 power station"],"canonicalAnchor":"gemplant:L100000406730","canonicalCountryKey":"UA","capacityMw":500.0,"country":"UA","externalIdAliases":{"gemUnit":["G100000406976","G100000409643","G100000409773"]},"externalIds":{"gemPlant":"L100000406730","gemUnit":"G100000409773"},"gemWikiUrl":"https://www.gem.wiki/Kyiv_CHP-6_power_station","geographyId":"UA-14850775B22712718081002","id":"wattlas-plant-gemplant-l100000406730","lifecycleCounts":{"cancelled":1,"operational":2},"locationPrecision":"exact","name":"Kyiv CHP-6 power station","operatingCapacityCoverage":{"coveragePercent":100.0,"knownUnitCount":2,"method":"complete_unit_sum","provenance":{"evidenceCount":0,"recordIds":["wattlas-record-gemunit-g100000406976","wattlas-record-gemunit-g100000409643"],"sourceIds":["gem-global-integrated-power-tracker"],"sourceTypes":["research_verified"],"valueKind":"reported"},"totalUnitCount":2},"operatingCapacityMw":500.0,"operatingCapacityMwByTechnology":{"gas":500.0},"plannedCapacityCoverage":{"coveragePercent":0.0,"knownUnitCount":0,"method":"unavailable","totalUnitCount":0},"plannedCapacityMw":0.0,"plannedCapacityMwByTechnology":{},"recordCount":3,"recordIds":["wattlas-record-gemunit-g100000406976","wattlas-record-gemunit-g100000409643","wattlas-record-gemunit-g100000409773"],"sourceIds":["gem-global-integrated-power-tracker"],"sourceUrl":"https://www.gem.wiki/Kyiv_CHP-6_power_station","technologies":["gas"],"technologyMixMw":{"gas":500.0},"unitCount":3,"unitIds":["gem-unit-G100000406976","gem-unit-G100000409643","gem-unit-G100000409773"]},"type":"Feature"},{"geometry":{"coordinates":[30.569477,50.39317],"type":"Point"},"id":"wattlas-plant-gemplant-l100000406731","properties":{"aliases":["1-1","2-1","3-1","4-1","5-1","Kyiv CHP-5 power station"],"canonicalAnchor":"gemplant:L100000406731","canonicalCountryKey":"UA","capacityMw":770.0,"country":"UA","externalIdAliases":{"gemUnit":["G100000406977","G100000409636","G100000409637","G100000409638","G100001052753"]},"externalIds":{"gemPlant":"L100000406731","gemUnit":"G100001052753"},"gemWikiUrl":"https://www.gem.wiki/Kyiv_CHP-5_power_station","geographyId":"UA-14850775B22712718081002","id":"wattlas-plant-gemplant-l100000406731","lifecycleCounts":{"announced":1,"operational":4},"locationPrecision":"exact","name":"Kyiv CHP-5 power station","operatingCapacityCoverage":{"coveragePercent":100.0,"knownUnitCount":4,"method":"complete_unit_sum","provenance":{"evidenceCount":0,"recordIds":["wattlas-record-gemunit-g100000406977","wattlas-record-gemunit-g100000409636","wattlas-record-gemunit-g100000409637","wattlas-record-gemunit-g100000409638"],"sourceIds":["gem-global-integrated-power-tracker"],"sourceTypes":["research_verified"],"valueKind":"reported"},"totalUnitCount":4},"operatingCapacityMw":700.0,"operatingCapacityMwByTechnology":{"gas":700.0},"plannedCapacityCoverage":{"coveragePercent":100.0,"knownUnitCount":1,"method":"complete_unit_sum","provenance":{"evidenceCount":0,"recordIds":["wattlas-record-gemunit-g100001052753"],"sourceIds":["gem-global-integrated-power-tracker"],"sourceTypes":["research_verified"],"valueKind":"reported"},"totalUnitCount":1},"plannedCapacityMw":70.0,"plannedCapacityMwByTechnology":{"gas":70.0},"recordCount":5,"recordIds":["wattlas-record-gemunit-g100000406977","wattlas-record-gemunit-g100000409636","wattlas-record-gemunit-g100000409637","wattlas-record-gemunit-g100000409638","wattlas-record-gemunit-g100001052753"],"sourceIds":["gem-global-integrated-power-tracker"],"sourceUrl":"https://www.gem.wiki/Kyiv_CHP-5_power_station","technologies":["gas"],"technologyMixMw":{"gas":770.0},"unitCount":5,"unitIds":["gem-unit-G100000406977","gem-unit-G100000409636","gem-unit-G100000409637","gem-unit-G100000409638","gem-unit-G100001052753"]},"type":"Feature"},{"geometry":{"coordinates":[33.447371,49.17079],"type":"Point"},"id":"wattlas-plant-gemplant-l100000407976","properties":{"aliases":["1-1","2-1","3-1","4-1","5-1","Kremenchuk CHP power station"],"canonicalAnchor":"gemplant:L100000407976","canonicalCountryKey":"UA","capacityMw":315.0,"country":"UA","externalIdAliases":{"gemUnit":["G100000410803","G100000410804","G100000410805","G100000410806","G100001052963"]},"externalIds":{"gemPlant":"L100000407976","gemUnit":"G100001052963"},"gemWikiUrl":"https://www.gem.wiki/Kremenchuk_CHP_power_station","geographyId":"UA-14850775B18105645488844","id":"wattlas-plant-gemplant-l100000407976","lifecycleCounts":{"announced":1,"operational":4},"locationPrecision":"exact","name":"Kremenchuk CHP power station","operatingCapacityCoverage":{"coveragePercent":100.0,"knownUnitCount":4,"method":"complete_unit_sum","provenance":{"evidenceCount":0,"recordIds":["wattlas-record-gemunit-g100000410803","wattlas-record-gemunit-g100000410804","wattlas-record-gemunit-g100000410805","wattlas-record-gemunit-g100000410806"],"sourceIds":["gem-global-integrated-power-tracker"],"sourceTypes":["research_verified"],"valueKind":"reported"},"totalUnitCount":4},"operatingCapacityMw":255.0,"operatingCapacityMwByTechnology":{"gas":255.0},"plannedCapacityCoverage":{"coveragePercent":100.0,"knownUnitCount":1,"method":"complete_unit_sum","provenance":{"evidenceCount":0,"recordIds":["wattlas-record-gemunit-g100001052963"],"sourceIds":["gem-global-integrated-power-tracker"],"sourceTypes":["research_verified"],"valueKind":"reported"},"totalUnitCount":1},"plannedCapacityMw":60.0,"plannedCapacityMwByTechnology":{"oil":60.0},"recordCount":5,"recordIds":["wattlas-record-gemunit-g100000410803","wattlas-record-gemunit-g100000410804","wattlas-record-gemunit-g100000410805","wattlas-record-gemunit-g100000410806","wattlas-record-gemunit-g100001052963"],"sourceIds":["gem-global-integrated-power-tracker"],"sourceUrl":"https://www.gem.wiki/Kremenchuk_CHP_power_station","technologies":["gas","oil"],"technologyMixMw":{"gas":255.0,"oil":60.0},"unitCount":5,"unitIds":["gem-unit-G100000410803","gem-unit-G100000410804","gem-unit-G100000410805","gem-unit-G100000410806","gem-unit-G100001052963"]},"type":"Feature"},{"geometry":{"coordinates":[37.804709,48.07055],"type":"Point"},"id":"wattlas-plant-gemplant-l100000408859","properties":{"aliases":["24-1","Zasyadko mines power station"],"canonicalAnchor":"gemplant:L100000408859","canonicalCountryKey":"UA","capacityMw":0.0,"country":"UA","externalIds":{"gemPlant":"L100000408859","gemUnit":"G100000412971"},"gemWikiUrl":"https://www.gem.wiki/Zasyadko_mines_power_station","geographyId":"UA-14850775B15615817748403","id":"wattlas-plant-gemplant-l100000408859","lifecycleCounts":{"paused":1},"locationPrecision":"exact","name":"Zasyadko mines power station","operatingCapacityCoverage":{"coveragePercent":0.0,"knownUnitCount":0,"method":"unavailable","totalUnitCount":0},"operatingCapacityMw":0.0,"operatingCapacityMwByTechnology":{},"plannedCapacityCoverage":{"coveragePercent":0.0,"knownUnitCount":0,"method":"unavailable","totalUnitCount":0},"plannedCapacityMw":0.0,"plannedCapacityMwByTechnology":{},"recordCount":1,"recordIds":["wattlas-record-gemunit-g100000412971"],"sourceIds":["gem-global-integrated-power-tracker"],"sourceUrl":"https://www.gem.wiki/Zasyadko_mines_power_station","technologies":["gas"],"technologyMixMw":{"gas":0.0},"unitCount":1,"unitIds":["gem-unit-G100000412971"]},"type":"Feature"},{"geometry":{"coordinates":[33.455813,51.885769],"type":"Point"},"id":"wattlas-plant-gemplant-l100000408860","properties":{"aliases":["1-1","2-1","Shostkinska power station"],"canonicalAnchor":"gemplant:L100000408860","canonicalCountryKey":"UA","capacityMw":114.0,"country":"UA","externalIdAliases":{"gemUnit":["G100000412972","G100000412973"]},"externalIds":{"gemPlant":"L100000408860","gemUnit":"G100000412972"},"gemWikiUrl":"https://www.gem.wiki/Shostkinska_power_station","geographyId":"UA-14850775B14512392274127","id":"wattlas-plant-gemplant-l100000408860","lifecycleCounts":{"operational":2},"locationPrecision":"exact","name":"Shostkinska power station","operatingCapacityCoverage":{"coveragePercent":100.0,"knownUnitCount":2,"method":"complete_unit_sum","provenance":{"evidenceCount":0,"recordIds":["wattlas-record-gemunit-g100000412972","wattlas-record-gemunit-g100000412973"],"sourceIds":["gem-global-integrated-power-tracker"],"sourceTypes":["research_verified"],"valueKind":"reported"},"totalUnitCount":2},"operatingCapacityMw":114.0,"operatingCapacityMwByTechnology":{"gas":114.0},"plannedCapacityCoverage":{"coveragePercent":0.0,"knownUnitCount":0,"method":"unavailable","totalUnitCount":0},"plannedCapacityMw":0.0,"plannedCapacityMwByTechnology":{},"recordCount":2,"recordIds":["wattlas-record-gemunit-g100000412972","wattlas-record-gemunit-g100000412973"],"sourceIds":["gem-global-integrated-power-tracker"],"sourceUrl":"https://www.gem.wiki/Shostkinska_power_station","technologies":["gas"],"technologyMixMw":{"gas":114.0},"unitCount":2,"unitIds":["gem-unit-G100000412972","gem-unit-G100000412973"]},"type":"Feature"},{"geometry":{"coordinates":[30.183264,49.796949],"type":"Point"},"id":"wattlas-plant-gemplant-l100000408861","properties":{"aliases":["1-1","2-1","Bilotserkivska CHP power station"],"canonicalAnchor":"gemplant:L100000408861","canonicalCountryKey":"UA","capacityMw":0.0,"country":"UA","externalIdAliases":{"gemUnit":["G100000412974","G100000412975"]},"externalIds":{"gemPlant":"L100000408861","gemUnit":"G100000412974"},"gemWikiUrl":"https://www.gem.wiki/Bilotserkivska_CHP_power_station","geographyId":"UA-14850775B37539954297462","id":"wattlas-plant-gemplant-l100000408861","lifecycleCounts":{"paused":2},"locationPrecision":"exact","name":"Bilotserkivska CHP power station","operatingCapacityCoverage":{"coveragePercent":0.0,"knownUnitCount":0,"method":"unavailable","totalUnitCount":0},"operatingCapacityMw":0.0,"operatingCapacityMwByTechnology":{},"plannedCapacityCoverage":{"coveragePercent":0.0,"knownUnitCount":0,"method":"unavailable","totalUnitCount":0},"plannedCapacityMw":0.0,"plannedCapacityMwByTechnology":{},"recordCount":2,"recordIds":["wattlas-record-gemunit-g100000412974","wattlas-record-gemunit-g100000412975"],"sourceIds":["gem-global-integrated-power-tracker"],"sourceUrl":"https://www.gem.wiki/Bilotserkivska_CHP_power_station","technologies":["gas"],"technologyMixMw":{"gas":0.0},"unitCount":2,"unitIds":["gem-unit-G100000412974","gem-unit-G100000412975"]},"type":"Feature"},{"geometry":{"coordinates":[30.1195,51.3821],"type":"Point"},"id":"wattlas-plant-gemplant-l100000500084","properties":{"aliases":["1.0","2.0","3.0","4.0","5.0","6.0","Chernobyl nuclear power plant"],"canonicalAnchor":"gemplant:L100000500084","canonicalCountryKey":"UA","capacityMw":0.0,"country":"UA","externalIdAliases":{"gemUnit":["G100000500155","G100000500156","G100000500157","G100000500158","G100000501298","G100000501299"]},"externalIds":{"gemPlant":"L100000500084","gemUnit":"G100000501299"},"gemWikiUrl":"https://www.gem.wiki/Chernobyl_nuclear_power_plant","geographyId":"UA-14850775B37539954297462","id":"wattlas-plant-gemplant-l100000500084","lifecycleCounts":{"cancelled":6},"locationPrecision":"exact","name":"Chernobyl nuclear power plant","operatingCapacityCoverage":{"coveragePercent":0.0,"knownUnitCount":0,"method":"unavailable","totalUnitCount":0},"operatingCapacityMw":0.0,"operatingCapacityMwByTechnology":{},"plannedCapacityCoverage":{"coveragePercent":0.0,"knownUnitCount":0,"method":"unavailable","totalUnitCount":0},"plannedCapacityMw":0.0,"plannedCapacityMwByTechnology":{},"recordCount":6,"recordIds":["wattlas-record-gemunit-g100000500155","wattlas-record-gemunit-g100000500156","wattlas-record-gemunit-g100000500157","wattlas-record-gemunit-g100000500158","wattlas-record-gemunit-g100000501298","wattlas-record-gemunit-g100000501299"],"sourceIds":["gem-global-integrated-power-tracker"],"sourceUrl":"https://www.gem.wiki/Chernobyl_nuclear_power_plant","technologies":["nuclear"],"technologyMixMw":{"nuclear":0.0},"unitCount":6,"unitIds":["gem-unit-G100000500155","gem-unit-G100000500156","gem-unit-G100000500157","gem-unit-G100000500158","gem-unit-G100000501298","gem-unit-G100000501299"]},"type":"Feature"},{"geometry":{"coordinates":[26.6473,50.3024],"type":"Point"},"id":"wattlas-plant-gemplant-l100000500095","properties":{"aliases":["1.0","2.0","3.0","4.0","5.0","6.0","Khmelnitski nuclear power plant"],"canonicalAnchor":"gemplant:L100000500095","canonicalCountryKey":"UA","capacityMw":6678.0,"country":"UA","externalIdAliases":{"gemUnit":["G100000500187","G100000500188","G100000500215","G100000500216","G100000501310","G100000501311"]},"externalIds":{"gemPlant":"L100000500095","gemUnit":"G100000501311"},"gemWikiUrl":"https://www.gem.wiki/Khmelnitski_nuclear_power_plant","geographyId":"UA-14850775B78366470925827","id":"wattlas-plant-gemplant-l100000500095","lifecycleCounts":{"announced":4,"operational":2},"locationPrecision":"exact","name":"Khmelnitski nuclear power plant","operatingCapacityCoverage":{"coveragePercent":100.0,"knownUnitCount":2,"method":"complete_unit_sum","provenance":{"evidenceCount":0,"recordIds":["wattlas-record-gemunit-g100000500215","wattlas-record-gemunit-g100000500216"],"sourceIds":["gem-global-integrated-power-tracker"],"sourceTypes":["research_verified"],"valueKind":"reported"},"totalUnitCount":2},"operatingCapacityMw":2000.0,"operatingCapacityMwByTechnology":{"nuclear":2000.0},"plannedCapacityCoverage":{"coveragePercent":100.0,"knownUnitCount":4,"method":"complete_unit_sum","provenance":{"evidenceCount":0,"recordIds":["wattlas-record-gemunit-g100000500187","wattlas-record-gemunit-g100000500188","wattlas-record-gemunit-g100000501310","wattlas-record-gemunit-g100000501311"],"sourceIds":["gem-global-integrated-power-tracker"],"sourceTypes":["research_verified"],"valueKind":"reported"},"totalUnitCount":4},"plannedCapacityMw":4678.0,"plannedCapacityMwByTechnology":{"nuclear":4678.0},"recordCount":6,"recordIds":["wattlas-record-gemunit-g100000500187","wattlas-record-gemunit-g100000500188","wattlas-record-gemunit-g100000500215","wattlas-record-gemunit-g100000500216","wattlas-record-gemunit-g100000501310","wattlas-record-gemunit-g100000501311"],"sourceIds":["gem-global-integrated-power-tracker"],"sourceUrl":"https://www.gem.wiki/Khmelnitski_nuclear_power_plant","technologies":["nuclear"],"technologyMixMw":{"nuclear":6678.0},"unitCount":6,"unitIds":["gem-unit-G100000500187","gem-unit-G100000500188","gem-unit-G100000500215","gem-unit-G100000500216","gem-unit-G100000501310","gem-unit-G100000501311"]},"type":"Feature"},{"geometry":{"coordinates":[25.8974,51.3245],"type":"Point"},"id":"wattlas-plant-gemplant-l100000500109","properties":{"aliases":["1.0","2.0","3.0","4.0","5.0","Rivne nuclear power plant"],"canonicalAnchor":"gemplant:L100000500109","canonicalCountryKey":"UA","capacityMw":4085.0,"country":"UA","externalIdAliases":{"gemUnit":["G100000500217","G100000500218","G100000500487","G100000500489","G100000501314"]},"externalIds":{"gemPlant":"L100000500109","gemUnit":"G100000501314"},"gemWikiUrl":"https://www.gem.wiki/Rivne_nuclear_power_plant","geographyId":"UA-14850775B83802928232754","id":"wattlas-plant-gemplant-l100000500109","lifecycleCounts":{"announced":1,"operational":4},"locationPrecision":"exact","name":"Rivne nuclear power plant","operatingCapacityCoverage":{"coveragePercent":100.0,"knownUnitCount":4,"method":"complete_unit_sum","provenance":{"evidenceCount":0,"recordIds":["wattlas-record-gemunit-g100000500217","wattlas-record-gemunit-g100000500218","wattlas-record-gemunit-g100000500487","wattlas-record-gemunit-g100000500489"],"sourceIds":["gem-global-integrated-power-tracker"],"sourceTypes":["research_verified"],"valueKind":"reported"},"totalUnitCount":4},"operatingCapacityMw":2835.0,"operatingCapacityMwByTechnology":{"nuclear":2835.0},"plannedCapacityCoverage":{"coveragePercent":100.0,"knownUnitCount":1,"method":"complete_unit_sum","provenance":{"evidenceCount":0,"recordIds":["wattlas-record-gemunit-g100000501314"],"sourceIds":["gem-global-integrated-power-tracker"],"sourceTypes":["research_verified"],"valueKind":"reported"},"totalUnitCount":1},"plannedCapacityMw":1250.0,"plannedCapacityMwByTechnology":{"nuclear":1250.0},"recordCount":5,"recordIds":["wattlas-record-gemunit-g100000500217","wattlas-record-gemunit-g100000500218","wattlas-record-gemunit-g100000500487","wattlas-record-gemunit-g100000500489","wattlas-record-gemunit-g100000501314"],"sourceIds":["gem-global-integrated-power-tracker"],"sourceUrl":"https://www.gem.wiki/Rivne_nuclear_power_plant","technologies":["nuclear"],"technologyMixMw":{"nuclear":4085.0},"unitCount":5,"unitIds":["gem-unit-G100000500217","gem-unit-G100000500218","gem-unit-G100000500487","gem-unit-G100000500489","gem-unit-G100000501314"]},"type":"Feature"},{"geometry":{"coordinates":[34.5851,47.5067],"type":"Point"},"id":"wattlas-plant-gemplant-l100000500110","properties":{"aliases":["1.0","2.0","3.0","4.0","5.0","6.0","Zaporizhzhia nuclear power plant"],"canonicalAnchor":"gemplant:L100000500110","canonicalCountryKey":"UA","capacityMw":6000.0,"country":"UA","externalIdAliases":{"gemUnit":["G100000500222","G100000500223","G100000500224","G100000500225","G100000500226","G100000500227"]},"externalIds":{"gemPlant":"L100000500110","gemUnit":"G100000500227"},"gemWikiUrl":"https://www.gem.wiki/Zaporizhzhia_nuclear_power_plant","geographyId":"UA-14850775B92888097715572","id":"wattlas-plant-gemplant-l100000500110","lifecycleCounts":{"operational":6},"locationPrecision":"exact","name":"Zaporizhzhia nuclear power plant","operatingCapacityCoverage":{"coveragePercent":100.0,"knownUnitCount":6,"method":"complete_unit_sum","provenance":{"evidenceCount":0,"recordIds":["wattlas-record-gemunit-g100000500222","wattlas-record-gemunit-g100000500223","wattlas-record-gemunit-g100000500224","wattlas-record-gemunit-g100000500225","wattlas-record-gemunit-g100000500226","wattlas-record-gemunit-g100000500227"],"sourceIds":["gem-global-integrated-power-tracker"],"sourceTypes":["research_verified"],"valueKind":"reported"},"totalUnitCount":6},"operatingCapacityMw":6000.0,"operatingCapacityMwByTechnology":{"nuclear":6000.0},"plannedCapacityCoverage":{"coveragePercent":0.0,"knownUnitCount":0,"method":"unavailable","totalUnitCount":0},"plannedCapacityMw":0.0,"plannedCapacityMwByTechnology":{},"recordCount":6,"recordIds":["wattlas-record-gemunit-g100000500222","wattlas-record-gemunit-g100000500223","wattlas-record-gemunit-g100000500224","wattlas-record-gemunit-g100000500225","wattlas-record-gemunit-g100000500226","wattlas-record-gemunit-g100000500227"],"sourceIds":["gem-global-integrated-power-tracker"],"sourceUrl":"https://www.gem.wiki/Zaporizhzhia_nuclear_power_plant","technologies":["nuclear"],"technologyMixMw":{"nuclear":6000.0},"unitCount":6,"unitIds":["gem-unit-G100000500222","gem-unit-G100000500223","gem-unit-G100000500224","gem-unit-G100000500225","gem-unit-G100000500226","gem-unit-G100000500227"]},"type":"Feature"},{"geometry":{"coordinates":[31.2201,47.81201],"type":"Point"},"id":"wattlas-plant-gemplant-l100000500221","properties":{"aliases":["1.0","2.0","3.0","4.0","5.0","South Ukraine nuclear power plant"],"canonicalAnchor":"gemplant:L100000500221","canonicalCountryKey":"UA","capacityMw":5500.0,"country":"UA","externalIdAliases":{"gemUnit":["G100000500537","G100000500538","G100000500619","G100000501315","G100001055189"]},"externalIds":{"gemPlant":"L100000500221","gemUnit":"G100001055189"},"gemWikiUrl":"https://www.gem.wiki/South_Ukraine_nuclear_power_plant","geographyId":"UA-14850775B99856317748721","id":"wattlas-plant-gemplant-l100000500221","lifecycleCounts":{"announced":2,"operational":3},"locationPrecision":"exact","name":"South Ukraine nuclear power plant","operatingCapacityCoverage":{"coveragePercent":100.0,"knownUnitCount":3,"method":"complete_unit_sum","provenance":{"evidenceCount":0,"recordIds":["wattlas-record-gemunit-g100000500537","wattlas-record-gemunit-g100000500538","wattlas-record-gemunit-g100000500619"],"sourceIds":["gem-global-integrated-power-tracker"],"sourceTypes":["research_verified"],"valueKind":"reported"},"totalUnitCount":3},"operatingCapacityMw":3000.0,"operatingCapacityMwByTechnology":{"nuclear":3000.0},"plannedCapacityCoverage":{"coveragePercent":100.0,"knownUnitCount":2,"method":"complete_unit_sum","provenance":{"evidenceCount":0,"recordIds":["wattlas-record-gemunit-g100000501315","wattlas-record-gemunit-g100001055189"],"sourceIds":["gem-global-integrated-power-tracker"],"sourceTypes":["research_verified"],"valueKind":"reported"},"totalUnitCount":2},"plannedCapacityMw":2500.0,"plannedCapacityMwByTechnology":{"nuclear":2500.0},"recordCount":5,"recordIds":["wattlas-record-gemunit-g100000500537","wattlas-record-gemunit-g100000500538","wattlas-record-gemunit-g100000500619","wattlas-record-gemunit-g100000501315","wattlas-record-gemunit-g100001055189"],"sourceIds":["gem-global-integrated-power-tracker"],"sourceUrl":"https://www.gem.wiki/South_Ukraine_nuclear_power_plant","technologies":["nuclear"],"technologyMixMw":{"nuclear":5500.0},"unitCount":5,"unitIds":["gem-unit-G100000500537","gem-unit-G100000500538","gem-unit-G100000500619","gem-unit-G100000501315","gem-unit-G100001055189"]},"type":"Feature"},{"geometry":{"coordinates":[32.7863,49.0849],"type":"Point"},"id":"wattlas-plant-gemplant-l100000500451","properties":{"aliases":["1.0","2.0","3.0","4.0","Chyhyryn nuclear power plant"],"canonicalAnchor":"gemplant:L100000500451","canonicalCountryKey":"UA","capacityMw":0.0,"country":"UA","externalIdAliases":{"gemUnit":["G100000501300","G100000501301","G100000501302","G100000501303"]},"externalIds":{"gemPlant":"L100000500451","gemUnit":"G100000501303"},"gemWikiUrl":"https://www.gem.wiki/Chyhyryn_nuclear_power_plant","geographyId":"UA-14850775B95678810793770","id":"wattlas-plant-gemplant-l100000500451","lifecycleCounts":{"cancelled":4},"locationPrecision":"exact","name":"Chyhyryn nuclear power plant","operatingCapacityCoverage":{"coveragePercent":0.0,"knownUnitCount":0,"method":"unavailable","totalUnitCount":0},"operatingCapacityMw":0.0,"operatingCapacityMwByTechnology":{},"plannedCapacityCoverage":{"coveragePercent":0.0,"knownUnitCount":0,"method":"unavailable","totalUnitCount":0},"plannedCapacityMw":0.0,"plannedCapacityMwByTechnology":{},"recordCount":4,"recordIds":["wattlas-record-gemunit-g100000501300","wattlas-record-gemunit-g100000501301","wattlas-record-gemunit-g100000501302","wattlas-record-gemunit-g100000501303"],"sourceIds":["gem-global-integrated-power-tracker"],"sourceUrl":"https://www.gem.wiki/Chyhyryn_nuclear_power_plant","technologies":["nuclear"],"technologyMixMw":{"nuclear":0.0},"unitCount":4,"unitIds":["gem-unit-G100000501300","gem-unit-G100000501301","gem-unit-G100000501302","gem-unit-G100000501303"]},"type":"Feature"},{"geometry":{"coordinates":[35.8033,45.3915],"type":"Point"},"id":"wattlas-plant-gemplant-l100000500452","properties":{"aliases":["1.0","2.0","3.0","4.0","Crimean nuclear power plant"],"canonicalAnchor":"gemplant:L100000500452","canonicalCountryKey":"UA","capacityMw":0.0,"country":"UA","externalIdAliases":{"gemUnit":["G100000501304","G100000501305","G100000501306","G100000501307"]},"externalIds":{"gemPlant":"L100000500452","gemUnit":"G100000501307"},"gemWikiUrl":"https://www.gem.wiki/Crimean_nuclear_power_plant","geographyId":"UA-14850775B24260608407062","id":"wattlas-plant-gemplant-l100000500452","lifecycleCounts":{"cancelled":4},"locationPrecision":"exact","name":"Crimean nuclear power plant","operatingCapacityCoverage":{"coveragePercent":0.0,"knownUnitCount":0,"method":"unavailable","totalUnitCount":0},"operatingCapacityMw":0.0,"operatingCapacityMwByTechnology":{},"plannedCapacityCoverage":{"coveragePercent":0.0,"knownUnitCount":0,"method":"unavailable","totalUnitCount":0},"plannedCapacityMw":0.0,"plannedCapacityMwByTechnology":{},"recordCount":4,"recordIds":["wattlas-record-gemunit-g100000501304","wattlas-record-gemunit-g100000501305","wattlas-record-gemunit-g100000501306","wattlas-record-gemunit-g100000501307"],"sourceIds":["gem-global-integrated-power-tracker"],"sourceUrl":"https://www.gem.wiki/Crimean_nuclear_power_plant","technologies":["nuclear"],"technologyMixMw":{"nuclear":0.0},"unitCount":4,"unitIds":["gem-unit-G100000501304","gem-unit-G100000501305","gem-unit-G100000501306","gem-unit-G100000501307"]},"type":"Feature"},{"geometry":{"coordinates":[36.0673,49.6886],"type":"Point"},"id":"wattlas-plant-gemplant-l100000500453","properties":{"aliases":["1.0","2.0","Kharkiv nuclear power plant"],"canonicalAnchor":"gemplant:L100000500453","canonicalCountryKey":"UA","capacityMw":0.0,"country":"UA","externalIdAliases":{"gemUnit":["G100000501308","G100000501309"]},"externalIds":{"gemPlant":"L100000500453","gemUnit":"G100000501309"},"gemWikiUrl":"https://www.gem.wiki/Kharkiv_nuclear_power_plant","geographyId":"UA-14850775B15913324833724","id":"wattlas-plant-gemplant-l100000500453","lifecycleCounts":{"cancelled":2},"locationPrecision":"exact","name":"Kharkiv nuclear power plant","operatingCapacityCoverage":{"coveragePercent":0.0,"knownUnitCount":0,"method":"unavailable","totalUnitCount":0},"operatingCapacityMw":0.0,"operatingCapacityMwByTechnology":{},"plannedCapacityCoverage":{"coveragePercent":0.0,"knownUnitCount":0,"method":"unavailable","totalUnitCount":0},"plannedCapacityMw":0.0,"plannedCapacityMwByTechnology":{},"recordCount":2,"recordIds":["wattlas-record-gemunit-g100000501308","wattlas-record-gemunit-g100000501309"],"sourceIds":["gem-global-integrated-power-tracker"],"sourceUrl":"https://www.gem.wiki/Kharkiv_nuclear_power_plant","technologies":["nuclear"],"technologyMixMw":{"nuclear":0.0},"unitCount":2,"unitIds":["gem-unit-G100000501308","gem-unit-G100000501309"]},"type":"Feature"},{"geometry":{"coordinates":[30.3141,46.4599],"type":"Point"},"id":"wattlas-plant-gemplant-l100000500454","properties":{"aliases":["1.0","2.0","Odessa nuclear power plant"],"canonicalAnchor":"gemplant:L100000500454","canonicalCountryKey":"UA","capacityMw":0.0,"country":"UA","externalIdAliases":{"gemUnit":["G100000501312","G100000501313"]},"externalIds":{"gemPlant":"L100000500454","gemUnit":"G100000501313"},"gemWikiUrl":"https://www.gem.wiki/Odessa_nuclear_power_plant","geographyId":"UA-14850775B53240635394722","id":"wattlas-plant-gemplant-l100000500454","lifecycleCounts":{"cancelled":2},"locationPrecision":"exact","name":"Odessa nuclear power plant","operatingCapacityCoverage":{"coveragePercent":0.0,"knownUnitCount":0,"method":"unavailable","totalUnitCount":0},"operatingCapacityMw":0.0,"operatingCapacityMwByTechnology":{},"plannedCapacityCoverage":{"coveragePercent":0.0,"knownUnitCount":0,"method":"unavailable","totalUnitCount":0},"plannedCapacityMw":0.0,"plannedCapacityMwByTechnology":{},"recordCount":2,"recordIds":["wattlas-record-gemunit-g100000501312","wattlas-record-gemunit-g100000501313"],"sourceIds":["gem-global-integrated-power-tracker"],"sourceUrl":"https://www.gem.wiki/Odessa_nuclear_power_plant","technologies":["nuclear"],"technologyMixMw":{"nuclear":0.0},"unitCount":2,"unitIds":["gem-unit-G100000501312","gem-unit-G100000501313"]},"type":"Feature"},{"geometry":{"coordinates":[35.0897,47.8675],"type":"Point"},"id":"wattlas-plant-gemplant-l100000603682","properties":{"aliases":["Dnipro-1 hydroelectric plant"],"canonicalAnchor":"gemplant:L100000603682","canonicalCountryKey":"UA","capacityMw":651.0,"country":"UA","externalIds":{"gemPlant":"L100000603682","gemUnit":"G100000603718"},"gemWikiUrl":"https://www.gem.wiki/Dnipro-1_hydroelectric_plant","geographyId":"UA-14850775B92888097715572","id":"wattlas-plant-gemplant-l100000603682","lifecycleCounts":{"operational":1},"locationPrecision":"exact","name":"Dnipro-1 hydroelectric plant","operatingCapacityCoverage":{"coveragePercent":100.0,"knownUnitCount":1,"method":"complete_unit_sum","provenance":{"evidenceCount":0,"recordIds":["wattlas-record-gemunit-g100000603718"],"sourceIds":["gem-global-integrated-power-tracker"],"sourceTypes":["research_verified"],"valueKind":"reported"},"totalUnitCount":1},"operatingCapacityMw":651.0,"operatingCapacityMwByTechnology":{"hydro":651.0},"plannedCapacityCoverage":{"coveragePercent":0.0,"knownUnitCount":0,"method":"unavailable","totalUnitCount":0},"plannedCapacityMw":0.0,"plannedCapacityMwByTechnology":{},"recordCount":1,"recordIds":["wattlas-record-gemunit-g100000603718"],"sourceIds":["gem-global-integrated-power-tracker"],"sourceUrl":"https://www.gem.wiki/Dnipro-1_hydroelectric_plant","technologies":["hydro"],"technologyMixMw":{"hydro":651.0},"unitCount":1,"unitIds":["gem-unit-G100000603718"]},"type":"Feature"},{"geometry":{"coordinates":[35.0897,47.8675],"type":"Point"},"id":"wattlas-plant-gemplant-l100000603683","properties":{"aliases":["Dnipro-2 hydroelectric plant"],"canonicalAnchor":"gemplant:L100000603683","canonicalCountryKey":"UA","capacityMw":888.0,"country":"UA","externalIds":{"gemPlant":"L100000603683","gemUnit":"G100000603719"},"gemWikiUrl":"https://www.gem.wiki/Dnipro-2_hydroelectric_plant","geographyId":"UA-14850775B92888097715572","id":"wattlas-plant-gemplant-l100000603683","lifecycleCounts":{"operational":1},"locationPrecision":"exact","name":"Dnipro-2 hydroelectric plant","operatingCapacityCoverage":{"coveragePercent":100.0,"knownUnitCount":1,"method":"complete_unit_sum","provenance":{"evidenceCount":0,"recordIds":["wattlas-record-gemunit-g100000603719"],"sourceIds":["gem-global-integrated-power-tracker"],"sourceTypes":["research_verified"],"valueKind":"reported"},"totalUnitCount":1},"operatingCapacityMw":888.0,"operatingCapacityMwByTechnology":{"hydro":888.0},"plannedCapacityCoverage":{"coveragePercent":0.0,"knownUnitCount":0,"method":"unavailable","totalUnitCount":0},"plannedCapacityMw":0.0,"plannedCapacityMwByTechnology":{},"recordCount":1,"recordIds":["wattlas-record-gemunit-g100000603719"],"sourceIds":["gem-global-integrated-power-tracker"],"sourceUrl":"https://www.gem.wiki/Dnipro-2_hydroelectric_plant","technologies":["hydro"],"technologyMixMw":{"hydro":888.0},"unitCount":1,"unitIds":["gem-unit-G100000603719"]},"type":"Feature"},{"geometry":{"coordinates":[27.4733,48.5136],"type":"Point"},"id":"wattlas-plant-gemplant-l100000603684","properties":{"aliases":["Dnister hydroelectric plant"],"canonicalAnchor":"gemplant:L100000603684","canonicalCountryKey":"UA","capacityMw":702.0,"country":"UA","externalIds":{"gemPlant":"L100000603684","gemUnit":"G100000603720"},"gemWikiUrl":"https://www.gem.wiki/Dnister_hydroelectric_plant","geographyId":"UA-14850775B35593196550103","id":"wattlas-plant-gemplant-l100000603684","lifecycleCounts":{"operational":1},"locationPrecision":"exact","name":"Dnister hydroelectric plant","operatingCapacityCoverage":{"coveragePercent":100.0,"knownUnitCount":1,"method":"complete_unit_sum","provenance":{"evidenceCount":0,"recordIds":["wattlas-record-gemunit-g100000603720"],"sourceIds":["gem-global-integrated-power-tracker"],"sourceTypes":["research_verified"],"valueKind":"reported"},"totalUnitCount":1},"operatingCapacityMw":702.0,"operatingCapacityMwByTechnology":{"hydro":702.0},"plannedCapacityCoverage":{"coveragePercent":0.0,"knownUnitCount":0,"method":"unavailable","totalUnitCount":0},"plannedCapacityMw":0.0,"plannedCapacityMwByTechnology":{},"recordCount":1,"recordIds":["wattlas-record-gemunit-g100000603720"],"sourceIds":["gem-global-integrated-power-tracker"],"sourceUrl":"https://www.gem.wiki/Dnister_hydroelectric_plant","technologies":["hydro"],"technologyMixMw":{"hydro":702.0},"unitCount":1,"unitIds":["gem-unit-G100000603720"]},"type":"Feature"},{"geometry":{"coordinates":[27.4733,48.5136],"type":"Point"},"id":"wattlas-plant-gemplant-l100000603685","properties":{"aliases":["Dnister Pumped Storage hydroelectric plant"],"canonicalAnchor":"gemplant:L100000603685","canonicalCountryKey":"UA","capacityMw":2268.0,"country":"UA","externalIdAliases":{"gemUnit":["G100000603721","G100000603722"]},"externalIds":{"gemPlant":"L100000603685","gemUnit":"G100000603722"},"gemWikiUrl":"https://www.gem.wiki/Dnister_Pumped_Storage_hydroelectric_plant","geographyId":"UA-14850775B35593196550103","id":"wattlas-plant-gemplant-l100000603685","lifecycleCounts":{"announced":1,"operational":1},"locationPrecision":"exact","name":"Dnister Pumped Storage hydroelectric plant","operatingCapacityCoverage":{"coveragePercent":100.0,"knownUnitCount":1,"method":"complete_unit_sum","provenance":{"evidenceCount":0,"recordIds":["wattlas-record-gemunit-g100000603721"],"sourceIds":["gem-global-integrated-power-tracker"],"sourceTypes":["research_verified"],"valueKind":"reported"},"totalUnitCount":1},"operatingCapacityMw":1296.0,"operatingCapacityMwByTechnology":{"hydro":1296.0},"plannedCapacityCoverage":{"coveragePercent":100.0,"knownUnitCount":1,"method":"complete_unit_sum","provenance":{"evidenceCount":0,"recordIds":["wattlas-record-gemunit-g100000603722"],"sourceIds":["gem-global-integrated-power-tracker"],"sourceTypes":["research_verified"],"valueKind":"reported"},"totalUnitCount":1},"plannedCapacityMw":972.0,"plannedCapacityMwByTechnology":{"hydro":972.0},"recordCount":2,"recordIds":["wattlas-record-gemunit-g100000603721","wattlas-record-gemunit-g100000603722"],"sourceIds":["gem-global-integrated-power-tracker"],"sourceUrl":"https://www.gem.wiki/Dnister_Pumped_Storage_hydroelectric_plant","technologies":["hydro"],"technologyMixMw":{"hydro":2268.0},"unitCount":2,"unitIds":["gem-unit-G100000603721","gem-unit-G100000603722"]},"type":"Feature"},{"geometry":{"coordinates":[33.3697,46.7786],"type":"Point"},"id":"wattlas-plant-gemplant-l100000603686","properties":{"aliases":["Kakhovka-1 hydroelectric plant"],"canonicalAnchor":"gemplant:L100000603686","canonicalCountryKey":"UA","capacityMw":0.0,"country":"UA","externalIds":{"gemPlant":"L100000603686","gemUnit":"G100000604481"},"gemWikiUrl":"https://www.gem.wiki/Kakhovka-1_hydroelectric_plant","geographyId":"UA-14850775B65901307765467","id":"wattlas-plant-gemplant-l100000603686","lifecycleCounts":{"paused":1},"locationPrecision":"exact","name":"Kakhovka-1 hydroelectric plant","operatingCapacityCoverage":{"coveragePercent":0.0,"knownUnitCount":0,"method":"unavailable","totalUnitCount":0},"operatingCapacityMw":0.0,"operatingCapacityMwByTechnology":{},"plannedCapacityCoverage":{"coveragePercent":0.0,"knownUnitCount":0,"method":"unavailable","totalUnitCount":0},"plannedCapacityMw":0.0,"plannedCapacityMwByTechnology":{},"recordCount":1,"recordIds":["wattlas-record-gemunit-g100000604481"],"sourceIds":["gem-global-integrated-power-tracker"],"sourceUrl":"https://www.gem.wiki/Kakhovka-1_hydroelectric_plant","technologies":["hydro"],"technologyMixMw":{"hydro":0.0},"unitCount":1,"unitIds":["gem-unit-G100000604481"]},"type":"Feature"},{"geometry":{"coordinates":[31.472,49.7663],"type":"Point"},"id":"wattlas-plant-gemplant-l100000603688","properties":{"aliases":["Kaniv hydroelectric plant"],"canonicalAnchor":"gemplant:L100000603688","canonicalCountryKey":"UA","capacityMw":1493.0,"country":"UA","externalIdAliases":{"gemUnit":["G100000603725","G100000604495"]},"externalIds":{"gemPlant":"L100000603688","gemUnit":"G100000604495"},"gemWikiUrl":"https://www.gem.wiki/Kaniv_hydroelectric_plant","geographyId":"UA-14850775B95678810793770","id":"wattlas-plant-gemplant-l100000603688","lifecycleCounts":{"announced":1,"operational":1},"locationPrecision":"exact","name":"Kaniv hydroelectric plant","operatingCapacityCoverage":{"coveragePercent":100.0,"knownUnitCount":1,"method":"complete_unit_sum","provenance":{"evidenceCount":0,"recordIds":["wattlas-record-gemunit-g100000603725"],"sourceIds":["gem-global-integrated-power-tracker"],"sourceTypes":["research_verified"],"valueKind":"reported"},"totalUnitCount":1},"operatingCapacityMw":493.0,"operatingCapacityMwByTechnology":{"hydro":493.0},"plannedCapacityCoverage":{"coveragePercent":100.0,"knownUnitCount":1,"method":"complete_unit_sum","provenance":{"evidenceCount":0,"recordIds":["wattlas-record-gemunit-g100000604495"],"sourceIds":["gem-global-integrated-power-tracker"],"sourceTypes":["research_verified"],"valueKind":"reported"},"totalUnitCount":1},"plannedCapacityMw":1000.0,"plannedCapacityMwByTechnology":{"hydro":1000.0},"recordCount":2,"recordIds":["wattlas-record-gemunit-g100000603725","wattlas-record-gemunit-g100000604495"],"sourceIds":["gem-global-integrated-power-tracker"],"sourceUrl":"https://www.gem.wiki/Kaniv_hydroelectric_plant","technologies":["hydro"],"technologyMixMw":{"hydro":1493.0},"unitCount":2,"unitIds":["gem-unit-G100000603725","gem-unit-G100000604495"]},"type":"Feature"},{"geometry":{"coordinates":[30.5118,50.5883],"type":"Point"},"id":"wattlas-plant-gemplant-l100000603689","properties":{"aliases":["Kiyvska hydroelectric plant"],"canonicalAnchor":"gemplant:L100000603689","canonicalCountryKey":"UA","capacityMw":440.0,"country":"UA","externalIds":{"gemPlant":"L100000603689","gemUnit":"G100000603727"},"gemWikiUrl":"https://www.gem.wiki/Kiyvska_hydroelectric_plant","geographyId":"UA-14850775B37539954297462","id":"wattlas-plant-gemplant-l100000603689","lifecycleCounts":{"operational":1},"locationPrecision":"exact","name":"Kiyvska hydroelectric plant","operatingCapacityCoverage":{"coveragePercent":100.0,"knownUnitCount":1,"method":"complete_unit_sum","provenance":{"evidenceCount":0,"recordIds":["wattlas-record-gemunit-g100000603727"],"sourceIds":["gem-global-integrated-power-tracker"],"sourceTypes":["research_verified"],"valueKind":"reported"},"totalUnitCount":1},"operatingCapacityMw":440.0,"operatingCapacityMwByTechnology":{"hydro":440.0},"plannedCapacityCoverage":{"coveragePercent":0.0,"knownUnitCount":0,"method":"unavailable","totalUnitCount":0},"plannedCapacityMw":0.0,"plannedCapacityMwByTechnology":{},"recordCount":1,"recordIds":["wattlas-record-gemunit-g100000603727"],"sourceIds":["gem-global-integrated-power-tracker"],"sourceUrl":"https://www.gem.wiki/Kiyvska_hydroelectric_plant","technologies":["hydro"],"technologyMixMw":{"hydro":440.0},"unitCount":1,"unitIds":["gem-unit-G100000603727"]},"type":"Feature"},{"geometry":{"coordinates":[33.2531,49.0748],"type":"Point"},"id":"wattlas-plant-gemplant-l100000603690","properties":{"aliases":["Kremenchuk hydroelectric plant"],"canonicalAnchor":"gemplant:L100000603690","canonicalCountryKey":"UA","capacityMw":700.0,"country":"UA","externalIds":{"gemPlant":"L100000603690","gemUnit":"G100000603728"},"gemWikiUrl":"https://www.gem.wiki/Kremenchuk_hydroelectric_plant","geographyId":"UA-14850775B64193679462794","id":"wattlas-plant-gemplant-l100000603690","lifecycleCounts":{"operational":1},"locationPrecision":"exact","name":"Kremenchuk hydroelectric plant","operatingCapacityCoverage":{"coveragePercent":100.0,"knownUnitCount":1,"method":"complete_unit_sum","provenance":{"evidenceCount":0,"recordIds":["wattlas-record-gemunit-g100000603728"],"sourceIds":["gem-global-integrated-power-tracker"],"sourceTypes":["research_verified"],"valueKind":"reported"},"totalUnitCount":1},"operatingCapacityMw":700.0,"operatingCapacityMwByTechnology":{"hydro":700.0},"plannedCapacityCoverage":{"coveragePercent":0.0,"knownUnitCount":0,"method":"unavailable","totalUnitCount":0},"plannedCapacityMw":0.0,"plannedCapacityMwByTechnology":{},"recordCount":1,"recordIds":["wattlas-record-gemunit-g100000603728"],"sourceIds":["gem-global-integrated-power-tracker"],"sourceUrl":"https://www.gem.wiki/Kremenchuk_hydroelectric_plant","technologies":["hydro"],"technologyMixMw":{"hydro":700.0},"unitCount":1,"unitIds":["gem-unit-G100000603728"]},"type":"Feature"},{"geometry":{"coordinates":[30.4902,50.6113],"type":"Point"},"id":"wattlas-plant-gemplant-l100000603691","properties":{"aliases":["Kyivska hydroelectric plant"],"canonicalAnchor":"gemplant:L100000603691","canonicalCountryKey":"UA","capacityMw":236.0,"country":"UA","externalIds":{"gemPlant":"L100000603691","gemUnit":"G100000603729"},"gemWikiUrl":"https://www.gem.wiki/Kyivska_hydroelectric_plant","geographyId":"UA-14850775B37539954297462","id":"wattlas-plant-gemplant-l100000603691","lifecycleCounts":{"operational":1},"locationPrecision":"exact","name":"Kyivska hydroelectric plant","operatingCapacityCoverage":{"coveragePercent":100.0,"knownUnitCount":1,"method":"complete_unit_sum","provenance":{"evidenceCount":0,"recordIds":["wattlas-record-gemunit-g100000603729"],"sourceIds":["gem-global-integrated-power-tracker"],"sourceTypes":["research_verified"],"valueKind":"reported"},"totalUnitCount":1},"operatingCapacityMw":236.0,"operatingCapacityMwByTechnology":{"hydro":236.0},"plannedCapacityCoverage":{"coveragePercent":0.0,"knownUnitCount":0,"method":"unavailable","totalUnitCount":0},"plannedCapacityMw":0.0,"plannedCapacityMwByTechnology":{},"recordCount":1,"recordIds":["wattlas-record-gemunit-g100000603729"],"sourceIds":["gem-global-integrated-power-tracker"],"sourceUrl":"https://www.gem.wiki/Kyivska_hydroelectric_plant","technologies":["hydro"],"technologyMixMw":{"hydro":236.0},"unitCount":1,"unitIds":["gem-unit-G100000603729"]},"type":"Feature"},{"geometry":{"coordinates":[34.541,48.5485],"type":"Point"},"id":"wattlas-plant-gemplant-l100000603692","properties":{"aliases":["Serednodniprovska hydroelectric plant"],"canonicalAnchor":"gemplant:L100000603692","canonicalCountryKey":"UA","capacityMw":388.0,"country":"UA","externalIds":{"gemPlant":"L100000603692","gemUnit":"G100000603730"},"gemWikiUrl":"https://www.gem.wiki/Serednodniprovska_hydroelectric_plant","geographyId":"UA-14850775B41808765507575","id":"wattlas-plant-gemplant-l100000603692","lifecycleCounts":{"operational":1},"locationPrecision":"exact","name":"Serednodniprovska hydroelectric plant","operatingCapacityCoverage":{"coveragePercent":100.0,"knownUnitCount":1,"method":"complete_unit_sum","provenance":{"evidenceCount":0,"recordIds":["wattlas-record-gemunit-g100000603730"],"sourceIds":["gem-global-integrated-power-tracker"],"sourceTypes":["research_verified"],"valueKind":"reported"},"totalUnitCount":1},"operatingCapacityMw":388.0,"operatingCapacityMwByTechnology":{"hydro":388.0},"plannedCapacityCoverage":{"coveragePercent":0.0,"knownUnitCount":0,"method":"unavailable","totalUnitCount":0},"plannedCapacityMw":0.0,"plannedCapacityMwByTechnology":{},"recordCount":1,"recordIds":["wattlas-record-gemunit-g100000603730"],"sourceIds":["gem-global-integrated-power-tracker"],"sourceUrl":"https://www.gem.wiki/Serednodniprovska_hydroelectric_plant","technologies":["hydro"],"technologyMixMw":{"hydro":388.0},"unitCount":1,"unitIds":["gem-unit-G100000603730"]},"type":"Feature"},{"geometry":{"coordinates":[31.1811,47.7968],"type":"Point"},"id":"wattlas-plant-gemplant-l100000603693","properties":{"aliases":["Tashlytsky hydroelectric plant"],"canonicalAnchor":"gemplant:L100000603693","canonicalCountryKey":"UA","capacityMw":453.0,"country":"UA","externalIds":{"gemPlant":"L100000603693","gemUnit":"G100000603731"},"gemWikiUrl":"https://www.gem.wiki/Tashlytsky_hydroelectric_plant","geographyId":"UA-14850775B99856317748721","id":"wattlas-plant-gemplant-l100000603693","lifecycleCounts":{"operational":1},"locationPrecision":"exact","name":"Tashlytsky hydroelectric plant","operatingCapacityCoverage":{"coveragePercent":100.0,"knownUnitCount":1,"method":"complete_unit_sum","provenance":{"evidenceCount":0,"recordIds":["wattlas-record-gemunit-g100000603731"],"sourceIds":["gem-global-integrated-power-tracker"],"sourceTypes":["research_verified"],"valueKind":"reported"},"totalUnitCount":1},"operatingCapacityMw":453.0,"operatingCapacityMwByTechnology":{"hydro":453.0},"plannedCapacityCoverage":{"coveragePercent":0.0,"knownUnitCount":0,"method":"unavailable","totalUnitCount":0},"plannedCapacityMw":0.0,"plannedCapacityMwByTechnology":{},"recordCount":1,"recordIds":["wattlas-record-gemunit-g100000603731"],"sourceIds":["gem-global-integrated-power-tracker"],"sourceUrl":"https://www.gem.wiki/Tashlytsky_hydroelectric_plant","technologies":["hydro"],"technologyMixMw":{"hydro":453.0},"unitCount":1,"unitIds":["gem-unit-G100000603731"]},"type":"Feature"},{"geometry":{"coordinates":[34.1539,47.6597],"type":"Point"},"id":"wattlas-plant-gemplant-l100000805752","properties":{"aliases":["--","Pokrovs'Ka solar farm"],"canonicalAnchor":"gemplant:L100000805752","canonicalCountryKey":"UA","capacityMw":240.0,"country":"UA","externalIds":{"gemPlant":"L100000805752","gemUnit":"G100000806620"},"gemWikiUrl":"https://www.gem.wiki/Pokrovs'Ka_solar_farm","geographyId":"UA-14850775B41808765507575","id":"wattlas-plant-gemplant-l100000805752","lifecycleCounts":{"operational":1},"locationPrecision":"exact","name":"Pokrovs'Ka solar farm","operatingCapacityCoverage":{"coveragePercent":100.0,"knownUnitCount":1,"method":"complete_unit_sum","provenance":{"evidenceCount":0,"recordIds":["wattlas-record-gemunit-g100000806620"],"sourceIds":["gem-global-integrated-power-tracker"],"sourceTypes":["research_verified"],"valueKind":"reported"},"totalUnitCount":1},"operatingCapacityMw":240.0,"operatingCapacityMwByTechnology":{"solar":240.0},"plannedCapacityCoverage":{"coveragePercent":0.0,"knownUnitCount":0,"method":"unavailable","totalUnitCount":0},"plannedCapacityMw":0.0,"plannedCapacityMwByTechnology":{},"recordCount":1,"recordIds":["wattlas-record-gemunit-g100000806620"],"sourceIds":["gem-global-integrated-power-tracker"],"sourceUrl":"https://www.gem.wiki/Pokrovs'Ka_solar_farm","technologies":["solar"],"technologyMixMw":{"solar":240.0},"unitCount":1,"unitIds":["gem-unit-G100000806620"]},"type":"Feature"},{"geometry":{"coordinates":[23.5046,49.9384],"type":"Point"},"id":"wattlas-plant-gemplant-l100000805799","properties":{"aliases":["1.0","2.0","Yavoriv solar farm"],"canonicalAnchor":"gemplant:L100000805799","canonicalCountryKey":"UA","capacityMw":72.0,"country":"UA","externalIdAliases":{"gemUnit":["G100000806674","G100000806675"]},"externalIds":{"gemPlant":"L100000805799","gemUnit":"G100000806675"},"gemWikiUrl":"https://www.gem.wiki/Yavoriv_solar_farm","geographyId":"UA-14850775B26941409899318","id":"wattlas-plant-gemplant-l100000805799","lifecycleCounts":{"operational":2},"locationPrecision":"exact","name":"Yavoriv solar farm","operatingCapacityCoverage":{"coveragePercent":100.0,"knownUnitCount":2,"method":"complete_unit_sum","provenance":{"evidenceCount":0,"recordIds":["wattlas-record-gemunit-g100000806674","wattlas-record-gemunit-g100000806675"],"sourceIds":["gem-global-integrated-power-tracker"],"sourceTypes":["research_verified"],"valueKind":"reported"},"totalUnitCount":2},"operatingCapacityMw":72.0,"operatingCapacityMwByTechnology":{"solar":72.0},"plannedCapacityCoverage":{"coveragePercent":0.0,"knownUnitCount":0,"method":"unavailable","totalUnitCount":0},"plannedCapacityMw":0.0,"plannedCapacityMwByTechnology":{},"recordCount":2,"recordIds":["wattlas-record-gemunit-g100000806674","wattlas-record-gemunit-g100000806675"],"sourceIds":["gem-global-integrated-power-tracker"],"sourceUrl":"https://www.gem.wiki/Yavoriv_solar_farm","technologies":["solar"],"technologyMixMw":{"solar":72.0},"unitCount":2,"unitIds":["gem-unit-G100000806674","gem-unit-G100000806675"]},"type":"Feature"},{"geometry":{"coordinates":[31.396,47.572],"type":"Point"},"id":"wattlas-plant-gemplant-l100000805910","properties":{"aliases":["--","Voznesensk solar farm"],"canonicalAnchor":"gemplant:L100000805910","canonicalCountryKey":"UA","capacityMw":29.0,"country":"UA","externalIds":{"gemPlant":"L100000805910","gemUnit":"G100000806799"},"gemWikiUrl":"https://www.gem.wiki/Voznesensk_solar_farm","geographyId":"UA-14850775B99856317748721","id":"wattlas-plant-gemplant-l100000805910","lifecycleCounts":{"operational":1},"locationPrecision":"exact","name":"Voznesensk solar farm","operatingCapacityCoverage":{"coveragePercent":100.0,"knownUnitCount":1,"method":"complete_unit_sum","provenance":{"evidenceCount":0,"recordIds":["wattlas-record-gemunit-g100000806799"],"sourceIds":["gem-global-integrated-power-tracker"],"sourceTypes":["research_verified"],"valueKind":"reported"},"totalUnitCount":1},"operatingCapacityMw":29.0,"operatingCapacityMwByTechnology":{"solar":29.0},"plannedCapacityCoverage":{"coveragePercent":0.0,"knownUnitCount":0,"method":"unavailable","totalUnitCount":0},"plannedCapacityMw":0.0,"plannedCapacityMwByTechnology":{},"recordCount":1,"recordIds":["wattlas-record-gemunit-g100000806799"],"sourceIds":["gem-global-integrated-power-tracker"],"sourceUrl":"https://www.gem.wiki/Voznesensk_solar_farm","technologies":["solar"],"technologyMixMw":{"solar":29.0},"unitCount":1,"unitIds":["gem-unit-G100000806799"]},"type":"Feature"},{"geometry":{"coordinates":[30.8495,49.5607],"type":"Point"},"id":"wattlas-plant-gemplant-l100000805947","properties":{"aliases":["--","Boguslav solar farm"],"canonicalAnchor":"gemplant:L100000805947","canonicalCountryKey":"UA","capacityMw":54.0,"country":"UA","externalIds":{"gemPlant":"L100000805947","gemUnit":"G100000806848"},"gemWikiUrl":"https://www.gem.wiki/Boguslav_solar_farm","geographyId":"UA-14850775B37539954297462","id":"wattlas-plant-gemplant-l100000805947","lifecycleCounts":{"operational":1},"locationPrecision":"exact","name":"Boguslav solar farm","operatingCapacityCoverage":{"coveragePercent":100.0,"knownUnitCount":1,"method":"complete_unit_sum","provenance":{"evidenceCount":0,"recordIds":["wattlas-record-gemunit-g100000806848"],"sourceIds":["gem-global-integrated-power-tracker"],"sourceTypes":["research_verified"],"valueKind":"reported"},"totalUnitCount":1},"operatingCapacityMw":54.0,"operatingCapacityMwByTechnology":{"solar":54.0},"plannedCapacityCoverage":{"coveragePercent":0.0,"knownUnitCount":0,"method":"unavailable","totalUnitCount":0},"plannedCapacityMw":0.0,"plannedCapacityMwByTechnology":{},"recordCount":1,"recordIds":["wattlas-record-gemunit-g100000806848"],"sourceIds":["gem-global-integrated-power-tracker"],"sourceUrl":"https://www.gem.wiki/Boguslav_solar_farm","technologies":["solar"],"technologyMixMw":{"solar":54.0},"unitCount":1,"unitIds":["gem-unit-G100000806848"]},"type":"Feature"},{"geometry":{"coordinates":[31.0549,46.9322],"type":"Point"},"id":"wattlas-plant-gemplant-l100000805948","properties":{"aliases":["--","Progressovka solar farm"],"canonicalAnchor":"gemplant:L100000805948","canonicalCountryKey":"UA","capacityMw":148.0,"country":"UA","externalIds":{"gemPlant":"L100000805948","gemUnit":"G100000806849"},"gemWikiUrl":"https://www.gem.wiki/Progressovka_solar_farm","geographyId":"UA-14850775B99856317748721","id":"wattlas-plant-gemplant-l100000805948","lifecycleCounts":{"operational":1},"locationPrecision":"exact","name":"Progressovka solar farm","operatingCapacityCoverage":{"coveragePercent":100.0,"knownUnitCount":1,"method":"complete_unit_sum","provenance":{"evidenceCount":0,"recordIds":["wattlas-record-gemunit-g100000806849"],"sourceIds":["gem-global-integrated-power-tracker"],"sourceTypes":["research_verified"],"valueKind":"reported"},"totalUnitCount":1},"operatingCapacityMw":148.0,"operatingCapacityMwByTechnology":{"solar":148.0},"plannedCapacityCoverage":{"coveragePercent":0.0,"knownUnitCount":0,"method":"unavailable","totalUnitCount":0},"plannedCapacityMw":0.0,"plannedCapacityMwByTechnology":{},"recordCount":1,"recordIds":["wattlas-record-gemunit-g100000806849"],"sourceIds":["gem-global-integrated-power-tracker"],"sourceUrl":"https://www.gem.wiki/Progressovka_solar_farm","technologies":["solar"],"technologyMixMw":{"solar":148.0},"unitCount":1,"unitIds":["gem-unit-G100000806849"]},"type":"Feature"},{"geometry":{"coordinates":[29.462,45.9801],"type":"Point"},"id":"wattlas-plant-gemplant-l100000806171","properties":{"aliases":["1.0","2.0","Dunayskaya solar farm"],"canonicalAnchor":"gemplant:L100000806171","canonicalCountryKey":"UA","capacityMw":44.0,"country":"UA","externalIdAliases":{"gemUnit":["G100000807093","G100000807094"]},"externalIds":{"gemPlant":"L100000806171","gemUnit":"G100000807094"},"gemWikiUrl":"https://www.gem.wiki/Dunayskaya_solar_farm","geographyId":"UA-14850775B53240635394722","id":"wattlas-plant-gemplant-l100000806171","lifecycleCounts":{"operational":2},"locationPrecision":"exact","name":"Dunayskaya solar farm","operatingCapacityCoverage":{"coveragePercent":100.0,"knownUnitCount":2,"method":"complete_unit_sum","provenance":{"evidenceCount":0,"recordIds":["wattlas-record-gemunit-g100000807093","wattlas-record-gemunit-g100000807094"],"sourceIds":["gem-global-integrated-power-tracker"],"sourceTypes":["research_verified"],"valueKind":"reported"},"totalUnitCount":2},"operatingCapacityMw":44.0,"operatingCapacityMwByTechnology":{"solar":44.0},"plannedCapacityCoverage":{"coveragePercent":0.0,"knownUnitCount":0,"method":"unavailable","totalUnitCount":0},"plannedCapacityMw":0.0,"plannedCapacityMwByTechnology":{},"recordCount":2,"recordIds":["wattlas-record-gemunit-g100000807093","wattlas-record-gemunit-g100000807094"],"sourceIds":["gem-global-integrated-power-tracker"],"sourceUrl":"https://www.gem.wiki/Dunayskaya_solar_farm","technologies":["solar"],"technologyMixMw":{"solar":44.0},"unitCount":2,"unitIds":["gem-unit-G100000807093","gem-unit-G100000807094"]},"type":"Feature"},{"geometry":{"coordinates":[28.249,45.468],"type":"Point"},"id":"wattlas-plant-gemplant-l100000806172","properties":{"aliases":["--","Limanskaya solar farm (Ukraine)"],"canonicalAnchor":"gemplant:L100000806172","canonicalCountryKey":"UA","capacityMw":43.0,"country":"UA","externalIds":{"gemPlant":"L100000806172","gemUnit":"G100000807095"},"gemWikiUrl":"https://www.gem.wiki/Limanskaya_solar_farm_(Ukraine)","geographyId":"UA-14850775B53240635394722","id":"wattlas-plant-gemplant-l100000806172","lifecycleCounts":{"operational":1},"locationPrecision":"exact","name":"Limanskaya solar farm (Ukraine)","operatingCapacityCoverage":{"coveragePercent":100.0,"knownUnitCount":1,"method":"complete_unit_sum","provenance":{"evidenceCount":0,"recordIds":["wattlas-record-gemunit-g100000807095"],"sourceIds":["gem-global-integrated-power-tracker"],"sourceTypes":["research_verified"],"valueKind":"reported"},"totalUnitCount":1},"operatingCapacityMw":43.0,"operatingCapacityMwByTechnology":{"solar":43.0},"plannedCapacityCoverage":{"coveragePercent":0.0,"knownUnitCount":0,"method":"unavailable","totalUnitCount":0},"plannedCapacityMw":0.0,"plannedCapacityMwByTechnology":{},"recordCount":1,"recordIds":["wattlas-record-gemunit-g100000807095"],"sourceIds":["gem-global-integrated-power-tracker"],"sourceUrl":"https://www.gem.wiki/Limanskaya_solar_farm_(Ukraine)","technologies":["solar"],"technologyMixMw":{"solar":43.0},"unitCount":1,"unitIds":["gem-unit-G100000807095"]},"type":"Feature"},{"geometry":{"coordinates":[29.292,45.467],"type":"Point"},"id":"wattlas-plant-gemplant-l100000806173","properties":{"aliases":["1.0","2.0","Priozernaya solar farm"],"canonicalAnchor":"gemplant:L100000806173","canonicalCountryKey":"UA","capacityMw":56.0,"country":"UA","externalIdAliases":{"gemUnit":["G100000807096","G100000807097"]},"externalIds":{"gemPlant":"L100000806173","gemUnit":"G100000807097"},"gemWikiUrl":"https://www.gem.wiki/Priozernaya_solar_farm","geographyId":"UA-14850775B53240635394722","id":"wattlas-plant-gemplant-l100000806173","lifecycleCounts":{"operational":2},"locationPrecision":"exact","name":"Priozernaya solar farm","operatingCapacityCoverage":{"coveragePercent":100.0,"knownUnitCount":2,"method":"complete_unit_sum","provenance":{"evidenceCount":0,"recordIds":["wattlas-record-gemunit-g100000807096","wattlas-record-gemunit-g100000807097"],"sourceIds":["gem-global-integrated-power-tracker"],"sourceTypes":["research_verified"],"valueKind":"reported"},"totalUnitCount":2},"operatingCapacityMw":56.0,"operatingCapacityMwByTechnology":{"solar":56.0},"plannedCapacityCoverage":{"coveragePercent":0.0,"knownUnitCount":0,"method":"unavailable","totalUnitCount":0},"plannedCapacityMw":0.0,"plannedCapacityMwByTechnology":{},"recordCount":2,"recordIds":["wattlas-record-gemunit-g100000807096","wattlas-record-gemunit-g100000807097"],"sourceIds":["gem-global-integrated-power-tracker"],"sourceUrl":"https://www.gem.wiki/Priozernaya_solar_farm","technologies":["solar"],"technologyMixMw":{"solar":56.0},"unitCount":2,"unitIds":["gem-unit-G100000807096","gem-unit-G100000807097"]},"type":"Feature"},{"geometry":{"coordinates":[30.004,46.344],"type":"Point"},"id":"wattlas-plant-gemplant-l100000806174","properties":{"aliases":["--","Starokozache solar farm"],"canonicalAnchor":"gemplant:L100000806174","canonicalCountryKey":"UA","capacityMw":43.0,"country":"UA","externalIds":{"gemPlant":"L100000806174","gemUnit":"G100000807098"},"gemWikiUrl":"https://www.gem.wiki/Starokozache_solar_farm","geographyId":"UA-14850775B53240635394722","id":"wattlas-plant-gemplant-l100000806174","lifecycleCounts":{"operational":1},"locationPrecision":"exact","name":"Starokozache solar farm","operatingCapacityCoverage":{"coveragePercent":100.0,"knownUnitCount":1,"method":"complete_unit_sum","provenance":{"evidenceCount":0,"recordIds":["wattlas-record-gemunit-g100000807098"],"sourceIds":["gem-global-integrated-power-tracker"],"sourceTypes":["research_verified"],"valueKind":"reported"},"totalUnitCount":1},"operatingCapacityMw":43.0,"operatingCapacityMwByTechnology":{"solar":43.0},"plannedCapacityCoverage":{"coveragePercent":0.0,"knownUnitCount":0,"method":"unavailable","totalUnitCount":0},"plannedCapacityMw":0.0,"plannedCapacityMwByTechnology":{},"recordCount":1,"recordIds":["wattlas-record-gemunit-g100000807098"],"sourceIds":["gem-global-integrated-power-tracker"],"sourceUrl":"https://www.gem.wiki/Starokozache_solar_farm","technologies":["solar"],"technologyMixMw":{"solar":43.0},"unitCount":1,"unitIds":["gem-unit-G100000807098"]},"type":"Feature"},{"geometry":{"coordinates":[34.2612,47.6864],"type":"Point"},"id":"wattlas-plant-gemplant-l100000806209","properties":{"aliases":["--","Nikopol solar farm"],"canonicalAnchor":"gemplant:L100000806209","canonicalCountryKey":"UA","capacityMw":246.0,"country":"UA","externalIds":{"gemPlant":"L100000806209","gemUnit":"G100000807140"},"gemWikiUrl":"https://www.gem.wiki/Nikopol_solar_farm","geographyId":"UA-14850775B41808765507575","id":"wattlas-plant-gemplant-l100000806209","lifecycleCounts":{"operational":1},"locationPrecision":"exact","name":"Nikopol solar farm","operatingCapacityCoverage":{"coveragePercent":100.0,"knownUnitCount":1,"method":"complete_unit_sum","provenance":{"evidenceCount":0,"recordIds":["wattlas-record-gemunit-g100000807140"],"sourceIds":["gem-global-integrated-power-tracker"],"sourceTypes":["research_verified"],"valueKind":"reported"},"totalUnitCount":1},"operatingCapacityMw":246.0,"operatingCapacityMwByTechnology":{"solar":246.0},"plannedCapacityCoverage":{"coveragePercent":0.0,"knownUnitCount":0,"method":"unavailable","totalUnitCount":0},"plannedCapacityMw":0.0,"plannedCapacityMwByTechnology":{},"recordCount":1,"recordIds":["wattlas-record-gemunit-g100000807140"],"sourceIds":["gem-global-integrated-power-tracker"],"sourceUrl":"https://www.gem.wiki/Nikopol_solar_farm","technologies":["solar"],"technologyMixMw":{"solar":246.0},"unitCount":1,"unitIds":["gem-unit-G100000807140"]},"type":"Feature"},{"geometry":{"coordinates":[32.7815,49.0984],"type":"Point"},"id":"wattlas-plant-gemplant-l100000806754","properties":{"aliases":["--","Chigirin solar farm"],"canonicalAnchor":"gemplant:L100000806754","canonicalCountryKey":"UA","capacityMw":55.0,"country":"UA","externalIds":{"gemPlant":"L100000806754","gemUnit":"G100000807732"},"gemWikiUrl":"https://www.gem.wiki/Chigirin_solar_farm","geographyId":"UA-14850775B95678810793770","id":"wattlas-plant-gemplant-l100000806754","lifecycleCounts":{"operational":1},"locationPrecision":"exact","name":"Chigirin solar farm","operatingCapacityCoverage":{"coveragePercent":100.0,"knownUnitCount":1,"method":"complete_unit_sum","provenance":{"evidenceCount":0,"recordIds":["wattlas-record-gemunit-g100000807732"],"sourceIds":["gem-global-integrated-power-tracker"],"sourceTypes":["research_verified"],"valueKind":"reported"},"totalUnitCount":1},"operatingCapacityMw":55.0,"operatingCapacityMwByTechnology":{"solar":55.0},"plannedCapacityCoverage":{"coveragePercent":0.0,"knownUnitCount":0,"method":"unavailable","totalUnitCount":0},"plannedCapacityMw":0.0,"plannedCapacityMwByTechnology":{},"recordCount":1,"recordIds":["wattlas-record-gemunit-g100000807732"],"sourceIds":["gem-global-integrated-power-tracker"],"sourceUrl":"https://www.gem.wiki/Chigirin_solar_farm","technologies":["solar"],"technologyMixMw":{"solar":55.0},"unitCount":1,"unitIds":["gem-unit-G100000807732"]},"type":"Feature"},{"geometry":{"coordinates":[32.0877,49.0368],"type":"Point"},"id":"wattlas-plant-gemplant-l100000806755","properties":{"aliases":["--","Kamianka solar farm"],"canonicalAnchor":"gemplant:L100000806755","canonicalCountryKey":"UA","capacityMw":32.0,"country":"UA","externalIds":{"gemPlant":"L100000806755","gemUnit":"G100000807733"},"gemWikiUrl":"https://www.gem.wiki/Kamianka_solar_farm","geographyId":"UA-14850775B95678810793770","id":"wattlas-plant-gemplant-l100000806755","lifecycleCounts":{"operational":1},"locationPrecision":"exact","name":"Kamianka solar farm","operatingCapacityCoverage":{"coveragePercent":100.0,"knownUnitCount":1,"method":"complete_unit_sum","provenance":{"evidenceCount":0,"recordIds":["wattlas-record-gemunit-g100000807733"],"sourceIds":["gem-global-integrated-power-tracker"],"sourceTypes":["research_verified"],"valueKind":"reported"},"totalUnitCount":1},"operatingCapacityMw":32.0,"operatingCapacityMwByTechnology":{"solar":32.0},"plannedCapacityCoverage":{"coveragePercent":0.0,"knownUnitCount":0,"method":"unavailable","totalUnitCount":0},"plannedCapacityMw":0.0,"plannedCapacityMwByTechnology":{},"recordCount":1,"recordIds":["wattlas-record-gemunit-g100000807733"],"sourceIds":["gem-global-integrated-power-tracker"],"sourceUrl":"https://www.gem.wiki/Kamianka_solar_farm","technologies":["solar"],"technologyMixMw":{"solar":32.0},"unitCount":1,"unitIds":["gem-unit-G100000807733"]},"type":"Feature"},{"geometry":{"coordinates":[35.7245,47.2799],"type":"Point"},"id":"wattlas-plant-gemplant-l100000806853","properties":{"aliases":["--","Tokmak solar farm"],"canonicalAnchor":"gemplant:L100000806853","canonicalCountryKey":"UA","capacityMw":64.0,"country":"UA","externalIds":{"gemPlant":"L100000806853","gemUnit":"G100000807866"},"gemWikiUrl":"https://www.gem.wiki/Tokmak_Solar","geographyId":"UA-14850775B92888097715572","id":"wattlas-plant-gemplant-l100000806853","lifecycleCounts":{"operational":1},"locationPrecision":"exact","name":"Tokmak solar farm","operatingCapacityCoverage":{"coveragePercent":100.0,"knownUnitCount":1,"method":"complete_unit_sum","provenance":{"evidenceCount":0,"recordIds":["wattlas-record-gemunit-g100000807866"],"sourceIds":["gem-global-integrated-power-tracker"],"sourceTypes":["research_verified"],"valueKind":"reported"},"totalUnitCount":1},"operatingCapacityMw":64.0,"operatingCapacityMwByTechnology":{"solar":64.0},"plannedCapacityCoverage":{"coveragePercent":0.0,"knownUnitCount":0,"method":"unavailable","totalUnitCount":0},"plannedCapacityMw":0.0,"plannedCapacityMwByTechnology":{},"recordCount":1,"recordIds":["wattlas-record-gemunit-g100000807866"],"sourceIds":["gem-global-integrated-power-tracker"],"sourceUrl":"https://www.gem.wiki/Tokmak_Solar","technologies":["solar"],"technologyMixMw":{"solar":64.0},"unitCount":1,"unitIds":["gem-unit-G100000807866"]},"type":"Feature"},{"geometry":{"coordinates":[35.397,46.834],"type":"Point"},"id":"wattlas-plant-gemplant-l100000806865","properties":{"aliases":["2.0","Scythia-Solar"],"canonicalAnchor":"gemplant:L100000806865","canonicalCountryKey":"UA","capacityMw":33.0,"country":"UA","externalIds":{"gemPlant":"L100000806865","gemUnit":"G100000807882"},"gemWikiUrl":"https://www.gem.wiki/Scythia-Solar","geographyId":"UA-14850775B92888097715572","id":"wattlas-plant-gemplant-l100000806865","lifecycleCounts":{"operational":1},"locationPrecision":"exact","name":"Scythia-Solar","operatingCapacityCoverage":{"coveragePercent":100.0,"knownUnitCount":1,"method":"complete_unit_sum","provenance":{"evidenceCount":0,"recordIds":["wattlas-record-gemunit-g100000807882"],"sourceIds":["gem-global-integrated-power-tracker"],"sourceTypes":["research_verified"],"valueKind":"reported"},"totalUnitCount":1},"operatingCapacityMw":33.0,"operatingCapacityMwByTechnology":{"solar":33.0},"plannedCapacityCoverage":{"coveragePercent":0.0,"knownUnitCount":0,"method":"unavailable","totalUnitCount":0},"plannedCapacityMw":0.0,"plannedCapacityMwByTechnology":{},"recordCount":1,"recordIds":["wattlas-record-gemunit-g100000807882"],"sourceIds":["gem-global-integrated-power-tracker"],"sourceUrl":"https://www.gem.wiki/Scythia-Solar","technologies":["solar"],"technologyMixMw":{"solar":33.0},"unitCount":1,"unitIds":["gem-unit-G100000807882"]},"type":"Feature"},{"geometry":{"coordinates":[26.6312,48.6281],"type":"Point"},"id":"wattlas-plant-gemplant-l100000806905","properties":{"aliases":["--","Panovtsy solar farm"],"canonicalAnchor":"gemplant:L100000806905","canonicalCountryKey":"UA","capacityMw":64.0,"country":"UA","externalIds":{"gemPlant":"L100000806905","gemUnit":"G100000807925"},"gemWikiUrl":"https://www.gem.wiki/Panovtsy_solar_farm","geographyId":"UA-14850775B78366470925827","id":"wattlas-plant-gemplant-l100000806905","lifecycleCounts":{"operational":1},"locationPrecision":"exact","name":"Panovtsy solar farm","operatingCapacityCoverage":{"coveragePercent":100.0,"knownUnitCount":1,"method":"complete_unit_sum","provenance":{"evidenceCount":0,"recordIds":["wattlas-record-gemunit-g100000807925"],"sourceIds":["gem-global-integrated-power-tracker"],"sourceTypes":["research_verified"],"valueKind":"reported"},"totalUnitCount":1},"operatingCapacityMw":64.0,"operatingCapacityMwByTechnology":{"solar":64.0},"plannedCapacityCoverage":{"coveragePercent":0.0,"knownUnitCount":0,"method":"unavailable","totalUnitCount":0},"plannedCapacityMw":0.0,"plannedCapacityMwByTechnology":{},"recordCount":1,"recordIds":["wattlas-record-gemunit-g100000807925"],"sourceIds":["gem-global-integrated-power-tracker"],"sourceUrl":"https://www.gem.wiki/Panovtsy_solar_farm","technologies":["solar"],"technologyMixMw":{"solar":64.0},"unitCount":1,"unitIds":["gem-unit-G100000807925"]},"type":"Feature"},{"geometry":{"coordinates":[32.6232,46.693],"type":"Point"},"id":"wattlas-plant-gemplant-l100000806906","properties":{"aliases":["--","Solar Capital solar farm"],"canonicalAnchor":"gemplant:L100000806906","canonicalCountryKey":"UA","capacityMw":35.0,"country":"UA","externalIds":{"gemPlant":"L100000806906","gemUnit":"G100000807926"},"gemWikiUrl":"https://www.gem.wiki/Solar_Capital_solar_farm","geographyId":"UA-14850775B65901307765467","id":"wattlas-plant-gemplant-l100000806906","lifecycleCounts":{"operational":1},"locationPrecision":"exact","name":"Solar Capital solar farm","operatingCapacityCoverage":{"coveragePercent":100.0,"knownUnitCount":1,"method":"complete_unit_sum","provenance":{"evidenceCount":0,"recordIds":["wattlas-record-gemunit-g100000807926"],"sourceIds":["gem-global-integrated-power-tracker"],"sourceTypes":["research_verified"],"valueKind":"reported"},"totalUnitCount":1},"operatingCapacityMw":35.0,"operatingCapacityMwByTechnology":{"solar":35.0},"plannedCapacityCoverage":{"coveragePercent":0.0,"knownUnitCount":0,"method":"unavailable","totalUnitCount":0},"plannedCapacityMw":0.0,"plannedCapacityMwByTechnology":{},"recordCount":1,"recordIds":["wattlas-record-gemunit-g100000807926"],"sourceIds":["gem-global-integrated-power-tracker"],"sourceUrl":"https://www.gem.wiki/Solar_Capital_solar_farm","technologies":["solar"],"technologyMixMw":{"solar":35.0},"unitCount":1,"unitIds":["gem-unit-G100000807926"]},"type":"Feature"},{"geometry":{"coordinates":[33.6776,45.2364],"type":"Point"},"id":"wattlas-plant-gemplant-l100000806947","properties":{"aliases":["--","Mityaevo solar farm"],"canonicalAnchor":"gemplant:L100000806947","canonicalCountryKey":"UA","capacityMw":32.0,"country":"UA","externalIds":{"gemPlant":"L100000806947","gemUnit":"G100000807967"},"gemWikiUrl":"https://www.gem.wiki/Mityaevo_solar_farm","geographyId":"UA-14850775B24260608407062","id":"wattlas-plant-gemplant-l100000806947","lifecycleCounts":{"operational":1},"locationPrecision":"exact","name":"Mityaevo solar farm","operatingCapacityCoverage":{"coveragePercent":100.0,"knownUnitCount":1,"method":"complete_unit_sum","provenance":{"evidenceCount":0,"recordIds":["wattlas-record-gemunit-g100000807967"],"sourceIds":["gem-global-integrated-power-tracker"],"sourceTypes":["research_verified"],"valueKind":"reported"},"totalUnitCount":1},"operatingCapacityMw":32.0,"operatingCapacityMwByTechnology":{"solar":32.0},"plannedCapacityCoverage":{"coveragePercent":0.0,"knownUnitCount":0,"method":"unavailable","totalUnitCount":0},"plannedCapacityMw":0.0,"plannedCapacityMwByTechnology":{},"recordCount":1,"recordIds":["wattlas-record-gemunit-g100000807967"],"sourceIds":["gem-global-integrated-power-tracker"],"sourceUrl":"https://www.gem.wiki/Mityaevo_solar_farm","technologies":["solar"],"technologyMixMw":{"solar":32.0},"unitCount":1,"unitIds":["gem-unit-G100000807967"]},"type":"Feature"},{"geometry":{"coordinates":[33.752,44.967],"type":"Point"},"id":"wattlas-plant-gemplant-l100000806948","properties":{"aliases":["--","Nikolayevka solar farm"],"canonicalAnchor":"gemplant:L100000806948","canonicalCountryKey":"UA","capacityMw":70.0,"country":"UA","externalIds":{"gemPlant":"L100000806948","gemUnit":"G100000807968"},"gemWikiUrl":"https://www.gem.wiki/Nikolayevka_solar_farm","geographyId":"UA-14850775B24260608407062","id":"wattlas-plant-gemplant-l100000806948","lifecycleCounts":{"operational":1},"locationPrecision":"exact","name":"Nikolayevka solar farm","operatingCapacityCoverage":{"coveragePercent":100.0,"knownUnitCount":1,"method":"complete_unit_sum","provenance":{"evidenceCount":0,"recordIds":["wattlas-record-gemunit-g100000807968"],"sourceIds":["gem-global-integrated-power-tracker"],"sourceTypes":["research_verified"],"valueKind":"reported"},"totalUnitCount":1},"operatingCapacityMw":70.0,"operatingCapacityMwByTechnology":{"solar":70.0},"plannedCapacityCoverage":{"coveragePercent":0.0,"knownUnitCount":0,"method":"unavailable","totalUnitCount":0},"plannedCapacityMw":0.0,"plannedCapacityMwByTechnology":{},"recordCount":1,"recordIds":["wattlas-record-gemunit-g100000807968"],"sourceIds":["gem-global-integrated-power-tracker"],"sourceUrl":"https://www.gem.wiki/Nikolayevka_solar_farm","technologies":["solar"],"technologyMixMw":{"solar":70.0},"unitCount":1,"unitIds":["gem-unit-G100000807968"]},"type":"Feature"},{"geometry":{"coordinates":[33.6011,45.2801],"type":"Point"},"id":"wattlas-plant-gemplant-l100000806949","properties":{"aliases":["--","Ohotnikovo solar farm"],"canonicalAnchor":"gemplant:L100000806949","canonicalCountryKey":"UA","capacityMw":83.0,"country":"UA","externalIds":{"gemPlant":"L100000806949","gemUnit":"G100000807969"},"gemWikiUrl":"https://www.gem.wiki/Ohotnikovo_solar_farm","geographyId":"UA-14850775B24260608407062","id":"wattlas-plant-gemplant-l100000806949","lifecycleCounts":{"operational":1},"locationPrecision":"exact","name":"Ohotnikovo solar farm","operatingCapacityCoverage":{"coveragePercent":100.0,"knownUnitCount":1,"method":"complete_unit_sum","provenance":{"evidenceCount":0,"recordIds":["wattlas-record-gemunit-g100000807969"],"sourceIds":["gem-global-integrated-power-tracker"],"sourceTypes":["research_verified"],"valueKind":"reported"},"totalUnitCount":1},"operatingCapacityMw":83.0,"operatingCapacityMwByTechnology":{"solar":83.0},"plannedCapacityCoverage":{"coveragePercent":0.0,"knownUnitCount":0,"method":"unavailable","totalUnitCount":0},"plannedCapacityMw":0.0,"plannedCapacityMwByTechnology":{},"recordCount":1,"recordIds":["wattlas-record-gemunit-g100000807969"],"sourceIds":["gem-global-integrated-power-tracker"],"sourceUrl":"https://www.gem.wiki/Ohotnikovo_solar_farm","technologies":["solar"],"technologyMixMw":{"solar":83.0},"unitCount":1,"unitIds":["gem-unit-G100000807969"]},"type":"Feature"},{"geometry":{"coordinates":[33.932,44.9567],"type":"Point"},"id":"wattlas-plant-gemplant-l100000806950","properties":{"aliases":["1.0","2.0","3.0","4.0","5.0","Perovo solar farm"],"canonicalAnchor":"gemplant:L100000806950","canonicalCountryKey":"UA","capacityMw":105.0,"country":"UA","externalIdAliases":{"gemUnit":["G100000807970","G100000807971","G100000807972","G100000807973","G100000807974"]},"externalIds":{"gemPlant":"L100000806950","gemUnit":"G100000807972"},"gemWikiUrl":"https://www.gem.wiki/Perovo_solar_farm","geographyId":"UA-14850775B24260608407062","id":"wattlas-plant-gemplant-l100000806950","lifecycleCounts":{"operational":5},"locationPrecision":"exact","name":"Perovo solar farm","operatingCapacityCoverage":{"coveragePercent":100.0,"knownUnitCount":5,"method":"complete_unit_sum","provenance":{"evidenceCount":0,"recordIds":["wattlas-record-gemunit-g100000807970","wattlas-record-gemunit-g100000807971","wattlas-record-gemunit-g100000807972","wattlas-record-gemunit-g100000807973","wattlas-record-gemunit-g100000807974"],"sourceIds":["gem-global-integrated-power-tracker"],"sourceTypes":["research_verified"],"valueKind":"reported"},"totalUnitCount":5},"operatingCapacityMw":105.0,"operatingCapacityMwByTechnology":{"solar":105.0},"plannedCapacityCoverage":{"coveragePercent":0.0,"knownUnitCount":0,"method":"unavailable","totalUnitCount":0},"plannedCapacityMw":0.0,"plannedCapacityMwByTechnology":{},"recordCount":5,"recordIds":["wattlas-record-gemunit-g100000807970","wattlas-record-gemunit-g100000807971","wattlas-record-gemunit-g100000807972","wattlas-record-gemunit-g100000807973","wattlas-record-gemunit-g100000807974"],"sourceIds":["gem-global-integrated-power-tracker"],"sourceUrl":"https://www.gem.wiki/Perovo_solar_farm","technologies":["solar"],"technologyMixMw":{"solar":105.0},"unitCount":5,"unitIds":["gem-unit-G100000807970","gem-unit-G100000807971","gem-unit-G100000807972","gem-unit-G100000807973","gem-unit-G100000807974"]},"type":"Feature"},{"geometry":{"coordinates":[32.802,47.0141],"type":"Point"},"id":"wattlas-plant-gemplant-l100000824992","properties":{"aliases":["--","Afanasiyivka solar farm"],"canonicalAnchor":"gemplant:L100000824992","canonicalCountryKey":"UA","capacityMw":20.0,"country":"UA","externalIds":{"gemPlant":"L100000824992","gemUnit":"G100000828265"},"gemWikiUrl":"https://www.gem.wiki/Afanasiyivka_solar_farm","geographyId":"UA-14850775B99856317748721","id":"wattlas-plant-gemplant-l100000824992","lifecycleCounts":{"operational":1},"locationPrecision":"exact","name":"Afanasiyivka solar farm","operatingCapacityCoverage":{"coveragePercent":100.0,"knownUnitCount":1,"method":"complete_unit_sum","provenance":{"evidenceCount":0,"recordIds":["wattlas-record-gemunit-g100000828265"],"sourceIds":["gem-global-integrated-power-tracker"],"sourceTypes":["research_verified"],"valueKind":"reported"},"totalUnitCount":1},"operatingCapacityMw":20.0,"operatingCapacityMwByTechnology":{"solar":20.0},"plannedCapacityCoverage":{"coveragePercent":0.0,"knownUnitCount":0,"method":"unavailable","totalUnitCount":0},"plannedCapacityMw":0.0,"plannedCapacityMwByTechnology":{},"recordCount":1,"recordIds":["wattlas-record-gemunit-g100000828265"],"sourceIds":["gem-global-integrated-power-tracker"],"sourceUrl":"https://www.gem.wiki/Afanasiyivka_solar_farm","technologies":["solar"],"technologyMixMw":{"solar":20.0},"unitCount":1,"unitIds":["gem-unit-G100000828265"]},"type":"Feature"},{"geometry":{"coordinates":[34.7496,48.5959],"type":"Point"},"id":"wattlas-plant-gemplant-l100000824993","properties":{"aliases":["--","Balivka solar farm"],"canonicalAnchor":"gemplant:L100000824993","canonicalCountryKey":"UA","capacityMw":22.0,"country":"UA","externalIds":{"gemPlant":"L100000824993","gemUnit":"G100000828266"},"gemWikiUrl":"https://www.gem.wiki/Balivka_solar_farm","geographyId":"UA-14850775B41808765507575","id":"wattlas-plant-gemplant-l100000824993","lifecycleCounts":{"operational":1},"locationPrecision":"exact","name":"Balivka solar farm","operatingCapacityCoverage":{"coveragePercent":100.0,"knownUnitCount":1,"method":"complete_unit_sum","provenance":{"evidenceCount":0,"recordIds":["wattlas-record-gemunit-g100000828266"],"sourceIds":["gem-global-integrated-power-tracker"],"sourceTypes":["research_verified"],"valueKind":"reported"},"totalUnitCount":1},"operatingCapacityMw":22.0,"operatingCapacityMwByTechnology":{"solar":22.0},"plannedCapacityCoverage":{"coveragePercent":0.0,"knownUnitCount":0,"method":"unavailable","totalUnitCount":0},"plannedCapacityMw":0.0,"plannedCapacityMwByTechnology":{},"recordCount":1,"recordIds":["wattlas-record-gemunit-g100000828266"],"sourceIds":["gem-global-integrated-power-tracker"],"sourceUrl":"https://www.gem.wiki/Balivka_solar_farm","technologies":["solar"],"technologyMixMw":{"solar":22.0},"unitCount":1,"unitIds":["gem-unit-G100000828266"]},"type":"Feature"},{"geometry":{"coordinates":[30.8807,50.6128],"type":"Point"},"id":"wattlas-plant-gemplant-l100000824994","properties":{"aliases":["2.0","3.0","4.0","Dymerka solar farm"],"canonicalAnchor":"gemplant:L100000824994","canonicalCountryKey":"UA","capacityMw":57.0,"country":"UA","externalIdAliases":{"gemUnit":["G100000828267","G100000828268","G100000828269"]},"externalIds":{"gemPlant":"L100000824994","gemUnit":"G100000828269"},"gemWikiUrl":"https://www.gem.wiki/Dymerka_solar_farm","geographyId":"UA-14850775B37539954297462","id":"wattlas-plant-gemplant-l100000824994","lifecycleCounts":{"operational":3},"locationPrecision":"exact","name":"Dymerka solar farm","operatingCapacityCoverage":{"coveragePercent":100.0,"knownUnitCount":3,"method":"complete_unit_sum","provenance":{"evidenceCount":0,"recordIds":["wattlas-record-gemunit-g100000828267","wattlas-record-gemunit-g100000828268","wattlas-record-gemunit-g100000828269"],"sourceIds":["gem-global-integrated-power-tracker"],"sourceTypes":["research_verified"],"valueKind":"reported"},"totalUnitCount":3},"operatingCapacityMw":57.0,"operatingCapacityMwByTechnology":{"solar":57.0},"plannedCapacityCoverage":{"coveragePercent":0.0,"knownUnitCount":0,"method":"unavailable","totalUnitCount":0},"plannedCapacityMw":0.0,"plannedCapacityMwByTechnology":{},"recordCount":3,"recordIds":["wattlas-record-gemunit-g100000828267","wattlas-record-gemunit-g100000828268","wattlas-record-gemunit-g100000828269"],"sourceIds":["gem-global-integrated-power-tracker"],"sourceUrl":"https://www.gem.wiki/Dymerka_solar_farm","technologies":["solar"],"technologyMixMw":{"solar":57.0},"unitCount":3,"unitIds":["gem-unit-G100000828267","gem-unit-G100000828268","gem-unit-G100000828269"]},"type":"Feature"},{"geometry":{"coordinates":[28.7409,48.5444],"type":"Point"},"id":"wattlas-plant-gemplant-l100000824995","properties":{"aliases":["--","Eco Solar Station"],"canonicalAnchor":"gemplant:L100000824995","canonicalCountryKey":"UA","capacityMw":20.0,"country":"UA","externalIds":{"gemPlant":"L100000824995","gemUnit":"G100000828270"},"gemWikiUrl":"https://www.gem.wiki/Eco_Solar_Station","geographyId":"UA-14850775B93300237551625","id":"wattlas-plant-gemplant-l100000824995","lifecycleCounts":{"operational":1},"locationPrecision":"exact","name":"Eco Solar Station","operatingCapacityCoverage":{"coveragePercent":100.0,"knownUnitCount":1,"method":"complete_unit_sum","provenance":{"evidenceCount":0,"recordIds":["wattlas-record-gemunit-g100000828270"],"sourceIds":["gem-global-integrated-power-tracker"],"sourceTypes":["research_verified"],"valueKind":"reported"},"totalUnitCount":1},"operatingCapacityMw":20.0,"operatingCapacityMwByTechnology":{"solar":20.0},"plannedCapacityCoverage":{"coveragePercent":0.0,"knownUnitCount":0,"method":"unavailable","totalUnitCount":0},"plannedCapacityMw":0.0,"plannedCapacityMwByTechnology":{},"recordCount":1,"recordIds":["wattlas-record-gemunit-g100000828270"],"sourceIds":["gem-global-integrated-power-tracker"],"sourceUrl":"https://www.gem.wiki/Eco_Solar_Station","technologies":["solar"],"technologyMixMw":{"solar":20.0},"unitCount":1,"unitIds":["gem-unit-G100000828270"]},"type":"Feature"},{"geometry":{"coordinates":[26.3829,48.2298],"type":"Point"},"id":"wattlas-plant-gemplant-l100000824996","properties":{"aliases":["--","Ekotechnik-Tarasivtsi solar farm"],"canonicalAnchor":"gemplant:L100000824996","canonicalCountryKey":"UA","capacityMw":59.0,"country":"UA","externalIds":{"gemPlant":"L100000824996","gemUnit":"G100000828271"},"gemWikiUrl":"https://www.gem.wiki/Ekotechnik-Tarasivtsi_solar_farm","geographyId":"UA-14850775B35593196550103","id":"wattlas-plant-gemplant-l100000824996","lifecycleCounts":{"operational":1},"locationPrecision":"exact","name":"Ekotechnik-Tarasivtsi solar farm","operatingCapacityCoverage":{"coveragePercent":100.0,"knownUnitCount":1,"method":"complete_unit_sum","provenance":{"evidenceCount":0,"recordIds":["wattlas-record-gemunit-g100000828271"],"sourceIds":["gem-global-integrated-power-tracker"],"sourceTypes":["research_verified"],"valueKind":"reported"},"totalUnitCount":1},"operatingCapacityMw":59.0,"operatingCapacityMwByTechnology":{"solar":59.0},"plannedCapacityCoverage":{"coveragePercent":0.0,"knownUnitCount":0,"method":"unavailable","totalUnitCount":0},"plannedCapacityMw":0.0,"plannedCapacityMwByTechnology":{},"recordCount":1,"recordIds":["wattlas-record-gemunit-g100000828271"],"sourceIds":["gem-global-integrated-power-tracker"],"sourceUrl":"https://www.gem.wiki/Ekotechnik-Tarasivtsi_solar_farm","technologies":["solar"],"technologyMixMw":{"solar":59.0},"unitCount":1,"unitIds":["gem-unit-G100000828271"]},"type":"Feature"},{"geometry":{"coordinates":[30.3462,46.0237],"type":"Point"},"id":"wattlas-plant-gemplant-l100000824997","properties":{"aliases":["--","Franko Solar solar farm"],"canonicalAnchor":"gemplant:L100000824997","canonicalCountryKey":"UA","capacityMw":21.0,"country":"UA","externalIds":{"gemPlant":"L100000824997","gemUnit":"G100000828272"},"gemWikiUrl":"https://www.gem.wiki/Franko_Solar_solar_farm","geographyId":"UA-14850775B53240635394722","id":"wattlas-plant-gemplant-l100000824997","lifecycleCounts":{"operational":1},"locationPrecision":"exact","name":"Franko Solar solar farm","operatingCapacityCoverage":{"coveragePercent":100.0,"knownUnitCount":1,"method":"complete_unit_sum","provenance":{"evidenceCount":0,"recordIds":["wattlas-record-gemunit-g100000828272"],"sourceIds":["gem-global-integrated-power-tracker"],"sourceTypes":["research_verified"],"valueKind":"reported"},"totalUnitCount":1},"operatingCapacityMw":21.0,"operatingCapacityMwByTechnology":{"solar":21.0},"plannedCapacityCoverage":{"coveragePercent":0.0,"knownUnitCount":0,"method":"unavailable","totalUnitCount":0},"plannedCapacityMw":0.0,"plannedCapacityMwByTechnology":{},"recordCount":1,"recordIds":["wattlas-record-gemunit-g100000828272"],"sourceIds":["gem-global-integrated-power-tracker"],"sourceUrl":"https://www.gem.wiki/Franko_Solar_solar_farm","technologies":["solar"],"technologyMixMw":{"solar":21.0},"unitCount":1,"unitIds":["gem-unit-G100000828272"]},"type":"Feature"},{"geometry":{"coordinates":[30.0167,49.7905],"type":"Point"},"id":"wattlas-plant-gemplant-l100000824998","properties":{"aliases":["1.0","2.0","3.0","Fursy Energy Group solar farm"],"canonicalAnchor":"gemplant:L100000824998","canonicalCountryKey":"UA","capacityMw":69.0,"country":"UA","externalIdAliases":{"gemUnit":["G100000828273","G100000828274","G100000828275"]},"externalIds":{"gemPlant":"L100000824998","gemUnit":"G100000828275"},"gemWikiUrl":"https://www.gem.wiki/Fursy_Energy_Group_solar_farm","geographyId":"UA-14850775B37539954297462","id":"wattlas-plant-gemplant-l100000824998","lifecycleCounts":{"operational":3},"locationPrecision":"exact","name":"Fursy Energy Group solar farm","operatingCapacityCoverage":{"coveragePercent":100.0,"knownUnitCount":3,"method":"complete_unit_sum","provenance":{"evidenceCount":0,"recordIds":["wattlas-record-gemunit-g100000828273","wattlas-record-gemunit-g100000828274","wattlas-record-gemunit-g100000828275"],"sourceIds":["gem-global-integrated-power-tracker"],"sourceTypes":["research_verified"],"valueKind":"reported"},"totalUnitCount":3},"operatingCapacityMw":69.0,"operatingCapacityMwByTechnology":{"solar":69.0},"plannedCapacityCoverage":{"coveragePercent":0.0,"knownUnitCount":0,"method":"unavailable","totalUnitCount":0},"plannedCapacityMw":0.0,"plannedCapacityMwByTechnology":{},"recordCount":3,"recordIds":["wattlas-record-gemunit-g100000828273","wattlas-record-gemunit-g100000828274","wattlas-record-gemunit-g100000828275"],"sourceIds":["gem-global-integrated-power-tracker"],"sourceUrl":"https://www.gem.wiki/Fursy_Energy_Group_solar_farm","technologies":["solar"],"technologyMixMw":{"solar":69.0},"unitCount":3,"unitIds":["gem-unit-G100000828273","gem-unit-G100000828274","gem-unit-G100000828275"]},"type":"Feature"},{"geometry":{"coordinates":[33.2704,47.5638],"type":"Point"},"id":"wattlas-plant-gemplant-l100000824999","properties":{"aliases":["2.0","Gea Solar Group solar farm"],"canonicalAnchor":"gemplant:L100000824999","canonicalCountryKey":"UA","capacityMw":23.0,"country":"UA","externalIds":{"gemPlant":"L100000824999","gemUnit":"G100000828276"},"gemWikiUrl":"https://www.gem.wiki/Gea_Solar_Group_solar_farm","geographyId":"UA-14850775B41808765507575","id":"wattlas-plant-gemplant-l100000824999","lifecycleCounts":{"operational":1},"locationPrecision":"exact","name":"Gea Solar Group solar farm","operatingCapacityCoverage":{"coveragePercent":100.0,"knownUnitCount":1,"method":"complete_unit_sum","provenance":{"evidenceCount":0,"recordIds":["wattlas-record-gemunit-g100000828276"],"sourceIds":["gem-global-integrated-power-tracker"],"sourceTypes":["research_verified"],"valueKind":"reported"},"totalUnitCount":1},"operatingCapacityMw":23.0,"operatingCapacityMwByTechnology":{"solar":23.0},"plannedCapacityCoverage":{"coveragePercent":0.0,"knownUnitCount":0,"method":"unavailable","totalUnitCount":0},"plannedCapacityMw":0.0,"plannedCapacityMwByTechnology":{},"recordCount":1,"recordIds":["wattlas-record-gemunit-g100000828276"],"sourceIds":["gem-global-integrated-power-tracker"],"sourceUrl":"https://www.gem.wiki/Gea_Solar_Group_solar_farm","technologies":["solar"],"technologyMixMw":{"solar":23.0},"unitCount":1,"unitIds":["gem-unit-G100000828276"]},"type":"Feature"},{"geometry":{"coordinates":[33.2705,47.5635],"type":"Point"},"id":"wattlas-plant-gemplant-l100000825000","properties":{"aliases":["--","Greenway Solar Group solar farm"],"canonicalAnchor":"gemplant:L100000825000","canonicalCountryKey":"UA","capacityMw":26.0,"country":"UA","externalIds":{"gemPlant":"L100000825000","gemUnit":"G100000828277"},"gemWikiUrl":"https://www.gem.wiki/Greenway_Solar_Group_solar_farm","geographyId":"UA-14850775B41808765507575","id":"wattlas-plant-gemplant-l100000825000","lifecycleCounts":{"operational":1},"locationPrecision":"exact","name":"Greenway Solar Group solar farm","operatingCapacityCoverage":{"coveragePercent":100.0,"knownUnitCount":1,"method":"complete_unit_sum","provenance":{"evidenceCount":0,"recordIds":["wattlas-record-gemunit-g100000828277"],"sourceIds":["gem-global-integrated-power-tracker"],"sourceTypes":["research_verified"],"valueKind":"reported"},"totalUnitCount":1},"operatingCapacityMw":26.0,"operatingCapacityMwByTechnology":{"solar":26.0},"plannedCapacityCoverage":{"coveragePercent":0.0,"knownUnitCount":0,"method":"unavailable","totalUnitCount":0},"plannedCapacityMw":0.0,"plannedCapacityMwByTechnology":{},"recordCount":1,"recordIds":["wattlas-record-gemunit-g100000828277"],"sourceIds":["gem-global-integrated-power-tracker"],"sourceUrl":"https://www.gem.wiki/Greenway_Solar_Group_solar_farm","technologies":["solar"],"technologyMixMw":{"solar":26.0},"unitCount":1,"unitIds":["gem-unit-G100000828277"]},"type":"Feature"},{"geometry":{"coordinates":[32.785,47.0539],"type":"Point"},"id":"wattlas-plant-gemplant-l100000825001","properties":{"aliases":["1.0","2.0","Inhulets solar farm"],"canonicalAnchor":"gemplant:L100000825001","canonicalCountryKey":"UA","capacityMw":58.0,"country":"UA","externalIdAliases":{"gemUnit":["G100000828278","G100000828279"]},"externalIds":{"gemPlant":"L100000825001","gemUnit":"G100000828279"},"gemWikiUrl":"https://www.gem.wiki/Inhulets_solar_farm","geographyId":"UA-14850775B99856317748721","id":"wattlas-plant-gemplant-l100000825001","lifecycleCounts":{"operational":2},"locationPrecision":"exact","name":"Inhulets solar farm","operatingCapacityCoverage":{"coveragePercent":100.0,"knownUnitCount":2,"method":"complete_unit_sum","provenance":{"evidenceCount":0,"recordIds":["wattlas-record-gemunit-g100000828278","wattlas-record-gemunit-g100000828279"],"sourceIds":["gem-global-integrated-power-tracker"],"sourceTypes":["research_verified"],"valueKind":"reported"},"totalUnitCount":2},"operatingCapacityMw":58.0,"operatingCapacityMwByTechnology":{"solar":58.0},"plannedCapacityCoverage":{"coveragePercent":0.0,"knownUnitCount":0,"method":"unavailable","totalUnitCount":0},"plannedCapacityMw":0.0,"plannedCapacityMwByTechnology":{},"recordCount":2,"recordIds":["wattlas-record-gemunit-g100000828278","wattlas-record-gemunit-g100000828279"],"sourceIds":["gem-global-integrated-power-tracker"],"sourceUrl":"https://www.gem.wiki/Inhulets_solar_farm","technologies":["solar"],"technologyMixMw":{"solar":58.0},"unitCount":2,"unitIds":["gem-unit-G100000828278","gem-unit-G100000828279"]},"type":"Feature"},{"geometry":{"coordinates":[34.9436,47.1855],"type":"Point"},"id":"wattlas-plant-gemplant-l100000825002","properties":{"aliases":["--","KD Energy 2 solar farm"],"canonicalAnchor":"gemplant:L100000825002","canonicalCountryKey":"UA","capacityMw":26.0,"country":"UA","externalIds":{"gemPlant":"L100000825002","gemUnit":"G100000828280"},"gemWikiUrl":"https://www.gem.wiki/KD_Energy_2_solar_farm","geographyId":"UA-14850775B92888097715572","id":"wattlas-plant-gemplant-l100000825002","lifecycleCounts":{"operational":1},"locationPrecision":"exact","name":"KD Energy 2 solar farm","operatingCapacityCoverage":{"coveragePercent":100.0,"knownUnitCount":1,"method":"complete_unit_sum","provenance":{"evidenceCount":0,"recordIds":["wattlas-record-gemunit-g100000828280"],"sourceIds":["gem-global-integrated-power-tracker"],"sourceTypes":["research_verified"],"valueKind":"reported"},"totalUnitCount":1},"operatingCapacityMw":26.0,"operatingCapacityMwByTechnology":{"solar":26.0},"plannedCapacityCoverage":{"coveragePercent":0.0,"knownUnitCount":0,"method":"unavailable","totalUnitCount":0},"plannedCapacityMw":0.0,"plannedCapacityMwByTechnology":{},"recordCount":1,"recordIds":["wattlas-record-gemunit-g100000828280"],"sourceIds":["gem-global-integrated-power-tracker"],"sourceUrl":"https://www.gem.wiki/KD_Energy_2_solar_farm","technologies":["solar"],"technologyMixMw":{"solar":26.0},"unitCount":1,"unitIds":["gem-unit-G100000828280"]},"type":"Feature"},{"geometry":{"coordinates":[33.0849,48.717],"type":"Point"},"id":"wattlas-plant-gemplant-l100000825003","properties":{"aliases":["--","Morozivka solar farm"],"canonicalAnchor":"gemplant:L100000825003","canonicalCountryKey":"UA","capacityMw":91.0,"country":"UA","externalIds":{"gemPlant":"L100000825003","gemUnit":"G100000828281"},"gemWikiUrl":"https://www.gem.wiki/Morozivka_solar_farm","geographyId":"UA-14850775B64193679462794","id":"wattlas-plant-gemplant-l100000825003","lifecycleCounts":{"operational":1},"locationPrecision":"exact","name":"Morozivka solar farm","operatingCapacityCoverage":{"coveragePercent":100.0,"knownUnitCount":1,"method":"complete_unit_sum","provenance":{"evidenceCount":0,"recordIds":["wattlas-record-gemunit-g100000828281"],"sourceIds":["gem-global-integrated-power-tracker"],"sourceTypes":["research_verified"],"valueKind":"reported"},"totalUnitCount":1},"operatingCapacityMw":91.0,"operatingCapacityMwByTechnology":{"solar":91.0},"plannedCapacityCoverage":{"coveragePercent":0.0,"knownUnitCount":0,"method":"unavailable","totalUnitCount":0},"plannedCapacityMw":0.0,"plannedCapacityMwByTechnology":{},"recordCount":1,"recordIds":["wattlas-record-gemunit-g100000828281"],"sourceIds":["gem-global-integrated-power-tracker"],"sourceUrl":"https://www.gem.wiki/Morozivka_solar_farm","technologies":["solar"],"technologyMixMw":{"solar":91.0},"unitCount":1,"unitIds":["gem-unit-G100000828281"]},"type":"Feature"},{"geometry":{"coordinates":[23.8063,49.8531],"type":"Point"},"id":"wattlas-plant-gemplant-l100000825004","properties":{"aliases":["--","Natsprod solar farm"],"canonicalAnchor":"gemplant:L100000825004","canonicalCountryKey":"UA","capacityMw":23.0,"country":"UA","externalIds":{"gemPlant":"L100000825004","gemUnit":"G100000828282"},"gemWikiUrl":"https://www.gem.wiki/Natsprod_solar_farm","geographyId":"UA-14850775B26941409899318","id":"wattlas-plant-gemplant-l100000825004","lifecycleCounts":{"operational":1},"locationPrecision":"exact","name":"Natsprod solar farm","operatingCapacityCoverage":{"coveragePercent":100.0,"knownUnitCount":1,"method":"complete_unit_sum","provenance":{"evidenceCount":0,"recordIds":["wattlas-record-gemunit-g100000828282"],"sourceIds":["gem-global-integrated-power-tracker"],"sourceTypes":["research_verified"],"valueKind":"reported"},"totalUnitCount":1},"operatingCapacityMw":23.0,"operatingCapacityMwByTechnology":{"solar":23.0},"plannedCapacityCoverage":{"coveragePercent":0.0,"knownUnitCount":0,"method":"unavailable","totalUnitCount":0},"plannedCapacityMw":0.0,"plannedCapacityMwByTechnology":{},"recordCount":1,"recordIds":["wattlas-record-gemunit-g100000828282"],"sourceIds":["gem-global-integrated-power-tracker"],"sourceUrl":"https://www.gem.wiki/Natsprod_solar_farm","technologies":["solar"],"technologyMixMw":{"solar":23.0},"unitCount":1,"unitIds":["gem-unit-G100000828282"]},"type":"Feature"},{"geometry":{"coordinates":[32.7586,46.6127],"type":"Point"},"id":"wattlas-plant-gemplant-l100000825005","properties":{"aliases":["1.0","2.0","Oleshky solar farm"],"canonicalAnchor":"gemplant:L100000825005","canonicalCountryKey":"UA","capacityMw":40.0,"country":"UA","externalIdAliases":{"gemUnit":["G100000828283","G100000828284"]},"externalIds":{"gemPlant":"L100000825005","gemUnit":"G100000828284"},"gemWikiUrl":"https://www.gem.wiki/Oleshky_solar_farm","geographyId":"UA-14850775B65901307765467","id":"wattlas-plant-gemplant-l100000825005","lifecycleCounts":{"operational":2},"locationPrecision":"exact","name":"Oleshky solar farm","operatingCapacityCoverage":{"coveragePercent":100.0,"knownUnitCount":2,"method":"complete_unit_sum","provenance":{"evidenceCount":0,"recordIds":["wattlas-record-gemunit-g100000828283","wattlas-record-gemunit-g100000828284"],"sourceIds":["gem-global-integrated-power-tracker"],"sourceTypes":["research_verified"],"valueKind":"reported"},"totalUnitCount":2},"operatingCapacityMw":40.0,"operatingCapacityMwByTechnology":{"solar":40.0},"plannedCapacityCoverage":{"coveragePercent":0.0,"knownUnitCount":0,"method":"unavailable","totalUnitCount":0},"plannedCapacityMw":0.0,"plannedCapacityMwByTechnology":{},"recordCount":2,"recordIds":["wattlas-record-gemunit-g100000828283","wattlas-record-gemunit-g100000828284"],"sourceIds":["gem-global-integrated-power-tracker"],"sourceUrl":"https://www.gem.wiki/Oleshky_solar_farm","technologies":["solar"],"technologyMixMw":{"solar":40.0},"unitCount":2,"unitIds":["gem-unit-G100000828283","gem-unit-G100000828284"]},"type":"Feature"},{"geometry":{"coordinates":[30.3458,46.0235],"type":"Point"},"id":"wattlas-plant-gemplant-l100000825006","properties":{"aliases":["--","Red Invest solar farm"],"canonicalAnchor":"gemplant:L100000825006","canonicalCountryKey":"UA","capacityMw":23.0,"country":"UA","externalIds":{"gemPlant":"L100000825006","gemUnit":"G100000828285"},"gemWikiUrl":"https://www.gem.wiki/Red_Invest_solar_farm","geographyId":"UA-14850775B53240635394722","id":"wattlas-plant-gemplant-l100000825006","lifecycleCounts":{"operational":1},"locationPrecision":"exact","name":"Red Invest solar farm","operatingCapacityCoverage":{"coveragePercent":100.0,"knownUnitCount":1,"method":"complete_unit_sum","provenance":{"evidenceCount":0,"recordIds":["wattlas-record-gemunit-g100000828285"],"sourceIds":["gem-global-integrated-power-tracker"],"sourceTypes":["research_verified"],"valueKind":"reported"},"totalUnitCount":1},"operatingCapacityMw":23.0,"operatingCapacityMwByTechnology":{"solar":23.0},"plannedCapacityCoverage":{"coveragePercent":0.0,"knownUnitCount":0,"method":"unavailable","totalUnitCount":0},"plannedCapacityMw":0.0,"plannedCapacityMwByTechnology":{},"recordCount":1,"recordIds":["wattlas-record-gemunit-g100000828285"],"sourceIds":["gem-global-integrated-power-tracker"],"sourceUrl":"https://www.gem.wiki/Red_Invest_solar_farm","technologies":["solar"],"technologyMixMw":{"solar":23.0},"unitCount":1,"unitIds":["gem-unit-G100000828285"]},"type":"Feature"},{"geometry":{"coordinates":[34.9363,47.889],"type":"Point"},"id":"wattlas-plant-gemplant-l100000825007","properties":{"aliases":["--","Shyroke solar farm"],"canonicalAnchor":"gemplant:L100000825007","canonicalCountryKey":"UA","capacityMw":23.0,"country":"UA","externalIds":{"gemPlant":"L100000825007","gemUnit":"G100000828286"},"gemWikiUrl":"https://www.gem.wiki/Shyroke_solar_farm","geographyId":"UA-14850775B92888097715572","id":"wattlas-plant-gemplant-l100000825007","lifecycleCounts":{"operational":1},"locationPrecision":"exact","name":"Shyroke solar farm","operatingCapacityCoverage":{"coveragePercent":100.0,"knownUnitCount":1,"method":"complete_unit_sum","provenance":{"evidenceCount":0,"recordIds":["wattlas-record-gemunit-g100000828286"],"sourceIds":["gem-global-integrated-power-tracker"],"sourceTypes":["research_verified"],"valueKind":"reported"},"totalUnitCount":1},"operatingCapacityMw":23.0,"operatingCapacityMwByTechnology":{"solar":23.0},"plannedCapacityCoverage":{"coveragePercent":0.0,"knownUnitCount":0,"method":"unavailable","totalUnitCount":0},"plannedCapacityMw":0.0,"plannedCapacityMwByTechnology":{},"recordCount":1,"recordIds":["wattlas-record-gemunit-g100000828286"],"sourceIds":["gem-global-integrated-power-tracker"],"sourceUrl":"https://www.gem.wiki/Shyroke_solar_farm","technologies":["solar"],"technologyMixMw":{"solar":23.0},"unitCount":1,"unitIds":["gem-unit-G100000828286"]},"type":"Feature"},{"geometry":{"coordinates":[35.2449,47.7912],"type":"Point"},"id":"wattlas-plant-gemplant-l100000825008","properties":{"aliases":["--","Solar Park Development solar farm"],"canonicalAnchor":"gemplant:L100000825008","canonicalCountryKey":"UA","capacityMw":26.0,"country":"UA","externalIds":{"gemPlant":"L100000825008","gemUnit":"G100000828287"},"gemWikiUrl":"https://www.gem.wiki/Solar_Park_Development_solar_farm","geographyId":"UA-14850775B92888097715572","id":"wattlas-plant-gemplant-l100000825008","lifecycleCounts":{"operational":1},"locationPrecision":"exact","name":"Solar Park Development solar farm","operatingCapacityCoverage":{"coveragePercent":100.0,"knownUnitCount":1,"method":"complete_unit_sum","provenance":{"evidenceCount":0,"recordIds":["wattlas-record-gemunit-g100000828287"],"sourceIds":["gem-global-integrated-power-tracker"],"sourceTypes":["research_verified"],"valueKind":"reported"},"totalUnitCount":1},"operatingCapacityMw":26.0,"operatingCapacityMwByTechnology":{"solar":26.0},"plannedCapacityCoverage":{"coveragePercent":0.0,"knownUnitCount":0,"method":"unavailable","totalUnitCount":0},"plannedCapacityMw":0.0,"plannedCapacityMwByTechnology":{},"recordCount":1,"recordIds":["wattlas-record-gemunit-g100000828287"],"sourceIds":["gem-global-integrated-power-tracker"],"sourceUrl":"https://www.gem.wiki/Solar_Park_Development_solar_farm","technologies":["solar"],"technologyMixMw":{"solar":26.0},"unitCount":1,"unitIds":["gem-unit-G100000828287"]},"type":"Feature"},{"geometry":{"coordinates":[22.8859,48.2131],"type":"Point"},"id":"wattlas-plant-gemplant-l100000825009","properties":{"aliases":["--","Solaris Energy solar farm"],"canonicalAnchor":"gemplant:L100000825009","canonicalCountryKey":"UA","capacityMw":34.5,"country":"UA","externalIds":{"gemPlant":"L100000825009","gemUnit":"G100000828288"},"gemWikiUrl":"https://www.gem.wiki/Solaris_Energy_solar_farm","geographyId":"UA-14850775B82824220650579","id":"wattlas-plant-gemplant-l100000825009","lifecycleCounts":{"operational":1},"locationPrecision":"exact","name":"Solaris Energy solar farm","operatingCapacityCoverage":{"coveragePercent":100.0,"knownUnitCount":1,"method":"complete_unit_sum","provenance":{"evidenceCount":0,"recordIds":["wattlas-record-gemunit-g100000828288"],"sourceIds":["gem-global-integrated-power-tracker"],"sourceTypes":["research_verified"],"valueKind":"reported"},"totalUnitCount":1},"operatingCapacityMw":34.5,"operatingCapacityMwByTechnology":{"solar":34.5},"plannedCapacityCoverage":{"coveragePercent":0.0,"knownUnitCount":0,"method":"unavailable","totalUnitCount":0},"plannedCapacityMw":0.0,"plannedCapacityMwByTechnology":{},"recordCount":1,"recordIds":["wattlas-record-gemunit-g100000828288"],"sourceIds":["gem-global-integrated-power-tracker"],"sourceUrl":"https://www.gem.wiki/Solaris_Energy_solar_farm","technologies":["solar"],"technologyMixMw":{"solar":34.5},"unitCount":1,"unitIds":["gem-unit-G100000828288"]},"type":"Feature"},{"geometry":{"coordinates":[27.4373,49.2794],"type":"Point"},"id":"wattlas-plant-gemplant-l100000825010","properties":{"aliases":["--","Sonyachna Enerhiya Podillya solar farm"],"canonicalAnchor":"gemplant:L100000825010","canonicalCountryKey":"UA","capacityMw":24.0,"country":"UA","externalIds":{"gemPlant":"L100000825010","gemUnit":"G100000828289"},"gemWikiUrl":"https://www.gem.wiki/Sonyachna_Enerhiya_Podillya_solar_farm","geographyId":"UA-14850775B78366470925827","id":"wattlas-plant-gemplant-l100000825010","lifecycleCounts":{"operational":1},"locationPrecision":"exact","name":"Sonyachna Enerhiya Podillya solar farm","operatingCapacityCoverage":{"coveragePercent":100.0,"knownUnitCount":1,"method":"complete_unit_sum","provenance":{"evidenceCount":0,"recordIds":["wattlas-record-gemunit-g100000828289"],"sourceIds":["gem-global-integrated-power-tracker"],"sourceTypes":["research_verified"],"valueKind":"reported"},"totalUnitCount":1},"operatingCapacityMw":24.0,"operatingCapacityMwByTechnology":{"solar":24.0},"plannedCapacityCoverage":{"coveragePercent":0.0,"knownUnitCount":0,"method":"unavailable","totalUnitCount":0},"plannedCapacityMw":0.0,"plannedCapacityMwByTechnology":{},"recordCount":1,"recordIds":["wattlas-record-gemunit-g100000828289"],"sourceIds":["gem-global-integrated-power-tracker"],"sourceUrl":"https://www.gem.wiki/Sonyachna_Enerhiya_Podillya_solar_farm","technologies":["solar"],"technologyMixMw":{"solar":24.0},"unitCount":1,"unitIds":["gem-unit-G100000828289"]},"type":"Feature"},{"geometry":{"coordinates":[34.7483,48.5962],"type":"Point"},"id":"wattlas-plant-gemplant-l100000825011","properties":{"aliases":["--","Terra Solar solar farm"],"canonicalAnchor":"gemplant:L100000825011","canonicalCountryKey":"UA","capacityMw":24.0,"country":"UA","externalIds":{"gemPlant":"L100000825011","gemUnit":"G100000828290"},"gemWikiUrl":"https://www.gem.wiki/Terra_Solar_solar_farm","geographyId":"UA-14850775B41808765507575","id":"wattlas-plant-gemplant-l100000825011","lifecycleCounts":{"operational":1},"locationPrecision":"exact","name":"Terra Solar solar farm","operatingCapacityCoverage":{"coveragePercent":100.0,"knownUnitCount":1,"method":"complete_unit_sum","provenance":{"evidenceCount":0,"recordIds":["wattlas-record-gemunit-g100000828290"],"sourceIds":["gem-global-integrated-power-tracker"],"sourceTypes":["research_verified"],"valueKind":"reported"},"totalUnitCount":1},"operatingCapacityMw":24.0,"operatingCapacityMwByTechnology":{"solar":24.0},"plannedCapacityCoverage":{"coveragePercent":0.0,"knownUnitCount":0,"method":"unavailable","totalUnitCount":0},"plannedCapacityMw":0.0,"plannedCapacityMwByTechnology":{},"recordCount":1,"recordIds":["wattlas-record-gemunit-g100000828290"],"sourceIds":["gem-global-integrated-power-tracker"],"sourceUrl":"https://www.gem.wiki/Terra_Solar_solar_farm","technologies":["solar"],"technologyMixMw":{"solar":24.0},"unitCount":1,"unitIds":["gem-unit-G100000828290"]},"type":"Feature"},{"geometry":{"coordinates":[31.8208,47.1209],"type":"Point"},"id":"wattlas-plant-gemplant-l100000825012","properties":{"aliases":["--","Tryhaty Elios solar farm"],"canonicalAnchor":"gemplant:L100000825012","canonicalCountryKey":"UA","capacityMw":24.0,"country":"UA","externalIds":{"gemPlant":"L100000825012","gemUnit":"G100000828291"},"gemWikiUrl":"https://www.gem.wiki/Tryhaty_Elios_solar_farm","geographyId":"UA-14850775B99856317748721","id":"wattlas-plant-gemplant-l100000825012","lifecycleCounts":{"operational":1},"locationPrecision":"exact","name":"Tryhaty Elios solar farm","operatingCapacityCoverage":{"coveragePercent":100.0,"knownUnitCount":1,"method":"complete_unit_sum","provenance":{"evidenceCount":0,"recordIds":["wattlas-record-gemunit-g100000828291"],"sourceIds":["gem-global-integrated-power-tracker"],"sourceTypes":["research_verified"],"valueKind":"reported"},"totalUnitCount":1},"operatingCapacityMw":24.0,"operatingCapacityMwByTechnology":{"solar":24.0},"plannedCapacityCoverage":{"coveragePercent":0.0,"knownUnitCount":0,"method":"unavailable","totalUnitCount":0},"plannedCapacityMw":0.0,"plannedCapacityMwByTechnology":{},"recordCount":1,"recordIds":["wattlas-record-gemunit-g100000828291"],"sourceIds":["gem-global-integrated-power-tracker"],"sourceUrl":"https://www.gem.wiki/Tryhaty_Elios_solar_farm","technologies":["solar"],"technologyMixMw":{"solar":24.0},"unitCount":1,"unitIds":["gem-unit-G100000828291"]},"type":"Feature"},{"geometry":{"coordinates":[31.8256,47.1157],"type":"Point"},"id":"wattlas-plant-gemplant-l100000825013","properties":{"aliases":["--","Vasylivka (Mykolaiv) solar farm"],"canonicalAnchor":"gemplant:L100000825013","canonicalCountryKey":"UA","capacityMw":21.0,"country":"UA","externalIds":{"gemPlant":"L100000825013","gemUnit":"G100000828292"},"gemWikiUrl":"https://www.gem.wiki/Vasylivka_(Mykolaiv)_solar_farm","geographyId":"UA-14850775B99856317748721","id":"wattlas-plant-gemplant-l100000825013","lifecycleCounts":{"operational":1},"locationPrecision":"exact","name":"Vasylivka (Mykolaiv) solar farm","operatingCapacityCoverage":{"coveragePercent":100.0,"knownUnitCount":1,"method":"complete_unit_sum","provenance":{"evidenceCount":0,"recordIds":["wattlas-record-gemunit-g100000828292"],"sourceIds":["gem-global-integrated-power-tracker"],"sourceTypes":["research_verified"],"valueKind":"reported"},"totalUnitCount":1},"operatingCapacityMw":21.0,"operatingCapacityMwByTechnology":{"solar":21.0},"plannedCapacityCoverage":{"coveragePercent":0.0,"knownUnitCount":0,"method":"unavailable","totalUnitCount":0},"plannedCapacityMw":0.0,"plannedCapacityMwByTechnology":{},"recordCount":1,"recordIds":["wattlas-record-gemunit-g100000828292"],"sourceIds":["gem-global-integrated-power-tracker"],"sourceUrl":"https://www.gem.wiki/Vasylivka_(Mykolaiv)_solar_farm","technologies":["solar"],"technologyMixMw":{"solar":21.0},"unitCount":1,"unitIds":["gem-unit-G100000828292"]},"type":"Feature"},{"geometry":{"coordinates":[33.6588,46.8434],"type":"Point"},"id":"wattlas-plant-gemplant-l100000825014","properties":{"aliases":["1.0","Vasylivka (Sun Cray) solar farm"],"canonicalAnchor":"gemplant:L100000825014","canonicalCountryKey":"UA","capacityMw":31.0,"country":"UA","externalIds":{"gemPlant":"L100000825014","gemUnit":"G100000828293"},"gemWikiUrl":"https://www.gem.wiki/Vasylivka_(Sun_Cray)_solar_farm","geographyId":"UA-14850775B65901307765467","id":"wattlas-plant-gemplant-l100000825014","lifecycleCounts":{"operational":1},"locationPrecision":"exact","name":"Vasylivka (Sun Cray) solar farm","operatingCapacityCoverage":{"coveragePercent":100.0,"knownUnitCount":1,"method":"complete_unit_sum","provenance":{"evidenceCount":0,"recordIds":["wattlas-record-gemunit-g100000828293"],"sourceIds":["gem-global-integrated-power-tracker"],"sourceTypes":["research_verified"],"valueKind":"reported"},"totalUnitCount":1},"operatingCapacityMw":31.0,"operatingCapacityMwByTechnology":{"solar":31.0},"plannedCapacityCoverage":{"coveragePercent":0.0,"knownUnitCount":0,"method":"unavailable","totalUnitCount":0},"plannedCapacityMw":0.0,"plannedCapacityMwByTechnology":{},"recordCount":1,"recordIds":["wattlas-record-gemunit-g100000828293"],"sourceIds":["gem-global-integrated-power-tracker"],"sourceUrl":"https://www.gem.wiki/Vasylivka_(Sun_Cray)_solar_farm","technologies":["solar"],"technologyMixMw":{"solar":31.0},"unitCount":1,"unitIds":["gem-unit-G100000828293"]},"type":"Feature"},{"geometry":{"coordinates":[35.1987,47.7605],"type":"Point"},"id":"wattlas-plant-gemplant-l100000825015","properties":{"aliases":["--","Zaporizka solar farm"],"canonicalAnchor":"gemplant:L100000825015","canonicalCountryKey":"UA","capacityMw":23.0,"country":"UA","externalIds":{"gemPlant":"L100000825015","gemUnit":"G100000828294"},"gemWikiUrl":"https://www.gem.wiki/Zaporizka_solar_farm","geographyId":"UA-14850775B92888097715572","id":"wattlas-plant-gemplant-l100000825015","lifecycleCounts":{"operational":1},"locationPrecision":"exact","name":"Zaporizka solar farm","operatingCapacityCoverage":{"coveragePercent":100.0,"knownUnitCount":1,"method":"complete_unit_sum","provenance":{"evidenceCount":0,"recordIds":["wattlas-record-gemunit-g100000828294"],"sourceIds":["gem-global-integrated-power-tracker"],"sourceTypes":["research_verified"],"valueKind":"reported"},"totalUnitCount":1},"operatingCapacityMw":23.0,"operatingCapacityMwByTechnology":{"solar":23.0},"plannedCapacityCoverage":{"coveragePercent":0.0,"knownUnitCount":0,"method":"unavailable","totalUnitCount":0},"plannedCapacityMw":0.0,"plannedCapacityMwByTechnology":{},"recordCount":1,"recordIds":["wattlas-record-gemunit-g100000828294"],"sourceIds":["gem-global-integrated-power-tracker"],"sourceUrl":"https://www.gem.wiki/Zaporizka_solar_farm","technologies":["solar"],"technologyMixMw":{"solar":23.0},"unitCount":1,"unitIds":["gem-unit-G100000828294"]},"type":"Feature"},{"geometry":{"coordinates":[35.0852,48.5508],"type":"Point"},"id":"wattlas-plant-gemplant-l100000825016","properties":{"aliases":["--","Zoloti Kliuchi solar farm"],"canonicalAnchor":"gemplant:L100000825016","canonicalCountryKey":"UA","capacityMw":20.0,"country":"UA","externalIds":{"gemPlant":"L100000825016","gemUnit":"G100000828295"},"gemWikiUrl":"https://www.gem.wiki/Zoloti_Kliuchi_solar_farm","geographyId":"UA-14850775B41808765507575","id":"wattlas-plant-gemplant-l100000825016","lifecycleCounts":{"operational":1},"locationPrecision":"exact","name":"Zoloti Kliuchi solar farm","operatingCapacityCoverage":{"coveragePercent":100.0,"knownUnitCount":1,"method":"complete_unit_sum","provenance":{"evidenceCount":0,"recordIds":["wattlas-record-gemunit-g100000828295"],"sourceIds":["gem-global-integrated-power-tracker"],"sourceTypes":["research_verified"],"valueKind":"reported"},"totalUnitCount":1},"operatingCapacityMw":20.0,"operatingCapacityMwByTechnology":{"solar":20.0},"plannedCapacityCoverage":{"coveragePercent":0.0,"knownUnitCount":0,"method":"unavailable","totalUnitCount":0},"plannedCapacityMw":0.0,"plannedCapacityMwByTechnology":{},"recordCount":1,"recordIds":["wattlas-record-gemunit-g100000828295"],"sourceIds":["gem-global-integrated-power-tracker"],"sourceUrl":"https://www.gem.wiki/Zoloti_Kliuchi_solar_farm","technologies":["solar"],"technologyMixMw":{"solar":20.0},"unitCount":1,"unitIds":["gem-unit-G100000828295"]},"type":"Feature"},{"geometry":{"coordinates":[33.1472,45.3977],"type":"Point"},"id":"wattlas-plant-gemplant-l100000909373","properties":{"aliases":["1.0","Donuzlav wind farm"],"canonicalAnchor":"gemplant:L100000909373","canonicalCountryKey":"UA","capacityMw":10.4,"country":"UA","externalIds":{"gemPlant":"L100000909373","gemUnit":"G100000912121"},"gemWikiUrl":"https://www.gem.wiki/Donuzlav_wind_farm","geographyId":"UA-14850775B24260608407062","id":"wattlas-plant-gemplant-l100000909373","lifecycleCounts":{"operational":1},"locationPrecision":"exact","name":"Donuzlav wind farm","operatingCapacityCoverage":{"coveragePercent":100.0,"knownUnitCount":1,"method":"complete_unit_sum","provenance":{"evidenceCount":0,"recordIds":["wattlas-record-gemunit-g100000912121"],"sourceIds":["gem-global-integrated-power-tracker"],"sourceTypes":["research_verified"],"valueKind":"reported"},"totalUnitCount":1},"operatingCapacityMw":10.4,"operatingCapacityMwByTechnology":{"wind":10.4},"plannedCapacityCoverage":{"coveragePercent":0.0,"knownUnitCount":0,"method":"unavailable","totalUnitCount":0},"plannedCapacityMw":0.0,"plannedCapacityMwByTechnology":{},"recordCount":1,"recordIds":["wattlas-record-gemunit-g100000912121"],"sourceIds":["gem-global-integrated-power-tracker"],"sourceUrl":"https://www.gem.wiki/Donuzlav_wind_farm","technologies":["wind"],"technologyMixMw":{"wind":10.4},"unitCount":1,"unitIds":["gem-unit-G100000912121"]},"type":"Feature"},{"geometry":{"coordinates":[37.526,48.7795],"type":"Point"},"id":"wattlas-plant-gemplant-l100000910107","properties":{"aliases":["1.0","Kramatorsk wind farm"],"canonicalAnchor":"gemplant:L100000910107","canonicalCountryKey":"UA","capacityMw":14.0,"country":"UA","externalIds":{"gemPlant":"L100000910107","gemUnit":"G100000912927"},"gemWikiUrl":"https://www.gem.wiki/Kramatorsk_wind_farm","geographyId":"UA-14850775B15615817748403","id":"wattlas-plant-gemplant-l100000910107","lifecycleCounts":{"operational":1},"locationPrecision":"exact","name":"Kramatorsk wind farm","operatingCapacityCoverage":{"coveragePercent":100.0,"knownUnitCount":1,"method":"complete_unit_sum","provenance":{"evidenceCount":0,"recordIds":["wattlas-record-gemunit-g100000912927"],"sourceIds":["gem-global-integrated-power-tracker"],"sourceTypes":["research_verified"],"valueKind":"reported"},"totalUnitCount":1},"operatingCapacityMw":14.0,"operatingCapacityMwByTechnology":{"wind":14.0},"plannedCapacityCoverage":{"coveragePercent":0.0,"knownUnitCount":0,"method":"unavailable","totalUnitCount":0},"plannedCapacityMw":0.0,"plannedCapacityMwByTechnology":{},"recordCount":1,"recordIds":["wattlas-record-gemunit-g100000912927"],"sourceIds":["gem-global-integrated-power-tracker"],"sourceUrl":"https://www.gem.wiki/Kramatorsk_wind_farm","technologies":["wind"],"technologyMixMw":{"wind":14.0},"unitCount":1,"unitIds":["gem-unit-G100000912927"]},"type":"Feature"},{"geometry":{"coordinates":[32.7701,45.4211],"type":"Point"},"id":"wattlas-plant-gemplant-l100000910939","properties":{"aliases":["1.0","Tarhankut wind farm"],"canonicalAnchor":"gemplant:L100000910939","canonicalCountryKey":"UA","capacityMw":22.0,"country":"UA","externalIds":{"gemPlant":"L100000910939","gemUnit":"G100000913856"},"gemWikiUrl":"https://www.gem.wiki/Tarhankut_wind_farm","geographyId":"UA-14850775B24260608407062","id":"wattlas-plant-gemplant-l100000910939","lifecycleCounts":{"operational":1},"locationPrecision":"exact","name":"Tarhankut wind farm","operatingCapacityCoverage":{"coveragePercent":100.0,"knownUnitCount":1,"method":"complete_unit_sum","provenance":{"evidenceCount":0,"recordIds":["wattlas-record-gemunit-g100000913856"],"sourceIds":["gem-global-integrated-power-tracker"],"sourceTypes":["research_verified"],"valueKind":"reported"},"totalUnitCount":1},"operatingCapacityMw":22.0,"operatingCapacityMwByTechnology":{"wind":22.0},"plannedCapacityCoverage":{"coveragePercent":0.0,"knownUnitCount":0,"method":"unavailable","totalUnitCount":0},"plannedCapacityMw":0.0,"plannedCapacityMwByTechnology":{},"recordCount":1,"recordIds":["wattlas-record-gemunit-g100000913856"],"sourceIds":["gem-global-integrated-power-tracker"],"sourceUrl":"https://www.gem.wiki/Tarhankut_wind_farm","technologies":["wind"],"technologyMixMw":{"wind":22.0},"unitCount":1,"unitIds":["gem-unit-G100000913856"]},"type":"Feature"},{"geometry":{"coordinates":[22.977,49.4407],"type":"Point"},"id":"wattlas-plant-gemplant-l100000911462","properties":{"aliases":["2.0","Staryi Sambir wind farm"],"canonicalAnchor":"gemplant:L100000911462","canonicalCountryKey":"UA","capacityMw":20.0,"country":"UA","externalIds":{"gemPlant":"L100000911462","gemUnit":"G100000914442"},"gemWikiUrl":"https://www.gem.wiki/Staryi_Sambir_wind_farm","geographyId":"UA-14850775B26941409899318","id":"wattlas-plant-gemplant-l100000911462","lifecycleCounts":{"operational":1},"locationPrecision":"exact","name":"Staryi Sambir wind farm","operatingCapacityCoverage":{"coveragePercent":100.0,"knownUnitCount":1,"method":"complete_unit_sum","provenance":{"evidenceCount":0,"recordIds":["wattlas-record-gemunit-g100000914442"],"sourceIds":["gem-global-integrated-power-tracker"],"sourceTypes":["research_verified"],"valueKind":"reported"},"totalUnitCount":1},"operatingCapacityMw":20.0,"operatingCapacityMwByTechnology":{"wind":20.0},"plannedCapacityCoverage":{"coveragePercent":0.0,"knownUnitCount":0,"method":"unavailable","totalUnitCount":0},"plannedCapacityMw":0.0,"plannedCapacityMwByTechnology":{},"recordCount":1,"recordIds":["wattlas-record-gemunit-g100000914442"],"sourceIds":["gem-global-integrated-power-tracker"],"sourceUrl":"https://www.gem.wiki/Staryi_Sambir_wind_farm","technologies":["wind"],"technologyMixMw":{"wind":20.0},"unitCount":1,"unitIds":["gem-unit-G100000914442"]},"type":"Feature"},{"geometry":{"coordinates":[35.0856,44.8086],"type":"Point"},"id":"wattlas-plant-gemplant-l100000912042","properties":{"aliases":["1.0","Donuzlav Sudak wind farm"],"canonicalAnchor":"gemplant:L100000912042","canonicalCountryKey":"UA","capacityMw":6.3,"country":"UA","externalIds":{"gemPlant":"L100000912042","gemUnit":"G100000915097"},"gemWikiUrl":"https://www.gem.wiki/Donuzlav_Sudak_wind_farm","geographyId":"UA-14850775B24260608407062","id":"wattlas-plant-gemplant-l100000912042","lifecycleCounts":{"operational":1},"locationPrecision":"exact","name":"Donuzlav Sudak wind farm","operatingCapacityCoverage":{"coveragePercent":100.0,"knownUnitCount":1,"method":"complete_unit_sum","provenance":{"evidenceCount":0,"recordIds":["wattlas-record-gemunit-g100000915097"],"sourceIds":["gem-global-integrated-power-tracker"],"sourceTypes":["research_verified"],"valueKind":"reported"},"totalUnitCount":1},"operatingCapacityMw":6.3,"operatingCapacityMwByTechnology":{"wind":6.3},"plannedCapacityCoverage":{"coveragePercent":0.0,"knownUnitCount":0,"method":"unavailable","totalUnitCount":0},"plannedCapacityMw":0.0,"plannedCapacityMwByTechnology":{},"recordCount":1,"recordIds":["wattlas-record-gemunit-g100000915097"],"sourceIds":["gem-global-integrated-power-tracker"],"sourceUrl":"https://www.gem.wiki/Donuzlav_Sudak_wind_farm","technologies":["wind"],"technologyMixMw":{"wind":6.3},"unitCount":1,"unitIds":["gem-unit-G100000915097"]},"type":"Feature"},{"geometry":{"coordinates":[39.6662,48.186],"type":"Point"},"id":"wattlas-plant-gemplant-l100000912637","properties":{"aliases":["1.0","Krasnodonskiy wind farm"],"canonicalAnchor":"gemplant:L100000912637","canonicalCountryKey":"UA","capacityMw":25.0,"country":"UA","externalIds":{"gemPlant":"L100000912637","gemUnit":"G100000915769"},"gemWikiUrl":"https://www.gem.wiki/Krasnodonskiy_wind_farm","geographyId":"UA-14850775B31033086218351","id":"wattlas-plant-gemplant-l100000912637","lifecycleCounts":{"operational":1},"locationPrecision":"exact","name":"Krasnodonskiy wind farm","operatingCapacityCoverage":{"coveragePercent":100.0,"knownUnitCount":1,"method":"complete_unit_sum","provenance":{"evidenceCount":0,"recordIds":["wattlas-record-gemunit-g100000915769"],"sourceIds":["gem-global-integrated-power-tracker"],"sourceTypes":["research_verified"],"valueKind":"reported"},"totalUnitCount":1},"operatingCapacityMw":25.0,"operatingCapacityMwByTechnology":{"wind":25.0},"plannedCapacityCoverage":{"coveragePercent":0.0,"knownUnitCount":0,"method":"unavailable","totalUnitCount":0},"plannedCapacityMw":0.0,"plannedCapacityMwByTechnology":{},"recordCount":1,"recordIds":["wattlas-record-gemunit-g100000915769"],"sourceIds":["gem-global-integrated-power-tracker"],"sourceUrl":"https://www.gem.wiki/Krasnodonskiy_wind_farm","technologies":["wind"],"technologyMixMw":{"wind":25.0},"unitCount":1,"unitIds":["gem-unit-G100000915769"]},"type":"Feature"},{"geometry":{"coordinates":[39.6445,48.1904],"type":"Point"},"id":"wattlas-plant-gemplant-l100000912645","properties":{"aliases":["1.0","Lutuginskiy wind farm"],"canonicalAnchor":"gemplant:L100000912645","canonicalCountryKey":"UA","capacityMw":25.0,"country":"UA","externalIds":{"gemPlant":"L100000912645","gemUnit":"G100000915779"},"gemWikiUrl":"https://www.gem.wiki/Lutuginskiy_wind_farm","geographyId":"UA-14850775B31033086218351","id":"wattlas-plant-gemplant-l100000912645","lifecycleCounts":{"operational":1},"locationPrecision":"exact","name":"Lutuginskiy wind farm","operatingCapacityCoverage":{"coveragePercent":100.0,"knownUnitCount":1,"method":"complete_unit_sum","provenance":{"evidenceCount":0,"recordIds":["wattlas-record-gemunit-g100000915779"],"sourceIds":["gem-global-integrated-power-tracker"],"sourceTypes":["research_verified"],"valueKind":"reported"},"totalUnitCount":1},"operatingCapacityMw":25.0,"operatingCapacityMwByTechnology":{"wind":25.0},"plannedCapacityCoverage":{"coveragePercent":0.0,"knownUnitCount":0,"method":"unavailable","totalUnitCount":0},"plannedCapacityMw":0.0,"plannedCapacityMwByTechnology":{},"recordCount":1,"recordIds":["wattlas-record-gemunit-g100000915779"],"sourceIds":["gem-global-integrated-power-tracker"],"sourceUrl":"https://www.gem.wiki/Lutuginskiy_wind_farm","technologies":["wind"],"technologyMixMw":{"wind":25.0},"unitCount":1,"unitIds":["gem-unit-G100000915779"]},"type":"Feature"},{"geometry":{"coordinates":[37.9161,47.1419],"type":"Point"},"id":"wattlas-plant-gemplant-l100000912657","properties":{"aliases":["1.0","2.0","Novoazovsk wind farm"],"canonicalAnchor":"gemplant:L100000912657","canonicalCountryKey":"UA","capacityMw":0.0,"country":"UA","externalIdAliases":{"gemUnit":["G100000915792","G100000916885"]},"externalIds":{"gemPlant":"L100000912657","gemUnit":"G100000916885"},"gemWikiUrl":"https://www.gem.wiki/Novoazovsk_wind_farm","geographyId":"UA-14850775B15615817748403","id":"wattlas-plant-gemplant-l100000912657","lifecycleCounts":{"paused":2},"locationPrecision":"exact","name":"Novoazovsk wind farm","operatingCapacityCoverage":{"coveragePercent":0.0,"knownUnitCount":0,"method":"unavailable","totalUnitCount":0},"operatingCapacityMw":0.0,"operatingCapacityMwByTechnology":{},"plannedCapacityCoverage":{"coveragePercent":0.0,"knownUnitCount":0,"method":"unavailable","totalUnitCount":0},"plannedCapacityMw":0.0,"plannedCapacityMwByTechnology":{},"recordCount":2,"recordIds":["wattlas-record-gemunit-g100000915792","wattlas-record-gemunit-g100000916885"],"sourceIds":["gem-global-integrated-power-tracker"],"sourceUrl":"https://www.gem.wiki/Novoazovsk_wind_farm","technologies":["wind"],"technologyMixMw":{"wind":0.0},"unitCount":2,"unitIds":["gem-unit-G100000915792","gem-unit-G100000916885"]},"type":"Feature"},{"geometry":{"coordinates":[30.4907,46.2278],"type":"Point"},"id":"wattlas-plant-gemplant-l100000913537-aa088c8cc6","properties":{"aliases":["1.0","Ovid wind farm"],"canonicalAnchor":"gemplant:L100000913537","canonicalCountryKey":"UA","capacityMw":32.0,"country":"UA","externalIds":{"gemPlant":"L100000913537","gemUnit":"G100000916833"},"gemWikiUrl":"https://www.gem.wiki/Ovid_wind_farm","geographyId":"UA-14850775B53240635394722","id":"wattlas-plant-gemplant-l100000913537-aa088c8cc6","lifecycleCounts":{"operational":1},"locationPrecision":"exact","name":"Ovid wind farm","operatingCapacityCoverage":{"coveragePercent":100.0,"knownUnitCount":1,"method":"complete_unit_sum","provenance":{"evidenceCount":0,"recordIds":["wattlas-record-gemunit-g100000916833"],"sourceIds":["gem-global-integrated-power-tracker"],"sourceTypes":["research_verified"],"valueKind":"reported"},"totalUnitCount":1},"operatingCapacityMw":32.0,"operatingCapacityMwByTechnology":{"wind":32.0},"plannedCapacityCoverage":{"coveragePercent":0.0,"knownUnitCount":0,"method":"unavailable","totalUnitCount":0},"plannedCapacityMw":0.0,"plannedCapacityMwByTechnology":{},"recordCount":1,"recordIds":["wattlas-record-gemunit-g100000916833"],"sourceIds":["gem-global-integrated-power-tracker"],"sourceUrl":"https://www.gem.wiki/Ovid_wind_farm","technologies":["wind"],"technologyMixMw":{"wind":32.0},"unitCount":1,"unitIds":["gem-unit-G100000916833"]},"type":"Feature"},{"geometry":{"coordinates":[34.429,46.1746],"type":"Point"},"id":"wattlas-plant-gemplant-l100000915394","properties":{"aliases":["1.0","Overyanovska wind farm"],"canonicalAnchor":"gemplant:L100000915394","canonicalCountryKey":"UA","capacityMw":0.0,"country":"UA","externalIds":{"gemPlant":"L100000915394","gemUnit":"G100000919041"},"gemWikiUrl":"https://www.gem.wiki/Overyanovska_wind_farm","geographyId":"UA-14850775B65901307765467","id":"wattlas-plant-gemplant-l100000915394","lifecycleCounts":{"paused":1},"locationPrecision":"exact","name":"Overyanovska wind farm","operatingCapacityCoverage":{"coveragePercent":0.0,"knownUnitCount":0,"method":"unavailable","totalUnitCount":0},"operatingCapacityMw":0.0,"operatingCapacityMwByTechnology":{},"plannedCapacityCoverage":{"coveragePercent":0.0,"knownUnitCount":0,"method":"unavailable","totalUnitCount":0},"plannedCapacityMw":0.0,"plannedCapacityMwByTechnology":{},"recordCount":1,"recordIds":["wattlas-record-gemunit-g100000919041"],"sourceIds":["gem-global-integrated-power-tracker"],"sourceUrl":"https://www.gem.wiki/Overyanovska_wind_farm","technologies":["wind"],"technologyMixMw":{"wind":0.0},"unitCount":1,"unitIds":["gem-unit-G100000919041"]},"type":"Feature"},{"geometry":{"coordinates":[35.7807,46.6375],"type":"Point"},"id":"wattlas-plant-gemplant-l100000915649","properties":{"aliases":["1.0","2.0","Botievo wind farm"],"canonicalAnchor":"gemplant:L100000915649","canonicalCountryKey":"UA","capacityMw":0.0,"country":"UA","externalIdAliases":{"gemUnit":["G100000919347","G100000919441"]},"externalIds":{"gemPlant":"L100000915649","gemUnit":"G100000919441"},"gemWikiUrl":"https://www.gem.wiki/Botievo_wind_farm","geographyId":"UA-14850775B92888097715572","id":"wattlas-plant-gemplant-l100000915649","lifecycleCounts":{"paused":2},"locationPrecision":"exact","name":"Botievo wind farm","operatingCapacityCoverage":{"coveragePercent":0.0,"knownUnitCount":0,"method":"unavailable","totalUnitCount":0},"operatingCapacityMw":0.0,"operatingCapacityMwByTechnology":{},"plannedCapacityCoverage":{"coveragePercent":0.0,"knownUnitCount":0,"method":"unavailable","totalUnitCount":0},"plannedCapacityMw":0.0,"plannedCapacityMwByTechnology":{},"recordCount":2,"recordIds":["wattlas-record-gemunit-g100000919347","wattlas-record-gemunit-g100000919441"],"sourceIds":["gem-global-integrated-power-tracker"],"sourceUrl":"https://www.gem.wiki/Botievo_wind_farm","technologies":["wind"],"technologyMixMw":{"wind":0.0},"unitCount":2,"unitIds":["gem-unit-G100000919347","gem-unit-G100000919441"]},"type":"Feature"},{"geometry":{"coordinates":[35.9583,46.7053],"type":"Point"},"id":"wattlas-plant-gemplant-l100000915677","properties":{"aliases":["1.0","Orlovka wind farm"],"canonicalAnchor":"gemplant:L100000915677","canonicalCountryKey":"UA","capacityMw":0.0,"country":"UA","externalIds":{"gemPlant":"L100000915677","gemUnit":"G100000919379"},"gemWikiUrl":"https://www.gem.wiki/Orlovka_wind_farm","geographyId":"UA-14850775B92888097715572","id":"wattlas-plant-gemplant-l100000915677","lifecycleCounts":{"paused":1},"locationPrecision":"exact","name":"Orlovka wind farm","operatingCapacityCoverage":{"coveragePercent":0.0,"knownUnitCount":0,"method":"unavailable","totalUnitCount":0},"operatingCapacityMw":0.0,"operatingCapacityMwByTechnology":{},"plannedCapacityCoverage":{"coveragePercent":0.0,"knownUnitCount":0,"method":"unavailable","totalUnitCount":0},"plannedCapacityMw":0.0,"plannedCapacityMwByTechnology":{},"recordCount":1,"recordIds":["wattlas-record-gemunit-g100000919379"],"sourceIds":["gem-global-integrated-power-tracker"],"sourceUrl":"https://www.gem.wiki/Orlovka_wind_farm","technologies":["wind"],"technologyMixMw":{"wind":0.0},"unitCount":1,"unitIds":["gem-unit-G100000919379"]},"type":"Feature"},{"geometry":{"coordinates":[36.501,46.7585],"type":"Point"},"id":"wattlas-plant-gemplant-l100000915704","properties":{"aliases":["1.0","2.0","Primorskaya wind farm"],"canonicalAnchor":"gemplant:L100000915704","canonicalCountryKey":"UA","capacityMw":100.0,"country":"UA","externalIdAliases":{"gemUnit":["G100000919410","G100000919411"]},"externalIds":{"gemPlant":"L100000915704","gemUnit":"G100000919411"},"gemWikiUrl":"https://www.gem.wiki/Primorskaya_wind_farm","geographyId":"UA-14850775B92888097715572","id":"wattlas-plant-gemplant-l100000915704","lifecycleCounts":{"operational":1,"paused":1},"locationPrecision":"exact","name":"Primorskaya wind farm","operatingCapacityCoverage":{"coveragePercent":100.0,"knownUnitCount":1,"method":"complete_unit_sum","provenance":{"evidenceCount":0,"recordIds":["wattlas-record-gemunit-g100000919410"],"sourceIds":["gem-global-integrated-power-tracker"],"sourceTypes":["research_verified"],"valueKind":"reported"},"totalUnitCount":1},"operatingCapacityMw":100.0,"operatingCapacityMwByTechnology":{"wind":100.0},"plannedCapacityCoverage":{"coveragePercent":0.0,"knownUnitCount":0,"method":"unavailable","totalUnitCount":0},"plannedCapacityMw":0.0,"plannedCapacityMwByTechnology":{},"recordCount":2,"recordIds":["wattlas-record-gemunit-g100000919410","wattlas-record-gemunit-g100000919411"],"sourceIds":["gem-global-integrated-power-tracker"],"sourceUrl":"https://www.gem.wiki/Primorskaya_wind_farm","technologies":["wind"],"technologyMixMw":{"wind":100.0},"unitCount":2,"unitIds":["gem-unit-G100000919410","gem-unit-G100000919411"]},"type":"Feature"},{"geometry":{"coordinates":[34.3316,46.0834],"type":"Point"},"id":"wattlas-plant-gemplant-l100000915764","properties":{"aliases":["3.0","4.0","Sivashskaya wind farm"],"canonicalAnchor":"gemplant:L100000915764","canonicalCountryKey":"UA","capacityMw":0.0,"country":"UA","externalIdAliases":{"gemUnit":["G100000919487","G100000919581"]},"externalIds":{"gemPlant":"L100000915764","gemUnit":"G100000919487"},"gemWikiUrl":"https://www.gem.wiki/Sivashskaya_wind_farm","geographyId":"UA-14850775B65901307765467","id":"wattlas-plant-gemplant-l100000915764","lifecycleCounts":{"paused":2},"locationPrecision":"exact","name":"Sivashskaya wind farm","operatingCapacityCoverage":{"coveragePercent":0.0,"knownUnitCount":0,"method":"unavailable","totalUnitCount":0},"operatingCapacityMw":0.0,"operatingCapacityMwByTechnology":{},"plannedCapacityCoverage":{"coveragePercent":0.0,"knownUnitCount":0,"method":"unavailable","totalUnitCount":0},"plannedCapacityMw":0.0,"plannedCapacityMwByTechnology":{},"recordCount":2,"recordIds":["wattlas-record-gemunit-g100000919487","wattlas-record-gemunit-g100000919581"],"sourceIds":["gem-global-integrated-power-tracker"],"sourceUrl":"https://www.gem.wiki/Sivashskaya_wind_farm","technologies":["wind"],"technologyMixMw":{"wind":0.0},"unitCount":2,"unitIds":["gem-unit-G100000919487","gem-unit-G100000919581"]},"type":"Feature"},{"geometry":{"coordinates":[34.866,48.5901],"type":"Point"},"id":"wattlas-plant-gemplant-l100001004004","properties":{"aliases":["--","Terslav solar farm"],"canonicalAnchor":"gemplant:L100001004004","canonicalCountryKey":"UA","capacityMw":20.0,"country":"UA","externalIds":{"gemPlant":"L100001004004","gemUnit":"G100001004646"},"gemWikiUrl":"https://www.gem.wiki/Terslav_solar_farm","geographyId":"UA-14850775B41808765507575","id":"wattlas-plant-gemplant-l100001004004","lifecycleCounts":{"operational":1},"locationPrecision":"exact","name":"Terslav solar farm","operatingCapacityCoverage":{"coveragePercent":100.0,"knownUnitCount":1,"method":"complete_unit_sum","provenance":{"evidenceCount":0,"recordIds":["wattlas-record-gemunit-g100001004646"],"sourceIds":["gem-global-integrated-power-tracker"],"sourceTypes":["research_verified"],"valueKind":"reported"},"totalUnitCount":1},"operatingCapacityMw":20.0,"operatingCapacityMwByTechnology":{"solar":20.0},"plannedCapacityCoverage":{"coveragePercent":0.0,"knownUnitCount":0,"method":"unavailable","totalUnitCount":0},"plannedCapacityMw":0.0,"plannedCapacityMwByTechnology":{},"recordCount":1,"recordIds":["wattlas-record-gemunit-g100001004646"],"sourceIds":["gem-global-integrated-power-tracker"],"sourceUrl":"https://www.gem.wiki/Terslav_solar_farm","technologies":["solar"],"technologyMixMw":{"solar":20.0},"unitCount":1,"unitIds":["gem-unit-G100001004646"]},"type":"Feature"},{"geometry":{"coordinates":[22.1635,48.3984],"type":"Point"},"id":"wattlas-plant-gemplant-l100001005819","properties":{"aliases":["--","Szabolcs-Szatmár-Bereg solar project IX"],"canonicalAnchor":"gemplant:L100001005819","canonicalCountryKey":"UA","capacityMw":4.1,"country":"UA","externalIds":{"gemPlant":"L100001005819","gemUnit":"G100001006968"},"gemWikiUrl":"https://www.gem.wiki/Szabolcs-Szatmár-Bereg_solar_project_IX","geographyId":"UA-14850775B82824220650579","id":"wattlas-plant-gemplant-l100001005819","lifecycleCounts":{"operational":1},"locationPrecision":"exact","name":"Szabolcs-Szatmár-Bereg solar project IX","operatingCapacityCoverage":{"coveragePercent":100.0,"knownUnitCount":1,"method":"complete_unit_sum","provenance":{"evidenceCount":0,"recordIds":["wattlas-record-gemunit-g100001006968"],"sourceIds":["gem-global-integrated-power-tracker"],"sourceTypes":["research_verified"],"valueKind":"reported"},"totalUnitCount":1},"operatingCapacityMw":4.1,"operatingCapacityMwByTechnology":{"solar":4.1},"plannedCapacityCoverage":{"coveragePercent":0.0,"knownUnitCount":0,"method":"unavailable","totalUnitCount":0},"plannedCapacityMw":0.0,"plannedCapacityMwByTechnology":{},"recordCount":1,"recordIds":["wattlas-record-gemunit-g100001006968"],"sourceIds":["gem-global-integrated-power-tracker"],"sourceUrl":"https://www.gem.wiki/Szabolcs-Szatmár-Bereg_solar_project_IX","technologies":["solar"],"technologyMixMw":{"solar":4.1},"unitCount":1,"unitIds":["gem-unit-G100001006968"]},"type":"Feature"},{"geometry":{"coordinates":[33.931,45.036],"type":"Point"},"id":"wattlas-plant-gemplant-l100001008536","properties":{"aliases":["--","Rodnikovoye solar project"],"canonicalAnchor":"gemplant:L100001008536","canonicalCountryKey":"UA","capacityMw":7.5,"country":"UA","externalIds":{"gemPlant":"L100001008536","gemUnit":"G100001009906"},"gemWikiUrl":"https://www.gem.wiki/Rodnikovoye_solar_project","geographyId":"UA-14850775B24260608407062","id":"wattlas-plant-gemplant-l100001008536","lifecycleCounts":{"operational":1},"locationPrecision":"exact","name":"Rodnikovoye solar project","operatingCapacityCoverage":{"coveragePercent":100.0,"knownUnitCount":1,"method":"complete_unit_sum","provenance":{"evidenceCount":0,"recordIds":["wattlas-record-gemunit-g100001009906"],"sourceIds":["gem-global-integrated-power-tracker"],"sourceTypes":["research_verified"],"valueKind":"reported"},"totalUnitCount":1},"operatingCapacityMw":7.5,"operatingCapacityMwByTechnology":{"solar":7.5},"plannedCapacityCoverage":{"coveragePercent":0.0,"knownUnitCount":0,"method":"unavailable","totalUnitCount":0},"plannedCapacityMw":0.0,"plannedCapacityMwByTechnology":{},"recordCount":1,"recordIds":["wattlas-record-gemunit-g100001009906"],"sourceIds":["gem-global-integrated-power-tracker"],"sourceUrl":"https://www.gem.wiki/Rodnikovoye_solar_project","technologies":["solar"],"technologyMixMw":{"solar":7.5},"unitCount":1,"unitIds":["gem-unit-G100001009906"]},"type":"Feature"},{"geometry":{"coordinates":[32.172,47.011],"type":"Point"},"id":"wattlas-plant-gemplant-l100001008537","properties":{"aliases":["--","Voskresens'ke solar project"],"canonicalAnchor":"gemplant:L100001008537","canonicalCountryKey":"UA","capacityMw":12.0,"country":"UA","externalIds":{"gemPlant":"L100001008537","gemUnit":"G100001009907"},"gemWikiUrl":"https://www.gem.wiki/Voskresens'ke_solar_project","geographyId":"UA-14850775B99856317748721","id":"wattlas-plant-gemplant-l100001008537","lifecycleCounts":{"operational":1},"locationPrecision":"exact","name":"Voskresens'ke solar project","operatingCapacityCoverage":{"coveragePercent":100.0,"knownUnitCount":1,"method":"complete_unit_sum","provenance":{"evidenceCount":0,"recordIds":["wattlas-record-gemunit-g100001009907"],"sourceIds":["gem-global-integrated-power-tracker"],"sourceTypes":["research_verified"],"valueKind":"reported"},"totalUnitCount":1},"operatingCapacityMw":12.0,"operatingCapacityMwByTechnology":{"solar":12.0},"plannedCapacityCoverage":{"coveragePercent":0.0,"knownUnitCount":0,"method":"unavailable","totalUnitCount":0},"plannedCapacityMw":0.0,"plannedCapacityMwByTechnology":{},"recordCount":1,"recordIds":["wattlas-record-gemunit-g100001009907"],"sourceIds":["gem-global-integrated-power-tracker"],"sourceUrl":"https://www.gem.wiki/Voskresens'ke_solar_project","technologies":["solar"],"technologyMixMw":{"solar":12.0},"unitCount":1,"unitIds":["gem-unit-G100001009907"]},"type":"Feature"},{"geometry":{"coordinates":[34.081,47.662],"type":"Point"},"id":"wattlas-plant-gemplant-l100001008538","properties":{"aliases":["--","Kvant solar project"],"canonicalAnchor":"gemplant:L100001008538","canonicalCountryKey":"UA","capacityMw":5.0,"country":"UA","externalIds":{"gemPlant":"L100001008538","gemUnit":"G100001009908"},"gemWikiUrl":"https://www.gem.wiki/Kvant_solar_project","geographyId":"UA-14850775B41808765507575","id":"wattlas-plant-gemplant-l100001008538","lifecycleCounts":{"operational":1},"locationPrecision":"exact","name":"Kvant solar project","operatingCapacityCoverage":{"coveragePercent":100.0,"knownUnitCount":1,"method":"complete_unit_sum","provenance":{"evidenceCount":0,"recordIds":["wattlas-record-gemunit-g100001009908"],"sourceIds":["gem-global-integrated-power-tracker"],"sourceTypes":["research_verified"],"valueKind":"reported"},"totalUnitCount":1},"operatingCapacityMw":5.0,"operatingCapacityMwByTechnology":{"solar":5.0},"plannedCapacityCoverage":{"coveragePercent":0.0,"knownUnitCount":0,"method":"unavailable","totalUnitCount":0},"plannedCapacityMw":0.0,"plannedCapacityMwByTechnology":{},"recordCount":1,"recordIds":["wattlas-record-gemunit-g100001009908"],"sourceIds":["gem-global-integrated-power-tracker"],"sourceUrl":"https://www.gem.wiki/Kvant_solar_project","technologies":["solar"],"technologyMixMw":{"solar":5.0},"unitCount":1,"unitIds":["gem-unit-G100001009908"]},"type":"Feature"},{"geometry":{"coordinates":[35.76,48.563],"type":"Point"},"id":"wattlas-plant-gemplant-l100001008539","properties":{"aliases":["--","Mezhyrich A solar project"],"canonicalAnchor":"gemplant:L100001008539","canonicalCountryKey":"UA","capacityMw":9.0,"country":"UA","externalIds":{"gemPlant":"L100001008539","gemUnit":"G100001009909"},"gemWikiUrl":"https://www.gem.wiki/Mezhyrich_A_solar_project","geographyId":"UA-14850775B41808765507575","id":"wattlas-plant-gemplant-l100001008539","lifecycleCounts":{"operational":1},"locationPrecision":"exact","name":"Mezhyrich A solar project","operatingCapacityCoverage":{"coveragePercent":100.0,"knownUnitCount":1,"method":"complete_unit_sum","provenance":{"evidenceCount":0,"recordIds":["wattlas-record-gemunit-g100001009909"],"sourceIds":["gem-global-integrated-power-tracker"],"sourceTypes":["research_verified"],"valueKind":"reported"},"totalUnitCount":1},"operatingCapacityMw":9.0,"operatingCapacityMwByTechnology":{"solar":9.0},"plannedCapacityCoverage":{"coveragePercent":0.0,"knownUnitCount":0,"method":"unavailable","totalUnitCount":0},"plannedCapacityMw":0.0,"plannedCapacityMwByTechnology":{},"recordCount":1,"recordIds":["wattlas-record-gemunit-g100001009909"],"sourceIds":["gem-global-integrated-power-tracker"],"sourceUrl":"https://www.gem.wiki/Mezhyrich_A_solar_project","technologies":["solar"],"technologyMixMw":{"solar":9.0},"unitCount":1,"unitIds":["gem-unit-G100001009909"]},"type":"Feature"},{"geometry":{"coordinates":[34.335,47.631],"type":"Point"},"id":"wattlas-plant-gemplant-l100001008540","properties":{"aliases":["--","Nikopol 1 solar project"],"canonicalAnchor":"gemplant:L100001008540","canonicalCountryKey":"UA","capacityMw":10.8,"country":"UA","externalIds":{"gemPlant":"L100001008540","gemUnit":"G100001009910"},"gemWikiUrl":"https://www.gem.wiki/Nikopol_1_solar_project","geographyId":"UA-14850775B41808765507575","id":"wattlas-plant-gemplant-l100001008540","lifecycleCounts":{"operational":1},"locationPrecision":"exact","name":"Nikopol 1 solar project","operatingCapacityCoverage":{"coveragePercent":100.0,"knownUnitCount":1,"method":"complete_unit_sum","provenance":{"evidenceCount":0,"recordIds":["wattlas-record-gemunit-g100001009910"],"sourceIds":["gem-global-integrated-power-tracker"],"sourceTypes":["research_verified"],"valueKind":"reported"},"totalUnitCount":1},"operatingCapacityMw":10.8,"operatingCapacityMwByTechnology":{"solar":10.8},"plannedCapacityCoverage":{"coveragePercent":0.0,"knownUnitCount":0,"method":"unavailable","totalUnitCount":0},"plannedCapacityMw":0.0,"plannedCapacityMwByTechnology":{},"recordCount":1,"recordIds":["wattlas-record-gemunit-g100001009910"],"sourceIds":["gem-global-integrated-power-tracker"],"sourceUrl":"https://www.gem.wiki/Nikopol_1_solar_project","technologies":["solar"],"technologyMixMw":{"solar":10.8},"unitCount":1,"unitIds":["gem-unit-G100001009910"]},"type":"Feature"},{"geometry":{"coordinates":[24.679,48.845],"type":"Point"},"id":"wattlas-plant-gemplant-l100001008541","properties":{"aliases":["--","Tysmenyts'kyi solar project"],"canonicalAnchor":"gemplant:L100001008541","canonicalCountryKey":"UA","capacityMw":13.5,"country":"UA","externalIds":{"gemPlant":"L100001008541","gemUnit":"G100001009911"},"gemWikiUrl":"https://www.gem.wiki/Tysmenyts'kyi_solar_project","geographyId":"UA-14850775B19104561075165","id":"wattlas-plant-gemplant-l100001008541","lifecycleCounts":{"operational":1},"locationPrecision":"exact","name":"Tysmenyts'kyi solar project","operatingCapacityCoverage":{"coveragePercent":100.0,"knownUnitCount":1,"method":"complete_unit_sum","provenance":{"evidenceCount":0,"recordIds":["wattlas-record-gemunit-g100001009911"],"sourceIds":["gem-global-integrated-power-tracker"],"sourceTypes":["research_verified"],"valueKind":"reported"},"totalUnitCount":1},"operatingCapacityMw":13.5,"operatingCapacityMwByTechnology":{"solar":13.5},"plannedCapacityCoverage":{"coveragePercent":0.0,"knownUnitCount":0,"method":"unavailable","totalUnitCount":0},"plannedCapacityMw":0.0,"plannedCapacityMwByTechnology":{},"recordCount":1,"recordIds":["wattlas-record-gemunit-g100001009911"],"sourceIds":["gem-global-integrated-power-tracker"],"sourceUrl":"https://www.gem.wiki/Tysmenyts'kyi_solar_project","technologies":["solar"],"technologyMixMw":{"solar":13.5},"unitCount":1,"unitIds":["gem-unit-G100001009911"]},"type":"Feature"},{"geometry":{"coordinates":[24.693,49.115],"type":"Point"},"id":"wattlas-plant-gemplant-l100001008542","properties":{"aliases":["--","Zaluvka solar project"],"canonicalAnchor":"gemplant:L100001008542","canonicalCountryKey":"UA","capacityMw":13.2,"country":"UA","externalIds":{"gemPlant":"L100001008542","gemUnit":"G100001009912"},"gemWikiUrl":"https://www.gem.wiki/Zaluvka_solar_project","geographyId":"UA-14850775B19104561075165","id":"wattlas-plant-gemplant-l100001008542","lifecycleCounts":{"operational":1},"locationPrecision":"exact","name":"Zaluvka solar project","operatingCapacityCoverage":{"coveragePercent":100.0,"knownUnitCount":1,"method":"complete_unit_sum","provenance":{"evidenceCount":0,"recordIds":["wattlas-record-gemunit-g100001009912"],"sourceIds":["gem-global-integrated-power-tracker"],"sourceTypes":["research_verified"],"valueKind":"reported"},"totalUnitCount":1},"operatingCapacityMw":13.2,"operatingCapacityMwByTechnology":{"solar":13.2},"plannedCapacityCoverage":{"coveragePercent":0.0,"knownUnitCount":0,"method":"unavailable","totalUnitCount":0},"plannedCapacityMw":0.0,"plannedCapacityMwByTechnology":{},"recordCount":1,"recordIds":["wattlas-record-gemunit-g100001009912"],"sourceIds":["gem-global-integrated-power-tracker"],"sourceUrl":"https://www.gem.wiki/Zaluvka_solar_project","technologies":["solar"],"technologyMixMw":{"solar":13.2},"unitCount":1,"unitIds":["gem-unit-G100001009912"]},"type":"Feature"},{"geometry":{"coordinates":[32.866,46.483],"type":"Point"},"id":"wattlas-plant-gemplant-l100001008543","properties":{"aliases":["--","Kostohryzove A solar project"],"canonicalAnchor":"gemplant:L100001008543","canonicalCountryKey":"UA","capacityMw":10.0,"country":"UA","externalIds":{"gemPlant":"L100001008543","gemUnit":"G100001009913"},"gemWikiUrl":"https://www.gem.wiki/Kostohryzove_A_solar_project","geographyId":"UA-14850775B65901307765467","id":"wattlas-plant-gemplant-l100001008543","lifecycleCounts":{"operational":1},"locationPrecision":"exact","name":"Kostohryzove A solar project","operatingCapacityCoverage":{"coveragePercent":100.0,"knownUnitCount":1,"method":"complete_unit_sum","provenance":{"evidenceCount":0,"recordIds":["wattlas-record-gemunit-g100001009913"],"sourceIds":["gem-global-integrated-power-tracker"],"sourceTypes":["research_verified"],"valueKind":"reported"},"totalUnitCount":1},"operatingCapacityMw":10.0,"operatingCapacityMwByTechnology":{"solar":10.0},"plannedCapacityCoverage":{"coveragePercent":0.0,"knownUnitCount":0,"method":"unavailable","totalUnitCount":0},"plannedCapacityMw":0.0,"plannedCapacityMwByTechnology":{},"recordCount":1,"recordIds":["wattlas-record-gemunit-g100001009913"],"sourceIds":["gem-global-integrated-power-tracker"],"sourceUrl":"https://www.gem.wiki/Kostohryzove_A_solar_project","technologies":["solar"],"technologyMixMw":{"solar":10.0},"unitCount":1,"unitIds":["gem-unit-G100001009913"]},"type":"Feature"},{"geometry":{"coordinates":[32.86,46.483],"type":"Point"},"id":"wattlas-plant-gemplant-l100001008544","properties":{"aliases":["--","Kostohryzove B solar project"],"canonicalAnchor":"gemplant:L100001008544","canonicalCountryKey":"UA","capacityMw":5.5,"country":"UA","externalIds":{"gemPlant":"L100001008544","gemUnit":"G100001009914"},"gemWikiUrl":"https://www.gem.wiki/Kostohryzove_B_solar_project","geographyId":"UA-14850775B65901307765467","id":"wattlas-plant-gemplant-l100001008544","lifecycleCounts":{"operational":1},"locationPrecision":"exact","name":"Kostohryzove B solar project","operatingCapacityCoverage":{"coveragePercent":100.0,"knownUnitCount":1,"method":"complete_unit_sum","provenance":{"evidenceCount":0,"recordIds":["wattlas-record-gemunit-g100001009914"],"sourceIds":["gem-global-integrated-power-tracker"],"sourceTypes":["research_verified"],"valueKind":"reported"},"totalUnitCount":1},"operatingCapacityMw":5.5,"operatingCapacityMwByTechnology":{"solar":5.5},"plannedCapacityCoverage":{"coveragePercent":0.0,"knownUnitCount":0,"method":"unavailable","totalUnitCount":0},"plannedCapacityMw":0.0,"plannedCapacityMwByTechnology":{},"recordCount":1,"recordIds":["wattlas-record-gemunit-g100001009914"],"sourceIds":["gem-global-integrated-power-tracker"],"sourceUrl":"https://www.gem.wiki/Kostohryzove_B_solar_project","technologies":["solar"],"technologyMixMw":{"solar":5.5},"unitCount":1,"unitIds":["gem-unit-G100001009914"]},"type":"Feature"},{"geometry":{"coordinates":[32.478,46.097],"type":"Point"},"id":"wattlas-plant-gemplant-l100001008545","properties":{"aliases":["--","Lazurne solar project"],"canonicalAnchor":"gemplant:L100001008545","canonicalCountryKey":"UA","capacityMw":9.8,"country":"UA","externalIds":{"gemPlant":"L100001008545","gemUnit":"G100001009915"},"gemWikiUrl":"https://www.gem.wiki/Lazurne_solar_project","geographyId":"UA-14850775B65901307765467","id":"wattlas-plant-gemplant-l100001008545","lifecycleCounts":{"operational":1},"locationPrecision":"exact","name":"Lazurne solar project","operatingCapacityCoverage":{"coveragePercent":100.0,"knownUnitCount":1,"method":"complete_unit_sum","provenance":{"evidenceCount":0,"recordIds":["wattlas-record-gemunit-g100001009915"],"sourceIds":["gem-global-integrated-power-tracker"],"sourceTypes":["research_verified"],"valueKind":"reported"},"totalUnitCount":1},"operatingCapacityMw":9.8,"operatingCapacityMwByTechnology":{"solar":9.8},"plannedCapacityCoverage":{"coveragePercent":0.0,"knownUnitCount":0,"method":"unavailable","totalUnitCount":0},"plannedCapacityMw":0.0,"plannedCapacityMwByTechnology":{},"recordCount":1,"recordIds":["wattlas-record-gemunit-g100001009915"],"sourceIds":["gem-global-integrated-power-tracker"],"sourceUrl":"https://www.gem.wiki/Lazurne_solar_project","technologies":["solar"],"technologyMixMw":{"solar":9.8},"unitCount":1,"unitIds":["gem-unit-G100001009915"]},"type":"Feature"},{"geometry":{"coordinates":[34.616,46.236],"type":"Point"},"id":"wattlas-plant-gemplant-l100001008546","properties":{"aliases":["--","Novooleksiivka A solar project"],"canonicalAnchor":"gemplant:L100001008546","canonicalCountryKey":"UA","capacityMw":8.0,"country":"UA","externalIds":{"gemPlant":"L100001008546","gemUnit":"G100001009916"},"gemWikiUrl":"https://www.gem.wiki/Novooleksiivka_A_solar_project","geographyId":"UA-14850775B65901307765467","id":"wattlas-plant-gemplant-l100001008546","lifecycleCounts":{"operational":1},"locationPrecision":"exact","name":"Novooleksiivka A solar project","operatingCapacityCoverage":{"coveragePercent":100.0,"knownUnitCount":1,"method":"complete_unit_sum","provenance":{"evidenceCount":0,"recordIds":["wattlas-record-gemunit-g100001009916"],"sourceIds":["gem-global-integrated-power-tracker"],"sourceTypes":["research_verified"],"valueKind":"reported"},"totalUnitCount":1},"operatingCapacityMw":8.0,"operatingCapacityMwByTechnology":{"solar":8.0},"plannedCapacityCoverage":{"coveragePercent":0.0,"knownUnitCount":0,"method":"unavailable","totalUnitCount":0},"plannedCapacityMw":0.0,"plannedCapacityMwByTechnology":{},"recordCount":1,"recordIds":["wattlas-record-gemunit-g100001009916"],"sourceIds":["gem-global-integrated-power-tracker"],"sourceUrl":"https://www.gem.wiki/Novooleksiivka_A_solar_project","technologies":["solar"],"technologyMixMw":{"solar":8.0},"unitCount":1,"unitIds":["gem-unit-G100001009916"]},"type":"Feature"},{"geometry":{"coordinates":[34.765,46.349],"type":"Point"},"id":"wattlas-plant-gemplant-l100001008547","properties":{"aliases":["--","Partyzany A solar project"],"canonicalAnchor":"gemplant:L100001008547","canonicalCountryKey":"UA","capacityMw":15.0,"country":"UA","externalIds":{"gemPlant":"L100001008547","gemUnit":"G100001009917"},"gemWikiUrl":"https://www.gem.wiki/Partyzany_A_solar_project","geographyId":"UA-14850775B65901307765467","id":"wattlas-plant-gemplant-l100001008547","lifecycleCounts":{"operational":1},"locationPrecision":"exact","name":"Partyzany A solar project","operatingCapacityCoverage":{"coveragePercent":100.0,"knownUnitCount":1,"method":"complete_unit_sum","provenance":{"evidenceCount":0,"recordIds":["wattlas-record-gemunit-g100001009917"],"sourceIds":["gem-global-integrated-power-tracker"],"sourceTypes":["research_verified"],"valueKind":"reported"},"totalUnitCount":1},"operatingCapacityMw":15.0,"operatingCapacityMwByTechnology":{"solar":15.0},"plannedCapacityCoverage":{"coveragePercent":0.0,"knownUnitCount":0,"method":"unavailable","totalUnitCount":0},"plannedCapacityMw":0.0,"plannedCapacityMwByTechnology":{},"recordCount":1,"recordIds":["wattlas-record-gemunit-g100001009917"],"sourceIds":["gem-global-integrated-power-tracker"],"sourceUrl":"https://www.gem.wiki/Partyzany_A_solar_project","technologies":["solar"],"technologyMixMw":{"solar":15.0},"unitCount":1,"unitIds":["gem-unit-G100001009917"]},"type":"Feature"},{"geometry":{"coordinates":[32.883,46.69],"type":"Point"},"id":"wattlas-plant-gemplant-l100001008548","properties":{"aliases":["--","Pidstepne solar project"],"canonicalAnchor":"gemplant:L100001008548","canonicalCountryKey":"UA","capacityMw":10.0,"country":"UA","externalIds":{"gemPlant":"L100001008548","gemUnit":"G100001009918"},"gemWikiUrl":"https://www.gem.wiki/Pidstepne_solar_project","geographyId":"UA-14850775B65901307765467","id":"wattlas-plant-gemplant-l100001008548","lifecycleCounts":{"operational":1},"locationPrecision":"exact","name":"Pidstepne solar project","operatingCapacityCoverage":{"coveragePercent":100.0,"knownUnitCount":1,"method":"complete_unit_sum","provenance":{"evidenceCount":0,"recordIds":["wattlas-record-gemunit-g100001009918"],"sourceIds":["gem-global-integrated-power-tracker"],"sourceTypes":["research_verified"],"valueKind":"reported"},"totalUnitCount":1},"operatingCapacityMw":10.0,"operatingCapacityMwByTechnology":{"solar":10.0},"plannedCapacityCoverage":{"coveragePercent":0.0,"knownUnitCount":0,"method":"unavailable","totalUnitCount":0},"plannedCapacityMw":0.0,"plannedCapacityMwByTechnology":{},"recordCount":1,"recordIds":["wattlas-record-gemunit-g100001009918"],"sourceIds":["gem-global-integrated-power-tracker"],"sourceUrl":"https://www.gem.wiki/Pidstepne_solar_project","technologies":["solar"],"technologyMixMw":{"solar":10.0},"unitCount":1,"unitIds":["gem-unit-G100001009918"]},"type":"Feature"},{"geometry":{"coordinates":[33.538,47.495],"type":"Point"},"id":"wattlas-plant-gemplant-l100001008549","properties":{"aliases":["--","Vysokopillya solar project"],"canonicalAnchor":"gemplant:L100001008549","canonicalCountryKey":"UA","capacityMw":4.0,"country":"UA","externalIds":{"gemPlant":"L100001008549","gemUnit":"G100001009919"},"gemWikiUrl":"https://www.gem.wiki/Vysokopillya_solar_project","geographyId":"UA-14850775B65901307765467","id":"wattlas-plant-gemplant-l100001008549","lifecycleCounts":{"operational":1},"locationPrecision":"exact","name":"Vysokopillya solar project","operatingCapacityCoverage":{"coveragePercent":100.0,"knownUnitCount":1,"method":"complete_unit_sum","provenance":{"evidenceCount":0,"recordIds":["wattlas-record-gemunit-g100001009919"],"sourceIds":["gem-global-integrated-power-tracker"],"sourceTypes":["research_verified"],"valueKind":"reported"},"totalUnitCount":1},"operatingCapacityMw":4.0,"operatingCapacityMwByTechnology":{"solar":4.0},"plannedCapacityCoverage":{"coveragePercent":0.0,"knownUnitCount":0,"method":"unavailable","totalUnitCount":0},"plannedCapacityMw":0.0,"plannedCapacityMwByTechnology":{},"recordCount":1,"recordIds":["wattlas-record-gemunit-g100001009919"],"sourceIds":["gem-global-integrated-power-tracker"],"sourceUrl":"https://www.gem.wiki/Vysokopillya_solar_project","technologies":["solar"],"technologyMixMw":{"solar":4.0},"unitCount":1,"unitIds":["gem-unit-G100001009919"]},"type":"Feature"},{"geometry":{"coordinates":[27.313,48.751],"type":"Point"},"id":"wattlas-plant-gemplant-l100001008550","properties":{"aliases":["--","Stravchany solar project"],"canonicalAnchor":"gemplant:L100001008550","canonicalCountryKey":"UA","capacityMw":4.9,"country":"UA","externalIds":{"gemPlant":"L100001008550","gemUnit":"G100001009920"},"gemWikiUrl":"https://www.gem.wiki/Stravchany_solar_project","geographyId":"UA-14850775B78366470925827","id":"wattlas-plant-gemplant-l100001008550","lifecycleCounts":{"operational":1},"locationPrecision":"exact","name":"Stravchany solar project","operatingCapacityCoverage":{"coveragePercent":100.0,"knownUnitCount":1,"method":"complete_unit_sum","provenance":{"evidenceCount":0,"recordIds":["wattlas-record-gemunit-g100001009920"],"sourceIds":["gem-global-integrated-power-tracker"],"sourceTypes":["research_verified"],"valueKind":"reported"},"totalUnitCount":1},"operatingCapacityMw":4.9,"operatingCapacityMwByTechnology":{"solar":4.9},"plannedCapacityCoverage":{"coveragePercent":0.0,"knownUnitCount":0,"method":"unavailable","totalUnitCount":0},"plannedCapacityMw":0.0,"plannedCapacityMwByTechnology":{},"recordCount":1,"recordIds":["wattlas-record-gemunit-g100001009920"],"sourceIds":["gem-global-integrated-power-tracker"],"sourceUrl":"https://www.gem.wiki/Stravchany_solar_project","technologies":["solar"],"technologyMixMw":{"solar":4.9},"unitCount":1,"unitIds":["gem-unit-G100001009920"]},"type":"Feature"},{"geometry":{"coordinates":[23.23,49.507],"type":"Point"},"id":"wattlas-plant-gemplant-l100001008551","properties":{"aliases":["--","Sambyrska II solar project"],"canonicalAnchor":"gemplant:L100001008551","canonicalCountryKey":"UA","capacityMw":6.9,"country":"UA","externalIds":{"gemPlant":"L100001008551","gemUnit":"G100001009921"},"gemWikiUrl":"https://www.gem.wiki/Sambyrska_II_solar_project","geographyId":"UA-14850775B26941409899318","id":"wattlas-plant-gemplant-l100001008551","lifecycleCounts":{"operational":1},"locationPrecision":"exact","name":"Sambyrska II solar project","operatingCapacityCoverage":{"coveragePercent":100.0,"knownUnitCount":1,"method":"complete_unit_sum","provenance":{"evidenceCount":0,"recordIds":["wattlas-record-gemunit-g100001009921"],"sourceIds":["gem-global-integrated-power-tracker"],"sourceTypes":["research_verified"],"valueKind":"reported"},"totalUnitCount":1},"operatingCapacityMw":6.9,"operatingCapacityMwByTechnology":{"solar":6.9},"plannedCapacityCoverage":{"coveragePercent":0.0,"knownUnitCount":0,"method":"unavailable","totalUnitCount":0},"plannedCapacityMw":0.0,"plannedCapacityMwByTechnology":{},"recordCount":1,"recordIds":["wattlas-record-gemunit-g100001009921"],"sourceIds":["gem-global-integrated-power-tracker"],"sourceUrl":"https://www.gem.wiki/Sambyrska_II_solar_project","technologies":["solar"],"technologyMixMw":{"solar":6.9},"unitCount":1,"unitIds":["gem-unit-G100001009921"]},"type":"Feature"},{"geometry":{"coordinates":[32.836,46.994],"type":"Point"},"id":"wattlas-plant-gemplant-l100001008552","properties":{"aliases":["--","Novalondakove A solar project"],"canonicalAnchor":"gemplant:L100001008552","canonicalCountryKey":"UA","capacityMw":15.0,"country":"UA","externalIds":{"gemPlant":"L100001008552","gemUnit":"G100001009922"},"gemWikiUrl":"https://www.gem.wiki/Novalondakove_A_solar_project","geographyId":"UA-14850775B99856317748721","id":"wattlas-plant-gemplant-l100001008552","lifecycleCounts":{"operational":1},"locationPrecision":"exact","name":"Novalondakove A solar project","operatingCapacityCoverage":{"coveragePercent":100.0,"knownUnitCount":1,"method":"complete_unit_sum","provenance":{"evidenceCount":0,"recordIds":["wattlas-record-gemunit-g100001009922"],"sourceIds":["gem-global-integrated-power-tracker"],"sourceTypes":["research_verified"],"valueKind":"reported"},"totalUnitCount":1},"operatingCapacityMw":15.0,"operatingCapacityMwByTechnology":{"solar":15.0},"plannedCapacityCoverage":{"coveragePercent":0.0,"knownUnitCount":0,"method":"unavailable","totalUnitCount":0},"plannedCapacityMw":0.0,"plannedCapacityMwByTechnology":{},"recordCount":1,"recordIds":["wattlas-record-gemunit-g100001009922"],"sourceIds":["gem-global-integrated-power-tracker"],"sourceUrl":"https://www.gem.wiki/Novalondakove_A_solar_project","technologies":["solar"],"technologyMixMw":{"solar":15.0},"unitCount":1,"unitIds":["gem-unit-G100001009922"]},"type":"Feature"},{"geometry":{"coordinates":[31.85,47.077],"type":"Point"},"id":"wattlas-plant-gemplant-l100001008553","properties":{"aliases":["--","Petrovo-Solonykha solar project"],"canonicalAnchor":"gemplant:L100001008553","canonicalCountryKey":"UA","capacityMw":8.0,"country":"UA","externalIds":{"gemPlant":"L100001008553","gemUnit":"G100001009923"},"gemWikiUrl":"https://www.gem.wiki/Petrovo-Solonykha_solar_project","geographyId":"UA-14850775B99856317748721","id":"wattlas-plant-gemplant-l100001008553","lifecycleCounts":{"operational":1},"locationPrecision":"exact","name":"Petrovo-Solonykha solar project","operatingCapacityCoverage":{"coveragePercent":100.0,"knownUnitCount":1,"method":"complete_unit_sum","provenance":{"evidenceCount":0,"recordIds":["wattlas-record-gemunit-g100001009923"],"sourceIds":["gem-global-integrated-power-tracker"],"sourceTypes":["research_verified"],"valueKind":"reported"},"totalUnitCount":1},"operatingCapacityMw":8.0,"operatingCapacityMwByTechnology":{"solar":8.0},"plannedCapacityCoverage":{"coveragePercent":0.0,"knownUnitCount":0,"method":"unavailable","totalUnitCount":0},"plannedCapacityMw":0.0,"plannedCapacityMwByTechnology":{},"recordCount":1,"recordIds":["wattlas-record-gemunit-g100001009923"],"sourceIds":["gem-global-integrated-power-tracker"],"sourceUrl":"https://www.gem.wiki/Petrovo-Solonykha_solar_project","technologies":["solar"],"technologyMixMw":{"solar":8.0},"unitCount":1,"unitIds":["gem-unit-G100001009923"]},"type":"Feature"},{"geometry":{"coordinates":[31.764,47.519],"type":"Point"},"id":"wattlas-plant-gemplant-l100001008554","properties":{"aliases":["--","Shcherbani A solar project"],"canonicalAnchor":"gemplant:L100001008554","canonicalCountryKey":"UA","capacityMw":5.0,"country":"UA","externalIds":{"gemPlant":"L100001008554","gemUnit":"G100001009924"},"gemWikiUrl":"https://www.gem.wiki/Shcherbani_A_solar_project","geographyId":"UA-14850775B99856317748721","id":"wattlas-plant-gemplant-l100001008554","lifecycleCounts":{"operational":1},"locationPrecision":"exact","name":"Shcherbani A solar project","operatingCapacityCoverage":{"coveragePercent":100.0,"knownUnitCount":1,"method":"complete_unit_sum","provenance":{"evidenceCount":0,"recordIds":["wattlas-record-gemunit-g100001009924"],"sourceIds":["gem-global-integrated-power-tracker"],"sourceTypes":["research_verified"],"valueKind":"reported"},"totalUnitCount":1},"operatingCapacityMw":5.0,"operatingCapacityMwByTechnology":{"solar":5.0},"plannedCapacityCoverage":{"coveragePercent":0.0,"knownUnitCount":0,"method":"unavailable","totalUnitCount":0},"plannedCapacityMw":0.0,"plannedCapacityMwByTechnology":{},"recordCount":1,"recordIds":["wattlas-record-gemunit-g100001009924"],"sourceIds":["gem-global-integrated-power-tracker"],"sourceUrl":"https://www.gem.wiki/Shcherbani_A_solar_project","technologies":["solar"],"technologyMixMw":{"solar":5.0},"unitCount":1,"unitIds":["gem-unit-G100001009924"]},"type":"Feature"},{"geometry":{"coordinates":[32.215,47.081],"type":"Point"},"id":"wattlas-plant-gemplant-l100001008555","properties":{"aliases":["--","Vita solar project"],"canonicalAnchor":"gemplant:L100001008555","canonicalCountryKey":"UA","capacityMw":13.5,"country":"UA","externalIds":{"gemPlant":"L100001008555","gemUnit":"G100001009925"},"gemWikiUrl":"https://www.gem.wiki/Vita_solar_project","geographyId":"UA-14850775B99856317748721","id":"wattlas-plant-gemplant-l100001008555","lifecycleCounts":{"operational":1},"locationPrecision":"exact","name":"Vita solar project","operatingCapacityCoverage":{"coveragePercent":100.0,"knownUnitCount":1,"method":"complete_unit_sum","provenance":{"evidenceCount":0,"recordIds":["wattlas-record-gemunit-g100001009925"],"sourceIds":["gem-global-integrated-power-tracker"],"sourceTypes":["research_verified"],"valueKind":"reported"},"totalUnitCount":1},"operatingCapacityMw":13.5,"operatingCapacityMwByTechnology":{"solar":13.5},"plannedCapacityCoverage":{"coveragePercent":0.0,"knownUnitCount":0,"method":"unavailable","totalUnitCount":0},"plannedCapacityMw":0.0,"plannedCapacityMwByTechnology":{},"recordCount":1,"recordIds":["wattlas-record-gemunit-g100001009925"],"sourceIds":["gem-global-integrated-power-tracker"],"sourceUrl":"https://www.gem.wiki/Vita_solar_project","technologies":["solar"],"technologyMixMw":{"solar":13.5},"unitCount":1,"unitIds":["gem-unit-G100001009925"]},"type":"Feature"},{"geometry":{"coordinates":[32.594,47.29],"type":"Point"},"id":"wattlas-plant-gemplant-l100001008556","properties":{"aliases":["--","Yavkyne A solar project"],"canonicalAnchor":"gemplant:L100001008556","canonicalCountryKey":"UA","capacityMw":17.0,"country":"UA","externalIds":{"gemPlant":"L100001008556","gemUnit":"G100001009926"},"gemWikiUrl":"https://www.gem.wiki/Yavkyne_A_solar_project","geographyId":"UA-14850775B99856317748721","id":"wattlas-plant-gemplant-l100001008556","lifecycleCounts":{"operational":1},"locationPrecision":"exact","name":"Yavkyne A solar project","operatingCapacityCoverage":{"coveragePercent":100.0,"knownUnitCount":1,"method":"complete_unit_sum","provenance":{"evidenceCount":0,"recordIds":["wattlas-record-gemunit-g100001009926"],"sourceIds":["gem-global-integrated-power-tracker"],"sourceTypes":["research_verified"],"valueKind":"reported"},"totalUnitCount":1},"operatingCapacityMw":17.0,"operatingCapacityMwByTechnology":{"solar":17.0},"plannedCapacityCoverage":{"coveragePercent":0.0,"knownUnitCount":0,"method":"unavailable","totalUnitCount":0},"plannedCapacityMw":0.0,"plannedCapacityMwByTechnology":{},"recordCount":1,"recordIds":["wattlas-record-gemunit-g100001009926"],"sourceIds":["gem-global-integrated-power-tracker"],"sourceUrl":"https://www.gem.wiki/Yavkyne_A_solar_project","technologies":["solar"],"technologyMixMw":{"solar":17.0},"unitCount":1,"unitIds":["gem-unit-G100001009926"]},"type":"Feature"},{"geometry":{"coordinates":[31.819,47.699],"type":"Point"},"id":"wattlas-plant-gemplant-l100001008557","properties":{"aliases":["--","Yelanets A solar project"],"canonicalAnchor":"gemplant:L100001008557","canonicalCountryKey":"UA","capacityMw":12.0,"country":"UA","externalIds":{"gemPlant":"L100001008557","gemUnit":"G100001009927"},"gemWikiUrl":"https://www.gem.wiki/Yelanets_A_solar_project","geographyId":"UA-14850775B99856317748721","id":"wattlas-plant-gemplant-l100001008557","lifecycleCounts":{"operational":1},"locationPrecision":"exact","name":"Yelanets A solar project","operatingCapacityCoverage":{"coveragePercent":100.0,"knownUnitCount":1,"method":"complete_unit_sum","provenance":{"evidenceCount":0,"recordIds":["wattlas-record-gemunit-g100001009927"],"sourceIds":["gem-global-integrated-power-tracker"],"sourceTypes":["research_verified"],"valueKind":"reported"},"totalUnitCount":1},"operatingCapacityMw":12.0,"operatingCapacityMwByTechnology":{"solar":12.0},"plannedCapacityCoverage":{"coveragePercent":0.0,"knownUnitCount":0,"method":"unavailable","totalUnitCount":0},"plannedCapacityMw":0.0,"plannedCapacityMwByTechnology":{},"recordCount":1,"recordIds":["wattlas-record-gemunit-g100001009927"],"sourceIds":["gem-global-integrated-power-tracker"],"sourceUrl":"https://www.gem.wiki/Yelanets_A_solar_project","technologies":["solar"],"technologyMixMw":{"solar":12.0},"unitCount":1,"unitIds":["gem-unit-G100001009927"]},"type":"Feature"},{"geometry":{"coordinates":[31.847,47.707],"type":"Point"},"id":"wattlas-plant-gemplant-l100001008558","properties":{"aliases":["--","Yelanets B solar project"],"canonicalAnchor":"gemplant:L100001008558","canonicalCountryKey":"UA","capacityMw":12.0,"country":"UA","externalIds":{"gemPlant":"L100001008558","gemUnit":"G100001009928"},"gemWikiUrl":"https://www.gem.wiki/Yelanets_B_solar_project","geographyId":"UA-14850775B99856317748721","id":"wattlas-plant-gemplant-l100001008558","lifecycleCounts":{"operational":1},"locationPrecision":"exact","name":"Yelanets B solar project","operatingCapacityCoverage":{"coveragePercent":100.0,"knownUnitCount":1,"method":"complete_unit_sum","provenance":{"evidenceCount":0,"recordIds":["wattlas-record-gemunit-g100001009928"],"sourceIds":["gem-global-integrated-power-tracker"],"sourceTypes":["research_verified"],"valueKind":"reported"},"totalUnitCount":1},"operatingCapacityMw":12.0,"operatingCapacityMwByTechnology":{"solar":12.0},"plannedCapacityCoverage":{"coveragePercent":0.0,"knownUnitCount":0,"method":"unavailable","totalUnitCount":0},"plannedCapacityMw":0.0,"plannedCapacityMwByTechnology":{},"recordCount":1,"recordIds":["wattlas-record-gemunit-g100001009928"],"sourceIds":["gem-global-integrated-power-tracker"],"sourceUrl":"https://www.gem.wiki/Yelanets_B_solar_project","technologies":["solar"],"technologyMixMw":{"solar":12.0},"unitCount":1,"unitIds":["gem-unit-G100001009928"]},"type":"Feature"},{"geometry":{"coordinates":[32.095,47.037],"type":"Point"},"id":"wattlas-plant-gemplant-l100001008559","properties":{"aliases":["--","Zaychevskoe solar project"],"canonicalAnchor":"gemplant:L100001008559","canonicalCountryKey":"UA","capacityMw":5.1,"country":"UA","externalIds":{"gemPlant":"L100001008559","gemUnit":"G100001009929"},"gemWikiUrl":"https://www.gem.wiki/Zaychevskoe_solar_project","geographyId":"UA-14850775B99856317748721","id":"wattlas-plant-gemplant-l100001008559","lifecycleCounts":{"operational":1},"locationPrecision":"exact","name":"Zaychevskoe solar project","operatingCapacityCoverage":{"coveragePercent":100.0,"knownUnitCount":1,"method":"complete_unit_sum","provenance":{"evidenceCount":0,"recordIds":["wattlas-record-gemunit-g100001009929"],"sourceIds":["gem-global-integrated-power-tracker"],"sourceTypes":["research_verified"],"valueKind":"reported"},"totalUnitCount":1},"operatingCapacityMw":5.1,"operatingCapacityMwByTechnology":{"solar":5.1},"plannedCapacityCoverage":{"coveragePercent":0.0,"knownUnitCount":0,"method":"unavailable","totalUnitCount":0},"plannedCapacityMw":0.0,"plannedCapacityMwByTechnology":{},"recordCount":1,"recordIds":["wattlas-record-gemunit-g100001009929"],"sourceIds":["gem-global-integrated-power-tracker"],"sourceUrl":"https://www.gem.wiki/Zaychevskoe_solar_project","technologies":["solar"],"technologyMixMw":{"solar":5.1},"unitCount":1,"unitIds":["gem-unit-G100001009929"]},"type":"Feature"},{"geometry":{"coordinates":[22.368,48.424],"type":"Point"},"id":"wattlas-plant-gemplant-l100001008560","properties":{"aliases":["--","Velyka Dodron solar project"],"canonicalAnchor":"gemplant:L100001008560","canonicalCountryKey":"UA","capacityMw":10.9,"country":"UA","externalIds":{"gemPlant":"L100001008560","gemUnit":"G100001009930"},"gemWikiUrl":"https://www.gem.wiki/Velyka_Dodron_solar_project","geographyId":"UA-14850775B82824220650579","id":"wattlas-plant-gemplant-l100001008560","lifecycleCounts":{"operational":1},"locationPrecision":"exact","name":"Velyka Dodron solar project","operatingCapacityCoverage":{"coveragePercent":100.0,"knownUnitCount":1,"method":"complete_unit_sum","provenance":{"evidenceCount":0,"recordIds":["wattlas-record-gemunit-g100001009930"],"sourceIds":["gem-global-integrated-power-tracker"],"sourceTypes":["research_verified"],"valueKind":"reported"},"totalUnitCount":1},"operatingCapacityMw":10.9,"operatingCapacityMwByTechnology":{"solar":10.9},"plannedCapacityCoverage":{"coveragePercent":0.0,"knownUnitCount":0,"method":"unavailable","totalUnitCount":0},"plannedCapacityMw":0.0,"plannedCapacityMwByTechnology":{},"recordCount":1,"recordIds":["wattlas-record-gemunit-g100001009930"],"sourceIds":["gem-global-integrated-power-tracker"],"sourceUrl":"https://www.gem.wiki/Velyka_Dodron_solar_project","technologies":["solar"],"technologyMixMw":{"solar":10.9},"unitCount":1,"unitIds":["gem-unit-G100001009930"]},"type":"Feature"},{"geometry":{"coordinates":[27.726,49.067],"type":"Point"},"id":"wattlas-plant-gemplant-l100001008561","properties":{"aliases":["--","Bar UA solar project"],"canonicalAnchor":"gemplant:L100001008561","canonicalCountryKey":"UA","capacityMw":16.9,"country":"UA","externalIds":{"gemPlant":"L100001008561","gemUnit":"G100001009931"},"gemWikiUrl":"https://www.gem.wiki/Bar_UA_solar_project","geographyId":"UA-14850775B93300237551625","id":"wattlas-plant-gemplant-l100001008561","lifecycleCounts":{"operational":1},"locationPrecision":"exact","name":"Bar UA solar project","operatingCapacityCoverage":{"coveragePercent":100.0,"knownUnitCount":1,"method":"complete_unit_sum","provenance":{"evidenceCount":0,"recordIds":["wattlas-record-gemunit-g100001009931"],"sourceIds":["gem-global-integrated-power-tracker"],"sourceTypes":["research_verified"],"valueKind":"reported"},"totalUnitCount":1},"operatingCapacityMw":16.9,"operatingCapacityMwByTechnology":{"solar":16.9},"plannedCapacityCoverage":{"coveragePercent":0.0,"knownUnitCount":0,"method":"unavailable","totalUnitCount":0},"plannedCapacityMw":0.0,"plannedCapacityMwByTechnology":{},"recordCount":1,"recordIds":["wattlas-record-gemunit-g100001009931"],"sourceIds":["gem-global-integrated-power-tracker"],"sourceUrl":"https://www.gem.wiki/Bar_UA_solar_project","technologies":["solar"],"technologyMixMw":{"solar":16.9},"unitCount":1,"unitIds":["gem-unit-G100001009931"]},"type":"Feature"},{"geometry":{"coordinates":[27.7,49.061],"type":"Point"},"id":"wattlas-plant-gemplant-l100001008562","properties":{"aliases":["--","Bar UA A solar project"],"canonicalAnchor":"gemplant:L100001008562","canonicalCountryKey":"UA","capacityMw":12.0,"country":"UA","externalIds":{"gemPlant":"L100001008562","gemUnit":"G100001009932"},"gemWikiUrl":"https://www.gem.wiki/Bar_UA_A_solar_project","geographyId":"UA-14850775B93300237551625","id":"wattlas-plant-gemplant-l100001008562","lifecycleCounts":{"operational":1},"locationPrecision":"exact","name":"Bar UA A solar project","operatingCapacityCoverage":{"coveragePercent":100.0,"knownUnitCount":1,"method":"complete_unit_sum","provenance":{"evidenceCount":0,"recordIds":["wattlas-record-gemunit-g100001009932"],"sourceIds":["gem-global-integrated-power-tracker"],"sourceTypes":["research_verified"],"valueKind":"reported"},"totalUnitCount":1},"operatingCapacityMw":12.0,"operatingCapacityMwByTechnology":{"solar":12.0},"plannedCapacityCoverage":{"coveragePercent":0.0,"knownUnitCount":0,"method":"unavailable","totalUnitCount":0},"plannedCapacityMw":0.0,"plannedCapacityMwByTechnology":{},"recordCount":1,"recordIds":["wattlas-record-gemunit-g100001009932"],"sourceIds":["gem-global-integrated-power-tracker"],"sourceUrl":"https://www.gem.wiki/Bar_UA_A_solar_project","technologies":["solar"],"technologyMixMw":{"solar":12.0},"unitCount":1,"unitIds":["gem-unit-G100001009932"]},"type":"Feature"},{"geometry":{"coordinates":[29.689,48.481],"type":"Point"},"id":"wattlas-plant-gemplant-l100001008563","properties":{"aliases":["--","Cherniatka solar project"],"canonicalAnchor":"gemplant:L100001008563","canonicalCountryKey":"UA","capacityMw":7.7,"country":"UA","externalIds":{"gemPlant":"L100001008563","gemUnit":"G100001009933"},"gemWikiUrl":"https://www.gem.wiki/Cherniatka_solar_project","geographyId":"UA-14850775B93300237551625","id":"wattlas-plant-gemplant-l100001008563","lifecycleCounts":{"operational":1},"locationPrecision":"exact","name":"Cherniatka solar project","operatingCapacityCoverage":{"coveragePercent":100.0,"knownUnitCount":1,"method":"complete_unit_sum","provenance":{"evidenceCount":0,"recordIds":["wattlas-record-gemunit-g100001009933"],"sourceIds":["gem-global-integrated-power-tracker"],"sourceTypes":["research_verified"],"valueKind":"reported"},"totalUnitCount":1},"operatingCapacityMw":7.7,"operatingCapacityMwByTechnology":{"solar":7.7},"plannedCapacityCoverage":{"coveragePercent":0.0,"knownUnitCount":0,"method":"unavailable","totalUnitCount":0},"plannedCapacityMw":0.0,"plannedCapacityMwByTechnology":{},"recordCount":1,"recordIds":["wattlas-record-gemunit-g100001009933"],"sourceIds":["gem-global-integrated-power-tracker"],"sourceUrl":"https://www.gem.wiki/Cherniatka_solar_project","technologies":["solar"],"technologyMixMw":{"solar":7.7},"unitCount":1,"unitIds":["gem-unit-G100001009933"]},"type":"Feature"},{"geometry":{"coordinates":[28.453,48.466],"type":"Point"},"id":"wattlas-plant-gemplant-l100001008564","properties":{"aliases":["--","Gnatkiv solar project"],"canonicalAnchor":"gemplant:L100001008564","canonicalCountryKey":"UA","capacityMw":5.0,"country":"UA","externalIds":{"gemPlant":"L100001008564","gemUnit":"G100001009934"},"gemWikiUrl":"https://www.gem.wiki/Gnatkiv_solar_project","geographyId":"UA-14850775B93300237551625","id":"wattlas-plant-gemplant-l100001008564","lifecycleCounts":{"operational":1},"locationPrecision":"exact","name":"Gnatkiv solar project","operatingCapacityCoverage":{"coveragePercent":100.0,"knownUnitCount":1,"method":"complete_unit_sum","provenance":{"evidenceCount":0,"recordIds":["wattlas-record-gemunit-g100001009934"],"sourceIds":["gem-global-integrated-power-tracker"],"sourceTypes":["research_verified"],"valueKind":"reported"},"totalUnitCount":1},"operatingCapacityMw":5.0,"operatingCapacityMwByTechnology":{"solar":5.0},"plannedCapacityCoverage":{"coveragePercent":0.0,"knownUnitCount":0,"method":"unavailable","totalUnitCount":0},"plannedCapacityMw":0.0,"plannedCapacityMwByTechnology":{},"recordCount":1,"recordIds":["wattlas-record-gemunit-g100001009934"],"sourceIds":["gem-global-integrated-power-tracker"],"sourceUrl":"https://www.gem.wiki/Gnatkiv_solar_project","technologies":["solar"],"technologyMixMw":{"solar":5.0},"unitCount":1,"unitIds":["gem-unit-G100001009934"]},"type":"Feature"},{"geometry":{"coordinates":[28.061,48.784],"type":"Point"},"id":"wattlas-plant-gemplant-l100001008565","properties":{"aliases":["--","Shargorod solar project"],"canonicalAnchor":"gemplant:L100001008565","canonicalCountryKey":"UA","capacityMw":8.0,"country":"UA","externalIds":{"gemPlant":"L100001008565","gemUnit":"G100001009935"},"gemWikiUrl":"https://www.gem.wiki/Shargorod_solar_project","geographyId":"UA-14850775B93300237551625","id":"wattlas-plant-gemplant-l100001008565","lifecycleCounts":{"operational":1},"locationPrecision":"exact","name":"Shargorod solar project","operatingCapacityCoverage":{"coveragePercent":100.0,"knownUnitCount":1,"method":"complete_unit_sum","provenance":{"evidenceCount":0,"recordIds":["wattlas-record-gemunit-g100001009935"],"sourceIds":["gem-global-integrated-power-tracker"],"sourceTypes":["research_verified"],"valueKind":"reported"},"totalUnitCount":1},"operatingCapacityMw":8.0,"operatingCapacityMwByTechnology":{"solar":8.0},"plannedCapacityCoverage":{"coveragePercent":0.0,"knownUnitCount":0,"method":"unavailable","totalUnitCount":0},"plannedCapacityMw":0.0,"plannedCapacityMwByTechnology":{},"recordCount":1,"recordIds":["wattlas-record-gemunit-g100001009935"],"sourceIds":["gem-global-integrated-power-tracker"],"sourceUrl":"https://www.gem.wiki/Shargorod_solar_project","technologies":["solar"],"technologyMixMw":{"solar":8.0},"unitCount":1,"unitIds":["gem-unit-G100001009935"]},"type":"Feature"},{"geometry":{"coordinates":[34.894,47.025],"type":"Point"},"id":"wattlas-plant-gemplant-l100001008566","properties":{"aliases":["--","Vesele solar project"],"canonicalAnchor":"gemplant:L100001008566","canonicalCountryKey":"UA","capacityMw":16.0,"country":"UA","externalIds":{"gemPlant":"L100001008566","gemUnit":"G100001009936"},"gemWikiUrl":"https://www.gem.wiki/Vesele_solar_project","geographyId":"UA-14850775B92888097715572","id":"wattlas-plant-gemplant-l100001008566","lifecycleCounts":{"operational":1},"locationPrecision":"exact","name":"Vesele solar project","operatingCapacityCoverage":{"coveragePercent":100.0,"knownUnitCount":1,"method":"complete_unit_sum","provenance":{"evidenceCount":0,"recordIds":["wattlas-record-gemunit-g100001009936"],"sourceIds":["gem-global-integrated-power-tracker"],"sourceTypes":["research_verified"],"valueKind":"reported"},"totalUnitCount":1},"operatingCapacityMw":16.0,"operatingCapacityMwByTechnology":{"solar":16.0},"plannedCapacityCoverage":{"coveragePercent":0.0,"knownUnitCount":0,"method":"unavailable","totalUnitCount":0},"plannedCapacityMw":0.0,"plannedCapacityMwByTechnology":{},"recordCount":1,"recordIds":["wattlas-record-gemunit-g100001009936"],"sourceIds":["gem-global-integrated-power-tracker"],"sourceUrl":"https://www.gem.wiki/Vesele_solar_project","technologies":["solar"],"technologyMixMw":{"solar":16.0},"unitCount":1,"unitIds":["gem-unit-G100001009936"]},"type":"Feature"},{"geometry":{"coordinates":[28.657,49.918],"type":"Point"},"id":"wattlas-plant-gemplant-l100001008567","properties":{"aliases":["--","Ganska solar project"],"canonicalAnchor":"gemplant:L100001008567","canonicalCountryKey":"UA","capacityMw":19.1,"country":"UA","externalIds":{"gemPlant":"L100001008567","gemUnit":"G100001009937"},"gemWikiUrl":"https://www.gem.wiki/Ganska_solar_project","geographyId":"UA-14850775B79197734087513","id":"wattlas-plant-gemplant-l100001008567","lifecycleCounts":{"operational":1},"locationPrecision":"exact","name":"Ganska solar project","operatingCapacityCoverage":{"coveragePercent":100.0,"knownUnitCount":1,"method":"complete_unit_sum","provenance":{"evidenceCount":0,"recordIds":["wattlas-record-gemunit-g100001009937"],"sourceIds":["gem-global-integrated-power-tracker"],"sourceTypes":["research_verified"],"valueKind":"reported"},"totalUnitCount":1},"operatingCapacityMw":19.1,"operatingCapacityMwByTechnology":{"solar":19.1},"plannedCapacityCoverage":{"coveragePercent":0.0,"knownUnitCount":0,"method":"unavailable","totalUnitCount":0},"plannedCapacityMw":0.0,"plannedCapacityMwByTechnology":{},"recordCount":1,"recordIds":["wattlas-record-gemunit-g100001009937"],"sourceIds":["gem-global-integrated-power-tracker"],"sourceUrl":"https://www.gem.wiki/Ganska_solar_project","technologies":["solar"],"technologyMixMw":{"solar":19.1},"unitCount":1,"unitIds":["gem-unit-G100001009937"]},"type":"Feature"},{"geometry":{"coordinates":[31.985603,46.948608],"type":"Point"},"id":"wattlas-plant-gemplant-l100001046741","properties":{"aliases":["1-1","Mykolaiv power station"],"canonicalAnchor":"gemplant:L100001046741","canonicalCountryKey":"UA","capacityMw":80.0,"country":"UA","externalIds":{"gemPlant":"L100001046741","gemUnit":"G100001052939"},"gemWikiUrl":"https://www.gem.wiki/Mykolaiv_power_station","geographyId":"UA-14850775B99856317748721","id":"wattlas-plant-gemplant-l100001046741","lifecycleCounts":{"announced":1},"locationPrecision":"exact","name":"Mykolaiv power station","operatingCapacityCoverage":{"coveragePercent":0.0,"knownUnitCount":0,"method":"unavailable","totalUnitCount":0},"operatingCapacityMw":0.0,"operatingCapacityMwByTechnology":{},"plannedCapacityCoverage":{"coveragePercent":100.0,"knownUnitCount":1,"method":"complete_unit_sum","provenance":{"evidenceCount":0,"recordIds":["wattlas-record-gemunit-g100001052939"],"sourceIds":["gem-global-integrated-power-tracker"],"sourceTypes":["research_verified"],"valueKind":"reported"},"totalUnitCount":1},"plannedCapacityMw":80.0,"plannedCapacityMwByTechnology":{"gas":80.0},"recordCount":1,"recordIds":["wattlas-record-gemunit-g100001052939"],"sourceIds":["gem-global-integrated-power-tracker"],"sourceUrl":"https://www.gem.wiki/Mykolaiv_power_station","technologies":["gas"],"technologyMixMw":{"gas":80.0},"unitCount":1,"unitIds":["gem-unit-G100001052939"]},"type":"Feature"},{"geometry":{"coordinates":[34.601971,48.527404],"type":"Point"},"id":"wattlas-plant-gemplant-l100001046756","properties":{"aliases":["1-1","Dniprovska power station"],"canonicalAnchor":"gemplant:L100001046756","canonicalCountryKey":"UA","capacityMw":75.2,"country":"UA","externalIds":{"gemPlant":"L100001046756","gemUnit":"G100001052962"},"gemWikiUrl":"https://www.gem.wiki/Dniprovska_power_station","geographyId":"UA-14850775B41808765507575","id":"wattlas-plant-gemplant-l100001046756","lifecycleCounts":{"announced":1},"locationPrecision":"exact","name":"Dniprovska power station","operatingCapacityCoverage":{"coveragePercent":0.0,"knownUnitCount":0,"method":"unavailable","totalUnitCount":0},"operatingCapacityMw":0.0,"operatingCapacityMwByTechnology":{},"plannedCapacityCoverage":{"coveragePercent":100.0,"knownUnitCount":1,"method":"complete_unit_sum","provenance":{"evidenceCount":0,"recordIds":["wattlas-record-gemunit-g100001052962"],"sourceIds":["gem-global-integrated-power-tracker"],"sourceTypes":["research_verified"],"valueKind":"reported"},"totalUnitCount":1},"plannedCapacityMw":75.2,"plannedCapacityMwByTechnology":{"gas":75.2},"recordCount":1,"recordIds":["wattlas-record-gemunit-g100001052962"],"sourceIds":["gem-global-integrated-power-tracker"],"sourceUrl":"https://www.gem.wiki/Dniprovska_power_station","technologies":["gas"],"technologyMixMw":{"gas":75.2},"unitCount":1,"unitIds":["gem-unit-G100001052962"]},"type":"Feature"},{"geometry":{"coordinates":[28.4911,49.4267],"type":"Point"},"id":"wattlas-plant-gemplant-l100001061797","properties":{"aliases":["--","Pavlivka solar farm"],"canonicalAnchor":"gemplant:L100001061797","canonicalCountryKey":"UA","capacityMw":39.0,"country":"UA","externalIds":{"gemPlant":"L100001061797","gemUnit":"G100001070865"},"gemWikiUrl":"https://www.gem.wiki/Pavlivka_solar_farm","geographyId":"UA-14850775B93300237551625","id":"wattlas-plant-gemplant-l100001061797","lifecycleCounts":{"operational":1},"locationPrecision":"exact","name":"Pavlivka solar farm","operatingCapacityCoverage":{"coveragePercent":100.0,"knownUnitCount":1,"method":"complete_unit_sum","provenance":{"evidenceCount":0,"recordIds":["wattlas-record-gemunit-g100001070865"],"sourceIds":["gem-global-integrated-power-tracker"],"sourceTypes":["research_verified"],"valueKind":"reported"},"totalUnitCount":1},"operatingCapacityMw":39.0,"operatingCapacityMwByTechnology":{"solar":39.0},"plannedCapacityCoverage":{"coveragePercent":0.0,"knownUnitCount":0,"method":"unavailable","totalUnitCount":0},"plannedCapacityMw":0.0,"plannedCapacityMwByTechnology":{},"recordCount":1,"recordIds":["wattlas-record-gemunit-g100001070865"],"sourceIds":["gem-global-integrated-power-tracker"],"sourceUrl":"https://www.gem.wiki/Pavlivka_solar_farm","technologies":["solar"],"technologyMixMw":{"solar":39.0},"unitCount":1,"unitIds":["gem-unit-G100001070865"]},"type":"Feature"},{"geometry":{"coordinates":[33.3161,49.9959],"type":"Point"},"id":"wattlas-plant-gemplant-l100001061798","properties":{"aliases":["--","Romodan solar farm"],"canonicalAnchor":"gemplant:L100001061798","canonicalCountryKey":"UA","capacityMw":20.0,"country":"UA","externalIds":{"gemPlant":"L100001061798","gemUnit":"G100001070866"},"gemWikiUrl":"https://www.gem.wiki/Romodan_solar_farm","geographyId":"UA-14850775B18105645488844","id":"wattlas-plant-gemplant-l100001061798","lifecycleCounts":{"operational":1},"locationPrecision":"exact","name":"Romodan solar farm","operatingCapacityCoverage":{"coveragePercent":100.0,"knownUnitCount":1,"method":"complete_unit_sum","provenance":{"evidenceCount":0,"recordIds":["wattlas-record-gemunit-g100001070866"],"sourceIds":["gem-global-integrated-power-tracker"],"sourceTypes":["research_verified"],"valueKind":"reported"},"totalUnitCount":1},"operatingCapacityMw":20.0,"operatingCapacityMwByTechnology":{"solar":20.0},"plannedCapacityCoverage":{"coveragePercent":0.0,"knownUnitCount":0,"method":"unavailable","totalUnitCount":0},"plannedCapacityMw":0.0,"plannedCapacityMwByTechnology":{},"recordCount":1,"recordIds":["wattlas-record-gemunit-g100001070866"],"sourceIds":["gem-global-integrated-power-tracker"],"sourceUrl":"https://www.gem.wiki/Romodan_solar_farm","technologies":["solar"],"technologyMixMw":{"solar":20.0},"unitCount":1,"unitIds":["gem-unit-G100001070866"]},"type":"Feature"},{"geometry":{"coordinates":[26.711772,48.791993],"type":"Point"},"id":"wattlas-plant-osm-relation-10073530","properties":{"aliases":["СЕС \"Маків-1\""],"canonicalAnchor":"osm:relation/10073530","canonicalCountryKey":"UA","capacityMw":9.99,"country":"UA","externalIds":{"osm":"relation/10073530"},"geographyId":"UA-14850775B78366470925827","id":"wattlas-plant-osm-relation-10073530","lifecycleCounts":{"operational":1},"locationPrecision":"exact","name":"СЕС \"Маків-1\"","operatingCapacityCoverage":{"coveragePercent":100.0,"knownUnitCount":0,"method":"plant_aggregate","provenance":{"evidenceCount":0,"recordIds":["wattlas-record-osm-relation-10073530"],"sourceIds":["openstreetmap-power"],"sourceTypes":["community_mapped"],"valueKind":"reported"},"totalUnitCount":0},"operatingCapacityMw":9.99,"operatingCapacityMwByTechnology":{"solar":9.99},"plannedCapacityCoverage":{"coveragePercent":0.0,"knownUnitCount":0,"method":"unavailable","totalUnitCount":0},"plannedCapacityMw":0.0,"plannedCapacityMwByTechnology":{},"recordCount":1,"recordIds":["wattlas-record-osm-relation-10073530"],"sourceIds":["openstreetmap-power"],"sourceUrl":"https://www.openstreetmap.org/relation/10073530","technologies":["solar"],"technologyMixMw":{"solar":9.99},"unitCount":0,"unitIds":[]},"type":"Feature"},{"geometry":{"coordinates":[35.757694,48.563668],"type":"Point"},"id":"wattlas-plant-osm-relation-10276163","properties":{"aliases":["СЕС Межиріч"],"canonicalAnchor":"osm:relation/10276163","canonicalCountryKey":"UA","capacityMw":3.556,"country":"UA","externalIds":{"osm":"relation/10276163"},"geographyId":"UA-14850775B41808765507575","id":"wattlas-plant-osm-relation-10276163","lifecycleCounts":{"operational":1},"locationPrecision":"exact","name":"СЕС Межиріч","operatingCapacityCoverage":{"coveragePercent":100.0,"knownUnitCount":0,"method":"plant_aggregate","provenance":{"evidenceCount":0,"recordIds":["wattlas-record-osm-relation-10276163"],"sourceIds":["openstreetmap-power"],"sourceTypes":["community_mapped"],"valueKind":"reported"},"totalUnitCount":0},"operatingCapacityMw":3.556,"operatingCapacityMwByTechnology":{"solar":3.556},"plannedCapacityCoverage":{"coveragePercent":0.0,"knownUnitCount":0,"method":"unavailable","totalUnitCount":0},"plannedCapacityMw":0.0,"plannedCapacityMwByTechnology":{},"recordCount":1,"recordIds":["wattlas-record-osm-relation-10276163"],"sourceIds":["openstreetmap-power"],"sourceUrl":"https://www.openstreetmap.org/relation/10276163","technologies":["solar"],"technologyMixMw":{"solar":3.556},"unitCount":0,"unitIds":[]},"type":"Feature"},{"geometry":{"coordinates":[24.727613,48.866909],"type":"Point"},"id":"wattlas-plant-osm-relation-10945249","properties":{"aliases":["Еней Солар"],"canonicalAnchor":"osm:relation/10945249","canonicalCountryKey":"UA","capacityMw":2.74,"country":"UA","externalIds":{"osm":"relation/10945249"},"geographyId":"UA-14850775B19104561075165","id":"wattlas-plant-osm-relation-10945249","lifecycleCounts":{"operational":1},"locationPrecision":"exact","name":"Еней Солар","operatingCapacityCoverage":{"coveragePercent":100.0,"knownUnitCount":0,"method":"plant_aggregate","provenance":{"evidenceCount":0,"recordIds":["wattlas-record-osm-relation-10945249"],"sourceIds":["openstreetmap-power"],"sourceTypes":["community_mapped"],"valueKind":"reported"},"totalUnitCount":0},"operatingCapacityMw":2.74,"operatingCapacityMwByTechnology":{"solar":2.74},"plannedCapacityCoverage":{"coveragePercent":0.0,"knownUnitCount":0,"method":"unavailable","totalUnitCount":0},"plannedCapacityMw":0.0,"plannedCapacityMwByTechnology":{},"recordCount":1,"recordIds":["wattlas-record-osm-relation-10945249"],"sourceIds":["openstreetmap-power"],"sourceUrl":"https://www.openstreetmap.org/relation/10945249","technologies":["solar"],"technologyMixMw":{"solar":2.74},"unitCount":0,"unitIds":[]},"type":"Feature"},{"geometry":{"coordinates":[24.729801,48.866709],"type":"Point"},"id":"wattlas-plant-osm-relation-11052197","properties":{"aliases":["Селена Солар"],"canonicalAnchor":"osm:relation/11052197","canonicalCountryKey":"UA","capacityMw":2.14,"country":"UA","externalIds":{"osm":"relation/11052197"},"geographyId":"UA-14850775B19104561075165","id":"wattlas-plant-osm-relation-11052197","lifecycleCounts":{"operational":1},"locationPrecision":"exact","name":"Селена Солар","operatingCapacityCoverage":{"coveragePercent":100.0,"knownUnitCount":0,"method":"plant_aggregate","provenance":{"evidenceCount":0,"recordIds":["wattlas-record-osm-relation-11052197"],"sourceIds":["openstreetmap-power"],"sourceTypes":["community_mapped"],"valueKind":"reported"},"totalUnitCount":0},"operatingCapacityMw":2.14,"operatingCapacityMwByTechnology":{"solar":2.14},"plannedCapacityCoverage":{"coveragePercent":0.0,"knownUnitCount":0,"method":"unavailable","totalUnitCount":0},"plannedCapacityMw":0.0,"plannedCapacityMwByTechnology":{},"recordCount":1,"recordIds":["wattlas-record-osm-relation-11052197"],"sourceIds":["openstreetmap-power"],"sourceUrl":"https://www.openstreetmap.org/relation/11052197","technologies":["solar"],"technologyMixMw":{"solar":2.14},"unitCount":0,"unitIds":[]},"type":"Feature"},{"geometry":{"coordinates":[23.466432,49.924796],"type":"Point"},"id":"wattlas-plant-osm-relation-11095807","properties":{"aliases":["Терновицька СЕС"],"canonicalAnchor":"osm:relation/11095807","canonicalCountryKey":"UA","capacityMw":20.0,"country":"UA","externalIds":{"osm":"relation/11095807"},"geographyId":"UA-14850775B26941409899318","id":"wattlas-plant-osm-relation-11095807","lifecycleCounts":{"operational":1},"locationPrecision":"exact","name":"Терновицька СЕС","operatingCapacityCoverage":{"coveragePercent":100.0,"knownUnitCount":0,"method":"plant_aggregate","provenance":{"evidenceCount":0,"recordIds":["wattlas-record-osm-relation-11095807"],"sourceIds":["openstreetmap-power"],"sourceTypes":["community_mapped"],"valueKind":"reported"},"totalUnitCount":0},"operatingCapacityMw":20.0,"operatingCapacityMwByTechnology":{"solar":20.0},"plannedCapacityCoverage":{"coveragePercent":0.0,"knownUnitCount":0,"method":"unavailable","totalUnitCount":0},"plannedCapacityMw":0.0,"plannedCapacityMwByTechnology":{},"recordCount":1,"recordIds":["wattlas-record-osm-relation-11095807"],"sourceIds":["openstreetmap-power"],"sourceUrl":"https://www.openstreetmap.org/relation/11095807","technologies":["solar"],"technologyMixMw":{"solar":20.0},"unitCount":0,"unitIds":[]},"type":"Feature"},{"geometry":{"coordinates":[34.015751,47.229912],"type":"Point"},"id":"wattlas-plant-osm-relation-11733842","properties":{"aliases":["СЕС Мала Лепетиха"],"canonicalAnchor":"osm:relation/11733842","canonicalCountryKey":"UA","capacityMw":5.52,"country":"UA","externalIds":{"osm":"relation/11733842"},"geographyId":"UA-14850775B65901307765467","id":"wattlas-plant-osm-relation-11733842","lifecycleCounts":{"operational":1},"locationPrecision":"exact","name":"СЕС Мала Лепетиха","operatingCapacityCoverage":{"coveragePercent":100.0,"knownUnitCount":0,"method":"plant_aggregate","provenance":{"evidenceCount":0,"recordIds":["wattlas-record-osm-relation-11733842"],"sourceIds":["openstreetmap-power"],"sourceTypes":["community_mapped"],"valueKind":"reported"},"totalUnitCount":0},"operatingCapacityMw":5.52,"operatingCapacityMwByTechnology":{"solar":5.52},"plannedCapacityCoverage":{"coveragePercent":0.0,"knownUnitCount":0,"method":"unavailable","totalUnitCount":0},"plannedCapacityMw":0.0,"plannedCapacityMwByTechnology":{},"recordCount":1,"recordIds":["wattlas-record-osm-relation-11733842"],"sourceIds":["openstreetmap-power"],"sourceUrl":"https://www.openstreetmap.org/relation/11733842","technologies":["solar"],"technologyMixMw":{"solar":5.52},"unitCount":0,"unitIds":[]},"type":"Feature"},{"geometry":{"coordinates":[33.548417,46.142797],"type":"Point"},"id":"wattlas-plant-osm-relation-11734218","properties":{"aliases":["ВЕС Ставки"],"canonicalAnchor":"osm:relation/11734218","canonicalCountryKey":"UA","capacityMw":9.0,"country":"UA","externalIds":{"osm":"relation/11734218"},"geographyId":"UA-14850775B65901307765467","id":"wattlas-plant-osm-relation-11734218","lifecycleCounts":{"operational":1},"locationPrecision":"exact","name":"ВЕС Ставки","operatingCapacityCoverage":{"coveragePercent":100.0,"knownUnitCount":0,"method":"plant_aggregate","provenance":{"evidenceCount":0,"recordIds":["wattlas-record-osm-relation-11734218"],"sourceIds":["openstreetmap-power"],"sourceTypes":["community_mapped"],"valueKind":"reported"},"totalUnitCount":0},"operatingCapacityMw":9.0,"operatingCapacityMwByTechnology":{"wind":9.0},"plannedCapacityCoverage":{"coveragePercent":0.0,"knownUnitCount":0,"method":"unavailable","totalUnitCount":0},"plannedCapacityMw":0.0,"plannedCapacityMwByTechnology":{},"recordCount":1,"recordIds":["wattlas-record-osm-relation-11734218"],"sourceIds":["openstreetmap-power"],"sourceUrl":"https://www.openstreetmap.org/relation/11734218","technologies":["wind"],"technologyMixMw":{"wind":9.0},"unitCount":0,"unitIds":[]},"type":"Feature"},{"geometry":{"coordinates":[32.608673,46.103539],"type":"Point"},"id":"wattlas-plant-osm-relation-11734235","properties":{"aliases":["Новоросійська ВЕС"],"canonicalAnchor":"osm:relation/11734235","canonicalCountryKey":"UA","capacityMw":9.0,"country":"UA","externalIds":{"osm":"relation/11734235"},"geographyId":"UA-14850775B65901307765467","id":"wattlas-plant-osm-relation-11734235","lifecycleCounts":{"operational":1},"locationPrecision":"exact","name":"Новоросійська ВЕС","operatingCapacityCoverage":{"coveragePercent":100.0,"knownUnitCount":0,"method":"plant_aggregate","provenance":{"evidenceCount":0,"recordIds":["wattlas-record-osm-relation-11734235"],"sourceIds":["openstreetmap-power"],"sourceTypes":["community_mapped"],"valueKind":"reported"},"totalUnitCount":0},"operatingCapacityMw":9.0,"operatingCapacityMwByTechnology":{"wind":9.0},"plannedCapacityCoverage":{"coveragePercent":0.0,"knownUnitCount":0,"method":"unavailable","totalUnitCount":0},"plannedCapacityMw":0.0,"plannedCapacityMwByTechnology":{},"recordCount":1,"recordIds":["wattlas-record-osm-relation-11734235"],"sourceIds":["openstreetmap-power"],"sourceUrl":"https://www.openstreetmap.org/relation/11734235","technologies":["wind"],"technologyMixMw":{"wind":9.0},"unitCount":0,"unitIds":[]},"type":"Feature"},{"geometry":{"coordinates":[33.106078,46.137903],"type":"Point"},"id":"wattlas-plant-osm-relation-11734236","properties":{"aliases":["ВЕС Берегова"],"canonicalAnchor":"osm:relation/11734236","canonicalCountryKey":"UA","capacityMw":12.0,"country":"UA","externalIds":{"osm":"relation/11734236"},"geographyId":"UA-14850775B65901307765467","id":"wattlas-plant-osm-relation-11734236","lifecycleCounts":{"operational":1},"locationPrecision":"exact","name":"ВЕС Берегова","operatingCapacityCoverage":{"coveragePercent":100.0,"knownUnitCount":0,"method":"plant_aggregate","provenance":{"evidenceCount":0,"recordIds":["wattlas-record-osm-relation-11734236"],"sourceIds":["openstreetmap-power"],"sourceTypes":["community_mapped"],"valueKind":"reported"},"totalUnitCount":0},"operatingCapacityMw":12.0,"operatingCapacityMwByTechnology":{"wind":12.0},"plannedCapacityCoverage":{"coveragePercent":0.0,"knownUnitCount":0,"method":"unavailable","totalUnitCount":0},"plannedCapacityMw":0.0,"plannedCapacityMwByTechnology":{},"recordCount":1,"recordIds":["wattlas-record-osm-relation-11734236"],"sourceIds":["openstreetmap-power"],"sourceUrl":"https://www.openstreetmap.org/relation/11734236","technologies":["wind"],"technologyMixMw":{"wind":12.0},"unitCount":0,"unitIds":[]},"type":"Feature"},{"geometry":{"coordinates":[36.001778,45.33821],"type":"Point"},"id":"wattlas-plant-osm-relation-11801214","properties":{"aliases":["Останинская ВЭС"],"canonicalAnchor":"osm:relation/11801214","canonicalCountryKey":"UA","capacityMw":25.0,"country":"UA","externalIds":{"osm":"relation/11801214"},"geographyId":"UA-14850775B24260608407062","id":"wattlas-plant-osm-relation-11801214","lifecycleCounts":{"operational":1},"locationPrecision":"exact","name":"Останинская ВЭС","operatingCapacityCoverage":{"coveragePercent":100.0,"knownUnitCount":0,"method":"plant_aggregate","provenance":{"evidenceCount":0,"recordIds":["wattlas-record-osm-relation-11801214"],"sourceIds":["openstreetmap-power"],"sourceTypes":["community_mapped"],"valueKind":"reported"},"totalUnitCount":0},"operatingCapacityMw":25.0,"operatingCapacityMwByTechnology":{"wind":25.0},"plannedCapacityCoverage":{"coveragePercent":0.0,"knownUnitCount":0,"method":"unavailable","totalUnitCount":0},"plannedCapacityMw":0.0,"plannedCapacityMwByTechnology":{},"recordCount":1,"recordIds":["wattlas-record-osm-relation-11801214"],"sourceIds":["openstreetmap-power"],"sourceUrl":"https://www.openstreetmap.org/relation/11801214","technologies":["wind"],"technologyMixMw":{"wind":25.0},"unitCount":0,"unitIds":[]},"type":"Feature"},{"geometry":{"coordinates":[27.828173,48.839767],"type":"Point"},"id":"wattlas-plant-osm-relation-11978749","properties":{"aliases":["ФЕС \"Енергосолар Про\""],"canonicalAnchor":"osm:relation/11978749","canonicalCountryKey":"UA","capacityMw":7.298,"country":"UA","externalIds":{"osm":"relation/11978749"},"geographyId":"UA-14850775B93300237551625","id":"wattlas-plant-osm-relation-11978749","lifecycleCounts":{"operational":1},"locationPrecision":"exact","name":"ФЕС \"Енергосолар Про\"","operatingCapacityCoverage":{"coveragePercent":100.0,"knownUnitCount":0,"method":"plant_aggregate","provenance":{"evidenceCount":0,"recordIds":["wattlas-record-osm-relation-11978749"],"sourceIds":["openstreetmap-power"],"sourceTypes":["community_mapped"],"valueKind":"reported"},"totalUnitCount":0},"operatingCapacityMw":7.298,"operatingCapacityMwByTechnology":{"solar":7.298},"plannedCapacityCoverage":{"coveragePercent":0.0,"knownUnitCount":0,"method":"unavailable","totalUnitCount":0},"plannedCapacityMw":0.0,"plannedCapacityMwByTechnology":{},"recordCount":1,"recordIds":["wattlas-record-osm-relation-11978749"],"sourceIds":["openstreetmap-power"],"sourceUrl":"https://www.openstreetmap.org/relation/11978749","technologies":["solar"],"technologyMixMw":{"solar":7.298},"unitCount":0,"unitIds":[]},"type":"Feature"},{"geometry":{"coordinates":[25.504587,50.740062],"type":"Point"},"id":"wattlas-plant-osm-relation-12076773","properties":{"aliases":["Сонячна електростанція"],"canonicalAnchor":"osm:relation/12076773","canonicalCountryKey":"UA","capacityMw":0.0,"country":"UA","externalIds":{"osm":"relation/12076773"},"geographyId":"UA-14850775B13681962240800","id":"wattlas-plant-osm-relation-12076773","lifecycleCounts":{"operational":1},"locationPrecision":"exact","name":"Сонячна електростанція","operatingCapacityCoverage":{"coveragePercent":0.0,"knownUnitCount":0,"method":"unavailable","totalUnitCount":0},"operatingCapacityMw":0.0,"operatingCapacityMwByTechnology":{},"plannedCapacityCoverage":{"coveragePercent":0.0,"knownUnitCount":0,"method":"unavailable","totalUnitCount":0},"plannedCapacityMw":0.0,"plannedCapacityMwByTechnology":{},"recordCount":1,"recordIds":["wattlas-record-osm-relation-12076773"],"sourceIds":["openstreetmap-power"],"sourceUrl":"https://www.openstreetmap.org/relation/12076773","technologies":["solar"],"technologyMixMw":{"solar":0.0},"unitCount":0,"unitIds":[]},"type":"Feature"},{"geometry":{"coordinates":[25.278416,50.77502],"type":"Point"},"id":"wattlas-plant-osm-relation-12096921","properties":{"aliases":["Сонячна електростанція"],"canonicalAnchor":"osm:relation/12096921","canonicalCountryKey":"UA","capacityMw":0.0,"country":"UA","externalIds":{"osm":"relation/12096921"},"geographyId":"UA-14850775B13681962240800","id":"wattlas-plant-osm-relation-12096921","lifecycleCounts":{"operational":1},"locationPrecision":"exact","name":"Сонячна електростанція","operatingCapacityCoverage":{"coveragePercent":0.0,"knownUnitCount":0,"method":"unavailable","totalUnitCount":0},"operatingCapacityMw":0.0,"operatingCapacityMwByTechnology":{},"plannedCapacityCoverage":{"coveragePercent":0.0,"knownUnitCount":0,"method":"unavailable","totalUnitCount":0},"plannedCapacityMw":0.0,"plannedCapacityMwByTechnology":{},"recordCount":1,"recordIds":["wattlas-record-osm-relation-12096921"],"sourceIds":["openstreetmap-power"],"sourceUrl":"https://www.openstreetmap.org/relation/12096921","technologies":["solar"],"technologyMixMw":{"solar":0.0},"unitCount":0,"unitIds":[]},"type":"Feature"},{"geometry":{"coordinates":[30.455023,47.899751],"type":"Point"},"id":"wattlas-plant-osm-relation-12385321","properties":{"aliases":["СЕС Сирове"],"canonicalAnchor":"osm:relation/12385321","canonicalCountryKey":"UA","capacityMw":8.06,"country":"UA","externalIds":{"osm":"relation/12385321"},"geographyId":"UA-14850775B99856317748721","id":"wattlas-plant-osm-relation-12385321","lifecycleCounts":{"operational":1},"locationPrecision":"exact","name":"СЕС Сирове","operatingCapacityCoverage":{"coveragePercent":100.0,"knownUnitCount":0,"method":"plant_aggregate","provenance":{"evidenceCount":0,"recordIds":["wattlas-record-osm-relation-12385321"],"sourceIds":["openstreetmap-power"],"sourceTypes":["community_mapped"],"valueKind":"reported"},"totalUnitCount":0},"operatingCapacityMw":8.06,"operatingCapacityMwByTechnology":{"solar":8.06},"plannedCapacityCoverage":{"coveragePercent":0.0,"knownUnitCount":0,"method":"unavailable","totalUnitCount":0},"plannedCapacityMw":0.0,"plannedCapacityMwByTechnology":{},"recordCount":1,"recordIds":["wattlas-record-osm-relation-12385321"],"sourceIds":["openstreetmap-power"],"sourceUrl":"https://www.openstreetmap.org/relation/12385321","technologies":["solar"],"technologyMixMw":{"solar":8.06},"unitCount":0,"unitIds":[]},"type":"Feature"},{"geometry":{"coordinates":[28.371173,49.174565],"type":"Point"},"id":"wattlas-plant-osm-relation-12826993","properties":{"aliases":["ФЕС Бохоники"],"canonicalAnchor":"osm:relation/12826993","canonicalCountryKey":"UA","capacityMw":4.9,"country":"UA","externalIds":{"osm":"relation/12826993"},"geographyId":"UA-14850775B93300237551625","id":"wattlas-plant-osm-relation-12826993","lifecycleCounts":{"operational":1},"locationPrecision":"exact","name":"ФЕС Бохоники","operatingCapacityCoverage":{"coveragePercent":100.0,"knownUnitCount":0,"method":"plant_aggregate","provenance":{"evidenceCount":0,"recordIds":["wattlas-record-osm-relation-12826993"],"sourceIds":["openstreetmap-power"],"sourceTypes":["community_mapped"],"valueKind":"reported"},"totalUnitCount":0},"operatingCapacityMw":4.9,"operatingCapacityMwByTechnology":{"solar":4.9},"plannedCapacityCoverage":{"coveragePercent":0.0,"knownUnitCount":0,"method":"unavailable","totalUnitCount":0},"plannedCapacityMw":0.0,"plannedCapacityMwByTechnology":{},"recordCount":1,"recordIds":["wattlas-record-osm-relation-12826993"],"sourceIds":["openstreetmap-power"],"sourceUrl":"https://www.openstreetmap.org/relation/12826993","technologies":["solar"],"technologyMixMw":{"solar":4.9},"unitCount":0,"unitIds":[]},"type":"Feature"},{"geometry":{"coordinates":[25.096487,48.528862],"type":"Point"},"id":"wattlas-plant-osm-relation-13065256","properties":{"aliases":["СЕС Коломия. 1 черга"],"canonicalAnchor":"osm:relation/13065256","canonicalCountryKey":"UA","capacityMw":0.0,"country":"UA","externalIds":{"osm":"relation/13065256"},"geographyId":"UA-14850775B19104561075165","id":"wattlas-plant-osm-relation-13065256","lifecycleCounts":{"operational":1},"locationPrecision":"exact","name":"СЕС Коломия. 1 черга","operatingCapacityCoverage":{"coveragePercent":0.0,"knownUnitCount":0,"method":"unavailable","totalUnitCount":0},"operatingCapacityMw":0.0,"operatingCapacityMwByTechnology":{},"plannedCapacityCoverage":{"coveragePercent":0.0,"knownUnitCount":0,"method":"unavailable","totalUnitCount":0},"plannedCapacityMw":0.0,"plannedCapacityMwByTechnology":{},"recordCount":1,"recordIds":["wattlas-record-osm-relation-13065256"],"sourceIds":["openstreetmap-power"],"sourceUrl":"https://www.openstreetmap.org/relation/13065256","technologies":["solar"],"technologyMixMw":{"solar":0.0},"unitCount":0,"unitIds":[]},"type":"Feature"},{"geometry":{"coordinates":[22.372345,48.696052],"type":"Point"},"id":"wattlas-plant-osm-relation-13138659","properties":{"aliases":["Гута-2"],"canonicalAnchor":"osm:relation/13138659","canonicalCountryKey":"UA","capacityMw":3.0,"country":"UA","externalIds":{"osm":"relation/13138659"},"geographyId":"UA-14850775B82824220650579","id":"wattlas-plant-osm-relation-13138659","lifecycleCounts":{"operational":1},"locationPrecision":"exact","name":"Гута-2","operatingCapacityCoverage":{"coveragePercent":100.0,"knownUnitCount":0,"method":"plant_aggregate","provenance":{"evidenceCount":0,"recordIds":["wattlas-record-osm-relation-13138659"],"sourceIds":["openstreetmap-power"],"sourceTypes":["community_mapped"],"valueKind":"reported"},"totalUnitCount":0},"operatingCapacityMw":3.0,"operatingCapacityMwByTechnology":{"solar":3.0},"plannedCapacityCoverage":{"coveragePercent":0.0,"knownUnitCount":0,"method":"unavailable","totalUnitCount":0},"plannedCapacityMw":0.0,"plannedCapacityMwByTechnology":{},"recordCount":1,"recordIds":["wattlas-record-osm-relation-13138659"],"sourceIds":["openstreetmap-power"],"sourceUrl":"https://www.openstreetmap.org/relation/13138659","technologies":["solar"],"technologyMixMw":{"solar":3.0},"unitCount":0,"unitIds":[]},"type":"Feature"},{"geometry":{"coordinates":[22.371993,48.6979],"type":"Point"},"id":"wattlas-plant-osm-relation-13138660","properties":{"aliases":["Гута-3"],"canonicalAnchor":"osm:relation/13138660","canonicalCountryKey":"UA","capacityMw":5.498,"country":"UA","externalIds":{"osm":"relation/13138660"},"geographyId":"UA-14850775B82824220650579","id":"wattlas-plant-osm-relation-13138660","lifecycleCounts":{"operational":1},"locationPrecision":"exact","name":"Гута-3","operatingCapacityCoverage":{"coveragePercent":100.0,"knownUnitCount":0,"method":"plant_aggregate","provenance":{"evidenceCount":0,"recordIds":["wattlas-record-osm-relation-13138660"],"sourceIds":["openstreetmap-power"],"sourceTypes":["community_mapped"],"valueKind":"reported"},"totalUnitCount":0},"operatingCapacityMw":5.498,"operatingCapacityMwByTechnology":{"solar":5.498},"plannedCapacityCoverage":{"coveragePercent":0.0,"knownUnitCount":0,"method":"unavailable","totalUnitCount":0},"plannedCapacityMw":0.0,"plannedCapacityMwByTechnology":{},"recordCount":1,"recordIds":["wattlas-record-osm-relation-13138660"],"sourceIds":["openstreetmap-power"],"sourceUrl":"https://www.openstreetmap.org/relation/13138660","technologies":["solar"],"technologyMixMw":{"solar":5.498},"unitCount":0,"unitIds":[]},"type":"Feature"},{"geometry":{"coordinates":[30.063772,46.298639],"type":"Point"},"id":"wattlas-plant-osm-relation-14772020","properties":{"aliases":["Дністровська ВЕС"],"canonicalAnchor":"osm:relation/14772020","canonicalCountryKey":"UA","capacityMw":100.0,"country":"UA","externalIds":{"osm":"relation/14772020"},"geographyId":"UA-14850775B53240635394722","id":"wattlas-plant-osm-relation-14772020","lifecycleCounts":{"operational":1},"locationPrecision":"exact","name":"Дністровська ВЕС","operatingCapacityCoverage":{"coveragePercent":100.0,"knownUnitCount":0,"method":"plant_aggregate","provenance":{"evidenceCount":0,"recordIds":["wattlas-record-osm-relation-14772020"],"sourceIds":["openstreetmap-power"],"sourceTypes":["community_mapped"],"valueKind":"reported"},"totalUnitCount":0},"operatingCapacityMw":100.0,"operatingCapacityMwByTechnology":{"wind":100.0},"plannedCapacityCoverage":{"coveragePercent":0.0,"knownUnitCount":0,"method":"unavailable","totalUnitCount":0},"plannedCapacityMw":0.0,"plannedCapacityMwByTechnology":{},"recordCount":1,"recordIds":["wattlas-record-osm-relation-14772020"],"sourceIds":["openstreetmap-power"],"sourceUrl":"https://www.openstreetmap.org/relation/14772020","technologies":["wind"],"technologyMixMw":{"wind":100.0},"unitCount":0,"unitIds":[]},"type":"Feature"},{"geometry":{"coordinates":[28.249058,45.469415],"type":"Point"},"id":"wattlas-plant-osm-relation-15488231","properties":{"aliases":["Лиманська сонячна електростанція"],"canonicalAnchor":"osm:relation/15488231","canonicalCountryKey":"UA","capacityMw":43.4,"country":"UA","externalIds":{"osm":"relation/15488231"},"geographyId":"UA-14850775B53240635394722","id":"wattlas-plant-osm-relation-15488231","lifecycleCounts":{"operational":1},"locationPrecision":"exact","name":"Лиманська сонячна електростанція","operatingCapacityCoverage":{"coveragePercent":100.0,"knownUnitCount":0,"method":"plant_aggregate","provenance":{"evidenceCount":0,"recordIds":["wattlas-record-osm-relation-15488231"],"sourceIds":["openstreetmap-power"],"sourceTypes":["community_mapped"],"valueKind":"reported"},"totalUnitCount":0},"operatingCapacityMw":43.4,"operatingCapacityMwByTechnology":{"solar":43.4},"plannedCapacityCoverage":{"coveragePercent":0.0,"knownUnitCount":0,"method":"unavailable","totalUnitCount":0},"plannedCapacityMw":0.0,"plannedCapacityMwByTechnology":{},"recordCount":1,"recordIds":["wattlas-record-osm-relation-15488231"],"sourceIds":["openstreetmap-power"],"sourceUrl":"https://www.openstreetmap.org/relation/15488231","technologies":["solar"],"technologyMixMw":{"solar":43.4},"unitCount":0,"unitIds":[]},"type":"Feature"},{"geometry":{"coordinates":[32.936275,48.7033],"type":"Point"},"id":"wattlas-plant-osm-relation-17963796","properties":{"aliases":["СЕС Морозівка"],"canonicalAnchor":"osm:relation/17963796","canonicalCountryKey":"UA","capacityMw":91.3,"country":"UA","externalIds":{"osm":"relation/17963796"},"geographyId":"UA-14850775B64193679462794","id":"wattlas-plant-osm-relation-17963796","lifecycleCounts":{"operational":1},"locationPrecision":"exact","name":"СЕС Морозівка","operatingCapacityCoverage":{"coveragePercent":100.0,"knownUnitCount":0,"method":"plant_aggregate","provenance":{"evidenceCount":0,"recordIds":["wattlas-record-osm-relation-17963796"],"sourceIds":["openstreetmap-power"],"sourceTypes":["community_mapped"],"valueKind":"reported"},"totalUnitCount":0},"operatingCapacityMw":91.3,"operatingCapacityMwByTechnology":{"solar":91.3},"plannedCapacityCoverage":{"coveragePercent":0.0,"knownUnitCount":0,"method":"unavailable","totalUnitCount":0},"plannedCapacityMw":0.0,"plannedCapacityMwByTechnology":{},"recordCount":1,"recordIds":["wattlas-record-osm-relation-17963796"],"sourceIds":["openstreetmap-power"],"sourceUrl":"https://www.openstreetmap.org/relation/17963796","technologies":["solar"],"technologyMixMw":{"solar":91.3},"unitCount":0,"unitIds":[]},"type":"Feature"},{"geometry":{"coordinates":[32.690671,48.728849],"type":"Point"},"id":"wattlas-plant-osm-relation-18021605","properties":{"aliases":["БіоТЕС ТДВ \"Колос\""],"canonicalAnchor":"osm:relation/18021605","canonicalCountryKey":"UA","capacityMw":0.0,"country":"UA","externalIds":{"osm":"relation/18021605"},"geographyId":"UA-14850775B64193679462794","id":"wattlas-plant-osm-relation-18021605","lifecycleCounts":{"operational":1},"locationPrecision":"exact","name":"БіоТЕС ТДВ \"Колос\"","operatingCapacityCoverage":{"coveragePercent":0.0,"knownUnitCount":0,"method":"unavailable","totalUnitCount":0},"operatingCapacityMw":0.0,"operatingCapacityMwByTechnology":{},"plannedCapacityCoverage":{"coveragePercent":0.0,"knownUnitCount":0,"method":"unavailable","totalUnitCount":0},"plannedCapacityMw":0.0,"plannedCapacityMwByTechnology":{},"recordCount":1,"recordIds":["wattlas-record-osm-relation-18021605"],"sourceIds":["openstreetmap-power"],"sourceUrl":"https://www.openstreetmap.org/relation/18021605","technologies":["gas"],"technologyMixMw":{"gas":0.0},"unitCount":0,"unitIds":[]},"type":"Feature"},{"geometry":{"coordinates":[28.87351,45.354929],"type":"Point"},"id":"wattlas-plant-osm-relation-18850139","properties":{"aliases":["Гудзовка-Солар-2"],"canonicalAnchor":"osm:relation/18850139","canonicalCountryKey":"UA","capacityMw":12.16,"country":"UA","externalIds":{"osm":"relation/18850139"},"geographyId":"UA-14850775B53240635394722","id":"wattlas-plant-osm-relation-18850139","lifecycleCounts":{"operational":1},"locationPrecision":"exact","name":"Гудзовка-Солар-2","operatingCapacityCoverage":{"coveragePercent":100.0,"knownUnitCount":0,"method":"plant_aggregate","provenance":{"evidenceCount":0,"recordIds":["wattlas-record-osm-relation-18850139"],"sourceIds":["openstreetmap-power"],"sourceTypes":["community_mapped"],"valueKind":"reported"},"totalUnitCount":0},"operatingCapacityMw":12.16,"operatingCapacityMwByTechnology":{"solar":12.16},"plannedCapacityCoverage":{"coveragePercent":0.0,"knownUnitCount":0,"method":"unavailable","totalUnitCount":0},"plannedCapacityMw":0.0,"plannedCapacityMwByTechnology":{},"recordCount":1,"recordIds":["wattlas-record-osm-relation-18850139"],"sourceIds":["openstreetmap-power"],"sourceUrl":"https://www.openstreetmap.org/relation/18850139","technologies":["solar"],"technologyMixMw":{"solar":12.16},"unitCount":0,"unitIds":[]},"type":"Feature"},{"geometry":{"coordinates":[28.869688,45.354818],"type":"Point"},"id":"wattlas-plant-osm-relation-18850141","properties":{"aliases":["Гудзовка-Солар-1"],"canonicalAnchor":"osm:relation/18850141","canonicalCountryKey":"UA","capacityMw":12.16,"country":"UA","externalIds":{"osm":"relation/18850141"},"geographyId":"UA-14850775B53240635394722","id":"wattlas-plant-osm-relation-18850141","lifecycleCounts":{"operational":1},"locationPrecision":"exact","name":"Гудзовка-Солар-1","operatingCapacityCoverage":{"coveragePercent":100.0,"knownUnitCount":0,"method":"plant_aggregate","provenance":{"evidenceCount":0,"recordIds":["wattlas-record-osm-relation-18850141"],"sourceIds":["openstreetmap-power"],"sourceTypes":["community_mapped"],"valueKind":"reported"},"totalUnitCount":0},"operatingCapacityMw":12.16,"operatingCapacityMwByTechnology":{"solar":12.16},"plannedCapacityCoverage":{"coveragePercent":0.0,"knownUnitCount":0,"method":"unavailable","totalUnitCount":0},"plannedCapacityMw":0.0,"plannedCapacityMwByTechnology":{},"recordCount":1,"recordIds":["wattlas-record-osm-relation-18850141"],"sourceIds":["openstreetmap-power"],"sourceUrl":"https://www.openstreetmap.org/relation/18850141","technologies":["solar"],"technologyMixMw":{"solar":12.16},"unitCount":0,"unitIds":[]},"type":"Feature"},{"geometry":{"coordinates":[31.848326,48.417539],"type":"Point"},"id":"wattlas-plant-osm-relation-18993152","properties":{"aliases":["СЕС \"Іванівка-2\""],"canonicalAnchor":"osm:relation/18993152","canonicalCountryKey":"UA","capacityMw":3.078,"country":"UA","externalIds":{"osm":"relation/18993152"},"geographyId":"UA-14850775B64193679462794","id":"wattlas-plant-osm-relation-18993152","lifecycleCounts":{"operational":1},"locationPrecision":"exact","name":"СЕС \"Іванівка-2\"","operatingCapacityCoverage":{"coveragePercent":100.0,"knownUnitCount":0,"method":"plant_aggregate","provenance":{"evidenceCount":0,"recordIds":["wattlas-record-osm-relation-18993152"],"sourceIds":["openstreetmap-power"],"sourceTypes":["community_mapped"],"valueKind":"reported"},"totalUnitCount":0},"operatingCapacityMw":3.078,"operatingCapacityMwByTechnology":{"solar":3.078},"plannedCapacityCoverage":{"coveragePercent":0.0,"knownUnitCount":0,"method":"unavailable","totalUnitCount":0},"plannedCapacityMw":0.0,"plannedCapacityMwByTechnology":{},"recordCount":1,"recordIds":["wattlas-record-osm-relation-18993152"],"sourceIds":["openstreetmap-power"],"sourceUrl":"https://www.openstreetmap.org/relation/18993152","technologies":["solar"],"technologyMixMw":{"solar":3.078},"unitCount":0,"unitIds":[]},"type":"Feature"},{"geometry":{"coordinates":[30.808172,48.68197],"type":"Point"},"id":"wattlas-plant-osm-relation-19394075","properties":{"aliases":["Новоархангельська ГЕС"],"canonicalAnchor":"osm:relation/19394075","canonicalCountryKey":"UA","capacityMw":1.36,"country":"UA","externalIds":{"osm":"relation/19394075"},"geographyId":"UA-14850775B64193679462794","id":"wattlas-plant-osm-relation-19394075","lifecycleCounts":{"operational":1},"locationPrecision":"exact","name":"Новоархангельська ГЕС","operatingCapacityCoverage":{"coveragePercent":100.0,"knownUnitCount":0,"method":"plant_aggregate","provenance":{"evidenceCount":0,"recordIds":["wattlas-record-osm-relation-19394075"],"sourceIds":["openstreetmap-power"],"sourceTypes":["community_mapped"],"valueKind":"reported"},"totalUnitCount":0},"operatingCapacityMw":1.36,"operatingCapacityMwByTechnology":{"hydro":1.36},"plannedCapacityCoverage":{"coveragePercent":0.0,"knownUnitCount":0,"method":"unavailable","totalUnitCount":0},"plannedCapacityMw":0.0,"plannedCapacityMwByTechnology":{},"recordCount":1,"recordIds":["wattlas-record-osm-relation-19394075"],"sourceIds":["openstreetmap-power"],"sourceUrl":"https://www.openstreetmap.org/relation/19394075","technologies":["hydro"],"technologyMixMw":{"hydro":1.36},"unitCount":0,"unitIds":[]},"type":"Feature"},{"geometry":{"coordinates":[30.745434,48.529083],"type":"Point"},"id":"wattlas-plant-osm-relation-19409921","properties":{"aliases":["Тернівська ГЕС"],"canonicalAnchor":"osm:relation/19409921","canonicalCountryKey":"UA","capacityMw":2.04,"country":"UA","externalIds":{"osm":"relation/19409921"},"geographyId":"UA-14850775B64193679462794","id":"wattlas-plant-osm-relation-19409921","lifecycleCounts":{"operational":1},"locationPrecision":"exact","name":"Тернівська ГЕС","operatingCapacityCoverage":{"coveragePercent":100.0,"knownUnitCount":0,"method":"plant_aggregate","provenance":{"evidenceCount":0,"recordIds":["wattlas-record-osm-relation-19409921"],"sourceIds":["openstreetmap-power"],"sourceTypes":["community_mapped"],"valueKind":"reported"},"totalUnitCount":0},"operatingCapacityMw":2.04,"operatingCapacityMwByTechnology":{"hydro":2.04},"plannedCapacityCoverage":{"coveragePercent":0.0,"knownUnitCount":0,"method":"unavailable","totalUnitCount":0},"plannedCapacityMw":0.0,"plannedCapacityMwByTechnology":{},"recordCount":1,"recordIds":["wattlas-record-osm-relation-19409921"],"sourceIds":["openstreetmap-power"],"sourceUrl":"https://www.openstreetmap.org/relation/19409921","technologies":["hydro"],"technologyMixMw":{"hydro":2.04},"unitCount":0,"unitIds":[]},"type":"Feature"},{"geometry":{"coordinates":[30.691827,48.475148],"type":"Point"},"id":"wattlas-plant-osm-relation-19412791","properties":{"aliases":["МГЕС Покотилове"],"canonicalAnchor":"osm:relation/19412791","canonicalCountryKey":"UA","capacityMw":0.0,"country":"UA","externalIds":{"osm":"relation/19412791"},"geographyId":"UA-14850775B64193679462794","id":"wattlas-plant-osm-relation-19412791","lifecycleCounts":{"operational":1},"locationPrecision":"exact","name":"МГЕС Покотилове","operatingCapacityCoverage":{"coveragePercent":0.0,"knownUnitCount":0,"method":"unavailable","totalUnitCount":0},"operatingCapacityMw":0.0,"operatingCapacityMwByTechnology":{},"plannedCapacityCoverage":{"coveragePercent":0.0,"knownUnitCount":0,"method":"unavailable","totalUnitCount":0},"plannedCapacityMw":0.0,"plannedCapacityMwByTechnology":{},"recordCount":1,"recordIds":["wattlas-record-osm-relation-19412791"],"sourceIds":["openstreetmap-power"],"sourceUrl":"https://www.openstreetmap.org/relation/19412791","technologies":["hydro"],"technologyMixMw":{"hydro":0.0},"unitCount":0,"unitIds":[]},"type":"Feature"},{"geometry":{"coordinates":[33.0847,48.717357],"type":"Point"},"id":"wattlas-plant-osm-relation-19443525","properties":{"aliases":["Приютівська СЕС"],"canonicalAnchor":"osm:relation/19443525","canonicalCountryKey":"UA","capacityMw":10.0,"country":"UA","externalIds":{"osm":"relation/19443525"},"geographyId":"UA-14850775B64193679462794","id":"wattlas-plant-osm-relation-19443525","lifecycleCounts":{"operational":1},"locationPrecision":"exact","name":"Приютівська СЕС","operatingCapacityCoverage":{"coveragePercent":100.0,"knownUnitCount":0,"method":"plant_aggregate","provenance":{"evidenceCount":0,"recordIds":["wattlas-record-osm-relation-19443525"],"sourceIds":["openstreetmap-power"],"sourceTypes":["community_mapped"],"valueKind":"reported"},"totalUnitCount":0},"operatingCapacityMw":10.0,"operatingCapacityMwByTechnology":{"other":10.0},"plannedCapacityCoverage":{"coveragePercent":0.0,"knownUnitCount":0,"method":"unavailable","totalUnitCount":0},"plannedCapacityMw":0.0,"plannedCapacityMwByTechnology":{},"recordCount":1,"recordIds":["wattlas-record-osm-relation-19443525"],"sourceIds":["openstreetmap-power"],"sourceUrl":"https://www.openstreetmap.org/relation/19443525","technologies":["other"],"technologyMixMw":{"other":10.0},"unitCount":0,"unitIds":[]},"type":"Feature"},{"geometry":{"coordinates":[31.98838,48.683357],"type":"Point"},"id":"wattlas-plant-osm-relation-19927444","properties":{"aliases":["СЕС \"Могутнє\""],"canonicalAnchor":"osm:relation/19927444","canonicalCountryKey":"UA","capacityMw":1.82,"country":"UA","externalIds":{"osm":"relation/19927444"},"geographyId":"UA-14850775B64193679462794","id":"wattlas-plant-osm-relation-19927444","lifecycleCounts":{"operational":1},"locationPrecision":"exact","name":"СЕС \"Могутнє\"","operatingCapacityCoverage":{"coveragePercent":100.0,"knownUnitCount":0,"method":"plant_aggregate","provenance":{"evidenceCount":0,"recordIds":["wattlas-record-osm-relation-19927444"],"sourceIds":["openstreetmap-power"],"sourceTypes":["community_mapped"],"valueKind":"reported"},"totalUnitCount":0},"operatingCapacityMw":1.82,"operatingCapacityMwByTechnology":{"solar":1.82},"plannedCapacityCoverage":{"coveragePercent":0.0,"knownUnitCount":0,"method":"unavailable","totalUnitCount":0},"plannedCapacityMw":0.0,"plannedCapacityMwByTechnology":{},"recordCount":1,"recordIds":["wattlas-record-osm-relation-19927444"],"sourceIds":["openstreetmap-power"],"sourceUrl":"https://www.openstreetmap.org/relation/19927444","technologies":["solar"],"technologyMixMw":{"solar":1.82},"unitCount":0,"unitIds":[]},"type":"Feature"},{"geometry":{"coordinates":[30.409843,50.434964],"type":"Point"},"id":"wattlas-plant-osm-relation-4064208","properties":{"aliases":["Районна котельня «Відрадний»"],"canonicalAnchor":"osm:relation/4064208","canonicalCountryKey":"UA","capacityMw":0.0,"country":"UA","externalIds":{"osm":"relation/4064208"},"geographyId":"UA-14850775B22712718081002","id":"wattlas-plant-osm-relation-4064208","lifecycleCounts":{"operational":1},"locationPrecision":"exact","name":"Районна котельня «Відрадний»","operatingCapacityCoverage":{"coveragePercent":0.0,"knownUnitCount":0,"method":"unavailable","totalUnitCount":0},"operatingCapacityMw":0.0,"operatingCapacityMwByTechnology":{},"plannedCapacityCoverage":{"coveragePercent":0.0,"knownUnitCount":0,"method":"unavailable","totalUnitCount":0},"plannedCapacityMw":0.0,"plannedCapacityMwByTechnology":{},"recordCount":1,"recordIds":["wattlas-record-osm-relation-4064208"],"sourceIds":["openstreetmap-power"],"sourceUrl":"https://www.openstreetmap.org/relation/4064208","technologies":["other"],"technologyMixMw":{"other":0.0},"unitCount":0,"unitIds":[]},"type":"Feature"},{"geometry":{"coordinates":[36.059699,45.331719],"type":"Point"},"id":"wattlas-plant-osm-relation-4265152","properties":{"aliases":["Пресноводная ВЭС"],"canonicalAnchor":"osm:relation/4265152","canonicalCountryKey":"UA","capacityMw":5.6,"country":"UA","externalIds":{"osm":"relation/4265152"},"geographyId":"UA-14850775B24260608407062","id":"wattlas-plant-osm-relation-4265152","lifecycleCounts":{"operational":1},"locationPrecision":"exact","name":"Пресноводная ВЭС","operatingCapacityCoverage":{"coveragePercent":100.0,"knownUnitCount":0,"method":"plant_aggregate","provenance":{"evidenceCount":0,"recordIds":["wattlas-record-osm-relation-4265152"],"sourceIds":["openstreetmap-power"],"sourceTypes":["community_mapped"],"valueKind":"reported"},"totalUnitCount":0},"operatingCapacityMw":5.6,"operatingCapacityMwByTechnology":{"other":5.6},"plannedCapacityCoverage":{"coveragePercent":0.0,"knownUnitCount":0,"method":"unavailable","totalUnitCount":0},"plannedCapacityMw":0.0,"plannedCapacityMwByTechnology":{},"recordCount":1,"recordIds":["wattlas-record-osm-relation-4265152"],"sourceIds":["openstreetmap-power"],"sourceUrl":"https://www.openstreetmap.org/relation/4265152","technologies":["other"],"technologyMixMw":{"other":5.6},"unitCount":0,"unitIds":[]},"type":"Feature"},{"geometry":{"coordinates":[24.123212,49.460024],"type":"Point"},"id":"wattlas-plant-osm-relation-4863926","properties":{"aliases":["Новороздільська ТЕЦ"],"canonicalAnchor":"osm:relation/4863926","canonicalCountryKey":"UA","capacityMw":36.0,"country":"UA","externalIds":{"osm":"relation/4863926"},"geographyId":"UA-14850775B26941409899318","id":"wattlas-plant-osm-relation-4863926","lifecycleCounts":{"operational":1},"locationPrecision":"exact","name":"Новороздільська ТЕЦ","operatingCapacityCoverage":{"coveragePercent":100.0,"knownUnitCount":0,"method":"plant_aggregate","provenance":{"evidenceCount":0,"recordIds":["wattlas-record-osm-relation-4863926"],"sourceIds":["openstreetmap-power"],"sourceTypes":["community_mapped"],"valueKind":"reported"},"totalUnitCount":0},"operatingCapacityMw":36.0,"operatingCapacityMwByTechnology":{"gas":36.0},"plannedCapacityCoverage":{"coveragePercent":0.0,"knownUnitCount":0,"method":"unavailable","totalUnitCount":0},"plannedCapacityMw":0.0,"plannedCapacityMwByTechnology":{},"recordCount":1,"recordIds":["wattlas-record-osm-relation-4863926"],"sourceIds":["openstreetmap-power"],"sourceUrl":"https://www.openstreetmap.org/relation/4863926","technologies":["gas"],"technologyMixMw":{"gas":36.0},"unitCount":0,"unitIds":[]},"type":"Feature"},{"geometry":{"coordinates":[33.597795,45.286852],"type":"Point"},"id":"wattlas-plant-osm-relation-5441707","properties":{"aliases":["СЭС Охотниково"],"canonicalAnchor":"osm:relation/5441707","canonicalCountryKey":"UA","capacityMw":82.65,"country":"UA","externalIds":{"osm":"relation/5441707"},"geographyId":"UA-14850775B24260608407062","id":"wattlas-plant-osm-relation-5441707","lifecycleCounts":{"operational":1},"locationPrecision":"exact","name":"СЭС Охотниково","operatingCapacityCoverage":{"coveragePercent":100.0,"knownUnitCount":0,"method":"plant_aggregate","provenance":{"evidenceCount":0,"recordIds":["wattlas-record-osm-relation-5441707"],"sourceIds":["openstreetmap-power"],"sourceTypes":["community_mapped"],"valueKind":"reported"},"totalUnitCount":0},"operatingCapacityMw":82.65,"operatingCapacityMwByTechnology":{"solar":82.65},"plannedCapacityCoverage":{"coveragePercent":0.0,"knownUnitCount":0,"method":"unavailable","totalUnitCount":0},"plannedCapacityMw":0.0,"plannedCapacityMwByTechnology":{},"recordCount":1,"recordIds":["wattlas-record-osm-relation-5441707"],"sourceIds":["openstreetmap-power"],"sourceUrl":"https://www.openstreetmap.org/relation/5441707","technologies":["solar"],"technologyMixMw":{"solar":82.65},"unitCount":0,"unitIds":[]},"type":"Feature"},{"geometry":{"coordinates":[28.334005,48.251584],"type":"Point"},"id":"wattlas-plant-osm-relation-5734686","properties":{"aliases":["СЕС \"Пороги\""],"canonicalAnchor":"osm:relation/5734686","canonicalCountryKey":"UA","capacityMw":4.5,"country":"UA","externalIds":{"osm":"relation/5734686"},"geographyId":"UA-14850775B93300237551625","id":"wattlas-plant-osm-relation-5734686","lifecycleCounts":{"operational":1},"locationPrecision":"exact","name":"СЕС \"Пороги\"","operatingCapacityCoverage":{"coveragePercent":100.0,"knownUnitCount":0,"method":"plant_aggregate","provenance":{"evidenceCount":0,"recordIds":["wattlas-record-osm-relation-5734686"],"sourceIds":["openstreetmap-power"],"sourceTypes":["community_mapped"],"valueKind":"reported"},"totalUnitCount":0},"operatingCapacityMw":4.5,"operatingCapacityMwByTechnology":{"solar":4.5},"plannedCapacityCoverage":{"coveragePercent":0.0,"knownUnitCount":0,"method":"unavailable","totalUnitCount":0},"plannedCapacityMw":0.0,"plannedCapacityMwByTechnology":{},"recordCount":1,"recordIds":["wattlas-record-osm-relation-5734686"],"sourceIds":["openstreetmap-power"],"sourceUrl":"https://www.openstreetmap.org/relation/5734686","technologies":["solar"],"technologyMixMw":{"solar":4.5},"unitCount":0,"unitIds":[]},"type":"Feature"},{"geometry":{"coordinates":[35.797195,47.338958],"type":"Point"},"id":"wattlas-plant-osm-relation-6498581","properties":{"aliases":["Токмак Солар Енерджі"],"canonicalAnchor":"osm:relation/6498581","canonicalCountryKey":"UA","capacityMw":10.0,"country":"UA","externalIds":{"osm":"relation/6498581"},"geographyId":"UA-14850775B92888097715572","id":"wattlas-plant-osm-relation-6498581","lifecycleCounts":{"operational":1},"locationPrecision":"exact","name":"Токмак Солар Енерджі","operatingCapacityCoverage":{"coveragePercent":100.0,"knownUnitCount":0,"method":"plant_aggregate","provenance":{"evidenceCount":0,"recordIds":["wattlas-record-osm-relation-6498581"],"sourceIds":["openstreetmap-power"],"sourceTypes":["community_mapped"],"valueKind":"reported"},"totalUnitCount":0},"operatingCapacityMw":10.0,"operatingCapacityMwByTechnology":{"solar":10.0},"plannedCapacityCoverage":{"coveragePercent":0.0,"knownUnitCount":0,"method":"unavailable","totalUnitCount":0},"plannedCapacityMw":0.0,"plannedCapacityMwByTechnology":{},"recordCount":1,"recordIds":["wattlas-record-osm-relation-6498581"],"sourceIds":["openstreetmap-power"],"sourceUrl":"https://www.openstreetmap.org/relation/6498581","technologies":["solar"],"technologyMixMw":{"solar":10.0},"unitCount":0,"unitIds":[]},"type":"Feature"},{"geometry":{"coordinates":[28.47813,49.517591],"type":"Point"},"id":"wattlas-plant-osm-relation-6992608","properties":{"aliases":["ФЕС \"Писарівка-1\""],"canonicalAnchor":"osm:relation/6992608","canonicalCountryKey":"UA","capacityMw":2.5,"country":"UA","externalIds":{"osm":"relation/6992608"},"geographyId":"UA-14850775B93300237551625","id":"wattlas-plant-osm-relation-6992608","lifecycleCounts":{"operational":1},"locationPrecision":"exact","name":"ФЕС \"Писарівка-1\"","operatingCapacityCoverage":{"coveragePercent":100.0,"knownUnitCount":0,"method":"plant_aggregate","provenance":{"evidenceCount":0,"recordIds":["wattlas-record-osm-relation-6992608"],"sourceIds":["openstreetmap-power"],"sourceTypes":["community_mapped"],"valueKind":"reported"},"totalUnitCount":0},"operatingCapacityMw":2.5,"operatingCapacityMwByTechnology":{"solar":2.5},"plannedCapacityCoverage":{"coveragePercent":0.0,"knownUnitCount":0,"method":"unavailable","totalUnitCount":0},"plannedCapacityMw":0.0,"plannedCapacityMwByTechnology":{},"recordCount":1,"recordIds":["wattlas-record-osm-relation-6992608"],"sourceIds":["openstreetmap-power"],"sourceUrl":"https://www.openstreetmap.org/relation/6992608","technologies":["solar"],"technologyMixMw":{"solar":2.5},"unitCount":0,"unitIds":[]},"type":"Feature"},{"geometry":{"coordinates":[24.679221,48.844243],"type":"Point"},"id":"wattlas-plant-osm-relation-7087301","properties":{"aliases":["СЕС «РАДЧА-2»"],"canonicalAnchor":"osm:relation/7087301","canonicalCountryKey":"UA","capacityMw":18.39,"country":"UA","externalIds":{"osm":"relation/7087301"},"geographyId":"UA-14850775B19104561075165","id":"wattlas-plant-osm-relation-7087301","lifecycleCounts":{"operational":1},"locationPrecision":"exact","name":"СЕС «РАДЧА-2»","operatingCapacityCoverage":{"coveragePercent":100.0,"knownUnitCount":0,"method":"plant_aggregate","provenance":{"evidenceCount":0,"recordIds":["wattlas-record-osm-relation-7087301"],"sourceIds":["openstreetmap-power"],"sourceTypes":["community_mapped"],"valueKind":"reported"},"totalUnitCount":0},"operatingCapacityMw":18.39,"operatingCapacityMwByTechnology":{"solar":18.39},"plannedCapacityCoverage":{"coveragePercent":0.0,"knownUnitCount":0,"method":"unavailable","totalUnitCount":0},"plannedCapacityMw":0.0,"plannedCapacityMwByTechnology":{},"recordCount":1,"recordIds":["wattlas-record-osm-relation-7087301"],"sourceIds":["openstreetmap-power"],"sourceUrl":"https://www.openstreetmap.org/relation/7087301","technologies":["solar"],"technologyMixMw":{"solar":18.39},"unitCount":0,"unitIds":[]},"type":"Feature"},{"geometry":{"coordinates":[33.455778,51.885522],"type":"Point"},"id":"wattlas-plant-osm-relation-7478534","properties":{"aliases":["Шосткінська ТЕЦ"],"canonicalAnchor":"osm:relation/7478534","canonicalCountryKey":"UA","capacityMw":115.0,"country":"UA","externalIds":{"osm":"relation/7478534"},"geographyId":"UA-14850775B14512392274127","id":"wattlas-plant-osm-relation-7478534","lifecycleCounts":{"operational":1},"locationPrecision":"exact","name":"Шосткінська ТЕЦ","operatingCapacityCoverage":{"coveragePercent":100.0,"knownUnitCount":0,"method":"plant_aggregate","provenance":{"evidenceCount":0,"recordIds":["wattlas-record-osm-relation-7478534"],"sourceIds":["openstreetmap-power"],"sourceTypes":["community_mapped"],"valueKind":"reported"},"totalUnitCount":0},"operatingCapacityMw":115.0,"operatingCapacityMwByTechnology":{"gas":115.0},"plannedCapacityCoverage":{"coveragePercent":0.0,"knownUnitCount":0,"method":"unavailable","totalUnitCount":0},"plannedCapacityMw":0.0,"plannedCapacityMwByTechnology":{},"recordCount":1,"recordIds":["wattlas-record-osm-relation-7478534"],"sourceIds":["openstreetmap-power"],"sourceUrl":"https://www.openstreetmap.org/relation/7478534","technologies":["gas"],"technologyMixMw":{"gas":115.0},"unitCount":0,"unitIds":[]},"type":"Feature"},{"geometry":{"coordinates":[31.417519,46.86601],"type":"Point"},"id":"wattlas-plant-osm-relation-7588105","properties":{"aliases":["Восход-Солар"],"canonicalAnchor":"osm:relation/7588105","canonicalCountryKey":"UA","capacityMw":52.9,"country":"UA","externalIds":{"osm":"relation/7588105"},"geographyId":"UA-14850775B99856317748721","id":"wattlas-plant-osm-relation-7588105","lifecycleCounts":{"operational":1},"locationPrecision":"exact","name":"Восход-Солар","operatingCapacityCoverage":{"coveragePercent":100.0,"knownUnitCount":0,"method":"plant_aggregate","provenance":{"evidenceCount":0,"recordIds":["wattlas-record-osm-relation-7588105"],"sourceIds":["openstreetmap-power"],"sourceTypes":["community_mapped"],"valueKind":"reported"},"totalUnitCount":0},"operatingCapacityMw":52.9,"operatingCapacityMwByTechnology":{"solar":52.9},"plannedCapacityCoverage":{"coveragePercent":0.0,"knownUnitCount":0,"method":"unavailable","totalUnitCount":0},"plannedCapacityMw":0.0,"plannedCapacityMwByTechnology":{},"recordCount":1,"recordIds":["wattlas-record-osm-relation-7588105"],"sourceIds":["openstreetmap-power"],"sourceUrl":"https://www.openstreetmap.org/relation/7588105","technologies":["solar"],"technologyMixMw":{"solar":52.9},"unitCount":0,"unitIds":[]},"type":"Feature"},{"geometry":{"coordinates":[33.674413,45.236628],"type":"Point"},"id":"wattlas-plant-osm-relation-8480645","properties":{"aliases":["СЭС Митяево"],"canonicalAnchor":"osm:relation/8480645","canonicalCountryKey":"UA","capacityMw":31.55,"country":"UA","externalIds":{"osm":"relation/8480645"},"geographyId":"UA-14850775B24260608407062","id":"wattlas-plant-osm-relation-8480645","lifecycleCounts":{"operational":1},"locationPrecision":"exact","name":"СЭС Митяево","operatingCapacityCoverage":{"coveragePercent":100.0,"knownUnitCount":0,"method":"plant_aggregate","provenance":{"evidenceCount":0,"recordIds":["wattlas-record-osm-relation-8480645"],"sourceIds":["openstreetmap-power"],"sourceTypes":["community_mapped"],"valueKind":"reported"},"totalUnitCount":0},"operatingCapacityMw":31.55,"operatingCapacityMwByTechnology":{"solar":31.55},"plannedCapacityCoverage":{"coveragePercent":0.0,"knownUnitCount":0,"method":"unavailable","totalUnitCount":0},"plannedCapacityMw":0.0,"plannedCapacityMwByTechnology":{},"recordCount":1,"recordIds":["wattlas-record-osm-relation-8480645"],"sourceIds":["openstreetmap-power"],"sourceUrl":"https://www.openstreetmap.org/relation/8480645","technologies":["solar"],"technologyMixMw":{"solar":31.55},"unitCount":0,"unitIds":[]},"type":"Feature"},{"geometry":{"coordinates":[28.083841,48.346464],"type":"Point"},"id":"wattlas-plant-osm-relation-9153084","properties":{"aliases":["ФЕС \"Слобода-Бушанська\""],"canonicalAnchor":"osm:relation/9153084","canonicalCountryKey":"UA","capacityMw":1.875,"country":"UA","externalIds":{"osm":"relation/9153084"},"geographyId":"UA-14850775B93300237551625","id":"wattlas-plant-osm-relation-9153084","lifecycleCounts":{"operational":1},"locationPrecision":"exact","name":"ФЕС \"Слобода-Бушанська\"","operatingCapacityCoverage":{"coveragePercent":100.0,"knownUnitCount":0,"method":"plant_aggregate","provenance":{"evidenceCount":0,"recordIds":["wattlas-record-osm-relation-9153084"],"sourceIds":["openstreetmap-power"],"sourceTypes":["community_mapped"],"valueKind":"reported"},"totalUnitCount":0},"operatingCapacityMw":1.875,"operatingCapacityMwByTechnology":{"solar":1.875},"plannedCapacityCoverage":{"coveragePercent":0.0,"knownUnitCount":0,"method":"unavailable","totalUnitCount":0},"plannedCapacityMw":0.0,"plannedCapacityMwByTechnology":{},"recordCount":1,"recordIds":["wattlas-record-osm-relation-9153084"],"sourceIds":["openstreetmap-power"],"sourceUrl":"https://www.openstreetmap.org/relation/9153084","technologies":["solar"],"technologyMixMw":{"solar":1.875},"unitCount":0,"unitIds":[]},"type":"Feature"},{"geometry":{"coordinates":[31.838541,48.426442],"type":"Point"},"id":"wattlas-plant-osm-relation-9500051","properties":{"aliases":["СЕС \"Іванівка\""],"canonicalAnchor":"osm:relation/9500051","canonicalCountryKey":"UA","capacityMw":1.591,"country":"UA","externalIds":{"osm":"relation/9500051"},"geographyId":"UA-14850775B64193679462794","id":"wattlas-plant-osm-relation-9500051","lifecycleCounts":{"operational":1},"locationPrecision":"exact","name":"СЕС \"Іванівка\"","operatingCapacityCoverage":{"coveragePercent":100.0,"knownUnitCount":0,"method":"plant_aggregate","provenance":{"evidenceCount":0,"recordIds":["wattlas-record-osm-relation-9500051"],"sourceIds":["openstreetmap-power"],"sourceTypes":["community_mapped"],"valueKind":"reported"},"totalUnitCount":0},"operatingCapacityMw":1.591,"operatingCapacityMwByTechnology":{"solar":1.591},"plannedCapacityCoverage":{"coveragePercent":0.0,"knownUnitCount":0,"method":"unavailable","totalUnitCount":0},"plannedCapacityMw":0.0,"plannedCapacityMwByTechnology":{},"recordCount":1,"recordIds":["wattlas-record-osm-relation-9500051"],"sourceIds":["openstreetmap-power"],"sourceUrl":"https://www.openstreetmap.org/relation/9500051","technologies":["solar"],"technologyMixMw":{"solar":1.591},"unitCount":0,"unitIds":[]},"type":"Feature"},{"geometry":{"coordinates":[31.254364,47.701993],"type":"Point"},"id":"wattlas-plant-osm-relation-9684503","properties":{"aliases":["Олександрівська ГЕС"],"canonicalAnchor":"osm:relation/9684503","canonicalCountryKey":"UA","capacityMw":10.5,"country":"UA","externalIds":{"osm":"relation/9684503"},"geographyId":"UA-14850775B99856317748721","id":"wattlas-plant-osm-relation-9684503","lifecycleCounts":{"operational":1},"locationPrecision":"exact","name":"Олександрівська ГЕС","operatingCapacityCoverage":{"coveragePercent":100.0,"knownUnitCount":0,"method":"plant_aggregate","provenance":{"evidenceCount":0,"recordIds":["wattlas-record-osm-relation-9684503"],"sourceIds":["openstreetmap-power"],"sourceTypes":["community_mapped"],"valueKind":"reported"},"totalUnitCount":0},"operatingCapacityMw":10.5,"operatingCapacityMwByTechnology":{"hydro":10.5},"plannedCapacityCoverage":{"coveragePercent":0.0,"knownUnitCount":0,"method":"unavailable","totalUnitCount":0},"plannedCapacityMw":0.0,"plannedCapacityMwByTechnology":{},"recordCount":1,"recordIds":["wattlas-record-osm-relation-9684503"],"sourceIds":["openstreetmap-power"],"sourceUrl":"https://www.openstreetmap.org/relation/9684503","technologies":["hydro"],"technologyMixMw":{"hydro":10.5},"unitCount":0,"unitIds":[]},"type":"Feature"},{"geometry":{"coordinates":[32.229176,48.509028],"type":"Point"},"id":"wattlas-plant-osm-relation-9741782","properties":{"aliases":["ЦТП"],"canonicalAnchor":"osm:relation/9741782","canonicalCountryKey":"UA","capacityMw":0.0,"country":"UA","externalIds":{"osm":"relation/9741782"},"geographyId":"UA-14850775B64193679462794","id":"wattlas-plant-osm-relation-9741782","lifecycleCounts":{"operational":1},"locationPrecision":"exact","name":"ЦТП","operatingCapacityCoverage":{"coveragePercent":0.0,"knownUnitCount":0,"method":"unavailable","totalUnitCount":0},"operatingCapacityMw":0.0,"operatingCapacityMwByTechnology":{},"plannedCapacityCoverage":{"coveragePercent":0.0,"knownUnitCount":0,"method":"unavailable","totalUnitCount":0},"plannedCapacityMw":0.0,"plannedCapacityMwByTechnology":{},"recordCount":1,"recordIds":["wattlas-record-osm-relation-9741782"],"sourceIds":["openstreetmap-power"],"sourceUrl":"https://www.openstreetmap.org/relation/9741782","technologies":["other"],"technologyMixMw":{"other":0.0},"unitCount":0,"unitIds":[]},"type":"Feature"},{"geometry":{"coordinates":[32.217734,48.499075],"type":"Point"},"id":"wattlas-plant-osm-relation-9742117","properties":{"aliases":["Mapped power plant · OSM 9742117"],"canonicalAnchor":"osm:relation/9742117","canonicalCountryKey":"UA","capacityMw":0.0,"country":"UA","externalIds":{"osm":"relation/9742117"},"geographyId":"UA-14850775B64193679462794","id":"wattlas-plant-osm-relation-9742117","lifecycleCounts":{"operational":1},"locationPrecision":"exact","name":"Mapped power plant · OSM 9742117","operatingCapacityCoverage":{"coveragePercent":0.0,"knownUnitCount":0,"method":"unavailable","totalUnitCount":0},"operatingCapacityMw":0.0,"operatingCapacityMwByTechnology":{},"plannedCapacityCoverage":{"coveragePercent":0.0,"knownUnitCount":0,"method":"unavailable","totalUnitCount":0},"plannedCapacityMw":0.0,"plannedCapacityMwByTechnology":{},"recordCount":1,"recordIds":["wattlas-record-osm-relation-9742117"],"sourceIds":["openstreetmap-power"],"sourceUrl":"https://www.openstreetmap.org/relation/9742117","technologies":["other"],"technologyMixMw":{"other":0.0},"unitCount":0,"unitIds":[]},"type":"Feature"},{"geometry":{"coordinates":[32.245456,48.529522],"type":"Point"},"id":"wattlas-plant-osm-relation-9744477","properties":{"aliases":["Кіровоградська ТЕЦ"],"canonicalAnchor":"osm:relation/9744477","canonicalCountryKey":"UA","capacityMw":15.0,"country":"UA","externalIds":{"osm":"relation/9744477"},"geographyId":"UA-14850775B64193679462794","id":"wattlas-plant-osm-relation-9744477","lifecycleCounts":{"operational":1},"locationPrecision":"exact","name":"Кіровоградська ТЕЦ","operatingCapacityCoverage":{"coveragePercent":100.0,"knownUnitCount":0,"method":"plant_aggregate","provenance":{"evidenceCount":0,"recordIds":["wattlas-record-osm-relation-9744477"],"sourceIds":["openstreetmap-power"],"sourceTypes":["community_mapped"],"valueKind":"reported"},"totalUnitCount":0},"operatingCapacityMw":15.0,"operatingCapacityMwByTechnology":{"other":15.0},"plannedCapacityCoverage":{"coveragePercent":0.0,"knownUnitCount":0,"method":"unavailable","totalUnitCount":0},"plannedCapacityMw":0.0,"plannedCapacityMwByTechnology":{},"recordCount":1,"recordIds":["wattlas-record-osm-relation-9744477"],"sourceIds":["openstreetmap-power"],"sourceUrl":"https://www.openstreetmap.org/relation/9744477","technologies":["other"],"technologyMixMw":{"other":15.0},"unitCount":0,"unitIds":[]},"type":"Feature"},{"geometry":{"coordinates":[32.195062,48.520406],"type":"Point"},"id":"wattlas-plant-osm-relation-9765033","properties":{"aliases":["Південно-західна котельня"],"canonicalAnchor":"osm:relation/9765033","canonicalCountryKey":"UA","capacityMw":0.0,"country":"UA","externalIds":{"osm":"relation/9765033"},"geographyId":"UA-14850775B64193679462794","id":"wattlas-plant-osm-relation-9765033","lifecycleCounts":{"operational":1},"locationPrecision":"exact","name":"Південно-західна котельня","operatingCapacityCoverage":{"coveragePercent":0.0,"knownUnitCount":0,"method":"unavailable","totalUnitCount":0},"operatingCapacityMw":0.0,"operatingCapacityMwByTechnology":{},"plannedCapacityCoverage":{"coveragePercent":0.0,"knownUnitCount":0,"method":"unavailable","totalUnitCount":0},"plannedCapacityMw":0.0,"plannedCapacityMwByTechnology":{},"recordCount":1,"recordIds":["wattlas-record-osm-relation-9765033"],"sourceIds":["openstreetmap-power"],"sourceUrl":"https://www.openstreetmap.org/relation/9765033","technologies":["other"],"technologyMixMw":{"other":0.0},"unitCount":0,"unitIds":[]},"type":"Feature"},{"geometry":{"coordinates":[30.446942,50.47994],"type":"Point"},"id":"wattlas-plant-osm-way-100738832","properties":{"aliases":["Mapped power plant · OSM 100738832"],"canonicalAnchor":"osm:way/100738832","canonicalCountryKey":"UA","capacityMw":0.0,"country":"UA","externalIds":{"osm":"way/100738832"},"geographyId":"UA-14850775B22712718081002","id":"wattlas-plant-osm-way-100738832","lifecycleCounts":{"operational":1},"locationPrecision":"exact","name":"Mapped power plant · OSM 100738832","operatingCapacityCoverage":{"coveragePercent":0.0,"knownUnitCount":0,"method":"unavailable","totalUnitCount":0},"operatingCapacityMw":0.0,"operatingCapacityMwByTechnology":{},"plannedCapacityCoverage":{"coveragePercent":0.0,"knownUnitCount":0,"method":"unavailable","totalUnitCount":0},"plannedCapacityMw":0.0,"plannedCapacityMwByTechnology":{},"recordCount":1,"recordIds":["wattlas-record-osm-way-100738832"],"sourceIds":["openstreetmap-power"],"sourceUrl":"https://www.openstreetmap.org/way/100738832","technologies":["other"],"technologyMixMw":{"other":0.0},"unitCount":0,"unitIds":[]},"type":"Feature"},{"geometry":{"coordinates":[25.344516,50.729177],"type":"Point"},"id":"wattlas-plant-osm-way-1011504466","properties":{"aliases":["Сонячна електростанція"],"canonicalAnchor":"osm:way/1011504466","canonicalCountryKey":"UA","capacityMw":0.0,"country":"UA","externalIds":{"osm":"way/1011504466"},"geographyId":"UA-14850775B13681962240800","id":"wattlas-plant-osm-way-1011504466","lifecycleCounts":{"operational":1},"locationPrecision":"exact","name":"Сонячна електростанція","operatingCapacityCoverage":{"coveragePercent":0.0,"knownUnitCount":0,"method":"unavailable","totalUnitCount":0},"operatingCapacityMw":0.0,"operatingCapacityMwByTechnology":{},"plannedCapacityCoverage":{"coveragePercent":0.0,"knownUnitCount":0,"method":"unavailable","totalUnitCount":0},"plannedCapacityMw":0.0,"plannedCapacityMwByTechnology":{},"recordCount":1,"recordIds":["wattlas-record-osm-way-1011504466"],"sourceIds":["openstreetmap-power"],"sourceUrl":"https://www.openstreetmap.org/way/1011504466","technologies":["solar"],"technologyMixMw":{"solar":0.0},"unitCount":0,"unitIds":[]},"type":"Feature"},{"geometry":{"coordinates":[34.58651,49.536557],"type":"Point"},"id":"wattlas-plant-osm-way-1012744913","properties":{"aliases":["МГЕС \"Нижні Млини\""],"canonicalAnchor":"osm:way/1012744913","canonicalCountryKey":"UA","capacityMw":0.0,"country":"UA","externalIds":{"osm":"way/1012744913"},"geographyId":"UA-14850775B18105645488844","id":"wattlas-plant-osm-way-1012744913","lifecycleCounts":{"operational":1},"locationPrecision":"exact","name":"МГЕС \"Нижні Млини\"","operatingCapacityCoverage":{"coveragePercent":0.0,"knownUnitCount":0,"method":"unavailable","totalUnitCount":0},"operatingCapacityMw":0.0,"operatingCapacityMwByTechnology":{},"plannedCapacityCoverage":{"coveragePercent":0.0,"knownUnitCount":0,"method":"unavailable","totalUnitCount":0},"plannedCapacityMw":0.0,"plannedCapacityMwByTechnology":{},"recordCount":1,"recordIds":["wattlas-record-osm-way-1012744913"],"sourceIds":["openstreetmap-power"],"sourceUrl":"https://www.openstreetmap.org/way/1012744913","technologies":["hydro"],"technologyMixMw":{"hydro":0.0},"unitCount":0,"unitIds":[]},"type":"Feature"},{"geometry":{"coordinates":[29.682916,48.484707],"type":"Point"},"id":"wattlas-plant-osm-way-1020373904","properties":{"aliases":["Чернятська ГЕС"],"canonicalAnchor":"osm:way/1020373904","canonicalCountryKey":"UA","capacityMw":0.0,"country":"UA","externalIds":{"osm":"way/1020373904"},"geographyId":"UA-14850775B93300237551625","id":"wattlas-plant-osm-way-1020373904","lifecycleCounts":{"operational":1},"locationPrecision":"exact","name":"Чернятська ГЕС","operatingCapacityCoverage":{"coveragePercent":0.0,"knownUnitCount":0,"method":"unavailable","totalUnitCount":0},"operatingCapacityMw":0.0,"operatingCapacityMwByTechnology":{},"plannedCapacityCoverage":{"coveragePercent":0.0,"knownUnitCount":0,"method":"unavailable","totalUnitCount":0},"plannedCapacityMw":0.0,"plannedCapacityMwByTechnology":{},"recordCount":1,"recordIds":["wattlas-record-osm-way-1020373904"],"sourceIds":["openstreetmap-power"],"sourceUrl":"https://www.openstreetmap.org/way/1020373904","technologies":["hydro"],"technologyMixMw":{"hydro":0.0},"unitCount":0,"unitIds":[]},"type":"Feature"},{"geometry":{"coordinates":[24.483102,49.82667],"type":"Point"},"id":"wattlas-plant-osm-way-1020383105","properties":{"aliases":["Глиняни СЕС"],"canonicalAnchor":"osm:way/1020383105","canonicalCountryKey":"UA","capacityMw":15.7,"country":"UA","externalIds":{"osm":"way/1020383105"},"geographyId":"UA-14850775B26941409899318","id":"wattlas-plant-osm-way-1020383105","lifecycleCounts":{"operational":1},"locationPrecision":"exact","name":"Глиняни СЕС","operatingCapacityCoverage":{"coveragePercent":100.0,"knownUnitCount":0,"method":"plant_aggregate","provenance":{"evidenceCount":0,"recordIds":["wattlas-record-osm-way-1020383105"],"sourceIds":["openstreetmap-power"],"sourceTypes":["community_mapped"],"valueKind":"reported"},"totalUnitCount":0},"operatingCapacityMw":15.7,"operatingCapacityMwByTechnology":{"solar":15.7},"plannedCapacityCoverage":{"coveragePercent":0.0,"knownUnitCount":0,"method":"unavailable","totalUnitCount":0},"plannedCapacityMw":0.0,"plannedCapacityMwByTechnology":{},"recordCount":1,"recordIds":["wattlas-record-osm-way-1020383105"],"sourceIds":["openstreetmap-power"],"sourceUrl":"https://www.openstreetmap.org/way/1020383105","technologies":["solar"],"technologyMixMw":{"solar":15.7},"unitCount":0,"unitIds":[]},"type":"Feature"},{"geometry":{"coordinates":[24.264052,48.754515],"type":"Point"},"id":"wattlas-plant-osm-way-1020672992","properties":{"aliases":["СЕС Луквиця"],"canonicalAnchor":"osm:way/1020672992","canonicalCountryKey":"UA","capacityMw":4.5,"country":"UA","externalIds":{"osm":"way/1020672992"},"geographyId":"UA-14850775B19104561075165","id":"wattlas-plant-osm-way-1020672992","lifecycleCounts":{"operational":1},"locationPrecision":"exact","name":"СЕС Луквиця","operatingCapacityCoverage":{"coveragePercent":100.0,"knownUnitCount":0,"method":"plant_aggregate","provenance":{"evidenceCount":0,"recordIds":["wattlas-record-osm-way-1020672992"],"sourceIds":["openstreetmap-power"],"sourceTypes":["community_mapped"],"valueKind":"reported"},"totalUnitCount":0},"operatingCapacityMw":4.5,"operatingCapacityMwByTechnology":{"solar":4.5},"plannedCapacityCoverage":{"coveragePercent":0.0,"knownUnitCount":0,"method":"unavailable","totalUnitCount":0},"plannedCapacityMw":0.0,"plannedCapacityMwByTechnology":{},"recordCount":1,"recordIds":["wattlas-record-osm-way-1020672992"],"sourceIds":["openstreetmap-power"],"sourceUrl":"https://www.openstreetmap.org/way/1020672992","technologies":["solar"],"technologyMixMw":{"solar":4.5},"unitCount":0,"unitIds":[]},"type":"Feature"},{"geometry":{"coordinates":[24.897633,48.872444],"type":"Point"},"id":"wattlas-plant-osm-way-1020679367","properties":{"aliases":["СЕС Пшеничники"],"canonicalAnchor":"osm:way/1020679367","canonicalCountryKey":"UA","capacityMw":8.32,"country":"UA","externalIds":{"osm":"way/1020679367"},"geographyId":"UA-14850775B19104561075165","id":"wattlas-plant-osm-way-1020679367","lifecycleCounts":{"operational":1},"locationPrecision":"exact","name":"СЕС Пшеничники","operatingCapacityCoverage":{"coveragePercent":100.0,"knownUnitCount":0,"method":"plant_aggregate","provenance":{"evidenceCount":0,"recordIds":["wattlas-record-osm-way-1020679367"],"sourceIds":["openstreetmap-power"],"sourceTypes":["community_mapped"],"valueKind":"reported"},"totalUnitCount":0},"operatingCapacityMw":8.32,"operatingCapacityMwByTechnology":{"solar":8.32},"plannedCapacityCoverage":{"coveragePercent":0.0,"knownUnitCount":0,"method":"unavailable","totalUnitCount":0},"plannedCapacityMw":0.0,"plannedCapacityMwByTechnology":{},"recordCount":1,"recordIds":["wattlas-record-osm-way-1020679367"],"sourceIds":["openstreetmap-power"],"sourceUrl":"https://www.openstreetmap.org/way/1020679367","technologies":["solar"],"technologyMixMw":{"solar":8.32},"unitCount":0,"unitIds":[]},"type":"Feature"},{"geometry":{"coordinates":[26.176545,48.835833],"type":"Point"},"id":"wattlas-plant-osm-way-1020696295","properties":{"aliases":["СЕС Іванків"],"canonicalAnchor":"osm:way/1020696295","canonicalCountryKey":"UA","capacityMw":1.2,"country":"UA","externalIds":{"osm":"way/1020696295"},"geographyId":"UA-14850775B81694531118507","id":"wattlas-plant-osm-way-1020696295","lifecycleCounts":{"operational":1},"locationPrecision":"exact","name":"СЕС Іванків","operatingCapacityCoverage":{"coveragePercent":100.0,"knownUnitCount":0,"method":"plant_aggregate","provenance":{"evidenceCount":0,"recordIds":["wattlas-record-osm-way-1020696295"],"sourceIds":["openstreetmap-power"],"sourceTypes":["community_mapped"],"valueKind":"reported"},"totalUnitCount":0},"operatingCapacityMw":1.2,"operatingCapacityMwByTechnology":{"solar":1.2},"plannedCapacityCoverage":{"coveragePercent":0.0,"knownUnitCount":0,"method":"unavailable","totalUnitCount":0},"plannedCapacityMw":0.0,"plannedCapacityMwByTechnology":{},"recordCount":1,"recordIds":["wattlas-record-osm-way-1020696295"],"sourceIds":["openstreetmap-power"],"sourceUrl":"https://www.openstreetmap.org/way/1020696295","technologies":["solar"],"technologyMixMw":{"solar":1.2},"unitCount":0,"unitIds":[]},"type":"Feature"},{"geometry":{"coordinates":[25.150918,49.105272],"type":"Point"},"id":"wattlas-plant-osm-way-1020702876","properties":{"aliases":["СЕС МЕБ-Галицька"],"canonicalAnchor":"osm:way/1020702876","canonicalCountryKey":"UA","capacityMw":0.0,"country":"UA","externalIds":{"osm":"way/1020702876"},"geographyId":"UA-14850775B81694531118507","id":"wattlas-plant-osm-way-1020702876","lifecycleCounts":{"operational":1},"locationPrecision":"exact","name":"СЕС МЕБ-Галицька","operatingCapacityCoverage":{"coveragePercent":0.0,"knownUnitCount":0,"method":"unavailable","totalUnitCount":0},"operatingCapacityMw":0.0,"operatingCapacityMwByTechnology":{},"plannedCapacityCoverage":{"coveragePercent":0.0,"knownUnitCount":0,"method":"unavailable","totalUnitCount":0},"plannedCapacityMw":0.0,"plannedCapacityMwByTechnology":{},"recordCount":1,"recordIds":["wattlas-record-osm-way-1020702876"],"sourceIds":["openstreetmap-power"],"sourceUrl":"https://www.openstreetmap.org/way/1020702876","technologies":["solar"],"technologyMixMw":{"solar":0.0},"unitCount":0,"unitIds":[]},"type":"Feature"},{"geometry":{"coordinates":[25.207405,49.775601],"type":"Point"},"id":"wattlas-plant-osm-way-1020705780","properties":{"aliases":["СЕС Гукалівці"],"canonicalAnchor":"osm:way/1020705780","canonicalCountryKey":"UA","capacityMw":18.957,"country":"UA","externalIds":{"osm":"way/1020705780"},"geographyId":"UA-14850775B81694531118507","id":"wattlas-plant-osm-way-1020705780","lifecycleCounts":{"operational":1},"locationPrecision":"exact","name":"СЕС Гукалівці","operatingCapacityCoverage":{"coveragePercent":100.0,"knownUnitCount":0,"method":"plant_aggregate","provenance":{"evidenceCount":0,"recordIds":["wattlas-record-osm-way-1020705780"],"sourceIds":["openstreetmap-power"],"sourceTypes":["community_mapped"],"valueKind":"reported"},"totalUnitCount":0},"operatingCapacityMw":18.957,"operatingCapacityMwByTechnology":{"solar":18.957},"plannedCapacityCoverage":{"coveragePercent":0.0,"knownUnitCount":0,"method":"unavailable","totalUnitCount":0},"plannedCapacityMw":0.0,"plannedCapacityMwByTechnology":{},"recordCount":1,"recordIds":["wattlas-record-osm-way-1020705780"],"sourceIds":["openstreetmap-power"],"sourceUrl":"https://www.openstreetmap.org/way/1020705780","technologies":["solar"],"technologyMixMw":{"solar":18.957},"unitCount":0,"unitIds":[]},"type":"Feature"},{"geometry":{"coordinates":[25.248416,49.743827],"type":"Point"},"id":"wattlas-plant-osm-way-1020706317","properties":{"aliases":["Груп-енерго ВЕС"],"canonicalAnchor":"osm:way/1020706317","canonicalCountryKey":"UA","capacityMw":0.0,"country":"UA","externalIds":{"osm":"way/1020706317"},"geographyId":"UA-14850775B81694531118507","id":"wattlas-plant-osm-way-1020706317","lifecycleCounts":{"operational":1},"locationPrecision":"exact","name":"Груп-енерго ВЕС","operatingCapacityCoverage":{"coveragePercent":0.0,"knownUnitCount":0,"method":"unavailable","totalUnitCount":0},"operatingCapacityMw":0.0,"operatingCapacityMwByTechnology":{},"plannedCapacityCoverage":{"coveragePercent":0.0,"knownUnitCount":0,"method":"unavailable","totalUnitCount":0},"plannedCapacityMw":0.0,"plannedCapacityMwByTechnology":{},"recordCount":1,"recordIds":["wattlas-record-osm-way-1020706317"],"sourceIds":["openstreetmap-power"],"sourceUrl":"https://www.openstreetmap.org/way/1020706317","technologies":["wind"],"technologyMixMw":{"wind":0.0},"unitCount":0,"unitIds":[]},"type":"Feature"},{"geometry":{"coordinates":[35.722568,47.278304],"type":"Point"},"id":"wattlas-plant-osm-way-1024101552","properties":{"aliases":["Токмак Солар Енерджі"],"canonicalAnchor":"osm:way/1024101552","canonicalCountryKey":"UA","capacityMw":0.0,"country":"UA","externalIds":{"osm":"way/1024101552"},"geographyId":"UA-14850775B92888097715572","id":"wattlas-plant-osm-way-1024101552","lifecycleCounts":{"operational":1},"locationPrecision":"exact","name":"Токмак Солар Енерджі","operatingCapacityCoverage":{"coveragePercent":0.0,"knownUnitCount":0,"method":"unavailable","totalUnitCount":0},"operatingCapacityMw":0.0,"operatingCapacityMwByTechnology":{},"plannedCapacityCoverage":{"coveragePercent":0.0,"knownUnitCount":0,"method":"unavailable","totalUnitCount":0},"plannedCapacityMw":0.0,"plannedCapacityMwByTechnology":{},"recordCount":1,"recordIds":["wattlas-record-osm-way-1024101552"],"sourceIds":["openstreetmap-power"],"sourceUrl":"https://www.openstreetmap.org/way/1024101552","technologies":["solar"],"technologyMixMw":{"solar":0.0},"unitCount":0,"unitIds":[]},"type":"Feature"},{"geometry":{"coordinates":[24.050636,49.453271],"type":"Point"},"id":"wattlas-plant-osm-way-1027364728","properties":{"aliases":["СЕС Південна"],"canonicalAnchor":"osm:way/1027364728","canonicalCountryKey":"UA","capacityMw":9.95,"country":"UA","externalIds":{"osm":"way/1027364728"},"geographyId":"UA-14850775B26941409899318","id":"wattlas-plant-osm-way-1027364728","lifecycleCounts":{"operational":1},"locationPrecision":"exact","name":"СЕС Південна","operatingCapacityCoverage":{"coveragePercent":100.0,"knownUnitCount":0,"method":"plant_aggregate","provenance":{"evidenceCount":0,"recordIds":["wattlas-record-osm-way-1027364728"],"sourceIds":["openstreetmap-power"],"sourceTypes":["community_mapped"],"valueKind":"reported"},"totalUnitCount":0},"operatingCapacityMw":9.95,"operatingCapacityMwByTechnology":{"solar":9.95},"plannedCapacityCoverage":{"coveragePercent":0.0,"knownUnitCount":0,"method":"unavailable","totalUnitCount":0},"plannedCapacityMw":0.0,"plannedCapacityMwByTechnology":{},"recordCount":1,"recordIds":["wattlas-record-osm-way-1027364728"],"sourceIds":["openstreetmap-power"],"sourceUrl":"https://www.openstreetmap.org/way/1027364728","technologies":["solar"],"technologyMixMw":{"solar":9.95},"unitCount":0,"unitIds":[]},"type":"Feature"},{"geometry":{"coordinates":[24.658456,49.006426],"type":"Point"},"id":"wattlas-plant-osm-way-1027676996","properties":{"aliases":["СЕС Павлівка"],"canonicalAnchor":"osm:way/1027676996","canonicalCountryKey":"UA","capacityMw":5.9,"country":"UA","externalIds":{"osm":"way/1027676996"},"geographyId":"UA-14850775B19104561075165","id":"wattlas-plant-osm-way-1027676996","lifecycleCounts":{"operational":1},"locationPrecision":"exact","name":"СЕС Павлівка","operatingCapacityCoverage":{"coveragePercent":100.0,"knownUnitCount":0,"method":"plant_aggregate","provenance":{"evidenceCount":0,"recordIds":["wattlas-record-osm-way-1027676996"],"sourceIds":["openstreetmap-power"],"sourceTypes":["community_mapped"],"valueKind":"reported"},"totalUnitCount":0},"operatingCapacityMw":5.9,"operatingCapacityMwByTechnology":{"solar":5.9},"plannedCapacityCoverage":{"coveragePercent":0.0,"knownUnitCount":0,"method":"unavailable","totalUnitCount":0},"plannedCapacityMw":0.0,"plannedCapacityMwByTechnology":{},"recordCount":1,"recordIds":["wattlas-record-osm-way-1027676996"],"sourceIds":["openstreetmap-power"],"sourceUrl":"https://www.openstreetmap.org/way/1027676996","technologies":["solar"],"technologyMixMw":{"solar":5.9},"unitCount":0,"unitIds":[]},"type":"Feature"},{"geometry":{"coordinates":[23.121613,49.740609],"type":"Point"},"id":"wattlas-plant-osm-way-1027704326","properties":{"aliases":["СЕС Нагірне"],"canonicalAnchor":"osm:way/1027704326","canonicalCountryKey":"UA","capacityMw":1.8,"country":"UA","externalIds":{"osm":"way/1027704326"},"geographyId":"UA-14850775B26941409899318","id":"wattlas-plant-osm-way-1027704326","lifecycleCounts":{"operational":1},"locationPrecision":"exact","name":"СЕС Нагірне","operatingCapacityCoverage":{"coveragePercent":100.0,"knownUnitCount":0,"method":"plant_aggregate","provenance":{"evidenceCount":0,"recordIds":["wattlas-record-osm-way-1027704326"],"sourceIds":["openstreetmap-power"],"sourceTypes":["community_mapped"],"valueKind":"reported"},"totalUnitCount":0},"operatingCapacityMw":1.8,"operatingCapacityMwByTechnology":{"solar":1.8},"plannedCapacityCoverage":{"coveragePercent":0.0,"knownUnitCount":0,"method":"unavailable","totalUnitCount":0},"plannedCapacityMw":0.0,"plannedCapacityMwByTechnology":{},"recordCount":1,"recordIds":["wattlas-record-osm-way-1027704326"],"sourceIds":["openstreetmap-power"],"sourceUrl":"https://www.openstreetmap.org/way/1027704326","technologies":["solar"],"technologyMixMw":{"solar":1.8},"unitCount":0,"unitIds":[]},"type":"Feature"},{"geometry":{"coordinates":[24.102489,49.313664],"type":"Point"},"id":"wattlas-plant-osm-way-1027710670","properties":{"aliases":["СЕС Лайтдей"],"canonicalAnchor":"osm:way/1027710670","canonicalCountryKey":"UA","capacityMw":2.16,"country":"UA","externalIds":{"osm":"way/1027710670"},"geographyId":"UA-14850775B26941409899318","id":"wattlas-plant-osm-way-1027710670","lifecycleCounts":{"operational":1},"locationPrecision":"exact","name":"СЕС Лайтдей","operatingCapacityCoverage":{"coveragePercent":100.0,"knownUnitCount":0,"method":"plant_aggregate","provenance":{"evidenceCount":0,"recordIds":["wattlas-record-osm-way-1027710670"],"sourceIds":["openstreetmap-power"],"sourceTypes":["community_mapped"],"valueKind":"reported"},"totalUnitCount":0},"operatingCapacityMw":2.16,"operatingCapacityMwByTechnology":{"solar":2.16},"plannedCapacityCoverage":{"coveragePercent":0.0,"knownUnitCount":0,"method":"unavailable","totalUnitCount":0},"plannedCapacityMw":0.0,"plannedCapacityMwByTechnology":{},"recordCount":1,"recordIds":["wattlas-record-osm-way-1027710670"],"sourceIds":["openstreetmap-power"],"sourceUrl":"https://www.openstreetmap.org/way/1027710670","technologies":["solar"],"technologyMixMw":{"solar":2.16},"unitCount":0,"unitIds":[]},"type":"Feature"},{"geometry":{"coordinates":[24.08254,49.466759],"type":"Point"},"id":"wattlas-plant-osm-way-1027713659","properties":{"aliases":["СЕС Північна"],"canonicalAnchor":"osm:way/1027713659","canonicalCountryKey":"UA","capacityMw":9.95,"country":"UA","externalIds":{"osm":"way/1027713659"},"geographyId":"UA-14850775B26941409899318","id":"wattlas-plant-osm-way-1027713659","lifecycleCounts":{"operational":1},"locationPrecision":"exact","name":"СЕС Північна","operatingCapacityCoverage":{"coveragePercent":100.0,"knownUnitCount":0,"method":"plant_aggregate","provenance":{"evidenceCount":0,"recordIds":["wattlas-record-osm-way-1027713659"],"sourceIds":["openstreetmap-power"],"sourceTypes":["community_mapped"],"valueKind":"reported"},"totalUnitCount":0},"operatingCapacityMw":9.95,"operatingCapacityMwByTechnology":{"solar":9.95},"plannedCapacityCoverage":{"coveragePercent":0.0,"knownUnitCount":0,"method":"unavailable","totalUnitCount":0},"plannedCapacityMw":0.0,"plannedCapacityMwByTechnology":{},"recordCount":1,"recordIds":["wattlas-record-osm-way-1027713659"],"sourceIds":["openstreetmap-power"],"sourceUrl":"https://www.openstreetmap.org/way/1027713659","technologies":["solar"],"technologyMixMw":{"solar":9.95},"unitCount":0,"unitIds":[]},"type":"Feature"},{"geometry":{"coordinates":[32.223059,48.508146],"type":"Point"},"id":"wattlas-plant-osm-way-103454222","properties":{"aliases":["Mapped power plant · OSM 103454222"],"canonicalAnchor":"osm:way/103454222","canonicalCountryKey":"UA","capacityMw":0.0,"country":"UA","externalIds":{"osm":"way/103454222"},"geographyId":"UA-14850775B64193679462794","id":"wattlas-plant-osm-way-103454222","lifecycleCounts":{"operational":1},"locationPrecision":"exact","name":"Mapped power plant · OSM 103454222","operatingCapacityCoverage":{"coveragePercent":0.0,"knownUnitCount":0,"method":"unavailable","totalUnitCount":0},"operatingCapacityMw":0.0,"operatingCapacityMwByTechnology":{},"plannedCapacityCoverage":{"coveragePercent":0.0,"knownUnitCount":0,"method":"unavailable","totalUnitCount":0},"plannedCapacityMw":0.0,"plannedCapacityMwByTechnology":{},"recordCount":1,"recordIds":["wattlas-record-osm-way-103454222"],"sourceIds":["openstreetmap-power"],"sourceUrl":"https://www.openstreetmap.org/way/103454222","technologies":["other"],"technologyMixMw":{"other":0.0},"unitCount":0,"unitIds":[]},"type":"Feature"},{"geometry":{"coordinates":[26.337453,51.453633],"type":"Point"},"id":"wattlas-plant-osm-way-1056481911","properties":{"aliases":["Шкільна котельня"],"canonicalAnchor":"osm:way/1056481911","canonicalCountryKey":"UA","capacityMw":0.0,"country":"UA","externalIds":{"osm":"way/1056481911"},"geographyId":"UA-14850775B83802928232754","id":"wattlas-plant-osm-way-1056481911","lifecycleCounts":{"operational":1},"locationPrecision":"exact","name":"Шкільна котельня","operatingCapacityCoverage":{"coveragePercent":0.0,"knownUnitCount":0,"method":"unavailable","totalUnitCount":0},"operatingCapacityMw":0.0,"operatingCapacityMwByTechnology":{},"plannedCapacityCoverage":{"coveragePercent":0.0,"knownUnitCount":0,"method":"unavailable","totalUnitCount":0},"plannedCapacityMw":0.0,"plannedCapacityMwByTechnology":{},"recordCount":1,"recordIds":["wattlas-record-osm-way-1056481911"],"sourceIds":["openstreetmap-power"],"sourceUrl":"https://www.openstreetmap.org/way/1056481911","technologies":["biomass"],"technologyMixMw":{"biomass":0.0},"unitCount":0,"unitIds":[]},"type":"Feature"},{"geometry":{"coordinates":[28.688924,50.230608],"type":"Point"},"id":"wattlas-plant-osm-way-1057552289","properties":{"aliases":["Котельня лікарні"],"canonicalAnchor":"osm:way/1057552289","canonicalCountryKey":"UA","capacityMw":0.0,"country":"UA","externalIds":{"osm":"way/1057552289"},"geographyId":"UA-14850775B79197734087513","id":"wattlas-plant-osm-way-1057552289","lifecycleCounts":{"operational":1},"locationPrecision":"exact","name":"Котельня лікарні","operatingCapacityCoverage":{"coveragePercent":0.0,"knownUnitCount":0,"method":"unavailable","totalUnitCount":0},"operatingCapacityMw":0.0,"operatingCapacityMwByTechnology":{},"plannedCapacityCoverage":{"coveragePercent":0.0,"knownUnitCount":0,"method":"unavailable","totalUnitCount":0},"plannedCapacityMw":0.0,"plannedCapacityMwByTechnology":{},"recordCount":1,"recordIds":["wattlas-record-osm-way-1057552289"],"sourceIds":["openstreetmap-power"],"sourceUrl":"https://www.openstreetmap.org/way/1057552289","technologies":["gas"],"technologyMixMw":{"gas":0.0},"unitCount":0,"unitIds":[]},"type":"Feature"},{"geometry":{"coordinates":[30.88921,50.612306],"type":"Point"},"id":"wattlas-plant-osm-way-1060033303","properties":{"aliases":["Димерська СЕС-2"],"canonicalAnchor":"osm:way/1060033303","canonicalCountryKey":"UA","capacityMw":0.0,"country":"UA","externalIds":{"osm":"way/1060033303"},"geographyId":"UA-14850775B37539954297462","id":"wattlas-plant-osm-way-1060033303","lifecycleCounts":{"operational":1},"locationPrecision":"exact","name":"Димерська СЕС-2","operatingCapacityCoverage":{"coveragePercent":0.0,"knownUnitCount":0,"method":"unavailable","totalUnitCount":0},"operatingCapacityMw":0.0,"operatingCapacityMwByTechnology":{},"plannedCapacityCoverage":{"coveragePercent":0.0,"knownUnitCount":0,"method":"unavailable","totalUnitCount":0},"plannedCapacityMw":0.0,"plannedCapacityMwByTechnology":{},"recordCount":1,"recordIds":["wattlas-record-osm-way-1060033303"],"sourceIds":["openstreetmap-power"],"sourceUrl":"https://www.openstreetmap.org/way/1060033303","technologies":["solar"],"technologyMixMw":{"solar":0.0},"unitCount":0,"unitIds":[]},"type":"Feature"},{"geometry":{"coordinates":[30.884525,50.614514],"type":"Point"},"id":"wattlas-plant-osm-way-1060033304","properties":{"aliases":["Димерська СЕС-3"],"canonicalAnchor":"osm:way/1060033304","canonicalCountryKey":"UA","capacityMw":0.0,"country":"UA","externalIds":{"osm":"way/1060033304"},"geographyId":"UA-14850775B37539954297462","id":"wattlas-plant-osm-way-1060033304","lifecycleCounts":{"operational":1},"locationPrecision":"exact","name":"Димерська СЕС-3","operatingCapacityCoverage":{"coveragePercent":0.0,"knownUnitCount":0,"method":"unavailable","totalUnitCount":0},"operatingCapacityMw":0.0,"operatingCapacityMwByTechnology":{},"plannedCapacityCoverage":{"coveragePercent":0.0,"knownUnitCount":0,"method":"unavailable","totalUnitCount":0},"plannedCapacityMw":0.0,"plannedCapacityMwByTechnology":{},"recordCount":1,"recordIds":["wattlas-record-osm-way-1060033304"],"sourceIds":["openstreetmap-power"],"sourceUrl":"https://www.openstreetmap.org/way/1060033304","technologies":["solar"],"technologyMixMw":{"solar":0.0},"unitCount":0,"unitIds":[]},"type":"Feature"},{"geometry":{"coordinates":[30.877099,50.615607],"type":"Point"},"id":"wattlas-plant-osm-way-1060033305","properties":{"aliases":["Димерська СЕС-4"],"canonicalAnchor":"osm:way/1060033305","canonicalCountryKey":"UA","capacityMw":0.0,"country":"UA","externalIds":{"osm":"way/1060033305"},"geographyId":"UA-14850775B37539954297462","id":"wattlas-plant-osm-way-1060033305","lifecycleCounts":{"operational":1},"locationPrecision":"exact","name":"Димерська СЕС-4","operatingCapacityCoverage":{"coveragePercent":0.0,"knownUnitCount":0,"method":"unavailable","totalUnitCount":0},"operatingCapacityMw":0.0,"operatingCapacityMwByTechnology":{},"plannedCapacityCoverage":{"coveragePercent":0.0,"knownUnitCount":0,"method":"unavailable","totalUnitCount":0},"plannedCapacityMw":0.0,"plannedCapacityMwByTechnology":{},"recordCount":1,"recordIds":["wattlas-record-osm-way-1060033305"],"sourceIds":["openstreetmap-power"],"sourceUrl":"https://www.openstreetmap.org/way/1060033305","technologies":["solar"],"technologyMixMw":{"solar":0.0},"unitCount":0,"unitIds":[]},"type":"Feature"},{"geometry":{"coordinates":[30.018872,49.791043],"type":"Point"},"id":"wattlas-plant-osm-way-1062463160","properties":{"aliases":["Сонячна Електростанція \"Фурси Солар\""],"canonicalAnchor":"osm:way/1062463160","canonicalCountryKey":"UA","capacityMw":0.0,"country":"UA","externalIds":{"osm":"way/1062463160"},"geographyId":"UA-14850775B37539954297462","id":"wattlas-plant-osm-way-1062463160","lifecycleCounts":{"operational":1},"locationPrecision":"exact","name":"Сонячна Електростанція \"Фурси Солар\"","operatingCapacityCoverage":{"coveragePercent":0.0,"knownUnitCount":0,"method":"unavailable","totalUnitCount":0},"operatingCapacityMw":0.0,"operatingCapacityMwByTechnology":{},"plannedCapacityCoverage":{"coveragePercent":0.0,"knownUnitCount":0,"method":"unavailable","totalUnitCount":0},"plannedCapacityMw":0.0,"plannedCapacityMwByTechnology":{},"recordCount":1,"recordIds":["wattlas-record-osm-way-1062463160"],"sourceIds":["openstreetmap-power"],"sourceUrl":"https://www.openstreetmap.org/way/1062463160","technologies":["solar"],"technologyMixMw":{"solar":0.0},"unitCount":0,"unitIds":[]},"type":"Feature"},{"geometry":{"coordinates":[34.369591,48.815638],"type":"Point"},"id":"wattlas-plant-osm-way-1064815641","properties":{"aliases":["СЕС “Катеринівка”"],"canonicalAnchor":"osm:way/1064815641","canonicalCountryKey":"UA","capacityMw":0.0,"country":"UA","externalIds":{"osm":"way/1064815641"},"geographyId":"UA-14850775B41808765507575","id":"wattlas-plant-osm-way-1064815641","lifecycleCounts":{"operational":1},"locationPrecision":"exact","name":"СЕС “Катеринівка”","operatingCapacityCoverage":{"coveragePercent":0.0,"knownUnitCount":0,"method":"unavailable","totalUnitCount":0},"operatingCapacityMw":0.0,"operatingCapacityMwByTechnology":{},"plannedCapacityCoverage":{"coveragePercent":0.0,"knownUnitCount":0,"method":"unavailable","totalUnitCount":0},"plannedCapacityMw":0.0,"plannedCapacityMwByTechnology":{},"recordCount":1,"recordIds":["wattlas-record-osm-way-1064815641"],"sourceIds":["openstreetmap-power"],"sourceUrl":"https://www.openstreetmap.org/way/1064815641","technologies":["solar"],"technologyMixMw":{"solar":0.0},"unitCount":0,"unitIds":[]},"type":"Feature"},{"geometry":{"coordinates":[33.538157,47.494377],"type":"Point"},"id":"wattlas-plant-osm-way-1080580332","properties":{"aliases":["Високопільська СЕС"],"canonicalAnchor":"osm:way/1080580332","canonicalCountryKey":"UA","capacityMw":4.0,"country":"UA","externalIds":{"osm":"way/1080580332"},"geographyId":"UA-14850775B65901307765467","id":"wattlas-plant-osm-way-1080580332","lifecycleCounts":{"operational":1},"locationPrecision":"exact","name":"Високопільська СЕС","operatingCapacityCoverage":{"coveragePercent":100.0,"knownUnitCount":0,"method":"plant_aggregate","provenance":{"evidenceCount":0,"recordIds":["wattlas-record-osm-way-1080580332"],"sourceIds":["openstreetmap-power"],"sourceTypes":["community_mapped"],"valueKind":"reported"},"totalUnitCount":0},"operatingCapacityMw":4.0,"operatingCapacityMwByTechnology":{"solar":4.0},"plannedCapacityCoverage":{"coveragePercent":0.0,"knownUnitCount":0,"method":"unavailable","totalUnitCount":0},"plannedCapacityMw":0.0,"plannedCapacityMwByTechnology":{},"recordCount":1,"recordIds":["wattlas-record-osm-way-1080580332"],"sourceIds":["openstreetmap-power"],"sourceUrl":"https://www.openstreetmap.org/way/1080580332","technologies":["solar"],"technologyMixMw":{"solar":4.0},"unitCount":0,"unitIds":[]},"type":"Feature"},{"geometry":{"coordinates":[22.237148,48.491176],"type":"Point"},"id":"wattlas-plant-osm-way-1093925515","properties":{"aliases":["СЕС Тайглаш 8 черга"],"canonicalAnchor":"osm:way/1093925515","canonicalCountryKey":"UA","capacityMw":2.27,"country":"UA","externalIds":{"osm":"way/1093925515"},"geographyId":"UA-14850775B82824220650579","id":"wattlas-plant-osm-way-1093925515","lifecycleCounts":{"operational":1},"locationPrecision":"exact","name":"СЕС Тайглаш 8 черга","operatingCapacityCoverage":{"coveragePercent":100.0,"knownUnitCount":0,"method":"plant_aggregate","provenance":{"evidenceCount":0,"recordIds":["wattlas-record-osm-way-1093925515"],"sourceIds":["openstreetmap-power"],"sourceTypes":["community_mapped"],"valueKind":"reported"},"totalUnitCount":0},"operatingCapacityMw":2.27,"operatingCapacityMwByTechnology":{"solar":2.27},"plannedCapacityCoverage":{"coveragePercent":0.0,"knownUnitCount":0,"method":"unavailable","totalUnitCount":0},"plannedCapacityMw":0.0,"plannedCapacityMwByTechnology":{},"recordCount":1,"recordIds":["wattlas-record-osm-way-1093925515"],"sourceIds":["openstreetmap-power"],"sourceUrl":"https://www.openstreetmap.org/way/1093925515","technologies":["solar"],"technologyMixMw":{"solar":2.27},"unitCount":0,"unitIds":[]},"type":"Feature"},{"geometry":{"coordinates":[23.17029,48.146471],"type":"Point"},"id":"wattlas-plant-osm-way-1100953646","properties":{"aliases":["СЕС «Веряця»"],"canonicalAnchor":"osm:way/1100953646","canonicalCountryKey":"UA","capacityMw":0.0,"country":"UA","externalIds":{"osm":"way/1100953646"},"geographyId":"UA-14850775B82824220650579","id":"wattlas-plant-osm-way-1100953646","lifecycleCounts":{"operational":1},"locationPrecision":"exact","name":"СЕС «Веряця»","operatingCapacityCoverage":{"coveragePercent":0.0,"knownUnitCount":0,"method":"unavailable","totalUnitCount":0},"operatingCapacityMw":0.0,"operatingCapacityMwByTechnology":{},"plannedCapacityCoverage":{"coveragePercent":0.0,"knownUnitCount":0,"method":"unavailable","totalUnitCount":0},"plannedCapacityMw":0.0,"plannedCapacityMwByTechnology":{},"recordCount":1,"recordIds":["wattlas-record-osm-way-1100953646"],"sourceIds":["openstreetmap-power"],"sourceUrl":"https://www.openstreetmap.org/way/1100953646","technologies":["solar"],"technologyMixMw":{"solar":0.0},"unitCount":0,"unitIds":[]},"type":"Feature"},{"geometry":{"coordinates":[34.827485,47.687182],"type":"Point"},"id":"wattlas-plant-osm-way-1112078021","properties":{"aliases":["Грп"],"canonicalAnchor":"osm:way/1112078021","canonicalCountryKey":"UA","capacityMw":0.0,"country":"UA","externalIds":{"osm":"way/1112078021"},"geographyId":"UA-14850775B41808765507575","id":"wattlas-plant-osm-way-1112078021","lifecycleCounts":{"operational":1},"locationPrecision":"exact","name":"Грп","operatingCapacityCoverage":{"coveragePercent":0.0,"knownUnitCount":0,"method":"unavailable","totalUnitCount":0},"operatingCapacityMw":0.0,"operatingCapacityMwByTechnology":{},"plannedCapacityCoverage":{"coveragePercent":0.0,"knownUnitCount":0,"method":"unavailable","totalUnitCount":0},"plannedCapacityMw":0.0,"plannedCapacityMwByTechnology":{},"recordCount":1,"recordIds":["wattlas-record-osm-way-1112078021"],"sourceIds":["openstreetmap-power"],"sourceUrl":"https://www.openstreetmap.org/way/1112078021","technologies":["gas"],"technologyMixMw":{"gas":0.0},"unitCount":0,"unitIds":[]},"type":"Feature"},{"geometry":{"coordinates":[23.430106,49.308445],"type":"Point"},"id":"wattlas-plant-osm-way-1128460093","properties":{"aliases":["Бориславська СЕС"],"canonicalAnchor":"osm:way/1128460093","canonicalCountryKey":"UA","capacityMw":8.5,"country":"UA","externalIds":{"osm":"way/1128460093"},"geographyId":"UA-14850775B26941409899318","id":"wattlas-plant-osm-way-1128460093","lifecycleCounts":{"operational":1},"locationPrecision":"exact","name":"Бориславська СЕС","operatingCapacityCoverage":{"coveragePercent":100.0,"knownUnitCount":0,"method":"plant_aggregate","provenance":{"evidenceCount":0,"recordIds":["wattlas-record-osm-way-1128460093"],"sourceIds":["openstreetmap-power"],"sourceTypes":["community_mapped"],"valueKind":"reported"},"totalUnitCount":0},"operatingCapacityMw":8.5,"operatingCapacityMwByTechnology":{"solar":8.5},"plannedCapacityCoverage":{"coveragePercent":0.0,"knownUnitCount":0,"method":"unavailable","totalUnitCount":0},"plannedCapacityMw":0.0,"plannedCapacityMwByTechnology":{},"recordCount":1,"recordIds":["wattlas-record-osm-way-1128460093"],"sourceIds":["openstreetmap-power"],"sourceUrl":"https://www.openstreetmap.org/way/1128460093","technologies":["solar"],"technologyMixMw":{"solar":8.5},"unitCount":0,"unitIds":[]},"type":"Feature"},{"geometry":{"coordinates":[30.507002,50.423789],"type":"Point"},"id":"wattlas-plant-osm-way-112979890","properties":{"aliases":["Mapped power plant · OSM 112979890"],"canonicalAnchor":"osm:way/112979890","canonicalCountryKey":"UA","capacityMw":0.0,"country":"UA","externalIds":{"osm":"way/112979890"},"geographyId":"UA-14850775B22712718081002","id":"wattlas-plant-osm-way-112979890","lifecycleCounts":{"operational":1},"locationPrecision":"exact","name":"Mapped power plant · OSM 112979890","operatingCapacityCoverage":{"coveragePercent":0.0,"knownUnitCount":0,"method":"unavailable","totalUnitCount":0},"operatingCapacityMw":0.0,"operatingCapacityMwByTechnology":{},"plannedCapacityCoverage":{"coveragePercent":0.0,"knownUnitCount":0,"method":"unavailable","totalUnitCount":0},"plannedCapacityMw":0.0,"plannedCapacityMwByTechnology":{},"recordCount":1,"recordIds":["wattlas-record-osm-way-112979890"],"sourceIds":["openstreetmap-power"],"sourceUrl":"https://www.openstreetmap.org/way/112979890","technologies":["gas"],"technologyMixMw":{"gas":0.0},"unitCount":0,"unitIds":[]},"type":"Feature"},{"geometry":{"coordinates":[23.044774,48.131891],"type":"Point"},"id":"wattlas-plant-osm-way-1131108444","properties":{"aliases":["СЕС «Виноградів»"],"canonicalAnchor":"osm:way/1131108444","canonicalCountryKey":"UA","capacityMw":0.0,"country":"UA","externalIds":{"osm":"way/1131108444"},"geographyId":"UA-14850775B82824220650579","id":"wattlas-plant-osm-way-1131108444","lifecycleCounts":{"operational":1},"locationPrecision":"exact","name":"СЕС «Виноградів»","operatingCapacityCoverage":{"coveragePercent":0.0,"knownUnitCount":0,"method":"unavailable","totalUnitCount":0},"operatingCapacityMw":0.0,"operatingCapacityMwByTechnology":{},"plannedCapacityCoverage":{"coveragePercent":0.0,"knownUnitCount":0,"method":"unavailable","totalUnitCount":0},"plannedCapacityMw":0.0,"plannedCapacityMwByTechnology":{},"recordCount":1,"recordIds":["wattlas-record-osm-way-1131108444"],"sourceIds":["openstreetmap-power"],"sourceUrl":"https://www.openstreetmap.org/way/1131108444","technologies":["solar"],"technologyMixMw":{"solar":0.0},"unitCount":0,"unitIds":[]},"type":"Feature"},{"geometry":{"coordinates":[30.839449,48.041533],"type":"Point"},"id":"wattlas-plant-osm-way-114389760","properties":{"aliases":["Первомайська ГЕС"],"canonicalAnchor":"osm:way/114389760","canonicalCountryKey":"UA","capacityMw":2.135,"country":"UA","externalIds":{"osm":"way/114389760"},"geographyId":"UA-14850775B99856317748721","id":"wattlas-plant-osm-way-114389760","lifecycleCounts":{"operational":1},"locationPrecision":"exact","name":"Первомайська ГЕС","operatingCapacityCoverage":{"coveragePercent":100.0,"knownUnitCount":0,"method":"plant_aggregate","provenance":{"evidenceCount":0,"recordIds":["wattlas-record-osm-way-114389760"],"sourceIds":["openstreetmap-power"],"sourceTypes":["community_mapped"],"valueKind":"reported"},"totalUnitCount":0},"operatingCapacityMw":2.135,"operatingCapacityMwByTechnology":{"hydro":2.135},"plannedCapacityCoverage":{"coveragePercent":0.0,"knownUnitCount":0,"method":"unavailable","totalUnitCount":0},"plannedCapacityMw":0.0,"plannedCapacityMwByTechnology":{},"recordCount":1,"recordIds":["wattlas-record-osm-way-114389760"],"sourceIds":["openstreetmap-power"],"sourceUrl":"https://www.openstreetmap.org/way/114389760","technologies":["hydro"],"technologyMixMw":{"hydro":2.135},"unitCount":0,"unitIds":[]},"type":"Feature"},{"geometry":{"coordinates":[30.637637,46.309513],"type":"Point"},"id":"wattlas-plant-osm-way-1178016878","properties":{"aliases":["ЧОРНОМОРСЬКА СЕС"],"canonicalAnchor":"osm:way/1178016878","canonicalCountryKey":"UA","capacityMw":0.0,"country":"UA","externalIds":{"osm":"way/1178016878"},"geographyId":"UA-14850775B53240635394722","id":"wattlas-plant-osm-way-1178016878","lifecycleCounts":{"operational":1},"locationPrecision":"exact","name":"ЧОРНОМОРСЬКА СЕС","operatingCapacityCoverage":{"coveragePercent":0.0,"knownUnitCount":0,"method":"unavailable","totalUnitCount":0},"operatingCapacityMw":0.0,"operatingCapacityMwByTechnology":{},"plannedCapacityCoverage":{"coveragePercent":0.0,"knownUnitCount":0,"method":"unavailable","totalUnitCount":0},"plannedCapacityMw":0.0,"plannedCapacityMwByTechnology":{},"recordCount":1,"recordIds":["wattlas-record-osm-way-1178016878"],"sourceIds":["openstreetmap-power"],"sourceUrl":"https://www.openstreetmap.org/way/1178016878","technologies":["solar"],"technologyMixMw":{"solar":0.0},"unitCount":0,"unitIds":[]},"type":"Feature"},{"geometry":{"coordinates":[26.766378,49.134467],"type":"Point"},"id":"wattlas-plant-osm-way-1182209727","properties":{"aliases":["СЕС Ясенівка"],"canonicalAnchor":"osm:way/1182209727","canonicalCountryKey":"UA","capacityMw":0.0,"country":"UA","externalIds":{"osm":"way/1182209727"},"geographyId":"UA-14850775B78366470925827","id":"wattlas-plant-osm-way-1182209727","lifecycleCounts":{"operational":1},"locationPrecision":"exact","name":"СЕС Ясенівка","operatingCapacityCoverage":{"coveragePercent":0.0,"knownUnitCount":0,"method":"unavailable","totalUnitCount":0},"operatingCapacityMw":0.0,"operatingCapacityMwByTechnology":{},"plannedCapacityCoverage":{"coveragePercent":0.0,"knownUnitCount":0,"method":"unavailable","totalUnitCount":0},"plannedCapacityMw":0.0,"plannedCapacityMwByTechnology":{},"recordCount":1,"recordIds":["wattlas-record-osm-way-1182209727"],"sourceIds":["openstreetmap-power"],"sourceUrl":"https://www.openstreetmap.org/way/1182209727","technologies":["solar"],"technologyMixMw":{"solar":0.0},"unitCount":0,"unitIds":[]},"type":"Feature"},{"geometry":{"coordinates":[34.233935,47.09167],"type":"Point"},"id":"wattlas-plant-osm-way-1184225003","properties":{"aliases":["СЕС Миколаївка"],"canonicalAnchor":"osm:way/1184225003","canonicalCountryKey":"UA","capacityMw":5.76,"country":"UA","externalIds":{"osm":"way/1184225003"},"geographyId":"UA-14850775B65901307765467","id":"wattlas-plant-osm-way-1184225003","lifecycleCounts":{"operational":1},"locationPrecision":"exact","name":"СЕС Миколаївка","operatingCapacityCoverage":{"coveragePercent":100.0,"knownUnitCount":0,"method":"plant_aggregate","provenance":{"evidenceCount":0,"recordIds":["wattlas-record-osm-way-1184225003"],"sourceIds":["openstreetmap-power"],"sourceTypes":["community_mapped"],"valueKind":"reported"},"totalUnitCount":0},"operatingCapacityMw":5.76,"operatingCapacityMwByTechnology":{"solar":5.76},"plannedCapacityCoverage":{"coveragePercent":0.0,"knownUnitCount":0,"method":"unavailable","totalUnitCount":0},"plannedCapacityMw":0.0,"plannedCapacityMwByTechnology":{},"recordCount":1,"recordIds":["wattlas-record-osm-way-1184225003"],"sourceIds":["openstreetmap-power"],"sourceUrl":"https://www.openstreetmap.org/way/1184225003","technologies":["solar"],"technologyMixMw":{"solar":5.76},"unitCount":0,"unitIds":[]},"type":"Feature"},{"geometry":{"coordinates":[23.151108,48.15589],"type":"Point"},"id":"wattlas-plant-osm-way-1185866479","properties":{"aliases":["СЕС Королево"],"canonicalAnchor":"osm:way/1185866479","canonicalCountryKey":"UA","capacityMw":0.0,"country":"UA","externalIds":{"osm":"way/1185866479"},"geographyId":"UA-14850775B82824220650579","id":"wattlas-plant-osm-way-1185866479","lifecycleCounts":{"operational":1},"locationPrecision":"exact","name":"СЕС Королево","operatingCapacityCoverage":{"coveragePercent":0.0,"knownUnitCount":0,"method":"unavailable","totalUnitCount":0},"operatingCapacityMw":0.0,"operatingCapacityMwByTechnology":{},"plannedCapacityCoverage":{"coveragePercent":0.0,"knownUnitCount":0,"method":"unavailable","totalUnitCount":0},"plannedCapacityMw":0.0,"plannedCapacityMwByTechnology":{},"recordCount":1,"recordIds":["wattlas-record-osm-way-1185866479"],"sourceIds":["openstreetmap-power"],"sourceUrl":"https://www.openstreetmap.org/way/1185866479","technologies":["solar"],"technologyMixMw":{"solar":0.0},"unitCount":0,"unitIds":[]},"type":"Feature"},{"geometry":{"coordinates":[35.229135,47.308897],"type":"Point"},"id":"wattlas-plant-osm-way-1186193112","properties":{"aliases":["СЕС Станція Солар-Січ"],"canonicalAnchor":"osm:way/1186193112","canonicalCountryKey":"UA","capacityMw":9.99,"country":"UA","externalIds":{"osm":"way/1186193112"},"geographyId":"UA-14850775B92888097715572","id":"wattlas-plant-osm-way-1186193112","lifecycleCounts":{"operational":1},"locationPrecision":"exact","name":"СЕС Станція Солар-Січ","operatingCapacityCoverage":{"coveragePercent":100.0,"knownUnitCount":0,"method":"plant_aggregate","provenance":{"evidenceCount":0,"recordIds":["wattlas-record-osm-way-1186193112"],"sourceIds":["openstreetmap-power"],"sourceTypes":["community_mapped"],"valueKind":"reported"},"totalUnitCount":0},"operatingCapacityMw":9.99,"operatingCapacityMwByTechnology":{"solar":9.99},"plannedCapacityCoverage":{"coveragePercent":0.0,"knownUnitCount":0,"method":"unavailable","totalUnitCount":0},"plannedCapacityMw":0.0,"plannedCapacityMwByTechnology":{},"recordCount":1,"recordIds":["wattlas-record-osm-way-1186193112"],"sourceIds":["openstreetmap-power"],"sourceUrl":"https://www.openstreetmap.org/way/1186193112","technologies":["solar"],"technologyMixMw":{"solar":9.99},"unitCount":0,"unitIds":[]},"type":"Feature"},{"geometry":{"coordinates":[29.414054,49.020113],"type":"Point"},"id":"wattlas-plant-osm-way-1190788570","properties":{"aliases":["СЕС Дашів"],"canonicalAnchor":"osm:way/1190788570","canonicalCountryKey":"UA","capacityMw":10.0,"country":"UA","externalIds":{"osm":"way/1190788570"},"geographyId":"UA-14850775B93300237551625","id":"wattlas-plant-osm-way-1190788570","lifecycleCounts":{"operational":1},"locationPrecision":"exact","name":"СЕС Дашів","operatingCapacityCoverage":{"coveragePercent":100.0,"knownUnitCount":0,"method":"plant_aggregate","provenance":{"evidenceCount":0,"recordIds":["wattlas-record-osm-way-1190788570"],"sourceIds":["openstreetmap-power"],"sourceTypes":["community_mapped"],"valueKind":"reported"},"totalUnitCount":0},"operatingCapacityMw":10.0,"operatingCapacityMwByTechnology":{"solar":10.0},"plannedCapacityCoverage":{"coveragePercent":0.0,"knownUnitCount":0,"method":"unavailable","totalUnitCount":0},"plannedCapacityMw":0.0,"plannedCapacityMwByTechnology":{},"recordCount":1,"recordIds":["wattlas-record-osm-way-1190788570"],"sourceIds":["openstreetmap-power"],"sourceUrl":"https://www.openstreetmap.org/way/1190788570","technologies":["solar"],"technologyMixMw":{"solar":10.0},"unitCount":0,"unitIds":[]},"type":"Feature"},{"geometry":{"coordinates":[31.64931,50.186555],"type":"Point"},"id":"wattlas-plant-osm-way-1197980465","properties":{"aliases":["Студениківська ФЕС"],"canonicalAnchor":"osm:way/1197980465","canonicalCountryKey":"UA","capacityMw":15.0,"country":"UA","externalIds":{"osm":"way/1197980465"},"geographyId":"UA-14850775B37539954297462","id":"wattlas-plant-osm-way-1197980465","lifecycleCounts":{"operational":1},"locationPrecision":"exact","name":"Студениківська ФЕС","operatingCapacityCoverage":{"coveragePercent":100.0,"knownUnitCount":0,"method":"plant_aggregate","provenance":{"evidenceCount":0,"recordIds":["wattlas-record-osm-way-1197980465"],"sourceIds":["openstreetmap-power"],"sourceTypes":["community_mapped"],"valueKind":"reported"},"totalUnitCount":0},"operatingCapacityMw":15.0,"operatingCapacityMwByTechnology":{"solar":15.0},"plannedCapacityCoverage":{"coveragePercent":0.0,"knownUnitCount":0,"method":"unavailable","totalUnitCount":0},"plannedCapacityMw":0.0,"plannedCapacityMwByTechnology":{},"recordCount":1,"recordIds":["wattlas-record-osm-way-1197980465"],"sourceIds":["openstreetmap-power"],"sourceUrl":"https://www.openstreetmap.org/way/1197980465","technologies":["solar"],"technologyMixMw":{"solar":15.0},"unitCount":0,"unitIds":[]},"type":"Feature"},{"geometry":{"coordinates":[31.746484,48.906244],"type":"Point"},"id":"wattlas-plant-osm-way-1203383002","properties":{"aliases":["БіоТЕС АФ Чкалова 1 черга"],"canonicalAnchor":"osm:way/1203383002","canonicalCountryKey":"UA","capacityMw":6.0,"country":"UA","externalIds":{"osm":"way/1203383002"},"geographyId":"UA-14850775B64193679462794","id":"wattlas-plant-osm-way-1203383002","lifecycleCounts":{"operational":1},"locationPrecision":"exact","name":"БіоТЕС АФ Чкалова 1 черга","operatingCapacityCoverage":{"coveragePercent":100.0,"knownUnitCount":0,"method":"plant_aggregate","provenance":{"evidenceCount":0,"recordIds":["wattlas-record-osm-way-1203383002"],"sourceIds":["openstreetmap-power"],"sourceTypes":["community_mapped"],"valueKind":"reported"},"totalUnitCount":0},"operatingCapacityMw":6.0,"operatingCapacityMwByTechnology":{"gas":6.0},"plannedCapacityCoverage":{"coveragePercent":0.0,"knownUnitCount":0,"method":"unavailable","totalUnitCount":0},"plannedCapacityMw":0.0,"plannedCapacityMwByTechnology":{},"recordCount":1,"recordIds":["wattlas-record-osm-way-1203383002"],"sourceIds":["openstreetmap-power"],"sourceUrl":"https://www.openstreetmap.org/way/1203383002","technologies":["gas"],"technologyMixMw":{"gas":6.0},"unitCount":0,"unitIds":[]},"type":"Feature"},{"geometry":{"coordinates":[24.834896,48.919227],"type":"Point"},"id":"wattlas-plant-osm-way-1205044237","properties":{"aliases":["Тисмениця-1"],"canonicalAnchor":"osm:way/1205044237","canonicalCountryKey":"UA","capacityMw":0.0,"country":"UA","externalIds":{"osm":"way/1205044237"},"geographyId":"UA-14850775B19104561075165","id":"wattlas-plant-osm-way-1205044237","lifecycleCounts":{"operational":1},"locationPrecision":"exact","name":"Тисмениця-1","operatingCapacityCoverage":{"coveragePercent":0.0,"knownUnitCount":0,"method":"unavailable","totalUnitCount":0},"operatingCapacityMw":0.0,"operatingCapacityMwByTechnology":{},"plannedCapacityCoverage":{"coveragePercent":0.0,"knownUnitCount":0,"method":"unavailable","totalUnitCount":0},"plannedCapacityMw":0.0,"plannedCapacityMwByTechnology":{},"recordCount":1,"recordIds":["wattlas-record-osm-way-1205044237"],"sourceIds":["openstreetmap-power"],"sourceUrl":"https://www.openstreetmap.org/way/1205044237","technologies":["solar"],"technologyMixMw":{"solar":0.0},"unitCount":0,"unitIds":[]},"type":"Feature"},{"geometry":{"coordinates":[23.915588,48.234547],"type":"Point"},"id":"wattlas-plant-osm-way-1211768009","properties":{"aliases":["Красношурська Міні ГЕС"],"canonicalAnchor":"osm:way/1211768009","canonicalCountryKey":"UA","capacityMw":0.0,"country":"UA","externalIds":{"osm":"way/1211768009"},"geographyId":"UA-14850775B82824220650579","id":"wattlas-plant-osm-way-1211768009","lifecycleCounts":{"operational":1},"locationPrecision":"exact","name":"Красношурська Міні ГЕС","operatingCapacityCoverage":{"coveragePercent":0.0,"knownUnitCount":0,"method":"unavailable","totalUnitCount":0},"operatingCapacityMw":0.0,"operatingCapacityMwByTechnology":{},"plannedCapacityCoverage":{"coveragePercent":0.0,"knownUnitCount":0,"method":"unavailable","totalUnitCount":0},"plannedCapacityMw":0.0,"plannedCapacityMwByTechnology":{},"recordCount":1,"recordIds":["wattlas-record-osm-way-1211768009"],"sourceIds":["openstreetmap-power"],"sourceUrl":"https://www.openstreetmap.org/way/1211768009","technologies":["hydro"],"technologyMixMw":{"hydro":0.0},"unitCount":0,"unitIds":[]},"type":"Feature"},{"geometry":{"coordinates":[23.545235,49.203293],"type":"Point"},"id":"wattlas-plant-osm-way-1252006509","properties":{"aliases":["ТОВ \"Орівська ВЕС\""],"canonicalAnchor":"osm:way/1252006509","canonicalCountryKey":"UA","capacityMw":54.0,"country":"UA","externalIds":{"osm":"way/1252006509"},"geographyId":"UA-14850775B26941409899318","id":"wattlas-plant-osm-way-1252006509","lifecycleCounts":{"operational":1},"locationPrecision":"exact","name":"ТОВ \"Орівська ВЕС\"","operatingCapacityCoverage":{"coveragePercent":100.0,"knownUnitCount":0,"method":"plant_aggregate","provenance":{"evidenceCount":0,"recordIds":["wattlas-record-osm-way-1252006509"],"sourceIds":["openstreetmap-power"],"sourceTypes":["community_mapped"],"valueKind":"reported"},"totalUnitCount":0},"operatingCapacityMw":54.0,"operatingCapacityMwByTechnology":{"wind":54.0},"plannedCapacityCoverage":{"coveragePercent":0.0,"knownUnitCount":0,"method":"unavailable","totalUnitCount":0},"plannedCapacityMw":0.0,"plannedCapacityMwByTechnology":{},"recordCount":1,"recordIds":["wattlas-record-osm-way-1252006509"],"sourceIds":["openstreetmap-power"],"sourceUrl":"https://www.openstreetmap.org/way/1252006509","technologies":["wind"],"technologyMixMw":{"wind":54.0},"unitCount":0,"unitIds":[]},"type":"Feature"},{"geometry":{"coordinates":[26.56026,49.132402],"type":"Point"},"id":"wattlas-plant-osm-way-1254082670","properties":{"aliases":["ШРП"],"canonicalAnchor":"osm:way/1254082670","canonicalCountryKey":"UA","capacityMw":0.0,"country":"UA","externalIds":{"osm":"way/1254082670"},"geographyId":"UA-14850775B78366470925827","id":"wattlas-plant-osm-way-1254082670","lifecycleCounts":{"operational":1},"locationPrecision":"exact","name":"ШРП","operatingCapacityCoverage":{"coveragePercent":0.0,"knownUnitCount":0,"method":"unavailable","totalUnitCount":0},"operatingCapacityMw":0.0,"operatingCapacityMwByTechnology":{},"plannedCapacityCoverage":{"coveragePercent":0.0,"knownUnitCount":0,"method":"unavailable","totalUnitCount":0},"plannedCapacityMw":0.0,"plannedCapacityMwByTechnology":{},"recordCount":1,"recordIds":["wattlas-record-osm-way-1254082670"],"sourceIds":["openstreetmap-power"],"sourceUrl":"https://www.openstreetmap.org/way/1254082670","technologies":["gas"],"technologyMixMw":{"gas":0.0},"unitCount":0,"unitIds":[]},"type":"Feature"},{"geometry":{"coordinates":[26.551836,49.166281],"type":"Point"},"id":"wattlas-plant-osm-way-1258959617","properties":{"aliases":["ШРП"],"canonicalAnchor":"osm:way/1258959617","canonicalCountryKey":"UA","capacityMw":0.0,"country":"UA","externalIds":{"osm":"way/1258959617"},"geographyId":"UA-14850775B78366470925827","id":"wattlas-plant-osm-way-1258959617","lifecycleCounts":{"operational":1},"locationPrecision":"exact","name":"ШРП","operatingCapacityCoverage":{"coveragePercent":0.0,"knownUnitCount":0,"method":"unavailable","totalUnitCount":0},"operatingCapacityMw":0.0,"operatingCapacityMwByTechnology":{},"plannedCapacityCoverage":{"coveragePercent":0.0,"knownUnitCount":0,"method":"unavailable","totalUnitCount":0},"plannedCapacityMw":0.0,"plannedCapacityMwByTechnology":{},"recordCount":1,"recordIds":["wattlas-record-osm-way-1258959617"],"sourceIds":["openstreetmap-power"],"sourceUrl":"https://www.openstreetmap.org/way/1258959617","technologies":["gas"],"technologyMixMw":{"gas":0.0},"unitCount":0,"unitIds":[]},"type":"Feature"},{"geometry":{"coordinates":[26.557035,49.158751],"type":"Point"},"id":"wattlas-plant-osm-way-1258959618","properties":{"aliases":["ШРП"],"canonicalAnchor":"osm:way/1258959618","canonicalCountryKey":"UA","capacityMw":0.0,"country":"UA","externalIds":{"osm":"way/1258959618"},"geographyId":"UA-14850775B78366470925827","id":"wattlas-plant-osm-way-1258959618","lifecycleCounts":{"operational":1},"locationPrecision":"exact","name":"ШРП","operatingCapacityCoverage":{"coveragePercent":0.0,"knownUnitCount":0,"method":"unavailable","totalUnitCount":0},"operatingCapacityMw":0.0,"operatingCapacityMwByTechnology":{},"plannedCapacityCoverage":{"coveragePercent":0.0,"knownUnitCount":0,"method":"unavailable","totalUnitCount":0},"plannedCapacityMw":0.0,"plannedCapacityMwByTechnology":{},"recordCount":1,"recordIds":["wattlas-record-osm-way-1258959618"],"sourceIds":["openstreetmap-power"],"sourceUrl":"https://www.openstreetmap.org/way/1258959618","technologies":["gas"],"technologyMixMw":{"gas":0.0},"unitCount":0,"unitIds":[]},"type":"Feature"},{"geometry":{"coordinates":[26.566695,49.16294],"type":"Point"},"id":"wattlas-plant-osm-way-1258959619","properties":{"aliases":["ШРП"],"canonicalAnchor":"osm:way/1258959619","canonicalCountryKey":"UA","capacityMw":0.0,"country":"UA","externalIds":{"osm":"way/1258959619"},"geographyId":"UA-14850775B78366470925827","id":"wattlas-plant-osm-way-1258959619","lifecycleCounts":{"operational":1},"locationPrecision":"exact","name":"ШРП","operatingCapacityCoverage":{"coveragePercent":0.0,"knownUnitCount":0,"method":"unavailable","totalUnitCount":0},"operatingCapacityMw":0.0,"operatingCapacityMwByTechnology":{},"plannedCapacityCoverage":{"coveragePercent":0.0,"knownUnitCount":0,"method":"unavailable","totalUnitCount":0},"plannedCapacityMw":0.0,"plannedCapacityMwByTechnology":{},"recordCount":1,"recordIds":["wattlas-record-osm-way-1258959619"],"sourceIds":["openstreetmap-power"],"sourceUrl":"https://www.openstreetmap.org/way/1258959619","technologies":["gas"],"technologyMixMw":{"gas":0.0},"unitCount":0,"unitIds":[]},"type":"Feature"},{"geometry":{"coordinates":[26.565827,49.155379],"type":"Point"},"id":"wattlas-plant-osm-way-1258959620","properties":{"aliases":["ГРП"],"canonicalAnchor":"osm:way/1258959620","canonicalCountryKey":"UA","capacityMw":0.0,"country":"UA","externalIds":{"osm":"way/1258959620"},"geographyId":"UA-14850775B78366470925827","id":"wattlas-plant-osm-way-1258959620","lifecycleCounts":{"operational":1},"locationPrecision":"exact","name":"ГРП","operatingCapacityCoverage":{"coveragePercent":0.0,"knownUnitCount":0,"method":"unavailable","totalUnitCount":0},"operatingCapacityMw":0.0,"operatingCapacityMwByTechnology":{},"plannedCapacityCoverage":{"coveragePercent":0.0,"knownUnitCount":0,"method":"unavailable","totalUnitCount":0},"plannedCapacityMw":0.0,"plannedCapacityMwByTechnology":{},"recordCount":1,"recordIds":["wattlas-record-osm-way-1258959620"],"sourceIds":["openstreetmap-power"],"sourceUrl":"https://www.openstreetmap.org/way/1258959620","technologies":["gas"],"technologyMixMw":{"gas":0.0},"unitCount":0,"unitIds":[]},"type":"Feature"},{"geometry":{"coordinates":[26.565622,49.153053],"type":"Point"},"id":"wattlas-plant-osm-way-1258959621","properties":{"aliases":["ШРП"],"canonicalAnchor":"osm:way/1258959621","canonicalCountryKey":"UA","capacityMw":0.0,"country":"UA","externalIds":{"osm":"way/1258959621"},"geographyId":"UA-14850775B78366470925827","id":"wattlas-plant-osm-way-1258959621","lifecycleCounts":{"operational":1},"locationPrecision":"exact","name":"ШРП","operatingCapacityCoverage":{"coveragePercent":0.0,"knownUnitCount":0,"method":"unavailable","totalUnitCount":0},"operatingCapacityMw":0.0,"operatingCapacityMwByTechnology":{},"plannedCapacityCoverage":{"coveragePercent":0.0,"knownUnitCount":0,"method":"unavailable","totalUnitCount":0},"plannedCapacityMw":0.0,"plannedCapacityMwByTechnology":{},"recordCount":1,"recordIds":["wattlas-record-osm-way-1258959621"],"sourceIds":["openstreetmap-power"],"sourceUrl":"https://www.openstreetmap.org/way/1258959621","technologies":["gas"],"technologyMixMw":{"gas":0.0},"unitCount":0,"unitIds":[]},"type":"Feature"},{"geometry":{"coordinates":[26.565979,49.15103],"type":"Point"},"id":"wattlas-plant-osm-way-1258959622","properties":{"aliases":["ШРП"],"canonicalAnchor":"osm:way/1258959622","canonicalCountryKey":"UA","capacityMw":0.0,"country":"UA","externalIds":{"osm":"way/1258959622"},"geographyId":"UA-14850775B78366470925827","id":"wattlas-plant-osm-way-1258959622","lifecycleCounts":{"operational":1},"locationPrecision":"exact","name":"ШРП","operatingCapacityCoverage":{"coveragePercent":0.0,"knownUnitCount":0,"method":"unavailable","totalUnitCount":0},"operatingCapacityMw":0.0,"operatingCapacityMwByTechnology":{},"plannedCapacityCoverage":{"coveragePercent":0.0,"knownUnitCount":0,"method":"unavailable","totalUnitCount":0},"plannedCapacityMw":0.0,"plannedCapacityMwByTechnology":{},"recordCount":1,"recordIds":["wattlas-record-osm-way-1258959622"],"sourceIds":["openstreetmap-power"],"sourceUrl":"https://www.openstreetmap.org/way/1258959622","technologies":["gas"],"technologyMixMw":{"gas":0.0},"unitCount":0,"unitIds":[]},"type":"Feature"},{"geometry":{"coordinates":[26.566313,49.149207],"type":"Point"},"id":"wattlas-plant-osm-way-1258959623","properties":{"aliases":["ШРП"],"canonicalAnchor":"osm:way/1258959623","canonicalCountryKey":"UA","capacityMw":0.0,"country":"UA","externalIds":{"osm":"way/1258959623"},"geographyId":"UA-14850775B78366470925827","id":"wattlas-plant-osm-way-1258959623","lifecycleCounts":{"operational":1},"locationPrecision":"exact","name":"ШРП","operatingCapacityCoverage":{"coveragePercent":0.0,"knownUnitCount":0,"method":"unavailable","totalUnitCount":0},"operatingCapacityMw":0.0,"operatingCapacityMwByTechnology":{},"plannedCapacityCoverage":{"coveragePercent":0.0,"knownUnitCount":0,"method":"unavailable","totalUnitCount":0},"plannedCapacityMw":0.0,"plannedCapacityMwByTechnology":{},"recordCount":1,"recordIds":["wattlas-record-osm-way-1258959623"],"sourceIds":["openstreetmap-power"],"sourceUrl":"https://www.openstreetmap.org/way/1258959623","technologies":["gas"],"technologyMixMw":{"gas":0.0},"unitCount":0,"unitIds":[]},"type":"Feature"},{"geometry":{"coordinates":[26.569431,49.164963],"type":"Point"},"id":"wattlas-plant-osm-way-1258959624","properties":{"aliases":["ШРП"],"canonicalAnchor":"osm:way/1258959624","canonicalCountryKey":"UA","capacityMw":0.0,"country":"UA","externalIds":{"osm":"way/1258959624"},"geographyId":"UA-14850775B78366470925827","id":"wattlas-plant-osm-way-1258959624","lifecycleCounts":{"operational":1},"locationPrecision":"exact","name":"ШРП","operatingCapacityCoverage":{"coveragePercent":0.0,"knownUnitCount":0,"method":"unavailable","totalUnitCount":0},"operatingCapacityMw":0.0,"operatingCapacityMwByTechnology":{},"plannedCapacityCoverage":{"coveragePercent":0.0,"knownUnitCount":0,"method":"unavailable","totalUnitCount":0},"plannedCapacityMw":0.0,"plannedCapacityMwByTechnology":{},"recordCount":1,"recordIds":["wattlas-record-osm-way-1258959624"],"sourceIds":["openstreetmap-power"],"sourceUrl":"https://www.openstreetmap.org/way/1258959624","technologies":["gas"],"technologyMixMw":{"gas":0.0},"unitCount":0,"unitIds":[]},"type":"Feature"},{"geometry":{"coordinates":[26.568666,49.166433],"type":"Point"},"id":"wattlas-plant-osm-way-1258960617","properties":{"aliases":["ШРП"],"canonicalAnchor":"osm:way/1258960617","canonicalCountryKey":"UA","capacityMw":0.0,"country":"UA","externalIds":{"osm":"way/1258960617"},"geographyId":"UA-14850775B78366470925827","id":"wattlas-plant-osm-way-1258960617","lifecycleCounts":{"operational":1},"locationPrecision":"exact","name":"ШРП","operatingCapacityCoverage":{"coveragePercent":0.0,"knownUnitCount":0,"method":"unavailable","totalUnitCount":0},"operatingCapacityMw":0.0,"operatingCapacityMwByTechnology":{},"plannedCapacityCoverage":{"coveragePercent":0.0,"knownUnitCount":0,"method":"unavailable","totalUnitCount":0},"plannedCapacityMw":0.0,"plannedCapacityMwByTechnology":{},"recordCount":1,"recordIds":["wattlas-record-osm-way-1258960617"],"sourceIds":["openstreetmap-power"],"sourceUrl":"https://www.openstreetmap.org/way/1258960617","technologies":["gas"],"technologyMixMw":{"gas":0.0},"unitCount":0,"unitIds":[]},"type":"Feature"},{"geometry":{"coordinates":[26.569227,49.166114],"type":"Point"},"id":"wattlas-plant-osm-way-1258960619","properties":{"aliases":["ШРП"],"canonicalAnchor":"osm:way/1258960619","canonicalCountryKey":"UA","capacityMw":0.0,"country":"UA","externalIds":{"osm":"way/1258960619"},"geographyId":"UA-14850775B78366470925827","id":"wattlas-plant-osm-way-1258960619","lifecycleCounts":{"operational":1},"locationPrecision":"exact","name":"ШРП","operatingCapacityCoverage":{"coveragePercent":0.0,"knownUnitCount":0,"method":"unavailable","totalUnitCount":0},"operatingCapacityMw":0.0,"operatingCapacityMwByTechnology":{},"plannedCapacityCoverage":{"coveragePercent":0.0,"knownUnitCount":0,"method":"unavailable","totalUnitCount":0},"plannedCapacityMw":0.0,"plannedCapacityMwByTechnology":{},"recordCount":1,"recordIds":["wattlas-record-osm-way-1258960619"],"sourceIds":["openstreetmap-power"],"sourceUrl":"https://www.openstreetmap.org/way/1258960619","technologies":["gas"],"technologyMixMw":{"gas":0.0},"unitCount":0,"unitIds":[]},"type":"Feature"},{"geometry":{"coordinates":[26.570362,49.167052],"type":"Point"},"id":"wattlas-plant-osm-way-1258965314","properties":{"aliases":["ШРП"],"canonicalAnchor":"osm:way/1258965314","canonicalCountryKey":"UA","capacityMw":0.0,"country":"UA","externalIds":{"osm":"way/1258965314"},"geographyId":"UA-14850775B78366470925827","id":"wattlas-plant-osm-way-1258965314","lifecycleCounts":{"operational":1},"locationPrecision":"exact","name":"ШРП","operatingCapacityCoverage":{"coveragePercent":0.0,"knownUnitCount":0,"method":"unavailable","totalUnitCount":0},"operatingCapacityMw":0.0,"operatingCapacityMwByTechnology":{},"plannedCapacityCoverage":{"coveragePercent":0.0,"knownUnitCount":0,"method":"unavailable","totalUnitCount":0},"plannedCapacityMw":0.0,"plannedCapacityMwByTechnology":{},"recordCount":1,"recordIds":["wattlas-record-osm-way-1258965314"],"sourceIds":["openstreetmap-power"],"sourceUrl":"https://www.openstreetmap.org/way/1258965314","technologies":["gas"],"technologyMixMw":{"gas":0.0},"unitCount":0,"unitIds":[]},"type":"Feature"},{"geometry":{"coordinates":[26.572302,49.166808],"type":"Point"},"id":"wattlas-plant-osm-way-1258965315","properties":{"aliases":["ШРП"],"canonicalAnchor":"osm:way/1258965315","canonicalCountryKey":"UA","capacityMw":0.0,"country":"UA","externalIds":{"osm":"way/1258965315"},"geographyId":"UA-14850775B78366470925827","id":"wattlas-plant-osm-way-1258965315","lifecycleCounts":{"operational":1},"locationPrecision":"exact","name":"ШРП","operatingCapacityCoverage":{"coveragePercent":0.0,"knownUnitCount":0,"method":"unavailable","totalUnitCount":0},"operatingCapacityMw":0.0,"operatingCapacityMwByTechnology":{},"plannedCapacityCoverage":{"coveragePercent":0.0,"knownUnitCount":0,"method":"unavailable","totalUnitCount":0},"plannedCapacityMw":0.0,"plannedCapacityMwByTechnology":{},"recordCount":1,"recordIds":["wattlas-record-osm-way-1258965315"],"sourceIds":["openstreetmap-power"],"sourceUrl":"https://www.openstreetmap.org/way/1258965315","technologies":["gas"],"technologyMixMw":{"gas":0.0},"unitCount":0,"unitIds":[]},"type":"Feature"},{"geometry":{"coordinates":[26.573305,49.17022],"type":"Point"},"id":"wattlas-plant-osm-way-1258965316","properties":{"aliases":["ШРП"],"canonicalAnchor":"osm:way/1258965316","canonicalCountryKey":"UA","capacityMw":0.0,"country":"UA","externalIds":{"osm":"way/1258965316"},"geographyId":"UA-14850775B78366470925827","id":"wattlas-plant-osm-way-1258965316","lifecycleCounts":{"operational":1},"locationPrecision":"exact","name":"ШРП","operatingCapacityCoverage":{"coveragePercent":0.0,"knownUnitCount":0,"method":"unavailable","totalUnitCount":0},"operatingCapacityMw":0.0,"operatingCapacityMwByTechnology":{},"plannedCapacityCoverage":{"coveragePercent":0.0,"knownUnitCount":0,"method":"unavailable","totalUnitCount":0},"plannedCapacityMw":0.0,"plannedCapacityMwByTechnology":{},"recordCount":1,"recordIds":["wattlas-record-osm-way-1258965316"],"sourceIds":["openstreetmap-power"],"sourceUrl":"https://www.openstreetmap.org/way/1258965316","technologies":["gas"],"technologyMixMw":{"gas":0.0},"unitCount":0,"unitIds":[]},"type":"Feature"},{"geometry":{"coordinates":[26.575311,49.170604],"type":"Point"},"id":"wattlas-plant-osm-way-1258965317","properties":{"aliases":["ШРП"],"canonicalAnchor":"osm:way/1258965317","canonicalCountryKey":"UA","capacityMw":0.0,"country":"UA","externalIds":{"osm":"way/1258965317"},"geographyId":"UA-14850775B78366470925827","id":"wattlas-plant-osm-way-1258965317","lifecycleCounts":{"operational":1},"locationPrecision":"exact","name":"ШРП","operatingCapacityCoverage":{"coveragePercent":0.0,"knownUnitCount":0,"method":"unavailable","totalUnitCount":0},"operatingCapacityMw":0.0,"operatingCapacityMwByTechnology":{},"plannedCapacityCoverage":{"coveragePercent":0.0,"knownUnitCount":0,"method":"unavailable","totalUnitCount":0},"plannedCapacityMw":0.0,"plannedCapacityMwByTechnology":{},"recordCount":1,"recordIds":["wattlas-record-osm-way-1258965317"],"sourceIds":["openstreetmap-power"],"sourceUrl":"https://www.openstreetmap.org/way/1258965317","technologies":["gas"],"technologyMixMw":{"gas":0.0},"unitCount":0,"unitIds":[]},"type":"Feature"},{"geometry":{"coordinates":[26.577286,49.170546],"type":"Point"},"id":"wattlas-plant-osm-way-1258965318","properties":{"aliases":["ШРП"],"canonicalAnchor":"osm:way/1258965318","canonicalCountryKey":"UA","capacityMw":0.0,"country":"UA","externalIds":{"osm":"way/1258965318"},"geographyId":"UA-14850775B78366470925827","id":"wattlas-plant-osm-way-1258965318","lifecycleCounts":{"operational":1},"locationPrecision":"exact","name":"ШРП","operatingCapacityCoverage":{"coveragePercent":0.0,"knownUnitCount":0,"method":"unavailable","totalUnitCount":0},"operatingCapacityMw":0.0,"operatingCapacityMwByTechnology":{},"plannedCapacityCoverage":{"coveragePercent":0.0,"knownUnitCount":0,"method":"unavailable","totalUnitCount":0},"plannedCapacityMw":0.0,"plannedCapacityMwByTechnology":{},"recordCount":1,"recordIds":["wattlas-record-osm-way-1258965318"],"sourceIds":["openstreetmap-power"],"sourceUrl":"https://www.openstreetmap.org/way/1258965318","technologies":["gas"],"technologyMixMw":{"gas":0.0},"unitCount":0,"unitIds":[]},"type":"Feature"},{"geometry":{"coordinates":[26.578702,49.168411],"type":"Point"},"id":"wattlas-plant-osm-way-1258965319","properties":{"aliases":["ШРП"],"canonicalAnchor":"osm:way/1258965319","canonicalCountryKey":"UA","capacityMw":0.0,"country":"UA","externalIds":{"osm":"way/1258965319"},"geographyId":"UA-14850775B78366470925827","id":"wattlas-plant-osm-way-1258965319","lifecycleCounts":{"operational":1},"locationPrecision":"exact","name":"ШРП","operatingCapacityCoverage":{"coveragePercent":0.0,"knownUnitCount":0,"method":"unavailable","totalUnitCount":0},"operatingCapacityMw":0.0,"operatingCapacityMwByTechnology":{},"plannedCapacityCoverage":{"coveragePercent":0.0,"knownUnitCount":0,"method":"unavailable","totalUnitCount":0},"plannedCapacityMw":0.0,"plannedCapacityMwByTechnology":{},"recordCount":1,"recordIds":["wattlas-record-osm-way-1258965319"],"sourceIds":["openstreetmap-power"],"sourceUrl":"https://www.openstreetmap.org/way/1258965319","technologies":["gas"],"technologyMixMw":{"gas":0.0},"unitCount":0,"unitIds":[]},"type":"Feature"},{"geometry":{"coordinates":[26.577491,49.162359],"type":"Point"},"id":"wattlas-plant-osm-way-1258965320","properties":{"aliases":["ШРП"],"canonicalAnchor":"osm:way/1258965320","canonicalCountryKey":"UA","capacityMw":0.0,"country":"UA","externalIds":{"osm":"way/1258965320"},"geographyId":"UA-14850775B78366470925827","id":"wattlas-plant-osm-way-1258965320","lifecycleCounts":{"operational":1},"locationPrecision":"exact","name":"ШРП","operatingCapacityCoverage":{"coveragePercent":0.0,"knownUnitCount":0,"method":"unavailable","totalUnitCount":0},"operatingCapacityMw":0.0,"operatingCapacityMwByTechnology":{},"plannedCapacityCoverage":{"coveragePercent":0.0,"knownUnitCount":0,"method":"unavailable","totalUnitCount":0},"plannedCapacityMw":0.0,"plannedCapacityMwByTechnology":{},"recordCount":1,"recordIds":["wattlas-record-osm-way-1258965320"],"sourceIds":["openstreetmap-power"],"sourceUrl":"https://www.openstreetmap.org/way/1258965320","technologies":["gas"],"technologyMixMw":{"gas":0.0},"unitCount":0,"unitIds":[]},"type":"Feature"},{"geometry":{"coordinates":[26.579253,49.157891],"type":"Point"},"id":"wattlas-plant-osm-way-1258965321","properties":{"aliases":["ШРП"],"canonicalAnchor":"osm:way/1258965321","canonicalCountryKey":"UA","capacityMw":0.0,"country":"UA","externalIds":{"osm":"way/1258965321"},"geographyId":"UA-14850775B78366470925827","id":"wattlas-plant-osm-way-1258965321","lifecycleCounts":{"operational":1},"locationPrecision":"exact","name":"ШРП","operatingCapacityCoverage":{"coveragePercent":0.0,"knownUnitCount":0,"method":"unavailable","totalUnitCount":0},"operatingCapacityMw":0.0,"operatingCapacityMwByTechnology":{},"plannedCapacityCoverage":{"coveragePercent":0.0,"knownUnitCount":0,"method":"unavailable","totalUnitCount":0},"plannedCapacityMw":0.0,"plannedCapacityMwByTechnology":{},"recordCount":1,"recordIds":["wattlas-record-osm-way-1258965321"],"sourceIds":["openstreetmap-power"],"sourceUrl":"https://www.openstreetmap.org/way/1258965321","technologies":["gas"],"technologyMixMw":{"gas":0.0},"unitCount":0,"unitIds":[]},"type":"Feature"},{"geometry":{"coordinates":[26.580833,49.155835],"type":"Point"},"id":"wattlas-plant-osm-way-1258965322","properties":{"aliases":["ГРП"],"canonicalAnchor":"osm:way/1258965322","canonicalCountryKey":"UA","capacityMw":0.0,"country":"UA","externalIds":{"osm":"way/1258965322"},"geographyId":"UA-14850775B78366470925827","id":"wattlas-plant-osm-way-1258965322","lifecycleCounts":{"operational":1},"locationPrecision":"exact","name":"ГРП","operatingCapacityCoverage":{"coveragePercent":0.0,"knownUnitCount":0,"method":"unavailable","totalUnitCount":0},"operatingCapacityMw":0.0,"operatingCapacityMwByTechnology":{},"plannedCapacityCoverage":{"coveragePercent":0.0,"knownUnitCount":0,"method":"unavailable","totalUnitCount":0},"plannedCapacityMw":0.0,"plannedCapacityMwByTechnology":{},"recordCount":1,"recordIds":["wattlas-record-osm-way-1258965322"],"sourceIds":["openstreetmap-power"],"sourceUrl":"https://www.openstreetmap.org/way/1258965322","technologies":["gas"],"technologyMixMw":{"gas":0.0},"unitCount":0,"unitIds":[]},"type":"Feature"},{"geometry":{"coordinates":[26.582657,49.168846],"type":"Point"},"id":"wattlas-plant-osm-way-1258965323","properties":{"aliases":["ШРП"],"canonicalAnchor":"osm:way/1258965323","canonicalCountryKey":"UA","capacityMw":0.0,"country":"UA","externalIds":{"osm":"way/1258965323"},"geographyId":"UA-14850775B78366470925827","id":"wattlas-plant-osm-way-1258965323","lifecycleCounts":{"operational":1},"locationPrecision":"exact","name":"ШРП","operatingCapacityCoverage":{"coveragePercent":0.0,"knownUnitCount":0,"method":"unavailable","totalUnitCount":0},"operatingCapacityMw":0.0,"operatingCapacityMwByTechnology":{},"plannedCapacityCoverage":{"coveragePercent":0.0,"knownUnitCount":0,"method":"unavailable","totalUnitCount":0},"plannedCapacityMw":0.0,"plannedCapacityMwByTechnology":{},"recordCount":1,"recordIds":["wattlas-record-osm-way-1258965323"],"sourceIds":["openstreetmap-power"],"sourceUrl":"https://www.openstreetmap.org/way/1258965323","technologies":["gas"],"technologyMixMw":{"gas":0.0},"unitCount":0,"unitIds":[]},"type":"Feature"},{"geometry":{"coordinates":[26.582578,49.170501],"type":"Point"},"id":"wattlas-plant-osm-way-1258965324","properties":{"aliases":["ШРП"],"canonicalAnchor":"osm:way/1258965324","canonicalCountryKey":"UA","capacityMw":0.0,"country":"UA","externalIds":{"osm":"way/1258965324"},"geographyId":"UA-14850775B78366470925827","id":"wattlas-plant-osm-way-1258965324","lifecycleCounts":{"operational":1},"locationPrecision":"exact","name":"ШРП","operatingCapacityCoverage":{"coveragePercent":0.0,"knownUnitCount":0,"method":"unavailable","totalUnitCount":0},"operatingCapacityMw":0.0,"operatingCapacityMwByTechnology":{},"plannedCapacityCoverage":{"coveragePercent":0.0,"knownUnitCount":0,"method":"unavailable","totalUnitCount":0},"plannedCapacityMw":0.0,"plannedCapacityMwByTechnology":{},"recordCount":1,"recordIds":["wattlas-record-osm-way-1258965324"],"sourceIds":["openstreetmap-power"],"sourceUrl":"https://www.openstreetmap.org/way/1258965324","technologies":["gas"],"technologyMixMw":{"gas":0.0},"unitCount":0,"unitIds":[]},"type":"Feature"},{"geometry":{"coordinates":[26.559421,49.176311],"type":"Point"},"id":"wattlas-plant-osm-way-1258965325","properties":{"aliases":["ГРП"],"canonicalAnchor":"osm:way/1258965325","canonicalCountryKey":"UA","capacityMw":0.0,"country":"UA","externalIds":{"osm":"way/1258965325"},"geographyId":"UA-14850775B78366470925827","id":"wattlas-plant-osm-way-1258965325","lifecycleCounts":{"operational":1},"locationPrecision":"exact","name":"ГРП","operatingCapacityCoverage":{"coveragePercent":0.0,"knownUnitCount":0,"method":"unavailable","totalUnitCount":0},"operatingCapacityMw":0.0,"operatingCapacityMwByTechnology":{},"plannedCapacityCoverage":{"coveragePercent":0.0,"knownUnitCount":0,"method":"unavailable","totalUnitCount":0},"plannedCapacityMw":0.0,"plannedCapacityMwByTechnology":{},"recordCount":1,"recordIds":["wattlas-record-osm-way-1258965325"],"sourceIds":["openstreetmap-power"],"sourceUrl":"https://www.openstreetmap.org/way/1258965325","technologies":["gas"],"technologyMixMw":{"gas":0.0},"unitCount":0,"unitIds":[]},"type":"Feature"},{"geometry":{"coordinates":[26.568071,49.171521],"type":"Point"},"id":"wattlas-plant-osm-way-1258965326","properties":{"aliases":["ШРП"],"canonicalAnchor":"osm:way/1258965326","canonicalCountryKey":"UA","capacityMw":0.0,"country":"UA","externalIds":{"osm":"way/1258965326"},"geographyId":"UA-14850775B78366470925827","id":"wattlas-plant-osm-way-1258965326","lifecycleCounts":{"operational":1},"locationPrecision":"exact","name":"ШРП","operatingCapacityCoverage":{"coveragePercent":0.0,"knownUnitCount":0,"method":"unavailable","totalUnitCount":0},"operatingCapacityMw":0.0,"operatingCapacityMwByTechnology":{},"plannedCapacityCoverage":{"coveragePercent":0.0,"knownUnitCount":0,"method":"unavailable","totalUnitCount":0},"plannedCapacityMw":0.0,"plannedCapacityMwByTechnology":{},"recordCount":1,"recordIds":["wattlas-record-osm-way-1258965326"],"sourceIds":["openstreetmap-power"],"sourceUrl":"https://www.openstreetmap.org/way/1258965326","technologies":["gas"],"technologyMixMw":{"gas":0.0},"unitCount":0,"unitIds":[]},"type":"Feature"},{"geometry":{"coordinates":[26.573491,49.178006],"type":"Point"},"id":"wattlas-plant-osm-way-1258965327","properties":{"aliases":["ШРП"],"canonicalAnchor":"osm:way/1258965327","canonicalCountryKey":"UA","capacityMw":0.0,"country":"UA","externalIds":{"osm":"way/1258965327"},"geographyId":"UA-14850775B78366470925827","id":"wattlas-plant-osm-way-1258965327","lifecycleCounts":{"operational":1},"locationPrecision":"exact","name":"ШРП","operatingCapacityCoverage":{"coveragePercent":0.0,"knownUnitCount":0,"method":"unavailable","totalUnitCount":0},"operatingCapacityMw":0.0,"operatingCapacityMwByTechnology":{},"plannedCapacityCoverage":{"coveragePercent":0.0,"knownUnitCount":0,"method":"unavailable","totalUnitCount":0},"plannedCapacityMw":0.0,"plannedCapacityMwByTechnology":{},"recordCount":1,"recordIds":["wattlas-record-osm-way-1258965327"],"sourceIds":["openstreetmap-power"],"sourceUrl":"https://www.openstreetmap.org/way/1258965327","technologies":["gas"],"technologyMixMw":{"gas":0.0},"unitCount":0,"unitIds":[]},"type":"Feature"},{"geometry":{"coordinates":[26.585873,49.167],"type":"Point"},"id":"wattlas-plant-osm-way-1258967601","properties":{"aliases":["ШРП"],"canonicalAnchor":"osm:way/1258967601","canonicalCountryKey":"UA","capacityMw":0.0,"country":"UA","externalIds":{"osm":"way/1258967601"},"geographyId":"UA-14850775B78366470925827","id":"wattlas-plant-osm-way-1258967601","lifecycleCounts":{"operational":1},"locationPrecision":"exact","name":"ШРП","operatingCapacityCoverage":{"coveragePercent":0.0,"knownUnitCount":0,"method":"unavailable","totalUnitCount":0},"operatingCapacityMw":0.0,"operatingCapacityMwByTechnology":{},"plannedCapacityCoverage":{"coveragePercent":0.0,"knownUnitCount":0,"method":"unavailable","totalUnitCount":0},"plannedCapacityMw":0.0,"plannedCapacityMwByTechnology":{},"recordCount":1,"recordIds":["wattlas-record-osm-way-1258967601"],"sourceIds":["openstreetmap-power"],"sourceUrl":"https://www.openstreetmap.org/way/1258967601","technologies":["gas"],"technologyMixMw":{"gas":0.0},"unitCount":0,"unitIds":[]},"type":"Feature"},{"geometry":{"coordinates":[26.602426,49.168787],"type":"Point"},"id":"wattlas-plant-osm-way-1258967602","properties":{"aliases":["ШРП"],"canonicalAnchor":"osm:way/1258967602","canonicalCountryKey":"UA","capacityMw":0.0,"country":"UA","externalIds":{"osm":"way/1258967602"},"geographyId":"UA-14850775B78366470925827","id":"wattlas-plant-osm-way-1258967602","lifecycleCounts":{"operational":1},"locationPrecision":"exact","name":"ШРП","operatingCapacityCoverage":{"coveragePercent":0.0,"knownUnitCount":0,"method":"unavailable","totalUnitCount":0},"operatingCapacityMw":0.0,"operatingCapacityMwByTechnology":{},"plannedCapacityCoverage":{"coveragePercent":0.0,"knownUnitCount":0,"method":"unavailable","totalUnitCount":0},"plannedCapacityMw":0.0,"plannedCapacityMwByTechnology":{},"recordCount":1,"recordIds":["wattlas-record-osm-way-1258967602"],"sourceIds":["openstreetmap-power"],"sourceUrl":"https://www.openstreetmap.org/way/1258967602","technologies":["gas"],"technologyMixMw":{"gas":0.0},"unitCount":0,"unitIds":[]},"type":"Feature"},{"geometry":{"coordinates":[26.608689,49.168991],"type":"Point"},"id":"wattlas-plant-osm-way-1258967603","properties":{"aliases":["ШРП"],"canonicalAnchor":"osm:way/1258967603","canonicalCountryKey":"UA","capacityMw":0.0,"country":"UA","externalIds":{"osm":"way/1258967603"},"geographyId":"UA-14850775B78366470925827","id":"wattlas-plant-osm-way-1258967603","lifecycleCounts":{"operational":1},"locationPrecision":"exact","name":"ШРП","operatingCapacityCoverage":{"coveragePercent":0.0,"knownUnitCount":0,"method":"unavailable","totalUnitCount":0},"operatingCapacityMw":0.0,"operatingCapacityMwByTechnology":{},"plannedCapacityCoverage":{"coveragePercent":0.0,"knownUnitCount":0,"method":"unavailable","totalUnitCount":0},"plannedCapacityMw":0.0,"plannedCapacityMwByTechnology":{},"recordCount":1,"recordIds":["wattlas-record-osm-way-1258967603"],"sourceIds":["openstreetmap-power"],"sourceUrl":"https://www.openstreetmap.org/way/1258967603","technologies":["gas"],"technologyMixMw":{"gas":0.0},"unitCount":0,"unitIds":[]},"type":"Feature"},{"geometry":{"coordinates":[26.60743,49.16754],"type":"Point"},"id":"wattlas-plant-osm-way-1258967604","properties":{"aliases":["ШРП"],"canonicalAnchor":"osm:way/1258967604","canonicalCountryKey":"UA","capacityMw":0.0,"country":"UA","externalIds":{"osm":"way/1258967604"},"geographyId":"UA-14850775B78366470925827","id":"wattlas-plant-osm-way-1258967604","lifecycleCounts":{"operational":1},"locationPrecision":"exact","name":"ШРП","operatingCapacityCoverage":{"coveragePercent":0.0,"knownUnitCount":0,"method":"unavailable","totalUnitCount":0},"operatingCapacityMw":0.0,"operatingCapacityMwByTechnology":{},"plannedCapacityCoverage":{"coveragePercent":0.0,"knownUnitCount":0,"method":"unavailable","totalUnitCount":0},"plannedCapacityMw":0.0,"plannedCapacityMwByTechnology":{},"recordCount":1,"recordIds":["wattlas-record-osm-way-1258967604"],"sourceIds":["openstreetmap-power"],"sourceUrl":"https://www.openstreetmap.org/way/1258967604","technologies":["gas"],"technologyMixMw":{"gas":0.0},"unitCount":0,"unitIds":[]},"type":"Feature"},{"geometry":{"coordinates":[26.611036,49.171448],"type":"Point"},"id":"wattlas-plant-osm-way-1258967605","properties":{"aliases":["ШРП"],"canonicalAnchor":"osm:way/1258967605","canonicalCountryKey":"UA","capacityMw":0.0,"country":"UA","externalIds":{"osm":"way/1258967605"},"geographyId":"UA-14850775B78366470925827","id":"wattlas-plant-osm-way-1258967605","lifecycleCounts":{"operational":1},"locationPrecision":"exact","name":"ШРП","operatingCapacityCoverage":{"coveragePercent":0.0,"knownUnitCount":0,"method":"unavailable","totalUnitCount":0},"operatingCapacityMw":0.0,"operatingCapacityMwByTechnology":{},"plannedCapacityCoverage":{"coveragePercent":0.0,"knownUnitCount":0,"method":"unavailable","totalUnitCount":0},"plannedCapacityMw":0.0,"plannedCapacityMwByTechnology":{},"recordCount":1,"recordIds":["wattlas-record-osm-way-1258967605"],"sourceIds":["openstreetmap-power"],"sourceUrl":"https://www.openstreetmap.org/way/1258967605","technologies":["gas"],"technologyMixMw":{"gas":0.0},"unitCount":0,"unitIds":[]},"type":"Feature"},{"geometry":{"coordinates":[26.610563,49.172144],"type":"Point"},"id":"wattlas-plant-osm-way-1258967606","properties":{"aliases":["ШРП"],"canonicalAnchor":"osm:way/1258967606","canonicalCountryKey":"UA","capacityMw":0.0,"country":"UA","externalIds":{"osm":"way/1258967606"},"geographyId":"UA-14850775B78366470925827","id":"wattlas-plant-osm-way-1258967606","lifecycleCounts":{"operational":1},"locationPrecision":"exact","name":"ШРП","operatingCapacityCoverage":{"coveragePercent":0.0,"knownUnitCount":0,"method":"unavailable","totalUnitCount":0},"operatingCapacityMw":0.0,"operatingCapacityMwByTechnology":{},"plannedCapacityCoverage":{"coveragePercent":0.0,"knownUnitCount":0,"method":"unavailable","totalUnitCount":0},"plannedCapacityMw":0.0,"plannedCapacityMwByTechnology":{},"recordCount":1,"recordIds":["wattlas-record-osm-way-1258967606"],"sourceIds":["openstreetmap-power"],"sourceUrl":"https://www.openstreetmap.org/way/1258967606","technologies":["gas"],"technologyMixMw":{"gas":0.0},"unitCount":0,"unitIds":[]},"type":"Feature"},{"geometry":{"coordinates":[26.614363,49.177993],"type":"Point"},"id":"wattlas-plant-osm-way-1258967607","properties":{"aliases":["ШРП"],"canonicalAnchor":"osm:way/1258967607","canonicalCountryKey":"UA","capacityMw":0.0,"country":"UA","externalIds":{"osm":"way/1258967607"},"geographyId":"UA-14850775B78366470925827","id":"wattlas-plant-osm-way-1258967607","lifecycleCounts":{"operational":1},"locationPrecision":"exact","name":"ШРП","operatingCapacityCoverage":{"coveragePercent":0.0,"knownUnitCount":0,"method":"unavailable","totalUnitCount":0},"operatingCapacityMw":0.0,"operatingCapacityMwByTechnology":{},"plannedCapacityCoverage":{"coveragePercent":0.0,"knownUnitCount":0,"method":"unavailable","totalUnitCount":0},"plannedCapacityMw":0.0,"plannedCapacityMwByTechnology":{},"recordCount":1,"recordIds":["wattlas-record-osm-way-1258967607"],"sourceIds":["openstreetmap-power"],"sourceUrl":"https://www.openstreetmap.org/way/1258967607","technologies":["gas"],"technologyMixMw":{"gas":0.0},"unitCount":0,"unitIds":[]},"type":"Feature"},{"geometry":{"coordinates":[26.588894,49.159194],"type":"Point"},"id":"wattlas-plant-osm-way-1258967608","properties":{"aliases":["ШРП"],"canonicalAnchor":"osm:way/1258967608","canonicalCountryKey":"UA","capacityMw":0.0,"country":"UA","externalIds":{"osm":"way/1258967608"},"geographyId":"UA-14850775B78366470925827","id":"wattlas-plant-osm-way-1258967608","lifecycleCounts":{"operational":1},"locationPrecision":"exact","name":"ШРП","operatingCapacityCoverage":{"coveragePercent":0.0,"knownUnitCount":0,"method":"unavailable","totalUnitCount":0},"operatingCapacityMw":0.0,"operatingCapacityMwByTechnology":{},"plannedCapacityCoverage":{"coveragePercent":0.0,"knownUnitCount":0,"method":"unavailable","totalUnitCount":0},"plannedCapacityMw":0.0,"plannedCapacityMwByTechnology":{},"recordCount":1,"recordIds":["wattlas-record-osm-way-1258967608"],"sourceIds":["openstreetmap-power"],"sourceUrl":"https://www.openstreetmap.org/way/1258967608","technologies":["gas"],"technologyMixMw":{"gas":0.0},"unitCount":0,"unitIds":[]},"type":"Feature"},{"geometry":{"coordinates":[26.593193,49.164811],"type":"Point"},"id":"wattlas-plant-osm-way-1258967609","properties":{"aliases":["ШРП"],"canonicalAnchor":"osm:way/1258967609","canonicalCountryKey":"UA","capacityMw":0.0,"country":"UA","externalIds":{"osm":"way/1258967609"},"geographyId":"UA-14850775B78366470925827","id":"wattlas-plant-osm-way-1258967609","lifecycleCounts":{"operational":1},"locationPrecision":"exact","name":"ШРП","operatingCapacityCoverage":{"coveragePercent":0.0,"knownUnitCount":0,"method":"unavailable","totalUnitCount":0},"operatingCapacityMw":0.0,"operatingCapacityMwByTechnology":{},"plannedCapacityCoverage":{"coveragePercent":0.0,"knownUnitCount":0,"method":"unavailable","totalUnitCount":0},"plannedCapacityMw":0.0,"plannedCapacityMwByTechnology":{},"recordCount":1,"recordIds":["wattlas-record-osm-way-1258967609"],"sourceIds":["openstreetmap-power"],"sourceUrl":"https://www.openstreetmap.org/way/1258967609","technologies":["gas"],"technologyMixMw":{"gas":0.0},"unitCount":0,"unitIds":[]},"type":"Feature"},{"geometry":{"coordinates":[26.597011,49.166455],"type":"Point"},"id":"wattlas-plant-osm-way-1258967610","properties":{"aliases":["ГРП"],"canonicalAnchor":"osm:way/1258967610","canonicalCountryKey":"UA","capacityMw":0.0,"country":"UA","externalIds":{"osm":"way/1258967610"},"geographyId":"UA-14850775B78366470925827","id":"wattlas-plant-osm-way-1258967610","lifecycleCounts":{"operational":1},"locationPrecision":"exact","name":"ГРП","operatingCapacityCoverage":{"coveragePercent":0.0,"knownUnitCount":0,"method":"unavailable","totalUnitCount":0},"operatingCapacityMw":0.0,"operatingCapacityMwByTechnology":{},"plannedCapacityCoverage":{"coveragePercent":0.0,"knownUnitCount":0,"method":"unavailable","totalUnitCount":0},"plannedCapacityMw":0.0,"plannedCapacityMwByTechnology":{},"recordCount":1,"recordIds":["wattlas-record-osm-way-1258967610"],"sourceIds":["openstreetmap-power"],"sourceUrl":"https://www.openstreetmap.org/way/1258967610","technologies":["gas"],"technologyMixMw":{"gas":0.0},"unitCount":0,"unitIds":[]},"type":"Feature"},{"geometry":{"coordinates":[26.601627,49.163027],"type":"Point"},"id":"wattlas-plant-osm-way-1258967611","properties":{"aliases":["ШРП"],"canonicalAnchor":"osm:way/1258967611","canonicalCountryKey":"UA","capacityMw":0.0,"country":"UA","externalIds":{"osm":"way/1258967611"},"geographyId":"UA-14850775B78366470925827","id":"wattlas-plant-osm-way-1258967611","lifecycleCounts":{"operational":1},"locationPrecision":"exact","name":"ШРП","operatingCapacityCoverage":{"coveragePercent":0.0,"knownUnitCount":0,"method":"unavailable","totalUnitCount":0},"operatingCapacityMw":0.0,"operatingCapacityMwByTechnology":{},"plannedCapacityCoverage":{"coveragePercent":0.0,"knownUnitCount":0,"method":"unavailable","totalUnitCount":0},"plannedCapacityMw":0.0,"plannedCapacityMwByTechnology":{},"recordCount":1,"recordIds":["wattlas-record-osm-way-1258967611"],"sourceIds":["openstreetmap-power"],"sourceUrl":"https://www.openstreetmap.org/way/1258967611","technologies":["gas"],"technologyMixMw":{"gas":0.0},"unitCount":0,"unitIds":[]},"type":"Feature"},{"geometry":{"coordinates":[26.601124,49.159987],"type":"Point"},"id":"wattlas-plant-osm-way-1258967612","properties":{"aliases":["ГРП"],"canonicalAnchor":"osm:way/1258967612","canonicalCountryKey":"UA","capacityMw":0.0,"country":"UA","externalIds":{"osm":"way/1258967612"},"geographyId":"UA-14850775B78366470925827","id":"wattlas-plant-osm-way-1258967612","lifecycleCounts":{"operational":1},"locationPrecision":"exact","name":"ГРП","operatingCapacityCoverage":{"coveragePercent":0.0,"knownUnitCount":0,"method":"unavailable","totalUnitCount":0},"operatingCapacityMw":0.0,"operatingCapacityMwByTechnology":{},"plannedCapacityCoverage":{"coveragePercent":0.0,"knownUnitCount":0,"method":"unavailable","totalUnitCount":0},"plannedCapacityMw":0.0,"plannedCapacityMwByTechnology":{},"recordCount":1,"recordIds":["wattlas-record-osm-way-1258967612"],"sourceIds":["openstreetmap-power"],"sourceUrl":"https://www.openstreetmap.org/way/1258967612","technologies":["gas"],"technologyMixMw":{"gas":0.0},"unitCount":0,"unitIds":[]},"type":"Feature"},{"geometry":{"coordinates":[26.603252,49.157869],"type":"Point"},"id":"wattlas-plant-osm-way-1258967613","properties":{"aliases":["ШРП"],"canonicalAnchor":"osm:way/1258967613","canonicalCountryKey":"UA","capacityMw":0.0,"country":"UA","externalIds":{"osm":"way/1258967613"},"geographyId":"UA-14850775B78366470925827","id":"wattlas-plant-osm-way-1258967613","lifecycleCounts":{"operational":1},"locationPrecision":"exact","name":"ШРП","operatingCapacityCoverage":{"coveragePercent":0.0,"knownUnitCount":0,"method":"unavailable","totalUnitCount":0},"operatingCapacityMw":0.0,"operatingCapacityMwByTechnology":{},"plannedCapacityCoverage":{"coveragePercent":0.0,"knownUnitCount":0,"method":"unavailable","totalUnitCount":0},"plannedCapacityMw":0.0,"plannedCapacityMwByTechnology":{},"recordCount":1,"recordIds":["wattlas-record-osm-way-1258967613"],"sourceIds":["openstreetmap-power"],"sourceUrl":"https://www.openstreetmap.org/way/1258967613","technologies":["gas"],"technologyMixMw":{"gas":0.0},"unitCount":0,"unitIds":[]},"type":"Feature"},{"geometry":{"coordinates":[26.618975,49.14883],"type":"Point"},"id":"wattlas-plant-osm-way-1258967614","properties":{"aliases":["ШРП"],"canonicalAnchor":"osm:way/1258967614","canonicalCountryKey":"UA","capacityMw":0.0,"country":"UA","externalIds":{"osm":"way/1258967614"},"geographyId":"UA-14850775B78366470925827","id":"wattlas-plant-osm-way-1258967614","lifecycleCounts":{"operational":1},"locationPrecision":"exact","name":"ШРП","operatingCapacityCoverage":{"coveragePercent":0.0,"knownUnitCount":0,"method":"unavailable","totalUnitCount":0},"operatingCapacityMw":0.0,"operatingCapacityMwByTechnology":{},"plannedCapacityCoverage":{"coveragePercent":0.0,"knownUnitCount":0,"method":"unavailable","totalUnitCount":0},"plannedCapacityMw":0.0,"plannedCapacityMwByTechnology":{},"recordCount":1,"recordIds":["wattlas-record-osm-way-1258967614"],"sourceIds":["openstreetmap-power"],"sourceUrl":"https://www.openstreetmap.org/way/1258967614","technologies":["gas"],"technologyMixMw":{"gas":0.0},"unitCount":0,"unitIds":[]},"type":"Feature"},{"geometry":{"coordinates":[26.577759,49.106897],"type":"Point"},"id":"wattlas-plant-osm-way-1258968601","properties":{"aliases":["ШРП"],"canonicalAnchor":"osm:way/1258968601","canonicalCountryKey":"UA","capacityMw":0.0,"country":"UA","externalIds":{"osm":"way/1258968601"},"geographyId":"UA-14850775B78366470925827","id":"wattlas-plant-osm-way-1258968601","lifecycleCounts":{"operational":1},"locationPrecision":"exact","name":"ШРП","operatingCapacityCoverage":{"coveragePercent":0.0,"knownUnitCount":0,"method":"unavailable","totalUnitCount":0},"operatingCapacityMw":0.0,"operatingCapacityMwByTechnology":{},"plannedCapacityCoverage":{"coveragePercent":0.0,"knownUnitCount":0,"method":"unavailable","totalUnitCount":0},"plannedCapacityMw":0.0,"plannedCapacityMwByTechnology":{},"recordCount":1,"recordIds":["wattlas-record-osm-way-1258968601"],"sourceIds":["openstreetmap-power"],"sourceUrl":"https://www.openstreetmap.org/way/1258968601","technologies":["gas"],"technologyMixMw":{"gas":0.0},"unitCount":0,"unitIds":[]},"type":"Feature"},{"geometry":{"coordinates":[26.574234,49.100584],"type":"Point"},"id":"wattlas-plant-osm-way-1258968602","properties":{"aliases":["ШРП"],"canonicalAnchor":"osm:way/1258968602","canonicalCountryKey":"UA","capacityMw":0.0,"country":"UA","externalIds":{"osm":"way/1258968602"},"geographyId":"UA-14850775B78366470925827","id":"wattlas-plant-osm-way-1258968602","lifecycleCounts":{"operational":1},"locationPrecision":"exact","name":"ШРП","operatingCapacityCoverage":{"coveragePercent":0.0,"knownUnitCount":0,"method":"unavailable","totalUnitCount":0},"operatingCapacityMw":0.0,"operatingCapacityMwByTechnology":{},"plannedCapacityCoverage":{"coveragePercent":0.0,"knownUnitCount":0,"method":"unavailable","totalUnitCount":0},"plannedCapacityMw":0.0,"plannedCapacityMwByTechnology":{},"recordCount":1,"recordIds":["wattlas-record-osm-way-1258968602"],"sourceIds":["openstreetmap-power"],"sourceUrl":"https://www.openstreetmap.org/way/1258968602","technologies":["gas"],"technologyMixMw":{"gas":0.0},"unitCount":0,"unitIds":[]},"type":"Feature"},{"geometry":{"coordinates":[26.580672,49.097979],"type":"Point"},"id":"wattlas-plant-osm-way-1258968603","properties":{"aliases":["ШРП"],"canonicalAnchor":"osm:way/1258968603","canonicalCountryKey":"UA","capacityMw":0.0,"country":"UA","externalIds":{"osm":"way/1258968603"},"geographyId":"UA-14850775B78366470925827","id":"wattlas-plant-osm-way-1258968603","lifecycleCounts":{"operational":1},"locationPrecision":"exact","name":"ШРП","operatingCapacityCoverage":{"coveragePercent":0.0,"knownUnitCount":0,"method":"unavailable","totalUnitCount":0},"operatingCapacityMw":0.0,"operatingCapacityMwByTechnology":{},"plannedCapacityCoverage":{"coveragePercent":0.0,"knownUnitCount":0,"method":"unavailable","totalUnitCount":0},"plannedCapacityMw":0.0,"plannedCapacityMwByTechnology":{},"recordCount":1,"recordIds":["wattlas-record-osm-way-1258968603"],"sourceIds":["openstreetmap-power"],"sourceUrl":"https://www.openstreetmap.org/way/1258968603","technologies":["gas"],"technologyMixMw":{"gas":0.0},"unitCount":0,"unitIds":[]},"type":"Feature"},{"geometry":{"coordinates":[26.581397,49.094151],"type":"Point"},"id":"wattlas-plant-osm-way-1258968605","properties":{"aliases":["ШРП"],"canonicalAnchor":"osm:way/1258968605","canonicalCountryKey":"UA","capacityMw":0.0,"country":"UA","externalIds":{"osm":"way/1258968605"},"geographyId":"UA-14850775B78366470925827","id":"wattlas-plant-osm-way-1258968605","lifecycleCounts":{"operational":1},"locationPrecision":"exact","name":"ШРП","operatingCapacityCoverage":{"coveragePercent":0.0,"knownUnitCount":0,"method":"unavailable","totalUnitCount":0},"operatingCapacityMw":0.0,"operatingCapacityMwByTechnology":{},"plannedCapacityCoverage":{"coveragePercent":0.0,"knownUnitCount":0,"method":"unavailable","totalUnitCount":0},"plannedCapacityMw":0.0,"plannedCapacityMwByTechnology":{},"recordCount":1,"recordIds":["wattlas-record-osm-way-1258968605"],"sourceIds":["openstreetmap-power"],"sourceUrl":"https://www.openstreetmap.org/way/1258968605","technologies":["gas"],"technologyMixMw":{"gas":0.0},"unitCount":0,"unitIds":[]},"type":"Feature"},{"geometry":{"coordinates":[26.624464,49.095665],"type":"Point"},"id":"wattlas-plant-osm-way-1258972142","properties":{"aliases":["ШРП"],"canonicalAnchor":"osm:way/1258972142","canonicalCountryKey":"UA","capacityMw":0.0,"country":"UA","externalIds":{"osm":"way/1258972142"},"geographyId":"UA-14850775B78366470925827","id":"wattlas-plant-osm-way-1258972142","lifecycleCounts":{"operational":1},"locationPrecision":"exact","name":"ШРП","operatingCapacityCoverage":{"coveragePercent":0.0,"knownUnitCount":0,"method":"unavailable","totalUnitCount":0},"operatingCapacityMw":0.0,"operatingCapacityMwByTechnology":{},"plannedCapacityCoverage":{"coveragePercent":0.0,"knownUnitCount":0,"method":"unavailable","totalUnitCount":0},"plannedCapacityMw":0.0,"plannedCapacityMwByTechnology":{},"recordCount":1,"recordIds":["wattlas-record-osm-way-1258972142"],"sourceIds":["openstreetmap-power"],"sourceUrl":"https://www.openstreetmap.org/way/1258972142","technologies":["gas"],"technologyMixMw":{"gas":0.0},"unitCount":0,"unitIds":[]},"type":"Feature"},{"geometry":{"coordinates":[26.598621,49.066214],"type":"Point"},"id":"wattlas-plant-osm-way-1258972143","properties":{"aliases":["ШРП"],"canonicalAnchor":"osm:way/1258972143","canonicalCountryKey":"UA","capacityMw":0.0,"country":"UA","externalIds":{"osm":"way/1258972143"},"geographyId":"UA-14850775B78366470925827","id":"wattlas-plant-osm-way-1258972143","lifecycleCounts":{"operational":1},"locationPrecision":"exact","name":"ШРП","operatingCapacityCoverage":{"coveragePercent":0.0,"knownUnitCount":0,"method":"unavailable","totalUnitCount":0},"operatingCapacityMw":0.0,"operatingCapacityMwByTechnology":{},"plannedCapacityCoverage":{"coveragePercent":0.0,"knownUnitCount":0,"method":"unavailable","totalUnitCount":0},"plannedCapacityMw":0.0,"plannedCapacityMwByTechnology":{},"recordCount":1,"recordIds":["wattlas-record-osm-way-1258972143"],"sourceIds":["openstreetmap-power"],"sourceUrl":"https://www.openstreetmap.org/way/1258972143","technologies":["gas"],"technologyMixMw":{"gas":0.0},"unitCount":0,"unitIds":[]},"type":"Feature"},{"geometry":{"coordinates":[26.588078,49.064862],"type":"Point"},"id":"wattlas-plant-osm-way-1258972144","properties":{"aliases":["ГРП"],"canonicalAnchor":"osm:way/1258972144","canonicalCountryKey":"UA","capacityMw":0.0,"country":"UA","externalIds":{"osm":"way/1258972144"},"geographyId":"UA-14850775B78366470925827","id":"wattlas-plant-osm-way-1258972144","lifecycleCounts":{"operational":1},"locationPrecision":"exact","name":"ГРП","operatingCapacityCoverage":{"coveragePercent":0.0,"knownUnitCount":0,"method":"unavailable","totalUnitCount":0},"operatingCapacityMw":0.0,"operatingCapacityMwByTechnology":{},"plannedCapacityCoverage":{"coveragePercent":0.0,"knownUnitCount":0,"method":"unavailable","totalUnitCount":0},"plannedCapacityMw":0.0,"plannedCapacityMwByTechnology":{},"recordCount":1,"recordIds":["wattlas-record-osm-way-1258972144"],"sourceIds":["openstreetmap-power"],"sourceUrl":"https://www.openstreetmap.org/way/1258972144","technologies":["gas"],"technologyMixMw":{"gas":0.0},"unitCount":0,"unitIds":[]},"type":"Feature"},{"geometry":{"coordinates":[26.576923,49.059915],"type":"Point"},"id":"wattlas-plant-osm-way-1258972145","properties":{"aliases":["ШРП"],"canonicalAnchor":"osm:way/1258972145","canonicalCountryKey":"UA","capacityMw":0.0,"country":"UA","externalIds":{"osm":"way/1258972145"},"geographyId":"UA-14850775B78366470925827","id":"wattlas-plant-osm-way-1258972145","lifecycleCounts":{"operational":1},"locationPrecision":"exact","name":"ШРП","operatingCapacityCoverage":{"coveragePercent":0.0,"knownUnitCount":0,"method":"unavailable","totalUnitCount":0},"operatingCapacityMw":0.0,"operatingCapacityMwByTechnology":{},"plannedCapacityCoverage":{"coveragePercent":0.0,"knownUnitCount":0,"method":"unavailable","totalUnitCount":0},"plannedCapacityMw":0.0,"plannedCapacityMwByTechnology":{},"recordCount":1,"recordIds":["wattlas-record-osm-way-1258972145"],"sourceIds":["openstreetmap-power"],"sourceUrl":"https://www.openstreetmap.org/way/1258972145","technologies":["gas"],"technologyMixMw":{"gas":0.0},"unitCount":0,"unitIds":[]},"type":"Feature"},{"geometry":{"coordinates":[26.513444,49.077375],"type":"Point"},"id":"wattlas-plant-osm-way-1258972146","properties":{"aliases":["ШРП"],"canonicalAnchor":"osm:way/1258972146","canonicalCountryKey":"UA","capacityMw":0.0,"country":"UA","externalIds":{"osm":"way/1258972146"},"geographyId":"UA-14850775B78366470925827","id":"wattlas-plant-osm-way-1258972146","lifecycleCounts":{"operational":1},"locationPrecision":"exact","name":"ШРП","operatingCapacityCoverage":{"coveragePercent":0.0,"knownUnitCount":0,"method":"unavailable","totalUnitCount":0},"operatingCapacityMw":0.0,"operatingCapacityMwByTechnology":{},"plannedCapacityCoverage":{"coveragePercent":0.0,"knownUnitCount":0,"method":"unavailable","totalUnitCount":0},"plannedCapacityMw":0.0,"plannedCapacityMwByTechnology":{},"recordCount":1,"recordIds":["wattlas-record-osm-way-1258972146"],"sourceIds":["openstreetmap-power"],"sourceUrl":"https://www.openstreetmap.org/way/1258972146","technologies":["gas"],"technologyMixMw":{"gas":0.0},"unitCount":0,"unitIds":[]},"type":"Feature"},{"geometry":{"coordinates":[26.515443,49.111345],"type":"Point"},"id":"wattlas-plant-osm-way-1258972147","properties":{"aliases":["ГРП"],"canonicalAnchor":"osm:way/1258972147","canonicalCountryKey":"UA","capacityMw":0.0,"country":"UA","externalIds":{"osm":"way/1258972147"},"geographyId":"UA-14850775B78366470925827","id":"wattlas-plant-osm-way-1258972147","lifecycleCounts":{"operational":1},"locationPrecision":"exact","name":"ГРП","operatingCapacityCoverage":{"coveragePercent":0.0,"knownUnitCount":0,"method":"unavailable","totalUnitCount":0},"operatingCapacityMw":0.0,"operatingCapacityMwByTechnology":{},"plannedCapacityCoverage":{"coveragePercent":0.0,"knownUnitCount":0,"method":"unavailable","totalUnitCount":0},"plannedCapacityMw":0.0,"plannedCapacityMwByTechnology":{},"recordCount":1,"recordIds":["wattlas-record-osm-way-1258972147"],"sourceIds":["openstreetmap-power"],"sourceUrl":"https://www.openstreetmap.org/way/1258972147","technologies":["gas"],"technologyMixMw":{"gas":0.0},"unitCount":0,"unitIds":[]},"type":"Feature"},{"geometry":{"coordinates":[26.50951,49.107257],"type":"Point"},"id":"wattlas-plant-osm-way-1258972148","properties":{"aliases":["ШРП"],"canonicalAnchor":"osm:way/1258972148","canonicalCountryKey":"UA","capacityMw":0.0,"country":"UA","externalIds":{"osm":"way/1258972148"},"geographyId":"UA-14850775B78366470925827","id":"wattlas-plant-osm-way-1258972148","lifecycleCounts":{"operational":1},"locationPrecision":"exact","name":"ШРП","operatingCapacityCoverage":{"coveragePercent":0.0,"knownUnitCount":0,"method":"unavailable","totalUnitCount":0},"operatingCapacityMw":0.0,"operatingCapacityMwByTechnology":{},"plannedCapacityCoverage":{"coveragePercent":0.0,"knownUnitCount":0,"method":"unavailable","totalUnitCount":0},"plannedCapacityMw":0.0,"plannedCapacityMwByTechnology":{},"recordCount":1,"recordIds":["wattlas-record-osm-way-1258972148"],"sourceIds":["openstreetmap-power"],"sourceUrl":"https://www.openstreetmap.org/way/1258972148","technologies":["gas"],"technologyMixMw":{"gas":0.0},"unitCount":0,"unitIds":[]},"type":"Feature"},{"geometry":{"coordinates":[26.500309,49.106668],"type":"Point"},"id":"wattlas-plant-osm-way-1258972149","properties":{"aliases":["ШРП"],"canonicalAnchor":"osm:way/1258972149","canonicalCountryKey":"UA","capacityMw":0.0,"country":"UA","externalIds":{"osm":"way/1258972149"},"geographyId":"UA-14850775B78366470925827","id":"wattlas-plant-osm-way-1258972149","lifecycleCounts":{"operational":1},"locationPrecision":"exact","name":"ШРП","operatingCapacityCoverage":{"coveragePercent":0.0,"knownUnitCount":0,"method":"unavailable","totalUnitCount":0},"operatingCapacityMw":0.0,"operatingCapacityMwByTechnology":{},"plannedCapacityCoverage":{"coveragePercent":0.0,"knownUnitCount":0,"method":"unavailable","totalUnitCount":0},"plannedCapacityMw":0.0,"plannedCapacityMwByTechnology":{},"recordCount":1,"recordIds":["wattlas-record-osm-way-1258972149"],"sourceIds":["openstreetmap-power"],"sourceUrl":"https://www.openstreetmap.org/way/1258972149","technologies":["gas"],"technologyMixMw":{"gas":0.0},"unitCount":0,"unitIds":[]},"type":"Feature"},{"geometry":{"coordinates":[26.465702,49.160338],"type":"Point"},"id":"wattlas-plant-osm-way-1258972150","properties":{"aliases":["ШРП"],"canonicalAnchor":"osm:way/1258972150","canonicalCountryKey":"UA","capacityMw":0.0,"country":"UA","externalIds":{"osm":"way/1258972150"},"geographyId":"UA-14850775B78366470925827","id":"wattlas-plant-osm-way-1258972150","lifecycleCounts":{"operational":1},"locationPrecision":"exact","name":"ШРП","operatingCapacityCoverage":{"coveragePercent":0.0,"knownUnitCount":0,"method":"unavailable","totalUnitCount":0},"operatingCapacityMw":0.0,"operatingCapacityMwByTechnology":{},"plannedCapacityCoverage":{"coveragePercent":0.0,"knownUnitCount":0,"method":"unavailable","totalUnitCount":0},"plannedCapacityMw":0.0,"plannedCapacityMwByTechnology":{},"recordCount":1,"recordIds":["wattlas-record-osm-way-1258972150"],"sourceIds":["openstreetmap-power"],"sourceUrl":"https://www.openstreetmap.org/way/1258972150","technologies":["gas"],"technologyMixMw":{"gas":0.0},"unitCount":0,"unitIds":[]},"type":"Feature"},{"geometry":{"coordinates":[26.457413,49.168728],"type":"Point"},"id":"wattlas-plant-osm-way-1258972151","properties":{"aliases":["ГРП"],"canonicalAnchor":"osm:way/1258972151","canonicalCountryKey":"UA","capacityMw":0.0,"country":"UA","externalIds":{"osm":"way/1258972151"},"geographyId":"UA-14850775B78366470925827","id":"wattlas-plant-osm-way-1258972151","lifecycleCounts":{"operational":1},"locationPrecision":"exact","name":"ГРП","operatingCapacityCoverage":{"coveragePercent":0.0,"knownUnitCount":0,"method":"unavailable","totalUnitCount":0},"operatingCapacityMw":0.0,"operatingCapacityMwByTechnology":{},"plannedCapacityCoverage":{"coveragePercent":0.0,"knownUnitCount":0,"method":"unavailable","totalUnitCount":0},"plannedCapacityMw":0.0,"plannedCapacityMwByTechnology":{},"recordCount":1,"recordIds":["wattlas-record-osm-way-1258972151"],"sourceIds":["openstreetmap-power"],"sourceUrl":"https://www.openstreetmap.org/way/1258972151","technologies":["gas"],"technologyMixMw":{"gas":0.0},"unitCount":0,"unitIds":[]},"type":"Feature"},{"geometry":{"coordinates":[26.456221,49.171216],"type":"Point"},"id":"wattlas-plant-osm-way-1258972152","properties":{"aliases":["ШРП"],"canonicalAnchor":"osm:way/1258972152","canonicalCountryKey":"UA","capacityMw":0.0,"country":"UA","externalIds":{"osm":"way/1258972152"},"geographyId":"UA-14850775B78366470925827","id":"wattlas-plant-osm-way-1258972152","lifecycleCounts":{"operational":1},"locationPrecision":"exact","name":"ШРП","operatingCapacityCoverage":{"coveragePercent":0.0,"knownUnitCount":0,"method":"unavailable","totalUnitCount":0},"operatingCapacityMw":0.0,"operatingCapacityMwByTechnology":{},"plannedCapacityCoverage":{"coveragePercent":0.0,"knownUnitCount":0,"method":"unavailable","totalUnitCount":0},"plannedCapacityMw":0.0,"plannedCapacityMwByTechnology":{},"recordCount":1,"recordIds":["wattlas-record-osm-way-1258972152"],"sourceIds":["openstreetmap-power"],"sourceUrl":"https://www.openstreetmap.org/way/1258972152","technologies":["gas"],"technologyMixMw":{"gas":0.0},"unitCount":0,"unitIds":[]},"type":"Feature"},{"geometry":{"coordinates":[26.45559,49.176023],"type":"Point"},"id":"wattlas-plant-osm-way-1258972154","properties":{"aliases":["ГРП"],"canonicalAnchor":"osm:way/1258972154","canonicalCountryKey":"UA","capacityMw":0.0,"country":"UA","externalIds":{"osm":"way/1258972154"},"geographyId":"UA-14850775B78366470925827","id":"wattlas-plant-osm-way-1258972154","lifecycleCounts":{"operational":1},"locationPrecision":"exact","name":"ГРП","operatingCapacityCoverage":{"coveragePercent":0.0,"knownUnitCount":0,"method":"unavailable","totalUnitCount":0},"operatingCapacityMw":0.0,"operatingCapacityMwByTechnology":{},"plannedCapacityCoverage":{"coveragePercent":0.0,"knownUnitCount":0,"method":"unavailable","totalUnitCount":0},"plannedCapacityMw":0.0,"plannedCapacityMwByTechnology":{},"recordCount":1,"recordIds":["wattlas-record-osm-way-1258972154"],"sourceIds":["openstreetmap-power"],"sourceUrl":"https://www.openstreetmap.org/way/1258972154","technologies":["gas"],"technologyMixMw":{"gas":0.0},"unitCount":0,"unitIds":[]},"type":"Feature"},{"geometry":{"coordinates":[26.453877,49.183253],"type":"Point"},"id":"wattlas-plant-osm-way-1258976303","properties":{"aliases":["ШРП"],"canonicalAnchor":"osm:way/1258976303","canonicalCountryKey":"UA","capacityMw":0.0,"country":"UA","externalIds":{"osm":"way/1258976303"},"geographyId":"UA-14850775B78366470925827","id":"wattlas-plant-osm-way-1258976303","lifecycleCounts":{"operational":1},"locationPrecision":"exact","name":"ШРП","operatingCapacityCoverage":{"coveragePercent":0.0,"knownUnitCount":0,"method":"unavailable","totalUnitCount":0},"operatingCapacityMw":0.0,"operatingCapacityMwByTechnology":{},"plannedCapacityCoverage":{"coveragePercent":0.0,"knownUnitCount":0,"method":"unavailable","totalUnitCount":0},"plannedCapacityMw":0.0,"plannedCapacityMwByTechnology":{},"recordCount":1,"recordIds":["wattlas-record-osm-way-1258976303"],"sourceIds":["openstreetmap-power"],"sourceUrl":"https://www.openstreetmap.org/way/1258976303","technologies":["gas"],"technologyMixMw":{"gas":0.0},"unitCount":0,"unitIds":[]},"type":"Feature"},{"geometry":{"coordinates":[26.474262,49.19454],"type":"Point"},"id":"wattlas-plant-osm-way-1258976304","properties":{"aliases":["ШРП"],"canonicalAnchor":"osm:way/1258976304","canonicalCountryKey":"UA","capacityMw":0.0,"country":"UA","externalIds":{"osm":"way/1258976304"},"geographyId":"UA-14850775B78366470925827","id":"wattlas-plant-osm-way-1258976304","lifecycleCounts":{"operational":1},"locationPrecision":"exact","name":"ШРП","operatingCapacityCoverage":{"coveragePercent":0.0,"knownUnitCount":0,"method":"unavailable","totalUnitCount":0},"operatingCapacityMw":0.0,"operatingCapacityMwByTechnology":{},"plannedCapacityCoverage":{"coveragePercent":0.0,"knownUnitCount":0,"method":"unavailable","totalUnitCount":0},"plannedCapacityMw":0.0,"plannedCapacityMwByTechnology":{},"recordCount":1,"recordIds":["wattlas-record-osm-way-1258976304"],"sourceIds":["openstreetmap-power"],"sourceUrl":"https://www.openstreetmap.org/way/1258976304","technologies":["gas"],"technologyMixMw":{"gas":0.0},"unitCount":0,"unitIds":[]},"type":"Feature"},{"geometry":{"coordinates":[26.488734,49.196225],"type":"Point"},"id":"wattlas-plant-osm-way-1258976305","properties":{"aliases":["ГРП"],"canonicalAnchor":"osm:way/1258976305","canonicalCountryKey":"UA","capacityMw":0.0,"country":"UA","externalIds":{"osm":"way/1258976305"},"geographyId":"UA-14850775B78366470925827","id":"wattlas-plant-osm-way-1258976305","lifecycleCounts":{"operational":1},"locationPrecision":"exact","name":"ГРП","operatingCapacityCoverage":{"coveragePercent":0.0,"knownUnitCount":0,"method":"unavailable","totalUnitCount":0},"operatingCapacityMw":0.0,"operatingCapacityMwByTechnology":{},"plannedCapacityCoverage":{"coveragePercent":0.0,"knownUnitCount":0,"method":"unavailable","totalUnitCount":0},"plannedCapacityMw":0.0,"plannedCapacityMwByTechnology":{},"recordCount":1,"recordIds":["wattlas-record-osm-way-1258976305"],"sourceIds":["openstreetmap-power"],"sourceUrl":"https://www.openstreetmap.org/way/1258976305","technologies":["gas"],"technologyMixMw":{"gas":0.0},"unitCount":0,"unitIds":[]},"type":"Feature"},{"geometry":{"coordinates":[26.487782,49.209734],"type":"Point"},"id":"wattlas-plant-osm-way-1258976306","properties":{"aliases":["ШРП"],"canonicalAnchor":"osm:way/1258976306","canonicalCountryKey":"UA","capacityMw":0.0,"country":"UA","externalIds":{"osm":"way/1258976306"},"geographyId":"UA-14850775B78366470925827","id":"wattlas-plant-osm-way-1258976306","lifecycleCounts":{"operational":1},"locationPrecision":"exact","name":"ШРП","operatingCapacityCoverage":{"coveragePercent":0.0,"knownUnitCount":0,"method":"unavailable","totalUnitCount":0},"operatingCapacityMw":0.0,"operatingCapacityMwByTechnology":{},"plannedCapacityCoverage":{"coveragePercent":0.0,"knownUnitCount":0,"method":"unavailable","totalUnitCount":0},"plannedCapacityMw":0.0,"plannedCapacityMwByTechnology":{},"recordCount":1,"recordIds":["wattlas-record-osm-way-1258976306"],"sourceIds":["openstreetmap-power"],"sourceUrl":"https://www.openstreetmap.org/way/1258976306","technologies":["gas"],"technologyMixMw":{"gas":0.0},"unitCount":0,"unitIds":[]},"type":"Feature"},{"geometry":{"coordinates":[26.543429,49.207289],"type":"Point"},"id":"wattlas-plant-osm-way-1258976307","properties":{"aliases":["ГРП"],"canonicalAnchor":"osm:way/1258976307","canonicalCountryKey":"UA","capacityMw":0.0,"country":"UA","externalIds":{"osm":"way/1258976307"},"geographyId":"UA-14850775B78366470925827","id":"wattlas-plant-osm-way-1258976307","lifecycleCounts":{"operational":1},"locationPrecision":"exact","name":"ГРП","operatingCapacityCoverage":{"coveragePercent":0.0,"knownUnitCount":0,"method":"unavailable","totalUnitCount":0},"operatingCapacityMw":0.0,"operatingCapacityMwByTechnology":{},"plannedCapacityCoverage":{"coveragePercent":0.0,"knownUnitCount":0,"method":"unavailable","totalUnitCount":0},"plannedCapacityMw":0.0,"plannedCapacityMwByTechnology":{},"recordCount":1,"recordIds":["wattlas-record-osm-way-1258976307"],"sourceIds":["openstreetmap-power"],"sourceUrl":"https://www.openstreetmap.org/way/1258976307","technologies":["gas"],"technologyMixMw":{"gas":0.0},"unitCount":0,"unitIds":[]},"type":"Feature"},{"geometry":{"coordinates":[22.934544,48.047394],"type":"Point"},"id":"wattlas-plant-osm-way-1316829090","properties":{"aliases":["СЕС «Петрово»"],"canonicalAnchor":"osm:way/1316829090","canonicalCountryKey":"UA","capacityMw":0.0,"country":"UA","externalIds":{"osm":"way/1316829090"},"geographyId":"UA-14850775B82824220650579","id":"wattlas-plant-osm-way-1316829090","lifecycleCounts":{"operational":1},"locationPrecision":"exact","name":"СЕС «Петрово»","operatingCapacityCoverage":{"coveragePercent":0.0,"knownUnitCount":0,"method":"unavailable","totalUnitCount":0},"operatingCapacityMw":0.0,"operatingCapacityMwByTechnology":{},"plannedCapacityCoverage":{"coveragePercent":0.0,"knownUnitCount":0,"method":"unavailable","totalUnitCount":0},"plannedCapacityMw":0.0,"plannedCapacityMwByTechnology":{},"recordCount":1,"recordIds":["wattlas-record-osm-way-1316829090"],"sourceIds":["openstreetmap-power"],"sourceUrl":"https://www.openstreetmap.org/way/1316829090","technologies":["solar"],"technologyMixMw":{"solar":0.0},"unitCount":0,"unitIds":[]},"type":"Feature"},{"geometry":{"coordinates":[26.966192,49.412833],"type":"Point"},"id":"wattlas-plant-osm-way-133272041","properties":{"aliases":["Котельня"],"canonicalAnchor":"osm:way/133272041","canonicalCountryKey":"UA","capacityMw":0.0,"country":"UA","externalIds":{"osm":"way/133272041"},"geographyId":"UA-14850775B78366470925827","id":"wattlas-plant-osm-way-133272041","lifecycleCounts":{"operational":1},"locationPrecision":"exact","name":"Котельня","operatingCapacityCoverage":{"coveragePercent":0.0,"knownUnitCount":0,"method":"unavailable","totalUnitCount":0},"operatingCapacityMw":0.0,"operatingCapacityMwByTechnology":{},"plannedCapacityCoverage":{"coveragePercent":0.0,"knownUnitCount":0,"method":"unavailable","totalUnitCount":0},"plannedCapacityMw":0.0,"plannedCapacityMwByTechnology":{},"recordCount":1,"recordIds":["wattlas-record-osm-way-133272041"],"sourceIds":["openstreetmap-power"],"sourceUrl":"https://www.openstreetmap.org/way/133272041","technologies":["other"],"technologyMixMw":{"other":0.0},"unitCount":0,"unitIds":[]},"type":"Feature"},{"geometry":{"coordinates":[34.853738,47.763992],"type":"Point"},"id":"wattlas-plant-osm-way-1354038033","properties":{"aliases":["котельная"],"canonicalAnchor":"osm:way/1354038033","canonicalCountryKey":"UA","capacityMw":0.0,"country":"UA","externalIds":{"osm":"way/1354038033"},"geographyId":"UA-14850775B41808765507575","id":"wattlas-plant-osm-way-1354038033","lifecycleCounts":{"operational":1},"locationPrecision":"exact","name":"котельная","operatingCapacityCoverage":{"coveragePercent":0.0,"knownUnitCount":0,"method":"unavailable","totalUnitCount":0},"operatingCapacityMw":0.0,"operatingCapacityMwByTechnology":{},"plannedCapacityCoverage":{"coveragePercent":0.0,"knownUnitCount":0,"method":"unavailable","totalUnitCount":0},"plannedCapacityMw":0.0,"plannedCapacityMwByTechnology":{},"recordCount":1,"recordIds":["wattlas-record-osm-way-1354038033"],"sourceIds":["openstreetmap-power"],"sourceUrl":"https://www.openstreetmap.org/way/1354038033","technologies":["gas"],"technologyMixMw":{"gas":0.0},"unitCount":0,"unitIds":[]},"type":"Feature"},{"geometry":{"coordinates":[36.035843,48.46066],"type":"Point"},"id":"wattlas-plant-osm-way-1356391688","properties":{"aliases":["Котельная"],"canonicalAnchor":"osm:way/1356391688","canonicalCountryKey":"UA","capacityMw":0.0,"country":"UA","externalIds":{"osm":"way/1356391688"},"geographyId":"UA-14850775B41808765507575","id":"wattlas-plant-osm-way-1356391688","lifecycleCounts":{"operational":1},"locationPrecision":"exact","name":"Котельная","operatingCapacityCoverage":{"coveragePercent":0.0,"knownUnitCount":0,"method":"unavailable","totalUnitCount":0},"operatingCapacityMw":0.0,"operatingCapacityMwByTechnology":{},"plannedCapacityCoverage":{"coveragePercent":0.0,"knownUnitCount":0,"method":"unavailable","totalUnitCount":0},"plannedCapacityMw":0.0,"plannedCapacityMwByTechnology":{},"recordCount":1,"recordIds":["wattlas-record-osm-way-1356391688"],"sourceIds":["openstreetmap-power"],"sourceUrl":"https://www.openstreetmap.org/way/1356391688","technologies":["other"],"technologyMixMw":{"other":0.0},"unitCount":0,"unitIds":[]},"type":"Feature"},{"geometry":{"coordinates":[22.880579,48.201104],"type":"Point"},"id":"wattlas-plant-osm-way-1361251872","properties":{"aliases":["СЕС «Шаланки-3»"],"canonicalAnchor":"osm:way/1361251872","canonicalCountryKey":"UA","capacityMw":30.0,"country":"UA","externalIds":{"osm":"way/1361251872"},"geographyId":"UA-14850775B82824220650579","id":"wattlas-plant-osm-way-1361251872","lifecycleCounts":{"operational":1},"locationPrecision":"exact","name":"СЕС «Шаланки-3»","operatingCapacityCoverage":{"coveragePercent":100.0,"knownUnitCount":0,"method":"plant_aggregate","provenance":{"evidenceCount":0,"recordIds":["wattlas-record-osm-way-1361251872"],"sourceIds":["openstreetmap-power"],"sourceTypes":["community_mapped"],"valueKind":"reported"},"totalUnitCount":0},"operatingCapacityMw":30.0,"operatingCapacityMwByTechnology":{"solar":30.0},"plannedCapacityCoverage":{"coveragePercent":0.0,"knownUnitCount":0,"method":"unavailable","totalUnitCount":0},"plannedCapacityMw":0.0,"plannedCapacityMwByTechnology":{},"recordCount":1,"recordIds":["wattlas-record-osm-way-1361251872"],"sourceIds":["openstreetmap-power"],"sourceUrl":"https://www.openstreetmap.org/way/1361251872","technologies":["solar"],"technologyMixMw":{"solar":30.0},"unitCount":0,"unitIds":[]},"type":"Feature"},{"geometry":{"coordinates":[32.692821,48.156311],"type":"Point"},"id":"wattlas-plant-osm-way-1383767201","properties":{"aliases":["СЕС Молодіжне"],"canonicalAnchor":"osm:way/1383767201","canonicalCountryKey":"UA","capacityMw":5.0,"country":"UA","externalIds":{"osm":"way/1383767201"},"geographyId":"UA-14850775B64193679462794","id":"wattlas-plant-osm-way-1383767201","lifecycleCounts":{"operational":1},"locationPrecision":"exact","name":"СЕС Молодіжне","operatingCapacityCoverage":{"coveragePercent":100.0,"knownUnitCount":0,"method":"plant_aggregate","provenance":{"evidenceCount":0,"recordIds":["wattlas-record-osm-way-1383767201"],"sourceIds":["openstreetmap-power"],"sourceTypes":["community_mapped"],"valueKind":"reported"},"totalUnitCount":0},"operatingCapacityMw":5.0,"operatingCapacityMwByTechnology":{"solar":5.0},"plannedCapacityCoverage":{"coveragePercent":0.0,"knownUnitCount":0,"method":"unavailable","totalUnitCount":0},"plannedCapacityMw":0.0,"plannedCapacityMwByTechnology":{},"recordCount":1,"recordIds":["wattlas-record-osm-way-1383767201"],"sourceIds":["openstreetmap-power"],"sourceUrl":"https://www.openstreetmap.org/way/1383767201","technologies":["solar"],"technologyMixMw":{"solar":5.0},"unitCount":0,"unitIds":[]},"type":"Feature"},{"geometry":{"coordinates":[28.382544,49.080425],"type":"Point"},"id":"wattlas-plant-osm-way-1427525775","properties":{"aliases":["СЕС Гнівань"],"canonicalAnchor":"osm:way/1427525775","canonicalCountryKey":"UA","capacityMw":0.0,"country":"UA","externalIds":{"osm":"way/1427525775"},"geographyId":"UA-14850775B93300237551625","id":"wattlas-plant-osm-way-1427525775","lifecycleCounts":{"operational":1},"locationPrecision":"exact","name":"СЕС Гнівань","operatingCapacityCoverage":{"coveragePercent":0.0,"knownUnitCount":0,"method":"unavailable","totalUnitCount":0},"operatingCapacityMw":0.0,"operatingCapacityMwByTechnology":{},"plannedCapacityCoverage":{"coveragePercent":0.0,"knownUnitCount":0,"method":"unavailable","totalUnitCount":0},"plannedCapacityMw":0.0,"plannedCapacityMwByTechnology":{},"recordCount":1,"recordIds":["wattlas-record-osm-way-1427525775"],"sourceIds":["openstreetmap-power"],"sourceUrl":"https://www.openstreetmap.org/way/1427525775","technologies":["solar"],"technologyMixMw":{"solar":0.0},"unitCount":0,"unitIds":[]},"type":"Feature"},{"geometry":{"coordinates":[33.848636,51.201029],"type":"Point"},"id":"wattlas-plant-osm-way-1460547095","properties":{"aliases":["Нафтобаза"],"canonicalAnchor":"osm:way/1460547095","canonicalCountryKey":"UA","capacityMw":0.0,"country":"UA","externalIds":{"osm":"way/1460547095"},"geographyId":"UA-14850775B14512392274127","id":"wattlas-plant-osm-way-1460547095","lifecycleCounts":{"operational":1},"locationPrecision":"exact","name":"Нафтобаза","operatingCapacityCoverage":{"coveragePercent":0.0,"knownUnitCount":0,"method":"unavailable","totalUnitCount":0},"operatingCapacityMw":0.0,"operatingCapacityMwByTechnology":{},"plannedCapacityCoverage":{"coveragePercent":0.0,"knownUnitCount":0,"method":"unavailable","totalUnitCount":0},"plannedCapacityMw":0.0,"plannedCapacityMwByTechnology":{},"recordCount":1,"recordIds":["wattlas-record-osm-way-1460547095"],"sourceIds":["openstreetmap-power"],"sourceUrl":"https://www.openstreetmap.org/way/1460547095","technologies":["oil"],"technologyMixMw":{"oil":0.0},"unitCount":0,"unitIds":[]},"type":"Feature"},{"geometry":{"coordinates":[31.925353,49.170869],"type":"Point"},"id":"wattlas-plant-osm-way-1467079689","properties":{"aliases":["Малояблунівська  мала ГЕС"],"canonicalAnchor":"osm:way/1467079689","canonicalCountryKey":"UA","capacityMw":0.0,"country":"UA","externalIds":{"osm":"way/1467079689"},"geographyId":"UA-14850775B95678810793770","id":"wattlas-plant-osm-way-1467079689","lifecycleCounts":{"operational":1},"locationPrecision":"exact","name":"Малояблунівська  мала ГЕС","operatingCapacityCoverage":{"coveragePercent":0.0,"knownUnitCount":0,"method":"unavailable","totalUnitCount":0},"operatingCapacityMw":0.0,"operatingCapacityMwByTechnology":{},"plannedCapacityCoverage":{"coveragePercent":0.0,"knownUnitCount":0,"method":"unavailable","totalUnitCount":0},"plannedCapacityMw":0.0,"plannedCapacityMwByTechnology":{},"recordCount":1,"recordIds":["wattlas-record-osm-way-1467079689"],"sourceIds":["openstreetmap-power"],"sourceUrl":"https://www.openstreetmap.org/way/1467079689","technologies":["hydro"],"technologyMixMw":{"hydro":0.0},"unitCount":0,"unitIds":[]},"type":"Feature"},{"geometry":{"coordinates":[36.599929,49.803799],"type":"Point"},"id":"wattlas-plant-osm-way-147292548","properties":{"aliases":["ДП ТЕЦ-2 \"Есхар\""],"canonicalAnchor":"osm:way/147292548","canonicalCountryKey":"UA","capacityMw":150.0,"country":"UA","externalIds":{"osm":"way/147292548"},"geographyId":"UA-14850775B15913324833724","id":"wattlas-plant-osm-way-147292548","lifecycleCounts":{"operational":1},"locationPrecision":"exact","name":"ДП ТЕЦ-2 \"Есхар\"","operatingCapacityCoverage":{"coveragePercent":100.0,"knownUnitCount":0,"method":"plant_aggregate","provenance":{"evidenceCount":0,"recordIds":["wattlas-record-osm-way-147292548"],"sourceIds":["openstreetmap-power"],"sourceTypes":["community_mapped"],"valueKind":"reported"},"totalUnitCount":0},"operatingCapacityMw":150.0,"operatingCapacityMwByTechnology":{"coal":150.0},"plannedCapacityCoverage":{"coveragePercent":0.0,"knownUnitCount":0,"method":"unavailable","totalUnitCount":0},"plannedCapacityMw":0.0,"plannedCapacityMwByTechnology":{},"recordCount":1,"recordIds":["wattlas-record-osm-way-147292548"],"sourceIds":["openstreetmap-power"],"sourceUrl":"https://www.openstreetmap.org/way/147292548","technologies":["coal"],"technologyMixMw":{"coal":150.0},"unitCount":0,"unitIds":[]},"type":"Feature"},{"geometry":{"coordinates":[37.660441,47.929557],"type":"Point"},"id":"wattlas-plant-osm-way-147909824","properties":{"aliases":["Котельня"],"canonicalAnchor":"osm:way/147909824","canonicalCountryKey":"UA","capacityMw":0.0,"country":"UA","externalIds":{"osm":"way/147909824"},"geographyId":"UA-14850775B15615817748403","id":"wattlas-plant-osm-way-147909824","lifecycleCounts":{"operational":1},"locationPrecision":"exact","name":"Котельня","operatingCapacityCoverage":{"coveragePercent":0.0,"knownUnitCount":0,"method":"unavailable","totalUnitCount":0},"operatingCapacityMw":0.0,"operatingCapacityMwByTechnology":{},"plannedCapacityCoverage":{"coveragePercent":0.0,"knownUnitCount":0,"method":"unavailable","totalUnitCount":0},"plannedCapacityMw":0.0,"plannedCapacityMwByTechnology":{},"recordCount":1,"recordIds":["wattlas-record-osm-way-147909824"],"sourceIds":["openstreetmap-power"],"sourceUrl":"https://www.openstreetmap.org/way/147909824","technologies":["gas"],"technologyMixMw":{"gas":0.0},"unitCount":0,"unitIds":[]},"type":"Feature"},{"geometry":{"coordinates":[32.744537,45.485763],"type":"Point"},"id":"wattlas-plant-osm-way-148046504","properties":{"aliases":["Черноморская ВЭС"],"canonicalAnchor":"osm:way/148046504","canonicalCountryKey":"UA","capacityMw":1.2,"country":"UA","externalIds":{"osm":"way/148046504"},"geographyId":"UA-14850775B24260608407062","id":"wattlas-plant-osm-way-148046504","lifecycleCounts":{"operational":1},"locationPrecision":"exact","name":"Черноморская ВЭС","operatingCapacityCoverage":{"coveragePercent":100.0,"knownUnitCount":0,"method":"plant_aggregate","provenance":{"evidenceCount":0,"recordIds":["wattlas-record-osm-way-148046504"],"sourceIds":["openstreetmap-power"],"sourceTypes":["community_mapped"],"valueKind":"reported"},"totalUnitCount":0},"operatingCapacityMw":1.2,"operatingCapacityMwByTechnology":{"wind":1.2},"plannedCapacityCoverage":{"coveragePercent":0.0,"knownUnitCount":0,"method":"unavailable","totalUnitCount":0},"plannedCapacityMw":0.0,"plannedCapacityMwByTechnology":{},"recordCount":1,"recordIds":["wattlas-record-osm-way-148046504"],"sourceIds":["openstreetmap-power"],"sourceUrl":"https://www.openstreetmap.org/way/148046504","technologies":["wind"],"technologyMixMw":{"wind":1.2},"unitCount":0,"unitIds":[]},"type":"Feature"},{"geometry":{"coordinates":[24.045379,49.452712],"type":"Point"},"id":"wattlas-plant-osm-way-1502521224","properties":{"aliases":["СЕС Південна"],"canonicalAnchor":"osm:way/1502521224","canonicalCountryKey":"UA","capacityMw":9.95,"country":"UA","externalIds":{"osm":"way/1502521224"},"geographyId":"UA-14850775B26941409899318","id":"wattlas-plant-osm-way-1502521224","lifecycleCounts":{"operational":1},"locationPrecision":"exact","name":"СЕС Південна","operatingCapacityCoverage":{"coveragePercent":100.0,"knownUnitCount":0,"method":"plant_aggregate","provenance":{"evidenceCount":0,"recordIds":["wattlas-record-osm-way-1502521224"],"sourceIds":["openstreetmap-power"],"sourceTypes":["community_mapped"],"valueKind":"reported"},"totalUnitCount":0},"operatingCapacityMw":9.95,"operatingCapacityMwByTechnology":{"solar":9.95},"plannedCapacityCoverage":{"coveragePercent":0.0,"knownUnitCount":0,"method":"unavailable","totalUnitCount":0},"plannedCapacityMw":0.0,"plannedCapacityMwByTechnology":{},"recordCount":1,"recordIds":["wattlas-record-osm-way-1502521224"],"sourceIds":["openstreetmap-power"],"sourceUrl":"https://www.openstreetmap.org/way/1502521224","technologies":["solar"],"technologyMixMw":{"solar":9.95},"unitCount":0,"unitIds":[]},"type":"Feature"},{"geometry":{"coordinates":[24.045639,49.446479],"type":"Point"},"id":"wattlas-plant-osm-way-1504312056","properties":{"aliases":["СЕС Південна"],"canonicalAnchor":"osm:way/1504312056","canonicalCountryKey":"UA","capacityMw":9.95,"country":"UA","externalIds":{"osm":"way/1504312056"},"geographyId":"UA-14850775B26941409899318","id":"wattlas-plant-osm-way-1504312056","lifecycleCounts":{"operational":1},"locationPrecision":"exact","name":"СЕС Південна","operatingCapacityCoverage":{"coveragePercent":100.0,"knownUnitCount":0,"method":"plant_aggregate","provenance":{"evidenceCount":0,"recordIds":["wattlas-record-osm-way-1504312056"],"sourceIds":["openstreetmap-power"],"sourceTypes":["community_mapped"],"valueKind":"reported"},"totalUnitCount":0},"operatingCapacityMw":9.95,"operatingCapacityMwByTechnology":{"solar":9.95},"plannedCapacityCoverage":{"coveragePercent":0.0,"knownUnitCount":0,"method":"unavailable","totalUnitCount":0},"plannedCapacityMw":0.0,"plannedCapacityMwByTechnology":{},"recordCount":1,"recordIds":["wattlas-record-osm-way-1504312056"],"sourceIds":["openstreetmap-power"],"sourceUrl":"https://www.openstreetmap.org/way/1504312056","technologies":["solar"],"technologyMixMw":{"solar":9.95},"unitCount":0,"unitIds":[]},"type":"Feature"},{"geometry":{"coordinates":[24.17746,48.882444],"type":"Point"},"id":"wattlas-plant-osm-way-1531148002","properties":{"aliases":["Ековат Плюс"],"canonicalAnchor":"osm:way/1531148002","canonicalCountryKey":"UA","capacityMw":2.42,"country":"UA","externalIds":{"osm":"way/1531148002"},"geographyId":"UA-14850775B19104561075165","id":"wattlas-plant-osm-way-1531148002","lifecycleCounts":{"operational":1},"locationPrecision":"exact","name":"Ековат Плюс","operatingCapacityCoverage":{"coveragePercent":100.0,"knownUnitCount":0,"method":"plant_aggregate","provenance":{"evidenceCount":0,"recordIds":["wattlas-record-osm-way-1531148002"],"sourceIds":["openstreetmap-power"],"sourceTypes":["community_mapped"],"valueKind":"reported"},"totalUnitCount":0},"operatingCapacityMw":2.42,"operatingCapacityMwByTechnology":{"solar":2.42},"plannedCapacityCoverage":{"coveragePercent":0.0,"knownUnitCount":0,"method":"unavailable","totalUnitCount":0},"plannedCapacityMw":0.0,"plannedCapacityMwByTechnology":{},"recordCount":1,"recordIds":["wattlas-record-osm-way-1531148002"],"sourceIds":["openstreetmap-power"],"sourceUrl":"https://www.openstreetmap.org/way/1531148002","technologies":["solar"],"technologyMixMw":{"solar":2.42},"unitCount":0,"unitIds":[]},"type":"Feature"},{"geometry":{"coordinates":[24.843407,48.740443],"type":"Point"},"id":"wattlas-plant-osm-way-1531148003","properties":{"aliases":["Імпульс-Іва"],"canonicalAnchor":"osm:way/1531148003","canonicalCountryKey":"UA","capacityMw":1.382,"country":"UA","externalIds":{"osm":"way/1531148003"},"geographyId":"UA-14850775B19104561075165","id":"wattlas-plant-osm-way-1531148003","lifecycleCounts":{"operational":1},"locationPrecision":"exact","name":"Імпульс-Іва","operatingCapacityCoverage":{"coveragePercent":100.0,"knownUnitCount":0,"method":"plant_aggregate","provenance":{"evidenceCount":0,"recordIds":["wattlas-record-osm-way-1531148003"],"sourceIds":["openstreetmap-power"],"sourceTypes":["community_mapped"],"valueKind":"reported"},"totalUnitCount":0},"operatingCapacityMw":1.382,"operatingCapacityMwByTechnology":{"solar":1.382},"plannedCapacityCoverage":{"coveragePercent":0.0,"knownUnitCount":0,"method":"unavailable","totalUnitCount":0},"plannedCapacityMw":0.0,"plannedCapacityMwByTechnology":{},"recordCount":1,"recordIds":["wattlas-record-osm-way-1531148003"],"sourceIds":["openstreetmap-power"],"sourceUrl":"https://www.openstreetmap.org/way/1531148003","technologies":["solar"],"technologyMixMw":{"solar":1.382},"unitCount":0,"unitIds":[]},"type":"Feature"},{"geometry":{"coordinates":[24.753862,49.12526],"type":"Point"},"id":"wattlas-plant-osm-way-1531148004","properties":{"aliases":["Галсан"],"canonicalAnchor":"osm:way/1531148004","canonicalCountryKey":"UA","capacityMw":4.14,"country":"UA","externalIds":{"osm":"way/1531148004"},"geographyId":"UA-14850775B19104561075165","id":"wattlas-plant-osm-way-1531148004","lifecycleCounts":{"operational":1},"locationPrecision":"exact","name":"Галсан","operatingCapacityCoverage":{"coveragePercent":100.0,"knownUnitCount":0,"method":"plant_aggregate","provenance":{"evidenceCount":0,"recordIds":["wattlas-record-osm-way-1531148004"],"sourceIds":["openstreetmap-power"],"sourceTypes":["community_mapped"],"valueKind":"reported"},"totalUnitCount":0},"operatingCapacityMw":4.14,"operatingCapacityMwByTechnology":{"solar":4.14},"plannedCapacityCoverage":{"coveragePercent":0.0,"knownUnitCount":0,"method":"unavailable","totalUnitCount":0},"plannedCapacityMw":0.0,"plannedCapacityMwByTechnology":{},"recordCount":1,"recordIds":["wattlas-record-osm-way-1531148004"],"sourceIds":["openstreetmap-power"],"sourceUrl":"https://www.openstreetmap.org/way/1531148004","technologies":["solar"],"technologyMixMw":{"solar":4.14},"unitCount":0,"unitIds":[]},"type":"Feature"},{"geometry":{"coordinates":[24.734011,49.304013],"type":"Point"},"id":"wattlas-plant-osm-way-1531148011","properties":{"aliases":["Сарники 2 черга"],"canonicalAnchor":"osm:way/1531148011","canonicalCountryKey":"UA","capacityMw":1.13,"country":"UA","externalIds":{"osm":"way/1531148011"},"geographyId":"UA-14850775B19104561075165","id":"wattlas-plant-osm-way-1531148011","lifecycleCounts":{"operational":1},"locationPrecision":"exact","name":"Сарники 2 черга","operatingCapacityCoverage":{"coveragePercent":100.0,"knownUnitCount":0,"method":"plant_aggregate","provenance":{"evidenceCount":0,"recordIds":["wattlas-record-osm-way-1531148011"],"sourceIds":["openstreetmap-power"],"sourceTypes":["community_mapped"],"valueKind":"reported"},"totalUnitCount":0},"operatingCapacityMw":1.13,"operatingCapacityMwByTechnology":{"solar":1.13},"plannedCapacityCoverage":{"coveragePercent":0.0,"knownUnitCount":0,"method":"unavailable","totalUnitCount":0},"plannedCapacityMw":0.0,"plannedCapacityMwByTechnology":{},"recordCount":1,"recordIds":["wattlas-record-osm-way-1531148011"],"sourceIds":["openstreetmap-power"],"sourceUrl":"https://www.openstreetmap.org/way/1531148011","technologies":["solar"],"technologyMixMw":{"solar":1.13},"unitCount":0,"unitIds":[]},"type":"Feature"},{"geometry":{"coordinates":[24.839771,48.810056],"type":"Point"},"id":"wattlas-plant-osm-way-1531148014","properties":{"aliases":["Аврора Солар"],"canonicalAnchor":"osm:way/1531148014","canonicalCountryKey":"UA","capacityMw":2.139,"country":"UA","externalIds":{"osm":"way/1531148014"},"geographyId":"UA-14850775B19104561075165","id":"wattlas-plant-osm-way-1531148014","lifecycleCounts":{"operational":1},"locationPrecision":"exact","name":"Аврора Солар","operatingCapacityCoverage":{"coveragePercent":100.0,"knownUnitCount":0,"method":"plant_aggregate","provenance":{"evidenceCount":0,"recordIds":["wattlas-record-osm-way-1531148014"],"sourceIds":["openstreetmap-power"],"sourceTypes":["community_mapped"],"valueKind":"reported"},"totalUnitCount":0},"operatingCapacityMw":2.139,"operatingCapacityMwByTechnology":{"solar":2.139},"plannedCapacityCoverage":{"coveragePercent":0.0,"knownUnitCount":0,"method":"unavailable","totalUnitCount":0},"plannedCapacityMw":0.0,"plannedCapacityMwByTechnology":{},"recordCount":1,"recordIds":["wattlas-record-osm-way-1531148014"],"sourceIds":["openstreetmap-power"],"sourceUrl":"https://www.openstreetmap.org/way/1531148014","technologies":["solar"],"technologyMixMw":{"solar":2.139},"unitCount":0,"unitIds":[]},"type":"Feature"},{"geometry":{"coordinates":[24.493365,49.246275],"type":"Point"},"id":"wattlas-plant-osm-way-1532145319","properties":{"aliases":["Букачівці"],"canonicalAnchor":"osm:way/1532145319","canonicalCountryKey":"UA","capacityMw":3.064,"country":"UA","externalIds":{"osm":"way/1532145319"},"geographyId":"UA-14850775B19104561075165","id":"wattlas-plant-osm-way-1532145319","lifecycleCounts":{"operational":1},"locationPrecision":"exact","name":"Букачівці","operatingCapacityCoverage":{"coveragePercent":100.0,"knownUnitCount":0,"method":"plant_aggregate","provenance":{"evidenceCount":0,"recordIds":["wattlas-record-osm-way-1532145319"],"sourceIds":["openstreetmap-power"],"sourceTypes":["community_mapped"],"valueKind":"reported"},"totalUnitCount":0},"operatingCapacityMw":3.064,"operatingCapacityMwByTechnology":{"solar":3.064},"plannedCapacityCoverage":{"coveragePercent":0.0,"knownUnitCount":0,"method":"unavailable","totalUnitCount":0},"plannedCapacityMw":0.0,"plannedCapacityMwByTechnology":{},"recordCount":1,"recordIds":["wattlas-record-osm-way-1532145319"],"sourceIds":["openstreetmap-power"],"sourceUrl":"https://www.openstreetmap.org/way/1532145319","technologies":["solar"],"technologyMixMw":{"solar":3.064},"unitCount":0,"unitIds":[]},"type":"Feature"},{"geometry":{"coordinates":[24.015197,49.836133],"type":"Point"},"id":"wattlas-plant-osm-way-166075552","properties":{"aliases":["Котельня"],"canonicalAnchor":"osm:way/166075552","canonicalCountryKey":"UA","capacityMw":0.0,"country":"UA","externalIds":{"osm":"way/166075552"},"geographyId":"UA-14850775B26941409899318","id":"wattlas-plant-osm-way-166075552","lifecycleCounts":{"operational":1},"locationPrecision":"exact","name":"Котельня","operatingCapacityCoverage":{"coveragePercent":0.0,"knownUnitCount":0,"method":"unavailable","totalUnitCount":0},"operatingCapacityMw":0.0,"operatingCapacityMwByTechnology":{},"plannedCapacityCoverage":{"coveragePercent":0.0,"knownUnitCount":0,"method":"unavailable","totalUnitCount":0},"plannedCapacityMw":0.0,"plannedCapacityMwByTechnology":{},"recordCount":1,"recordIds":["wattlas-record-osm-way-166075552"],"sourceIds":["openstreetmap-power"],"sourceUrl":"https://www.openstreetmap.org/way/166075552","technologies":["gas"],"technologyMixMw":{"gas":0.0},"unitCount":0,"unitIds":[]},"type":"Feature"},{"geometry":{"coordinates":[24.092118,49.901949],"type":"Point"},"id":"wattlas-plant-osm-way-170142732","properties":{"aliases":["Котельня"],"canonicalAnchor":"osm:way/170142732","canonicalCountryKey":"UA","capacityMw":0.0,"country":"UA","externalIds":{"osm":"way/170142732"},"geographyId":"UA-14850775B26941409899318","id":"wattlas-plant-osm-way-170142732","lifecycleCounts":{"operational":1},"locationPrecision":"exact","name":"Котельня","operatingCapacityCoverage":{"coveragePercent":0.0,"knownUnitCount":0,"method":"unavailable","totalUnitCount":0},"operatingCapacityMw":0.0,"operatingCapacityMwByTechnology":{},"plannedCapacityCoverage":{"coveragePercent":0.0,"knownUnitCount":0,"method":"unavailable","totalUnitCount":0},"plannedCapacityMw":0.0,"plannedCapacityMwByTechnology":{},"recordCount":1,"recordIds":["wattlas-record-osm-way-170142732"],"sourceIds":["openstreetmap-power"],"sourceUrl":"https://www.openstreetmap.org/way/170142732","technologies":["other"],"technologyMixMw":{"other":0.0},"unitCount":0,"unitIds":[]},"type":"Feature"},{"geometry":{"coordinates":[33.31459,48.007227],"type":"Point"},"id":"wattlas-plant-osm-way-171002064","properties":{"aliases":["Котельня КПТМ \"Криворізька Тепломережа\""],"canonicalAnchor":"osm:way/171002064","canonicalCountryKey":"UA","capacityMw":0.0,"country":"UA","externalIds":{"osm":"way/171002064"},"geographyId":"UA-14850775B41808765507575","id":"wattlas-plant-osm-way-171002064","lifecycleCounts":{"operational":1},"locationPrecision":"exact","name":"Котельня КПТМ \"Криворізька Тепломережа\"","operatingCapacityCoverage":{"coveragePercent":0.0,"knownUnitCount":0,"method":"unavailable","totalUnitCount":0},"operatingCapacityMw":0.0,"operatingCapacityMwByTechnology":{},"plannedCapacityCoverage":{"coveragePercent":0.0,"knownUnitCount":0,"method":"unavailable","totalUnitCount":0},"plannedCapacityMw":0.0,"plannedCapacityMwByTechnology":{},"recordCount":1,"recordIds":["wattlas-record-osm-way-171002064"],"sourceIds":["openstreetmap-power"],"sourceUrl":"https://www.openstreetmap.org/way/171002064","technologies":["gas"],"technologyMixMw":{"gas":0.0},"unitCount":0,"unitIds":[]},"type":"Feature"},{"geometry":{"coordinates":[23.962091,49.842954],"type":"Point"},"id":"wattlas-plant-osm-way-178442928","properties":{"aliases":["Котельня"],"canonicalAnchor":"osm:way/178442928","canonicalCountryKey":"UA","capacityMw":0.0,"country":"UA","externalIds":{"osm":"way/178442928"},"geographyId":"UA-14850775B26941409899318","id":"wattlas-plant-osm-way-178442928","lifecycleCounts":{"operational":1},"locationPrecision":"exact","name":"Котельня","operatingCapacityCoverage":{"coveragePercent":0.0,"knownUnitCount":0,"method":"unavailable","totalUnitCount":0},"operatingCapacityMw":0.0,"operatingCapacityMwByTechnology":{},"plannedCapacityCoverage":{"coveragePercent":0.0,"knownUnitCount":0,"method":"unavailable","totalUnitCount":0},"plannedCapacityMw":0.0,"plannedCapacityMwByTechnology":{},"recordCount":1,"recordIds":["wattlas-record-osm-way-178442928"],"sourceIds":["openstreetmap-power"],"sourceUrl":"https://www.openstreetmap.org/way/178442928","technologies":["other"],"technologyMixMw":{"other":0.0},"unitCount":0,"unitIds":[]},"type":"Feature"},{"geometry":{"coordinates":[23.96629,49.842464],"type":"Point"},"id":"wattlas-plant-osm-way-178442934","properties":{"aliases":["Котельня"],"canonicalAnchor":"osm:way/178442934","canonicalCountryKey":"UA","capacityMw":0.0,"country":"UA","externalIds":{"osm":"way/178442934"},"geographyId":"UA-14850775B26941409899318","id":"wattlas-plant-osm-way-178442934","lifecycleCounts":{"operational":1},"locationPrecision":"exact","name":"Котельня","operatingCapacityCoverage":{"coveragePercent":0.0,"knownUnitCount":0,"method":"unavailable","totalUnitCount":0},"operatingCapacityMw":0.0,"operatingCapacityMwByTechnology":{},"plannedCapacityCoverage":{"coveragePercent":0.0,"knownUnitCount":0,"method":"unavailable","totalUnitCount":0},"plannedCapacityMw":0.0,"plannedCapacityMwByTechnology":{},"recordCount":1,"recordIds":["wattlas-record-osm-way-178442934"],"sourceIds":["openstreetmap-power"],"sourceUrl":"https://www.openstreetmap.org/way/178442934","technologies":["other"],"technologyMixMw":{"other":0.0},"unitCount":0,"unitIds":[]},"type":"Feature"},{"geometry":{"coordinates":[30.67523,48.906982],"type":"Point"},"id":"wattlas-plant-osm-way-188469789","properties":{"aliases":["Тальнівська ГЕС"],"canonicalAnchor":"osm:way/188469789","canonicalCountryKey":"UA","capacityMw":0.0,"country":"UA","externalIds":{"osm":"way/188469789"},"geographyId":"UA-14850775B95678810793770","id":"wattlas-plant-osm-way-188469789","lifecycleCounts":{"operational":1},"locationPrecision":"exact","name":"Тальнівська ГЕС","operatingCapacityCoverage":{"coveragePercent":0.0,"knownUnitCount":0,"method":"unavailable","totalUnitCount":0},"operatingCapacityMw":0.0,"operatingCapacityMwByTechnology":{},"plannedCapacityCoverage":{"coveragePercent":0.0,"knownUnitCount":0,"method":"unavailable","totalUnitCount":0},"plannedCapacityMw":0.0,"plannedCapacityMwByTechnology":{},"recordCount":1,"recordIds":["wattlas-record-osm-way-188469789"],"sourceIds":["openstreetmap-power"],"sourceUrl":"https://www.openstreetmap.org/way/188469789","technologies":["hydro"],"technologyMixMw":{"hydro":0.0},"unitCount":0,"unitIds":[]},"type":"Feature"},{"geometry":{"coordinates":[30.791913,50.502849],"type":"Point"},"id":"wattlas-plant-osm-way-206378527","properties":{"aliases":["Котельня"],"canonicalAnchor":"osm:way/206378527","canonicalCountryKey":"UA","capacityMw":0.0,"country":"UA","externalIds":{"osm":"way/206378527"},"geographyId":"UA-14850775B37539954297462","id":"wattlas-plant-osm-way-206378527","lifecycleCounts":{"operational":1},"locationPrecision":"exact","name":"Котельня","operatingCapacityCoverage":{"coveragePercent":0.0,"knownUnitCount":0,"method":"unavailable","totalUnitCount":0},"operatingCapacityMw":0.0,"operatingCapacityMwByTechnology":{},"plannedCapacityCoverage":{"coveragePercent":0.0,"knownUnitCount":0,"method":"unavailable","totalUnitCount":0},"plannedCapacityMw":0.0,"plannedCapacityMwByTechnology":{},"recordCount":1,"recordIds":["wattlas-record-osm-way-206378527"],"sourceIds":["openstreetmap-power"],"sourceUrl":"https://www.openstreetmap.org/way/206378527","technologies":["other"],"technologyMixMw":{"other":0.0},"unitCount":0,"unitIds":[]},"type":"Feature"},{"geometry":{"coordinates":[32.017906,46.867041],"type":"Point"},"id":"wattlas-plant-osm-way-207146914","properties":{"aliases":["Котельня"],"canonicalAnchor":"osm:way/207146914","canonicalCountryKey":"UA","capacityMw":0.0,"country":"UA","externalIds":{"osm":"way/207146914"},"geographyId":"UA-14850775B99856317748721","id":"wattlas-plant-osm-way-207146914","lifecycleCounts":{"operational":1},"locationPrecision":"exact","name":"Котельня","operatingCapacityCoverage":{"coveragePercent":0.0,"knownUnitCount":0,"method":"unavailable","totalUnitCount":0},"operatingCapacityMw":0.0,"operatingCapacityMwByTechnology":{},"plannedCapacityCoverage":{"coveragePercent":0.0,"knownUnitCount":0,"method":"unavailable","totalUnitCount":0},"plannedCapacityMw":0.0,"plannedCapacityMwByTechnology":{},"recordCount":1,"recordIds":["wattlas-record-osm-way-207146914"],"sourceIds":["openstreetmap-power"],"sourceUrl":"https://www.openstreetmap.org/way/207146914","technologies":["coal"],"technologyMixMw":{"coal":0.0},"unitCount":0,"unitIds":[]},"type":"Feature"},{"geometry":{"coordinates":[22.357413,48.662667],"type":"Point"},"id":"wattlas-plant-osm-way-216537489","properties":{"aliases":["Оноківська ГЕС"],"canonicalAnchor":"osm:way/216537489","canonicalCountryKey":"UA","capacityMw":2.65,"country":"UA","externalIds":{"osm":"way/216537489"},"geographyId":"UA-14850775B82824220650579","id":"wattlas-plant-osm-way-216537489","lifecycleCounts":{"operational":1},"locationPrecision":"exact","name":"Оноківська ГЕС","operatingCapacityCoverage":{"coveragePercent":100.0,"knownUnitCount":0,"method":"plant_aggregate","provenance":{"evidenceCount":0,"recordIds":["wattlas-record-osm-way-216537489"],"sourceIds":["openstreetmap-power"],"sourceTypes":["community_mapped"],"valueKind":"reported"},"totalUnitCount":0},"operatingCapacityMw":2.65,"operatingCapacityMwByTechnology":{"hydro":2.65},"plannedCapacityCoverage":{"coveragePercent":0.0,"knownUnitCount":0,"method":"unavailable","totalUnitCount":0},"plannedCapacityMw":0.0,"plannedCapacityMwByTechnology":{},"recordCount":1,"recordIds":["wattlas-record-osm-way-216537489"],"sourceIds":["openstreetmap-power"],"sourceUrl":"https://www.openstreetmap.org/way/216537489","technologies":["hydro"],"technologyMixMw":{"hydro":2.65},"unitCount":0,"unitIds":[]},"type":"Feature"},{"geometry":{"coordinates":[34.949867,48.335198],"type":"Point"},"id":"wattlas-plant-osm-way-218316842","properties":{"aliases":["Mapped power plant · OSM 218316842"],"canonicalAnchor":"osm:way/218316842","canonicalCountryKey":"UA","capacityMw":0.0,"country":"UA","externalIds":{"osm":"way/218316842"},"geographyId":"UA-14850775B41808765507575","id":"wattlas-plant-osm-way-218316842","lifecycleCounts":{"operational":1},"locationPrecision":"exact","name":"Mapped power plant · OSM 218316842","operatingCapacityCoverage":{"coveragePercent":0.0,"knownUnitCount":0,"method":"unavailable","totalUnitCount":0},"operatingCapacityMw":0.0,"operatingCapacityMwByTechnology":{},"plannedCapacityCoverage":{"coveragePercent":0.0,"knownUnitCount":0,"method":"unavailable","totalUnitCount":0},"plannedCapacityMw":0.0,"plannedCapacityMwByTechnology":{},"recordCount":1,"recordIds":["wattlas-record-osm-way-218316842"],"sourceIds":["openstreetmap-power"],"sourceUrl":"https://www.openstreetmap.org/way/218316842","technologies":["other"],"technologyMixMw":{"other":0.0},"unitCount":0,"unitIds":[]},"type":"Feature"},{"geometry":{"coordinates":[30.001789,46.345736],"type":"Point"},"id":"wattlas-plant-osm-way-218888016","properties":{"aliases":["СЕС Старокозаче"],"canonicalAnchor":"osm:way/218888016","canonicalCountryKey":"UA","capacityMw":21.77,"country":"UA","externalIds":{"osm":"way/218888016"},"geographyId":"UA-14850775B53240635394722","id":"wattlas-plant-osm-way-218888016","lifecycleCounts":{"operational":1},"locationPrecision":"exact","name":"СЕС Старокозаче","operatingCapacityCoverage":{"coveragePercent":100.0,"knownUnitCount":0,"method":"plant_aggregate","provenance":{"evidenceCount":0,"recordIds":["wattlas-record-osm-way-218888016"],"sourceIds":["openstreetmap-power"],"sourceTypes":["community_mapped"],"valueKind":"reported"},"totalUnitCount":0},"operatingCapacityMw":21.77,"operatingCapacityMwByTechnology":{"solar":21.77},"plannedCapacityCoverage":{"coveragePercent":0.0,"knownUnitCount":0,"method":"unavailable","totalUnitCount":0},"plannedCapacityMw":0.0,"plannedCapacityMwByTechnology":{},"recordCount":1,"recordIds":["wattlas-record-osm-way-218888016"],"sourceIds":["openstreetmap-power"],"sourceUrl":"https://www.openstreetmap.org/way/218888016","technologies":["solar"],"technologyMixMw":{"solar":21.77},"unitCount":0,"unitIds":[]},"type":"Feature"},{"geometry":{"coordinates":[22.317899,48.624302],"type":"Point"},"id":"wattlas-plant-osm-way-223405933","properties":{"aliases":["Ужгородська ГЕС"],"canonicalAnchor":"osm:way/223405933","canonicalCountryKey":"UA","capacityMw":1.9,"country":"UA","externalIds":{"osm":"way/223405933"},"geographyId":"UA-14850775B82824220650579","id":"wattlas-plant-osm-way-223405933","lifecycleCounts":{"operational":1},"locationPrecision":"exact","name":"Ужгородська ГЕС","operatingCapacityCoverage":{"coveragePercent":100.0,"knownUnitCount":0,"method":"plant_aggregate","provenance":{"evidenceCount":0,"recordIds":["wattlas-record-osm-way-223405933"],"sourceIds":["openstreetmap-power"],"sourceTypes":["community_mapped"],"valueKind":"reported"},"totalUnitCount":0},"operatingCapacityMw":1.9,"operatingCapacityMwByTechnology":{"hydro":1.9},"plannedCapacityCoverage":{"coveragePercent":0.0,"knownUnitCount":0,"method":"unavailable","totalUnitCount":0},"plannedCapacityMw":0.0,"plannedCapacityMwByTechnology":{},"recordCount":1,"recordIds":["wattlas-record-osm-way-223405933"],"sourceIds":["openstreetmap-power"],"sourceUrl":"https://www.openstreetmap.org/way/223405933","technologies":["hydro"],"technologyMixMw":{"hydro":1.9},"unitCount":0,"unitIds":[]},"type":"Feature"},{"geometry":{"coordinates":[22.27902,48.519776],"type":"Point"},"id":"wattlas-plant-osm-way-224616890","properties":{"aliases":["СЕ-1"],"canonicalAnchor":"osm:way/224616890","canonicalCountryKey":"UA","capacityMw":5.4,"country":"UA","externalIds":{"osm":"way/224616890"},"geographyId":"UA-14850775B82824220650579","id":"wattlas-plant-osm-way-224616890","lifecycleCounts":{"operational":1},"locationPrecision":"exact","name":"СЕ-1","operatingCapacityCoverage":{"coveragePercent":100.0,"knownUnitCount":0,"method":"plant_aggregate","provenance":{"evidenceCount":0,"recordIds":["wattlas-record-osm-way-224616890"],"sourceIds":["openstreetmap-power"],"sourceTypes":["community_mapped"],"valueKind":"reported"},"totalUnitCount":0},"operatingCapacityMw":5.4,"operatingCapacityMwByTechnology":{"solar":5.4},"plannedCapacityCoverage":{"coveragePercent":0.0,"knownUnitCount":0,"method":"unavailable","totalUnitCount":0},"plannedCapacityMw":0.0,"plannedCapacityMwByTechnology":{},"recordCount":1,"recordIds":["wattlas-record-osm-way-224616890"],"sourceIds":["openstreetmap-power"],"sourceUrl":"https://www.openstreetmap.org/way/224616890","technologies":["solar"],"technologyMixMw":{"solar":5.4},"unitCount":0,"unitIds":[]},"type":"Feature"},{"geometry":{"coordinates":[31.772371,46.640338],"type":"Point"},"id":"wattlas-plant-osm-way-231714472","properties":{"aliases":["Очаківська ВЕС"],"canonicalAnchor":"osm:way/231714472","canonicalCountryKey":"UA","capacityMw":25.0,"country":"UA","externalIds":{"osm":"way/231714472"},"geographyId":"UA-14850775B99856317748721","id":"wattlas-plant-osm-way-231714472","lifecycleCounts":{"operational":1},"locationPrecision":"exact","name":"Очаківська ВЕС","operatingCapacityCoverage":{"coveragePercent":100.0,"knownUnitCount":0,"method":"plant_aggregate","provenance":{"evidenceCount":0,"recordIds":["wattlas-record-osm-way-231714472"],"sourceIds":["openstreetmap-power"],"sourceTypes":["community_mapped"],"valueKind":"reported"},"totalUnitCount":0},"operatingCapacityMw":25.0,"operatingCapacityMwByTechnology":{"wind":25.0},"plannedCapacityCoverage":{"coveragePercent":0.0,"knownUnitCount":0,"method":"unavailable","totalUnitCount":0},"plannedCapacityMw":0.0,"plannedCapacityMwByTechnology":{},"recordCount":1,"recordIds":["wattlas-record-osm-way-231714472"],"sourceIds":["openstreetmap-power"],"sourceUrl":"https://www.openstreetmap.org/way/231714472","technologies":["wind"],"technologyMixMw":{"wind":25.0},"unitCount":0,"unitIds":[]},"type":"Feature"},{"geometry":{"coordinates":[30.317191,46.51263],"type":"Point"},"id":"wattlas-plant-osm-way-238799661","properties":{"aliases":["Mapped power plant · OSM 238799661"],"canonicalAnchor":"osm:way/238799661","canonicalCountryKey":"UA","capacityMw":4.21,"country":"UA","externalIds":{"osm":"way/238799661"},"geographyId":"UA-14850775B53240635394722","id":"wattlas-plant-osm-way-238799661","lifecycleCounts":{"operational":1},"locationPrecision":"exact","name":"Mapped power plant · OSM 238799661","operatingCapacityCoverage":{"coveragePercent":100.0,"knownUnitCount":0,"method":"plant_aggregate","provenance":{"evidenceCount":0,"recordIds":["wattlas-record-osm-way-238799661"],"sourceIds":["openstreetmap-power"],"sourceTypes":["community_mapped"],"valueKind":"reported"},"totalUnitCount":0},"operatingCapacityMw":4.21,"operatingCapacityMwByTechnology":{"solar":4.21},"plannedCapacityCoverage":{"coveragePercent":0.0,"knownUnitCount":0,"method":"unavailable","totalUnitCount":0},"plannedCapacityMw":0.0,"plannedCapacityMwByTechnology":{},"recordCount":1,"recordIds":["wattlas-record-osm-way-238799661"],"sourceIds":["openstreetmap-power"],"sourceUrl":"https://www.openstreetmap.org/way/238799661","technologies":["solar"],"technologyMixMw":{"solar":4.21},"unitCount":0,"unitIds":[]},"type":"Feature"},{"geometry":{"coordinates":[34.416831,44.681751],"type":"Point"},"id":"wattlas-plant-osm-way-243873101","properties":{"aliases":["СВРК"],"canonicalAnchor":"osm:way/243873101","canonicalCountryKey":"UA","capacityMw":0.0,"country":"UA","externalIds":{"osm":"way/243873101"},"geographyId":"UA-14850775B24260608407062","id":"wattlas-plant-osm-way-243873101","lifecycleCounts":{"operational":1},"locationPrecision":"exact","name":"СВРК","operatingCapacityCoverage":{"coveragePercent":0.0,"knownUnitCount":0,"method":"unavailable","totalUnitCount":0},"operatingCapacityMw":0.0,"operatingCapacityMwByTechnology":{},"plannedCapacityCoverage":{"coveragePercent":0.0,"knownUnitCount":0,"method":"unavailable","totalUnitCount":0},"plannedCapacityMw":0.0,"plannedCapacityMwByTechnology":{},"recordCount":1,"recordIds":["wattlas-record-osm-way-243873101"],"sourceIds":["openstreetmap-power"],"sourceUrl":"https://www.openstreetmap.org/way/243873101","technologies":["gas"],"technologyMixMw":{"gas":0.0},"unitCount":0,"unitIds":[]},"type":"Feature"},{"geometry":{"coordinates":[23.973921,49.840011],"type":"Point"},"id":"wattlas-plant-osm-way-259996764","properties":{"aliases":["Котельня"],"canonicalAnchor":"osm:way/259996764","canonicalCountryKey":"UA","capacityMw":0.0,"country":"UA","externalIds":{"osm":"way/259996764"},"geographyId":"UA-14850775B26941409899318","id":"wattlas-plant-osm-way-259996764","lifecycleCounts":{"operational":1},"locationPrecision":"exact","name":"Котельня","operatingCapacityCoverage":{"coveragePercent":0.0,"knownUnitCount":0,"method":"unavailable","totalUnitCount":0},"operatingCapacityMw":0.0,"operatingCapacityMwByTechnology":{},"plannedCapacityCoverage":{"coveragePercent":0.0,"knownUnitCount":0,"method":"unavailable","totalUnitCount":0},"plannedCapacityMw":0.0,"plannedCapacityMwByTechnology":{},"recordCount":1,"recordIds":["wattlas-record-osm-way-259996764"],"sourceIds":["openstreetmap-power"],"sourceUrl":"https://www.openstreetmap.org/way/259996764","technologies":["other"],"technologyMixMw":{"other":0.0},"unitCount":0,"unitIds":[]},"type":"Feature"},{"geometry":{"coordinates":[34.397239,44.68336],"type":"Point"},"id":"wattlas-plant-osm-way-263448864","properties":{"aliases":["Mapped power plant · OSM 263448864"],"canonicalAnchor":"osm:way/263448864","canonicalCountryKey":"UA","capacityMw":0.0,"country":"UA","externalIds":{"osm":"way/263448864"},"geographyId":"UA-14850775B24260608407062","id":"wattlas-plant-osm-way-263448864","lifecycleCounts":{"operational":1},"locationPrecision":"exact","name":"Mapped power plant · OSM 263448864","operatingCapacityCoverage":{"coveragePercent":0.0,"knownUnitCount":0,"method":"unavailable","totalUnitCount":0},"operatingCapacityMw":0.0,"operatingCapacityMwByTechnology":{},"plannedCapacityCoverage":{"coveragePercent":0.0,"knownUnitCount":0,"method":"unavailable","totalUnitCount":0},"plannedCapacityMw":0.0,"plannedCapacityMwByTechnology":{},"recordCount":1,"recordIds":["wattlas-record-osm-way-263448864"],"sourceIds":["openstreetmap-power"],"sourceUrl":"https://www.openstreetmap.org/way/263448864","technologies":["gas"],"technologyMixMw":{"gas":0.0},"unitCount":0,"unitIds":[]},"type":"Feature"},{"geometry":{"coordinates":[32.212176,48.496107],"type":"Point"},"id":"wattlas-plant-osm-way-266015233","properties":{"aliases":["ЦТП"],"canonicalAnchor":"osm:way/266015233","canonicalCountryKey":"UA","capacityMw":0.0,"country":"UA","externalIds":{"osm":"way/266015233"},"geographyId":"UA-14850775B64193679462794","id":"wattlas-plant-osm-way-266015233","lifecycleCounts":{"operational":1},"locationPrecision":"exact","name":"ЦТП","operatingCapacityCoverage":{"coveragePercent":0.0,"knownUnitCount":0,"method":"unavailable","totalUnitCount":0},"operatingCapacityMw":0.0,"operatingCapacityMwByTechnology":{},"plannedCapacityCoverage":{"coveragePercent":0.0,"knownUnitCount":0,"method":"unavailable","totalUnitCount":0},"plannedCapacityMw":0.0,"plannedCapacityMwByTechnology":{},"recordCount":1,"recordIds":["wattlas-record-osm-way-266015233"],"sourceIds":["openstreetmap-power"],"sourceUrl":"https://www.openstreetmap.org/way/266015233","technologies":["other"],"technologyMixMw":{"other":0.0},"unitCount":0,"unitIds":[]},"type":"Feature"},{"geometry":{"coordinates":[32.198019,48.491415],"type":"Point"},"id":"wattlas-plant-osm-way-266717682","properties":{"aliases":["Mapped power plant · OSM 266717682"],"canonicalAnchor":"osm:way/266717682","canonicalCountryKey":"UA","capacityMw":0.0,"country":"UA","externalIds":{"osm":"way/266717682"},"geographyId":"UA-14850775B64193679462794","id":"wattlas-plant-osm-way-266717682","lifecycleCounts":{"operational":1},"locationPrecision":"exact","name":"Mapped power plant · OSM 266717682","operatingCapacityCoverage":{"coveragePercent":0.0,"knownUnitCount":0,"method":"unavailable","totalUnitCount":0},"operatingCapacityMw":0.0,"operatingCapacityMwByTechnology":{},"plannedCapacityCoverage":{"coveragePercent":0.0,"knownUnitCount":0,"method":"unavailable","totalUnitCount":0},"plannedCapacityMw":0.0,"plannedCapacityMwByTechnology":{},"recordCount":1,"recordIds":["wattlas-record-osm-way-266717682"],"sourceIds":["openstreetmap-power"],"sourceUrl":"https://www.openstreetmap.org/way/266717682","technologies":["other"],"technologyMixMw":{"other":0.0},"unitCount":0,"unitIds":[]},"type":"Feature"},{"geometry":{"coordinates":[33.582604,44.610093],"type":"Point"},"id":"wattlas-plant-osm-way-269009003","properties":{"aliases":["Севастопольская ТЭЦ"],"canonicalAnchor":"osm:way/269009003","canonicalCountryKey":"UA","capacityMw":33.0,"country":"UA","externalIds":{"osm":"way/269009003"},"geographyId":"UA-14850775B70667807354554","id":"wattlas-plant-osm-way-269009003","lifecycleCounts":{"operational":1},"locationPrecision":"exact","name":"Севастопольская ТЭЦ","operatingCapacityCoverage":{"coveragePercent":100.0,"knownUnitCount":0,"method":"plant_aggregate","provenance":{"evidenceCount":0,"recordIds":["wattlas-record-osm-way-269009003"],"sourceIds":["openstreetmap-power"],"sourceTypes":["community_mapped"],"valueKind":"reported"},"totalUnitCount":0},"operatingCapacityMw":33.0,"operatingCapacityMwByTechnology":{"gas":33.0},"plannedCapacityCoverage":{"coveragePercent":0.0,"knownUnitCount":0,"method":"unavailable","totalUnitCount":0},"plannedCapacityMw":0.0,"plannedCapacityMwByTechnology":{},"recordCount":1,"recordIds":["wattlas-record-osm-way-269009003"],"sourceIds":["openstreetmap-power"],"sourceUrl":"https://www.openstreetmap.org/way/269009003","technologies":["gas"],"technologyMixMw":{"gas":33.0},"unitCount":0,"unitIds":[]},"type":"Feature"},{"geometry":{"coordinates":[26.326109,48.603707],"type":"Point"},"id":"wattlas-plant-osm-way-289030278","properties":{"aliases":["Завалівська МГЕС"],"canonicalAnchor":"osm:way/289030278","canonicalCountryKey":"UA","capacityMw":0.0,"country":"UA","externalIds":{"osm":"way/289030278"},"geographyId":"UA-14850775B81694531118507","id":"wattlas-plant-osm-way-289030278","lifecycleCounts":{"operational":1},"locationPrecision":"exact","name":"Завалівська МГЕС","operatingCapacityCoverage":{"coveragePercent":0.0,"knownUnitCount":0,"method":"unavailable","totalUnitCount":0},"operatingCapacityMw":0.0,"operatingCapacityMwByTechnology":{},"plannedCapacityCoverage":{"coveragePercent":0.0,"knownUnitCount":0,"method":"unavailable","totalUnitCount":0},"plannedCapacityMw":0.0,"plannedCapacityMwByTechnology":{},"recordCount":1,"recordIds":["wattlas-record-osm-way-289030278"],"sourceIds":["openstreetmap-power"],"sourceUrl":"https://www.openstreetmap.org/way/289030278","technologies":["hydro"],"technologyMixMw":{"hydro":0.0},"unitCount":0,"unitIds":[]},"type":"Feature"},{"geometry":{"coordinates":[33.43827,49.108243],"type":"Point"},"id":"wattlas-plant-osm-way-302357766","properties":{"aliases":["Mapped power plant · OSM 302357766"],"canonicalAnchor":"osm:way/302357766","canonicalCountryKey":"UA","capacityMw":0.0,"country":"UA","externalIds":{"osm":"way/302357766"},"geographyId":"UA-14850775B18105645488844","id":"wattlas-plant-osm-way-302357766","lifecycleCounts":{"operational":1},"locationPrecision":"exact","name":"Mapped power plant · OSM 302357766","operatingCapacityCoverage":{"coveragePercent":0.0,"knownUnitCount":0,"method":"unavailable","totalUnitCount":0},"operatingCapacityMw":0.0,"operatingCapacityMwByTechnology":{},"plannedCapacityCoverage":{"coveragePercent":0.0,"knownUnitCount":0,"method":"unavailable","totalUnitCount":0},"plannedCapacityMw":0.0,"plannedCapacityMwByTechnology":{},"recordCount":1,"recordIds":["wattlas-record-osm-way-302357766"],"sourceIds":["openstreetmap-power"],"sourceUrl":"https://www.openstreetmap.org/way/302357766","technologies":["other"],"technologyMixMw":{"other":0.0},"unitCount":0,"unitIds":[]},"type":"Feature"},{"geometry":{"coordinates":[33.430099,49.101519],"type":"Point"},"id":"wattlas-plant-osm-way-303711340","properties":{"aliases":["Mapped power plant · OSM 303711340"],"canonicalAnchor":"osm:way/303711340","canonicalCountryKey":"UA","capacityMw":0.0,"country":"UA","externalIds":{"osm":"way/303711340"},"geographyId":"UA-14850775B18105645488844","id":"wattlas-plant-osm-way-303711340","lifecycleCounts":{"operational":1},"locationPrecision":"exact","name":"Mapped power plant · OSM 303711340","operatingCapacityCoverage":{"coveragePercent":0.0,"knownUnitCount":0,"method":"unavailable","totalUnitCount":0},"operatingCapacityMw":0.0,"operatingCapacityMwByTechnology":{},"plannedCapacityCoverage":{"coveragePercent":0.0,"knownUnitCount":0,"method":"unavailable","totalUnitCount":0},"plannedCapacityMw":0.0,"plannedCapacityMwByTechnology":{},"recordCount":1,"recordIds":["wattlas-record-osm-way-303711340"],"sourceIds":["openstreetmap-power"],"sourceUrl":"https://www.openstreetmap.org/way/303711340","technologies":["other"],"technologyMixMw":{"other":0.0},"unitCount":0,"unitIds":[]},"type":"Feature"},{"geometry":{"coordinates":[26.573337,49.180434],"type":"Point"},"id":"wattlas-plant-osm-way-311435833","properties":{"aliases":["ГРП"],"canonicalAnchor":"osm:way/311435833","canonicalCountryKey":"UA","capacityMw":0.0,"country":"UA","externalIds":{"osm":"way/311435833"},"geographyId":"UA-14850775B78366470925827","id":"wattlas-plant-osm-way-311435833","lifecycleCounts":{"operational":1},"locationPrecision":"exact","name":"ГРП","operatingCapacityCoverage":{"coveragePercent":0.0,"knownUnitCount":0,"method":"unavailable","totalUnitCount":0},"operatingCapacityMw":0.0,"operatingCapacityMwByTechnology":{},"plannedCapacityCoverage":{"coveragePercent":0.0,"knownUnitCount":0,"method":"unavailable","totalUnitCount":0},"plannedCapacityMw":0.0,"plannedCapacityMwByTechnology":{},"recordCount":1,"recordIds":["wattlas-record-osm-way-311435833"],"sourceIds":["openstreetmap-power"],"sourceUrl":"https://www.openstreetmap.org/way/311435833","technologies":["gas"],"technologyMixMw":{"gas":0.0},"unitCount":0,"unitIds":[]},"type":"Feature"},{"geometry":{"coordinates":[30.424485,50.461687],"type":"Point"},"id":"wattlas-plant-osm-way-311933002","properties":{"aliases":["Mapped power plant · OSM 311933002"],"canonicalAnchor":"osm:way/311933002","canonicalCountryKey":"UA","capacityMw":0.0,"country":"UA","externalIds":{"osm":"way/311933002"},"geographyId":"UA-14850775B22712718081002","id":"wattlas-plant-osm-way-311933002","lifecycleCounts":{"operational":1},"locationPrecision":"exact","name":"Mapped power plant · OSM 311933002","operatingCapacityCoverage":{"coveragePercent":0.0,"knownUnitCount":0,"method":"unavailable","totalUnitCount":0},"operatingCapacityMw":0.0,"operatingCapacityMwByTechnology":{},"plannedCapacityCoverage":{"coveragePercent":0.0,"knownUnitCount":0,"method":"unavailable","totalUnitCount":0},"plannedCapacityMw":0.0,"plannedCapacityMwByTechnology":{},"recordCount":1,"recordIds":["wattlas-record-osm-way-311933002"],"sourceIds":["openstreetmap-power"],"sourceUrl":"https://www.openstreetmap.org/way/311933002","technologies":["other"],"technologyMixMw":{"other":0.0},"unitCount":0,"unitIds":[]},"type":"Feature"},{"geometry":{"coordinates":[34.64388,47.644772],"type":"Point"},"id":"wattlas-plant-osm-way-314534695","properties":{"aliases":["вулиця Миротворців"],"canonicalAnchor":"osm:way/314534695","canonicalCountryKey":"UA","capacityMw":0.0,"country":"UA","externalIds":{"osm":"way/314534695"},"geographyId":"UA-14850775B41808765507575","id":"wattlas-plant-osm-way-314534695","lifecycleCounts":{"operational":1},"locationPrecision":"exact","name":"вулиця Миротворців","operatingCapacityCoverage":{"coveragePercent":0.0,"knownUnitCount":0,"method":"unavailable","totalUnitCount":0},"operatingCapacityMw":0.0,"operatingCapacityMwByTechnology":{},"plannedCapacityCoverage":{"coveragePercent":0.0,"knownUnitCount":0,"method":"unavailable","totalUnitCount":0},"plannedCapacityMw":0.0,"plannedCapacityMwByTechnology":{},"recordCount":1,"recordIds":["wattlas-record-osm-way-314534695"],"sourceIds":["openstreetmap-power"],"sourceUrl":"https://www.openstreetmap.org/way/314534695","technologies":["gas"],"technologyMixMw":{"gas":0.0},"unitCount":0,"unitIds":[]},"type":"Feature"},{"geometry":{"coordinates":[38.070825,48.086222],"type":"Point"},"id":"wattlas-plant-osm-way-353831845","properties":{"aliases":["Котельня"],"canonicalAnchor":"osm:way/353831845","canonicalCountryKey":"UA","capacityMw":0.0,"country":"UA","externalIds":{"osm":"way/353831845"},"geographyId":"UA-14850775B15615817748403","id":"wattlas-plant-osm-way-353831845","lifecycleCounts":{"operational":1},"locationPrecision":"exact","name":"Котельня","operatingCapacityCoverage":{"coveragePercent":0.0,"knownUnitCount":0,"method":"unavailable","totalUnitCount":0},"operatingCapacityMw":0.0,"operatingCapacityMwByTechnology":{},"plannedCapacityCoverage":{"coveragePercent":0.0,"knownUnitCount":0,"method":"unavailable","totalUnitCount":0},"plannedCapacityMw":0.0,"plannedCapacityMwByTechnology":{},"recordCount":1,"recordIds":["wattlas-record-osm-way-353831845"],"sourceIds":["openstreetmap-power"],"sourceUrl":"https://www.openstreetmap.org/way/353831845","technologies":["coal"],"technologyMixMw":{"coal":0.0},"unitCount":0,"unitIds":[]},"type":"Feature"},{"geometry":{"coordinates":[23.231849,49.507493],"type":"Point"},"id":"wattlas-plant-osm-way-363752361","properties":{"aliases":["Самбірська СЕС"],"canonicalAnchor":"osm:way/363752361","canonicalCountryKey":"UA","capacityMw":3.1,"country":"UA","externalIds":{"osm":"way/363752361"},"geographyId":"UA-14850775B26941409899318","id":"wattlas-plant-osm-way-363752361","lifecycleCounts":{"operational":1},"locationPrecision":"exact","name":"Самбірська СЕС","operatingCapacityCoverage":{"coveragePercent":100.0,"knownUnitCount":0,"method":"plant_aggregate","provenance":{"evidenceCount":0,"recordIds":["wattlas-record-osm-way-363752361"],"sourceIds":["openstreetmap-power"],"sourceTypes":["community_mapped"],"valueKind":"reported"},"totalUnitCount":0},"operatingCapacityMw":3.1,"operatingCapacityMwByTechnology":{"solar":3.1},"plannedCapacityCoverage":{"coveragePercent":0.0,"knownUnitCount":0,"method":"unavailable","totalUnitCount":0},"plannedCapacityMw":0.0,"plannedCapacityMwByTechnology":{},"recordCount":1,"recordIds":["wattlas-record-osm-way-363752361"],"sourceIds":["openstreetmap-power"],"sourceUrl":"https://www.openstreetmap.org/way/363752361","technologies":["solar"],"technologyMixMw":{"solar":3.1},"unitCount":0,"unitIds":[]},"type":"Feature"},{"geometry":{"coordinates":[32.233031,48.505513],"type":"Point"},"id":"wattlas-plant-osm-way-368149327","properties":{"aliases":["Котельня Центральна"],"canonicalAnchor":"osm:way/368149327","canonicalCountryKey":"UA","capacityMw":0.0,"country":"UA","externalIds":{"osm":"way/368149327"},"geographyId":"UA-14850775B64193679462794","id":"wattlas-plant-osm-way-368149327","lifecycleCounts":{"operational":1},"locationPrecision":"exact","name":"Котельня Центральна","operatingCapacityCoverage":{"coveragePercent":0.0,"knownUnitCount":0,"method":"unavailable","totalUnitCount":0},"operatingCapacityMw":0.0,"operatingCapacityMwByTechnology":{},"plannedCapacityCoverage":{"coveragePercent":0.0,"knownUnitCount":0,"method":"unavailable","totalUnitCount":0},"plannedCapacityMw":0.0,"plannedCapacityMwByTechnology":{},"recordCount":1,"recordIds":["wattlas-record-osm-way-368149327"],"sourceIds":["openstreetmap-power"],"sourceUrl":"https://www.openstreetmap.org/way/368149327","technologies":["other"],"technologyMixMw":{"other":0.0},"unitCount":0,"unitIds":[]},"type":"Feature"},{"geometry":{"coordinates":[31.395924,47.570889],"type":"Point"},"id":"wattlas-plant-osm-way-382363952","properties":{"aliases":["СЕС Вознесенськ"],"canonicalAnchor":"osm:way/382363952","canonicalCountryKey":"UA","capacityMw":29.3,"country":"UA","externalIds":{"osm":"way/382363952"},"geographyId":"UA-14850775B99856317748721","id":"wattlas-plant-osm-way-382363952","lifecycleCounts":{"operational":1},"locationPrecision":"exact","name":"СЕС Вознесенськ","operatingCapacityCoverage":{"coveragePercent":100.0,"knownUnitCount":0,"method":"plant_aggregate","provenance":{"evidenceCount":0,"recordIds":["wattlas-record-osm-way-382363952"],"sourceIds":["openstreetmap-power"],"sourceTypes":["community_mapped"],"valueKind":"reported"},"totalUnitCount":0},"operatingCapacityMw":29.3,"operatingCapacityMwByTechnology":{"solar":29.3},"plannedCapacityCoverage":{"coveragePercent":0.0,"knownUnitCount":0,"method":"unavailable","totalUnitCount":0},"plannedCapacityMw":0.0,"plannedCapacityMwByTechnology":{},"recordCount":1,"recordIds":["wattlas-record-osm-way-382363952"],"sourceIds":["openstreetmap-power"],"sourceUrl":"https://www.openstreetmap.org/way/382363952","technologies":["solar"],"technologyMixMw":{"solar":29.3},"unitCount":0,"unitIds":[]},"type":"Feature"},{"geometry":{"coordinates":[36.06435,45.331651],"type":"Point"},"id":"wattlas-plant-osm-way-384996399","properties":{"aliases":["Пресноводненская ВЭС"],"canonicalAnchor":"osm:way/384996399","canonicalCountryKey":"UA","capacityMw":7.39,"country":"UA","externalIds":{"osm":"way/384996399"},"geographyId":"UA-14850775B24260608407062","id":"wattlas-plant-osm-way-384996399","lifecycleCounts":{"operational":1},"locationPrecision":"exact","name":"Пресноводненская ВЭС","operatingCapacityCoverage":{"coveragePercent":100.0,"knownUnitCount":0,"method":"plant_aggregate","provenance":{"evidenceCount":0,"recordIds":["wattlas-record-osm-way-384996399"],"sourceIds":["openstreetmap-power"],"sourceTypes":["community_mapped"],"valueKind":"reported"},"totalUnitCount":0},"operatingCapacityMw":7.39,"operatingCapacityMwByTechnology":{"wind":7.39},"plannedCapacityCoverage":{"coveragePercent":0.0,"knownUnitCount":0,"method":"unavailable","totalUnitCount":0},"plannedCapacityMw":0.0,"plannedCapacityMwByTechnology":{},"recordCount":1,"recordIds":["wattlas-record-osm-way-384996399"],"sourceIds":["openstreetmap-power"],"sourceUrl":"https://www.openstreetmap.org/way/384996399","technologies":["wind"],"technologyMixMw":{"wind":7.39},"unitCount":0,"unitIds":[]},"type":"Feature"},{"geometry":{"coordinates":[35.149934,48.606814],"type":"Point"},"id":"wattlas-plant-osm-way-387698377","properties":{"aliases":["СЕС \"Солар Парк Підгородне\""],"canonicalAnchor":"osm:way/387698377","canonicalCountryKey":"UA","capacityMw":2.8,"country":"UA","externalIds":{"osm":"way/387698377"},"geographyId":"UA-14850775B41808765507575","id":"wattlas-plant-osm-way-387698377","lifecycleCounts":{"operational":1},"locationPrecision":"exact","name":"СЕС \"Солар Парк Підгородне\"","operatingCapacityCoverage":{"coveragePercent":100.0,"knownUnitCount":0,"method":"plant_aggregate","provenance":{"evidenceCount":0,"recordIds":["wattlas-record-osm-way-387698377"],"sourceIds":["openstreetmap-power"],"sourceTypes":["community_mapped"],"valueKind":"reported"},"totalUnitCount":0},"operatingCapacityMw":2.8,"operatingCapacityMwByTechnology":{"solar":2.8},"plannedCapacityCoverage":{"coveragePercent":0.0,"knownUnitCount":0,"method":"unavailable","totalUnitCount":0},"plannedCapacityMw":0.0,"plannedCapacityMwByTechnology":{},"recordCount":1,"recordIds":["wattlas-record-osm-way-387698377"],"sourceIds":["openstreetmap-power"],"sourceUrl":"https://www.openstreetmap.org/way/387698377","technologies":["solar"],"technologyMixMw":{"solar":2.8},"unitCount":0,"unitIds":[]},"type":"Feature"},{"geometry":{"coordinates":[28.452597,48.465848],"type":"Point"},"id":"wattlas-plant-osm-way-388181015","properties":{"aliases":["ФЕС \"Гнатків\""],"canonicalAnchor":"osm:way/388181015","canonicalCountryKey":"UA","capacityMw":4.5,"country":"UA","externalIds":{"osm":"way/388181015"},"geographyId":"UA-14850775B93300237551625","id":"wattlas-plant-osm-way-388181015","lifecycleCounts":{"operational":1},"locationPrecision":"exact","name":"ФЕС \"Гнатків\"","operatingCapacityCoverage":{"coveragePercent":100.0,"knownUnitCount":0,"method":"plant_aggregate","provenance":{"evidenceCount":0,"recordIds":["wattlas-record-osm-way-388181015"],"sourceIds":["openstreetmap-power"],"sourceTypes":["community_mapped"],"valueKind":"reported"},"totalUnitCount":0},"operatingCapacityMw":4.5,"operatingCapacityMwByTechnology":{"solar":4.5},"plannedCapacityCoverage":{"coveragePercent":0.0,"knownUnitCount":0,"method":"unavailable","totalUnitCount":0},"plannedCapacityMw":0.0,"plannedCapacityMwByTechnology":{},"recordCount":1,"recordIds":["wattlas-record-osm-way-388181015"],"sourceIds":["openstreetmap-power"],"sourceUrl":"https://www.openstreetmap.org/way/388181015","technologies":["solar"],"technologyMixMw":{"solar":4.5},"unitCount":0,"unitIds":[]},"type":"Feature"},{"geometry":{"coordinates":[32.278082,48.473796],"type":"Point"},"id":"wattlas-plant-osm-way-390501034","properties":{"aliases":["Котельня"],"canonicalAnchor":"osm:way/390501034","canonicalCountryKey":"UA","capacityMw":0.0,"country":"UA","externalIds":{"osm":"way/390501034"},"geographyId":"UA-14850775B64193679462794","id":"wattlas-plant-osm-way-390501034","lifecycleCounts":{"operational":1},"locationPrecision":"exact","name":"Котельня","operatingCapacityCoverage":{"coveragePercent":0.0,"knownUnitCount":0,"method":"unavailable","totalUnitCount":0},"operatingCapacityMw":0.0,"operatingCapacityMwByTechnology":{},"plannedCapacityCoverage":{"coveragePercent":0.0,"knownUnitCount":0,"method":"unavailable","totalUnitCount":0},"plannedCapacityMw":0.0,"plannedCapacityMwByTechnology":{},"recordCount":1,"recordIds":["wattlas-record-osm-way-390501034"],"sourceIds":["openstreetmap-power"],"sourceUrl":"https://www.openstreetmap.org/way/390501034","technologies":["gas"],"technologyMixMw":{"gas":0.0},"unitCount":0,"unitIds":[]},"type":"Feature"},{"geometry":{"coordinates":[33.47882,46.249325],"type":"Point"},"id":"wattlas-plant-osm-way-391252348","properties":{"aliases":["Сонячна ЕС Каланчак"],"canonicalAnchor":"osm:way/391252348","canonicalCountryKey":"UA","capacityMw":2.3,"country":"UA","externalIds":{"osm":"way/391252348"},"geographyId":"UA-14850775B65901307765467","id":"wattlas-plant-osm-way-391252348","lifecycleCounts":{"operational":1},"locationPrecision":"exact","name":"Сонячна ЕС Каланчак","operatingCapacityCoverage":{"coveragePercent":100.0,"knownUnitCount":0,"method":"plant_aggregate","provenance":{"evidenceCount":0,"recordIds":["wattlas-record-osm-way-391252348"],"sourceIds":["openstreetmap-power"],"sourceTypes":["community_mapped"],"valueKind":"reported"},"totalUnitCount":0},"operatingCapacityMw":2.3,"operatingCapacityMwByTechnology":{"solar":2.3},"plannedCapacityCoverage":{"coveragePercent":0.0,"knownUnitCount":0,"method":"unavailable","totalUnitCount":0},"plannedCapacityMw":0.0,"plannedCapacityMwByTechnology":{},"recordCount":1,"recordIds":["wattlas-record-osm-way-391252348"],"sourceIds":["openstreetmap-power"],"sourceUrl":"https://www.openstreetmap.org/way/391252348","technologies":["solar"],"technologyMixMw":{"solar":2.3},"unitCount":0,"unitIds":[]},"type":"Feature"},{"geometry":{"coordinates":[29.088761,48.678514],"type":"Point"},"id":"wattlas-plant-osm-way-396071026","properties":{"aliases":["Гутівська ГЕС"],"canonicalAnchor":"osm:way/396071026","canonicalCountryKey":"UA","capacityMw":0.0,"country":"UA","externalIds":{"osm":"way/396071026"},"geographyId":"UA-14850775B93300237551625","id":"wattlas-plant-osm-way-396071026","lifecycleCounts":{"operational":1},"locationPrecision":"exact","name":"Гутівська ГЕС","operatingCapacityCoverage":{"coveragePercent":0.0,"knownUnitCount":0,"method":"unavailable","totalUnitCount":0},"operatingCapacityMw":0.0,"operatingCapacityMwByTechnology":{},"plannedCapacityCoverage":{"coveragePercent":0.0,"knownUnitCount":0,"method":"unavailable","totalUnitCount":0},"plannedCapacityMw":0.0,"plannedCapacityMwByTechnology":{},"recordCount":1,"recordIds":["wattlas-record-osm-way-396071026"],"sourceIds":["openstreetmap-power"],"sourceUrl":"https://www.openstreetmap.org/way/396071026","technologies":["hydro"],"technologyMixMw":{"hydro":0.0},"unitCount":0,"unitIds":[]},"type":"Feature"},{"geometry":{"coordinates":[31.344408,47.623163],"type":"Point"},"id":"wattlas-plant-osm-way-419718782","properties":{"aliases":["Сонячна електростанція"],"canonicalAnchor":"osm:way/419718782","canonicalCountryKey":"UA","capacityMw":15.741,"country":"UA","externalIds":{"osm":"way/419718782"},"geographyId":"UA-14850775B99856317748721","id":"wattlas-plant-osm-way-419718782","lifecycleCounts":{"operational":1},"locationPrecision":"exact","name":"Сонячна електростанція","operatingCapacityCoverage":{"coveragePercent":100.0,"knownUnitCount":0,"method":"plant_aggregate","provenance":{"evidenceCount":0,"recordIds":["wattlas-record-osm-way-419718782"],"sourceIds":["openstreetmap-power"],"sourceTypes":["community_mapped"],"valueKind":"reported"},"totalUnitCount":0},"operatingCapacityMw":15.741,"operatingCapacityMwByTechnology":{"solar":15.741},"plannedCapacityCoverage":{"coveragePercent":0.0,"knownUnitCount":0,"method":"unavailable","totalUnitCount":0},"plannedCapacityMw":0.0,"plannedCapacityMwByTechnology":{},"recordCount":1,"recordIds":["wattlas-record-osm-way-419718782"],"sourceIds":["openstreetmap-power"],"sourceUrl":"https://www.openstreetmap.org/way/419718782","technologies":["solar"],"technologyMixMw":{"solar":15.741},"unitCount":0,"unitIds":[]},"type":"Feature"},{"geometry":{"coordinates":[31.384964,46.713955],"type":"Point"},"id":"wattlas-plant-osm-way-442046197","properties":{"aliases":["Тузлівська ВЕС"],"canonicalAnchor":"osm:way/442046197","canonicalCountryKey":"UA","capacityMw":12.5,"country":"UA","externalIds":{"osm":"way/442046197"},"geographyId":"UA-14850775B99856317748721","id":"wattlas-plant-osm-way-442046197","lifecycleCounts":{"operational":1},"locationPrecision":"exact","name":"Тузлівська ВЕС","operatingCapacityCoverage":{"coveragePercent":100.0,"knownUnitCount":0,"method":"plant_aggregate","provenance":{"evidenceCount":0,"recordIds":["wattlas-record-osm-way-442046197"],"sourceIds":["openstreetmap-power"],"sourceTypes":["community_mapped"],"valueKind":"reported"},"totalUnitCount":0},"operatingCapacityMw":12.5,"operatingCapacityMwByTechnology":{"wind":12.5},"plannedCapacityCoverage":{"coveragePercent":0.0,"knownUnitCount":0,"method":"unavailable","totalUnitCount":0},"plannedCapacityMw":0.0,"plannedCapacityMwByTechnology":{},"recordCount":1,"recordIds":["wattlas-record-osm-way-442046197"],"sourceIds":["openstreetmap-power"],"sourceUrl":"https://www.openstreetmap.org/way/442046197","technologies":["wind"],"technologyMixMw":{"wind":12.5},"unitCount":0,"unitIds":[]},"type":"Feature"},{"geometry":{"coordinates":[35.420429,45.146795],"type":"Point"},"id":"wattlas-plant-osm-way-442742778","properties":{"aliases":["СЭС Владиславовка"],"canonicalAnchor":"osm:way/442742778","canonicalCountryKey":"UA","capacityMw":110.0,"country":"UA","externalIds":{"osm":"way/442742778","wikipedia":"ru:Владиславовка (электростанция)"},"geographyId":"UA-14850775B24260608407062","id":"wattlas-plant-osm-way-442742778","lifecycleCounts":{"operational":1},"locationPrecision":"exact","name":"СЭС Владиславовка","operatingCapacityCoverage":{"coveragePercent":100.0,"knownUnitCount":0,"method":"plant_aggregate","provenance":{"evidenceCount":0,"recordIds":["wattlas-record-osm-way-442742778"],"sourceIds":["openstreetmap-power"],"sourceTypes":["community_mapped"],"valueKind":"reported"},"totalUnitCount":0},"operatingCapacityMw":110.0,"operatingCapacityMwByTechnology":{"solar":110.0},"plannedCapacityCoverage":{"coveragePercent":0.0,"knownUnitCount":0,"method":"unavailable","totalUnitCount":0},"plannedCapacityMw":0.0,"plannedCapacityMwByTechnology":{},"recordCount":1,"recordIds":["wattlas-record-osm-way-442742778"],"sourceIds":["openstreetmap-power"],"sourceUrl":"https://www.openstreetmap.org/way/442742778","technologies":["solar"],"technologyMixMw":{"solar":110.0},"unitCount":0,"unitIds":[]},"type":"Feature"},{"geometry":{"coordinates":[31.108222,49.40768],"type":"Point"},"id":"wattlas-plant-osm-way-446152209","properties":{"aliases":["Стеблівська ГЕС"],"canonicalAnchor":"osm:way/446152209","canonicalCountryKey":"UA","capacityMw":0.0,"country":"UA","externalIds":{"osm":"way/446152209"},"geographyId":"UA-14850775B95678810793770","id":"wattlas-plant-osm-way-446152209","lifecycleCounts":{"operational":1},"locationPrecision":"exact","name":"Стеблівська ГЕС","operatingCapacityCoverage":{"coveragePercent":0.0,"knownUnitCount":0,"method":"unavailable","totalUnitCount":0},"operatingCapacityMw":0.0,"operatingCapacityMwByTechnology":{},"plannedCapacityCoverage":{"coveragePercent":0.0,"knownUnitCount":0,"method":"unavailable","totalUnitCount":0},"plannedCapacityMw":0.0,"plannedCapacityMwByTechnology":{},"recordCount":1,"recordIds":["wattlas-record-osm-way-446152209"],"sourceIds":["openstreetmap-power"],"sourceUrl":"https://www.openstreetmap.org/way/446152209","technologies":["hydro"],"technologyMixMw":{"hydro":0.0},"unitCount":0,"unitIds":[]},"type":"Feature"},{"geometry":{"coordinates":[23.020339,49.427813],"type":"Point"},"id":"wattlas-plant-osm-way-446504068","properties":{"aliases":["Старосамбірська ВЕС"],"canonicalAnchor":"osm:way/446504068","canonicalCountryKey":"UA","capacityMw":13.2,"country":"UA","externalIds":{"osm":"way/446504068"},"geographyId":"UA-14850775B26941409899318","id":"wattlas-plant-osm-way-446504068","lifecycleCounts":{"operational":1},"locationPrecision":"exact","name":"Старосамбірська ВЕС","operatingCapacityCoverage":{"coveragePercent":100.0,"knownUnitCount":0,"method":"plant_aggregate","provenance":{"evidenceCount":0,"recordIds":["wattlas-record-osm-way-446504068"],"sourceIds":["openstreetmap-power"],"sourceTypes":["community_mapped"],"valueKind":"reported"},"totalUnitCount":0},"operatingCapacityMw":13.2,"operatingCapacityMwByTechnology":{"wind":13.2},"plannedCapacityCoverage":{"coveragePercent":0.0,"knownUnitCount":0,"method":"unavailable","totalUnitCount":0},"plannedCapacityMw":0.0,"plannedCapacityMwByTechnology":{},"recordCount":1,"recordIds":["wattlas-record-osm-way-446504068"],"sourceIds":["openstreetmap-power"],"sourceUrl":"https://www.openstreetmap.org/way/446504068","technologies":["wind"],"technologyMixMw":{"wind":13.2},"unitCount":0,"unitIds":[]},"type":"Feature"},{"geometry":{"coordinates":[25.356323,49.155205],"type":"Point"},"id":"wattlas-plant-osm-way-447122083","properties":{"aliases":["Осівська ГЕС"],"canonicalAnchor":"osm:way/447122083","canonicalCountryKey":"UA","capacityMw":0.0,"country":"UA","externalIds":{"osm":"way/447122083"},"geographyId":"UA-14850775B81694531118507","id":"wattlas-plant-osm-way-447122083","lifecycleCounts":{"operational":1},"locationPrecision":"exact","name":"Осівська ГЕС","operatingCapacityCoverage":{"coveragePercent":0.0,"knownUnitCount":0,"method":"unavailable","totalUnitCount":0},"operatingCapacityMw":0.0,"operatingCapacityMwByTechnology":{},"plannedCapacityCoverage":{"coveragePercent":0.0,"knownUnitCount":0,"method":"unavailable","totalUnitCount":0},"plannedCapacityMw":0.0,"plannedCapacityMwByTechnology":{},"recordCount":1,"recordIds":["wattlas-record-osm-way-447122083"],"sourceIds":["openstreetmap-power"],"sourceUrl":"https://www.openstreetmap.org/way/447122083","technologies":["hydro"],"technologyMixMw":{"hydro":0.0},"unitCount":0,"unitIds":[]},"type":"Feature"},{"geometry":{"coordinates":[33.570252,44.633129],"type":"Point"},"id":"wattlas-plant-osm-way-447197691","properties":{"aliases":["Севастопольская солнечная электростанция"],"canonicalAnchor":"osm:way/447197691","canonicalCountryKey":"UA","capacityMw":0.0,"country":"UA","externalIds":{"osm":"way/447197691"},"geographyId":"UA-14850775B70667807354554","id":"wattlas-plant-osm-way-447197691","lifecycleCounts":{"operational":1},"locationPrecision":"exact","name":"Севастопольская солнечная электростанция","operatingCapacityCoverage":{"coveragePercent":0.0,"knownUnitCount":0,"method":"unavailable","totalUnitCount":0},"operatingCapacityMw":0.0,"operatingCapacityMwByTechnology":{},"plannedCapacityCoverage":{"coveragePercent":0.0,"knownUnitCount":0,"method":"unavailable","totalUnitCount":0},"plannedCapacityMw":0.0,"plannedCapacityMwByTechnology":{},"recordCount":1,"recordIds":["wattlas-record-osm-way-447197691"],"sourceIds":["openstreetmap-power"],"sourceUrl":"https://www.openstreetmap.org/way/447197691","technologies":["solar"],"technologyMixMw":{"solar":0.0},"unitCount":0,"unitIds":[]},"type":"Feature"},{"geometry":{"coordinates":[28.428135,49.23056],"type":"Point"},"id":"wattlas-plant-osm-way-45020410","properties":{"aliases":["ТЕЦ-2"],"canonicalAnchor":"osm:way/45020410","canonicalCountryKey":"UA","capacityMw":0.0,"country":"UA","externalIds":{"osm":"way/45020410"},"geographyId":"UA-14850775B93300237551625","id":"wattlas-plant-osm-way-45020410","lifecycleCounts":{"operational":1},"locationPrecision":"exact","name":"ТЕЦ-2","operatingCapacityCoverage":{"coveragePercent":0.0,"knownUnitCount":0,"method":"unavailable","totalUnitCount":0},"operatingCapacityMw":0.0,"operatingCapacityMwByTechnology":{},"plannedCapacityCoverage":{"coveragePercent":0.0,"knownUnitCount":0,"method":"unavailable","totalUnitCount":0},"plannedCapacityMw":0.0,"plannedCapacityMwByTechnology":{},"recordCount":1,"recordIds":["wattlas-record-osm-way-45020410"],"sourceIds":["openstreetmap-power"],"sourceUrl":"https://www.openstreetmap.org/way/45020410","technologies":["other"],"technologyMixMw":{"other":0.0},"unitCount":0,"unitIds":[]},"type":"Feature"},{"geometry":{"coordinates":[26.025652,48.225853],"type":"Point"},"id":"wattlas-plant-osm-way-465439659","properties":{"aliases":["Mapped power plant · OSM 465439659"],"canonicalAnchor":"osm:way/465439659","canonicalCountryKey":"UA","capacityMw":0.0,"country":"UA","externalIds":{"osm":"way/465439659"},"geographyId":"UA-14850775B35593196550103","id":"wattlas-plant-osm-way-465439659","lifecycleCounts":{"operational":1},"locationPrecision":"exact","name":"Mapped power plant · OSM 465439659","operatingCapacityCoverage":{"coveragePercent":0.0,"knownUnitCount":0,"method":"unavailable","totalUnitCount":0},"operatingCapacityMw":0.0,"operatingCapacityMwByTechnology":{},"plannedCapacityCoverage":{"coveragePercent":0.0,"knownUnitCount":0,"method":"unavailable","totalUnitCount":0},"plannedCapacityMw":0.0,"plannedCapacityMwByTechnology":{},"recordCount":1,"recordIds":["wattlas-record-osm-way-465439659"],"sourceIds":["openstreetmap-power"],"sourceUrl":"https://www.openstreetmap.org/way/465439659","technologies":["gas"],"technologyMixMw":{"gas":0.0},"unitCount":0,"unitIds":[]},"type":"Feature"},{"geometry":{"coordinates":[23.963327,49.847904],"type":"Point"},"id":"wattlas-plant-osm-way-466043428","properties":{"aliases":["Котельня"],"canonicalAnchor":"osm:way/466043428","canonicalCountryKey":"UA","capacityMw":0.0,"country":"UA","externalIds":{"osm":"way/466043428"},"geographyId":"UA-14850775B26941409899318","id":"wattlas-plant-osm-way-466043428","lifecycleCounts":{"operational":1},"locationPrecision":"exact","name":"Котельня","operatingCapacityCoverage":{"coveragePercent":0.0,"knownUnitCount":0,"method":"unavailable","totalUnitCount":0},"operatingCapacityMw":0.0,"operatingCapacityMwByTechnology":{},"plannedCapacityCoverage":{"coveragePercent":0.0,"knownUnitCount":0,"method":"unavailable","totalUnitCount":0},"plannedCapacityMw":0.0,"plannedCapacityMwByTechnology":{},"recordCount":1,"recordIds":["wattlas-record-osm-way-466043428"],"sourceIds":["openstreetmap-power"],"sourceUrl":"https://www.openstreetmap.org/way/466043428","technologies":["gas"],"technologyMixMw":{"gas":0.0},"unitCount":0,"unitIds":[]},"type":"Feature"},{"geometry":{"coordinates":[29.397696,48.513857],"type":"Point"},"id":"wattlas-plant-osm-way-475077500","properties":{"aliases":["ФЕС \"Глибочок-ІІ\""],"canonicalAnchor":"osm:way/475077500","canonicalCountryKey":"UA","capacityMw":2.5,"country":"UA","externalIds":{"osm":"way/475077500"},"geographyId":"UA-14850775B93300237551625","id":"wattlas-plant-osm-way-475077500","lifecycleCounts":{"operational":1},"locationPrecision":"exact","name":"ФЕС \"Глибочок-ІІ\"","operatingCapacityCoverage":{"coveragePercent":100.0,"knownUnitCount":0,"method":"plant_aggregate","provenance":{"evidenceCount":0,"recordIds":["wattlas-record-osm-way-475077500"],"sourceIds":["openstreetmap-power"],"sourceTypes":["community_mapped"],"valueKind":"reported"},"totalUnitCount":0},"operatingCapacityMw":2.5,"operatingCapacityMwByTechnology":{"solar":2.5},"plannedCapacityCoverage":{"coveragePercent":0.0,"knownUnitCount":0,"method":"unavailable","totalUnitCount":0},"plannedCapacityMw":0.0,"plannedCapacityMwByTechnology":{},"recordCount":1,"recordIds":["wattlas-record-osm-way-475077500"],"sourceIds":["openstreetmap-power"],"sourceUrl":"https://www.openstreetmap.org/way/475077500","technologies":["solar"],"technologyMixMw":{"solar":2.5},"unitCount":0,"unitIds":[]},"type":"Feature"},{"geometry":{"coordinates":[29.396889,48.520887],"type":"Point"},"id":"wattlas-plant-osm-way-475077501","properties":{"aliases":["ФЕС \"Глибочок-І\""],"canonicalAnchor":"osm:way/475077501","canonicalCountryKey":"UA","capacityMw":1.374,"country":"UA","externalIds":{"osm":"way/475077501"},"geographyId":"UA-14850775B93300237551625","id":"wattlas-plant-osm-way-475077501","lifecycleCounts":{"operational":1},"locationPrecision":"exact","name":"ФЕС \"Глибочок-І\"","operatingCapacityCoverage":{"coveragePercent":100.0,"knownUnitCount":0,"method":"plant_aggregate","provenance":{"evidenceCount":0,"recordIds":["wattlas-record-osm-way-475077501"],"sourceIds":["openstreetmap-power"],"sourceTypes":["community_mapped"],"valueKind":"reported"},"totalUnitCount":0},"operatingCapacityMw":1.374,"operatingCapacityMwByTechnology":{"solar":1.374},"plannedCapacityCoverage":{"coveragePercent":0.0,"knownUnitCount":0,"method":"unavailable","totalUnitCount":0},"plannedCapacityMw":0.0,"plannedCapacityMwByTechnology":{},"recordCount":1,"recordIds":["wattlas-record-osm-way-475077501"],"sourceIds":["openstreetmap-power"],"sourceUrl":"https://www.openstreetmap.org/way/475077501","technologies":["solar"],"technologyMixMw":{"solar":1.374},"unitCount":0,"unitIds":[]},"type":"Feature"},{"geometry":{"coordinates":[28.645918,49.288239],"type":"Point"},"id":"wattlas-plant-osm-way-475607493","properties":{"aliases":["Біогазова електростанція"],"canonicalAnchor":"osm:way/475607493","canonicalCountryKey":"UA","capacityMw":1.0,"country":"UA","externalIds":{"osm":"way/475607493"},"geographyId":"UA-14850775B93300237551625","id":"wattlas-plant-osm-way-475607493","lifecycleCounts":{"operational":1},"locationPrecision":"exact","name":"Біогазова електростанція","operatingCapacityCoverage":{"coveragePercent":100.0,"knownUnitCount":0,"method":"plant_aggregate","provenance":{"evidenceCount":0,"recordIds":["wattlas-record-osm-way-475607493"],"sourceIds":["openstreetmap-power"],"sourceTypes":["community_mapped"],"valueKind":"reported"},"totalUnitCount":0},"operatingCapacityMw":1.0,"operatingCapacityMwByTechnology":{"gas":1.0},"plannedCapacityCoverage":{"coveragePercent":0.0,"knownUnitCount":0,"method":"unavailable","totalUnitCount":0},"plannedCapacityMw":0.0,"plannedCapacityMwByTechnology":{},"recordCount":1,"recordIds":["wattlas-record-osm-way-475607493"],"sourceIds":["openstreetmap-power"],"sourceUrl":"https://www.openstreetmap.org/way/475607493","technologies":["gas"],"technologyMixMw":{"gas":1.0},"unitCount":0,"unitIds":[]},"type":"Feature"},{"geometry":{"coordinates":[29.292802,45.466912],"type":"Point"},"id":"wattlas-plant-osm-way-508048503","properties":{"aliases":["СЕС Приозерна"],"canonicalAnchor":"osm:way/508048503","canonicalCountryKey":"UA","capacityMw":54.8,"country":"UA","externalIds":{"osm":"way/508048503"},"geographyId":"UA-14850775B53240635394722","id":"wattlas-plant-osm-way-508048503","lifecycleCounts":{"operational":1},"locationPrecision":"exact","name":"СЕС Приозерна","operatingCapacityCoverage":{"coveragePercent":100.0,"knownUnitCount":0,"method":"plant_aggregate","provenance":{"evidenceCount":0,"recordIds":["wattlas-record-osm-way-508048503"],"sourceIds":["openstreetmap-power"],"sourceTypes":["community_mapped"],"valueKind":"reported"},"totalUnitCount":0},"operatingCapacityMw":54.8,"operatingCapacityMwByTechnology":{"solar":54.8},"plannedCapacityCoverage":{"coveragePercent":0.0,"knownUnitCount":0,"method":"unavailable","totalUnitCount":0},"plannedCapacityMw":0.0,"plannedCapacityMwByTechnology":{},"recordCount":1,"recordIds":["wattlas-record-osm-way-508048503"],"sourceIds":["openstreetmap-power"],"sourceUrl":"https://www.openstreetmap.org/way/508048503","technologies":["solar"],"technologyMixMw":{"solar":54.8},"unitCount":0,"unitIds":[]},"type":"Feature"},{"geometry":{"coordinates":[26.715604,50.085217],"type":"Point"},"id":"wattlas-plant-osm-way-510444181","properties":{"aliases":["Мислятинська МГЕС"],"canonicalAnchor":"osm:way/510444181","canonicalCountryKey":"UA","capacityMw":0.0,"country":"UA","externalIds":{"osm":"way/510444181"},"geographyId":"UA-14850775B78366470925827","id":"wattlas-plant-osm-way-510444181","lifecycleCounts":{"operational":1},"locationPrecision":"exact","name":"Мислятинська МГЕС","operatingCapacityCoverage":{"coveragePercent":0.0,"knownUnitCount":0,"method":"unavailable","totalUnitCount":0},"operatingCapacityMw":0.0,"operatingCapacityMwByTechnology":{},"plannedCapacityCoverage":{"coveragePercent":0.0,"knownUnitCount":0,"method":"unavailable","totalUnitCount":0},"plannedCapacityMw":0.0,"plannedCapacityMwByTechnology":{},"recordCount":1,"recordIds":["wattlas-record-osm-way-510444181"],"sourceIds":["openstreetmap-power"],"sourceUrl":"https://www.openstreetmap.org/way/510444181","technologies":["hydro"],"technologyMixMw":{"hydro":0.0},"unitCount":0,"unitIds":[]},"type":"Feature"},{"geometry":{"coordinates":[27.600357,49.831832],"type":"Point"},"id":"wattlas-plant-osm-way-510445013","properties":{"aliases":["Коржівська МГЕС"],"canonicalAnchor":"osm:way/510445013","canonicalCountryKey":"UA","capacityMw":0.0,"country":"UA","externalIds":{"osm":"way/510445013"},"geographyId":"UA-14850775B78366470925827","id":"wattlas-plant-osm-way-510445013","lifecycleCounts":{"operational":1},"locationPrecision":"exact","name":"Коржівська МГЕС","operatingCapacityCoverage":{"coveragePercent":0.0,"knownUnitCount":0,"method":"unavailable","totalUnitCount":0},"operatingCapacityMw":0.0,"operatingCapacityMwByTechnology":{},"plannedCapacityCoverage":{"coveragePercent":0.0,"knownUnitCount":0,"method":"unavailable","totalUnitCount":0},"plannedCapacityMw":0.0,"plannedCapacityMwByTechnology":{},"recordCount":1,"recordIds":["wattlas-record-osm-way-510445013"],"sourceIds":["openstreetmap-power"],"sourceUrl":"https://www.openstreetmap.org/way/510445013","technologies":["hydro"],"technologyMixMw":{"hydro":0.0},"unitCount":0,"unitIds":[]},"type":"Feature"},{"geometry":{"coordinates":[22.821369,48.717033],"type":"Point"},"id":"wattlas-plant-osm-way-511738133","properties":{"aliases":["МГЕС Шипіт-1"],"canonicalAnchor":"osm:way/511738133","canonicalCountryKey":"UA","capacityMw":1.02,"country":"UA","externalIds":{"osm":"way/511738133"},"geographyId":"UA-14850775B82824220650579","id":"wattlas-plant-osm-way-511738133","lifecycleCounts":{"operational":1},"locationPrecision":"exact","name":"МГЕС Шипіт-1","operatingCapacityCoverage":{"coveragePercent":100.0,"knownUnitCount":0,"method":"plant_aggregate","provenance":{"evidenceCount":0,"recordIds":["wattlas-record-osm-way-511738133"],"sourceIds":["openstreetmap-power"],"sourceTypes":["community_mapped"],"valueKind":"reported"},"totalUnitCount":0},"operatingCapacityMw":1.02,"operatingCapacityMwByTechnology":{"hydro":1.02},"plannedCapacityCoverage":{"coveragePercent":0.0,"knownUnitCount":0,"method":"unavailable","totalUnitCount":0},"plannedCapacityMw":0.0,"plannedCapacityMwByTechnology":{},"recordCount":1,"recordIds":["wattlas-record-osm-way-511738133"],"sourceIds":["openstreetmap-power"],"sourceUrl":"https://www.openstreetmap.org/way/511738133","technologies":["hydro"],"technologyMixMw":{"hydro":1.02},"unitCount":0,"unitIds":[]},"type":"Feature"},{"geometry":{"coordinates":[33.971525,49.871801],"type":"Point"},"id":"wattlas-plant-osm-way-520579577","properties":{"aliases":["Шашацька ГЕС"],"canonicalAnchor":"osm:way/520579577","canonicalCountryKey":"UA","capacityMw":0.0,"country":"UA","externalIds":{"osm":"way/520579577"},"geographyId":"UA-14850775B18105645488844","id":"wattlas-plant-osm-way-520579577","lifecycleCounts":{"operational":1},"locationPrecision":"exact","name":"Шашацька ГЕС","operatingCapacityCoverage":{"coveragePercent":0.0,"knownUnitCount":0,"method":"unavailable","totalUnitCount":0},"operatingCapacityMw":0.0,"operatingCapacityMwByTechnology":{},"plannedCapacityCoverage":{"coveragePercent":0.0,"knownUnitCount":0,"method":"unavailable","totalUnitCount":0},"plannedCapacityMw":0.0,"plannedCapacityMwByTechnology":{},"recordCount":1,"recordIds":["wattlas-record-osm-way-520579577"],"sourceIds":["openstreetmap-power"],"sourceUrl":"https://www.openstreetmap.org/way/520579577","technologies":["hydro"],"technologyMixMw":{"hydro":0.0},"unitCount":0,"unitIds":[]},"type":"Feature"},{"geometry":{"coordinates":[28.478379,49.234865],"type":"Point"},"id":"wattlas-plant-osm-way-52153391","properties":{"aliases":["Вінницька ТЕЦ"],"canonicalAnchor":"osm:way/52153391","canonicalCountryKey":"UA","capacityMw":0.0,"country":"UA","externalIds":{"osm":"way/52153391"},"geographyId":"UA-14850775B93300237551625","id":"wattlas-plant-osm-way-52153391","lifecycleCounts":{"operational":1},"locationPrecision":"exact","name":"Вінницька ТЕЦ","operatingCapacityCoverage":{"coveragePercent":0.0,"knownUnitCount":0,"method":"unavailable","totalUnitCount":0},"operatingCapacityMw":0.0,"operatingCapacityMwByTechnology":{},"plannedCapacityCoverage":{"coveragePercent":0.0,"knownUnitCount":0,"method":"unavailable","totalUnitCount":0},"plannedCapacityMw":0.0,"plannedCapacityMwByTechnology":{},"recordCount":1,"recordIds":["wattlas-record-osm-way-52153391"],"sourceIds":["openstreetmap-power"],"sourceUrl":"https://www.openstreetmap.org/way/52153391","technologies":["other"],"technologyMixMw":{"other":0.0},"unitCount":0,"unitIds":[]},"type":"Feature"},{"geometry":{"coordinates":[28.406909,49.03695],"type":"Point"},"id":"wattlas-plant-osm-way-525220228","properties":{"aliases":["Сутиська ГЕС"],"canonicalAnchor":"osm:way/525220228","canonicalCountryKey":"UA","capacityMw":1.4,"country":"UA","externalIds":{"osm":"way/525220228"},"geographyId":"UA-14850775B93300237551625","id":"wattlas-plant-osm-way-525220228","lifecycleCounts":{"operational":1},"locationPrecision":"exact","name":"Сутиська ГЕС","operatingCapacityCoverage":{"coveragePercent":100.0,"knownUnitCount":0,"method":"plant_aggregate","provenance":{"evidenceCount":0,"recordIds":["wattlas-record-osm-way-525220228"],"sourceIds":["openstreetmap-power"],"sourceTypes":["community_mapped"],"valueKind":"reported"},"totalUnitCount":0},"operatingCapacityMw":1.4,"operatingCapacityMwByTechnology":{"hydro":1.4},"plannedCapacityCoverage":{"coveragePercent":0.0,"knownUnitCount":0,"method":"unavailable","totalUnitCount":0},"plannedCapacityMw":0.0,"plannedCapacityMwByTechnology":{},"recordCount":1,"recordIds":["wattlas-record-osm-way-525220228"],"sourceIds":["openstreetmap-power"],"sourceUrl":"https://www.openstreetmap.org/way/525220228","technologies":["hydro"],"technologyMixMw":{"hydro":1.4},"unitCount":0,"unitIds":[]},"type":"Feature"},{"geometry":{"coordinates":[30.446954,50.479932],"type":"Point"},"id":"wattlas-plant-osm-way-525996795","properties":{"aliases":["Mapped power plant · OSM 525996795"],"canonicalAnchor":"osm:way/525996795","canonicalCountryKey":"UA","capacityMw":0.0,"country":"UA","externalIds":{"osm":"way/525996795"},"geographyId":"UA-14850775B22712718081002","id":"wattlas-plant-osm-way-525996795","lifecycleCounts":{"operational":1},"locationPrecision":"exact","name":"Mapped power plant · OSM 525996795","operatingCapacityCoverage":{"coveragePercent":0.0,"knownUnitCount":0,"method":"unavailable","totalUnitCount":0},"operatingCapacityMw":0.0,"operatingCapacityMwByTechnology":{},"plannedCapacityCoverage":{"coveragePercent":0.0,"knownUnitCount":0,"method":"unavailable","totalUnitCount":0},"plannedCapacityMw":0.0,"plannedCapacityMwByTechnology":{},"recordCount":1,"recordIds":["wattlas-record-osm-way-525996795"],"sourceIds":["openstreetmap-power"],"sourceUrl":"https://www.openstreetmap.org/way/525996795","technologies":["other"],"technologyMixMw":{"other":0.0},"unitCount":0,"unitIds":[]},"type":"Feature"},{"geometry":{"coordinates":[23.442626,49.284379],"type":"Point"},"id":"wattlas-plant-osm-way-530336895","properties":{"aliases":["Синтез Солар"],"canonicalAnchor":"osm:way/530336895","canonicalCountryKey":"UA","capacityMw":1.44,"country":"UA","externalIds":{"osm":"way/530336895"},"geographyId":"UA-14850775B26941409899318","id":"wattlas-plant-osm-way-530336895","lifecycleCounts":{"operational":1},"locationPrecision":"exact","name":"Синтез Солар","operatingCapacityCoverage":{"coveragePercent":100.0,"knownUnitCount":0,"method":"plant_aggregate","provenance":{"evidenceCount":0,"recordIds":["wattlas-record-osm-way-530336895"],"sourceIds":["openstreetmap-power"],"sourceTypes":["community_mapped"],"valueKind":"reported"},"totalUnitCount":0},"operatingCapacityMw":1.44,"operatingCapacityMwByTechnology":{"solar":1.44},"plannedCapacityCoverage":{"coveragePercent":0.0,"knownUnitCount":0,"method":"unavailable","totalUnitCount":0},"plannedCapacityMw":0.0,"plannedCapacityMwByTechnology":{},"recordCount":1,"recordIds":["wattlas-record-osm-way-530336895"],"sourceIds":["openstreetmap-power"],"sourceUrl":"https://www.openstreetmap.org/way/530336895","technologies":["solar"],"technologyMixMw":{"solar":1.44},"unitCount":0,"unitIds":[]},"type":"Feature"},{"geometry":{"coordinates":[38.769764,48.483173],"type":"Point"},"id":"wattlas-plant-osm-way-531686155","properties":{"aliases":["Газотурбінна електростанція АМК"],"canonicalAnchor":"osm:way/531686155","canonicalCountryKey":"UA","capacityMw":0.0,"country":"UA","externalIds":{"osm":"way/531686155"},"geographyId":"UA-14850775B31033086218351","id":"wattlas-plant-osm-way-531686155","lifecycleCounts":{"operational":1},"locationPrecision":"exact","name":"Газотурбінна електростанція АМК","operatingCapacityCoverage":{"coveragePercent":0.0,"knownUnitCount":0,"method":"unavailable","totalUnitCount":0},"operatingCapacityMw":0.0,"operatingCapacityMwByTechnology":{},"plannedCapacityCoverage":{"coveragePercent":0.0,"knownUnitCount":0,"method":"unavailable","totalUnitCount":0},"plannedCapacityMw":0.0,"plannedCapacityMwByTechnology":{},"recordCount":1,"recordIds":["wattlas-record-osm-way-531686155"],"sourceIds":["openstreetmap-power"],"sourceUrl":"https://www.openstreetmap.org/way/531686155","technologies":["other"],"technologyMixMw":{"other":0.0},"unitCount":0,"unitIds":[]},"type":"Feature"},{"geometry":{"coordinates":[22.217064,48.457158],"type":"Point"},"id":"wattlas-plant-osm-way-536126671","properties":{"aliases":["СЕ-3"],"canonicalAnchor":"osm:way/536126671","canonicalCountryKey":"UA","capacityMw":21.5,"country":"UA","externalIds":{"osm":"way/536126671"},"geographyId":"UA-14850775B82824220650579","id":"wattlas-plant-osm-way-536126671","lifecycleCounts":{"operational":1},"locationPrecision":"exact","name":"СЕ-3","operatingCapacityCoverage":{"coveragePercent":100.0,"knownUnitCount":0,"method":"plant_aggregate","provenance":{"evidenceCount":0,"recordIds":["wattlas-record-osm-way-536126671"],"sourceIds":["openstreetmap-power"],"sourceTypes":["community_mapped"],"valueKind":"reported"},"totalUnitCount":0},"operatingCapacityMw":21.5,"operatingCapacityMwByTechnology":{"solar":21.5},"plannedCapacityCoverage":{"coveragePercent":0.0,"knownUnitCount":0,"method":"unavailable","totalUnitCount":0},"plannedCapacityMw":0.0,"plannedCapacityMwByTechnology":{},"recordCount":1,"recordIds":["wattlas-record-osm-way-536126671"],"sourceIds":["openstreetmap-power"],"sourceUrl":"https://www.openstreetmap.org/way/536126671","technologies":["solar"],"technologyMixMw":{"solar":21.5},"unitCount":0,"unitIds":[]},"type":"Feature"},{"geometry":{"coordinates":[27.242032,49.021868],"type":"Point"},"id":"wattlas-plant-osm-way-569949587","properties":{"aliases":["СЕС"],"canonicalAnchor":"osm:way/569949587","canonicalCountryKey":"UA","capacityMw":0.0,"country":"UA","externalIds":{"osm":"way/569949587"},"geographyId":"UA-14850775B78366470925827","id":"wattlas-plant-osm-way-569949587","lifecycleCounts":{"operational":1},"locationPrecision":"exact","name":"СЕС","operatingCapacityCoverage":{"coveragePercent":0.0,"knownUnitCount":0,"method":"unavailable","totalUnitCount":0},"operatingCapacityMw":0.0,"operatingCapacityMwByTechnology":{},"plannedCapacityCoverage":{"coveragePercent":0.0,"knownUnitCount":0,"method":"unavailable","totalUnitCount":0},"plannedCapacityMw":0.0,"plannedCapacityMwByTechnology":{},"recordCount":1,"recordIds":["wattlas-record-osm-way-569949587"],"sourceIds":["openstreetmap-power"],"sourceUrl":"https://www.openstreetmap.org/way/569949587","technologies":["solar"],"technologyMixMw":{"solar":0.0},"unitCount":0,"unitIds":[]},"type":"Feature"},{"geometry":{"coordinates":[32.215237,48.512913],"type":"Point"},"id":"wattlas-plant-osm-way-571787756","properties":{"aliases":["ЦТП"],"canonicalAnchor":"osm:way/571787756","canonicalCountryKey":"UA","capacityMw":0.0,"country":"UA","externalIds":{"osm":"way/571787756"},"geographyId":"UA-14850775B64193679462794","id":"wattlas-plant-osm-way-571787756","lifecycleCounts":{"operational":1},"locationPrecision":"exact","name":"ЦТП","operatingCapacityCoverage":{"coveragePercent":0.0,"knownUnitCount":0,"method":"unavailable","totalUnitCount":0},"operatingCapacityMw":0.0,"operatingCapacityMwByTechnology":{},"plannedCapacityCoverage":{"coveragePercent":0.0,"knownUnitCount":0,"method":"unavailable","totalUnitCount":0},"plannedCapacityMw":0.0,"plannedCapacityMwByTechnology":{},"recordCount":1,"recordIds":["wattlas-record-osm-way-571787756"],"sourceIds":["openstreetmap-power"],"sourceUrl":"https://www.openstreetmap.org/way/571787756","technologies":["other"],"technologyMixMw":{"other":0.0},"unitCount":0,"unitIds":[]},"type":"Feature"},{"geometry":{"coordinates":[23.971912,49.840473],"type":"Point"},"id":"wattlas-plant-osm-way-596038174","properties":{"aliases":["Котельня"],"canonicalAnchor":"osm:way/596038174","canonicalCountryKey":"UA","capacityMw":0.0,"country":"UA","externalIds":{"osm":"way/596038174"},"geographyId":"UA-14850775B26941409899318","id":"wattlas-plant-osm-way-596038174","lifecycleCounts":{"operational":1},"locationPrecision":"exact","name":"Котельня","operatingCapacityCoverage":{"coveragePercent":0.0,"knownUnitCount":0,"method":"unavailable","totalUnitCount":0},"operatingCapacityMw":0.0,"operatingCapacityMwByTechnology":{},"plannedCapacityCoverage":{"coveragePercent":0.0,"knownUnitCount":0,"method":"unavailable","totalUnitCount":0},"plannedCapacityMw":0.0,"plannedCapacityMwByTechnology":{},"recordCount":1,"recordIds":["wattlas-record-osm-way-596038174"],"sourceIds":["openstreetmap-power"],"sourceUrl":"https://www.openstreetmap.org/way/596038174","technologies":["other"],"technologyMixMw":{"other":0.0},"unitCount":0,"unitIds":[]},"type":"Feature"},{"geometry":{"coordinates":[22.852035,48.754748],"type":"Point"},"id":"wattlas-plant-osm-way-604295427","properties":{"aliases":["Шипіт 2"],"canonicalAnchor":"osm:way/604295427","canonicalCountryKey":"UA","capacityMw":0.0,"country":"UA","externalIds":{"osm":"way/604295427"},"geographyId":"UA-14850775B82824220650579","id":"wattlas-plant-osm-way-604295427","lifecycleCounts":{"operational":1},"locationPrecision":"exact","name":"Шипіт 2","operatingCapacityCoverage":{"coveragePercent":0.0,"knownUnitCount":0,"method":"unavailable","totalUnitCount":0},"operatingCapacityMw":0.0,"operatingCapacityMwByTechnology":{},"plannedCapacityCoverage":{"coveragePercent":0.0,"knownUnitCount":0,"method":"unavailable","totalUnitCount":0},"plannedCapacityMw":0.0,"plannedCapacityMwByTechnology":{},"recordCount":1,"recordIds":["wattlas-record-osm-way-604295427"],"sourceIds":["openstreetmap-power"],"sourceUrl":"https://www.openstreetmap.org/way/604295427","technologies":["hydro"],"technologyMixMw":{"hydro":0.0},"unitCount":0,"unitIds":[]},"type":"Feature"},{"geometry":{"coordinates":[23.475554,49.960537],"type":"Point"},"id":"wattlas-plant-osm-way-604724345","properties":{"aliases":["Озерна СЕС"],"canonicalAnchor":"osm:way/604724345","canonicalCountryKey":"UA","capacityMw":9.9,"country":"UA","externalIds":{"osm":"way/604724345"},"geographyId":"UA-14850775B26941409899318","id":"wattlas-plant-osm-way-604724345","lifecycleCounts":{"operational":1},"locationPrecision":"exact","name":"Озерна СЕС","operatingCapacityCoverage":{"coveragePercent":100.0,"knownUnitCount":0,"method":"plant_aggregate","provenance":{"evidenceCount":0,"recordIds":["wattlas-record-osm-way-604724345"],"sourceIds":["openstreetmap-power"],"sourceTypes":["community_mapped"],"valueKind":"reported"},"totalUnitCount":0},"operatingCapacityMw":9.9,"operatingCapacityMwByTechnology":{"solar":9.9},"plannedCapacityCoverage":{"coveragePercent":0.0,"knownUnitCount":0,"method":"unavailable","totalUnitCount":0},"plannedCapacityMw":0.0,"plannedCapacityMwByTechnology":{},"recordCount":1,"recordIds":["wattlas-record-osm-way-604724345"],"sourceIds":["openstreetmap-power"],"sourceUrl":"https://www.openstreetmap.org/way/604724345","technologies":["solar"],"technologyMixMw":{"solar":9.9},"unitCount":0,"unitIds":[]},"type":"Feature"},{"geometry":{"coordinates":[30.363731,50.469199],"type":"Point"},"id":"wattlas-plant-osm-way-617663761","properties":{"aliases":["Районна котельня «Центральна»"],"canonicalAnchor":"osm:way/617663761","canonicalCountryKey":"UA","capacityMw":0.0,"country":"UA","externalIds":{"osm":"way/617663761"},"geographyId":"UA-14850775B22712718081002","id":"wattlas-plant-osm-way-617663761","lifecycleCounts":{"operational":1},"locationPrecision":"exact","name":"Районна котельня «Центральна»","operatingCapacityCoverage":{"coveragePercent":0.0,"knownUnitCount":0,"method":"unavailable","totalUnitCount":0},"operatingCapacityMw":0.0,"operatingCapacityMwByTechnology":{},"plannedCapacityCoverage":{"coveragePercent":0.0,"knownUnitCount":0,"method":"unavailable","totalUnitCount":0},"plannedCapacityMw":0.0,"plannedCapacityMwByTechnology":{},"recordCount":1,"recordIds":["wattlas-record-osm-way-617663761"],"sourceIds":["openstreetmap-power"],"sourceUrl":"https://www.openstreetmap.org/way/617663761","technologies":["gas"],"technologyMixMw":{"gas":0.0},"unitCount":0,"unitIds":[]},"type":"Feature"},{"geometry":{"coordinates":[27.098498,48.895758],"type":"Point"},"id":"wattlas-plant-osm-way-639186823","properties":{"aliases":["Великокужелівська МГЕС"],"canonicalAnchor":"osm:way/639186823","canonicalCountryKey":"UA","capacityMw":0.0,"country":"UA","externalIds":{"osm":"way/639186823"},"geographyId":"UA-14850775B78366470925827","id":"wattlas-plant-osm-way-639186823","lifecycleCounts":{"operational":1},"locationPrecision":"exact","name":"Великокужелівська МГЕС","operatingCapacityCoverage":{"coveragePercent":0.0,"knownUnitCount":0,"method":"unavailable","totalUnitCount":0},"operatingCapacityMw":0.0,"operatingCapacityMwByTechnology":{},"plannedCapacityCoverage":{"coveragePercent":0.0,"knownUnitCount":0,"method":"unavailable","totalUnitCount":0},"plannedCapacityMw":0.0,"plannedCapacityMwByTechnology":{},"recordCount":1,"recordIds":["wattlas-record-osm-way-639186823"],"sourceIds":["openstreetmap-power"],"sourceUrl":"https://www.openstreetmap.org/way/639186823","technologies":["hydro"],"technologyMixMw":{"hydro":0.0},"unitCount":0,"unitIds":[]},"type":"Feature"},{"geometry":{"coordinates":[31.804375,50.482639],"type":"Point"},"id":"wattlas-plant-osm-way-640086523","properties":{"aliases":["Грін Терра"],"canonicalAnchor":"osm:way/640086523","canonicalCountryKey":"UA","capacityMw":3.0,"country":"UA","externalIds":{"osm":"way/640086523"},"geographyId":"UA-14850775B37539954297462","id":"wattlas-plant-osm-way-640086523","lifecycleCounts":{"operational":1},"locationPrecision":"exact","name":"Грін Терра","operatingCapacityCoverage":{"coveragePercent":100.0,"knownUnitCount":0,"method":"plant_aggregate","provenance":{"evidenceCount":0,"recordIds":["wattlas-record-osm-way-640086523"],"sourceIds":["openstreetmap-power"],"sourceTypes":["community_mapped"],"valueKind":"reported"},"totalUnitCount":0},"operatingCapacityMw":3.0,"operatingCapacityMwByTechnology":{"solar":3.0},"plannedCapacityCoverage":{"coveragePercent":0.0,"knownUnitCount":0,"method":"unavailable","totalUnitCount":0},"plannedCapacityMw":0.0,"plannedCapacityMwByTechnology":{},"recordCount":1,"recordIds":["wattlas-record-osm-way-640086523"],"sourceIds":["openstreetmap-power"],"sourceUrl":"https://www.openstreetmap.org/way/640086523","technologies":["solar"],"technologyMixMw":{"solar":3.0},"unitCount":0,"unitIds":[]},"type":"Feature"},{"geometry":{"coordinates":[32.399098,50.48209],"type":"Point"},"id":"wattlas-plant-osm-way-668373553","properties":{"aliases":["Біогазова електростанція"],"canonicalAnchor":"osm:way/668373553","canonicalCountryKey":"UA","capacityMw":2.406,"country":"UA","externalIds":{"osm":"way/668373553"},"geographyId":"UA-14850775B55286662261645","id":"wattlas-plant-osm-way-668373553","lifecycleCounts":{"operational":1},"locationPrecision":"exact","name":"Біогазова електростанція","operatingCapacityCoverage":{"coveragePercent":100.0,"knownUnitCount":0,"method":"plant_aggregate","provenance":{"evidenceCount":0,"recordIds":["wattlas-record-osm-way-668373553"],"sourceIds":["openstreetmap-power"],"sourceTypes":["community_mapped"],"valueKind":"reported"},"totalUnitCount":0},"operatingCapacityMw":2.406,"operatingCapacityMwByTechnology":{"gas":2.406},"plannedCapacityCoverage":{"coveragePercent":0.0,"knownUnitCount":0,"method":"unavailable","totalUnitCount":0},"plannedCapacityMw":0.0,"plannedCapacityMwByTechnology":{},"recordCount":1,"recordIds":["wattlas-record-osm-way-668373553"],"sourceIds":["openstreetmap-power"],"sourceUrl":"https://www.openstreetmap.org/way/668373553","technologies":["gas"],"technologyMixMw":{"gas":2.406},"unitCount":0,"unitIds":[]},"type":"Feature"},{"geometry":{"coordinates":[27.290242,49.031521],"type":"Point"},"id":"wattlas-plant-osm-way-670005503","properties":{"aliases":["СЕС Віньківці"],"canonicalAnchor":"osm:way/670005503","canonicalCountryKey":"UA","capacityMw":0.0,"country":"UA","externalIds":{"osm":"way/670005503"},"geographyId":"UA-14850775B78366470925827","id":"wattlas-plant-osm-way-670005503","lifecycleCounts":{"operational":1},"locationPrecision":"exact","name":"СЕС Віньківці","operatingCapacityCoverage":{"coveragePercent":0.0,"knownUnitCount":0,"method":"unavailable","totalUnitCount":0},"operatingCapacityMw":0.0,"operatingCapacityMwByTechnology":{},"plannedCapacityCoverage":{"coveragePercent":0.0,"knownUnitCount":0,"method":"unavailable","totalUnitCount":0},"plannedCapacityMw":0.0,"plannedCapacityMwByTechnology":{},"recordCount":1,"recordIds":["wattlas-record-osm-way-670005503"],"sourceIds":["openstreetmap-power"],"sourceUrl":"https://www.openstreetmap.org/way/670005503","technologies":["solar"],"technologyMixMw":{"solar":0.0},"unitCount":0,"unitIds":[]},"type":"Feature"},{"geometry":{"coordinates":[27.140572,49.063059],"type":"Point"},"id":"wattlas-plant-osm-way-670024365","properties":{"aliases":["СЕС"],"canonicalAnchor":"osm:way/670024365","canonicalCountryKey":"UA","capacityMw":0.0,"country":"UA","externalIds":{"osm":"way/670024365"},"geographyId":"UA-14850775B78366470925827","id":"wattlas-plant-osm-way-670024365","lifecycleCounts":{"operational":1},"locationPrecision":"exact","name":"СЕС","operatingCapacityCoverage":{"coveragePercent":0.0,"knownUnitCount":0,"method":"unavailable","totalUnitCount":0},"operatingCapacityMw":0.0,"operatingCapacityMwByTechnology":{},"plannedCapacityCoverage":{"coveragePercent":0.0,"knownUnitCount":0,"method":"unavailable","totalUnitCount":0},"plannedCapacityMw":0.0,"plannedCapacityMwByTechnology":{},"recordCount":1,"recordIds":["wattlas-record-osm-way-670024365"],"sourceIds":["openstreetmap-power"],"sourceUrl":"https://www.openstreetmap.org/way/670024365","technologies":["solar"],"technologyMixMw":{"solar":0.0},"unitCount":0,"unitIds":[]},"type":"Feature"},{"geometry":{"coordinates":[26.632466,48.626177],"type":"Point"},"id":"wattlas-plant-osm-way-670458768","properties":{"aliases":["Кам’янець-Подільська СЕС"],"canonicalAnchor":"osm:way/670458768","canonicalCountryKey":"UA","capacityMw":60.0,"country":"UA","externalIds":{"osm":"way/670458768"},"geographyId":"UA-14850775B78366470925827","id":"wattlas-plant-osm-way-670458768","lifecycleCounts":{"operational":1},"locationPrecision":"exact","name":"Кам’янець-Подільська СЕС","operatingCapacityCoverage":{"coveragePercent":100.0,"knownUnitCount":0,"method":"plant_aggregate","provenance":{"evidenceCount":0,"recordIds":["wattlas-record-osm-way-670458768"],"sourceIds":["openstreetmap-power"],"sourceTypes":["community_mapped"],"valueKind":"reported"},"totalUnitCount":0},"operatingCapacityMw":60.0,"operatingCapacityMwByTechnology":{"solar":60.0},"plannedCapacityCoverage":{"coveragePercent":0.0,"knownUnitCount":0,"method":"unavailable","totalUnitCount":0},"plannedCapacityMw":0.0,"plannedCapacityMwByTechnology":{},"recordCount":1,"recordIds":["wattlas-record-osm-way-670458768"],"sourceIds":["openstreetmap-power"],"sourceUrl":"https://www.openstreetmap.org/way/670458768","technologies":["solar"],"technologyMixMw":{"solar":60.0},"unitCount":0,"unitIds":[]},"type":"Feature"},{"geometry":{"coordinates":[32.16598,48.034993],"type":"Point"},"id":"wattlas-plant-osm-way-677280939","properties":{"aliases":["СЕС \"Дібровка\""],"canonicalAnchor":"osm:way/677280939","canonicalCountryKey":"UA","capacityMw":16.988,"country":"UA","externalIds":{"osm":"way/677280939"},"geographyId":"UA-14850775B64193679462794","id":"wattlas-plant-osm-way-677280939","lifecycleCounts":{"operational":1},"locationPrecision":"exact","name":"СЕС \"Дібровка\"","operatingCapacityCoverage":{"coveragePercent":100.0,"knownUnitCount":0,"method":"plant_aggregate","provenance":{"evidenceCount":0,"recordIds":["wattlas-record-osm-way-677280939"],"sourceIds":["openstreetmap-power"],"sourceTypes":["community_mapped"],"valueKind":"reported"},"totalUnitCount":0},"operatingCapacityMw":16.988,"operatingCapacityMwByTechnology":{"solar":16.988},"plannedCapacityCoverage":{"coveragePercent":0.0,"knownUnitCount":0,"method":"unavailable","totalUnitCount":0},"plannedCapacityMw":0.0,"plannedCapacityMwByTechnology":{},"recordCount":1,"recordIds":["wattlas-record-osm-way-677280939"],"sourceIds":["openstreetmap-power"],"sourceUrl":"https://www.openstreetmap.org/way/677280939","technologies":["solar"],"technologyMixMw":{"solar":16.988},"unitCount":0,"unitIds":[]},"type":"Feature"},{"geometry":{"coordinates":[32.246204,48.800541],"type":"Point"},"id":"wattlas-plant-osm-way-682324499","properties":{"aliases":["СЕС 4,5МВт"],"canonicalAnchor":"osm:way/682324499","canonicalCountryKey":"UA","capacityMw":0.0,"country":"UA","externalIds":{"osm":"way/682324499"},"geographyId":"UA-14850775B64193679462794","id":"wattlas-plant-osm-way-682324499","lifecycleCounts":{"operational":1},"locationPrecision":"exact","name":"СЕС 4,5МВт","operatingCapacityCoverage":{"coveragePercent":0.0,"knownUnitCount":0,"method":"unavailable","totalUnitCount":0},"operatingCapacityMw":0.0,"operatingCapacityMwByTechnology":{},"plannedCapacityCoverage":{"coveragePercent":0.0,"knownUnitCount":0,"method":"unavailable","totalUnitCount":0},"plannedCapacityMw":0.0,"plannedCapacityMwByTechnology":{},"recordCount":1,"recordIds":["wattlas-record-osm-way-682324499"],"sourceIds":["openstreetmap-power"],"sourceUrl":"https://www.openstreetmap.org/way/682324499","technologies":["solar"],"technologyMixMw":{"solar":0.0},"unitCount":0,"unitIds":[]},"type":"Feature"},{"geometry":{"coordinates":[32.567725,47.952649],"type":"Point"},"id":"wattlas-plant-osm-way-685030186","properties":{"aliases":["СЕС Верхньоінгульська"],"canonicalAnchor":"osm:way/685030186","canonicalCountryKey":"UA","capacityMw":22.6,"country":"UA","externalIds":{"osm":"way/685030186"},"geographyId":"UA-14850775B64193679462794","id":"wattlas-plant-osm-way-685030186","lifecycleCounts":{"operational":1},"locationPrecision":"exact","name":"СЕС Верхньоінгульська","operatingCapacityCoverage":{"coveragePercent":100.0,"knownUnitCount":0,"method":"plant_aggregate","provenance":{"evidenceCount":0,"recordIds":["wattlas-record-osm-way-685030186"],"sourceIds":["openstreetmap-power"],"sourceTypes":["community_mapped"],"valueKind":"reported"},"totalUnitCount":0},"operatingCapacityMw":22.6,"operatingCapacityMwByTechnology":{"solar":22.6},"plannedCapacityCoverage":{"coveragePercent":0.0,"knownUnitCount":0,"method":"unavailable","totalUnitCount":0},"plannedCapacityMw":0.0,"plannedCapacityMwByTechnology":{},"recordCount":1,"recordIds":["wattlas-record-osm-way-685030186"],"sourceIds":["openstreetmap-power"],"sourceUrl":"https://www.openstreetmap.org/way/685030186","technologies":["solar"],"technologyMixMw":{"solar":22.6},"unitCount":0,"unitIds":[]},"type":"Feature"},{"geometry":{"coordinates":[32.266077,48.243622],"type":"Point"},"id":"wattlas-plant-osm-way-685030187","properties":{"aliases":["Роздольна СЕС 2"],"canonicalAnchor":"osm:way/685030187","canonicalCountryKey":"UA","capacityMw":22.6,"country":"UA","externalIds":{"osm":"way/685030187"},"geographyId":"UA-14850775B64193679462794","id":"wattlas-plant-osm-way-685030187","lifecycleCounts":{"announced":1},"locationPrecision":"exact","name":"Роздольна СЕС 2","operatingCapacityCoverage":{"coveragePercent":0.0,"knownUnitCount":0,"method":"unavailable","totalUnitCount":0},"operatingCapacityMw":0.0,"operatingCapacityMwByTechnology":{},"plannedCapacityCoverage":{"coveragePercent":100.0,"knownUnitCount":0,"method":"plant_aggregate","provenance":{"evidenceCount":0,"recordIds":["wattlas-record-osm-way-685030187"],"sourceIds":["openstreetmap-power"],"sourceTypes":["community_mapped"],"valueKind":"reported"},"totalUnitCount":0},"plannedCapacityMw":22.6,"plannedCapacityMwByTechnology":{"solar":22.6},"recordCount":1,"recordIds":["wattlas-record-osm-way-685030187"],"sourceIds":["openstreetmap-power"],"sourceUrl":"https://www.openstreetmap.org/way/685030187","technologies":["solar"],"technologyMixMw":{"solar":22.6},"unitCount":0,"unitIds":[]},"type":"Feature"},{"geometry":{"coordinates":[32.258194,48.242716],"type":"Point"},"id":"wattlas-plant-osm-way-685030188","properties":{"aliases":["Роздольна СЕС 1"],"canonicalAnchor":"osm:way/685030188","canonicalCountryKey":"UA","capacityMw":22.6,"country":"UA","externalIds":{"osm":"way/685030188"},"geographyId":"UA-14850775B64193679462794","id":"wattlas-plant-osm-way-685030188","lifecycleCounts":{"announced":1},"locationPrecision":"exact","name":"Роздольна СЕС 1","operatingCapacityCoverage":{"coveragePercent":0.0,"knownUnitCount":0,"method":"unavailable","totalUnitCount":0},"operatingCapacityMw":0.0,"operatingCapacityMwByTechnology":{},"plannedCapacityCoverage":{"coveragePercent":100.0,"knownUnitCount":0,"method":"plant_aggregate","provenance":{"evidenceCount":0,"recordIds":["wattlas-record-osm-way-685030188"],"sourceIds":["openstreetmap-power"],"sourceTypes":["community_mapped"],"valueKind":"reported"},"totalUnitCount":0},"plannedCapacityMw":22.6,"plannedCapacityMwByTechnology":{"solar":22.6},"recordCount":1,"recordIds":["wattlas-record-osm-way-685030188"],"sourceIds":["openstreetmap-power"],"sourceUrl":"https://www.openstreetmap.org/way/685030188","technologies":["solar"],"technologyMixMw":{"solar":22.6},"unitCount":0,"unitIds":[]},"type":"Feature"},{"geometry":{"coordinates":[31.819476,47.699681],"type":"Point"},"id":"wattlas-plant-osm-way-686964723","properties":{"aliases":["Сонячна електростанція Грінен"],"canonicalAnchor":"osm:way/686964723","canonicalCountryKey":"UA","capacityMw":14.572,"country":"UA","externalIds":{"osm":"way/686964723"},"geographyId":"UA-14850775B99856317748721","id":"wattlas-plant-osm-way-686964723","lifecycleCounts":{"operational":1},"locationPrecision":"exact","name":"Сонячна електростанція Грінен","operatingCapacityCoverage":{"coveragePercent":100.0,"knownUnitCount":0,"method":"plant_aggregate","provenance":{"evidenceCount":0,"recordIds":["wattlas-record-osm-way-686964723"],"sourceIds":["openstreetmap-power"],"sourceTypes":["community_mapped"],"valueKind":"reported"},"totalUnitCount":0},"operatingCapacityMw":14.572,"operatingCapacityMwByTechnology":{"solar":14.572},"plannedCapacityCoverage":{"coveragePercent":0.0,"knownUnitCount":0,"method":"unavailable","totalUnitCount":0},"plannedCapacityMw":0.0,"plannedCapacityMwByTechnology":{},"recordCount":1,"recordIds":["wattlas-record-osm-way-686964723"],"sourceIds":["openstreetmap-power"],"sourceUrl":"https://www.openstreetmap.org/way/686964723","technologies":["solar"],"technologyMixMw":{"solar":14.572},"unitCount":0,"unitIds":[]},"type":"Feature"},{"geometry":{"coordinates":[23.867913,49.311969],"type":"Point"},"id":"wattlas-plant-osm-way-692233115","properties":{"aliases":["Добрівляни СЕС"],"canonicalAnchor":"osm:way/692233115","canonicalCountryKey":"UA","capacityMw":5.9,"country":"UA","externalIds":{"osm":"way/692233115"},"geographyId":"UA-14850775B26941409899318","id":"wattlas-plant-osm-way-692233115","lifecycleCounts":{"operational":1},"locationPrecision":"exact","name":"Добрівляни СЕС","operatingCapacityCoverage":{"coveragePercent":100.0,"knownUnitCount":0,"method":"plant_aggregate","provenance":{"evidenceCount":0,"recordIds":["wattlas-record-osm-way-692233115"],"sourceIds":["openstreetmap-power"],"sourceTypes":["community_mapped"],"valueKind":"reported"},"totalUnitCount":0},"operatingCapacityMw":5.9,"operatingCapacityMwByTechnology":{"solar":5.9},"plannedCapacityCoverage":{"coveragePercent":0.0,"knownUnitCount":0,"method":"unavailable","totalUnitCount":0},"plannedCapacityMw":0.0,"plannedCapacityMwByTechnology":{},"recordCount":1,"recordIds":["wattlas-record-osm-way-692233115"],"sourceIds":["openstreetmap-power"],"sourceUrl":"https://www.openstreetmap.org/way/692233115","technologies":["solar"],"technologyMixMw":{"solar":5.9},"unitCount":0,"unitIds":[]},"type":"Feature"},{"geometry":{"coordinates":[37.290464,48.265486],"type":"Point"},"id":"wattlas-plant-osm-way-694348719","properties":{"aliases":["Газова котельня"],"canonicalAnchor":"osm:way/694348719","canonicalCountryKey":"UA","capacityMw":0.0,"country":"UA","externalIds":{"osm":"way/694348719"},"geographyId":"UA-14850775B15615817748403","id":"wattlas-plant-osm-way-694348719","lifecycleCounts":{"operational":1},"locationPrecision":"exact","name":"Газова котельня","operatingCapacityCoverage":{"coveragePercent":0.0,"knownUnitCount":0,"method":"unavailable","totalUnitCount":0},"operatingCapacityMw":0.0,"operatingCapacityMwByTechnology":{},"plannedCapacityCoverage":{"coveragePercent":0.0,"knownUnitCount":0,"method":"unavailable","totalUnitCount":0},"plannedCapacityMw":0.0,"plannedCapacityMwByTechnology":{},"recordCount":1,"recordIds":["wattlas-record-osm-way-694348719"],"sourceIds":["openstreetmap-power"],"sourceUrl":"https://www.openstreetmap.org/way/694348719","technologies":["other"],"technologyMixMw":{"other":0.0},"unitCount":0,"unitIds":[]},"type":"Feature"},{"geometry":{"coordinates":[30.116847,50.577851],"type":"Point"},"id":"wattlas-plant-osm-way-697523793","properties":{"aliases":["Газова котельня"],"canonicalAnchor":"osm:way/697523793","canonicalCountryKey":"UA","capacityMw":0.0,"country":"UA","externalIds":{"osm":"way/697523793"},"geographyId":"UA-14850775B37539954297462","id":"wattlas-plant-osm-way-697523793","lifecycleCounts":{"operational":1},"locationPrecision":"exact","name":"Газова котельня","operatingCapacityCoverage":{"coveragePercent":0.0,"knownUnitCount":0,"method":"unavailable","totalUnitCount":0},"operatingCapacityMw":0.0,"operatingCapacityMwByTechnology":{},"plannedCapacityCoverage":{"coveragePercent":0.0,"knownUnitCount":0,"method":"unavailable","totalUnitCount":0},"plannedCapacityMw":0.0,"plannedCapacityMwByTechnology":{},"recordCount":1,"recordIds":["wattlas-record-osm-way-697523793"],"sourceIds":["openstreetmap-power"],"sourceUrl":"https://www.openstreetmap.org/way/697523793","technologies":["other"],"technologyMixMw":{"other":0.0},"unitCount":0,"unitIds":[]},"type":"Feature"},{"geometry":{"coordinates":[27.700647,49.060043],"type":"Point"},"id":"wattlas-plant-osm-way-703505199","properties":{"aliases":["Балківська СЕС"],"canonicalAnchor":"osm:way/703505199","canonicalCountryKey":"UA","capacityMw":0.0,"country":"UA","externalIds":{"osm":"way/703505199"},"geographyId":"UA-14850775B93300237551625","id":"wattlas-plant-osm-way-703505199","lifecycleCounts":{"operational":1},"locationPrecision":"exact","name":"Балківська СЕС","operatingCapacityCoverage":{"coveragePercent":0.0,"knownUnitCount":0,"method":"unavailable","totalUnitCount":0},"operatingCapacityMw":0.0,"operatingCapacityMwByTechnology":{},"plannedCapacityCoverage":{"coveragePercent":0.0,"knownUnitCount":0,"method":"unavailable","totalUnitCount":0},"plannedCapacityMw":0.0,"plannedCapacityMwByTechnology":{},"recordCount":1,"recordIds":["wattlas-record-osm-way-703505199"],"sourceIds":["openstreetmap-power"],"sourceUrl":"https://www.openstreetmap.org/way/703505199","technologies":["solar"],"technologyMixMw":{"solar":0.0},"unitCount":0,"unitIds":[]},"type":"Feature"},{"geometry":{"coordinates":[30.407887,50.453386],"type":"Point"},"id":"wattlas-plant-osm-way-704400777","properties":{"aliases":["Районна котельня «Веркон»"],"canonicalAnchor":"osm:way/704400777","canonicalCountryKey":"UA","capacityMw":0.0,"country":"UA","externalIds":{"osm":"way/704400777"},"geographyId":"UA-14850775B22712718081002","id":"wattlas-plant-osm-way-704400777","lifecycleCounts":{"operational":1},"locationPrecision":"exact","name":"Районна котельня «Веркон»","operatingCapacityCoverage":{"coveragePercent":0.0,"knownUnitCount":0,"method":"unavailable","totalUnitCount":0},"operatingCapacityMw":0.0,"operatingCapacityMwByTechnology":{},"plannedCapacityCoverage":{"coveragePercent":0.0,"knownUnitCount":0,"method":"unavailable","totalUnitCount":0},"plannedCapacityMw":0.0,"plannedCapacityMwByTechnology":{},"recordCount":1,"recordIds":["wattlas-record-osm-way-704400777"],"sourceIds":["openstreetmap-power"],"sourceUrl":"https://www.openstreetmap.org/way/704400777","technologies":["other"],"technologyMixMw":{"other":0.0},"unitCount":0,"unitIds":[]},"type":"Feature"},{"geometry":{"coordinates":[22.368612,48.42449],"type":"Point"},"id":"wattlas-plant-osm-way-707234253","properties":{"aliases":["Добронь"],"canonicalAnchor":"osm:way/707234253","canonicalCountryKey":"UA","capacityMw":5.0,"country":"UA","externalIds":{"osm":"way/707234253"},"geographyId":"UA-14850775B82824220650579","id":"wattlas-plant-osm-way-707234253","lifecycleCounts":{"operational":1},"locationPrecision":"exact","name":"Добронь","operatingCapacityCoverage":{"coveragePercent":100.0,"knownUnitCount":0,"method":"plant_aggregate","provenance":{"evidenceCount":0,"recordIds":["wattlas-record-osm-way-707234253"],"sourceIds":["openstreetmap-power"],"sourceTypes":["community_mapped"],"valueKind":"reported"},"totalUnitCount":0},"operatingCapacityMw":5.0,"operatingCapacityMwByTechnology":{"solar":5.0},"plannedCapacityCoverage":{"coveragePercent":0.0,"knownUnitCount":0,"method":"unavailable","totalUnitCount":0},"plannedCapacityMw":0.0,"plannedCapacityMwByTechnology":{},"recordCount":1,"recordIds":["wattlas-record-osm-way-707234253"],"sourceIds":["openstreetmap-power"],"sourceUrl":"https://www.openstreetmap.org/way/707234253","technologies":["solar"],"technologyMixMw":{"solar":5.0},"unitCount":0,"unitIds":[]},"type":"Feature"},{"geometry":{"coordinates":[26.898321,48.888144],"type":"Point"},"id":"wattlas-plant-osm-way-709162024","properties":{"aliases":["Сонячна електростанція Дунаївці-3"],"canonicalAnchor":"osm:way/709162024","canonicalCountryKey":"UA","capacityMw":0.0,"country":"UA","externalIds":{"osm":"way/709162024"},"geographyId":"UA-14850775B78366470925827","id":"wattlas-plant-osm-way-709162024","lifecycleCounts":{"operational":1},"locationPrecision":"exact","name":"Сонячна електростанція Дунаївці-3","operatingCapacityCoverage":{"coveragePercent":0.0,"knownUnitCount":0,"method":"unavailable","totalUnitCount":0},"operatingCapacityMw":0.0,"operatingCapacityMwByTechnology":{},"plannedCapacityCoverage":{"coveragePercent":0.0,"knownUnitCount":0,"method":"unavailable","totalUnitCount":0},"plannedCapacityMw":0.0,"plannedCapacityMwByTechnology":{},"recordCount":1,"recordIds":["wattlas-record-osm-way-709162024"],"sourceIds":["openstreetmap-power"],"sourceUrl":"https://www.openstreetmap.org/way/709162024","technologies":["solar"],"technologyMixMw":{"solar":0.0},"unitCount":0,"unitIds":[]},"type":"Feature"},{"geometry":{"coordinates":[34.210443,44.924982],"type":"Point"},"id":"wattlas-plant-osm-way-711321426","properties":{"aliases":["Симферопольская МГТЭС"],"canonicalAnchor":"osm:way/711321426","canonicalCountryKey":"UA","capacityMw":0.0,"country":"UA","externalIds":{"osm":"way/711321426"},"geographyId":"UA-14850775B24260608407062","id":"wattlas-plant-osm-way-711321426","lifecycleCounts":{"operational":1},"locationPrecision":"exact","name":"Симферопольская МГТЭС","operatingCapacityCoverage":{"coveragePercent":0.0,"knownUnitCount":0,"method":"unavailable","totalUnitCount":0},"operatingCapacityMw":0.0,"operatingCapacityMwByTechnology":{},"plannedCapacityCoverage":{"coveragePercent":0.0,"knownUnitCount":0,"method":"unavailable","totalUnitCount":0},"plannedCapacityMw":0.0,"plannedCapacityMwByTechnology":{},"recordCount":1,"recordIds":["wattlas-record-osm-way-711321426"],"sourceIds":["openstreetmap-power"],"sourceUrl":"https://www.openstreetmap.org/way/711321426","technologies":["other"],"technologyMixMw":{"other":0.0},"unitCount":0,"unitIds":[]},"type":"Feature"},{"geometry":{"coordinates":[34.789162,50.948967],"type":"Point"},"id":"wattlas-plant-osm-way-722557147","properties":{"aliases":["Енергетичний комплекс (ЕГТУ-16, ПГУ-20)"],"canonicalAnchor":"osm:way/722557147","canonicalCountryKey":"UA","capacityMw":0.0,"country":"UA","externalIds":{"osm":"way/722557147"},"geographyId":"UA-14850775B14512392274127","id":"wattlas-plant-osm-way-722557147","lifecycleCounts":{"operational":1},"locationPrecision":"exact","name":"Енергетичний комплекс (ЕГТУ-16, ПГУ-20)","operatingCapacityCoverage":{"coveragePercent":0.0,"knownUnitCount":0,"method":"unavailable","totalUnitCount":0},"operatingCapacityMw":0.0,"operatingCapacityMwByTechnology":{},"plannedCapacityCoverage":{"coveragePercent":0.0,"knownUnitCount":0,"method":"unavailable","totalUnitCount":0},"plannedCapacityMw":0.0,"plannedCapacityMwByTechnology":{},"recordCount":1,"recordIds":["wattlas-record-osm-way-722557147"],"sourceIds":["openstreetmap-power"],"sourceUrl":"https://www.openstreetmap.org/way/722557147","technologies":["gas"],"technologyMixMw":{"gas":0.0},"unitCount":0,"unitIds":[]},"type":"Feature"},{"geometry":{"coordinates":[38.305409,48.858911],"type":"Point"},"id":"wattlas-plant-osm-way-727454149","properties":{"aliases":["ТЕЦ Лисичанського нафтопереробного заводу"],"canonicalAnchor":"osm:way/727454149","canonicalCountryKey":"UA","capacityMw":110.0,"country":"UA","externalIds":{"osm":"way/727454149"},"geographyId":"UA-14850775B31033086218351","id":"wattlas-plant-osm-way-727454149","lifecycleCounts":{"operational":1},"locationPrecision":"exact","name":"ТЕЦ Лисичанського нафтопереробного заводу","operatingCapacityCoverage":{"coveragePercent":100.0,"knownUnitCount":0,"method":"plant_aggregate","provenance":{"evidenceCount":0,"recordIds":["wattlas-record-osm-way-727454149"],"sourceIds":["openstreetmap-power"],"sourceTypes":["community_mapped"],"valueKind":"reported"},"totalUnitCount":0},"operatingCapacityMw":110.0,"operatingCapacityMwByTechnology":{"gas":110.0},"plannedCapacityCoverage":{"coveragePercent":0.0,"knownUnitCount":0,"method":"unavailable","totalUnitCount":0},"plannedCapacityMw":0.0,"plannedCapacityMwByTechnology":{},"recordCount":1,"recordIds":["wattlas-record-osm-way-727454149"],"sourceIds":["openstreetmap-power"],"sourceUrl":"https://www.openstreetmap.org/way/727454149","technologies":["gas"],"technologyMixMw":{"gas":110.0},"unitCount":0,"unitIds":[]},"type":"Feature"},{"geometry":{"coordinates":[30.543107,50.683077],"type":"Point"},"id":"wattlas-plant-osm-way-742981764","properties":{"aliases":["СЕС Лебедівка"],"canonicalAnchor":"osm:way/742981764","canonicalCountryKey":"UA","capacityMw":10.0,"country":"UA","externalIds":{"osm":"way/742981764"},"geographyId":"UA-14850775B37539954297462","id":"wattlas-plant-osm-way-742981764","lifecycleCounts":{"operational":1},"locationPrecision":"exact","name":"СЕС Лебедівка","operatingCapacityCoverage":{"coveragePercent":100.0,"knownUnitCount":0,"method":"plant_aggregate","provenance":{"evidenceCount":0,"recordIds":["wattlas-record-osm-way-742981764"],"sourceIds":["openstreetmap-power"],"sourceTypes":["community_mapped"],"valueKind":"reported"},"totalUnitCount":0},"operatingCapacityMw":10.0,"operatingCapacityMwByTechnology":{"solar":10.0},"plannedCapacityCoverage":{"coveragePercent":0.0,"knownUnitCount":0,"method":"unavailable","totalUnitCount":0},"plannedCapacityMw":0.0,"plannedCapacityMwByTechnology":{},"recordCount":1,"recordIds":["wattlas-record-osm-way-742981764"],"sourceIds":["openstreetmap-power"],"sourceUrl":"https://www.openstreetmap.org/way/742981764","technologies":["solar"],"technologyMixMw":{"solar":10.0},"unitCount":0,"unitIds":[]},"type":"Feature"},{"geometry":{"coordinates":[32.760554,46.612965],"type":"Point"},"id":"wattlas-plant-osm-way-745278735","properties":{"aliases":["СЕС «Олешки-1»"],"canonicalAnchor":"osm:way/745278735","canonicalCountryKey":"UA","capacityMw":0.0,"country":"UA","externalIds":{"osm":"way/745278735"},"geographyId":"UA-14850775B65901307765467","id":"wattlas-plant-osm-way-745278735","lifecycleCounts":{"operational":1},"locationPrecision":"exact","name":"СЕС «Олешки-1»","operatingCapacityCoverage":{"coveragePercent":0.0,"knownUnitCount":0,"method":"unavailable","totalUnitCount":0},"operatingCapacityMw":0.0,"operatingCapacityMwByTechnology":{},"plannedCapacityCoverage":{"coveragePercent":0.0,"knownUnitCount":0,"method":"unavailable","totalUnitCount":0},"plannedCapacityMw":0.0,"plannedCapacityMwByTechnology":{},"recordCount":1,"recordIds":["wattlas-record-osm-way-745278735"],"sourceIds":["openstreetmap-power"],"sourceUrl":"https://www.openstreetmap.org/way/745278735","technologies":["solar"],"technologyMixMw":{"solar":0.0},"unitCount":0,"unitIds":[]},"type":"Feature"},{"geometry":{"coordinates":[24.693036,49.115245],"type":"Point"},"id":"wattlas-plant-osm-way-750704776","properties":{"aliases":["Залуквівська СЕС"],"canonicalAnchor":"osm:way/750704776","canonicalCountryKey":"UA","capacityMw":14.0,"country":"UA","externalIds":{"osm":"way/750704776"},"geographyId":"UA-14850775B19104561075165","id":"wattlas-plant-osm-way-750704776","lifecycleCounts":{"operational":1},"locationPrecision":"exact","name":"Залуквівська СЕС","operatingCapacityCoverage":{"coveragePercent":100.0,"knownUnitCount":0,"method":"plant_aggregate","provenance":{"evidenceCount":0,"recordIds":["wattlas-record-osm-way-750704776"],"sourceIds":["openstreetmap-power"],"sourceTypes":["community_mapped"],"valueKind":"reported"},"totalUnitCount":0},"operatingCapacityMw":14.0,"operatingCapacityMwByTechnology":{"solar":14.0},"plannedCapacityCoverage":{"coveragePercent":0.0,"knownUnitCount":0,"method":"unavailable","totalUnitCount":0},"plannedCapacityMw":0.0,"plannedCapacityMwByTechnology":{},"recordCount":1,"recordIds":["wattlas-record-osm-way-750704776"],"sourceIds":["openstreetmap-power"],"sourceUrl":"https://www.openstreetmap.org/way/750704776","technologies":["solar"],"technologyMixMw":{"solar":14.0},"unitCount":0,"unitIds":[]},"type":"Feature"},{"geometry":{"coordinates":[32.801135,46.629788],"type":"Point"},"id":"wattlas-plant-osm-way-760116885","properties":{"aliases":["СЕС «Олешки-2»"],"canonicalAnchor":"osm:way/760116885","canonicalCountryKey":"UA","capacityMw":0.0,"country":"UA","externalIds":{"osm":"way/760116885"},"geographyId":"UA-14850775B65901307765467","id":"wattlas-plant-osm-way-760116885","lifecycleCounts":{"operational":1},"locationPrecision":"exact","name":"СЕС «Олешки-2»","operatingCapacityCoverage":{"coveragePercent":0.0,"knownUnitCount":0,"method":"unavailable","totalUnitCount":0},"operatingCapacityMw":0.0,"operatingCapacityMwByTechnology":{},"plannedCapacityCoverage":{"coveragePercent":0.0,"knownUnitCount":0,"method":"unavailable","totalUnitCount":0},"plannedCapacityMw":0.0,"plannedCapacityMwByTechnology":{},"recordCount":1,"recordIds":["wattlas-record-osm-way-760116885"],"sourceIds":["openstreetmap-power"],"sourceUrl":"https://www.openstreetmap.org/way/760116885","technologies":["solar"],"technologyMixMw":{"solar":0.0},"unitCount":0,"unitIds":[]},"type":"Feature"},{"geometry":{"coordinates":[24.816872,48.825901],"type":"Point"},"id":"wattlas-plant-osm-way-760848612","properties":{"aliases":["Сонячний порт"],"canonicalAnchor":"osm:way/760848612","canonicalCountryKey":"UA","capacityMw":1.06,"country":"UA","externalIds":{"osm":"way/760848612"},"geographyId":"UA-14850775B19104561075165","id":"wattlas-plant-osm-way-760848612","lifecycleCounts":{"operational":1},"locationPrecision":"exact","name":"Сонячний порт","operatingCapacityCoverage":{"coveragePercent":100.0,"knownUnitCount":0,"method":"plant_aggregate","provenance":{"evidenceCount":0,"recordIds":["wattlas-record-osm-way-760848612"],"sourceIds":["openstreetmap-power"],"sourceTypes":["community_mapped"],"valueKind":"reported"},"totalUnitCount":0},"operatingCapacityMw":1.06,"operatingCapacityMwByTechnology":{"solar":1.06},"plannedCapacityCoverage":{"coveragePercent":0.0,"knownUnitCount":0,"method":"unavailable","totalUnitCount":0},"plannedCapacityMw":0.0,"plannedCapacityMwByTechnology":{},"recordCount":1,"recordIds":["wattlas-record-osm-way-760848612"],"sourceIds":["openstreetmap-power"],"sourceUrl":"https://www.openstreetmap.org/way/760848612","technologies":["solar"],"technologyMixMw":{"solar":1.06},"unitCount":0,"unitIds":[]},"type":"Feature"},{"geometry":{"coordinates":[31.846928,47.706851],"type":"Point"},"id":"wattlas-plant-osm-way-762977219","properties":{"aliases":["Сонячна електростанція Єланець"],"canonicalAnchor":"osm:way/762977219","canonicalCountryKey":"UA","capacityMw":13.091,"country":"UA","externalIds":{"osm":"way/762977219"},"geographyId":"UA-14850775B99856317748721","id":"wattlas-plant-osm-way-762977219","lifecycleCounts":{"operational":1},"locationPrecision":"exact","name":"Сонячна електростанція Єланець","operatingCapacityCoverage":{"coveragePercent":100.0,"knownUnitCount":0,"method":"plant_aggregate","provenance":{"evidenceCount":0,"recordIds":["wattlas-record-osm-way-762977219"],"sourceIds":["openstreetmap-power"],"sourceTypes":["community_mapped"],"valueKind":"reported"},"totalUnitCount":0},"operatingCapacityMw":13.091,"operatingCapacityMwByTechnology":{"solar":13.091},"plannedCapacityCoverage":{"coveragePercent":0.0,"knownUnitCount":0,"method":"unavailable","totalUnitCount":0},"plannedCapacityMw":0.0,"plannedCapacityMwByTechnology":{},"recordCount":1,"recordIds":["wattlas-record-osm-way-762977219"],"sourceIds":["openstreetmap-power"],"sourceUrl":"https://www.openstreetmap.org/way/762977219","technologies":["solar"],"technologyMixMw":{"solar":13.091},"unitCount":0,"unitIds":[]},"type":"Feature"},{"geometry":{"coordinates":[26.574351,49.168489],"type":"Point"},"id":"wattlas-plant-osm-way-763428507","properties":{"aliases":["ГРП"],"canonicalAnchor":"osm:way/763428507","canonicalCountryKey":"UA","capacityMw":0.0,"country":"UA","externalIds":{"osm":"way/763428507"},"geographyId":"UA-14850775B78366470925827","id":"wattlas-plant-osm-way-763428507","lifecycleCounts":{"operational":1},"locationPrecision":"exact","name":"ГРП","operatingCapacityCoverage":{"coveragePercent":0.0,"knownUnitCount":0,"method":"unavailable","totalUnitCount":0},"operatingCapacityMw":0.0,"operatingCapacityMwByTechnology":{},"plannedCapacityCoverage":{"coveragePercent":0.0,"knownUnitCount":0,"method":"unavailable","totalUnitCount":0},"plannedCapacityMw":0.0,"plannedCapacityMwByTechnology":{},"recordCount":1,"recordIds":["wattlas-record-osm-way-763428507"],"sourceIds":["openstreetmap-power"],"sourceUrl":"https://www.openstreetmap.org/way/763428507","technologies":["gas"],"technologyMixMw":{"gas":0.0},"unitCount":0,"unitIds":[]},"type":"Feature"},{"geometry":{"coordinates":[26.573157,49.175583],"type":"Point"},"id":"wattlas-plant-osm-way-763431282","properties":{"aliases":["ГРП"],"canonicalAnchor":"osm:way/763431282","canonicalCountryKey":"UA","capacityMw":0.0,"country":"UA","externalIds":{"osm":"way/763431282"},"geographyId":"UA-14850775B78366470925827","id":"wattlas-plant-osm-way-763431282","lifecycleCounts":{"operational":1},"locationPrecision":"exact","name":"ГРП","operatingCapacityCoverage":{"coveragePercent":0.0,"knownUnitCount":0,"method":"unavailable","totalUnitCount":0},"operatingCapacityMw":0.0,"operatingCapacityMwByTechnology":{},"plannedCapacityCoverage":{"coveragePercent":0.0,"knownUnitCount":0,"method":"unavailable","totalUnitCount":0},"plannedCapacityMw":0.0,"plannedCapacityMwByTechnology":{},"recordCount":1,"recordIds":["wattlas-record-osm-way-763431282"],"sourceIds":["openstreetmap-power"],"sourceUrl":"https://www.openstreetmap.org/way/763431282","technologies":["gas"],"technologyMixMw":{"gas":0.0},"unitCount":0,"unitIds":[]},"type":"Feature"},{"geometry":{"coordinates":[31.42676,49.298091],"type":"Point"},"id":"wattlas-plant-osm-way-766367829","properties":{"aliases":["Котельня"],"canonicalAnchor":"osm:way/766367829","canonicalCountryKey":"UA","capacityMw":0.0,"country":"UA","externalIds":{"osm":"way/766367829"},"geographyId":"UA-14850775B95678810793770","id":"wattlas-plant-osm-way-766367829","lifecycleCounts":{"operational":1},"locationPrecision":"exact","name":"Котельня","operatingCapacityCoverage":{"coveragePercent":0.0,"knownUnitCount":0,"method":"unavailable","totalUnitCount":0},"operatingCapacityMw":0.0,"operatingCapacityMwByTechnology":{},"plannedCapacityCoverage":{"coveragePercent":0.0,"knownUnitCount":0,"method":"unavailable","totalUnitCount":0},"plannedCapacityMw":0.0,"plannedCapacityMwByTechnology":{},"recordCount":1,"recordIds":["wattlas-record-osm-way-766367829"],"sourceIds":["openstreetmap-power"],"sourceUrl":"https://www.openstreetmap.org/way/766367829","technologies":["coal"],"technologyMixMw":{"coal":0.0},"unitCount":0,"unitIds":[]},"type":"Feature"},{"geometry":{"coordinates":[34.206654,51.079391],"type":"Point"},"id":"wattlas-plant-osm-way-771118633","properties":{"aliases":["Mapped power plant · OSM 771118633"],"canonicalAnchor":"osm:way/771118633","canonicalCountryKey":"UA","capacityMw":5.0,"country":"UA","externalIds":{"osm":"way/771118633"},"geographyId":"UA-14850775B14512392274127","id":"wattlas-plant-osm-way-771118633","lifecycleCounts":{"operational":1},"locationPrecision":"exact","name":"Mapped power plant · OSM 771118633","operatingCapacityCoverage":{"coveragePercent":100.0,"knownUnitCount":0,"method":"plant_aggregate","provenance":{"evidenceCount":0,"recordIds":["wattlas-record-osm-way-771118633"],"sourceIds":["openstreetmap-power"],"sourceTypes":["community_mapped"],"valueKind":"reported"},"totalUnitCount":0},"operatingCapacityMw":5.0,"operatingCapacityMwByTechnology":{"solar":5.0},"plannedCapacityCoverage":{"coveragePercent":0.0,"knownUnitCount":0,"method":"unavailable","totalUnitCount":0},"plannedCapacityMw":0.0,"plannedCapacityMwByTechnology":{},"recordCount":1,"recordIds":["wattlas-record-osm-way-771118633"],"sourceIds":["openstreetmap-power"],"sourceUrl":"https://www.openstreetmap.org/way/771118633","technologies":["solar"],"technologyMixMw":{"solar":5.0},"unitCount":0,"unitIds":[]},"type":"Feature"},{"geometry":{"coordinates":[31.850287,47.711692],"type":"Point"},"id":"wattlas-plant-osm-way-774859180","properties":{"aliases":["Сонячна електростанція Єланець 2"],"canonicalAnchor":"osm:way/774859180","canonicalCountryKey":"UA","capacityMw":6.619,"country":"UA","externalIds":{"osm":"way/774859180"},"geographyId":"UA-14850775B99856317748721","id":"wattlas-plant-osm-way-774859180","lifecycleCounts":{"operational":1},"locationPrecision":"exact","name":"Сонячна електростанція Єланець 2","operatingCapacityCoverage":{"coveragePercent":100.0,"knownUnitCount":0,"method":"plant_aggregate","provenance":{"evidenceCount":0,"recordIds":["wattlas-record-osm-way-774859180"],"sourceIds":["openstreetmap-power"],"sourceTypes":["community_mapped"],"valueKind":"reported"},"totalUnitCount":0},"operatingCapacityMw":6.619,"operatingCapacityMwByTechnology":{"solar":6.619},"plannedCapacityCoverage":{"coveragePercent":0.0,"knownUnitCount":0,"method":"unavailable","totalUnitCount":0},"plannedCapacityMw":0.0,"plannedCapacityMwByTechnology":{},"recordCount":1,"recordIds":["wattlas-record-osm-way-774859180"],"sourceIds":["openstreetmap-power"],"sourceUrl":"https://www.openstreetmap.org/way/774859180","technologies":["solar"],"technologyMixMw":{"solar":6.619},"unitCount":0,"unitIds":[]},"type":"Feature"},{"geometry":{"coordinates":[26.023539,48.225507],"type":"Point"},"id":"wattlas-plant-osm-way-780153171","properties":{"aliases":["Mapped power plant · OSM 780153171"],"canonicalAnchor":"osm:way/780153171","canonicalCountryKey":"UA","capacityMw":0.0,"country":"UA","externalIds":{"osm":"way/780153171"},"geographyId":"UA-14850775B35593196550103","id":"wattlas-plant-osm-way-780153171","lifecycleCounts":{"operational":1},"locationPrecision":"exact","name":"Mapped power plant · OSM 780153171","operatingCapacityCoverage":{"coveragePercent":0.0,"knownUnitCount":0,"method":"unavailable","totalUnitCount":0},"operatingCapacityMw":0.0,"operatingCapacityMwByTechnology":{},"plannedCapacityCoverage":{"coveragePercent":0.0,"knownUnitCount":0,"method":"unavailable","totalUnitCount":0},"plannedCapacityMw":0.0,"plannedCapacityMwByTechnology":{},"recordCount":1,"recordIds":["wattlas-record-osm-way-780153171"],"sourceIds":["openstreetmap-power"],"sourceUrl":"https://www.openstreetmap.org/way/780153171","technologies":["gas"],"technologyMixMw":{"gas":0.0},"unitCount":0,"unitIds":[]},"type":"Feature"},{"geometry":{"coordinates":[31.356519,47.60718],"type":"Point"},"id":"wattlas-plant-osm-way-782539352","properties":{"aliases":["Сонячна електростанція Таборівка"],"canonicalAnchor":"osm:way/782539352","canonicalCountryKey":"UA","capacityMw":16.903,"country":"UA","externalIds":{"osm":"way/782539352"},"geographyId":"UA-14850775B99856317748721","id":"wattlas-plant-osm-way-782539352","lifecycleCounts":{"operational":1},"locationPrecision":"exact","name":"Сонячна електростанція Таборівка","operatingCapacityCoverage":{"coveragePercent":100.0,"knownUnitCount":0,"method":"plant_aggregate","provenance":{"evidenceCount":0,"recordIds":["wattlas-record-osm-way-782539352"],"sourceIds":["openstreetmap-power"],"sourceTypes":["community_mapped"],"valueKind":"reported"},"totalUnitCount":0},"operatingCapacityMw":16.903,"operatingCapacityMwByTechnology":{"solar":16.903},"plannedCapacityCoverage":{"coveragePercent":0.0,"knownUnitCount":0,"method":"unavailable","totalUnitCount":0},"plannedCapacityMw":0.0,"plannedCapacityMwByTechnology":{},"recordCount":1,"recordIds":["wattlas-record-osm-way-782539352"],"sourceIds":["openstreetmap-power"],"sourceUrl":"https://www.openstreetmap.org/way/782539352","technologies":["solar"],"technologyMixMw":{"solar":16.903},"unitCount":0,"unitIds":[]},"type":"Feature"},{"geometry":{"coordinates":[28.873773,45.394209],"type":"Point"},"id":"wattlas-plant-osm-way-786341952","properties":{"aliases":["СЕС Саф'яни"],"canonicalAnchor":"osm:way/786341952","canonicalCountryKey":"UA","capacityMw":1.13,"country":"UA","externalIds":{"osm":"way/786341952"},"geographyId":"UA-14850775B53240635394722","id":"wattlas-plant-osm-way-786341952","lifecycleCounts":{"operational":1},"locationPrecision":"exact","name":"СЕС Саф'яни","operatingCapacityCoverage":{"coveragePercent":100.0,"knownUnitCount":0,"method":"plant_aggregate","provenance":{"evidenceCount":0,"recordIds":["wattlas-record-osm-way-786341952"],"sourceIds":["openstreetmap-power"],"sourceTypes":["community_mapped"],"valueKind":"reported"},"totalUnitCount":0},"operatingCapacityMw":1.13,"operatingCapacityMwByTechnology":{"solar":1.13},"plannedCapacityCoverage":{"coveragePercent":0.0,"knownUnitCount":0,"method":"unavailable","totalUnitCount":0},"plannedCapacityMw":0.0,"plannedCapacityMwByTechnology":{},"recordCount":1,"recordIds":["wattlas-record-osm-way-786341952"],"sourceIds":["openstreetmap-power"],"sourceUrl":"https://www.openstreetmap.org/way/786341952","technologies":["solar"],"technologyMixMw":{"solar":1.13},"unitCount":0,"unitIds":[]},"type":"Feature"},{"geometry":{"coordinates":[35.182805,48.365565],"type":"Point"},"id":"wattlas-plant-osm-way-791145207","properties":{"aliases":["Mapped power plant · OSM 791145207"],"canonicalAnchor":"osm:way/791145207","canonicalCountryKey":"UA","capacityMw":11.2,"country":"UA","externalIds":{"osm":"way/791145207"},"geographyId":"UA-14850775B41808765507575","id":"wattlas-plant-osm-way-791145207","lifecycleCounts":{"operational":1},"locationPrecision":"exact","name":"Mapped power plant · OSM 791145207","operatingCapacityCoverage":{"coveragePercent":100.0,"knownUnitCount":0,"method":"plant_aggregate","provenance":{"evidenceCount":0,"recordIds":["wattlas-record-osm-way-791145207"],"sourceIds":["openstreetmap-power"],"sourceTypes":["community_mapped"],"valueKind":"reported"},"totalUnitCount":0},"operatingCapacityMw":11.2,"operatingCapacityMwByTechnology":{"solar":11.2},"plannedCapacityCoverage":{"coveragePercent":0.0,"knownUnitCount":0,"method":"unavailable","totalUnitCount":0},"plannedCapacityMw":0.0,"plannedCapacityMwByTechnology":{},"recordCount":1,"recordIds":["wattlas-record-osm-way-791145207"],"sourceIds":["openstreetmap-power"],"sourceUrl":"https://www.openstreetmap.org/way/791145207","technologies":["solar"],"technologyMixMw":{"solar":11.2},"unitCount":0,"unitIds":[]},"type":"Feature"},{"geometry":{"coordinates":[27.038474,49.470975],"type":"Point"},"id":"wattlas-plant-osm-way-792191795","properties":{"aliases":["СЕС «Лісові Гринівці»"],"canonicalAnchor":"osm:way/792191795","canonicalCountryKey":"UA","capacityMw":0.0,"country":"UA","externalIds":{"osm":"way/792191795"},"geographyId":"UA-14850775B78366470925827","id":"wattlas-plant-osm-way-792191795","lifecycleCounts":{"operational":1},"locationPrecision":"exact","name":"СЕС «Лісові Гринівці»","operatingCapacityCoverage":{"coveragePercent":0.0,"knownUnitCount":0,"method":"unavailable","totalUnitCount":0},"operatingCapacityMw":0.0,"operatingCapacityMwByTechnology":{},"plannedCapacityCoverage":{"coveragePercent":0.0,"knownUnitCount":0,"method":"unavailable","totalUnitCount":0},"plannedCapacityMw":0.0,"plannedCapacityMwByTechnology":{},"recordCount":1,"recordIds":["wattlas-record-osm-way-792191795"],"sourceIds":["openstreetmap-power"],"sourceUrl":"https://www.openstreetmap.org/way/792191795","technologies":["solar"],"technologyMixMw":{"solar":0.0},"unitCount":0,"unitIds":[]},"type":"Feature"},{"geometry":{"coordinates":[32.202069,48.510309],"type":"Point"},"id":"wattlas-plant-osm-way-792788802","properties":{"aliases":["Mapped power plant · OSM 792788802"],"canonicalAnchor":"osm:way/792788802","canonicalCountryKey":"UA","capacityMw":1.0,"country":"UA","externalIds":{"osm":"way/792788802"},"geographyId":"UA-14850775B64193679462794","id":"wattlas-plant-osm-way-792788802","lifecycleCounts":{"operational":1},"locationPrecision":"exact","name":"Mapped power plant · OSM 792788802","operatingCapacityCoverage":{"coveragePercent":100.0,"knownUnitCount":0,"method":"plant_aggregate","provenance":{"evidenceCount":0,"recordIds":["wattlas-record-osm-way-792788802"],"sourceIds":["openstreetmap-power"],"sourceTypes":["community_mapped"],"valueKind":"reported"},"totalUnitCount":0},"operatingCapacityMw":1.0,"operatingCapacityMwByTechnology":{"solar":1.0},"plannedCapacityCoverage":{"coveragePercent":0.0,"knownUnitCount":0,"method":"unavailable","totalUnitCount":0},"plannedCapacityMw":0.0,"plannedCapacityMwByTechnology":{},"recordCount":1,"recordIds":["wattlas-record-osm-way-792788802"],"sourceIds":["openstreetmap-power"],"sourceUrl":"https://www.openstreetmap.org/way/792788802","technologies":["solar"],"technologyMixMw":{"solar":1.0},"unitCount":0,"unitIds":[]},"type":"Feature"},{"geometry":{"coordinates":[22.281019,48.53439],"type":"Point"},"id":"wattlas-plant-osm-way-793887533","properties":{"aliases":["Mapped power plant · OSM 793887533"],"canonicalAnchor":"osm:way/793887533","canonicalCountryKey":"UA","capacityMw":1.02,"country":"UA","externalIds":{"osm":"way/793887533"},"geographyId":"UA-14850775B82824220650579","id":"wattlas-plant-osm-way-793887533","lifecycleCounts":{"operational":1},"locationPrecision":"exact","name":"Mapped power plant · OSM 793887533","operatingCapacityCoverage":{"coveragePercent":100.0,"knownUnitCount":0,"method":"plant_aggregate","provenance":{"evidenceCount":0,"recordIds":["wattlas-record-osm-way-793887533"],"sourceIds":["openstreetmap-power"],"sourceTypes":["community_mapped"],"valueKind":"reported"},"totalUnitCount":0},"operatingCapacityMw":1.02,"operatingCapacityMwByTechnology":{"solar":1.02},"plannedCapacityCoverage":{"coveragePercent":0.0,"knownUnitCount":0,"method":"unavailable","totalUnitCount":0},"plannedCapacityMw":0.0,"plannedCapacityMwByTechnology":{},"recordCount":1,"recordIds":["wattlas-record-osm-way-793887533"],"sourceIds":["openstreetmap-power"],"sourceUrl":"https://www.openstreetmap.org/way/793887533","technologies":["solar"],"technologyMixMw":{"solar":1.02},"unitCount":0,"unitIds":[]},"type":"Feature"},{"geometry":{"coordinates":[22.486616,48.819803],"type":"Point"},"id":"wattlas-plant-osm-way-795398593","properties":{"aliases":["СЕС «Уженергосервіс»"],"canonicalAnchor":"osm:way/795398593","canonicalCountryKey":"UA","capacityMw":1.86,"country":"UA","externalIds":{"osm":"way/795398593"},"geographyId":"UA-14850775B82824220650579","id":"wattlas-plant-osm-way-795398593","lifecycleCounts":{"operational":1},"locationPrecision":"exact","name":"СЕС «Уженергосервіс»","operatingCapacityCoverage":{"coveragePercent":100.0,"knownUnitCount":0,"method":"plant_aggregate","provenance":{"evidenceCount":0,"recordIds":["wattlas-record-osm-way-795398593"],"sourceIds":["openstreetmap-power"],"sourceTypes":["community_mapped"],"valueKind":"reported"},"totalUnitCount":0},"operatingCapacityMw":1.86,"operatingCapacityMwByTechnology":{"solar":1.86},"plannedCapacityCoverage":{"coveragePercent":0.0,"knownUnitCount":0,"method":"unavailable","totalUnitCount":0},"plannedCapacityMw":0.0,"plannedCapacityMwByTechnology":{},"recordCount":1,"recordIds":["wattlas-record-osm-way-795398593"],"sourceIds":["openstreetmap-power"],"sourceUrl":"https://www.openstreetmap.org/way/795398593","technologies":["solar"],"technologyMixMw":{"solar":1.86},"unitCount":0,"unitIds":[]},"type":"Feature"},{"geometry":{"coordinates":[22.878386,48.208771],"type":"Point"},"id":"wattlas-plant-osm-way-795398594","properties":{"aliases":["СЕС «Шаланки»"],"canonicalAnchor":"osm:way/795398594","canonicalCountryKey":"UA","capacityMw":15.0,"country":"UA","externalIds":{"osm":"way/795398594"},"geographyId":"UA-14850775B82824220650579","id":"wattlas-plant-osm-way-795398594","lifecycleCounts":{"operational":1},"locationPrecision":"exact","name":"СЕС «Шаланки»","operatingCapacityCoverage":{"coveragePercent":100.0,"knownUnitCount":0,"method":"plant_aggregate","provenance":{"evidenceCount":0,"recordIds":["wattlas-record-osm-way-795398594"],"sourceIds":["openstreetmap-power"],"sourceTypes":["community_mapped"],"valueKind":"reported"},"totalUnitCount":0},"operatingCapacityMw":15.0,"operatingCapacityMwByTechnology":{"solar":15.0},"plannedCapacityCoverage":{"coveragePercent":0.0,"knownUnitCount":0,"method":"unavailable","totalUnitCount":0},"plannedCapacityMw":0.0,"plannedCapacityMwByTechnology":{},"recordCount":1,"recordIds":["wattlas-record-osm-way-795398594"],"sourceIds":["openstreetmap-power"],"sourceUrl":"https://www.openstreetmap.org/way/795398594","technologies":["solar"],"technologyMixMw":{"solar":15.0},"unitCount":0,"unitIds":[]},"type":"Feature"},{"geometry":{"coordinates":[22.885686,48.213826],"type":"Point"},"id":"wattlas-plant-osm-way-795398595","properties":{"aliases":["СЕС «Шаланки-2»"],"canonicalAnchor":"osm:way/795398595","canonicalCountryKey":"UA","capacityMw":6.23,"country":"UA","externalIds":{"osm":"way/795398595"},"geographyId":"UA-14850775B82824220650579","id":"wattlas-plant-osm-way-795398595","lifecycleCounts":{"operational":1},"locationPrecision":"exact","name":"СЕС «Шаланки-2»","operatingCapacityCoverage":{"coveragePercent":100.0,"knownUnitCount":0,"method":"plant_aggregate","provenance":{"evidenceCount":0,"recordIds":["wattlas-record-osm-way-795398595"],"sourceIds":["openstreetmap-power"],"sourceTypes":["community_mapped"],"valueKind":"reported"},"totalUnitCount":0},"operatingCapacityMw":6.23,"operatingCapacityMwByTechnology":{"solar":6.23},"plannedCapacityCoverage":{"coveragePercent":0.0,"knownUnitCount":0,"method":"unavailable","totalUnitCount":0},"plannedCapacityMw":0.0,"plannedCapacityMwByTechnology":{},"recordCount":1,"recordIds":["wattlas-record-osm-way-795398595"],"sourceIds":["openstreetmap-power"],"sourceUrl":"https://www.openstreetmap.org/way/795398595","technologies":["solar"],"technologyMixMw":{"solar":6.23},"unitCount":0,"unitIds":[]},"type":"Feature"},{"geometry":{"coordinates":[22.40954,48.349874],"type":"Point"},"id":"wattlas-plant-osm-way-795398597","properties":{"aliases":["СЕС «Курс»"],"canonicalAnchor":"osm:way/795398597","canonicalCountryKey":"UA","capacityMw":6.97,"country":"UA","externalIds":{"osm":"way/795398597"},"geographyId":"UA-14850775B82824220650579","id":"wattlas-plant-osm-way-795398597","lifecycleCounts":{"operational":1},"locationPrecision":"exact","name":"СЕС «Курс»","operatingCapacityCoverage":{"coveragePercent":100.0,"knownUnitCount":0,"method":"plant_aggregate","provenance":{"evidenceCount":0,"recordIds":["wattlas-record-osm-way-795398597"],"sourceIds":["openstreetmap-power"],"sourceTypes":["community_mapped"],"valueKind":"reported"},"totalUnitCount":0},"operatingCapacityMw":6.97,"operatingCapacityMwByTechnology":{"solar":6.97},"plannedCapacityCoverage":{"coveragePercent":0.0,"knownUnitCount":0,"method":"unavailable","totalUnitCount":0},"plannedCapacityMw":0.0,"plannedCapacityMwByTechnology":{},"recordCount":1,"recordIds":["wattlas-record-osm-way-795398597"],"sourceIds":["openstreetmap-power"],"sourceUrl":"https://www.openstreetmap.org/way/795398597","technologies":["solar"],"technologyMixMw":{"solar":6.97},"unitCount":0,"unitIds":[]},"type":"Feature"},{"geometry":{"coordinates":[22.574622,48.579054],"type":"Point"},"id":"wattlas-plant-osm-way-795398598","properties":{"aliases":["СЕС «Енерсан»"],"canonicalAnchor":"osm:way/795398598","canonicalCountryKey":"UA","capacityMw":1.02,"country":"UA","externalIds":{"osm":"way/795398598"},"geographyId":"UA-14850775B82824220650579","id":"wattlas-plant-osm-way-795398598","lifecycleCounts":{"operational":1},"locationPrecision":"exact","name":"СЕС «Енерсан»","operatingCapacityCoverage":{"coveragePercent":100.0,"knownUnitCount":0,"method":"plant_aggregate","provenance":{"evidenceCount":0,"recordIds":["wattlas-record-osm-way-795398598"],"sourceIds":["openstreetmap-power"],"sourceTypes":["community_mapped"],"valueKind":"reported"},"totalUnitCount":0},"operatingCapacityMw":1.02,"operatingCapacityMwByTechnology":{"solar":1.02},"plannedCapacityCoverage":{"coveragePercent":0.0,"knownUnitCount":0,"method":"unavailable","totalUnitCount":0},"plannedCapacityMw":0.0,"plannedCapacityMwByTechnology":{},"recordCount":1,"recordIds":["wattlas-record-osm-way-795398598"],"sourceIds":["openstreetmap-power"],"sourceUrl":"https://www.openstreetmap.org/way/795398598","technologies":["solar"],"technologyMixMw":{"solar":1.02},"unitCount":0,"unitIds":[]},"type":"Feature"},{"geometry":{"coordinates":[23.605762,48.132769],"type":"Point"},"id":"wattlas-plant-osm-way-795398599","properties":{"aliases":["Mapped power plant · OSM 795398599"],"canonicalAnchor":"osm:way/795398599","canonicalCountryKey":"UA","capacityMw":12.65,"country":"UA","externalIds":{"osm":"way/795398599"},"geographyId":"UA-14850775B82824220650579","id":"wattlas-plant-osm-way-795398599","lifecycleCounts":{"operational":1},"locationPrecision":"exact","name":"Mapped power plant · OSM 795398599","operatingCapacityCoverage":{"coveragePercent":100.0,"knownUnitCount":0,"method":"plant_aggregate","provenance":{"evidenceCount":0,"recordIds":["wattlas-record-osm-way-795398599"],"sourceIds":["openstreetmap-power"],"sourceTypes":["community_mapped"],"valueKind":"reported"},"totalUnitCount":0},"operatingCapacityMw":12.65,"operatingCapacityMwByTechnology":{"solar":12.65},"plannedCapacityCoverage":{"coveragePercent":0.0,"knownUnitCount":0,"method":"unavailable","totalUnitCount":0},"plannedCapacityMw":0.0,"plannedCapacityMwByTechnology":{},"recordCount":1,"recordIds":["wattlas-record-osm-way-795398599"],"sourceIds":["openstreetmap-power"],"sourceUrl":"https://www.openstreetmap.org/way/795398599","technologies":["solar"],"technologyMixMw":{"solar":12.65},"unitCount":0,"unitIds":[]},"type":"Feature"},{"geometry":{"coordinates":[23.976134,49.840351],"type":"Point"},"id":"wattlas-plant-osm-way-798923098","properties":{"aliases":["Котельня"],"canonicalAnchor":"osm:way/798923098","canonicalCountryKey":"UA","capacityMw":0.0,"country":"UA","externalIds":{"osm":"way/798923098"},"geographyId":"UA-14850775B26941409899318","id":"wattlas-plant-osm-way-798923098","lifecycleCounts":{"operational":1},"locationPrecision":"exact","name":"Котельня","operatingCapacityCoverage":{"coveragePercent":0.0,"knownUnitCount":0,"method":"unavailable","totalUnitCount":0},"operatingCapacityMw":0.0,"operatingCapacityMwByTechnology":{},"plannedCapacityCoverage":{"coveragePercent":0.0,"knownUnitCount":0,"method":"unavailable","totalUnitCount":0},"plannedCapacityMw":0.0,"plannedCapacityMwByTechnology":{},"recordCount":1,"recordIds":["wattlas-record-osm-way-798923098"],"sourceIds":["openstreetmap-power"],"sourceUrl":"https://www.openstreetmap.org/way/798923098","technologies":["gas"],"technologyMixMw":{"gas":0.0},"unitCount":0,"unitIds":[]},"type":"Feature"},{"geometry":{"coordinates":[24.089722,49.897473],"type":"Point"},"id":"wattlas-plant-osm-way-801604549","properties":{"aliases":["Вітрогенератор"],"canonicalAnchor":"osm:way/801604549","canonicalCountryKey":"UA","capacityMw":0.0,"country":"UA","externalIds":{"osm":"way/801604549"},"geographyId":"UA-14850775B26941409899318","id":"wattlas-plant-osm-way-801604549","lifecycleCounts":{"operational":1},"locationPrecision":"exact","name":"Вітрогенератор","operatingCapacityCoverage":{"coveragePercent":0.0,"knownUnitCount":0,"method":"unavailable","totalUnitCount":0},"operatingCapacityMw":0.0,"operatingCapacityMwByTechnology":{},"plannedCapacityCoverage":{"coveragePercent":0.0,"knownUnitCount":0,"method":"unavailable","totalUnitCount":0},"plannedCapacityMw":0.0,"plannedCapacityMwByTechnology":{},"recordCount":1,"recordIds":["wattlas-record-osm-way-801604549"],"sourceIds":["openstreetmap-power"],"sourceUrl":"https://www.openstreetmap.org/way/801604549","technologies":["wind"],"technologyMixMw":{"wind":0.0},"unitCount":0,"unitIds":[]},"type":"Feature"},{"geometry":{"coordinates":[30.863935,49.564673],"type":"Point"},"id":"wattlas-plant-osm-way-801621113","properties":{"aliases":["Bohuslavenergy.com"],"canonicalAnchor":"osm:way/801621113","canonicalCountryKey":"UA","capacityMw":54.0,"country":"UA","externalIds":{"osm":"way/801621113"},"geographyId":"UA-14850775B37539954297462","id":"wattlas-plant-osm-way-801621113","lifecycleCounts":{"operational":1},"locationPrecision":"exact","name":"Bohuslavenergy.com","operatingCapacityCoverage":{"coveragePercent":100.0,"knownUnitCount":0,"method":"plant_aggregate","provenance":{"evidenceCount":0,"recordIds":["wattlas-record-osm-way-801621113"],"sourceIds":["openstreetmap-power"],"sourceTypes":["community_mapped"],"valueKind":"reported"},"totalUnitCount":0},"operatingCapacityMw":54.0,"operatingCapacityMwByTechnology":{"solar":54.0},"plannedCapacityCoverage":{"coveragePercent":0.0,"knownUnitCount":0,"method":"unavailable","totalUnitCount":0},"plannedCapacityMw":0.0,"plannedCapacityMwByTechnology":{},"recordCount":1,"recordIds":["wattlas-record-osm-way-801621113"],"sourceIds":["openstreetmap-power"],"sourceUrl":"https://www.openstreetmap.org/way/801621113","technologies":["solar"],"technologyMixMw":{"solar":54.0},"unitCount":0,"unitIds":[]},"type":"Feature"},{"geometry":{"coordinates":[23.968237,49.840138],"type":"Point"},"id":"wattlas-plant-osm-way-801865078","properties":{"aliases":["Mapped power plant · OSM 801865078"],"canonicalAnchor":"osm:way/801865078","canonicalCountryKey":"UA","capacityMw":0.0,"country":"UA","externalIds":{"osm":"way/801865078"},"geographyId":"UA-14850775B26941409899318","id":"wattlas-plant-osm-way-801865078","lifecycleCounts":{"operational":1},"locationPrecision":"exact","name":"Mapped power plant · OSM 801865078","operatingCapacityCoverage":{"coveragePercent":0.0,"knownUnitCount":0,"method":"unavailable","totalUnitCount":0},"operatingCapacityMw":0.0,"operatingCapacityMwByTechnology":{},"plannedCapacityCoverage":{"coveragePercent":0.0,"knownUnitCount":0,"method":"unavailable","totalUnitCount":0},"plannedCapacityMw":0.0,"plannedCapacityMwByTechnology":{},"recordCount":1,"recordIds":["wattlas-record-osm-way-801865078"],"sourceIds":["openstreetmap-power"],"sourceUrl":"https://www.openstreetmap.org/way/801865078","technologies":["gas"],"technologyMixMw":{"gas":0.0},"unitCount":0,"unitIds":[]},"type":"Feature"},{"geometry":{"coordinates":[23.972057,49.838699],"type":"Point"},"id":"wattlas-plant-osm-way-801869994","properties":{"aliases":["Котельня"],"canonicalAnchor":"osm:way/801869994","canonicalCountryKey":"UA","capacityMw":0.0,"country":"UA","externalIds":{"osm":"way/801869994"},"geographyId":"UA-14850775B26941409899318","id":"wattlas-plant-osm-way-801869994","lifecycleCounts":{"operational":1},"locationPrecision":"exact","name":"Котельня","operatingCapacityCoverage":{"coveragePercent":0.0,"knownUnitCount":0,"method":"unavailable","totalUnitCount":0},"operatingCapacityMw":0.0,"operatingCapacityMwByTechnology":{},"plannedCapacityCoverage":{"coveragePercent":0.0,"knownUnitCount":0,"method":"unavailable","totalUnitCount":0},"plannedCapacityMw":0.0,"plannedCapacityMwByTechnology":{},"recordCount":1,"recordIds":["wattlas-record-osm-way-801869994"],"sourceIds":["openstreetmap-power"],"sourceUrl":"https://www.openstreetmap.org/way/801869994","technologies":["other"],"technologyMixMw":{"other":0.0},"unitCount":0,"unitIds":[]},"type":"Feature"},{"geometry":{"coordinates":[31.746397,49.751023],"type":"Point"},"id":"wattlas-plant-osm-way-803741910","properties":{"aliases":["СЕС \"Бубнівська Слобідка\""],"canonicalAnchor":"osm:way/803741910","canonicalCountryKey":"UA","capacityMw":10.0,"country":"UA","externalIds":{"osm":"way/803741910"},"geographyId":"UA-14850775B95678810793770","id":"wattlas-plant-osm-way-803741910","lifecycleCounts":{"operational":1},"locationPrecision":"exact","name":"СЕС \"Бубнівська Слобідка\"","operatingCapacityCoverage":{"coveragePercent":100.0,"knownUnitCount":0,"method":"plant_aggregate","provenance":{"evidenceCount":0,"recordIds":["wattlas-record-osm-way-803741910"],"sourceIds":["openstreetmap-power"],"sourceTypes":["community_mapped"],"valueKind":"reported"},"totalUnitCount":0},"operatingCapacityMw":10.0,"operatingCapacityMwByTechnology":{"solar":10.0},"plannedCapacityCoverage":{"coveragePercent":0.0,"knownUnitCount":0,"method":"unavailable","totalUnitCount":0},"plannedCapacityMw":0.0,"plannedCapacityMwByTechnology":{},"recordCount":1,"recordIds":["wattlas-record-osm-way-803741910"],"sourceIds":["openstreetmap-power"],"sourceUrl":"https://www.openstreetmap.org/way/803741910","technologies":["solar"],"technologyMixMw":{"solar":10.0},"unitCount":0,"unitIds":[]},"type":"Feature"},{"geometry":{"coordinates":[37.976823,48.318772],"type":"Point"},"id":"wattlas-plant-osm-way-805304948","properties":{"aliases":["Котельня"],"canonicalAnchor":"osm:way/805304948","canonicalCountryKey":"UA","capacityMw":0.0,"country":"UA","externalIds":{"osm":"way/805304948"},"geographyId":"UA-14850775B15615817748403","id":"wattlas-plant-osm-way-805304948","lifecycleCounts":{"operational":1},"locationPrecision":"exact","name":"Котельня","operatingCapacityCoverage":{"coveragePercent":0.0,"knownUnitCount":0,"method":"unavailable","totalUnitCount":0},"operatingCapacityMw":0.0,"operatingCapacityMwByTechnology":{},"plannedCapacityCoverage":{"coveragePercent":0.0,"knownUnitCount":0,"method":"unavailable","totalUnitCount":0},"plannedCapacityMw":0.0,"plannedCapacityMwByTechnology":{},"recordCount":1,"recordIds":["wattlas-record-osm-way-805304948"],"sourceIds":["openstreetmap-power"],"sourceUrl":"https://www.openstreetmap.org/way/805304948","technologies":["gas"],"technologyMixMw":{"gas":0.0},"unitCount":0,"unitIds":[]},"type":"Feature"},{"geometry":{"coordinates":[24.925634,48.034806],"type":"Point"},"id":"wattlas-plant-osm-way-808197847","properties":{"aliases":["ГЕС"],"canonicalAnchor":"osm:way/808197847","canonicalCountryKey":"UA","capacityMw":0.0,"country":"UA","externalIds":{"osm":"way/808197847"},"geographyId":"UA-14850775B35593196550103","id":"wattlas-plant-osm-way-808197847","lifecycleCounts":{"operational":1},"locationPrecision":"exact","name":"ГЕС","operatingCapacityCoverage":{"coveragePercent":0.0,"knownUnitCount":0,"method":"unavailable","totalUnitCount":0},"operatingCapacityMw":0.0,"operatingCapacityMwByTechnology":{},"plannedCapacityCoverage":{"coveragePercent":0.0,"knownUnitCount":0,"method":"unavailable","totalUnitCount":0},"plannedCapacityMw":0.0,"plannedCapacityMwByTechnology":{},"recordCount":1,"recordIds":["wattlas-record-osm-way-808197847"],"sourceIds":["openstreetmap-power"],"sourceUrl":"https://www.openstreetmap.org/way/808197847","technologies":["hydro"],"technologyMixMw":{"hydro":0.0},"unitCount":0,"unitIds":[]},"type":"Feature"},{"geometry":{"coordinates":[25.393974,49.309474],"type":"Point"},"id":"wattlas-plant-osm-way-835845066","properties":{"aliases":["Mapped power plant · OSM 835845066"],"canonicalAnchor":"osm:way/835845066","canonicalCountryKey":"UA","capacityMw":2.376,"country":"UA","externalIds":{"osm":"way/835845066"},"geographyId":"UA-14850775B81694531118507","id":"wattlas-plant-osm-way-835845066","lifecycleCounts":{"operational":1},"locationPrecision":"exact","name":"Mapped power plant · OSM 835845066","operatingCapacityCoverage":{"coveragePercent":100.0,"knownUnitCount":0,"method":"plant_aggregate","provenance":{"evidenceCount":0,"recordIds":["wattlas-record-osm-way-835845066"],"sourceIds":["openstreetmap-power"],"sourceTypes":["community_mapped"],"valueKind":"reported"},"totalUnitCount":0},"operatingCapacityMw":2.376,"operatingCapacityMwByTechnology":{"solar":2.376},"plannedCapacityCoverage":{"coveragePercent":0.0,"knownUnitCount":0,"method":"unavailable","totalUnitCount":0},"plannedCapacityMw":0.0,"plannedCapacityMwByTechnology":{},"recordCount":1,"recordIds":["wattlas-record-osm-way-835845066"],"sourceIds":["openstreetmap-power"],"sourceUrl":"https://www.openstreetmap.org/way/835845066","technologies":["solar"],"technologyMixMw":{"solar":2.376},"unitCount":0,"unitIds":[]},"type":"Feature"},{"geometry":{"coordinates":[27.43691,49.279093],"type":"Point"},"id":"wattlas-plant-osm-way-838086557","properties":{"aliases":["Сонячна Деражня"],"canonicalAnchor":"osm:way/838086557","canonicalCountryKey":"UA","capacityMw":0.0,"country":"UA","externalIds":{"osm":"way/838086557"},"geographyId":"UA-14850775B78366470925827","id":"wattlas-plant-osm-way-838086557","lifecycleCounts":{"operational":1},"locationPrecision":"exact","name":"Сонячна Деражня","operatingCapacityCoverage":{"coveragePercent":0.0,"knownUnitCount":0,"method":"unavailable","totalUnitCount":0},"operatingCapacityMw":0.0,"operatingCapacityMwByTechnology":{},"plannedCapacityCoverage":{"coveragePercent":0.0,"knownUnitCount":0,"method":"unavailable","totalUnitCount":0},"plannedCapacityMw":0.0,"plannedCapacityMwByTechnology":{},"recordCount":1,"recordIds":["wattlas-record-osm-way-838086557"],"sourceIds":["openstreetmap-power"],"sourceUrl":"https://www.openstreetmap.org/way/838086557","technologies":["solar"],"technologyMixMw":{"solar":0.0},"unitCount":0,"unitIds":[]},"type":"Feature"},{"geometry":{"coordinates":[28.822527,45.362887],"type":"Point"},"id":"wattlas-plant-osm-way-838311351","properties":{"aliases":["Північно-західна котельня"],"canonicalAnchor":"osm:way/838311351","canonicalCountryKey":"UA","capacityMw":0.0,"country":"UA","externalIds":{"osm":"way/838311351"},"geographyId":"UA-14850775B53240635394722","id":"wattlas-plant-osm-way-838311351","lifecycleCounts":{"operational":1},"locationPrecision":"exact","name":"Північно-західна котельня","operatingCapacityCoverage":{"coveragePercent":0.0,"knownUnitCount":0,"method":"unavailable","totalUnitCount":0},"operatingCapacityMw":0.0,"operatingCapacityMwByTechnology":{},"plannedCapacityCoverage":{"coveragePercent":0.0,"knownUnitCount":0,"method":"unavailable","totalUnitCount":0},"plannedCapacityMw":0.0,"plannedCapacityMwByTechnology":{},"recordCount":1,"recordIds":["wattlas-record-osm-way-838311351"],"sourceIds":["openstreetmap-power"],"sourceUrl":"https://www.openstreetmap.org/way/838311351","technologies":["gas"],"technologyMixMw":{"gas":0.0},"unitCount":0,"unitIds":[]},"type":"Feature"},{"geometry":{"coordinates":[25.784775,49.025069],"type":"Point"},"id":"wattlas-plant-osm-way-839324287","properties":{"aliases":["Чортківська мікроГЕС"],"canonicalAnchor":"osm:way/839324287","canonicalCountryKey":"UA","capacityMw":0.0,"country":"UA","externalIds":{"osm":"way/839324287"},"geographyId":"UA-14850775B81694531118507","id":"wattlas-plant-osm-way-839324287","lifecycleCounts":{"operational":1},"locationPrecision":"exact","name":"Чортківська мікроГЕС","operatingCapacityCoverage":{"coveragePercent":0.0,"knownUnitCount":0,"method":"unavailable","totalUnitCount":0},"operatingCapacityMw":0.0,"operatingCapacityMwByTechnology":{},"plannedCapacityCoverage":{"coveragePercent":0.0,"knownUnitCount":0,"method":"unavailable","totalUnitCount":0},"plannedCapacityMw":0.0,"plannedCapacityMwByTechnology":{},"recordCount":1,"recordIds":["wattlas-record-osm-way-839324287"],"sourceIds":["openstreetmap-power"],"sourceUrl":"https://www.openstreetmap.org/way/839324287","technologies":["hydro"],"technologyMixMw":{"hydro":0.0},"unitCount":0,"unitIds":[]},"type":"Feature"},{"geometry":{"coordinates":[30.234876,49.148712],"type":"Point"},"id":"wattlas-plant-osm-way-839716761","properties":{"aliases":["Вороненська ГЕС"],"canonicalAnchor":"osm:way/839716761","canonicalCountryKey":"UA","capacityMw":0.0,"country":"UA","externalIds":{"osm":"way/839716761"},"geographyId":"UA-14850775B95678810793770","id":"wattlas-plant-osm-way-839716761","lifecycleCounts":{"operational":1},"locationPrecision":"exact","name":"Вороненська ГЕС","operatingCapacityCoverage":{"coveragePercent":0.0,"knownUnitCount":0,"method":"unavailable","totalUnitCount":0},"operatingCapacityMw":0.0,"operatingCapacityMwByTechnology":{},"plannedCapacityCoverage":{"coveragePercent":0.0,"knownUnitCount":0,"method":"unavailable","totalUnitCount":0},"plannedCapacityMw":0.0,"plannedCapacityMwByTechnology":{},"recordCount":1,"recordIds":["wattlas-record-osm-way-839716761"],"sourceIds":["openstreetmap-power"],"sourceUrl":"https://www.openstreetmap.org/way/839716761","technologies":["hydro"],"technologyMixMw":{"hydro":0.0},"unitCount":0,"unitIds":[]},"type":"Feature"},{"geometry":{"coordinates":[30.521374,48.998113],"type":"Point"},"id":"wattlas-plant-osm-way-843633455","properties":{"aliases":["Юрпільська ГЕС"],"canonicalAnchor":"osm:way/843633455","canonicalCountryKey":"UA","capacityMw":0.0,"country":"UA","externalIds":{"osm":"way/843633455"},"geographyId":"UA-14850775B95678810793770","id":"wattlas-plant-osm-way-843633455","lifecycleCounts":{"operational":1},"locationPrecision":"exact","name":"Юрпільська ГЕС","operatingCapacityCoverage":{"coveragePercent":0.0,"knownUnitCount":0,"method":"unavailable","totalUnitCount":0},"operatingCapacityMw":0.0,"operatingCapacityMwByTechnology":{},"plannedCapacityCoverage":{"coveragePercent":0.0,"knownUnitCount":0,"method":"unavailable","totalUnitCount":0},"plannedCapacityMw":0.0,"plannedCapacityMwByTechnology":{},"recordCount":1,"recordIds":["wattlas-record-osm-way-843633455"],"sourceIds":["openstreetmap-power"],"sourceUrl":"https://www.openstreetmap.org/way/843633455","technologies":["hydro"],"technologyMixMw":{"hydro":0.0},"unitCount":0,"unitIds":[]},"type":"Feature"},{"geometry":{"coordinates":[26.359616,50.24577],"type":"Point"},"id":"wattlas-plant-osm-way-844044814","properties":{"aliases":["Кунівська ГЕС"],"canonicalAnchor":"osm:way/844044814","canonicalCountryKey":"UA","capacityMw":0.0,"country":"UA","externalIds":{"osm":"way/844044814"},"geographyId":"UA-14850775B78366470925827","id":"wattlas-plant-osm-way-844044814","lifecycleCounts":{"operational":1},"locationPrecision":"exact","name":"Кунівська ГЕС","operatingCapacityCoverage":{"coveragePercent":0.0,"knownUnitCount":0,"method":"unavailable","totalUnitCount":0},"operatingCapacityMw":0.0,"operatingCapacityMwByTechnology":{},"plannedCapacityCoverage":{"coveragePercent":0.0,"knownUnitCount":0,"method":"unavailable","totalUnitCount":0},"plannedCapacityMw":0.0,"plannedCapacityMwByTechnology":{},"recordCount":1,"recordIds":["wattlas-record-osm-way-844044814"],"sourceIds":["openstreetmap-power"],"sourceUrl":"https://www.openstreetmap.org/way/844044814","technologies":["hydro"],"technologyMixMw":{"hydro":0.0},"unitCount":0,"unitIds":[]},"type":"Feature"},{"geometry":{"coordinates":[34.383952,47.605473],"type":"Point"},"id":"wattlas-plant-osm-way-849919337","properties":{"aliases":["Mapped power plant · OSM 849919337"],"canonicalAnchor":"osm:way/849919337","canonicalCountryKey":"UA","capacityMw":0.0,"country":"UA","externalIds":{"osm":"way/849919337"},"geographyId":"UA-14850775B41808765507575","id":"wattlas-plant-osm-way-849919337","lifecycleCounts":{"operational":1},"locationPrecision":"exact","name":"Mapped power plant · OSM 849919337","operatingCapacityCoverage":{"coveragePercent":0.0,"knownUnitCount":0,"method":"unavailable","totalUnitCount":0},"operatingCapacityMw":0.0,"operatingCapacityMwByTechnology":{},"plannedCapacityCoverage":{"coveragePercent":0.0,"knownUnitCount":0,"method":"unavailable","totalUnitCount":0},"plannedCapacityMw":0.0,"plannedCapacityMwByTechnology":{},"recordCount":1,"recordIds":["wattlas-record-osm-way-849919337"],"sourceIds":["openstreetmap-power"],"sourceUrl":"https://www.openstreetmap.org/way/849919337","technologies":["solar"],"technologyMixMw":{"solar":0.0},"unitCount":0,"unitIds":[]},"type":"Feature"},{"geometry":{"coordinates":[30.49568,50.466087],"type":"Point"},"id":"wattlas-plant-osm-way-856182719","properties":{"aliases":["Районна котельня \"Лук'янівська\""],"canonicalAnchor":"osm:way/856182719","canonicalCountryKey":"UA","capacityMw":0.0,"country":"UA","externalIds":{"osm":"way/856182719"},"geographyId":"UA-14850775B22712718081002","id":"wattlas-plant-osm-way-856182719","lifecycleCounts":{"operational":1},"locationPrecision":"exact","name":"Районна котельня \"Лук'янівська\"","operatingCapacityCoverage":{"coveragePercent":0.0,"knownUnitCount":0,"method":"unavailable","totalUnitCount":0},"operatingCapacityMw":0.0,"operatingCapacityMwByTechnology":{},"plannedCapacityCoverage":{"coveragePercent":0.0,"knownUnitCount":0,"method":"unavailable","totalUnitCount":0},"plannedCapacityMw":0.0,"plannedCapacityMwByTechnology":{},"recordCount":1,"recordIds":["wattlas-record-osm-way-856182719"],"sourceIds":["openstreetmap-power"],"sourceUrl":"https://www.openstreetmap.org/way/856182719","technologies":["other"],"technologyMixMw":{"other":0.0},"unitCount":0,"unitIds":[]},"type":"Feature"},{"geometry":{"coordinates":[24.725506,48.835551],"type":"Point"},"id":"wattlas-plant-osm-way-856458149","properties":{"aliases":["Черніїв-1"],"canonicalAnchor":"osm:way/856458149","canonicalCountryKey":"UA","capacityMw":4.016,"country":"UA","externalIds":{"osm":"way/856458149"},"geographyId":"UA-14850775B19104561075165","id":"wattlas-plant-osm-way-856458149","lifecycleCounts":{"operational":1},"locationPrecision":"exact","name":"Черніїв-1","operatingCapacityCoverage":{"coveragePercent":100.0,"knownUnitCount":0,"method":"plant_aggregate","provenance":{"evidenceCount":0,"recordIds":["wattlas-record-osm-way-856458149"],"sourceIds":["openstreetmap-power"],"sourceTypes":["community_mapped"],"valueKind":"reported"},"totalUnitCount":0},"operatingCapacityMw":4.016,"operatingCapacityMwByTechnology":{"solar":4.016},"plannedCapacityCoverage":{"coveragePercent":0.0,"knownUnitCount":0,"method":"unavailable","totalUnitCount":0},"plannedCapacityMw":0.0,"plannedCapacityMwByTechnology":{},"recordCount":1,"recordIds":["wattlas-record-osm-way-856458149"],"sourceIds":["openstreetmap-power"],"sourceUrl":"https://www.openstreetmap.org/way/856458149","technologies":["solar"],"technologyMixMw":{"solar":4.016},"unitCount":0,"unitIds":[]},"type":"Feature"},{"geometry":{"coordinates":[34.766836,46.349386],"type":"Point"},"id":"wattlas-plant-osm-way-856805340","properties":{"aliases":["Mapped power plant · OSM 856805340"],"canonicalAnchor":"osm:way/856805340","canonicalCountryKey":"UA","capacityMw":18.3,"country":"UA","externalIds":{"osm":"way/856805340"},"geographyId":"UA-14850775B65901307765467","id":"wattlas-plant-osm-way-856805340","lifecycleCounts":{"operational":1},"locationPrecision":"exact","name":"Mapped power plant · OSM 856805340","operatingCapacityCoverage":{"coveragePercent":100.0,"knownUnitCount":0,"method":"plant_aggregate","provenance":{"evidenceCount":0,"recordIds":["wattlas-record-osm-way-856805340"],"sourceIds":["openstreetmap-power"],"sourceTypes":["community_mapped"],"valueKind":"reported"},"totalUnitCount":0},"operatingCapacityMw":18.3,"operatingCapacityMwByTechnology":{"solar":18.3},"plannedCapacityCoverage":{"coveragePercent":0.0,"knownUnitCount":0,"method":"unavailable","totalUnitCount":0},"plannedCapacityMw":0.0,"plannedCapacityMwByTechnology":{},"recordCount":1,"recordIds":["wattlas-record-osm-way-856805340"],"sourceIds":["openstreetmap-power"],"sourceUrl":"https://www.openstreetmap.org/way/856805340","technologies":["solar"],"technologyMixMw":{"solar":18.3},"unitCount":0,"unitIds":[]},"type":"Feature"},{"geometry":{"coordinates":[35.353382,48.606459],"type":"Point"},"id":"wattlas-plant-osm-way-856813404","properties":{"aliases":["Mapped power plant · OSM 856813404"],"canonicalAnchor":"osm:way/856813404","canonicalCountryKey":"UA","capacityMw":2.0,"country":"UA","externalIds":{"osm":"way/856813404"},"geographyId":"UA-14850775B41808765507575","id":"wattlas-plant-osm-way-856813404","lifecycleCounts":{"operational":1},"locationPrecision":"exact","name":"Mapped power plant · OSM 856813404","operatingCapacityCoverage":{"coveragePercent":100.0,"knownUnitCount":0,"method":"plant_aggregate","provenance":{"evidenceCount":0,"recordIds":["wattlas-record-osm-way-856813404"],"sourceIds":["openstreetmap-power"],"sourceTypes":["community_mapped"],"valueKind":"reported"},"totalUnitCount":0},"operatingCapacityMw":2.0,"operatingCapacityMwByTechnology":{"solar":2.0},"plannedCapacityCoverage":{"coveragePercent":0.0,"knownUnitCount":0,"method":"unavailable","totalUnitCount":0},"plannedCapacityMw":0.0,"plannedCapacityMwByTechnology":{},"recordCount":1,"recordIds":["wattlas-record-osm-way-856813404"],"sourceIds":["openstreetmap-power"],"sourceUrl":"https://www.openstreetmap.org/way/856813404","technologies":["solar"],"technologyMixMw":{"solar":2.0},"unitCount":0,"unitIds":[]},"type":"Feature"},{"geometry":{"coordinates":[32.426379,46.629797],"type":"Point"},"id":"wattlas-plant-osm-way-856828412","properties":{"aliases":["Mapped power plant · OSM 856828412"],"canonicalAnchor":"osm:way/856828412","canonicalCountryKey":"UA","capacityMw":11.0,"country":"UA","externalIds":{"osm":"way/856828412"},"geographyId":"UA-14850775B65901307765467","id":"wattlas-plant-osm-way-856828412","lifecycleCounts":{"operational":1},"locationPrecision":"exact","name":"Mapped power plant · OSM 856828412","operatingCapacityCoverage":{"coveragePercent":100.0,"knownUnitCount":0,"method":"plant_aggregate","provenance":{"evidenceCount":0,"recordIds":["wattlas-record-osm-way-856828412"],"sourceIds":["openstreetmap-power"],"sourceTypes":["community_mapped"],"valueKind":"reported"},"totalUnitCount":0},"operatingCapacityMw":11.0,"operatingCapacityMwByTechnology":{"solar":11.0},"plannedCapacityCoverage":{"coveragePercent":0.0,"knownUnitCount":0,"method":"unavailable","totalUnitCount":0},"plannedCapacityMw":0.0,"plannedCapacityMwByTechnology":{},"recordCount":1,"recordIds":["wattlas-record-osm-way-856828412"],"sourceIds":["openstreetmap-power"],"sourceUrl":"https://www.openstreetmap.org/way/856828412","technologies":["solar"],"technologyMixMw":{"solar":11.0},"unitCount":0,"unitIds":[]},"type":"Feature"},{"geometry":{"coordinates":[31.837312,47.712151],"type":"Point"},"id":"wattlas-plant-osm-way-863405624","properties":{"aliases":["Сонячна електростанція Єланець 2"],"canonicalAnchor":"osm:way/863405624","canonicalCountryKey":"UA","capacityMw":6.619,"country":"UA","externalIds":{"osm":"way/863405624"},"geographyId":"UA-14850775B99856317748721","id":"wattlas-plant-osm-way-863405624","lifecycleCounts":{"operational":1},"locationPrecision":"exact","name":"Сонячна електростанція Єланець 2","operatingCapacityCoverage":{"coveragePercent":100.0,"knownUnitCount":0,"method":"plant_aggregate","provenance":{"evidenceCount":0,"recordIds":["wattlas-record-osm-way-863405624"],"sourceIds":["openstreetmap-power"],"sourceTypes":["community_mapped"],"valueKind":"reported"},"totalUnitCount":0},"operatingCapacityMw":6.619,"operatingCapacityMwByTechnology":{"solar":6.619},"plannedCapacityCoverage":{"coveragePercent":0.0,"knownUnitCount":0,"method":"unavailable","totalUnitCount":0},"plannedCapacityMw":0.0,"plannedCapacityMwByTechnology":{},"recordCount":1,"recordIds":["wattlas-record-osm-way-863405624"],"sourceIds":["openstreetmap-power"],"sourceUrl":"https://www.openstreetmap.org/way/863405624","technologies":["solar"],"technologyMixMw":{"solar":6.619},"unitCount":0,"unitIds":[]},"type":"Feature"},{"geometry":{"coordinates":[34.615839,46.235709],"type":"Point"},"id":"wattlas-plant-osm-way-874885812","properties":{"aliases":["Веліген-6.0"],"canonicalAnchor":"osm:way/874885812","canonicalCountryKey":"UA","capacityMw":6.8,"country":"UA","externalIds":{"osm":"way/874885812"},"geographyId":"UA-14850775B65901307765467","id":"wattlas-plant-osm-way-874885812","lifecycleCounts":{"operational":1},"locationPrecision":"exact","name":"Веліген-6.0","operatingCapacityCoverage":{"coveragePercent":100.0,"knownUnitCount":0,"method":"plant_aggregate","provenance":{"evidenceCount":0,"recordIds":["wattlas-record-osm-way-874885812"],"sourceIds":["openstreetmap-power"],"sourceTypes":["community_mapped"],"valueKind":"reported"},"totalUnitCount":0},"operatingCapacityMw":6.8,"operatingCapacityMwByTechnology":{"solar":6.8},"plannedCapacityCoverage":{"coveragePercent":0.0,"knownUnitCount":0,"method":"unavailable","totalUnitCount":0},"plannedCapacityMw":0.0,"plannedCapacityMwByTechnology":{},"recordCount":1,"recordIds":["wattlas-record-osm-way-874885812"],"sourceIds":["openstreetmap-power"],"sourceUrl":"https://www.openstreetmap.org/way/874885812","technologies":["solar"],"technologyMixMw":{"solar":6.8},"unitCount":0,"unitIds":[]},"type":"Feature"},{"geometry":{"coordinates":[34.617012,46.237383],"type":"Point"},"id":"wattlas-plant-osm-way-874885815","properties":{"aliases":["Велітон-2.5"],"canonicalAnchor":"osm:way/874885815","canonicalCountryKey":"UA","capacityMw":2.7,"country":"UA","externalIds":{"osm":"way/874885815"},"geographyId":"UA-14850775B65901307765467","id":"wattlas-plant-osm-way-874885815","lifecycleCounts":{"operational":1},"locationPrecision":"exact","name":"Велітон-2.5","operatingCapacityCoverage":{"coveragePercent":100.0,"knownUnitCount":0,"method":"plant_aggregate","provenance":{"evidenceCount":0,"recordIds":["wattlas-record-osm-way-874885815"],"sourceIds":["openstreetmap-power"],"sourceTypes":["community_mapped"],"valueKind":"reported"},"totalUnitCount":0},"operatingCapacityMw":2.7,"operatingCapacityMwByTechnology":{"solar":2.7},"plannedCapacityCoverage":{"coveragePercent":0.0,"knownUnitCount":0,"method":"unavailable","totalUnitCount":0},"plannedCapacityMw":0.0,"plannedCapacityMwByTechnology":{},"recordCount":1,"recordIds":["wattlas-record-osm-way-874885815"],"sourceIds":["openstreetmap-power"],"sourceUrl":"https://www.openstreetmap.org/way/874885815","technologies":["solar"],"technologyMixMw":{"solar":2.7},"unitCount":0,"unitIds":[]},"type":"Feature"},{"geometry":{"coordinates":[31.644192,48.806751],"type":"Point"},"id":"wattlas-plant-osm-way-880519865","properties":{"aliases":["СЕС \"Златопільська\""],"canonicalAnchor":"osm:way/880519865","canonicalCountryKey":"UA","capacityMw":0.0,"country":"UA","externalIds":{"osm":"way/880519865"},"geographyId":"UA-14850775B64193679462794","id":"wattlas-plant-osm-way-880519865","lifecycleCounts":{"operational":1},"locationPrecision":"exact","name":"СЕС \"Златопільська\"","operatingCapacityCoverage":{"coveragePercent":0.0,"knownUnitCount":0,"method":"unavailable","totalUnitCount":0},"operatingCapacityMw":0.0,"operatingCapacityMwByTechnology":{},"plannedCapacityCoverage":{"coveragePercent":0.0,"knownUnitCount":0,"method":"unavailable","totalUnitCount":0},"plannedCapacityMw":0.0,"plannedCapacityMwByTechnology":{},"recordCount":1,"recordIds":["wattlas-record-osm-way-880519865"],"sourceIds":["openstreetmap-power"],"sourceUrl":"https://www.openstreetmap.org/way/880519865","technologies":["solar"],"technologyMixMw":{"solar":0.0},"unitCount":0,"unitIds":[]},"type":"Feature"},{"geometry":{"coordinates":[31.036965,46.962812],"type":"Point"},"id":"wattlas-plant-osm-way-892706002","properties":{"aliases":["ПІВІ Прогресівка Альфа"],"canonicalAnchor":"osm:way/892706002","canonicalCountryKey":"UA","capacityMw":0.0,"country":"UA","externalIds":{"osm":"way/892706002"},"geographyId":"UA-14850775B99856317748721","id":"wattlas-plant-osm-way-892706002","lifecycleCounts":{"operational":1},"locationPrecision":"exact","name":"ПІВІ Прогресівка Альфа","operatingCapacityCoverage":{"coveragePercent":0.0,"knownUnitCount":0,"method":"unavailable","totalUnitCount":0},"operatingCapacityMw":0.0,"operatingCapacityMwByTechnology":{},"plannedCapacityCoverage":{"coveragePercent":0.0,"knownUnitCount":0,"method":"unavailable","totalUnitCount":0},"plannedCapacityMw":0.0,"plannedCapacityMwByTechnology":{},"recordCount":1,"recordIds":["wattlas-record-osm-way-892706002"],"sourceIds":["openstreetmap-power"],"sourceUrl":"https://www.openstreetmap.org/way/892706002","technologies":["solar"],"technologyMixMw":{"solar":0.0},"unitCount":0,"unitIds":[]},"type":"Feature"},{"geometry":{"coordinates":[32.086333,49.037006],"type":"Point"},"id":"wattlas-plant-osm-way-893133959","properties":{"aliases":["СЕС \"Кам'янка\""],"canonicalAnchor":"osm:way/893133959","canonicalCountryKey":"UA","capacityMw":32.0,"country":"UA","externalIds":{"osm":"way/893133959"},"geographyId":"UA-14850775B95678810793770","id":"wattlas-plant-osm-way-893133959","lifecycleCounts":{"operational":1},"locationPrecision":"exact","name":"СЕС \"Кам'янка\"","operatingCapacityCoverage":{"coveragePercent":100.0,"knownUnitCount":0,"method":"plant_aggregate","provenance":{"evidenceCount":0,"recordIds":["wattlas-record-osm-way-893133959"],"sourceIds":["openstreetmap-power"],"sourceTypes":["community_mapped"],"valueKind":"reported"},"totalUnitCount":0},"operatingCapacityMw":32.0,"operatingCapacityMwByTechnology":{"solar":32.0},"plannedCapacityCoverage":{"coveragePercent":0.0,"knownUnitCount":0,"method":"unavailable","totalUnitCount":0},"plannedCapacityMw":0.0,"plannedCapacityMwByTechnology":{},"recordCount":1,"recordIds":["wattlas-record-osm-way-893133959"],"sourceIds":["openstreetmap-power"],"sourceUrl":"https://www.openstreetmap.org/way/893133959","technologies":["solar"],"technologyMixMw":{"solar":32.0},"unitCount":0,"unitIds":[]},"type":"Feature"},{"geometry":{"coordinates":[26.607365,49.631665],"type":"Point"},"id":"wattlas-plant-osm-way-893729179","properties":{"aliases":["СЕС Личівка Солар"],"canonicalAnchor":"osm:way/893729179","canonicalCountryKey":"UA","capacityMw":2.69,"country":"UA","externalIds":{"osm":"way/893729179"},"geographyId":"UA-14850775B78366470925827","id":"wattlas-plant-osm-way-893729179","lifecycleCounts":{"operational":1},"locationPrecision":"exact","name":"СЕС Личівка Солар","operatingCapacityCoverage":{"coveragePercent":100.0,"knownUnitCount":0,"method":"plant_aggregate","provenance":{"evidenceCount":0,"recordIds":["wattlas-record-osm-way-893729179"],"sourceIds":["openstreetmap-power"],"sourceTypes":["community_mapped"],"valueKind":"reported"},"totalUnitCount":0},"operatingCapacityMw":2.69,"operatingCapacityMwByTechnology":{"solar":2.69},"plannedCapacityCoverage":{"coveragePercent":0.0,"knownUnitCount":0,"method":"unavailable","totalUnitCount":0},"plannedCapacityMw":0.0,"plannedCapacityMwByTechnology":{},"recordCount":1,"recordIds":["wattlas-record-osm-way-893729179"],"sourceIds":["openstreetmap-power"],"sourceUrl":"https://www.openstreetmap.org/way/893729179","technologies":["solar"],"technologyMixMw":{"solar":2.69},"unitCount":0,"unitIds":[]},"type":"Feature"},{"geometry":{"coordinates":[33.519489,44.561917],"type":"Point"},"id":"wattlas-plant-osm-way-896211985","properties":{"aliases":["Котельная 2 энергорайона"],"canonicalAnchor":"osm:way/896211985","canonicalCountryKey":"UA","capacityMw":0.0,"country":"UA","externalIds":{"osm":"way/896211985"},"geographyId":"UA-14850775B70667807354554","id":"wattlas-plant-osm-way-896211985","lifecycleCounts":{"operational":1},"locationPrecision":"exact","name":"Котельная 2 энергорайона","operatingCapacityCoverage":{"coveragePercent":0.0,"knownUnitCount":0,"method":"unavailable","totalUnitCount":0},"operatingCapacityMw":0.0,"operatingCapacityMwByTechnology":{},"plannedCapacityCoverage":{"coveragePercent":0.0,"knownUnitCount":0,"method":"unavailable","totalUnitCount":0},"plannedCapacityMw":0.0,"plannedCapacityMwByTechnology":{},"recordCount":1,"recordIds":["wattlas-record-osm-way-896211985"],"sourceIds":["openstreetmap-power"],"sourceUrl":"https://www.openstreetmap.org/way/896211985","technologies":["gas"],"technologyMixMw":{"gas":0.0},"unitCount":0,"unitIds":[]},"type":"Feature"},{"geometry":{"coordinates":[30.894973,50.611573],"type":"Point"},"id":"wattlas-plant-osm-way-902020283","properties":{"aliases":["Димерська СЕС-1"],"canonicalAnchor":"osm:way/902020283","canonicalCountryKey":"UA","capacityMw":0.0,"country":"UA","externalIds":{"osm":"way/902020283"},"geographyId":"UA-14850775B37539954297462","id":"wattlas-plant-osm-way-902020283","lifecycleCounts":{"operational":1},"locationPrecision":"exact","name":"Димерська СЕС-1","operatingCapacityCoverage":{"coveragePercent":0.0,"knownUnitCount":0,"method":"unavailable","totalUnitCount":0},"operatingCapacityMw":0.0,"operatingCapacityMwByTechnology":{},"plannedCapacityCoverage":{"coveragePercent":0.0,"knownUnitCount":0,"method":"unavailable","totalUnitCount":0},"plannedCapacityMw":0.0,"plannedCapacityMwByTechnology":{},"recordCount":1,"recordIds":["wattlas-record-osm-way-902020283"],"sourceIds":["openstreetmap-power"],"sourceUrl":"https://www.openstreetmap.org/way/902020283","technologies":["solar"],"technologyMixMw":{"solar":0.0},"unitCount":0,"unitIds":[]},"type":"Feature"},{"geometry":{"coordinates":[32.17168,47.009793],"type":"Point"},"id":"wattlas-plant-osm-way-902114939","properties":{"aliases":["Mapped power plant · OSM 902114939"],"canonicalAnchor":"osm:way/902114939","canonicalCountryKey":"UA","capacityMw":6.41,"country":"UA","externalIds":{"osm":"way/902114939"},"geographyId":"UA-14850775B99856317748721","id":"wattlas-plant-osm-way-902114939","lifecycleCounts":{"operational":1},"locationPrecision":"exact","name":"Mapped power plant · OSM 902114939","operatingCapacityCoverage":{"coveragePercent":100.0,"knownUnitCount":0,"method":"plant_aggregate","provenance":{"evidenceCount":0,"recordIds":["wattlas-record-osm-way-902114939"],"sourceIds":["openstreetmap-power"],"sourceTypes":["community_mapped"],"valueKind":"reported"},"totalUnitCount":0},"operatingCapacityMw":6.41,"operatingCapacityMwByTechnology":{"solar":6.41},"plannedCapacityCoverage":{"coveragePercent":0.0,"knownUnitCount":0,"method":"unavailable","totalUnitCount":0},"plannedCapacityMw":0.0,"plannedCapacityMwByTechnology":{},"recordCount":1,"recordIds":["wattlas-record-osm-way-902114939"],"sourceIds":["openstreetmap-power"],"sourceUrl":"https://www.openstreetmap.org/way/902114939","technologies":["solar"],"technologyMixMw":{"solar":6.41},"unitCount":0,"unitIds":[]},"type":"Feature"},{"geometry":{"coordinates":[31.262857,47.596303],"type":"Point"},"id":"wattlas-plant-osm-way-911212462","properties":{"aliases":["СЕС ТІУ-Зелений Гай"],"canonicalAnchor":"osm:way/911212462","canonicalCountryKey":"UA","capacityMw":17.86,"country":"UA","externalIds":{"osm":"way/911212462"},"geographyId":"UA-14850775B99856317748721","id":"wattlas-plant-osm-way-911212462","lifecycleCounts":{"operational":1},"locationPrecision":"exact","name":"СЕС ТІУ-Зелений Гай","operatingCapacityCoverage":{"coveragePercent":100.0,"knownUnitCount":0,"method":"plant_aggregate","provenance":{"evidenceCount":0,"recordIds":["wattlas-record-osm-way-911212462"],"sourceIds":["openstreetmap-power"],"sourceTypes":["community_mapped"],"valueKind":"reported"},"totalUnitCount":0},"operatingCapacityMw":17.86,"operatingCapacityMwByTechnology":{"solar":17.86},"plannedCapacityCoverage":{"coveragePercent":0.0,"knownUnitCount":0,"method":"unavailable","totalUnitCount":0},"plannedCapacityMw":0.0,"plannedCapacityMwByTechnology":{},"recordCount":1,"recordIds":["wattlas-record-osm-way-911212462"],"sourceIds":["openstreetmap-power"],"sourceUrl":"https://www.openstreetmap.org/way/911212462","technologies":["solar"],"technologyMixMw":{"solar":17.86},"unitCount":0,"unitIds":[]},"type":"Feature"},{"geometry":{"coordinates":[31.009614,47.314536],"type":"Point"},"id":"wattlas-plant-osm-way-912369525","properties":{"aliases":["СЕС Токарівка"],"canonicalAnchor":"osm:way/912369525","canonicalCountryKey":"UA","capacityMw":17.0,"country":"UA","externalIds":{"osm":"way/912369525"},"geographyId":"UA-14850775B99856317748721","id":"wattlas-plant-osm-way-912369525","lifecycleCounts":{"operational":1},"locationPrecision":"exact","name":"СЕС Токарівка","operatingCapacityCoverage":{"coveragePercent":100.0,"knownUnitCount":0,"method":"plant_aggregate","provenance":{"evidenceCount":0,"recordIds":["wattlas-record-osm-way-912369525"],"sourceIds":["openstreetmap-power"],"sourceTypes":["community_mapped"],"valueKind":"reported"},"totalUnitCount":0},"operatingCapacityMw":17.0,"operatingCapacityMwByTechnology":{"solar":17.0},"plannedCapacityCoverage":{"coveragePercent":0.0,"knownUnitCount":0,"method":"unavailable","totalUnitCount":0},"plannedCapacityMw":0.0,"plannedCapacityMwByTechnology":{},"recordCount":1,"recordIds":["wattlas-record-osm-way-912369525"],"sourceIds":["openstreetmap-power"],"sourceUrl":"https://www.openstreetmap.org/way/912369525","technologies":["solar"],"technologyMixMw":{"solar":17.0},"unitCount":0,"unitIds":[]},"type":"Feature"},{"geometry":{"coordinates":[32.834262,47.801951],"type":"Point"},"id":"wattlas-plant-osm-way-912449922","properties":{"aliases":["ГЕС Казанка"],"canonicalAnchor":"osm:way/912449922","canonicalCountryKey":"UA","capacityMw":13.0,"country":"UA","externalIds":{"osm":"way/912449922"},"geographyId":"UA-14850775B99856317748721","id":"wattlas-plant-osm-way-912449922","lifecycleCounts":{"operational":1},"locationPrecision":"exact","name":"ГЕС Казанка","operatingCapacityCoverage":{"coveragePercent":100.0,"knownUnitCount":0,"method":"plant_aggregate","provenance":{"evidenceCount":0,"recordIds":["wattlas-record-osm-way-912449922"],"sourceIds":["openstreetmap-power"],"sourceTypes":["community_mapped"],"valueKind":"reported"},"totalUnitCount":0},"operatingCapacityMw":13.0,"operatingCapacityMwByTechnology":{"solar":13.0},"plannedCapacityCoverage":{"coveragePercent":0.0,"knownUnitCount":0,"method":"unavailable","totalUnitCount":0},"plannedCapacityMw":0.0,"plannedCapacityMwByTechnology":{},"recordCount":1,"recordIds":["wattlas-record-osm-way-912449922"],"sourceIds":["openstreetmap-power"],"sourceUrl":"https://www.openstreetmap.org/way/912449922","technologies":["solar"],"technologyMixMw":{"solar":13.0},"unitCount":0,"unitIds":[]},"type":"Feature"},{"geometry":{"coordinates":[31.763213,47.519173],"type":"Point"},"id":"wattlas-plant-osm-way-912699966","properties":{"aliases":["СПП Одгрінь"],"canonicalAnchor":"osm:way/912699966","canonicalCountryKey":"UA","capacityMw":7.5,"country":"UA","externalIds":{"osm":"way/912699966"},"geographyId":"UA-14850775B99856317748721","id":"wattlas-plant-osm-way-912699966","lifecycleCounts":{"operational":1},"locationPrecision":"exact","name":"СПП Одгрінь","operatingCapacityCoverage":{"coveragePercent":100.0,"knownUnitCount":0,"method":"plant_aggregate","provenance":{"evidenceCount":0,"recordIds":["wattlas-record-osm-way-912699966"],"sourceIds":["openstreetmap-power"],"sourceTypes":["community_mapped"],"valueKind":"reported"},"totalUnitCount":0},"operatingCapacityMw":7.5,"operatingCapacityMwByTechnology":{"solar":7.5},"plannedCapacityCoverage":{"coveragePercent":0.0,"knownUnitCount":0,"method":"unavailable","totalUnitCount":0},"plannedCapacityMw":0.0,"plannedCapacityMwByTechnology":{},"recordCount":1,"recordIds":["wattlas-record-osm-way-912699966"],"sourceIds":["openstreetmap-power"],"sourceUrl":"https://www.openstreetmap.org/way/912699966","technologies":["solar"],"technologyMixMw":{"solar":7.5},"unitCount":0,"unitIds":[]},"type":"Feature"},{"geometry":{"coordinates":[27.788647,48.604961],"type":"Point"},"id":"wattlas-plant-osm-way-913138213","properties":{"aliases":["СЕС Вендичани"],"canonicalAnchor":"osm:way/913138213","canonicalCountryKey":"UA","capacityMw":2.03,"country":"UA","externalIds":{"osm":"way/913138213"},"geographyId":"UA-14850775B93300237551625","id":"wattlas-plant-osm-way-913138213","lifecycleCounts":{"operational":1},"locationPrecision":"exact","name":"СЕС Вендичани","operatingCapacityCoverage":{"coveragePercent":100.0,"knownUnitCount":0,"method":"plant_aggregate","provenance":{"evidenceCount":0,"recordIds":["wattlas-record-osm-way-913138213"],"sourceIds":["openstreetmap-power"],"sourceTypes":["community_mapped"],"valueKind":"reported"},"totalUnitCount":0},"operatingCapacityMw":2.03,"operatingCapacityMwByTechnology":{"solar":2.03},"plannedCapacityCoverage":{"coveragePercent":0.0,"knownUnitCount":0,"method":"unavailable","totalUnitCount":0},"plannedCapacityMw":0.0,"plannedCapacityMwByTechnology":{},"recordCount":1,"recordIds":["wattlas-record-osm-way-913138213"],"sourceIds":["openstreetmap-power"],"sourceUrl":"https://www.openstreetmap.org/way/913138213","technologies":["solar"],"technologyMixMw":{"solar":2.03},"unitCount":0,"unitIds":[]},"type":"Feature"},{"geometry":{"coordinates":[28.643155,48.194222],"type":"Point"},"id":"wattlas-plant-osm-way-913181193","properties":{"aliases":["СЕС"],"canonicalAnchor":"osm:way/913181193","canonicalCountryKey":"UA","capacityMw":3.0,"country":"UA","externalIds":{"osm":"way/913181193"},"geographyId":"UA-14850775B93300237551625","id":"wattlas-plant-osm-way-913181193","lifecycleCounts":{"operational":1},"locationPrecision":"exact","name":"СЕС","operatingCapacityCoverage":{"coveragePercent":100.0,"knownUnitCount":0,"method":"plant_aggregate","provenance":{"evidenceCount":0,"recordIds":["wattlas-record-osm-way-913181193"],"sourceIds":["openstreetmap-power"],"sourceTypes":["community_mapped"],"valueKind":"reported"},"totalUnitCount":0},"operatingCapacityMw":3.0,"operatingCapacityMwByTechnology":{"solar":3.0},"plannedCapacityCoverage":{"coveragePercent":0.0,"knownUnitCount":0,"method":"unavailable","totalUnitCount":0},"plannedCapacityMw":0.0,"plannedCapacityMwByTechnology":{},"recordCount":1,"recordIds":["wattlas-record-osm-way-913181193"],"sourceIds":["openstreetmap-power"],"sourceUrl":"https://www.openstreetmap.org/way/913181193","technologies":["solar"],"technologyMixMw":{"solar":3.0},"unitCount":0,"unitIds":[]},"type":"Feature"},{"geometry":{"coordinates":[27.791835,48.597017],"type":"Point"},"id":"wattlas-plant-osm-way-913396753","properties":{"aliases":["СЕС Вендичани"],"canonicalAnchor":"osm:way/913396753","canonicalCountryKey":"UA","capacityMw":0.0,"country":"UA","externalIds":{"osm":"way/913396753"},"geographyId":"UA-14850775B93300237551625","id":"wattlas-plant-osm-way-913396753","lifecycleCounts":{"operational":1},"locationPrecision":"exact","name":"СЕС Вендичани","operatingCapacityCoverage":{"coveragePercent":0.0,"knownUnitCount":0,"method":"unavailable","totalUnitCount":0},"operatingCapacityMw":0.0,"operatingCapacityMwByTechnology":{},"plannedCapacityCoverage":{"coveragePercent":0.0,"knownUnitCount":0,"method":"unavailable","totalUnitCount":0},"plannedCapacityMw":0.0,"plannedCapacityMwByTechnology":{},"recordCount":1,"recordIds":["wattlas-record-osm-way-913396753"],"sourceIds":["openstreetmap-power"],"sourceUrl":"https://www.openstreetmap.org/way/913396753","technologies":["solar"],"technologyMixMw":{"solar":0.0},"unitCount":0,"unitIds":[]},"type":"Feature"},{"geometry":{"coordinates":[27.313243,48.750415],"type":"Point"},"id":"wattlas-plant-osm-way-915852256","properties":{"aliases":["СЕС Слобідка"],"canonicalAnchor":"osm:way/915852256","canonicalCountryKey":"UA","capacityMw":5.0,"country":"UA","externalIds":{"osm":"way/915852256"},"geographyId":"UA-14850775B78366470925827","id":"wattlas-plant-osm-way-915852256","lifecycleCounts":{"operational":1},"locationPrecision":"exact","name":"СЕС Слобідка","operatingCapacityCoverage":{"coveragePercent":100.0,"knownUnitCount":0,"method":"plant_aggregate","provenance":{"evidenceCount":0,"recordIds":["wattlas-record-osm-way-915852256"],"sourceIds":["openstreetmap-power"],"sourceTypes":["community_mapped"],"valueKind":"reported"},"totalUnitCount":0},"operatingCapacityMw":5.0,"operatingCapacityMwByTechnology":{"solar":5.0},"plannedCapacityCoverage":{"coveragePercent":0.0,"knownUnitCount":0,"method":"unavailable","totalUnitCount":0},"plannedCapacityMw":0.0,"plannedCapacityMwByTechnology":{},"recordCount":1,"recordIds":["wattlas-record-osm-way-915852256"],"sourceIds":["openstreetmap-power"],"sourceUrl":"https://www.openstreetmap.org/way/915852256","technologies":["solar"],"technologyMixMw":{"solar":5.0},"unitCount":0,"unitIds":[]},"type":"Feature"},{"geometry":{"coordinates":[34.335381,47.630717],"type":"Point"},"id":"wattlas-plant-osm-way-924854039","properties":{"aliases":["Mapped power plant · OSM 924854039"],"canonicalAnchor":"osm:way/924854039","canonicalCountryKey":"UA","capacityMw":10.5,"country":"UA","externalIds":{"osm":"way/924854039"},"geographyId":"UA-14850775B41808765507575","id":"wattlas-plant-osm-way-924854039","lifecycleCounts":{"operational":1},"locationPrecision":"exact","name":"Mapped power plant · OSM 924854039","operatingCapacityCoverage":{"coveragePercent":100.0,"knownUnitCount":0,"method":"plant_aggregate","provenance":{"evidenceCount":0,"recordIds":["wattlas-record-osm-way-924854039"],"sourceIds":["openstreetmap-power"],"sourceTypes":["community_mapped"],"valueKind":"reported"},"totalUnitCount":0},"operatingCapacityMw":10.5,"operatingCapacityMwByTechnology":{"solar":10.5},"plannedCapacityCoverage":{"coveragePercent":0.0,"knownUnitCount":0,"method":"unavailable","totalUnitCount":0},"plannedCapacityMw":0.0,"plannedCapacityMwByTechnology":{},"recordCount":1,"recordIds":["wattlas-record-osm-way-924854039"],"sourceIds":["openstreetmap-power"],"sourceUrl":"https://www.openstreetmap.org/way/924854039","technologies":["solar"],"technologyMixMw":{"solar":10.5},"unitCount":0,"unitIds":[]},"type":"Feature"},{"geometry":{"coordinates":[24.246364,49.910211],"type":"Point"},"id":"wattlas-plant-osm-way-925096323","properties":{"aliases":["СЕС Лемберг Солар"],"canonicalAnchor":"osm:way/925096323","canonicalCountryKey":"UA","capacityMw":2.75,"country":"UA","externalIds":{"osm":"way/925096323"},"geographyId":"UA-14850775B26941409899318","id":"wattlas-plant-osm-way-925096323","lifecycleCounts":{"operational":1},"locationPrecision":"exact","name":"СЕС Лемберг Солар","operatingCapacityCoverage":{"coveragePercent":100.0,"knownUnitCount":0,"method":"plant_aggregate","provenance":{"evidenceCount":0,"recordIds":["wattlas-record-osm-way-925096323"],"sourceIds":["openstreetmap-power"],"sourceTypes":["community_mapped"],"valueKind":"reported"},"totalUnitCount":0},"operatingCapacityMw":2.75,"operatingCapacityMwByTechnology":{"solar":2.75},"plannedCapacityCoverage":{"coveragePercent":0.0,"knownUnitCount":0,"method":"unavailable","totalUnitCount":0},"plannedCapacityMw":0.0,"plannedCapacityMwByTechnology":{},"recordCount":1,"recordIds":["wattlas-record-osm-way-925096323"],"sourceIds":["openstreetmap-power"],"sourceUrl":"https://www.openstreetmap.org/way/925096323","technologies":["solar"],"technologyMixMw":{"solar":2.75},"unitCount":0,"unitIds":[]},"type":"Feature"},{"geometry":{"coordinates":[34.410472,48.906277],"type":"Point"},"id":"wattlas-plant-osm-way-936310028","properties":{"aliases":["Mapped power plant · OSM 936310028"],"canonicalAnchor":"osm:way/936310028","canonicalCountryKey":"UA","capacityMw":0.0,"country":"UA","externalIds":{"osm":"way/936310028"},"geographyId":"UA-14850775B41808765507575","id":"wattlas-plant-osm-way-936310028","lifecycleCounts":{"under_construction":1},"locationPrecision":"exact","name":"Mapped power plant · OSM 936310028","operatingCapacityCoverage":{"coveragePercent":0.0,"knownUnitCount":0,"method":"unavailable","totalUnitCount":0},"operatingCapacityMw":0.0,"operatingCapacityMwByTechnology":{},"plannedCapacityCoverage":{"coveragePercent":0.0,"knownUnitCount":0,"method":"unavailable","totalUnitCount":0},"plannedCapacityMw":0.0,"plannedCapacityMwByTechnology":{},"recordCount":1,"recordIds":["wattlas-record-osm-way-936310028"],"sourceIds":["openstreetmap-power"],"sourceUrl":"https://www.openstreetmap.org/way/936310028","technologies":["solar"],"technologyMixMw":{"solar":0.0},"unitCount":0,"unitIds":[]},"type":"Feature"},{"geometry":{"coordinates":[28.386507,51.091724],"type":"Point"},"id":"wattlas-plant-osm-way-939492724","properties":{"aliases":["СЕС Лугини Енерджи"],"canonicalAnchor":"osm:way/939492724","canonicalCountryKey":"UA","capacityMw":0.0,"country":"UA","externalIds":{"osm":"way/939492724"},"geographyId":"UA-14850775B79197734087513","id":"wattlas-plant-osm-way-939492724","lifecycleCounts":{"operational":1},"locationPrecision":"exact","name":"СЕС Лугини Енерджи","operatingCapacityCoverage":{"coveragePercent":0.0,"knownUnitCount":0,"method":"unavailable","totalUnitCount":0},"operatingCapacityMw":0.0,"operatingCapacityMwByTechnology":{},"plannedCapacityCoverage":{"coveragePercent":0.0,"knownUnitCount":0,"method":"unavailable","totalUnitCount":0},"plannedCapacityMw":0.0,"plannedCapacityMwByTechnology":{},"recordCount":1,"recordIds":["wattlas-record-osm-way-939492724"],"sourceIds":["openstreetmap-power"],"sourceUrl":"https://www.openstreetmap.org/way/939492724","technologies":["solar"],"technologyMixMw":{"solar":0.0},"unitCount":0,"unitIds":[]},"type":"Feature"},{"geometry":{"coordinates":[28.383179,51.091928],"type":"Point"},"id":"wattlas-plant-osm-way-939492725","properties":{"aliases":["СЕС Лугини Енерджи"],"canonicalAnchor":"osm:way/939492725","canonicalCountryKey":"UA","capacityMw":0.0,"country":"UA","externalIds":{"osm":"way/939492725"},"geographyId":"UA-14850775B79197734087513","id":"wattlas-plant-osm-way-939492725","lifecycleCounts":{"operational":1},"locationPrecision":"exact","name":"СЕС Лугини Енерджи","operatingCapacityCoverage":{"coveragePercent":0.0,"knownUnitCount":0,"method":"unavailable","totalUnitCount":0},"operatingCapacityMw":0.0,"operatingCapacityMwByTechnology":{},"plannedCapacityCoverage":{"coveragePercent":0.0,"knownUnitCount":0,"method":"unavailable","totalUnitCount":0},"plannedCapacityMw":0.0,"plannedCapacityMwByTechnology":{},"recordCount":1,"recordIds":["wattlas-record-osm-way-939492725"],"sourceIds":["openstreetmap-power"],"sourceUrl":"https://www.openstreetmap.org/way/939492725","technologies":["solar"],"technologyMixMw":{"solar":0.0},"unitCount":0,"unitIds":[]},"type":"Feature"},{"geometry":{"coordinates":[30.722033,46.433075],"type":"Point"},"id":"wattlas-plant-osm-way-952964762","properties":{"aliases":["Котельна"],"canonicalAnchor":"osm:way/952964762","canonicalCountryKey":"UA","capacityMw":0.0,"country":"UA","externalIds":{"osm":"way/952964762"},"geographyId":"UA-14850775B53240635394722","id":"wattlas-plant-osm-way-952964762","lifecycleCounts":{"operational":1},"locationPrecision":"exact","name":"Котельна","operatingCapacityCoverage":{"coveragePercent":0.0,"knownUnitCount":0,"method":"unavailable","totalUnitCount":0},"operatingCapacityMw":0.0,"operatingCapacityMwByTechnology":{},"plannedCapacityCoverage":{"coveragePercent":0.0,"knownUnitCount":0,"method":"unavailable","totalUnitCount":0},"plannedCapacityMw":0.0,"plannedCapacityMwByTechnology":{},"recordCount":1,"recordIds":["wattlas-record-osm-way-952964762"],"sourceIds":["openstreetmap-power"],"sourceUrl":"https://www.openstreetmap.org/way/952964762","technologies":["gas"],"technologyMixMw":{"gas":0.0},"unitCount":0,"unitIds":[]},"type":"Feature"},{"geometry":{"coordinates":[23.461528,48.85744],"type":"Point"},"id":"wattlas-plant-osm-way-959035574","properties":{"aliases":["Котельня"],"canonicalAnchor":"osm:way/959035574","canonicalCountryKey":"UA","capacityMw":0.0,"country":"UA","externalIds":{"osm":"way/959035574"},"geographyId":"UA-14850775B26941409899318","id":"wattlas-plant-osm-way-959035574","lifecycleCounts":{"operational":1},"locationPrecision":"exact","name":"Котельня","operatingCapacityCoverage":{"coveragePercent":0.0,"knownUnitCount":0,"method":"unavailable","totalUnitCount":0},"operatingCapacityMw":0.0,"operatingCapacityMwByTechnology":{},"plannedCapacityCoverage":{"coveragePercent":0.0,"knownUnitCount":0,"method":"unavailable","totalUnitCount":0},"plannedCapacityMw":0.0,"plannedCapacityMwByTechnology":{},"recordCount":1,"recordIds":["wattlas-record-osm-way-959035574"],"sourceIds":["openstreetmap-power"],"sourceUrl":"https://www.openstreetmap.org/way/959035574","technologies":["gas"],"technologyMixMw":{"gas":0.0},"unitCount":0,"unitIds":[]},"type":"Feature"},{"geometry":{"coordinates":[25.719947,49.413766],"type":"Point"},"id":"wattlas-plant-osm-way-972874869","properties":{"aliases":["Котельня"],"canonicalAnchor":"osm:way/972874869","canonicalCountryKey":"UA","capacityMw":0.0,"country":"UA","externalIds":{"osm":"way/972874869"},"geographyId":"UA-14850775B81694531118507","id":"wattlas-plant-osm-way-972874869","lifecycleCounts":{"operational":1},"locationPrecision":"exact","name":"Котельня","operatingCapacityCoverage":{"coveragePercent":0.0,"knownUnitCount":0,"method":"unavailable","totalUnitCount":0},"operatingCapacityMw":0.0,"operatingCapacityMwByTechnology":{},"plannedCapacityCoverage":{"coveragePercent":0.0,"knownUnitCount":0,"method":"unavailable","totalUnitCount":0},"plannedCapacityMw":0.0,"plannedCapacityMwByTechnology":{},"recordCount":1,"recordIds":["wattlas-record-osm-way-972874869"],"sourceIds":["openstreetmap-power"],"sourceUrl":"https://www.openstreetmap.org/way/972874869","technologies":["gas"],"technologyMixMw":{"gas":0.0},"unitCount":0,"unitIds":[]},"type":"Feature"},{"geometry":{"coordinates":[34.133986,44.97389],"type":"Point"},"id":"wattlas-plant-osm-way-98105538","properties":{"aliases":["ЦТП №1715"],"canonicalAnchor":"osm:way/98105538","canonicalCountryKey":"UA","capacityMw":0.0,"country":"UA","externalIds":{"osm":"way/98105538"},"geographyId":"UA-14850775B24260608407062","id":"wattlas-plant-osm-way-98105538","lifecycleCounts":{"operational":1},"locationPrecision":"exact","name":"ЦТП №1715","operatingCapacityCoverage":{"coveragePercent":0.0,"knownUnitCount":0,"method":"unavailable","totalUnitCount":0},"operatingCapacityMw":0.0,"operatingCapacityMwByTechnology":{},"plannedCapacityCoverage":{"coveragePercent":0.0,"knownUnitCount":0,"method":"unavailable","totalUnitCount":0},"plannedCapacityMw":0.0,"plannedCapacityMwByTechnology":{},"recordCount":1,"recordIds":["wattlas-record-osm-way-98105538"],"sourceIds":["openstreetmap-power"],"sourceUrl":"https://www.openstreetmap.org/way/98105538","technologies":["other"],"technologyMixMw":{"other":0.0},"unitCount":0,"unitIds":[]},"type":"Feature"},{"geometry":{"coordinates":[30.987501,48.98699],"type":"Point"},"id":"wattlas-plant-osm-way-991427857","properties":{"aliases":["Сонячні панелі"],"canonicalAnchor":"osm:way/991427857","canonicalCountryKey":"UA","capacityMw":0.0,"country":"UA","externalIds":{"osm":"way/991427857"},"geographyId":"UA-14850775B95678810793770","id":"wattlas-plant-osm-way-991427857","lifecycleCounts":{"operational":1},"locationPrecision":"exact","name":"Сонячні панелі","operatingCapacityCoverage":{"coveragePercent":0.0,"knownUnitCount":0,"method":"unavailable","totalUnitCount":0},"operatingCapacityMw":0.0,"operatingCapacityMwByTechnology":{},"plannedCapacityCoverage":{"coveragePercent":0.0,"knownUnitCount":0,"method":"unavailable","totalUnitCount":0},"plannedCapacityMw":0.0,"plannedCapacityMwByTechnology":{},"recordCount":1,"recordIds":["wattlas-record-osm-way-991427857"],"sourceIds":["openstreetmap-power"],"sourceUrl":"https://www.openstreetmap.org/way/991427857","technologies":["solar"],"technologyMixMw":{"solar":0.0},"unitCount":0,"unitIds":[]},"type":"Feature"},{"geometry":{"coordinates":[26.647958,50.30198],"type":"Point"},"id":"wattlas-plant-wikidata-q1037144","properties":{"aliases":["Хмельницька атомна електростанція"],"canonicalAnchor":"wikidata:Q1037144","canonicalCountryKey":"UA","capacityMw":2000.0,"country":"UA","externalIds":{"osm":"way/28878631","wikidata":"Q1037144","wikipedia":"uk:Хмельницька АЕС"},"geographyId":"UA-14850775B78366470925827","id":"wattlas-plant-wikidata-q1037144","idAliases":["wattlas-plant-osm-way-28878631","wattlas-plant-wikipedia-uk"],"lifecycleCounts":{"operational":1},"locationPrecision":"exact","name":"Хмельницька атомна електростанція","operatingCapacityCoverage":{"coveragePercent":100.0,"knownUnitCount":0,"method":"plant_aggregate","provenance":{"evidenceCount":0,"recordIds":["wattlas-record-osm-way-28878631"],"sourceIds":["openstreetmap-power"],"sourceTypes":["community_mapped"],"valueKind":"reported"},"totalUnitCount":0},"operatingCapacityMw":2000.0,"operatingCapacityMwByTechnology":{"nuclear":2000.0},"plannedCapacityCoverage":{"coveragePercent":0.0,"knownUnitCount":0,"method":"unavailable","totalUnitCount":0},"plannedCapacityMw":0.0,"plannedCapacityMwByTechnology":{},"recordCount":1,"recordIds":["wattlas-record-osm-way-28878631"],"sourceIds":["openstreetmap-power"],"sourceUrl":"https://www.openstreetmap.org/way/28878631","technologies":["nuclear"],"technologyMixMw":{"nuclear":2000.0},"unitCount":0,"unitIds":[]},"type":"Feature"},{"geometry":{"coordinates":[31.066519,46.925638],"type":"Point"},"id":"wattlas-plant-wikidata-q106414232","properties":{"aliases":["Mapped power plant · OSM 17912732"],"canonicalAnchor":"wikidata:Q106414232","canonicalCountryKey":"UA","capacityMw":148.0,"country":"UA","externalIds":{"osm":"relation/17912732","wikidata":"Q106414232","wikipedia":"uk:СЕС Прогресівка"},"geographyId":"UA-14850775B99856317748721","id":"wattlas-plant-wikidata-q106414232","idAliases":["wattlas-plant-osm-relation-17912732"],"lifecycleCounts":{"operational":1},"locationPrecision":"exact","name":"Mapped power plant · OSM 17912732","operatingCapacityCoverage":{"coveragePercent":100.0,"knownUnitCount":0,"method":"plant_aggregate","provenance":{"evidenceCount":0,"recordIds":["wattlas-record-osm-relation-17912732"],"sourceIds":["openstreetmap-power"],"sourceTypes":["community_mapped"],"valueKind":"reported"},"totalUnitCount":0},"operatingCapacityMw":148.0,"operatingCapacityMwByTechnology":{"solar":148.0},"plannedCapacityCoverage":{"coveragePercent":0.0,"knownUnitCount":0,"method":"unavailable","totalUnitCount":0},"plannedCapacityMw":0.0,"plannedCapacityMwByTechnology":{},"recordCount":1,"recordIds":["wattlas-record-osm-relation-17912732"],"sourceIds":["openstreetmap-power"],"sourceUrl":"https://www.openstreetmap.org/relation/17912732","technologies":["solar"],"technologyMixMw":{"solar":148.0},"unitCount":0,"unitIds":[]},"type":"Feature"},{"geometry":{"coordinates":[35.795042,45.387492],"type":"Point"},"id":"wattlas-plant-wikidata-q1121496","properties":{"aliases":["Крымская АЭС"],"canonicalAnchor":"wikidata:Q1121496","canonicalCountryKey":"UA","capacityMw":0.0,"country":"UA","externalIds":{"osm":"relation/2888901","wikidata":"Q1121496","wikipedia":"ru:Крымская АЭС"},"geographyId":"UA-14850775B24260608407062","id":"wattlas-plant-wikidata-q1121496","idAliases":["wattlas-plant-osm-relation-2888901"],"lifecycleCounts":{"under_construction":1},"locationPrecision":"exact","name":"Крымская АЭС","operatingCapacityCoverage":{"coveragePercent":0.0,"knownUnitCount":0,"method":"unavailable","totalUnitCount":0},"operatingCapacityMw":0.0,"operatingCapacityMwByTechnology":{},"plannedCapacityCoverage":{"coveragePercent":0.0,"knownUnitCount":0,"method":"unavailable","totalUnitCount":0},"plannedCapacityMw":0.0,"plannedCapacityMwByTechnology":{},"recordCount":1,"recordIds":["wattlas-record-osm-relation-2888901"],"sourceIds":["openstreetmap-power"],"sourceUrl":"https://www.openstreetmap.org/relation/2888901","technologies":["other"],"technologyMixMw":{"other":0.0},"unitCount":0,"unitIds":[]},"type":"Feature"},{"geometry":{"coordinates":[27.473228,48.512692],"type":"Point"},"id":"wattlas-plant-wikidata-q1153545","properties":{"aliases":["Дністровська ГАЕС"],"canonicalAnchor":"wikidata:Q1153545","canonicalCountryKey":"UA","capacityMw":972.0,"country":"UA","externalIds":{"osm":"relation/6276543","wikidata":"Q1153545","wikipedia":"uk:Дністровська ГАЕС"},"geographyId":"UA-14850775B35593196550103","id":"wattlas-plant-wikidata-q1153545","idAliases":["wattlas-plant-osm-relation-6276543"],"lifecycleCounts":{"operational":1},"locationPrecision":"exact","name":"Дністровська ГАЕС","operatingCapacityCoverage":{"coveragePercent":100.0,"knownUnitCount":0,"method":"plant_aggregate","provenance":{"evidenceCount":0,"recordIds":["wattlas-record-osm-relation-6276543"],"sourceIds":["openstreetmap-power"],"sourceTypes":["community_mapped"],"valueKind":"reported"},"totalUnitCount":0},"operatingCapacityMw":972.0,"operatingCapacityMwByTechnology":{"hydro":972.0},"plannedCapacityCoverage":{"coveragePercent":0.0,"knownUnitCount":0,"method":"unavailable","totalUnitCount":0},"plannedCapacityMw":0.0,"plannedCapacityMwByTechnology":{},"recordCount":1,"recordIds":["wattlas-record-osm-relation-6276543"],"sourceIds":["openstreetmap-power"],"sourceUrl":"https://www.openstreetmap.org/relation/6276543","technologies":["hydro"],"technologyMixMw":{"hydro":972.0},"unitCount":0,"unitIds":[]},"type":"Feature"},{"geometry":{"coordinates":[24.375498,50.213751],"type":"Point"},"id":"wattlas-plant-wikidata-q11965827","properties":{"aliases":["Добротвірська ТЕС"],"canonicalAnchor":"wikidata:Q11965827","canonicalCountryKey":"UA","capacityMw":500.0,"country":"UA","externalIds":{"osm":"way/200394299","wikidata":"Q11965827","wikipedia":"uk:Добротвірська ТЕС"},"geographyId":"UA-14850775B26941409899318","id":"wattlas-plant-wikidata-q11965827","idAliases":["wattlas-plant-osm-way-200394299"],"lifecycleCounts":{"operational":1},"locationPrecision":"exact","name":"Добротвірська ТЕС","operatingCapacityCoverage":{"coveragePercent":100.0,"knownUnitCount":0,"method":"plant_aggregate","provenance":{"evidenceCount":0,"recordIds":["wattlas-record-osm-way-200394299"],"sourceIds":["openstreetmap-power"],"sourceTypes":["community_mapped"],"valueKind":"reported"},"totalUnitCount":0},"operatingCapacityMw":500.0,"operatingCapacityMwByTechnology":{"coal":500.0},"plannedCapacityCoverage":{"coveragePercent":0.0,"knownUnitCount":0,"method":"unavailable","totalUnitCount":0},"plannedCapacityMw":0.0,"plannedCapacityMwByTechnology":{},"recordCount":1,"recordIds":["wattlas-record-osm-way-200394299"],"sourceIds":["openstreetmap-power"],"sourceUrl":"https://www.openstreetmap.org/way/200394299","technologies":["coal"],"technologyMixMw":{"coal":500.0},"unitCount":0,"unitIds":[]},"type":"Feature"},{"geometry":{"coordinates":[33.659483,47.545252],"type":"Point"},"id":"wattlas-plant-wikidata-q11982263","properties":{"aliases":["Криворізька ТЕС"],"canonicalAnchor":"wikidata:Q11982263","canonicalCountryKey":"UA","capacityMw":2820.0,"country":"UA","externalIds":{"osm":"way/124061051","wikidata":"Q11982263","wikipedia":"uk:Криворізька ТЕС"},"geographyId":"UA-14850775B41808765507575","id":"wattlas-plant-wikidata-q11982263","idAliases":["wattlas-plant-osm-way-124061051"],"lifecycleCounts":{"operational":1},"locationPrecision":"exact","name":"Криворізька ТЕС","operatingCapacityCoverage":{"coveragePercent":100.0,"knownUnitCount":0,"method":"plant_aggregate","provenance":{"evidenceCount":0,"recordIds":["wattlas-record-osm-way-124061051"],"sourceIds":["openstreetmap-power"],"sourceTypes":["community_mapped"],"valueKind":"reported"},"totalUnitCount":0},"operatingCapacityMw":2820.0,"operatingCapacityMwByTechnology":{"coal":2820.0},"plannedCapacityCoverage":{"coveragePercent":0.0,"knownUnitCount":0,"method":"unavailable","totalUnitCount":0},"plannedCapacityMw":0.0,"plannedCapacityMwByTechnology":{},"recordCount":1,"recordIds":["wattlas-record-osm-way-124061051"],"sourceIds":["openstreetmap-power"],"sourceUrl":"https://www.openstreetmap.org/way/124061051","technologies":["coal"],"technologyMixMw":{"coal":2820.0},"unitCount":0,"unitIds":[]},"type":"Feature"},{"geometry":{"coordinates":[29.219284,48.704548],"type":"Point"},"id":"wattlas-plant-wikidata-q11982929","properties":{"aliases":["Ладижинська ТЕС"],"canonicalAnchor":"wikidata:Q11982929","canonicalCountryKey":"UA","capacityMw":1800.0,"country":"UA","externalIds":{"osm":"way/331042345","wikidata":"Q11982929","wikipedia":"uk:Ладижинська ТЕС"},"geographyId":"UA-14850775B93300237551625","id":"wattlas-plant-wikidata-q11982929","idAliases":["wattlas-plant-osm-way-331042345"],"lifecycleCounts":{"operational":1},"locationPrecision":"exact","name":"Ладижинська ТЕС","operatingCapacityCoverage":{"coveragePercent":100.0,"knownUnitCount":0,"method":"plant_aggregate","provenance":{"evidenceCount":0,"recordIds":["wattlas-record-osm-way-331042345"],"sourceIds":["openstreetmap-power"],"sourceTypes":["community_mapped"],"valueKind":"reported"},"totalUnitCount":0},"operatingCapacityMw":1800.0,"operatingCapacityMwByTechnology":{"coal":1800.0},"plannedCapacityCoverage":{"coveragePercent":0.0,"knownUnitCount":0,"method":"unavailable","totalUnitCount":0},"plannedCapacityMw":0.0,"plannedCapacityMwByTechnology":{},"recordCount":1,"recordIds":["wattlas-record-osm-way-331042345"],"sourceIds":["openstreetmap-power"],"sourceUrl":"https://www.openstreetmap.org/way/331042345","technologies":["coal"],"technologyMixMw":{"coal":1800.0},"unitCount":0,"unitIds":[]},"type":"Feature"},{"geometry":{"coordinates":[30.750521,50.13286],"type":"Point"},"id":"wattlas-plant-wikidata-q12007778","properties":{"aliases":["Трипільська ТЕС"],"canonicalAnchor":"wikidata:Q12007778","canonicalCountryKey":"UA","capacityMw":1800.0,"country":"UA","externalIds":{"osm":"relation/2271440","wikidata":"Q12007778","wikipedia":"uk:Трипільська ТЕС"},"geographyId":"UA-14850775B37539954297462","id":"wattlas-plant-wikidata-q12007778","idAliases":["wattlas-plant-osm-relation-2271440"],"lifecycleCounts":{"operational":1},"locationPrecision":"exact","name":"Трипільська ТЕС","operatingCapacityCoverage":{"coveragePercent":100.0,"knownUnitCount":0,"method":"plant_aggregate","provenance":{"evidenceCount":0,"recordIds":["wattlas-record-osm-relation-2271440"],"sourceIds":["openstreetmap-power"],"sourceTypes":["community_mapped"],"valueKind":"reported"},"totalUnitCount":0},"operatingCapacityMw":1800.0,"operatingCapacityMwByTechnology":{"coal":1800.0},"plannedCapacityCoverage":{"coveragePercent":0.0,"knownUnitCount":0,"method":"unavailable","totalUnitCount":0},"plannedCapacityMw":0.0,"plannedCapacityMwByTechnology":{},"recordCount":1,"recordIds":["wattlas-record-osm-relation-2271440"],"sourceIds":["openstreetmap-power"],"sourceUrl":"https://www.openstreetmap.org/relation/2271440","technologies":["coal"],"technologyMixMw":{"coal":1800.0},"unitCount":0,"unitIds":[]},"type":"Feature"},{"geometry":{"coordinates":[30.188924,49.797589],"type":"Point"},"id":"wattlas-plant-wikidata-q12086812","properties":{"aliases":["Білоцерківська ТЕЦ"],"canonicalAnchor":"wikidata:Q12086812","canonicalCountryKey":"UA","capacityMw":120.0,"country":"UA","externalIds":{"osm":"way/99180521","wikidata":"Q12086812","wikipedia":"uk:Білоцерківська ТЕЦ"},"geographyId":"UA-14850775B37539954297462","id":"wattlas-plant-wikidata-q12086812","idAliases":["wattlas-plant-osm-way-99180521"],"lifecycleCounts":{"operational":1},"locationPrecision":"exact","name":"Білоцерківська ТЕЦ","operatingCapacityCoverage":{"coveragePercent":100.0,"knownUnitCount":0,"method":"plant_aggregate","provenance":{"evidenceCount":0,"recordIds":["wattlas-record-osm-way-99180521"],"sourceIds":["openstreetmap-power"],"sourceTypes":["community_mapped"],"valueKind":"reported"},"totalUnitCount":0},"operatingCapacityMw":120.0,"operatingCapacityMwByTechnology":{"gas":120.0},"plannedCapacityCoverage":{"coveragePercent":0.0,"knownUnitCount":0,"method":"unavailable","totalUnitCount":0},"plannedCapacityMw":0.0,"plannedCapacityMwByTechnology":{},"recordCount":1,"recordIds":["wattlas-record-osm-way-99180521"],"sourceIds":["openstreetmap-power"],"sourceUrl":"https://www.openstreetmap.org/way/99180521","technologies":["gas"],"technologyMixMw":{"gas":120.0},"unitCount":0,"unitIds":[]},"type":"Feature"},{"geometry":{"coordinates":[30.64408,50.447978],"type":"Point"},"id":"wattlas-plant-wikidata-q12099561","properties":{"aliases":["ТЕЦ-4 (Дарницька ТЕЦ)"],"canonicalAnchor":"wikidata:Q12099561","canonicalCountryKey":"UA","capacityMw":160.0,"country":"UA","externalIds":{"osm":"way/218722215","wikidata":"Q12099561","wikipedia":"uk:Дарницька ТЕЦ"},"geographyId":"UA-14850775B22712718081002","id":"wattlas-plant-wikidata-q12099561","idAliases":["wattlas-plant-osm-way-218722215"],"lifecycleCounts":{"operational":1},"locationPrecision":"exact","name":"ТЕЦ-4 (Дарницька ТЕЦ)","operatingCapacityCoverage":{"coveragePercent":100.0,"knownUnitCount":0,"method":"plant_aggregate","provenance":{"evidenceCount":0,"recordIds":["wattlas-record-osm-way-218722215"],"sourceIds":["openstreetmap-power"],"sourceTypes":["community_mapped"],"valueKind":"reported"},"totalUnitCount":0},"operatingCapacityMw":160.0,"operatingCapacityMwByTechnology":{"coal":160.0},"plannedCapacityCoverage":{"coveragePercent":0.0,"knownUnitCount":0,"method":"unavailable","totalUnitCount":0},"plannedCapacityMw":0.0,"plannedCapacityMwByTechnology":{},"recordCount":1,"recordIds":["wattlas-record-osm-way-218722215"],"sourceIds":["openstreetmap-power"],"sourceUrl":"https://www.openstreetmap.org/way/218722215","technologies":["coal"],"technologyMixMw":{"coal":160.0},"unitCount":0,"unitIds":[]},"type":"Feature"},{"geometry":{"coordinates":[34.605536,48.529503],"type":"Point"},"id":"wattlas-plant-wikidata-q12101385","properties":{"aliases":["Дніпровська ТЕЦ"],"canonicalAnchor":"wikidata:Q12101385","canonicalCountryKey":"UA","capacityMw":246.4,"country":"UA","externalIds":{"osm":"way/357061832","wikidata":"Q12101385","wikipedia":"uk:Дніпровська ТЕЦ"},"geographyId":"UA-14850775B41808765507575","id":"wattlas-plant-wikidata-q12101385","idAliases":["wattlas-plant-osm-way-357061832"],"lifecycleCounts":{"operational":1},"locationPrecision":"exact","name":"Дніпровська ТЕЦ","operatingCapacityCoverage":{"coveragePercent":100.0,"knownUnitCount":0,"method":"plant_aggregate","provenance":{"evidenceCount":0,"recordIds":["wattlas-record-osm-way-357061832"],"sourceIds":["openstreetmap-power"],"sourceTypes":["community_mapped"],"valueKind":"reported"},"totalUnitCount":0},"operatingCapacityMw":246.4,"operatingCapacityMwByTechnology":{"gas":246.4},"plannedCapacityCoverage":{"coveragePercent":0.0,"knownUnitCount":0,"method":"unavailable","totalUnitCount":0},"plannedCapacityMw":0.0,"plannedCapacityMwByTechnology":{},"recordCount":1,"recordIds":["wattlas-record-osm-way-357061832"],"sourceIds":["openstreetmap-power"],"sourceUrl":"https://www.openstreetmap.org/way/357061832","technologies":["gas"],"technologyMixMw":{"gas":246.4},"unitCount":0,"unitIds":[]},"type":"Feature"},{"geometry":{"coordinates":[33.144511,45.394086],"type":"Point"},"id":"wattlas-plant-wikidata-q12102061","properties":{"aliases":["Донузлавская ВЭС"],"canonicalAnchor":"wikidata:Q12102061","canonicalCountryKey":"UA","capacityMw":2.9,"country":"UA","externalIds":{"osm":"way/864295623","wikidata":"Q12102061"},"geographyId":"UA-14850775B24260608407062","id":"wattlas-plant-wikidata-q12102061","idAliases":["wattlas-plant-osm-way-864295623"],"lifecycleCounts":{"operational":1},"locationPrecision":"exact","name":"Донузлавская ВЭС","operatingCapacityCoverage":{"coveragePercent":100.0,"knownUnitCount":0,"method":"plant_aggregate","provenance":{"evidenceCount":0,"recordIds":["wattlas-record-osm-way-864295623"],"sourceIds":["openstreetmap-power"],"sourceTypes":["community_mapped"],"valueKind":"reported"},"totalUnitCount":0},"operatingCapacityMw":2.9,"operatingCapacityMwByTechnology":{"wind":2.9},"plannedCapacityCoverage":{"coveragePercent":0.0,"knownUnitCount":0,"method":"unavailable","totalUnitCount":0},"plannedCapacityMw":0.0,"plannedCapacityMwByTechnology":{},"recordCount":1,"recordIds":["wattlas-record-osm-way-864295623"],"sourceIds":["openstreetmap-power"],"sourceUrl":"https://www.openstreetmap.org/way/864295623","technologies":["wind"],"technologyMixMw":{"wind":2.9},"unitCount":0,"unitIds":[]},"type":"Feature"},{"geometry":{"coordinates":[24.316325,49.070182],"type":"Point"},"id":"wattlas-plant-wikidata-q12107862","properties":{"aliases":["Калуська ТЕЦ"],"canonicalAnchor":"wikidata:Q12107862","canonicalCountryKey":"UA","capacityMw":200.0,"country":"UA","externalIds":{"osm":"way/201563235","wikidata":"Q12107862","wikipedia":"uk:Калуська ТЕЦ"},"geographyId":"UA-14850775B19104561075165","id":"wattlas-plant-wikidata-q12107862","idAliases":["wattlas-plant-osm-way-201563235"],"lifecycleCounts":{"operational":1},"locationPrecision":"exact","name":"Калуська ТЕЦ","operatingCapacityCoverage":{"coveragePercent":100.0,"knownUnitCount":0,"method":"plant_aggregate","provenance":{"evidenceCount":0,"recordIds":["wattlas-record-osm-way-201563235"],"sourceIds":["openstreetmap-power"],"sourceTypes":["community_mapped"],"valueKind":"reported"},"totalUnitCount":0},"operatingCapacityMw":200.0,"operatingCapacityMwByTechnology":{"coal":200.0},"plannedCapacityCoverage":{"coveragePercent":0.0,"knownUnitCount":0,"method":"unavailable","totalUnitCount":0},"plannedCapacityMw":0.0,"plannedCapacityMwByTechnology":{},"recordCount":1,"recordIds":["wattlas-record-osm-way-201563235"],"sourceIds":["openstreetmap-power"],"sourceUrl":"https://www.openstreetmap.org/way/201563235","technologies":["coal"],"technologyMixMw":{"coal":200.0},"unitCount":0,"unitIds":[]},"type":"Feature"},{"geometry":{"coordinates":[30.494934,50.440196],"type":"Point"},"id":"wattlas-plant-wikidata-q12110201","properties":{"aliases":["Станція теплопостачання №1"],"canonicalAnchor":"wikidata:Q12110201","canonicalCountryKey":"UA","capacityMw":0.0,"country":"UA","externalIds":{"osm":"relation/1754517","wikidata":"Q12110201","wikipedia":"uk:Київська ТЕЦ-3"},"geographyId":"UA-14850775B22712718081002","id":"wattlas-plant-wikidata-q12110201","idAliases":["wattlas-plant-osm-relation-1754517","wattlas-plant-wikipedia-uk-3"],"lifecycleCounts":{"operational":1},"locationPrecision":"exact","name":"Станція теплопостачання №1","operatingCapacityCoverage":{"coveragePercent":0.0,"knownUnitCount":0,"method":"unavailable","totalUnitCount":0},"operatingCapacityMw":0.0,"operatingCapacityMwByTechnology":{},"plannedCapacityCoverage":{"coveragePercent":0.0,"knownUnitCount":0,"method":"unavailable","totalUnitCount":0},"plannedCapacityMw":0.0,"plannedCapacityMwByTechnology":{},"recordCount":1,"recordIds":["wattlas-record-osm-relation-1754517"],"sourceIds":["openstreetmap-power"],"sourceUrl":"https://www.openstreetmap.org/relation/1754517","technologies":["gas"],"technologyMixMw":{"gas":0.0},"unitCount":0,"unitIds":[]},"type":"Feature"},{"geometry":{"coordinates":[30.568362,50.394217],"type":"Point"},"id":"wattlas-plant-wikidata-q12110202","properties":{"aliases":["Київська ТЕЦ-5"],"canonicalAnchor":"wikidata:Q12110202","canonicalCountryKey":"UA","capacityMw":700.0,"country":"UA","externalIds":{"osm":"relation/6674937","wikidata":"Q12110202","wikipedia":"uk:Київська теплоелектроцентраль № 5"},"geographyId":"UA-14850775B22712718081002","id":"wattlas-plant-wikidata-q12110202","idAliases":["wattlas-plant-osm-relation-6674937","wattlas-plant-wikipedia-uk-5"],"lifecycleCounts":{"operational":1},"locationPrecision":"exact","name":"Київська ТЕЦ-5","operatingCapacityCoverage":{"coveragePercent":100.0,"knownUnitCount":0,"method":"plant_aggregate","provenance":{"evidenceCount":0,"recordIds":["wattlas-record-osm-relation-6674937"],"sourceIds":["openstreetmap-power"],"sourceTypes":["community_mapped"],"valueKind":"reported"},"totalUnitCount":0},"operatingCapacityMw":700.0,"operatingCapacityMwByTechnology":{"gas":700.0},"plannedCapacityCoverage":{"coveragePercent":0.0,"knownUnitCount":0,"method":"unavailable","totalUnitCount":0},"plannedCapacityMw":0.0,"plannedCapacityMwByTechnology":{},"recordCount":1,"recordIds":["wattlas-record-osm-relation-6674937"],"sourceIds":["openstreetmap-power"],"sourceUrl":"https://www.openstreetmap.org/relation/6674937","technologies":["gas"],"technologyMixMw":{"gas":700.0},"unitCount":0,"unitIds":[]},"type":"Feature"},{"geometry":{"coordinates":[30.666984,50.531233],"type":"Point"},"id":"wattlas-plant-wikidata-q12110203","properties":{"aliases":["Київська ТЕЦ-6"],"canonicalAnchor":"wikidata:Q12110203","canonicalCountryKey":"UA","capacityMw":500.0,"country":"UA","externalIds":{"osm":"way/106296381","wikidata":"Q12110203","wikipedia":"uk:Київська ТЕЦ-6"},"geographyId":"UA-14850775B22712718081002","id":"wattlas-plant-wikidata-q12110203","idAliases":["wattlas-plant-osm-way-106296381","wattlas-plant-wikipedia-uk-6"],"lifecycleCounts":{"operational":1},"locationPrecision":"exact","name":"Київська ТЕЦ-6","operatingCapacityCoverage":{"coveragePercent":100.0,"knownUnitCount":0,"method":"plant_aggregate","provenance":{"evidenceCount":0,"recordIds":["wattlas-record-osm-way-106296381"],"sourceIds":["openstreetmap-power"],"sourceTypes":["community_mapped"],"valueKind":"reported"},"totalUnitCount":0},"operatingCapacityMw":500.0,"operatingCapacityMwByTechnology":{"gas":500.0},"plannedCapacityCoverage":{"coveragePercent":0.0,"knownUnitCount":0,"method":"unavailable","totalUnitCount":0},"plannedCapacityMw":0.0,"plannedCapacityMwByTechnology":{},"recordCount":1,"recordIds":["wattlas-record-osm-way-106296381"],"sourceIds":["openstreetmap-power"],"sourceUrl":"https://www.openstreetmap.org/way/106296381","technologies":["gas"],"technologyMixMw":{"gas":500.0},"unitCount":0,"unitIds":[]},"type":"Feature"},{"geometry":{"coordinates":[33.443836,49.172106],"type":"Point"},"id":"wattlas-plant-wikidata-q12114491","properties":{"aliases":["Кременчуцька ТЕЦ"],"canonicalAnchor":"wikidata:Q12114491","canonicalCountryKey":"UA","capacityMw":255.0,"country":"UA","externalIds":{"osm":"relation/4096525","wikidata":"Q12114491","wikipedia":"uk:Кременчуцька ТЕЦ"},"geographyId":"UA-14850775B18105645488844","id":"wattlas-plant-wikidata-q12114491","idAliases":["wattlas-plant-osm-relation-4096525"],"lifecycleCounts":{"operational":1},"locationPrecision":"exact","name":"Кременчуцька ТЕЦ","operatingCapacityCoverage":{"coveragePercent":100.0,"knownUnitCount":0,"method":"plant_aggregate","provenance":{"evidenceCount":0,"recordIds":["wattlas-record-osm-relation-4096525"],"sourceIds":["openstreetmap-power"],"sourceTypes":["community_mapped"],"valueKind":"reported"},"totalUnitCount":0},"operatingCapacityMw":255.0,"operatingCapacityMwByTechnology":{"gas":255.0},"plannedCapacityCoverage":{"coveragePercent":0.0,"knownUnitCount":0,"method":"unavailable","totalUnitCount":0},"plannedCapacityMw":0.0,"plannedCapacityMwByTechnology":{},"recordCount":1,"recordIds":["wattlas-record-osm-relation-4096525"],"sourceIds":["openstreetmap-power"],"sourceUrl":"https://www.openstreetmap.org/relation/4096525","technologies":["gas"],"technologyMixMw":{"gas":255.0},"unitCount":0,"unitIds":[]},"type":"Feature"},{"geometry":{"coordinates":[30.716157,46.504106],"type":"Point"},"id":"wattlas-plant-wikidata-q12135205","properties":{"aliases":["Одеська ТЕЦ"],"canonicalAnchor":"wikidata:Q12135205","canonicalCountryKey":"UA","capacityMw":68.0,"country":"UA","externalIds":{"osm":"way/388450536","wikidata":"Q12135205","wikipedia":"uk:Одеська ТЕЦ"},"geographyId":"UA-14850775B53240635394722","id":"wattlas-plant-wikidata-q12135205","idAliases":["wattlas-plant-osm-way-388450536"],"lifecycleCounts":{"operational":1},"locationPrecision":"exact","name":"Одеська ТЕЦ","operatingCapacityCoverage":{"coveragePercent":100.0,"knownUnitCount":0,"method":"plant_aggregate","provenance":{"evidenceCount":0,"recordIds":["wattlas-record-osm-way-388450536"],"sourceIds":["openstreetmap-power"],"sourceTypes":["community_mapped"],"valueKind":"reported"},"totalUnitCount":0},"operatingCapacityMw":68.0,"operatingCapacityMwByTechnology":{"gas":68.0},"plannedCapacityCoverage":{"coveragePercent":0.0,"knownUnitCount":0,"method":"unavailable","totalUnitCount":0},"plannedCapacityMw":0.0,"plannedCapacityMwByTechnology":{},"recordCount":1,"recordIds":["wattlas-record-osm-way-388450536"],"sourceIds":["openstreetmap-power"],"sourceUrl":"https://www.openstreetmap.org/way/388450536","technologies":["gas"],"technologyMixMw":{"gas":68.0},"unitCount":0,"unitIds":[]},"type":"Feature"},{"geometry":{"coordinates":[34.819368,50.932632],"type":"Point"},"id":"wattlas-plant-wikidata-q12158666","properties":{"aliases":["Сумська ТЕЦ"],"canonicalAnchor":"wikidata:Q12158666","canonicalCountryKey":"UA","capacityMw":40.0,"country":"UA","externalIds":{"osm":"relation/13766266","wikidata":"Q12158666","wikipedia":"uk:Сумська ТЕЦ"},"geographyId":"UA-14850775B14512392274127","id":"wattlas-plant-wikidata-q12158666","idAliases":["wattlas-plant-osm-relation-13766266"],"lifecycleCounts":{"operational":1},"locationPrecision":"exact","name":"Сумська ТЕЦ","operatingCapacityCoverage":{"coveragePercent":100.0,"knownUnitCount":0,"method":"plant_aggregate","provenance":{"evidenceCount":0,"recordIds":["wattlas-record-osm-relation-13766266"],"sourceIds":["openstreetmap-power"],"sourceTypes":["community_mapped"],"valueKind":"reported"},"totalUnitCount":0},"operatingCapacityMw":40.0,"operatingCapacityMwByTechnology":{"gas":40.0},"plannedCapacityCoverage":{"coveragePercent":0.0,"knownUnitCount":0,"method":"unavailable","totalUnitCount":0},"plannedCapacityMw":0.0,"plannedCapacityMwByTechnology":{},"recordCount":1,"recordIds":["wattlas-record-osm-relation-13766266"],"sourceIds":["openstreetmap-power"],"sourceUrl":"https://www.openstreetmap.org/relation/13766266","technologies":["gas"],"technologyMixMw":{"gas":40.0},"unitCount":0,"unitIds":[]},"type":"Feature"},{"geometry":{"coordinates":[34.036184,45.012636],"type":"Point"},"id":"wattlas-plant-wikidata-q12159431","properties":{"aliases":["Симферопольская ТЭЦ"],"canonicalAnchor":"wikidata:Q12159431","canonicalCountryKey":"UA","capacityMw":100.0,"country":"UA","externalIds":{"osm":"way/96765157","wikidata":"Q12159431","wikipedia":"ru:Симферопольская ТЭЦ"},"geographyId":"UA-14850775B24260608407062","id":"wattlas-plant-wikidata-q12159431","idAliases":["wattlas-plant-osm-way-96765157"],"lifecycleCounts":{"operational":1},"locationPrecision":"exact","name":"Симферопольская ТЭЦ","operatingCapacityCoverage":{"coveragePercent":100.0,"knownUnitCount":0,"method":"plant_aggregate","provenance":{"evidenceCount":0,"recordIds":["wattlas-record-osm-way-96765157"],"sourceIds":["openstreetmap-power"],"sourceTypes":["community_mapped"],"valueKind":"reported"},"totalUnitCount":0},"operatingCapacityMw":100.0,"operatingCapacityMwByTechnology":{"gas":100.0},"plannedCapacityCoverage":{"coveragePercent":0.0,"knownUnitCount":0,"method":"unavailable","totalUnitCount":0},"plannedCapacityMw":0.0,"plannedCapacityMwByTechnology":{},"recordCount":1,"recordIds":["wattlas-record-osm-way-96765157"],"sourceIds":["openstreetmap-power"],"sourceUrl":"https://www.openstreetmap.org/way/96765157","technologies":["gas"],"technologyMixMw":{"gas":100.0},"unitCount":0,"unitIds":[]},"type":"Feature"},{"geometry":{"coordinates":[32.065265,49.388551],"type":"Point"},"id":"wattlas-plant-wikidata-q12169757","properties":{"aliases":["Черкаська ТЕЦ"],"canonicalAnchor":"wikidata:Q12169757","canonicalCountryKey":"UA","capacityMw":230.0,"country":"UA","externalIds":{"osm":"way/450569880","wikidata":"Q12169757","wikipedia":"uk:Черкаська ТЕЦ"},"geographyId":"UA-14850775B95678810793770","id":"wattlas-plant-wikidata-q12169757","idAliases":["wattlas-plant-osm-way-450569880"],"lifecycleCounts":{"operational":1},"locationPrecision":"exact","name":"Черкаська ТЕЦ","operatingCapacityCoverage":{"coveragePercent":100.0,"knownUnitCount":0,"method":"plant_aggregate","provenance":{"evidenceCount":0,"recordIds":["wattlas-record-osm-way-450569880"],"sourceIds":["openstreetmap-power"],"sourceTypes":["community_mapped"],"valueKind":"reported"},"totalUnitCount":0},"operatingCapacityMw":230.0,"operatingCapacityMwByTechnology":{"gas":230.0},"plannedCapacityCoverage":{"coveragePercent":0.0,"knownUnitCount":0,"method":"unavailable","totalUnitCount":0},"plannedCapacityMw":0.0,"plannedCapacityMwByTechnology":{},"recordCount":1,"recordIds":["wattlas-record-osm-way-450569880"],"sourceIds":["openstreetmap-power"],"sourceUrl":"https://www.openstreetmap.org/way/450569880","technologies":["gas"],"technologyMixMw":{"gas":230.0},"unitCount":0,"unitIds":[]},"type":"Feature"},{"geometry":{"coordinates":[23.579822,48.372194],"type":"Point"},"id":"wattlas-plant-wikidata-q1316295","properties":{"aliases":["Теребле-Ріцька ГЕС"],"canonicalAnchor":"wikidata:Q1316295","canonicalCountryKey":"UA","capacityMw":27.0,"country":"UA","externalIds":{"osm":"way/201566320","wikidata":"Q1316295","wikipedia":"uk:Теребле-Ріцька ГЕС"},"geographyId":"UA-14850775B82824220650579","id":"wattlas-plant-wikidata-q1316295","idAliases":["wattlas-plant-osm-way-201566320"],"lifecycleCounts":{"operational":1},"locationPrecision":"exact","name":"Теребле-Ріцька ГЕС","operatingCapacityCoverage":{"coveragePercent":100.0,"knownUnitCount":0,"method":"plant_aggregate","provenance":{"evidenceCount":0,"recordIds":["wattlas-record-osm-way-201566320"],"sourceIds":["openstreetmap-power"],"sourceTypes":["community_mapped"],"valueKind":"reported"},"totalUnitCount":0},"operatingCapacityMw":27.0,"operatingCapacityMwByTechnology":{"hydro":27.0},"plannedCapacityCoverage":{"coveragePercent":0.0,"knownUnitCount":0,"method":"unavailable","totalUnitCount":0},"plannedCapacityMw":0.0,"plannedCapacityMwByTechnology":{},"recordCount":1,"recordIds":["wattlas-record-osm-way-201566320"],"sourceIds":["openstreetmap-power"],"sourceUrl":"https://www.openstreetmap.org/way/201566320","technologies":["hydro"],"technologyMixMw":{"hydro":27.0},"unitCount":0,"unitIds":[]},"type":"Feature"},{"geometry":{"coordinates":[35.793189,46.634809],"type":"Point"},"id":"wattlas-plant-wikidata-q13666162","properties":{"aliases":["Ботієвська ВЕС"],"canonicalAnchor":"wikidata:Q13666162","canonicalCountryKey":"UA","capacityMw":200.0,"country":"UA","externalIds":{"osm":"relation/10016211","wikidata":"Q13666162","wikipedia":"uk:Ботієвська вітрова електростанція"},"geographyId":"UA-14850775B92888097715572","id":"wattlas-plant-wikidata-q13666162","idAliases":["wattlas-plant-osm-relation-10016211"],"lifecycleCounts":{"operational":1},"locationPrecision":"exact","name":"Ботієвська ВЕС","operatingCapacityCoverage":{"coveragePercent":100.0,"knownUnitCount":0,"method":"plant_aggregate","provenance":{"evidenceCount":0,"recordIds":["wattlas-record-osm-relation-10016211"],"sourceIds":["openstreetmap-power"],"sourceTypes":["community_mapped"],"valueKind":"reported"},"totalUnitCount":0},"operatingCapacityMw":200.0,"operatingCapacityMwByTechnology":{"wind":200.0},"plannedCapacityCoverage":{"coveragePercent":0.0,"knownUnitCount":0,"method":"unavailable","totalUnitCount":0},"plannedCapacityMw":0.0,"plannedCapacityMwByTechnology":{},"recordCount":1,"recordIds":["wattlas-record-osm-relation-10016211"],"sourceIds":["openstreetmap-power"],"sourceUrl":"https://www.openstreetmap.org/relation/10016211","technologies":["wind"],"technologyMixMw":{"wind":200.0},"unitCount":0,"unitIds":[]},"type":"Feature"},{"geometry":{"coordinates":[29.464572,45.981048],"type":"Point"},"id":"wattlas-plant-wikidata-q14533153","properties":{"aliases":["Дунайська СЕС"],"canonicalAnchor":"wikidata:Q14533153","canonicalCountryKey":"UA","capacityMw":43.14,"country":"UA","externalIds":{"osm":"way/369568719","wikidata":"Q14533153","wikipedia":"uk:Дунайська сонячна електростанція"},"geographyId":"UA-14850775B53240635394722","id":"wattlas-plant-wikidata-q14533153","idAliases":["wattlas-plant-osm-way-369568719"],"lifecycleCounts":{"operational":1},"locationPrecision":"exact","name":"Дунайська СЕС","operatingCapacityCoverage":{"coveragePercent":100.0,"knownUnitCount":0,"method":"plant_aggregate","provenance":{"evidenceCount":0,"recordIds":["wattlas-record-osm-way-369568719"],"sourceIds":["openstreetmap-power"],"sourceTypes":["community_mapped"],"valueKind":"reported"},"totalUnitCount":0},"operatingCapacityMw":43.14,"operatingCapacityMwByTechnology":{"solar":43.14},"plannedCapacityCoverage":{"coveragePercent":0.0,"knownUnitCount":0,"method":"unavailable","totalUnitCount":0},"plannedCapacityMw":0.0,"plannedCapacityMwByTechnology":{},"recordCount":1,"recordIds":["wattlas-record-osm-way-369568719"],"sourceIds":["openstreetmap-power"],"sourceUrl":"https://www.openstreetmap.org/way/369568719","technologies":["solar"],"technologyMixMw":{"solar":43.14},"unitCount":0,"unitIds":[]},"type":"Feature"},{"geometry":{"coordinates":[32.477811,46.097146],"type":"Point"},"id":"wattlas-plant-wikidata-q16669870","properties":{"aliases":["Скадовська сонячна електростанція"],"canonicalAnchor":"wikidata:Q16669870","canonicalCountryKey":"UA","capacityMw":10.0,"country":"UA","externalIds":{"osm":"way/419452235","wikidata":"Q16669870","wikipedia":"uk:Скадовська сонячна електростанція"},"geographyId":"UA-14850775B65901307765467","id":"wattlas-plant-wikidata-q16669870","idAliases":["wattlas-plant-osm-way-419452235"],"lifecycleCounts":{"operational":1},"locationPrecision":"exact","name":"Скадовська сонячна електростанція","operatingCapacityCoverage":{"coveragePercent":100.0,"knownUnitCount":0,"method":"plant_aggregate","provenance":{"evidenceCount":0,"recordIds":["wattlas-record-osm-way-419452235"],"sourceIds":["openstreetmap-power"],"sourceTypes":["community_mapped"],"valueKind":"reported"},"totalUnitCount":0},"operatingCapacityMw":10.0,"operatingCapacityMwByTechnology":{"solar":10.0},"plannedCapacityCoverage":{"coveragePercent":0.0,"knownUnitCount":0,"method":"unavailable","totalUnitCount":0},"plannedCapacityMw":0.0,"plannedCapacityMwByTechnology":{},"recordCount":1,"recordIds":["wattlas-record-osm-way-419452235"],"sourceIds":["openstreetmap-power"],"sourceUrl":"https://www.openstreetmap.org/way/419452235","technologies":["solar"],"technologyMixMw":{"solar":10.0},"unitCount":0,"unitIds":[]},"type":"Feature"},{"geometry":{"coordinates":[33.750806,44.967764],"type":"Point"},"id":"wattlas-plant-wikidata-q16680871","properties":{"aliases":["СЭС Николаевка"],"canonicalAnchor":"wikidata:Q16680871","canonicalCountryKey":"UA","capacityMw":69.7,"country":"UA","externalIds":{"osm":"relation/8480644","wikidata":"Q16680871","wikipedia":"ru:Николаевка (электростанция)"},"geographyId":"UA-14850775B24260608407062","id":"wattlas-plant-wikidata-q16680871","idAliases":["wattlas-plant-osm-relation-8480644"],"lifecycleCounts":{"operational":1},"locationPrecision":"exact","name":"СЭС Николаевка","operatingCapacityCoverage":{"coveragePercent":100.0,"knownUnitCount":0,"method":"plant_aggregate","provenance":{"evidenceCount":0,"recordIds":["wattlas-record-osm-relation-8480644"],"sourceIds":["openstreetmap-power"],"sourceTypes":["community_mapped"],"valueKind":"reported"},"totalUnitCount":0},"operatingCapacityMw":69.7,"operatingCapacityMwByTechnology":{"solar":69.7},"plannedCapacityCoverage":{"coveragePercent":0.0,"knownUnitCount":0,"method":"unavailable","totalUnitCount":0},"plannedCapacityMw":0.0,"plannedCapacityMwByTechnology":{},"recordCount":1,"recordIds":["wattlas-record-osm-relation-8480644"],"sourceIds":["openstreetmap-power"],"sourceUrl":"https://www.openstreetmap.org/relation/8480644","technologies":["solar"],"technologyMixMw":{"solar":69.7},"unitCount":0,"unitIds":[]},"type":"Feature"},{"geometry":{"coordinates":[22.535944,48.52016],"type":"Point"},"id":"wattlas-plant-wikidata-q16690347","properties":{"aliases":["СЕС «Ірлява»"],"canonicalAnchor":"wikidata:Q16690347","canonicalCountryKey":"UA","capacityMw":9.6,"country":"UA","externalIds":{"osm":"way/385262434","wikidata":"Q16690347","wikipedia":"uk:СЕС СЕ-2"},"geographyId":"UA-14850775B82824220650579","id":"wattlas-plant-wikidata-q16690347","idAliases":["wattlas-plant-osm-way-385262434"],"lifecycleCounts":{"operational":1},"locationPrecision":"exact","name":"СЕС «Ірлява»","operatingCapacityCoverage":{"coveragePercent":100.0,"knownUnitCount":0,"method":"plant_aggregate","provenance":{"evidenceCount":0,"recordIds":["wattlas-record-osm-way-385262434"],"sourceIds":["openstreetmap-power"],"sourceTypes":["community_mapped"],"valueKind":"reported"},"totalUnitCount":0},"operatingCapacityMw":9.6,"operatingCapacityMwByTechnology":{"solar":9.6},"plannedCapacityCoverage":{"coveragePercent":0.0,"knownUnitCount":0,"method":"unavailable","totalUnitCount":0},"plannedCapacityMw":0.0,"plannedCapacityMwByTechnology":{},"recordCount":1,"recordIds":["wattlas-record-osm-way-385262434"],"sourceIds":["openstreetmap-power"],"sourceUrl":"https://www.openstreetmap.org/way/385262434","technologies":["solar"],"technologyMixMw":{"solar":9.6},"unitCount":0,"unitIds":[]},"type":"Feature"},{"geometry":{"coordinates":[33.09867,45.329929],"type":"Point"},"id":"wattlas-plant-wikidata-q16693904","properties":{"aliases":["Сакская ВЭС"],"canonicalAnchor":"wikidata:Q16693904","canonicalCountryKey":"UA","capacityMw":18.0,"country":"UA","externalIds":{"osm":"relation/7676310","wikidata":"Q16693904","wikipedia":"ru:Сакская ВЭС"},"geographyId":"UA-14850775B24260608407062","id":"wattlas-plant-wikidata-q16693904","idAliases":["wattlas-plant-osm-relation-7676310"],"lifecycleCounts":{"operational":1},"locationPrecision":"exact","name":"Сакская ВЭС","operatingCapacityCoverage":{"coveragePercent":100.0,"knownUnitCount":0,"method":"plant_aggregate","provenance":{"evidenceCount":0,"recordIds":["wattlas-record-osm-relation-7676310"],"sourceIds":["openstreetmap-power"],"sourceTypes":["community_mapped"],"valueKind":"reported"},"totalUnitCount":0},"operatingCapacityMw":18.0,"operatingCapacityMwByTechnology":{"wind":18.0},"plannedCapacityCoverage":{"coveragePercent":0.0,"knownUnitCount":0,"method":"unavailable","totalUnitCount":0},"plannedCapacityMw":0.0,"plannedCapacityMwByTechnology":{},"recordCount":1,"recordIds":["wattlas-record-osm-relation-7676310"],"sourceIds":["openstreetmap-power"],"sourceUrl":"https://www.openstreetmap.org/relation/7676310","technologies":["wind"],"technologyMixMw":{"wind":18.0},"unitCount":0,"unitIds":[]},"type":"Feature"},{"geometry":{"coordinates":[29.391624,48.523548],"type":"Point"},"id":"wattlas-plant-wikidata-q16696406","properties":{"aliases":["Глибочанська ГЕС"],"canonicalAnchor":"wikidata:Q16696406","canonicalCountryKey":"UA","capacityMw":6.13,"country":"UA","externalIds":{"osm":"way/329828174","wikidata":"Q16696406","wikipedia":"uk:Глибочанська ГЕС"},"geographyId":"UA-14850775B93300237551625","id":"wattlas-plant-wikidata-q16696406","idAliases":["wattlas-plant-osm-way-329828174"],"lifecycleCounts":{"operational":1},"locationPrecision":"exact","name":"Глибочанська ГЕС","operatingCapacityCoverage":{"coveragePercent":100.0,"knownUnitCount":0,"method":"plant_aggregate","provenance":{"evidenceCount":0,"recordIds":["wattlas-record-osm-way-329828174"],"sourceIds":["openstreetmap-power"],"sourceTypes":["community_mapped"],"valueKind":"reported"},"totalUnitCount":0},"operatingCapacityMw":6.13,"operatingCapacityMwByTechnology":{"hydro":6.13},"plannedCapacityCoverage":{"coveragePercent":0.0,"knownUnitCount":0,"method":"unavailable","totalUnitCount":0},"plannedCapacityMw":0.0,"plannedCapacityMwByTechnology":{},"recordCount":1,"recordIds":["wattlas-record-osm-way-329828174"],"sourceIds":["openstreetmap-power"],"sourceUrl":"https://www.openstreetmap.org/way/329828174","technologies":["hydro"],"technologyMixMw":{"hydro":6.13},"unitCount":0,"unitIds":[]},"type":"Feature"},{"geometry":{"coordinates":[35.085891,44.809182],"type":"Point"},"id":"wattlas-plant-wikidata-q16702868-1d0c57b7ba","properties":{"aliases":["Судакская ВЭС"],"canonicalAnchor":"wikidata:Q16702868","canonicalCountryKey":"UA","capacityMw":6.3,"country":"UA","externalIds":{"osm":"way/864295624","wikidata":"Q16702868"},"geographyId":"UA-14850775B24260608407062","id":"wattlas-plant-wikidata-q16702868-1d0c57b7ba","idAliases":["wattlas-plant-osm-way-864295624","wattlas-plant-wikidata-q16702868"],"lifecycleCounts":{"operational":1},"locationPrecision":"exact","name":"Судакская ВЭС","operatingCapacityCoverage":{"coveragePercent":100.0,"knownUnitCount":0,"method":"plant_aggregate","provenance":{"evidenceCount":0,"recordIds":["wattlas-record-osm-way-864295624"],"sourceIds":["openstreetmap-power"],"sourceTypes":["community_mapped"],"valueKind":"reported"},"totalUnitCount":0},"operatingCapacityMw":6.3,"operatingCapacityMwByTechnology":{"wind":6.3},"plannedCapacityCoverage":{"coveragePercent":0.0,"knownUnitCount":0,"method":"unavailable","totalUnitCount":0},"plannedCapacityMw":0.0,"plannedCapacityMwByTechnology":{},"recordCount":1,"recordIds":["wattlas-record-osm-way-864295624"],"sourceIds":["openstreetmap-power"],"sourceUrl":"https://www.openstreetmap.org/way/864295624","technologies":["wind"],"technologyMixMw":{"wind":6.3},"unitCount":0,"unitIds":[]},"type":"Feature"},{"geometry":{"coordinates":[35.085976,44.810544],"type":"Point"},"id":"wattlas-plant-wikidata-q16702868-318b4420e3","properties":{"aliases":["Судакская ВЭС"],"canonicalAnchor":"wikidata:Q16702868","canonicalCountryKey":"UA","capacityMw":6.3,"country":"UA","externalIds":{"osm":"relation/11659868","wikidata":"Q16702868","wikipedia":"ru:Судакская ВЭС"},"geographyId":"UA-14850775B24260608407062","id":"wattlas-plant-wikidata-q16702868-318b4420e3","idAliases":["wattlas-plant-osm-relation-11659868"],"lifecycleCounts":{"operational":1},"locationPrecision":"exact","name":"Судакская ВЭС","operatingCapacityCoverage":{"coveragePercent":100.0,"knownUnitCount":0,"method":"plant_aggregate","provenance":{"evidenceCount":0,"recordIds":["wattlas-record-osm-relation-11659868"],"sourceIds":["openstreetmap-power"],"sourceTypes":["community_mapped"],"valueKind":"reported"},"totalUnitCount":0},"operatingCapacityMw":6.3,"operatingCapacityMwByTechnology":{"wind":6.3},"plannedCapacityCoverage":{"coveragePercent":0.0,"knownUnitCount":0,"method":"unavailable","totalUnitCount":0},"plannedCapacityMw":0.0,"plannedCapacityMwByTechnology":{},"recordCount":1,"recordIds":["wattlas-record-osm-relation-11659868"],"sourceIds":["openstreetmap-power"],"sourceUrl":"https://www.openstreetmap.org/relation/11659868","technologies":["wind"],"technologyMixMw":{"wind":6.3},"unitCount":0,"unitIds":[]},"type":"Feature"},{"geometry":{"coordinates":[23.581496,49.931327],"type":"Point"},"id":"wattlas-plant-wikidata-q16709329","properties":{"aliases":["Новояворівська ТЕЦ"],"canonicalAnchor":"wikidata:Q16709329","canonicalCountryKey":"UA","capacityMw":25.9,"country":"UA","externalIds":{"osm":"relation/6573418","wikidata":"Q16709329","wikipedia":"uk:Новояворівська ТЕЦ"},"geographyId":"UA-14850775B26941409899318","id":"wattlas-plant-wikidata-q16709329","idAliases":["wattlas-plant-osm-relation-6573418"],"lifecycleCounts":{"operational":1},"locationPrecision":"exact","name":"Новояворівська ТЕЦ","operatingCapacityCoverage":{"coveragePercent":100.0,"knownUnitCount":0,"method":"plant_aggregate","provenance":{"evidenceCount":0,"recordIds":["wattlas-record-osm-relation-6573418"],"sourceIds":["openstreetmap-power"],"sourceTypes":["community_mapped"],"valueKind":"reported"},"totalUnitCount":0},"operatingCapacityMw":25.9,"operatingCapacityMwByTechnology":{"gas":25.9},"plannedCapacityCoverage":{"coveragePercent":0.0,"knownUnitCount":0,"method":"unavailable","totalUnitCount":0},"plannedCapacityMw":0.0,"plannedCapacityMwByTechnology":{},"recordCount":1,"recordIds":["wattlas-record-osm-relation-6573418"],"sourceIds":["openstreetmap-power"],"sourceUrl":"https://www.openstreetmap.org/relation/6573418","technologies":["gas"],"technologyMixMw":{"gas":25.9},"unitCount":0,"unitIds":[]},"type":"Feature"},{"geometry":{"coordinates":[34.859493,50.322324],"type":"Point"},"id":"wattlas-plant-wikidata-q16710581","properties":{"aliases":["Охтирська ТЕЦ"],"canonicalAnchor":"wikidata:Q16710581","canonicalCountryKey":"UA","capacityMw":12.75,"country":"UA","externalIds":{"osm":"relation/9290983","wikidata":"Q16710581","wikipedia":"uk:Охтирська ТЕЦ"},"geographyId":"UA-14850775B14512392274127","id":"wattlas-plant-wikidata-q16710581","idAliases":["wattlas-plant-osm-relation-9290983"],"lifecycleCounts":{"operational":1},"locationPrecision":"exact","name":"Охтирська ТЕЦ","operatingCapacityCoverage":{"coveragePercent":100.0,"knownUnitCount":0,"method":"plant_aggregate","provenance":{"evidenceCount":0,"recordIds":["wattlas-record-osm-relation-9290983"],"sourceIds":["openstreetmap-power"],"sourceTypes":["community_mapped"],"valueKind":"reported"},"totalUnitCount":0},"operatingCapacityMw":12.75,"operatingCapacityMwByTechnology":{"gas":12.75},"plannedCapacityCoverage":{"coveragePercent":0.0,"knownUnitCount":0,"method":"unavailable","totalUnitCount":0},"plannedCapacityMw":0.0,"plannedCapacityMwByTechnology":{},"recordCount":1,"recordIds":["wattlas-record-osm-relation-9290983"],"sourceIds":["openstreetmap-power"],"sourceUrl":"https://www.openstreetmap.org/relation/9290983","technologies":["gas"],"technologyMixMw":{"gas":12.75},"unitCount":0,"unitIds":[]},"type":"Feature"},{"geometry":{"coordinates":[31.218439,47.810797],"type":"Point"},"id":"wattlas-plant-wikidata-q186223","properties":{"aliases":["Південноукраїнська АЕС"],"canonicalAnchor":"wikidata:Q186223","canonicalCountryKey":"UA","capacityMw":3000.0,"country":"UA","externalIds":{"osm":"relation/4546127","wikidata":"Q186223","wikipedia":"uk:Южно-Українська АЕС"},"geographyId":"UA-14850775B99856317748721","id":"wattlas-plant-wikidata-q186223","idAliases":["wattlas-plant-osm-relation-4546127"],"lifecycleCounts":{"operational":1},"locationPrecision":"exact","name":"Південноукраїнська АЕС","operatingCapacityCoverage":{"coveragePercent":100.0,"knownUnitCount":0,"method":"plant_aggregate","provenance":{"evidenceCount":0,"recordIds":["wattlas-record-osm-relation-4546127"],"sourceIds":["openstreetmap-power"],"sourceTypes":["community_mapped"],"valueKind":"reported"},"totalUnitCount":0},"operatingCapacityMw":3000.0,"operatingCapacityMwByTechnology":{"nuclear":3000.0},"plannedCapacityCoverage":{"coveragePercent":0.0,"knownUnitCount":0,"method":"unavailable","totalUnitCount":0},"plannedCapacityMw":0.0,"plannedCapacityMwByTechnology":{},"recordCount":1,"recordIds":["wattlas-record-osm-relation-4546127"],"sourceIds":["openstreetmap-power"],"sourceUrl":"https://www.openstreetmap.org/relation/4546127","technologies":["nuclear"],"technologyMixMw":{"nuclear":3000.0},"unitCount":0,"unitIds":[]},"type":"Feature"},{"geometry":{"coordinates":[31.473131,49.761158],"type":"Point"},"id":"wattlas-plant-wikidata-q2027431","properties":{"aliases":["Канівська ГЕС"],"canonicalAnchor":"wikidata:Q2027431","canonicalCountryKey":"UA","capacityMw":472.0,"country":"UA","externalIds":{"osm":"way/73199860","wikidata":"Q2027431","wikipedia":"uk:Канівська ГЕС"},"geographyId":"UA-14850775B95678810793770","id":"wattlas-plant-wikidata-q2027431","idAliases":["wattlas-plant-osm-way-73199860"],"lifecycleCounts":{"operational":1},"locationPrecision":"exact","name":"Канівська ГЕС","operatingCapacityCoverage":{"coveragePercent":100.0,"knownUnitCount":0,"method":"plant_aggregate","provenance":{"evidenceCount":0,"recordIds":["wattlas-record-osm-way-73199860"],"sourceIds":["openstreetmap-power"],"sourceTypes":["community_mapped"],"valueKind":"reported"},"totalUnitCount":0},"operatingCapacityMw":472.0,"operatingCapacityMwByTechnology":{"hydro":472.0},"plannedCapacityCoverage":{"coveragePercent":0.0,"knownUnitCount":0,"method":"unavailable","totalUnitCount":0},"plannedCapacityMw":0.0,"plannedCapacityMwByTechnology":{},"recordCount":1,"recordIds":["wattlas-record-osm-way-73199860"],"sourceIds":["openstreetmap-power"],"sourceUrl":"https://www.openstreetmap.org/way/73199860","technologies":["hydro"],"technologyMixMw":{"hydro":472.0},"unitCount":0,"unitIds":[]},"type":"Feature"},{"geometry":{"coordinates":[38.280454,48.034744],"type":"Point"},"id":"wattlas-plant-wikidata-q2032458","properties":{"aliases":["Зуєвська ТЕС"],"canonicalAnchor":"wikidata:Q2032458","canonicalCountryKey":"UA","capacityMw":1245.0,"country":"UA","externalIds":{"osm":"way/182796002","wikidata":"Q2032458","wikipedia":"uk:Зуївська ТЕС"},"geographyId":"UA-14850775B15615817748403","id":"wattlas-plant-wikidata-q2032458","idAliases":["wattlas-plant-osm-way-182796002"],"lifecycleCounts":{"operational":1},"locationPrecision":"exact","name":"Зуєвська ТЕС","operatingCapacityCoverage":{"coveragePercent":100.0,"knownUnitCount":0,"method":"plant_aggregate","provenance":{"evidenceCount":0,"recordIds":["wattlas-record-osm-way-182796002"],"sourceIds":["openstreetmap-power"],"sourceTypes":["community_mapped"],"valueKind":"reported"},"totalUnitCount":0},"operatingCapacityMw":1245.0,"operatingCapacityMwByTechnology":{"coal":1245.0},"plannedCapacityCoverage":{"coveragePercent":0.0,"knownUnitCount":0,"method":"unavailable","totalUnitCount":0},"plannedCapacityMw":0.0,"plannedCapacityMwByTechnology":{},"recordCount":1,"recordIds":["wattlas-record-osm-way-182796002"],"sourceIds":["openstreetmap-power"],"sourceUrl":"https://www.openstreetmap.org/way/182796002","technologies":["coal"],"technologyMixMw":{"coal":1245.0},"unitCount":0,"unitIds":[]},"type":"Feature"},{"geometry":{"coordinates":[24.662431,49.210494],"type":"Point"},"id":"wattlas-plant-wikidata-q2072200","properties":{"aliases":["Бурштинська ТЕС"],"canonicalAnchor":"wikidata:Q2072200","canonicalCountryKey":"UA","capacityMw":2400.0,"country":"UA","externalIds":{"osm":"way/201557694","wikidata":"Q2072200","wikipedia":"uk:Бурштинська ТЕС"},"geographyId":"UA-14850775B19104561075165","id":"wattlas-plant-wikidata-q2072200","idAliases":["wattlas-plant-osm-way-201557694"],"lifecycleCounts":{"operational":1},"locationPrecision":"exact","name":"Бурштинська ТЕС","operatingCapacityCoverage":{"coveragePercent":100.0,"knownUnitCount":0,"method":"plant_aggregate","provenance":{"evidenceCount":0,"recordIds":["wattlas-record-osm-way-201557694"],"sourceIds":["openstreetmap-power"],"sourceTypes":["community_mapped"],"valueKind":"reported"},"totalUnitCount":0},"operatingCapacityMw":2400.0,"operatingCapacityMwByTechnology":{"coal":2400.0},"plannedCapacityCoverage":{"coveragePercent":0.0,"knownUnitCount":0,"method":"unavailable","totalUnitCount":0},"plannedCapacityMw":0.0,"plannedCapacityMwByTechnology":{},"recordCount":1,"recordIds":["wattlas-record-osm-way-201557694"],"sourceIds":["openstreetmap-power"],"sourceUrl":"https://www.openstreetmap.org/way/201557694","technologies":["coal"],"technologyMixMw":{"coal":2400.0},"unitCount":0,"unitIds":[]},"type":"Feature"},{"geometry":{"coordinates":[30.104274,51.389778],"type":"Point"},"id":"wattlas-plant-wikidata-q215419","properties":{"aliases":["Чорнобильська Атомна Електростанція"],"canonicalAnchor":"wikidata:Q215419","canonicalCountryKey":"UA","capacityMw":0.0,"country":"UA","externalIds":{"osm":"way/23652365","wikidata":"Q215419","wikipedia":"uk:Чорнобильська АЕС"},"geographyId":"UA-14850775B37539954297462","id":"wattlas-plant-wikidata-q215419","idAliases":["wattlas-plant-osm-way-23652365"],"lifecycleCounts":{"operational":1},"locationPrecision":"exact","name":"Чорнобильська Атомна Електростанція","operatingCapacityCoverage":{"coveragePercent":0.0,"knownUnitCount":0,"method":"unavailable","totalUnitCount":0},"operatingCapacityMw":0.0,"operatingCapacityMwByTechnology":{},"plannedCapacityCoverage":{"coveragePercent":0.0,"knownUnitCount":0,"method":"unavailable","totalUnitCount":0},"plannedCapacityMw":0.0,"plannedCapacityMwByTechnology":{},"recordCount":1,"recordIds":["wattlas-record-osm-way-23652365"],"sourceIds":["openstreetmap-power"],"sourceUrl":"https://www.openstreetmap.org/way/23652365","technologies":["nuclear"],"technologyMixMw":{"nuclear":0.0},"unitCount":0,"unitIds":[]},"type":"Feature"},{"geometry":{"coordinates":[33.60217,44.553743],"type":"Point"},"id":"wattlas-plant-wikidata-q21644346","properties":{"aliases":["Балаклавская ТЭС"],"canonicalAnchor":"wikidata:Q21644346","canonicalCountryKey":"UA","capacityMw":470.0,"country":"UA","externalIds":{"osm":"way/663246762","wikidata":"Q21644346"},"geographyId":"UA-14850775B70667807354554","id":"wattlas-plant-wikidata-q21644346","idAliases":["wattlas-plant-osm-way-663246762"],"lifecycleCounts":{"operational":1},"locationPrecision":"exact","name":"Балаклавская ТЭС","operatingCapacityCoverage":{"coveragePercent":100.0,"knownUnitCount":0,"method":"plant_aggregate","provenance":{"evidenceCount":0,"recordIds":["wattlas-record-osm-way-663246762"],"sourceIds":["openstreetmap-power"],"sourceTypes":["community_mapped"],"valueKind":"reported"},"totalUnitCount":0},"operatingCapacityMw":470.0,"operatingCapacityMwByTechnology":{"gas":470.0},"plannedCapacityCoverage":{"coveragePercent":0.0,"knownUnitCount":0,"method":"unavailable","totalUnitCount":0},"plannedCapacityMw":0.0,"plannedCapacityMwByTechnology":{},"recordCount":1,"recordIds":["wattlas-record-osm-way-663246762"],"sourceIds":["openstreetmap-power"],"sourceUrl":"https://www.openstreetmap.org/way/663246762","technologies":["gas"],"technologyMixMw":{"gas":470.0},"unitCount":0,"unitIds":[]},"type":"Feature"},{"geometry":{"coordinates":[33.926873,44.957885],"type":"Point"},"id":"wattlas-plant-wikidata-q2328753","properties":{"aliases":["Солнечная ЭС Перово"],"canonicalAnchor":"wikidata:Q2328753","canonicalCountryKey":"UA","capacityMw":105.56,"country":"UA","externalIds":{"osm":"relation/8480646","wikidata":"Q2328753","wikipedia":"ru:Перово (электростанция)"},"geographyId":"UA-14850775B24260608407062","id":"wattlas-plant-wikidata-q2328753","idAliases":["wattlas-plant-osm-relation-8480646"],"lifecycleCounts":{"operational":1},"locationPrecision":"exact","name":"Солнечная ЭС Перово","operatingCapacityCoverage":{"coveragePercent":100.0,"knownUnitCount":0,"method":"plant_aggregate","provenance":{"evidenceCount":0,"recordIds":["wattlas-record-osm-relation-8480646"],"sourceIds":["openstreetmap-power"],"sourceTypes":["community_mapped"],"valueKind":"reported"},"totalUnitCount":0},"operatingCapacityMw":105.56,"operatingCapacityMwByTechnology":{"solar":105.56},"plannedCapacityCoverage":{"coveragePercent":0.0,"knownUnitCount":0,"method":"unavailable","totalUnitCount":0},"plannedCapacityMw":0.0,"plannedCapacityMwByTechnology":{},"recordCount":1,"recordIds":["wattlas-record-osm-relation-8480646"],"sourceIds":["openstreetmap-power"],"sourceUrl":"https://www.openstreetmap.org/relation/8480646","technologies":["solar"],"technologyMixMw":{"solar":105.56},"unitCount":0,"unitIds":[]},"type":"Feature"},{"geometry":{"coordinates":[31.987477,46.950461],"type":"Point"},"id":"wattlas-plant-wikidata-q23769548","properties":{"aliases":["Миколаївська ТЕЦ"],"canonicalAnchor":"wikidata:Q23769548","canonicalCountryKey":"UA","capacityMw":40.0,"country":"UA","externalIds":{"osm":"way/211430378","wikidata":"Q23769548","wikipedia":"uk:Миколаївська ТЕЦ"},"geographyId":"UA-14850775B99856317748721","id":"wattlas-plant-wikidata-q23769548","idAliases":["wattlas-plant-osm-way-211430378"],"lifecycleCounts":{"operational":1},"locationPrecision":"exact","name":"Миколаївська ТЕЦ","operatingCapacityCoverage":{"coveragePercent":100.0,"knownUnitCount":0,"method":"plant_aggregate","provenance":{"evidenceCount":0,"recordIds":["wattlas-record-osm-way-211430378"],"sourceIds":["openstreetmap-power"],"sourceTypes":["community_mapped"],"valueKind":"reported"},"totalUnitCount":0},"operatingCapacityMw":40.0,"operatingCapacityMwByTechnology":{"gas":40.0},"plannedCapacityCoverage":{"coveragePercent":0.0,"knownUnitCount":0,"method":"unavailable","totalUnitCount":0},"plannedCapacityMw":0.0,"plannedCapacityMwByTechnology":{},"recordCount":1,"recordIds":["wattlas-record-osm-way-211430378"],"sourceIds":["openstreetmap-power"],"sourceUrl":"https://www.openstreetmap.org/way/211430378","technologies":["gas"],"technologyMixMw":{"gas":40.0},"unitCount":0,"unitIds":[]},"type":"Feature"},{"geometry":{"coordinates":[36.412307,45.278027],"type":"Point"},"id":"wattlas-plant-wikidata-q24933774","properties":{"aliases":["Камыш-Бурунская ТЭЦ"],"canonicalAnchor":"wikidata:Q24933774","canonicalCountryKey":"UA","capacityMw":30.0,"country":"UA","externalIds":{"osm":"way/244181571","wikidata":"Q24933774"},"geographyId":"UA-14850775B24260608407062","id":"wattlas-plant-wikidata-q24933774","idAliases":["wattlas-plant-osm-way-244181571"],"lifecycleCounts":{"operational":1},"locationPrecision":"exact","name":"Камыш-Бурунская ТЭЦ","operatingCapacityCoverage":{"coveragePercent":100.0,"knownUnitCount":0,"method":"plant_aggregate","provenance":{"evidenceCount":0,"recordIds":["wattlas-record-osm-way-244181571"],"sourceIds":["openstreetmap-power"],"sourceTypes":["community_mapped"],"valueKind":"reported"},"totalUnitCount":0},"operatingCapacityMw":30.0,"operatingCapacityMwByTechnology":{"gas":30.0},"plannedCapacityCoverage":{"coveragePercent":0.0,"knownUnitCount":0,"method":"unavailable","totalUnitCount":0},"plannedCapacityMw":0.0,"plannedCapacityMwByTechnology":{},"recordCount":1,"recordIds":["wattlas-record-osm-way-244181571"],"sourceIds":["openstreetmap-power"],"sourceUrl":"https://www.openstreetmap.org/way/244181571","technologies":["gas"],"technologyMixMw":{"gas":30.0},"unitCount":0,"unitIds":[]},"type":"Feature"},{"geometry":{"coordinates":[36.112947,49.970727],"type":"Point"},"id":"wattlas-plant-wikidata-q2498653","properties":{"aliases":["ТЕЦ-5"],"canonicalAnchor":"wikidata:Q2498653","canonicalCountryKey":"UA","capacityMw":540.0,"country":"UA","externalIds":{"osm":"way/86492178","wikidata":"Q2498653","wikipedia":"uk:Харківська ТЕЦ-5"},"geographyId":"UA-14850775B15913324833724","id":"wattlas-plant-wikidata-q2498653","idAliases":["wattlas-plant-osm-way-86492178"],"lifecycleCounts":{"operational":1},"locationPrecision":"exact","name":"ТЕЦ-5","operatingCapacityCoverage":{"coveragePercent":100.0,"knownUnitCount":0,"method":"plant_aggregate","provenance":{"evidenceCount":0,"recordIds":["wattlas-record-osm-way-86492178"],"sourceIds":["openstreetmap-power"],"sourceTypes":["community_mapped"],"valueKind":"reported"},"totalUnitCount":0},"operatingCapacityMw":540.0,"operatingCapacityMwByTechnology":{"gas":540.0},"plannedCapacityCoverage":{"coveragePercent":0.0,"knownUnitCount":0,"method":"unavailable","totalUnitCount":0},"plannedCapacityMw":0.0,"plannedCapacityMwByTechnology":{},"recordCount":1,"recordIds":["wattlas-record-osm-way-86492178"],"sourceIds":["openstreetmap-power"],"sourceUrl":"https://www.openstreetmap.org/way/86492178","technologies":["gas"],"technologyMixMw":{"gas":540.0},"unitCount":0,"unitIds":[]},"type":"Feature"},{"geometry":{"coordinates":[38.199117,48.466316],"type":"Point"},"id":"wattlas-plant-wikidata-q2566637","properties":{"aliases":["Вуглегірська ТЕС"],"canonicalAnchor":"wikidata:Q2566637","canonicalCountryKey":"UA","capacityMw":1200.0,"country":"UA","externalIds":{"osm":"way/132697290","wikidata":"Q2566637","wikipedia":"uk:Вуглегірська ТЕС"},"geographyId":"UA-14850775B15615817748403","id":"wattlas-plant-wikidata-q2566637","idAliases":["wattlas-plant-osm-way-132697290"],"lifecycleCounts":{"operational":1},"locationPrecision":"exact","name":"Вуглегірська ТЕС","operatingCapacityCoverage":{"coveragePercent":100.0,"knownUnitCount":0,"method":"plant_aggregate","provenance":{"evidenceCount":0,"recordIds":["wattlas-record-osm-way-132697290"],"sourceIds":["openstreetmap-power"],"sourceTypes":["community_mapped"],"valueKind":"reported"},"totalUnitCount":0},"operatingCapacityMw":1200.0,"operatingCapacityMwByTechnology":{"coal":1200.0},"plannedCapacityCoverage":{"coveragePercent":0.0,"knownUnitCount":0,"method":"unavailable","totalUnitCount":0},"plannedCapacityMw":0.0,"plannedCapacityMwByTechnology":{},"recordCount":1,"recordIds":["wattlas-record-osm-way-132697290"],"sourceIds":["openstreetmap-power"],"sourceUrl":"https://www.openstreetmap.org/way/132697290","technologies":["coal"],"technologyMixMw":{"coal":1200.0},"unitCount":0,"unitIds":[]},"type":"Feature"},{"geometry":{"coordinates":[30.396855,49.091373],"type":"Point"},"id":"wattlas-plant-wikidata-q28704269","properties":{"aliases":["Закинута гідроелектростанція"],"canonicalAnchor":"wikidata:Q28704269","canonicalCountryKey":"UA","capacityMw":0.0,"country":"UA","externalIds":{"osm":"way/360746175","wikidata":"Q28704269","wikipedia":"uk:Буцька ГЕС"},"geographyId":"UA-14850775B95678810793770","id":"wattlas-plant-wikidata-q28704269","idAliases":["wattlas-plant-osm-way-360746175"],"lifecycleCounts":{"operational":1},"locationPrecision":"exact","name":"Закинута гідроелектростанція","operatingCapacityCoverage":{"coveragePercent":0.0,"knownUnitCount":0,"method":"unavailable","totalUnitCount":0},"operatingCapacityMw":0.0,"operatingCapacityMwByTechnology":{},"plannedCapacityCoverage":{"coveragePercent":0.0,"knownUnitCount":0,"method":"unavailable","totalUnitCount":0},"plannedCapacityMw":0.0,"plannedCapacityMwByTechnology":{},"recordCount":1,"recordIds":["wattlas-record-osm-way-360746175"],"sourceIds":["openstreetmap-power"],"sourceUrl":"https://www.openstreetmap.org/way/360746175","technologies":["hydro"],"technologyMixMw":{"hydro":0.0},"unitCount":0,"unitIds":[]},"type":"Feature"},{"geometry":{"coordinates":[25.896865,51.325263],"type":"Point"},"id":"wattlas-plant-wikidata-q301915","properties":{"aliases":["Рівненська АЕС"],"canonicalAnchor":"wikidata:Q301915","canonicalCountryKey":"UA","capacityMw":2835.0,"country":"UA","externalIds":{"osm":"way/28878854","wikidata":"Q301915","wikipedia":"uk:Рівненська атомна електростанція"},"geographyId":"UA-14850775B83802928232754","id":"wattlas-plant-wikidata-q301915","idAliases":["wattlas-plant-osm-way-28878854"],"lifecycleCounts":{"operational":1},"locationPrecision":"exact","name":"Рівненська АЕС","operatingCapacityCoverage":{"coveragePercent":100.0,"knownUnitCount":0,"method":"plant_aggregate","provenance":{"evidenceCount":0,"recordIds":["wattlas-record-osm-way-28878854"],"sourceIds":["openstreetmap-power"],"sourceTypes":["community_mapped"],"valueKind":"reported"},"totalUnitCount":0},"operatingCapacityMw":2835.0,"operatingCapacityMwByTechnology":{"nuclear":2835.0},"plannedCapacityCoverage":{"coveragePercent":0.0,"knownUnitCount":0,"method":"unavailable","totalUnitCount":0},"plannedCapacityMw":0.0,"plannedCapacityMwByTechnology":{},"recordCount":1,"recordIds":["wattlas-record-osm-way-28878854"],"sourceIds":["openstreetmap-power"],"sourceUrl":"https://www.openstreetmap.org/way/28878854","technologies":["nuclear"],"technologyMixMw":{"nuclear":2835.0},"unitCount":0,"unitIds":[]},"type":"Feature"},{"geometry":{"coordinates":[34.625022,47.507649],"type":"Point"},"id":"wattlas-plant-wikidata-q3365756","properties":{"aliases":["Запорізька ТЕС"],"canonicalAnchor":"wikidata:Q3365756","canonicalCountryKey":"UA","capacityMw":3650.0,"country":"UA","externalIds":{"osm":"way/28877239","wikidata":"Q3365756","wikipedia":"uk:Запорізька ТЕС"},"geographyId":"UA-14850775B92888097715572","id":"wattlas-plant-wikidata-q3365756","idAliases":["wattlas-plant-osm-way-28877239"],"lifecycleCounts":{"operational":1},"locationPrecision":"exact","name":"Запорізька ТЕС","operatingCapacityCoverage":{"coveragePercent":100.0,"knownUnitCount":0,"method":"plant_aggregate","provenance":{"evidenceCount":0,"recordIds":["wattlas-record-osm-way-28877239"],"sourceIds":["openstreetmap-power"],"sourceTypes":["community_mapped"],"valueKind":"reported"},"totalUnitCount":0},"operatingCapacityMw":3650.0,"operatingCapacityMwByTechnology":{"gas":3650.0},"plannedCapacityCoverage":{"coveragePercent":0.0,"knownUnitCount":0,"method":"unavailable","totalUnitCount":0},"plannedCapacityMw":0.0,"plannedCapacityMwByTechnology":{},"recordCount":1,"recordIds":["wattlas-record-osm-way-28877239"],"sourceIds":["openstreetmap-power"],"sourceUrl":"https://www.openstreetmap.org/way/28877239","technologies":["gas"],"technologyMixMw":{"gas":3650.0},"unitCount":0,"unitIds":[]},"type":"Feature"},{"geometry":{"coordinates":[33.365521,46.780556],"type":"Point"},"id":"wattlas-plant-wikidata-q3379049","properties":{"aliases":["колишня Каховська ГЕС імені П. С. Непорожнього"],"canonicalAnchor":"wikidata:Q3379049","canonicalCountryKey":"UA","capacityMw":351.0,"country":"UA","externalIds":{"osm":"relation/7317657","wikidata":"Q3379049","wikipedia":"uk:Каховська ГЕС"},"geographyId":"UA-14850775B65901307765467","id":"wattlas-plant-wikidata-q3379049","idAliases":["wattlas-plant-osm-relation-7317657"],"lifecycleCounts":{"operational":1},"locationPrecision":"exact","name":"колишня Каховська ГЕС імені П. С. Непорожнього","operatingCapacityCoverage":{"coveragePercent":100.0,"knownUnitCount":0,"method":"plant_aggregate","provenance":{"evidenceCount":0,"recordIds":["wattlas-record-osm-relation-7317657"],"sourceIds":["openstreetmap-power"],"sourceTypes":["community_mapped"],"valueKind":"reported"},"totalUnitCount":0},"operatingCapacityMw":351.0,"operatingCapacityMwByTechnology":{"hydro":351.0},"plannedCapacityCoverage":{"coveragePercent":0.0,"knownUnitCount":0,"method":"unavailable","totalUnitCount":0},"plannedCapacityMw":0.0,"plannedCapacityMwByTechnology":{},"recordCount":1,"recordIds":["wattlas-record-osm-relation-7317657"],"sourceIds":["openstreetmap-power"],"sourceUrl":"https://www.openstreetmap.org/relation/7317657","technologies":["hydro"],"technologyMixMw":{"hydro":351.0},"unitCount":0,"unitIds":[]},"type":"Feature"},{"geometry":{"coordinates":[33.250628,49.077475],"type":"Point"},"id":"wattlas-plant-wikidata-q3379438","properties":{"aliases":["Кременчуцька ГЕС"],"canonicalAnchor":"wikidata:Q3379438","canonicalCountryKey":"UA","capacityMw":686.4,"country":"UA","externalIds":{"osm":"way/259242291","wikidata":"Q3379438","wikipedia":"uk:Кременчуцька ГЕС"},"geographyId":"UA-14850775B64193679462794","id":"wattlas-plant-wikidata-q3379438","idAliases":["wattlas-plant-osm-way-259242291"],"lifecycleCounts":{"operational":1},"locationPrecision":"exact","name":"Кременчуцька ГЕС","operatingCapacityCoverage":{"coveragePercent":100.0,"knownUnitCount":0,"method":"plant_aggregate","provenance":{"evidenceCount":0,"recordIds":["wattlas-record-osm-way-259242291"],"sourceIds":["openstreetmap-power"],"sourceTypes":["community_mapped"],"valueKind":"reported"},"totalUnitCount":0},"operatingCapacityMw":686.4,"operatingCapacityMwByTechnology":{"hydro":686.4},"plannedCapacityCoverage":{"coveragePercent":0.0,"knownUnitCount":0,"method":"unavailable","totalUnitCount":0},"plannedCapacityMw":0.0,"plannedCapacityMwByTechnology":{},"recordCount":1,"recordIds":["wattlas-record-osm-way-259242291"],"sourceIds":["openstreetmap-power"],"sourceUrl":"https://www.openstreetmap.org/way/259242291","technologies":["hydro"],"technologyMixMw":{"hydro":686.4},"unitCount":0,"unitIds":[]},"type":"Feature"},{"geometry":{"coordinates":[34.541315,48.548629],"type":"Point"},"id":"wattlas-plant-wikidata-q3379468","properties":{"aliases":["Середньодніпровська ГЕС"],"canonicalAnchor":"wikidata:Q3379468","canonicalCountryKey":"UA","capacityMw":352.0,"country":"UA","externalIds":{"osm":"way/150158208","wikidata":"Q3379468","wikipedia":"uk:Середньодніпровська ГЕС"},"geographyId":"UA-14850775B41808765507575","id":"wattlas-plant-wikidata-q3379468","idAliases":["wattlas-plant-osm-way-150158208"],"lifecycleCounts":{"operational":1},"locationPrecision":"exact","name":"Середньодніпровська ГЕС","operatingCapacityCoverage":{"coveragePercent":100.0,"knownUnitCount":0,"method":"plant_aggregate","provenance":{"evidenceCount":0,"recordIds":["wattlas-record-osm-way-150158208"],"sourceIds":["openstreetmap-power"],"sourceTypes":["community_mapped"],"valueKind":"reported"},"totalUnitCount":0},"operatingCapacityMw":352.0,"operatingCapacityMwByTechnology":{"hydro":352.0},"plannedCapacityCoverage":{"coveragePercent":0.0,"knownUnitCount":0,"method":"unavailable","totalUnitCount":0},"plannedCapacityMw":0.0,"plannedCapacityMwByTechnology":{},"recordCount":1,"recordIds":["wattlas-record-osm-way-150158208"],"sourceIds":["openstreetmap-power"],"sourceUrl":"https://www.openstreetmap.org/way/150158208","technologies":["hydro"],"technologyMixMw":{"hydro":352.0},"unitCount":0,"unitIds":[]},"type":"Feature"},{"geometry":{"coordinates":[38.007835,47.804703],"type":"Point"},"id":"wattlas-plant-wikidata-q3443445","properties":{"aliases":["Старобешівська ТЕС"],"canonicalAnchor":"wikidata:Q3443445","canonicalCountryKey":"UA","capacityMw":2010.0,"country":"UA","externalIds":{"osm":"way/304278986","wikidata":"Q3443445","wikipedia":"uk:Старобешівська ТЕС"},"geographyId":"UA-14850775B15615817748403","id":"wattlas-plant-wikidata-q3443445","idAliases":["wattlas-plant-osm-way-304278986"],"lifecycleCounts":{"operational":1},"locationPrecision":"exact","name":"Старобешівська ТЕС","operatingCapacityCoverage":{"coveragePercent":100.0,"knownUnitCount":0,"method":"plant_aggregate","provenance":{"evidenceCount":0,"recordIds":["wattlas-record-osm-way-304278986"],"sourceIds":["openstreetmap-power"],"sourceTypes":["community_mapped"],"valueKind":"reported"},"totalUnitCount":0},"operatingCapacityMw":2010.0,"operatingCapacityMwByTechnology":{"gas":2010.0},"plannedCapacityCoverage":{"coveragePercent":0.0,"knownUnitCount":0,"method":"unavailable","totalUnitCount":0},"plannedCapacityMw":0.0,"plannedCapacityMwByTechnology":{},"recordCount":1,"recordIds":["wattlas-record-osm-way-304278986"],"sourceIds":["openstreetmap-power"],"sourceUrl":"https://www.openstreetmap.org/way/304278986","technologies":["gas"],"technologyMixMw":{"gas":2010.0},"unitCount":0,"unitIds":[]},"type":"Feature"},{"geometry":{"coordinates":[35.111029,48.406064],"type":"Point"},"id":"wattlas-plant-wikidata-q3443743","properties":{"aliases":["Придніпровська ТЕС"],"canonicalAnchor":"wikidata:Q3443743","canonicalCountryKey":"UA","capacityMw":1765.0,"country":"UA","externalIds":{"osm":"relation/5342588","wikidata":"Q3443743","wikipedia":"uk:Придніпровська ТЕС"},"geographyId":"UA-14850775B41808765507575","id":"wattlas-plant-wikidata-q3443743","idAliases":["wattlas-plant-osm-relation-5342588"],"lifecycleCounts":{"operational":1},"locationPrecision":"exact","name":"Придніпровська ТЕС","operatingCapacityCoverage":{"coveragePercent":100.0,"knownUnitCount":0,"method":"plant_aggregate","provenance":{"evidenceCount":0,"recordIds":["wattlas-record-osm-relation-5342588"],"sourceIds":["openstreetmap-power"],"sourceTypes":["community_mapped"],"valueKind":"reported"},"totalUnitCount":0},"operatingCapacityMw":1765.0,"operatingCapacityMwByTechnology":{"coal":1765.0},"plannedCapacityCoverage":{"coveragePercent":0.0,"knownUnitCount":0,"method":"unavailable","totalUnitCount":0},"plannedCapacityMw":0.0,"plannedCapacityMwByTechnology":{},"recordCount":1,"recordIds":["wattlas-record-osm-relation-5342588"],"sourceIds":["openstreetmap-power"],"sourceUrl":"https://www.openstreetmap.org/relation/5342588","technologies":["coal"],"technologyMixMw":{"coal":1765.0},"unitCount":0,"unitIds":[]},"type":"Feature"},{"geometry":{"coordinates":[36.527866,49.585876],"type":"Point"},"id":"wattlas-plant-wikidata-q3443751","properties":{"aliases":["Зміївська ТЕС"],"canonicalAnchor":"wikidata:Q3443751","canonicalCountryKey":"UA","capacityMw":2200.0,"country":"UA","externalIds":{"osm":"way/272744229","wikidata":"Q3443751","wikipedia":"uk:Зміївська ТЕС"},"geographyId":"UA-14850775B15913324833724","id":"wattlas-plant-wikidata-q3443751","idAliases":["wattlas-plant-osm-way-272744229"],"lifecycleCounts":{"operational":1},"locationPrecision":"exact","name":"Зміївська ТЕС","operatingCapacityCoverage":{"coveragePercent":100.0,"knownUnitCount":0,"method":"plant_aggregate","provenance":{"evidenceCount":0,"recordIds":["wattlas-record-osm-way-272744229"],"sourceIds":["openstreetmap-power"],"sourceTypes":["community_mapped"],"valueKind":"reported"},"totalUnitCount":0},"operatingCapacityMw":2200.0,"operatingCapacityMwByTechnology":{"coal":2200.0},"plannedCapacityCoverage":{"coveragePercent":0.0,"knownUnitCount":0,"method":"unavailable","totalUnitCount":0},"plannedCapacityMw":0.0,"plannedCapacityMwByTechnology":{},"recordCount":1,"recordIds":["wattlas-record-osm-way-272744229"],"sourceIds":["openstreetmap-power"],"sourceUrl":"https://www.openstreetmap.org/way/272744229","technologies":["coal"],"technologyMixMw":{"coal":2200.0},"unitCount":0,"unitIds":[]},"type":"Feature"},{"geometry":{"coordinates":[39.265668,48.754217],"type":"Point"},"id":"wattlas-plant-wikidata-q3443758","properties":{"aliases":["Луганська теплова електростанція"],"canonicalAnchor":"wikidata:Q3443758","canonicalCountryKey":"UA","capacityMw":1220.0,"country":"UA","externalIds":{"osm":"relation/3828051","wikidata":"Q3443758","wikipedia":"uk:Луганська ТЕС"},"geographyId":"UA-14850775B31033086218351","id":"wattlas-plant-wikidata-q3443758","idAliases":["wattlas-plant-osm-relation-3828051"],"lifecycleCounts":{"operational":1},"locationPrecision":"exact","name":"Луганська теплова електростанція","operatingCapacityCoverage":{"coveragePercent":100.0,"knownUnitCount":0,"method":"plant_aggregate","provenance":{"evidenceCount":0,"recordIds":["wattlas-record-osm-relation-3828051"],"sourceIds":["openstreetmap-power"],"sourceTypes":["community_mapped"],"valueKind":"reported"},"totalUnitCount":0},"operatingCapacityMw":1220.0,"operatingCapacityMwByTechnology":{"coal":1220.0},"plannedCapacityCoverage":{"coveragePercent":0.0,"knownUnitCount":0,"method":"unavailable","totalUnitCount":0},"plannedCapacityMw":0.0,"plannedCapacityMwByTechnology":{},"recordCount":1,"recordIds":["wattlas-record-osm-relation-3828051"],"sourceIds":["openstreetmap-power"],"sourceUrl":"https://www.openstreetmap.org/relation/3828051","technologies":["coal"],"technologyMixMw":{"coal":1220.0},"unitCount":0,"unitIds":[]},"type":"Feature"},{"geometry":{"coordinates":[37.764752,48.872255],"type":"Point"},"id":"wattlas-plant-wikidata-q3443767","properties":{"aliases":["Слов'янська ТЕС"],"canonicalAnchor":"wikidata:Q3443767","canonicalCountryKey":"UA","capacityMw":880.0,"country":"UA","externalIds":{"osm":"way/164920951","wikidata":"Q3443767","wikipedia":"uk:Слов'янська ТЕС"},"geographyId":"UA-14850775B15615817748403","id":"wattlas-plant-wikidata-q3443767","idAliases":["wattlas-plant-osm-way-164920951"],"lifecycleCounts":{"operational":1},"locationPrecision":"exact","name":"Слов'янська ТЕС","operatingCapacityCoverage":{"coveragePercent":100.0,"knownUnitCount":0,"method":"plant_aggregate","provenance":{"evidenceCount":0,"recordIds":["wattlas-record-osm-way-164920951"],"sourceIds":["openstreetmap-power"],"sourceTypes":["community_mapped"],"valueKind":"reported"},"totalUnitCount":0},"operatingCapacityMw":880.0,"operatingCapacityMwByTechnology":{"coal":880.0},"plannedCapacityCoverage":{"coveragePercent":0.0,"knownUnitCount":0,"method":"unavailable","totalUnitCount":0},"plannedCapacityMw":0.0,"plannedCapacityMwByTechnology":{},"recordCount":1,"recordIds":["wattlas-record-osm-way-164920951"],"sourceIds":["openstreetmap-power"],"sourceUrl":"https://www.openstreetmap.org/way/164920951","technologies":["coal"],"technologyMixMw":{"coal":880.0},"unitCount":0,"unitIds":[]},"type":"Feature"},{"geometry":{"coordinates":[30.512346,50.588442],"type":"Point"},"id":"wattlas-plant-wikidata-q3443779-22f8f0527f","properties":{"aliases":["Київська ГЕС"],"canonicalAnchor":"wikidata:Q3443779","canonicalCountryKey":"UA","capacityMw":440.0,"country":"UA","externalIds":{"osm":"way/130697711","wikidata":"Q3443779","wikipedia":"uk:Київська ГЕС"},"geographyId":"UA-14850775B37539954297462","id":"wattlas-plant-wikidata-q3443779-22f8f0527f","idAliases":["wattlas-plant-osm-way-130697711","wattlas-plant-wikidata-q3443779"],"lifecycleCounts":{"operational":1},"locationPrecision":"exact","name":"Київська ГЕС","operatingCapacityCoverage":{"coveragePercent":100.0,"knownUnitCount":0,"method":"plant_aggregate","provenance":{"evidenceCount":0,"recordIds":["wattlas-record-osm-way-130697711"],"sourceIds":["openstreetmap-power"],"sourceTypes":["community_mapped"],"valueKind":"reported"},"totalUnitCount":0},"operatingCapacityMw":440.0,"operatingCapacityMwByTechnology":{"hydro":440.0},"plannedCapacityCoverage":{"coveragePercent":0.0,"knownUnitCount":0,"method":"unavailable","totalUnitCount":0},"plannedCapacityMw":0.0,"plannedCapacityMwByTechnology":{},"recordCount":1,"recordIds":["wattlas-record-osm-way-130697711"],"sourceIds":["openstreetmap-power"],"sourceUrl":"https://www.openstreetmap.org/way/130697711","technologies":["hydro"],"technologyMixMw":{"hydro":440.0},"unitCount":0,"unitIds":[]},"type":"Feature"},{"geometry":{"coordinates":[30.510897,50.587654],"type":"Point"},"id":"wattlas-plant-wikidata-q3443779-9b6ecc8026","properties":{"aliases":["Київська ГЕС"],"canonicalAnchor":"wikidata:Q3443779","canonicalCountryKey":"UA","capacityMw":408.0,"country":"UA","externalIds":{"osm":"way/246964776","wikidata":"Q3443779","wikipedia":"uk:Київська ГЕС"},"geographyId":"UA-14850775B37539954297462","id":"wattlas-plant-wikidata-q3443779-9b6ecc8026","idAliases":["wattlas-plant-osm-way-246964776"],"lifecycleCounts":{"operational":1},"locationPrecision":"exact","name":"Київська ГЕС","operatingCapacityCoverage":{"coveragePercent":100.0,"knownUnitCount":0,"method":"plant_aggregate","provenance":{"evidenceCount":0,"recordIds":["wattlas-record-osm-way-246964776"],"sourceIds":["openstreetmap-power"],"sourceTypes":["community_mapped"],"valueKind":"reported"},"totalUnitCount":0},"operatingCapacityMw":408.0,"operatingCapacityMwByTechnology":{"hydro":408.0},"plannedCapacityCoverage":{"coveragePercent":0.0,"knownUnitCount":0,"method":"unavailable","totalUnitCount":0},"plannedCapacityMw":0.0,"plannedCapacityMwByTechnology":{},"recordCount":1,"recordIds":["wattlas-record-osm-way-246964776"],"sourceIds":["openstreetmap-power"],"sourceUrl":"https://www.openstreetmap.org/way/246964776","technologies":["hydro"],"technologyMixMw":{"hydro":408.0},"unitCount":0,"unitIds":[]},"type":"Feature"},{"geometry":{"coordinates":[27.570964,48.48711],"type":"Point"},"id":"wattlas-plant-wikidata-q4163276","properties":{"aliases":["Дністровська гідроелектротанція Nº2 (ГЕС-2) / Centrala Hidro-Electrică de pe Nistru nr.2 (CHE-2)"],"canonicalAnchor":"wikidata:Q4163276","canonicalCountryKey":"UA","capacityMw":40.8,"country":"UA","externalIds":{"osm":"way/90163313","wikidata":"Q4163276","wikipedia":"uk:Дністровська ГЕС-2"},"geographyId":"UA-14850775B93300237551625","id":"wattlas-plant-wikidata-q4163276","idAliases":["wattlas-plant-osm-way-90163313"],"lifecycleCounts":{"operational":1},"locationPrecision":"exact","name":"Дністровська гідроелектротанція Nº2 (ГЕС-2) / Centrala Hidro-Electrică de pe Nistru nr.2 (CHE-2)","operatingCapacityCoverage":{"coveragePercent":100.0,"knownUnitCount":0,"method":"plant_aggregate","provenance":{"evidenceCount":0,"recordIds":["wattlas-record-osm-way-90163313"],"sourceIds":["openstreetmap-power"],"sourceTypes":["community_mapped"],"valueKind":"reported"},"totalUnitCount":0},"operatingCapacityMw":40.8,"operatingCapacityMwByTechnology":{"hydro":40.8},"plannedCapacityCoverage":{"coveragePercent":0.0,"knownUnitCount":0,"method":"unavailable","totalUnitCount":0},"plannedCapacityMw":0.0,"plannedCapacityMwByTechnology":{},"recordCount":1,"recordIds":["wattlas-record-osm-way-90163313"],"sourceIds":["openstreetmap-power"],"sourceUrl":"https://www.openstreetmap.org/way/90163313","technologies":["hydro"],"technologyMixMw":{"hydro":40.8},"unitCount":0,"unitIds":[]},"type":"Feature"},{"geometry":{"coordinates":[38.257467,48.017923],"type":"Point"},"id":"wattlas-plant-wikidata-q4194634","properties":{"aliases":["Зуївська експериментальна ТЕЦ"],"canonicalAnchor":"wikidata:Q4194634","canonicalCountryKey":"UA","capacityMw":12.0,"country":"UA","externalIds":{"osm":"way/410179973","wikidata":"Q4194634","wikipedia":"uk:Зуївська експериментальна ТЕЦ"},"geographyId":"UA-14850775B15615817748403","id":"wattlas-plant-wikidata-q4194634","idAliases":["wattlas-plant-osm-way-410179973"],"lifecycleCounts":{"operational":1},"locationPrecision":"exact","name":"Зуївська експериментальна ТЕЦ","operatingCapacityCoverage":{"coveragePercent":100.0,"knownUnitCount":0,"method":"plant_aggregate","provenance":{"evidenceCount":0,"recordIds":["wattlas-record-osm-way-410179973"],"sourceIds":["openstreetmap-power"],"sourceTypes":["community_mapped"],"valueKind":"reported"},"totalUnitCount":0},"operatingCapacityMw":12.0,"operatingCapacityMwByTechnology":{"gas":12.0},"plannedCapacityCoverage":{"coveragePercent":0.0,"knownUnitCount":0,"method":"unavailable","totalUnitCount":0},"plannedCapacityMw":0.0,"plannedCapacityMwByTechnology":{},"recordCount":1,"recordIds":["wattlas-record-osm-way-410179973"],"sourceIds":["openstreetmap-power"],"sourceUrl":"https://www.openstreetmap.org/way/410179973","technologies":["gas"],"technologyMixMw":{"gas":12.0},"unitCount":0,"unitIds":[]},"type":"Feature"},{"geometry":{"coordinates":[25.853536,48.669411],"type":"Point"},"id":"wattlas-plant-wikidata-q4216708","properties":{"aliases":["Касперівська ГЕС"],"canonicalAnchor":"wikidata:Q4216708","canonicalCountryKey":"UA","capacityMw":7.5,"country":"UA","externalIds":{"osm":"way/447121048","wikidata":"Q4216708","wikipedia":"uk:Касперівська ГЕС"},"geographyId":"UA-14850775B81694531118507","id":"wattlas-plant-wikidata-q4216708","idAliases":["wattlas-plant-osm-way-447121048"],"lifecycleCounts":{"operational":1},"locationPrecision":"exact","name":"Касперівська ГЕС","operatingCapacityCoverage":{"coveragePercent":100.0,"knownUnitCount":0,"method":"plant_aggregate","provenance":{"evidenceCount":0,"recordIds":["wattlas-record-osm-way-447121048"],"sourceIds":["openstreetmap-power"],"sourceTypes":["community_mapped"],"valueKind":"reported"},"totalUnitCount":0},"operatingCapacityMw":7.5,"operatingCapacityMwByTechnology":{"hydro":7.5},"plannedCapacityCoverage":{"coveragePercent":0.0,"knownUnitCount":0,"method":"unavailable","totalUnitCount":0},"plannedCapacityMw":0.0,"plannedCapacityMwByTechnology":{},"recordCount":1,"recordIds":["wattlas-record-osm-way-447121048"],"sourceIds":["openstreetmap-power"],"sourceUrl":"https://www.openstreetmap.org/way/447121048","technologies":["hydro"],"technologyMixMw":{"hydro":7.5},"unitCount":0,"unitIds":[]},"type":"Feature"},{"geometry":{"coordinates":[30.487678,50.61006],"type":"Point"},"id":"wattlas-plant-wikidata-q4220145","properties":{"aliases":["Київська ГАЕС"],"canonicalAnchor":"wikidata:Q4220145","canonicalCountryKey":"UA","capacityMw":0.0,"country":"UA","externalIds":{"osm":"relation/6680280","wikidata":"Q4220145","wikipedia":"uk:Київська ГАЕС"},"geographyId":"UA-14850775B37539954297462","id":"wattlas-plant-wikidata-q4220145","idAliases":["wattlas-plant-osm-relation-6680280"],"lifecycleCounts":{"operational":1},"locationPrecision":"exact","name":"Київська ГАЕС","operatingCapacityCoverage":{"coveragePercent":0.0,"knownUnitCount":0,"method":"unavailable","totalUnitCount":0},"operatingCapacityMw":0.0,"operatingCapacityMwByTechnology":{},"plannedCapacityCoverage":{"coveragePercent":0.0,"knownUnitCount":0,"method":"unavailable","totalUnitCount":0},"plannedCapacityMw":0.0,"plannedCapacityMwByTechnology":{},"recordCount":1,"recordIds":["wattlas-record-osm-relation-6680280"],"sourceIds":["openstreetmap-power"],"sourceUrl":"https://www.openstreetmap.org/relation/6680280","technologies":["hydro"],"technologyMixMw":{"hydro":0.0},"unitCount":0,"unitIds":[]},"type":"Feature"},{"geometry":{"coordinates":[37.239052,47.994634],"type":"Point"},"id":"wattlas-plant-wikidata-q4247823","properties":{"aliases":["Курахівська ТЕС"],"canonicalAnchor":"wikidata:Q4247823","canonicalCountryKey":"UA","capacityMw":1527.0,"country":"UA","externalIds":{"osm":"way/281269420","wikidata":"Q4247823","wikipedia":"uk:Курахівська ТЕС"},"geographyId":"UA-14850775B15615817748403","id":"wattlas-plant-wikidata-q4247823","idAliases":["wattlas-plant-osm-way-281269420"],"lifecycleCounts":{"operational":1},"locationPrecision":"exact","name":"Курахівська ТЕС","operatingCapacityCoverage":{"coveragePercent":100.0,"knownUnitCount":0,"method":"plant_aggregate","provenance":{"evidenceCount":0,"recordIds":["wattlas-record-osm-way-281269420"],"sourceIds":["openstreetmap-power"],"sourceTypes":["community_mapped"],"valueKind":"reported"},"totalUnitCount":0},"operatingCapacityMw":1527.0,"operatingCapacityMwByTechnology":{"coal":1527.0},"plannedCapacityCoverage":{"coveragePercent":0.0,"knownUnitCount":0,"method":"unavailable","totalUnitCount":0},"plannedCapacityMw":0.0,"plannedCapacityMwByTechnology":{},"recordCount":1,"recordIds":["wattlas-record-osm-way-281269420"],"sourceIds":["openstreetmap-power"],"sourceUrl":"https://www.openstreetmap.org/way/281269420","technologies":["coal"],"technologyMixMw":{"coal":1527.0},"unitCount":0,"unitIds":[]},"type":"Feature"},{"geometry":{"coordinates":[29.235697,48.703895],"type":"Point"},"id":"wattlas-plant-wikidata-q4252689","properties":{"aliases":["Ладижинська ГЕС"],"canonicalAnchor":"wikidata:Q4252689","canonicalCountryKey":"UA","capacityMw":7.5,"country":"UA","externalIds":{"osm":"way/863913634","wikidata":"Q4252689","wikipedia":"uk:Ладижинська ГЕС"},"geographyId":"UA-14850775B93300237551625","id":"wattlas-plant-wikidata-q4252689","idAliases":["wattlas-plant-osm-way-863913634"],"lifecycleCounts":{"operational":1},"locationPrecision":"exact","name":"Ладижинська ГЕС","operatingCapacityCoverage":{"coveragePercent":100.0,"knownUnitCount":0,"method":"plant_aggregate","provenance":{"evidenceCount":0,"recordIds":["wattlas-record-osm-way-863913634"],"sourceIds":["openstreetmap-power"],"sourceTypes":["community_mapped"],"valueKind":"reported"},"totalUnitCount":0},"operatingCapacityMw":7.5,"operatingCapacityMwByTechnology":{"hydro":7.5},"plannedCapacityCoverage":{"coveragePercent":0.0,"knownUnitCount":0,"method":"unavailable","totalUnitCount":0},"plannedCapacityMw":0.0,"plannedCapacityMwByTechnology":{},"recordCount":1,"recordIds":["wattlas-record-osm-way-863913634"],"sourceIds":["openstreetmap-power"],"sourceUrl":"https://www.openstreetmap.org/way/863913634","technologies":["hydro"],"technologyMixMw":{"hydro":7.5},"unitCount":0,"unitIds":[]},"type":"Feature"},{"geometry":{"coordinates":[38.287357,48.481474],"type":"Point"},"id":"wattlas-plant-wikidata-q4296146","properties":{"aliases":["Миронівська ТЕС"],"canonicalAnchor":"wikidata:Q4296146","canonicalCountryKey":"UA","capacityMw":115.0,"country":"UA","externalIds":{"osm":"relation/20704388","wikidata":"Q4296146","wikipedia":"uk:Миронівська ТЕС"},"geographyId":"UA-14850775B15615817748403","id":"wattlas-plant-wikidata-q4296146","idAliases":["wattlas-plant-osm-relation-20704388"],"lifecycleCounts":{"operational":1},"locationPrecision":"exact","name":"Миронівська ТЕС","operatingCapacityCoverage":{"coveragePercent":100.0,"knownUnitCount":0,"method":"plant_aggregate","provenance":{"evidenceCount":0,"recordIds":["wattlas-record-osm-relation-20704388"],"sourceIds":["openstreetmap-power"],"sourceTypes":["community_mapped"],"valueKind":"reported"},"totalUnitCount":0},"operatingCapacityMw":115.0,"operatingCapacityMwByTechnology":{"coal":115.0},"plannedCapacityCoverage":{"coveragePercent":0.0,"knownUnitCount":0,"method":"unavailable","totalUnitCount":0},"plannedCapacityMw":0.0,"plannedCapacityMwByTechnology":{},"recordCount":1,"recordIds":["wattlas-record-osm-relation-20704388"],"sourceIds":["openstreetmap-power"],"sourceUrl":"https://www.openstreetmap.org/relation/20704388","technologies":["coal"],"technologyMixMw":{"coal":115.0},"unitCount":0,"unitIds":[]},"type":"Feature"},{"geometry":{"coordinates":[37.921589,47.137213],"type":"Point"},"id":"wattlas-plant-wikidata-q4322999","properties":{"aliases":["Новоазовський вітропарк"],"canonicalAnchor":"wikidata:Q4322999","canonicalCountryKey":"UA","capacityMw":79.3,"country":"UA","externalIds":{"osm":"way/300586038","wikidata":"Q4322999","wikipedia":"uk:Новоазовська ВЕС"},"geographyId":"UA-14850775B15615817748403","id":"wattlas-plant-wikidata-q4322999","idAliases":["wattlas-plant-osm-way-300586038"],"lifecycleCounts":{"operational":1},"locationPrecision":"exact","name":"Новоазовський вітропарк","operatingCapacityCoverage":{"coveragePercent":100.0,"knownUnitCount":0,"method":"plant_aggregate","provenance":{"evidenceCount":0,"recordIds":["wattlas-record-osm-way-300586038"],"sourceIds":["openstreetmap-power"],"sourceTypes":["community_mapped"],"valueKind":"reported"},"totalUnitCount":0},"operatingCapacityMw":79.3,"operatingCapacityMwByTechnology":{"wind":79.3},"plannedCapacityCoverage":{"coveragePercent":0.0,"knownUnitCount":0,"method":"unavailable","totalUnitCount":0},"plannedCapacityMw":0.0,"plannedCapacityMwByTechnology":{},"recordCount":1,"recordIds":["wattlas-record-osm-way-300586038"],"sourceIds":["openstreetmap-power"],"sourceUrl":"https://www.openstreetmap.org/way/300586038","technologies":["wind"],"technologyMixMw":{"wind":79.3},"unitCount":0,"unitIds":[]},"type":"Feature"},{"geometry":{"coordinates":[33.931142,45.038061],"type":"Point"},"id":"wattlas-plant-wikidata-q4395941","properties":{"aliases":["СЭС Родниковое"],"canonicalAnchor":"wikidata:Q4395941","canonicalCountryKey":"UA","capacityMw":7.5,"country":"UA","externalIds":{"osm":"way/130845121","wikidata":"Q4395941","wikipedia":"ru:Родниковое (электростанция)"},"geographyId":"UA-14850775B24260608407062","id":"wattlas-plant-wikidata-q4395941","idAliases":["wattlas-plant-osm-way-130845121"],"lifecycleCounts":{"operational":1},"locationPrecision":"exact","name":"СЭС Родниковое","operatingCapacityCoverage":{"coveragePercent":100.0,"knownUnitCount":0,"method":"plant_aggregate","provenance":{"evidenceCount":0,"recordIds":["wattlas-record-osm-way-130845121"],"sourceIds":["openstreetmap-power"],"sourceTypes":["community_mapped"],"valueKind":"reported"},"totalUnitCount":0},"operatingCapacityMw":7.5,"operatingCapacityMwByTechnology":{"solar":7.5},"plannedCapacityCoverage":{"coveragePercent":0.0,"knownUnitCount":0,"method":"unavailable","totalUnitCount":0},"plannedCapacityMw":0.0,"plannedCapacityMwByTechnology":{},"recordCount":1,"recordIds":["wattlas-record-osm-way-130845121"],"sourceIds":["openstreetmap-power"],"sourceUrl":"https://www.openstreetmap.org/way/130845121","technologies":["solar"],"technologyMixMw":{"solar":7.5},"unitCount":0,"unitIds":[]},"type":"Feature"},{"geometry":{"coordinates":[38.456276,48.935879],"type":"Point"},"id":"wattlas-plant-wikidata-q4412574","properties":{"aliases":["Сєвєродонецька ТЕЦ"],"canonicalAnchor":"wikidata:Q4412574","canonicalCountryKey":"UA","capacityMw":260.0,"country":"UA","externalIds":{"osm":"way/409447800","wikidata":"Q4412574","wikipedia":"uk:Сєвєродонецька ТЕЦ"},"geographyId":"UA-14850775B31033086218351","id":"wattlas-plant-wikidata-q4412574","idAliases":["wattlas-plant-osm-way-409447800"],"lifecycleCounts":{"operational":1},"locationPrecision":"exact","name":"Сєвєродонецька ТЕЦ","operatingCapacityCoverage":{"coveragePercent":100.0,"knownUnitCount":0,"method":"plant_aggregate","provenance":{"evidenceCount":0,"recordIds":["wattlas-record-osm-way-409447800"],"sourceIds":["openstreetmap-power"],"sourceTypes":["community_mapped"],"valueKind":"reported"},"totalUnitCount":0},"operatingCapacityMw":260.0,"operatingCapacityMwByTechnology":{"gas":260.0},"plannedCapacityCoverage":{"coveragePercent":0.0,"knownUnitCount":0,"method":"unavailable","totalUnitCount":0},"plannedCapacityMw":0.0,"plannedCapacityMwByTechnology":{},"recordCount":1,"recordIds":["wattlas-record-osm-way-409447800"],"sourceIds":["openstreetmap-power"],"sourceUrl":"https://www.openstreetmap.org/way/409447800","technologies":["gas"],"technologyMixMw":{"gas":260.0},"unitCount":0,"unitIds":[]},"type":"Feature"},{"geometry":{"coordinates":[32.768946,45.424635],"type":"Point"},"id":"wattlas-plant-wikidata-q4452226","properties":{"aliases":["Тарханкутская ВЭС"],"canonicalAnchor":"wikidata:Q4452226","canonicalCountryKey":"UA","capacityMw":15.5,"country":"UA","externalIds":{"osm":"way/119550249","wikidata":"Q4452226"},"geographyId":"UA-14850775B24260608407062","id":"wattlas-plant-wikidata-q4452226","idAliases":["wattlas-plant-osm-way-119550249"],"lifecycleCounts":{"operational":1},"locationPrecision":"exact","name":"Тарханкутская ВЭС","operatingCapacityCoverage":{"coveragePercent":100.0,"knownUnitCount":0,"method":"plant_aggregate","provenance":{"evidenceCount":0,"recordIds":["wattlas-record-osm-way-119550249"],"sourceIds":["openstreetmap-power"],"sourceTypes":["community_mapped"],"valueKind":"reported"},"totalUnitCount":0},"operatingCapacityMw":15.5,"operatingCapacityMwByTechnology":{"wind":15.5},"plannedCapacityCoverage":{"coveragePercent":0.0,"knownUnitCount":0,"method":"unavailable","totalUnitCount":0},"plannedCapacityMw":0.0,"plannedCapacityMwByTechnology":{},"recordCount":1,"recordIds":["wattlas-record-osm-way-119550249"],"sourceIds":["openstreetmap-power"],"sourceUrl":"https://www.openstreetmap.org/way/119550249","technologies":["wind"],"technologyMixMw":{"wind":15.5},"unitCount":0,"unitIds":[]},"type":"Feature"},{"geometry":{"coordinates":[31.182094,47.795652],"type":"Point"},"id":"wattlas-plant-wikidata-q4453055","properties":{"aliases":["Ташлицька ГАЕС"],"canonicalAnchor":"wikidata:Q4453055","canonicalCountryKey":"UA","capacityMw":302.0,"country":"UA","externalIds":{"osm":"way/136057743","wikidata":"Q4453055","wikipedia":"uk:Ташлицька ГАЕС"},"geographyId":"UA-14850775B99856317748721","id":"wattlas-plant-wikidata-q4453055","idAliases":["wattlas-plant-osm-way-136057743"],"lifecycleCounts":{"operational":1},"locationPrecision":"exact","name":"Ташлицька ГАЕС","operatingCapacityCoverage":{"coveragePercent":100.0,"knownUnitCount":0,"method":"plant_aggregate","provenance":{"evidenceCount":0,"recordIds":["wattlas-record-osm-way-136057743"],"sourceIds":["openstreetmap-power"],"sourceTypes":["community_mapped"],"valueKind":"reported"},"totalUnitCount":0},"operatingCapacityMw":302.0,"operatingCapacityMwByTechnology":{"hydro":302.0},"plannedCapacityCoverage":{"coveragePercent":0.0,"knownUnitCount":0,"method":"unavailable","totalUnitCount":0},"plannedCapacityMw":0.0,"plannedCapacityMwByTechnology":{},"recordCount":1,"recordIds":["wattlas-record-osm-way-136057743"],"sourceIds":["openstreetmap-power"],"sourceUrl":"https://www.openstreetmap.org/way/136057743","technologies":["hydro"],"technologyMixMw":{"hydro":302.0},"unitCount":0,"unitIds":[]},"type":"Feature"},{"geometry":{"coordinates":[32.649572,46.67567],"type":"Point"},"id":"wattlas-plant-wikidata-q4497334","properties":{"aliases":["Херсонська ТЕЦ"],"canonicalAnchor":"wikidata:Q4497334","canonicalCountryKey":"UA","capacityMw":80.0,"country":"UA","externalIds":{"osm":"way/372082535","wikidata":"Q4497334","wikipedia":"uk:Херсонська ТЕЦ"},"geographyId":"UA-14850775B65901307765467","id":"wattlas-plant-wikidata-q4497334","idAliases":["wattlas-plant-osm-way-372082535"],"lifecycleCounts":{"operational":1},"locationPrecision":"exact","name":"Херсонська ТЕЦ","operatingCapacityCoverage":{"coveragePercent":100.0,"knownUnitCount":0,"method":"plant_aggregate","provenance":{"evidenceCount":0,"recordIds":["wattlas-record-osm-way-372082535"],"sourceIds":["openstreetmap-power"],"sourceTypes":["community_mapped"],"valueKind":"reported"},"totalUnitCount":0},"operatingCapacityMw":80.0,"operatingCapacityMwByTechnology":{"gas":80.0},"plannedCapacityCoverage":{"coveragePercent":0.0,"knownUnitCount":0,"method":"unavailable","totalUnitCount":0},"plannedCapacityMw":0.0,"plannedCapacityMwByTechnology":{},"recordCount":1,"recordIds":["wattlas-record-osm-way-372082535"],"sourceIds":["openstreetmap-power"],"sourceUrl":"https://www.openstreetmap.org/way/372082535","technologies":["gas"],"technologyMixMw":{"gas":80.0},"unitCount":0,"unitIds":[]},"type":"Feature"},{"geometry":{"coordinates":[31.263386,49.412142],"type":"Point"},"id":"wattlas-plant-wikidata-q47074356","properties":{"aliases":["Корсунь-Шевченківська ГЕС"],"canonicalAnchor":"wikidata:Q47074356","canonicalCountryKey":"UA","capacityMw":1.8,"country":"UA","externalIds":{"osm":"way/909962483","wikidata":"Q47074356","wikipedia":"uk:Корсунь-Шевченківська ГЕС"},"geographyId":"UA-14850775B95678810793770","id":"wattlas-plant-wikidata-q47074356","idAliases":["wattlas-plant-osm-way-909962483"],"lifecycleCounts":{"operational":1},"locationPrecision":"exact","name":"Корсунь-Шевченківська ГЕС","operatingCapacityCoverage":{"coveragePercent":100.0,"knownUnitCount":0,"method":"plant_aggregate","provenance":{"evidenceCount":0,"recordIds":["wattlas-record-osm-way-909962483"],"sourceIds":["openstreetmap-power"],"sourceTypes":["community_mapped"],"valueKind":"reported"},"totalUnitCount":0},"operatingCapacityMw":1.8,"operatingCapacityMwByTechnology":{"hydro":1.8},"plannedCapacityCoverage":{"coveragePercent":0.0,"knownUnitCount":0,"method":"unavailable","totalUnitCount":0},"plannedCapacityMw":0.0,"plannedCapacityMwByTechnology":{},"recordCount":1,"recordIds":["wattlas-record-osm-way-909962483"],"sourceIds":["openstreetmap-power"],"sourceUrl":"https://www.openstreetmap.org/way/909962483","technologies":["hydro"],"technologyMixMw":{"hydro":1.8},"unitCount":0,"unitIds":[]},"type":"Feature"},{"geometry":{"coordinates":[34.22001,44.943498],"type":"Point"},"id":"wattlas-plant-wikidata-q48922473","properties":{"aliases":["Таврическая ТЭС"],"canonicalAnchor":"wikidata:Q48922473","canonicalCountryKey":"UA","capacityMw":470.0,"country":"UA","externalIds":{"osm":"way/128559513","wikidata":"Q48922473","wikipedia":"ru:Таврическая ТЭС"},"geographyId":"UA-14850775B24260608407062","id":"wattlas-plant-wikidata-q48922473","idAliases":["wattlas-plant-osm-way-128559513"],"lifecycleCounts":{"operational":1},"locationPrecision":"exact","name":"Таврическая ТЭС","operatingCapacityCoverage":{"coveragePercent":100.0,"knownUnitCount":0,"method":"plant_aggregate","provenance":{"evidenceCount":0,"recordIds":["wattlas-record-osm-way-128559513"],"sourceIds":["openstreetmap-power"],"sourceTypes":["community_mapped"],"valueKind":"reported"},"totalUnitCount":0},"operatingCapacityMw":470.0,"operatingCapacityMwByTechnology":{"gas":470.0},"plannedCapacityCoverage":{"coveragePercent":0.0,"knownUnitCount":0,"method":"unavailable","totalUnitCount":0},"plannedCapacityMw":0.0,"plannedCapacityMwByTechnology":{},"recordCount":1,"recordIds":["wattlas-record-osm-way-128559513"],"sourceIds":["openstreetmap-power"],"sourceUrl":"https://www.openstreetmap.org/way/128559513","technologies":["gas"],"technologyMixMw":{"gas":470.0},"unitCount":0,"unitIds":[]},"type":"Feature"},{"geometry":{"coordinates":[33.551794,45.136729],"type":"Point"},"id":"wattlas-plant-wikidata-q48922533","properties":{"aliases":["Сакская ТЭЦ"],"canonicalAnchor":"wikidata:Q48922533","canonicalCountryKey":"UA","capacityMw":149.4,"country":"UA","externalIds":{"osm":"way/470484953","wikidata":"Q48922533"},"geographyId":"UA-14850775B24260608407062","id":"wattlas-plant-wikidata-q48922533","idAliases":["wattlas-plant-osm-way-470484953"],"lifecycleCounts":{"operational":1},"locationPrecision":"exact","name":"Сакская ТЭЦ","operatingCapacityCoverage":{"coveragePercent":100.0,"knownUnitCount":0,"method":"plant_aggregate","provenance":{"evidenceCount":0,"recordIds":["wattlas-record-osm-way-470484953"],"sourceIds":["openstreetmap-power"],"sourceTypes":["community_mapped"],"valueKind":"reported"},"totalUnitCount":0},"operatingCapacityMw":149.4,"operatingCapacityMwByTechnology":{"gas":149.4},"plannedCapacityCoverage":{"coveragePercent":0.0,"knownUnitCount":0,"method":"unavailable","totalUnitCount":0},"plannedCapacityMw":0.0,"plannedCapacityMwByTechnology":{},"recordCount":1,"recordIds":["wattlas-record-osm-way-470484953"],"sourceIds":["openstreetmap-power"],"sourceUrl":"https://www.openstreetmap.org/way/470484953","technologies":["gas"],"technologyMixMw":{"gas":149.4},"unitCount":0,"unitIds":[]},"type":"Feature"},{"geometry":{"coordinates":[29.866591,48.327882],"type":"Point"},"id":"wattlas-plant-wikidata-q56307517","properties":{"aliases":["Гайворонська ГЕС"],"canonicalAnchor":"wikidata:Q56307517","canonicalCountryKey":"UA","capacityMw":7.818,"country":"UA","externalIds":{"osm":"relation/19324137","wikidata":"Q56307517","wikipedia":"uk:Гайворонська ГЕС"},"geographyId":"UA-14850775B64193679462794","id":"wattlas-plant-wikidata-q56307517","idAliases":["wattlas-plant-osm-relation-19324137"],"lifecycleCounts":{"operational":1},"locationPrecision":"exact","name":"Гайворонська ГЕС","operatingCapacityCoverage":{"coveragePercent":100.0,"knownUnitCount":0,"method":"plant_aggregate","provenance":{"evidenceCount":0,"recordIds":["wattlas-record-osm-relation-19324137"],"sourceIds":["openstreetmap-power"],"sourceTypes":["community_mapped"],"valueKind":"reported"},"totalUnitCount":0},"operatingCapacityMw":7.818,"operatingCapacityMwByTechnology":{"hydro":7.818},"plannedCapacityCoverage":{"coveragePercent":0.0,"knownUnitCount":0,"method":"unavailable","totalUnitCount":0},"plannedCapacityMw":0.0,"plannedCapacityMwByTechnology":{},"recordCount":1,"recordIds":["wattlas-record-osm-relation-19324137"],"sourceIds":["openstreetmap-power"],"sourceUrl":"https://www.openstreetmap.org/relation/19324137","technologies":["hydro"],"technologyMixMw":{"hydro":7.818},"unitCount":0,"unitIds":[]},"type":"Feature"},{"geometry":{"coordinates":[34.267728,47.673429],"type":"Point"},"id":"wattlas-plant-wikidata-q61372160","properties":{"aliases":["Нікопольська сонячна електростанція"],"canonicalAnchor":"wikidata:Q61372160","canonicalCountryKey":"UA","capacityMw":246.154,"country":"UA","externalIds":{"osm":"way/685771427","wikidata":"Q61372160","wikipedia":"uk:Нікопольська сонячна електростанція"},"geographyId":"UA-14850775B41808765507575","id":"wattlas-plant-wikidata-q61372160","idAliases":["wattlas-plant-osm-way-685771427"],"lifecycleCounts":{"operational":1},"locationPrecision":"exact","name":"Нікопольська сонячна електростанція","operatingCapacityCoverage":{"coveragePercent":100.0,"knownUnitCount":0,"method":"plant_aggregate","provenance":{"evidenceCount":0,"recordIds":["wattlas-record-osm-way-685771427"],"sourceIds":["openstreetmap-power"],"sourceTypes":["community_mapped"],"valueKind":"reported"},"totalUnitCount":0},"operatingCapacityMw":246.154,"operatingCapacityMwByTechnology":{"solar":246.154},"plannedCapacityCoverage":{"coveragePercent":0.0,"knownUnitCount":0,"method":"unavailable","totalUnitCount":0},"plannedCapacityMw":0.0,"plannedCapacityMwByTechnology":{},"recordCount":1,"recordIds":["wattlas-record-osm-way-685771427"],"sourceIds":["openstreetmap-power"],"sourceUrl":"https://www.openstreetmap.org/way/685771427","technologies":["solar"],"technologyMixMw":{"solar":246.154},"unitCount":0,"unitIds":[]},"type":"Feature"},{"geometry":{"coordinates":[33.716352,46.242104],"type":"Point"},"id":"wattlas-plant-wikidata-q61373149","properties":{"aliases":["Сиваська ВЕС"],"canonicalAnchor":"wikidata:Q61373149","canonicalCountryKey":"UA","capacityMw":2.92,"country":"UA","externalIds":{"osm":"relation/13911274","wikidata":"Q61373149","wikipedia":"uk:Сиваська ВЕС"},"geographyId":"UA-14850775B65901307765467","id":"wattlas-plant-wikidata-q61373149","idAliases":["wattlas-plant-osm-relation-13911274"],"lifecycleCounts":{"operational":1},"locationPrecision":"exact","name":"Сиваська ВЕС","operatingCapacityCoverage":{"coveragePercent":100.0,"knownUnitCount":0,"method":"plant_aggregate","provenance":{"evidenceCount":0,"recordIds":["wattlas-record-osm-relation-13911274"],"sourceIds":["openstreetmap-power"],"sourceTypes":["community_mapped"],"valueKind":"reported"},"totalUnitCount":0},"operatingCapacityMw":2.92,"operatingCapacityMwByTechnology":{"wind":2.92},"plannedCapacityCoverage":{"coveragePercent":0.0,"knownUnitCount":0,"method":"unavailable","totalUnitCount":0},"plannedCapacityMw":0.0,"plannedCapacityMwByTechnology":{},"recordCount":1,"recordIds":["wattlas-record-osm-relation-13911274"],"sourceIds":["openstreetmap-power"],"sourceUrl":"https://www.openstreetmap.org/relation/13911274","technologies":["wind"],"technologyMixMw":{"wind":2.92},"unitCount":0,"unitIds":[]},"type":"Feature"},{"geometry":{"coordinates":[37.50942,48.779928],"type":"Point"},"id":"wattlas-plant-wikidata-q61373280","properties":{"aliases":["ВЕС Краматорська"],"canonicalAnchor":"wikidata:Q61373280","canonicalCountryKey":"UA","capacityMw":0.0,"country":"UA","externalIds":{"osm":"relation/11734472","wikidata":"Q61373280","wikipedia":"uk:Краматорська ВЕС"},"geographyId":"UA-14850775B15615817748403","id":"wattlas-plant-wikidata-q61373280","idAliases":["wattlas-plant-osm-relation-11734472"],"lifecycleCounts":{"operational":1},"locationPrecision":"exact","name":"ВЕС Краматорська","operatingCapacityCoverage":{"coveragePercent":0.0,"knownUnitCount":0,"method":"unavailable","totalUnitCount":0},"operatingCapacityMw":0.0,"operatingCapacityMwByTechnology":{},"plannedCapacityCoverage":{"coveragePercent":0.0,"knownUnitCount":0,"method":"unavailable","totalUnitCount":0},"plannedCapacityMw":0.0,"plannedCapacityMwByTechnology":{},"recordCount":1,"recordIds":["wattlas-record-osm-relation-11734472"],"sourceIds":["openstreetmap-power"],"sourceUrl":"https://www.openstreetmap.org/relation/11734472","technologies":["wind"],"technologyMixMw":{"wind":0.0},"unitCount":0,"unitIds":[]},"type":"Feature"},{"geometry":{"coordinates":[30.513913,50.481063],"type":"Point"},"id":"wattlas-plant-wikidata-q65160378","properties":{"aliases":["Станція теплопостачання №2"],"canonicalAnchor":"wikidata:Q65160378","canonicalCountryKey":"UA","capacityMw":465.0,"country":"UA","externalIds":{"osm":"way/450200670","wikidata":"Q65160378"},"geographyId":"UA-14850775B22712718081002","id":"wattlas-plant-wikidata-q65160378","idAliases":["wattlas-plant-osm-way-450200670"],"lifecycleCounts":{"operational":1},"locationPrecision":"exact","name":"Станція теплопостачання №2","operatingCapacityCoverage":{"coveragePercent":100.0,"knownUnitCount":0,"method":"plant_aggregate","provenance":{"evidenceCount":0,"recordIds":["wattlas-record-osm-way-450200670"],"sourceIds":["openstreetmap-power"],"sourceTypes":["community_mapped"],"valueKind":"reported"},"totalUnitCount":0},"operatingCapacityMw":465.0,"operatingCapacityMwByTechnology":{"gas":465.0},"plannedCapacityCoverage":{"coveragePercent":0.0,"knownUnitCount":0,"method":"unavailable","totalUnitCount":0},"plannedCapacityMw":0.0,"plannedCapacityMwByTechnology":{},"recordCount":1,"recordIds":["wattlas-record-osm-way-450200670"],"sourceIds":["openstreetmap-power"],"sourceUrl":"https://www.openstreetmap.org/way/450200670","technologies":["gas"],"technologyMixMw":{"gas":465.0},"unitCount":0,"unitIds":[]},"type":"Feature"},{"geometry":{"coordinates":[31.266299,51.451965],"type":"Point"},"id":"wattlas-plant-wikidata-q6665156","properties":{"aliases":["Чернігівська ТЕЦ"],"canonicalAnchor":"wikidata:Q6665156","canonicalCountryKey":"UA","capacityMw":210.0,"country":"UA","externalIds":{"osm":"way/113757400","wikidata":"Q6665156","wikipedia":"uk:Чернігівська ТЕЦ"},"geographyId":"UA-14850775B55286662261645","id":"wattlas-plant-wikidata-q6665156","idAliases":["wattlas-plant-osm-way-113757400"],"lifecycleCounts":{"operational":1},"locationPrecision":"exact","name":"Чернігівська ТЕЦ","operatingCapacityCoverage":{"coveragePercent":100.0,"knownUnitCount":0,"method":"plant_aggregate","provenance":{"evidenceCount":0,"recordIds":["wattlas-record-osm-way-113757400"],"sourceIds":["openstreetmap-power"],"sourceTypes":["community_mapped"],"valueKind":"reported"},"totalUnitCount":0},"operatingCapacityMw":210.0,"operatingCapacityMwByTechnology":{"coal":210.0},"plannedCapacityCoverage":{"coveragePercent":0.0,"knownUnitCount":0,"method":"unavailable","totalUnitCount":0},"plannedCapacityMw":0.0,"plannedCapacityMwByTechnology":{},"recordCount":1,"recordIds":["wattlas-record-osm-way-113757400"],"sourceIds":["openstreetmap-power"],"sourceUrl":"https://www.openstreetmap.org/way/113757400","technologies":["coal"],"technologyMixMw":{"coal":210.0},"unitCount":0,"unitIds":[]},"type":"Feature"},{"geometry":{"coordinates":[35.085822,47.867929],"type":"Point"},"id":"wattlas-plant-wikidata-q738619","properties":{"aliases":["Дніпровська ГЕС"],"canonicalAnchor":"wikidata:Q738619","canonicalCountryKey":"UA","capacityMw":0.0,"country":"UA","externalIds":{"osm":"way/113308943","wikidata":"Q738619","wikipedia":"uk:Дніпровська ГЕС"},"geographyId":"UA-14850775B92888097715572","id":"wattlas-plant-wikidata-q738619","idAliases":["wattlas-plant-osm-way-113308943"],"lifecycleCounts":{"operational":1},"locationPrecision":"exact","name":"Дніпровська ГЕС","operatingCapacityCoverage":{"coveragePercent":0.0,"knownUnitCount":0,"method":"unavailable","totalUnitCount":0},"operatingCapacityMw":0.0,"operatingCapacityMwByTechnology":{},"plannedCapacityCoverage":{"coveragePercent":0.0,"knownUnitCount":0,"method":"unavailable","totalUnitCount":0},"plannedCapacityMw":0.0,"plannedCapacityMwByTechnology":{},"recordCount":1,"recordIds":["wattlas-record-osm-way-113308943"],"sourceIds":["openstreetmap-power"],"sourceUrl":"https://www.openstreetmap.org/way/113308943","technologies":["hydro"],"technologyMixMw":{"hydro":0.0},"unitCount":0,"unitIds":[]},"type":"Feature"},{"geometry":{"coordinates":[34.587851,47.510445],"type":"Point"},"id":"wattlas-plant-wikidata-q909477","properties":{"aliases":["Запорізька АЕС"],"canonicalAnchor":"wikidata:Q909477","canonicalCountryKey":"UA","capacityMw":5700.0,"country":"UA","externalIds":{"osm":"way/28877213","wikidata":"Q909477","wikipedia":"uk:Запорізька АЕС"},"geographyId":"UA-14850775B92888097715572","id":"wattlas-plant-wikidata-q909477","idAliases":["wattlas-plant-osm-way-28877213"],"lifecycleCounts":{"operational":1},"locationPrecision":"exact","name":"Запорізька АЕС","operatingCapacityCoverage":{"coveragePercent":100.0,"knownUnitCount":0,"method":"plant_aggregate","provenance":{"evidenceCount":0,"recordIds":["wattlas-record-osm-way-28877213"],"sourceIds":["openstreetmap-power"],"sourceTypes":["community_mapped"],"valueKind":"reported"},"totalUnitCount":0},"operatingCapacityMw":5700.0,"operatingCapacityMwByTechnology":{"nuclear":5700.0},"plannedCapacityCoverage":{"coveragePercent":0.0,"knownUnitCount":0,"method":"unavailable","totalUnitCount":0},"plannedCapacityMw":0.0,"plannedCapacityMwByTechnology":{},"recordCount":1,"recordIds":["wattlas-record-osm-way-28877213"],"sourceIds":["openstreetmap-power"],"sourceUrl":"https://www.openstreetmap.org/way/28877213","technologies":["nuclear"],"technologyMixMw":{"nuclear":5700.0},"unitCount":0,"unitIds":[]},"type":"Feature"}],"type":"FeatureCollection"}